#       k             kp                  V           
   0.001185       0.001185         -2.727861e-12     
   0.001185       0.006239         -7.561923e-11     
   0.001185       0.015318         -4.553494e-10     
   0.001185       0.028399         -1.560473e-09     
   0.001185       0.045447         -3.970369e-09     
   0.001185       0.066417         -8.377481e-09     
   0.001185       0.091251         -1.549930e-08     
   0.001185       0.119882         -2.594270e-08     
   0.001185       0.152235         -4.002934e-08     
   0.001185       0.188220         -5.761641e-08     
   0.001185       0.227742         -7.797217e-08     
   0.001185       0.270694         -9.977508e-08     
   0.001185       0.316959         -1.212794e-07     
   0.001185       0.366414         -1.406301e-07     
   0.001185       0.418925         -1.562389e-07     
   0.001185       0.474351         -1.670943e-07     
   0.001185       0.532541         -1.729050e-07     
   0.001185       0.593339         -1.740452e-07     
   0.001185       0.656582         -1.713538e-07     
   0.001185       0.722098         -1.658783e-07     
   0.001185       0.789711         -1.586489e-07     
   0.001185       0.859239         -1.505295e-07     
   0.001185       0.930495         -1.421533e-07     
   0.001185       1.003286         -1.339242e-07     
   0.001185       1.077416         -1.260560e-07     
   0.001185       1.152685         -1.186263e-07     
   0.001185       1.228890         -1.116279e-07     
   0.001185       1.305826         -1.050109e-07     
   0.001185       1.383286         -9.871153e-08     
   0.001185       1.461060         -9.267100e-08     
   0.001185       1.538940         -8.684414e-08     
   0.001185       1.616714         -8.120265e-08     
   0.001185       1.694174         -7.573416e-08     
   0.001185       1.771110         -7.043935e-08     
   0.001185       1.847315         -6.532818e-08     
   0.001185       1.922584         -6.041626e-08     
   0.001185       1.996714         -5.572154e-08     
   0.001185       2.069505         -5.126174e-08     
   0.001185       2.140761         -4.705247e-08     
   0.001185       2.210289         -4.310593e-08     
   0.001185       2.277902         -3.943026e-08     
   0.001185       2.343418         -3.602931e-08     
   0.001185       2.406661         -3.290274e-08     
   0.001185       2.467459         -3.004638e-08     
   0.001185       2.525649         -2.745278e-08     
   0.001185       2.581075         -2.511179e-08     
   0.001185       2.633586         -2.301123e-08     
   0.001185       2.683041         -2.113750e-08     
   0.001185       2.729306         -1.947621e-08     
   0.001185       2.772258         -1.801267e-08     
   0.001185       2.811780         -1.673234e-08     
   0.001185       2.847765         -1.562127e-08     
   0.001185       2.880118         -1.466631e-08     
   0.001185       2.908749         -1.385541e-08     
   0.001185       2.933583         -1.317776e-08     
   0.001185       2.954553         -1.262392e-08     
   0.001185       2.971601         -1.218590e-08     
   0.001185       2.984682         -1.185717e-08     
   0.001185       2.993761         -1.163276e-08     
   0.001185       2.998815         -1.150914e-08     
   0.001185       3.004739         -1.136544e-08     
   0.001185       3.024957         -1.088470e-08     
   0.001185       3.061273         -1.005812e-08     
   0.001185       3.113597         -8.948505e-09     
   0.001185       3.181789         -7.640608e-09     
   0.001185       3.265666         -6.233728e-09     
   0.001185       3.365002         -4.831906e-09     
   0.001185       3.479529         -3.532234e-09     
   0.001185       3.608938         -2.412688e-09     
   0.001185       3.752880         -1.521864e-09     
   0.001185       3.910968         -8.734039e-10     
   0.001185       4.082775         -4.474438e-10     
   0.001185       4.267838         -1.995503e-10     
   0.001185       4.465657         -7.482430e-11     
   0.001185       4.675701         -2.234809e-11     
   0.001185       4.897402         -4.775260e-12     
   0.001185       5.130163         -4.915078e-13     
   0.001185       5.373356         9.307424e-14      
   0.001185       5.626327         5.413953e-14      
   0.001185       5.888392         1.202127e-14      
   0.001185       6.158845         1.318066e-15      
   0.001185       6.436958         -3.390208e-17     
   0.001185       6.721980         -3.990361e-17     
   0.001185       7.013143         -6.951239e-18     
   0.001185       7.309662         -4.682850e-19     
   0.001185       7.610739         3.538313e-20      
   0.001185       7.915560         1.075111e-20      
   0.001185       8.223305         8.619594e-22      
   0.001185       8.533144         -1.360700e-23     
   0.001185       8.844241         -8.241367e-24     
   0.001185       9.155759         -5.517009e-25     
   0.001185       9.466856         1.276651e-26      
   0.001185       9.776695         3.794949e-27      
   0.001185       10.084440        1.445488e-28      
   0.001185       10.389261        -9.722749e-30     
   0.001185       10.690338        -1.026548e-30     
   0.001185       10.986857        -6.433465e-33     
   0.001185       11.278020        -5.559077e-33     
   0.001185       11.563042        -9.833670e-32     
   0.001185       11.841155        -1.029651e-30     
   0.001185       12.111608        -9.838971e-30     
   0.001185       12.373673        -7.401778e-29     
   0.001185       12.626644        -1.794663e-28     
   0.001185       12.869837        7.093236e-27      
   0.001185       13.102598        1.727193e-25      
   0.001185       13.324299        2.564303e-24      
   0.001185       13.534343        2.974949e-23      
   0.001185       13.732162        2.865460e-22      
   0.001185       13.917225        2.376889e-21      
   0.001185       14.089032        1.736817e-20      
   0.001185       14.247120        1.076047e-19      
   0.001185       14.391062        5.335384e-19      
   0.001185       14.520471        2.178949e-18      
   0.001185       14.634998        9.057621e-18      
   0.001185       14.734334        4.617478e-17      
   0.001185       14.818211        2.298322e-16      
   0.001185       14.886403        8.725649e-16      
   0.001185       14.938727        2.369249e-15      
   0.001185       14.975043        4.639263e-15      
   0.001185       14.995261        6.685046e-15      
   0.006239       0.001185         -7.561923e-11     
   0.006239       0.006239         -2.095065e-09     
   0.006239       0.015318         -1.262463e-08     
   0.006239       0.028399         -4.326436e-08     
   0.006239       0.045447         -1.100792e-07     
   0.006239       0.066417         -2.322676e-07     
   0.006239       0.091251         -4.297231e-07     
   0.006239       0.119882         -7.192726e-07     
   0.006239       0.152235         -1.109838e-06     
   0.006239       0.188220         -1.597463e-06     
   0.006239       0.227742         -2.161865e-06     
   0.006239       0.270694         -2.766408e-06     
   0.006239       0.316959         -3.362692e-06     
   0.006239       0.366414         -3.899284e-06     
   0.006239       0.418925         -4.332136e-06     
   0.006239       0.474351         -4.633201e-06     
   0.006239       0.532541         -4.794389e-06     
   0.006239       0.593339         -4.826067e-06     
   0.006239       0.656582         -4.751491e-06     
   0.006239       0.722098         -4.599705e-06     
   0.006239       0.789711         -4.399273e-06     
   0.006239       0.859239         -4.174151e-06     
   0.006239       0.930495         -3.941901e-06     
   0.006239       1.003286         -3.713721e-06     
   0.006239       1.077416         -3.495547e-06     
   0.006239       1.152685         -3.289527e-06     
   0.006239       1.228890         -3.095467e-06     
   0.006239       1.305826         -2.911978e-06     
   0.006239       1.383286         -2.737299e-06     
   0.006239       1.461060         -2.569796e-06     
   0.006239       1.538940         -2.408217e-06     
   0.006239       1.616714         -2.251779e-06     
   0.006239       1.694174         -2.100137e-06     
   0.006239       1.771110         -1.953312e-06     
   0.006239       1.847315         -1.811578e-06     
   0.006239       1.922584         -1.675370e-06     
   0.006239       1.996714         -1.545184e-06     
   0.006239       2.069505         -1.421513e-06     
   0.006239       2.140761         -1.304788e-06     
   0.006239       2.210289         -1.195349e-06     
   0.006239       2.277902         -1.093422e-06     
   0.006239       2.343418         -9.991121e-07     
   0.006239       2.406661         -9.124110e-07     
   0.006239       2.467459         -8.332031e-07     
   0.006239       2.525649         -7.612814e-07     
   0.006239       2.581075         -6.963647e-07     
   0.006239       2.633586         -6.381151e-07     
   0.006239       2.683041         -5.861558e-07     
   0.006239       2.729306         -5.400873e-07     
   0.006239       2.772258         -4.995024e-07     
   0.006239       2.811780         -4.639984e-07     
   0.006239       2.847765         -4.331876e-07     
   0.006239       2.880118         -4.067061e-07     
   0.006239       2.908749         -3.842194e-07     
   0.006239       2.933583         -3.654278e-07     
   0.006239       2.954553         -3.500696e-07     
   0.006239       2.971601         -3.379229e-07     
   0.006239       2.984682         -3.288072e-07     
   0.006239       2.993761         -3.225840e-07     
   0.006239       2.998815         -3.191560e-07     
   0.006239       3.004739         -3.151713e-07     
   0.006239       3.024957         -3.018400e-07     
   0.006239       3.061273         -2.789184e-07     
   0.006239       3.113597         -2.481481e-07     
   0.006239       3.181789         -2.118793e-07     
   0.006239       3.265666         -1.728657e-07     
   0.006239       3.365002         -1.339922e-07     
   0.006239       3.479529         -9.795146e-08     
   0.006239       3.608938         -6.690569e-08     
   0.006239       3.752880         -4.220249e-08     
   0.006239       3.910968         -2.422020e-08     
   0.006239       4.082775         -1.240800e-08     
   0.006239       4.267838         -5.533708e-09     
   0.006239       4.465657         -2.074949e-09     
   0.006239       4.675701         -6.197354e-10     
   0.006239       4.897402         -1.324235e-10     
   0.006239       5.130163         -1.363031e-11     
   0.006239       5.373356         2.580963e-12      
   0.006239       5.626327         1.501331e-12      
   0.006239       5.888392         3.333611e-13      
   0.006239       6.158845         3.655151e-14      
   0.006239       6.436958         -9.400624e-16     
   0.006239       6.721980         -1.106556e-15     
   0.006239       7.013143         -1.927641e-16     
   0.006239       7.309662         -1.298611e-17     
   0.006239       7.610739         9.811832e-19      
   0.006239       7.915560         2.981368e-19      
   0.006239       8.223305         2.390303e-20      
   0.006239       8.533144         -3.773101e-22     
   0.006239       8.844241         -2.285394e-22     
   0.006239       9.155759         -1.529925e-23     
   0.006239       9.466856         3.540136e-25      
   0.006239       9.776695         1.052370e-25      
   0.006239       10.084440        4.008516e-27      
   0.006239       10.389261        -2.696168e-28     
   0.006239       10.690338        -2.846711e-29     
   0.006239       10.986857        -1.784133e-31     
   0.006239       11.278020        -1.540705e-31     
   0.006239       11.563042        -2.726008e-30     
   0.006239       11.841155        -2.854314e-29     
   0.006239       12.111608        -2.727478e-28     
   0.006239       12.373673        -2.051865e-27     
   0.006239       12.626644        -4.975203e-27     
   0.006239       12.869837        1.966285e-25      
   0.006239       13.102598        4.787910e-24      
   0.006239       13.324299        7.108453e-23      
   0.006239       13.534343        8.246801e-22      
   0.006239       13.732162        7.943289e-21      
   0.006239       13.917225        6.588935e-20      
   0.006239       14.089032        4.814602e-19      
   0.006239       14.247120        2.982894e-18      
   0.006239       14.391062        1.479013e-17      
   0.006239       14.520471        6.040231e-17      
   0.006239       14.634998        2.510849e-16      
   0.006239       14.734334        1.280004e-15      
   0.006239       14.818211        6.371142e-15      
   0.006239       14.886403        2.418823e-14      
   0.006239       14.938727        6.567757e-14      
   0.006239       14.975043        1.286043e-13      
   0.006239       14.995261        1.853151e-13      
   0.015318       0.001185         -4.553494e-10     
   0.015318       0.006239         -1.262463e-08     
   0.015318       0.015318         -7.602026e-08     
   0.015318       0.028399         -2.605219e-07     
   0.015318       0.045447         -6.628594e-07     
   0.015318       0.066417         -1.398649e-06     
   0.015318       0.091251         -2.587708e-06     
   0.015318       0.119882         -4.331417e-06     
   0.015318       0.152235         -6.683589e-06     
   0.015318       0.188220         -9.620535e-06     
   0.015318       0.227742         -1.302027e-05     
   0.015318       0.270694         -1.666230e-05     
   0.015318       0.316959         -2.025521e-05     
   0.015318       0.366414         -2.348918e-05     
   0.015318       0.418925         -2.609874e-05     
   0.015318       0.474351         -2.791467e-05     
   0.015318       0.532541         -2.888795e-05     
   0.015318       0.593339         -2.908078e-05     
   0.015318       0.656582         -2.863310e-05     
   0.015318       0.722098         -2.771980e-05     
   0.015318       0.789711         -2.651300e-05     
   0.015318       0.859239         -2.515709e-05     
   0.015318       0.930495         -2.375795e-05     
   0.015318       1.003286         -2.238314e-05     
   0.015318       1.077416         -2.106849e-05     
   0.015318       1.152685         -1.982699e-05     
   0.015318       1.228890         -1.865749e-05     
   0.015318       1.305826         -1.755167e-05     
   0.015318       1.383286         -1.649890e-05     
   0.015318       1.461060         -1.548937e-05     
   0.015318       1.538940         -1.451553e-05     
   0.015318       1.616714         -1.357265e-05     
   0.015318       1.694174         -1.265868e-05     
   0.015318       1.771110         -1.177373e-05     
   0.015318       1.847315         -1.091946e-05     
   0.015318       1.922584         -1.009849e-05     
   0.015318       1.996714         -9.313807e-06     
   0.015318       2.069505         -8.568389e-06     
   0.015318       2.140761         -7.864838e-06     
   0.015318       2.210289         -7.205197e-06     
   0.015318       2.277902         -6.590827e-06     
   0.015318       2.343418         -6.022372e-06     
   0.015318       2.406661         -5.499775e-06     
   0.015318       2.467459         -5.022342e-06     
   0.015318       2.525649         -4.588825e-06     
   0.015318       2.581075         -4.197531e-06     
   0.015318       2.633586         -3.846423e-06     
   0.015318       2.683041         -3.533229e-06     
   0.015318       2.729306         -3.255543e-06     
   0.015318       2.772258         -3.010909e-06     
   0.015318       2.811780         -2.796901e-06     
   0.015318       2.847765         -2.611183e-06     
   0.015318       2.880118         -2.451559e-06     
   0.015318       2.908749         -2.316015e-06     
   0.015318       2.933583         -2.202744e-06     
   0.015318       2.954553         -2.110169e-06     
   0.015318       2.971601         -2.036951e-06     
   0.015318       2.984682         -1.982004e-06     
   0.015318       2.993761         -1.944492e-06     
   0.015318       2.998815         -1.923828e-06     
   0.015318       3.004739         -1.899809e-06     
   0.015318       3.024957         -1.819451e-06     
   0.015318       3.061273         -1.681285e-06     
   0.015318       3.113597         -1.495808e-06     
   0.015318       3.181789         -1.277187e-06     
   0.015318       3.265666         -1.042019e-06     
   0.015318       3.365002         -8.076962e-07     
   0.015318       3.479529         -5.904469e-07     
   0.015318       3.608938         -4.033061e-07     
   0.015318       3.752880         -2.543970e-07     
   0.015318       3.910968         -1.460004e-07     
   0.015318       4.082775         -7.479643e-08     
   0.015318       4.267838         -3.335790e-08     
   0.015318       4.465657         -1.250818e-08     
   0.015318       4.675701         -3.735934e-09     
   0.015318       4.897402         -7.983041e-10     
   0.015318       5.130163         -8.217655e-11     
   0.015318       5.373356         1.555621e-11      
   0.015318       5.626327         9.050012e-12      
   0.015318       5.888392         2.009563e-12      
   0.015318       6.158845         2.203487e-13      
   0.015318       6.436958         -5.664535e-15     
   0.015318       6.721980         -6.670228e-15     
   0.015318       7.013143         -1.162009e-15     
   0.015318       7.309662         -7.828668e-17     
   0.015318       7.610739         5.913988e-18      
   0.015318       7.915560         1.797173e-18      
   0.015318       8.223305         1.440946e-19      
   0.015318       8.533144         -2.273713e-21     
   0.015318       8.844241         -1.377629e-21     
   0.015318       9.155759         -9.222855e-23     
   0.015318       9.466856         2.133628e-24      
   0.015318       9.776695         6.343726e-25      
   0.015318       10.084440        2.416535e-26      
   0.015318       10.389261        -1.625169e-27     
   0.015318       10.690338        -1.716045e-28     
   0.015318       10.986857        -1.075734e-30     
   0.015318       11.278020        -9.260011e-31     
   0.015318       11.563042        -1.640267e-29     
   0.015318       11.841155        -1.717472e-28     
   0.015318       12.111608        -1.641154e-27     
   0.015318       12.373673        -1.234645e-26     
   0.015318       12.626644        -2.994226e-26     
   0.015318       12.869837        1.183002e-24      
   0.015318       13.102598        2.880715e-23      
   0.015318       13.324299        4.276937e-22      
   0.015318       13.534343        4.961858e-21      
   0.015318       13.732162        4.779252e-20      
   0.015318       13.917225        3.964380e-19      
   0.015318       14.089032        2.896817e-18      
   0.015318       14.247120        1.794729e-17      
   0.015318       14.391062        8.898837e-17      
   0.015318       14.520471        3.634249e-16      
   0.015318       14.634998        1.510711e-15      
   0.015318       14.734334        7.701442e-15      
   0.015318       14.818211        3.833348e-14      
   0.015318       14.886403        1.455342e-13      
   0.015318       14.938727        3.951648e-13      
   0.015318       14.975043        7.737785e-13      
   0.015318       14.995261        1.114993e-12      
   0.028399       0.001185         -1.560473e-09     
   0.028399       0.006239         -4.326436e-08     
   0.028399       0.015318         -2.605219e-07     
   0.028399       0.028399         -8.928111e-07     
   0.028399       0.045447         -2.271659e-06     
   0.028399       0.066417         -4.793383e-06     
   0.028399       0.091251         -8.868858e-06     
   0.028399       0.119882         -1.484606e-05     
   0.028399       0.152235         -2.291033e-05     
   0.028399       0.188220         -3.298178e-05     
   0.028399       0.227742         -4.464386e-05     
   0.028399       0.270694         -5.714209e-05     
   0.028399       0.316959         -6.947810e-05     
   0.028399       0.366414         -8.058912e-05     
   0.028399       0.418925         -8.956299e-05     
   0.028399       0.474351         -9.581662e-05     
   0.028399       0.532541         -9.917886e-05     
   0.028399       0.593339         -9.986056e-05     
   0.028399       0.656582         -9.834023e-05     
   0.028399       0.722098         -9.521744e-05     
   0.028399       0.789711         -9.108300e-05     
   0.028399       0.859239         -8.643314e-05     
   0.028399       0.930495         -8.163215e-05     
   0.028399       1.003286         -7.691273e-05     
   0.028399       1.077416         -7.239847e-05     
   0.028399       1.152685         -6.813453e-05     
   0.028399       1.228890         -6.411729e-05     
   0.028399       1.305826         -6.031834e-05     
   0.028399       1.383286         -5.670141e-05     
   0.028399       1.461060         -5.323278e-05     
   0.028399       1.538940         -4.988664e-05     
   0.028399       1.616714         -4.664678e-05     
   0.028399       1.694174         -4.350614e-05     
   0.028399       1.771110         -4.046514e-05     
   0.028399       1.847315         -3.752950e-05     
   0.028399       1.922584         -3.470822e-05     
   0.028399       1.996714         -3.201161e-05     
   0.028399       2.069505         -2.944988e-05     
   0.028399       2.140761         -2.703199e-05     
   0.028399       2.210289         -2.476497e-05     
   0.028399       2.277902         -2.265350e-05     
   0.028399       2.343418         -2.069980e-05     
   0.028399       2.406661         -1.890369e-05     
   0.028399       2.467459         -1.726278e-05     
   0.028399       2.525649         -1.577280e-05     
   0.028399       2.581075         -1.442792e-05     
   0.028399       2.633586         -1.322115e-05     
   0.028399       2.683041         -1.214468e-05     
   0.028399       2.729306         -1.119025e-05     
   0.028399       2.772258         -1.034942e-05     
   0.028399       2.811780         -9.613844e-06     
   0.028399       2.847765         -8.975501e-06     
   0.028399       2.880118         -8.426847e-06     
   0.028399       2.908749         -7.960958e-06     
   0.028399       2.933583         -7.571625e-06     
   0.028399       2.954553         -7.253424e-06     
   0.028399       2.971601         -7.001760e-06     
   0.028399       2.984682         -6.812894e-06     
   0.028399       2.993761         -6.683956e-06     
   0.028399       2.998815         -6.612932e-06     
   0.028399       3.004739         -6.530374e-06     
   0.028399       3.024957         -6.254163e-06     
   0.028399       3.061273         -5.779253e-06     
   0.028399       3.113597         -5.141719e-06     
   0.028399       3.181789         -4.390254e-06     
   0.028399       3.265666         -3.581907e-06     
   0.028399       3.365002         -2.776454e-06     
   0.028399       3.479529         -2.029682e-06     
   0.028399       3.608938         -1.386396e-06     
   0.028399       3.752880         -8.745214e-07     
   0.028399       3.910968         -5.019028e-07     
   0.028399       4.082775         -2.571312e-07     
   0.028399       4.267838         -1.146786e-07     
   0.028399       4.465657         -4.300220e-08     
   0.028399       4.675701         -1.284438e-08     
   0.028399       4.897402         -2.744816e-09     
   0.028399       5.130163         -2.826221e-10     
   0.028399       5.373356         5.345774e-11      
   0.028399       5.626327         3.111029e-11      
   0.028399       5.888392         6.908725e-12      
   0.028399       6.158845         7.576362e-13      
   0.028399       6.436958         -1.945075e-14     
   0.028399       6.721980         -2.292875e-14     
   0.028399       7.013143         -3.994809e-15     
   0.028399       7.309662         -2.691835e-16     
   0.028399       7.610739         2.032412e-17      
   0.028399       7.915560         6.178020e-18      
   0.028399       8.223305         4.954125e-19      
   0.028399       8.533144         -7.808985e-21     
   0.028399       8.844241         -4.735695e-21     
   0.028399       9.155759         -3.170931e-22     
   0.028399       9.466856         7.330907e-24      
   0.028399       9.776695         2.180764e-24      
   0.028399       10.084440        8.309140e-26      
   0.028399       10.389261        -5.585879e-27     
   0.028399       10.690338        -5.899566e-28     
   0.028399       10.986857        -3.700567e-30     
   0.028399       11.278020        -3.155848e-30     
   0.028399       11.563042        -5.608866e-29     
   0.028399       11.841155        -5.872881e-28     
   0.028399       12.111608        -5.611920e-27     
   0.028399       12.373673        -4.222021e-26     
   0.028399       12.626644        -1.024464e-25     
   0.028399       12.869837        4.043935e-24      
   0.028399       13.102598        9.848365e-23      
   0.028399       13.324299        1.462199e-21      
   0.028399       13.534343        1.696373e-20      
   0.028399       13.732162        1.633950e-19      
   0.028399       13.917225        1.355364e-18      
   0.028399       14.089032        9.903835e-18      
   0.028399       14.247120        6.135954e-17      
   0.028399       14.391062        3.042403e-16      
   0.028399       14.520471        1.242505e-15      
   0.028399       14.634998        5.164928e-15      
   0.028399       14.734334        2.633024e-14      
   0.028399       14.818211        1.310573e-13      
   0.028399       14.886403        4.975635e-13      
   0.028399       14.938727        1.351020e-12      
   0.028399       14.975043        2.645455e-12      
   0.028399       14.995261        3.812026e-12      
   0.045447       0.001185         -3.970369e-09     
   0.045447       0.006239         -1.100792e-07     
   0.045447       0.015318         -6.628594e-07     
   0.045447       0.028399         -2.271659e-06     
   0.045447       0.045447         -5.780169e-06     
   0.045447       0.066417         -1.219733e-05     
   0.045447       0.091251         -2.257003e-05     
   0.045447       0.119882         -3.778667e-05     
   0.045447       0.152235         -5.832400e-05     
   0.045447       0.188220         -8.398604e-05     
   0.045447       0.227742         -1.137211e-04     
   0.045447       0.270694         -1.456163e-04     
   0.045447       0.316959         -1.771330e-04     
   0.045447       0.366414         -2.055614e-04     
   0.045447       0.418925         -2.285675e-04     
   0.045447       0.474351         -2.446498e-04     
   0.045447       0.532541         -2.533552e-04     
   0.045447       0.593339         -2.552072e-04     
   0.045447       0.656582         -2.514172e-04     
   0.045447       0.722098         -2.435118e-04     
   0.045447       0.789711         -2.329998e-04     
   0.045447       0.859239         -2.211515e-04     
   0.045447       0.930495         -2.089018e-04     
   0.045447       1.003286         -1.968493e-04     
   0.045447       1.077416         -1.853134e-04     
   0.045447       1.152685         -1.744121e-04     
   0.045447       1.228890         -1.641382e-04     
   0.045447       1.305826         -1.544202e-04     
   0.045447       1.383286         -1.451661e-04     
   0.045447       1.461060         -1.362904e-04     
   0.045447       1.538940         -1.277272e-04     
   0.045447       1.616714         -1.194354e-04     
   0.045447       1.694174         -1.113970e-04     
   0.045447       1.771110         -1.036131e-04     
   0.045447       1.847315         -9.609851e-05     
   0.045447       1.922584         -8.887630e-05     
   0.045447       1.996714         -8.197295e-05     
   0.045447       2.069505         -7.541460e-05     
   0.045447       2.140761         -6.922427e-05     
   0.045447       2.210289         -6.341999e-05     
   0.045447       2.277902         -5.801380e-05     
   0.045447       2.343418         -5.301142e-05     
   0.045447       2.406661         -4.841240e-05     
   0.045447       2.467459         -4.421069e-05     
   0.045447       2.525649         -4.039534e-05     
   0.045447       2.581075         -3.695147e-05     
   0.045447       2.633586         -3.386120e-05     
   0.045447       2.683041         -3.110457e-05     
   0.045447       2.729306         -2.866040e-05     
   0.045447       2.772258         -2.650712e-05     
   0.045447       2.811780         -2.462336e-05     
   0.045447       2.847765         -2.298859e-05     
   0.045447       2.880118         -2.158349e-05     
   0.045447       2.908749         -2.039034e-05     
   0.045447       2.933583         -1.939325e-05     
   0.045447       2.954553         -1.857832e-05     
   0.045447       2.971601         -1.793380e-05     
   0.045447       2.984682         -1.745010e-05     
   0.045447       2.993761         -1.711987e-05     
   0.045447       2.998815         -1.693798e-05     
   0.045447       3.004739         -1.672654e-05     
   0.045447       3.024957         -1.601913e-05     
   0.045447       3.061273         -1.480283e-05     
   0.045447       3.113597         -1.317001e-05     
   0.045447       3.181789         -1.124536e-05     
   0.045447       3.265666         -9.174986e-06     
   0.045447       3.365002         -7.111979e-06     
   0.045447       3.479529         -5.199219e-06     
   0.045447       3.608938         -3.551477e-06     
   0.045447       3.752880         -2.240297e-06     
   0.045447       3.910968         -1.285791e-06     
   0.045447       4.082775         -6.587546e-07     
   0.045447       4.267838         -2.938147e-07     
   0.045447       4.465657         -1.101817e-07     
   0.045447       4.675701         -3.291324e-08     
   0.045447       4.897402         -7.034589e-09     
   0.045447       5.130163         -7.247374e-10     
   0.045447       5.373356         1.368395e-10      
   0.045447       5.626327         7.969507e-11      
   0.045447       5.888392         1.770174e-11      
   0.045447       6.158845         1.941769e-12      
   0.045447       6.436958         -4.970486e-14     
   0.045447       6.721980         -5.873193e-14     
   0.045447       7.013143         -1.023511e-14     
   0.045447       7.309662         -6.899347e-16     
   0.045447       7.610739         5.203154e-17      
   0.045447       7.915560         1.582656e-17      
   0.045447       8.223305         1.269509e-18      
   0.045447       8.533144         -1.996406e-20     
   0.045447       8.844241         -1.213118e-20     
   0.045447       9.155759         -8.125694e-22     
   0.045447       9.466856         1.875898e-23      
   0.045447       9.776695         5.586715e-24      
   0.045447       10.084440        2.129713e-25      
   0.045447       10.389261        -1.430483e-26     
   0.045447       10.690338        -1.511569e-27     
   0.045447       10.986857        -9.494652e-30     
   0.045447       11.278020        -7.931213e-30     
   0.045447       11.563042        -1.420200e-28     
   0.045447       11.841155        -1.487060e-27     
   0.045447       12.111608        -1.420986e-26     
   0.045447       12.373673        -1.069139e-25     
   0.045447       12.626644        -2.597319e-25     
   0.045447       12.869837        1.023214e-23      
   0.045447       13.102598        2.492447e-22      
   0.045447       13.324299        3.700749e-21      
   0.045447       13.534343        4.293504e-20      
   0.045447       13.732162        4.135551e-19      
   0.045447       13.917225        3.430479e-18      
   0.045447       14.089032        2.506720e-17      
   0.045447       14.247120        1.553054e-16      
   0.045447       14.391062        7.700555e-16      
   0.045447       14.520471        3.144871e-15      
   0.045447       14.634998        1.307278e-14      
   0.045447       14.734334        6.664356e-14      
   0.045447       14.818211        3.317151e-13      
   0.045447       14.886403        1.259369e-12      
   0.045447       14.938727        3.419534e-12      
   0.045447       14.975043        6.695852e-12      
   0.045447       14.995261        9.648538e-12      
   0.066417       0.001185         -8.377481e-09     
   0.066417       0.006239         -2.322676e-07     
   0.066417       0.015318         -1.398649e-06     
   0.066417       0.028399         -4.793383e-06     
   0.066417       0.045447         -1.219733e-05     
   0.066417       0.066417         -2.574163e-05     
   0.066417       0.091251         -4.764098e-05     
   0.066417       0.119882         -7.978174e-05     
   0.066417       0.152235         -1.231900e-04     
   0.066417       0.188220         -1.774809e-04     
   0.066417       0.227742         -2.404677e-04     
   0.066417       0.270694         -3.081401e-04     
   0.066417       0.316959         -3.751490e-04     
   0.066417       0.366414         -4.357547e-04     
   0.066417       0.418925         -4.849807e-04     
   0.066417       0.474351         -5.195890e-04     
   0.066417       0.532541         -5.385536e-04     
   0.066417       0.593339         -5.429276e-04     
   0.066417       0.656582         -5.352433e-04     
   0.066417       0.722098         -5.187242e-04     
   0.066417       0.789711         -4.965759e-04     
   0.066417       0.859239         -4.715097e-04     
   0.066417       0.930495         -4.455289e-04     
   0.066417       1.003286         -4.199231e-04     
   0.066417       1.077416         -3.953853e-04     
   0.066417       1.152685         -3.721776e-04     
   0.066417       1.228890         -3.502917e-04     
   0.066417       1.305826         -3.295807e-04     
   0.066417       1.383286         -3.098521e-04     
   0.066417       1.461060         -2.909255e-04     
   0.066417       1.538940         -2.726619e-04     
   0.066417       1.616714         -2.549745e-04     
   0.066417       1.694174         -2.378254e-04     
   0.066417       1.771110         -2.212175e-04     
   0.066417       1.847315         -2.051827e-04     
   0.066417       1.922584         -1.897704e-04     
   0.066417       1.996714         -1.750372e-04     
   0.066417       2.069505         -1.610393e-04     
   0.066417       2.140761         -1.478259e-04     
   0.066417       2.210289         -1.354358e-04     
   0.066417       2.277902         -1.238947e-04     
   0.066417       2.343418         -1.132151e-04     
   0.066417       2.406661         -1.033961e-04     
   0.066417       2.467459         -9.442493e-05     
   0.066417       2.525649         -8.627834e-05     
   0.066417       2.581075         -7.892466e-05     
   0.066417       2.633586         -7.232577e-05     
   0.066417       2.683041         -6.643912e-05     
   0.066417       2.729306         -6.121957e-05     
   0.066417       2.772258         -5.662107e-05     
   0.066417       2.811780         -5.259807e-05     
   0.066417       2.847765         -4.910674e-05     
   0.066417       2.880118         -4.610585e-05     
   0.066417       2.908749         -4.355758e-05     
   0.066417       2.933583         -4.142801e-05     
   0.066417       2.954553         -3.968748e-05     
   0.066417       2.971601         -3.831088e-05     
   0.066417       2.984682         -3.727777e-05     
   0.066417       2.993761         -3.657246e-05     
   0.066417       2.998815         -3.618395e-05     
   0.066417       3.004739         -3.573234e-05     
   0.066417       3.024957         -3.422141e-05     
   0.066417       3.061273         -3.162348e-05     
   0.066417       3.113597         -2.813582e-05     
   0.066417       3.181789         -2.402471e-05     
   0.066417       3.265666         -1.960217e-05     
   0.066417       3.365002         -1.519517e-05     
   0.066417       3.479529         -1.110892e-05     
   0.066417       3.608938         -7.588655e-06     
   0.066417       3.752880         -4.787254e-06     
   0.066417       3.910968         -2.747768e-06     
   0.066417       4.082775         -1.407885e-06     
   0.066417       4.267838         -6.279976e-07     
   0.066417       4.465657         -2.355297e-07     
   0.066417       4.675701         -7.036863e-08     
   0.066417       4.897402         -1.504436e-08     
   0.066417       5.130163         -1.551598e-09     
   0.066417       5.373356         2.919902e-10      
   0.066417       5.626327         1.702933e-10      
   0.066417       5.888392         3.784000e-11      
   0.066417       6.158845         4.152924e-12      
   0.066417       6.436958         -1.057238e-13     
   0.066417       6.721980         -1.254809e-13     
   0.066417       7.013143         -2.187698e-14     
   0.066417       7.309662         -1.475729e-15     
   0.066417       7.610739         1.110515e-16      
   0.066417       7.915560         3.381982e-17      
   0.066417       8.223305         2.714349e-18      
   0.066417       8.533144         -4.249938e-20     
   0.066417       8.844241         -2.592114e-20     
   0.066417       9.155759         -1.737397e-21     
   0.066417       9.466856         4.000248e-23      
   0.066417       9.776695         1.193880e-23      
   0.066417       10.084440        4.555432e-25      
   0.066417       10.389261        -3.054882e-26     
   0.066417       10.690338        -3.231051e-27     
   0.066417       10.986857        -2.034863e-29     
   0.066417       11.278020        -1.634761e-29     
   0.066417       11.563042        -2.969581e-28     
   0.066417       11.841155        -3.109417e-27     
   0.066417       12.111608        -2.971273e-26     
   0.066417       12.373673        -2.235900e-25     
   0.066417       12.626644        -5.443775e-25     
   0.066417       12.869837        2.136634e-23      
   0.066417       13.102598        5.206854e-22      
   0.066417       13.324299        7.731771e-21      
   0.066417       13.534343        8.970465e-20      
   0.066417       13.732162        8.640608e-19      
   0.066417       13.917225        7.167588e-18      
   0.066417       14.089032        5.237583e-17      
   0.066417       14.247120        3.245009e-16      
   0.066417       14.391062        1.608987e-15      
   0.066417       14.520471        6.571014e-15      
   0.066417       14.634998        2.731465e-14      
   0.066417       14.734334        1.392468e-13      
   0.066417       14.818211        6.930959e-13      
   0.066417       14.886403        2.631374e-12      
   0.066417       14.938727        7.144919e-12      
   0.066417       14.975043        1.399062e-11      
   0.066417       14.995261        2.016011e-11      
   0.091251       0.001185         -1.549930e-08     
   0.091251       0.006239         -4.297231e-07     
   0.091251       0.015318         -2.587708e-06     
   0.091251       0.028399         -8.868858e-06     
   0.091251       0.045447         -2.257003e-05     
   0.091251       0.066417         -4.764098e-05     
   0.091251       0.091251         -8.819669e-05     
   0.091251       0.119882         -1.477633e-04     
   0.091251       0.152235         -2.283009e-04     
   0.091251       0.188220         -3.291848e-04     
   0.091251       0.227742         -4.464691e-04     
   0.091251       0.270694         -5.728160e-04     
   0.091251       0.316959         -6.983535e-04     
   0.091251       0.366414         -8.123978e-04     
   0.091251       0.418925         -9.055855e-04     
   0.091251       0.474351         -9.717107e-04     
   0.091251       0.532541         -1.008659e-03     
   0.091251       0.593339         -1.018216e-03     
   0.091251       0.656582         -1.004989e-03     
   0.091251       0.722098         -9.749464e-04     
   0.091251       0.789711         -9.340858e-04     
   0.091251       0.859239         -8.875174e-04     
   0.091251       0.930495         -8.390439e-04     
   0.091251       1.003286         -7.911329e-04     
   0.091251       1.077416         -7.451277e-04     
   0.091251       1.152685         -7.015528e-04     
   0.091251       1.228890         -6.604168e-04     
   0.091251       1.305826         -6.214597e-04     
   0.091251       1.383286         -5.843301e-04     
   0.091251       1.461060         -5.486952e-04     
   0.091251       1.538940         -5.142982e-04     
   0.091251       1.616714         -4.809778e-04     
   0.091251       1.694174         -4.486648e-04     
   0.091251       1.771110         -4.173658e-04     
   0.091251       1.847315         -3.871418e-04     
   0.091251       1.922584         -3.580867e-04     
   0.091251       1.996714         -3.303081e-04     
   0.091251       2.069505         -3.039125e-04     
   0.091251       2.140761         -2.789932e-04     
   0.091251       2.210289         -2.556239e-04     
   0.091251       2.277902         -2.338538e-04     
   0.091251       2.343418         -2.137068e-04     
   0.091251       2.406661         -1.951818e-04     
   0.091251       2.467459         -1.782550e-04     
   0.091251       2.525649         -1.628829e-04     
   0.091251       2.581075         -1.490060e-04     
   0.091251       2.633586         -1.365527e-04     
   0.091251       2.683041         -1.254429e-04     
   0.091251       2.729306         -1.155916e-04     
   0.091251       2.772258         -1.069121e-04     
   0.091251       2.811780         -9.931852e-05     
   0.091251       2.847765         -9.272821e-05     
   0.091251       2.880118         -8.706351e-05     
   0.091251       2.908749         -8.225306e-05     
   0.091251       2.933583         -7.823290e-05     
   0.091251       2.954553         -7.494709e-05     
   0.091251       2.971601         -7.234828e-05     
   0.091251       2.984682         -7.039790e-05     
   0.091251       2.993761         -6.906636e-05     
   0.091251       2.998815         -6.833288e-05     
   0.091251       3.004739         -6.748028e-05     
   0.091251       3.024957         -6.462773e-05     
   0.091251       3.061273         -5.972290e-05     
   0.091251       3.113597         -5.313801e-05     
   0.091251       3.181789         -4.537564e-05     
   0.091251       3.265666         -3.702470e-05     
   0.091251       3.365002         -2.870253e-05     
   0.091251       3.479529         -2.098546e-05     
   0.091251       3.608938         -1.433665e-05     
   0.091251       3.752880         -9.045051e-06     
   0.091251       3.910968         -5.192218e-06     
   0.091251       4.082775         -2.660705e-06     
   0.091251       4.267838         -1.187014e-06     
   0.091251       4.465657         -4.452765e-07     
   0.091251       4.675701         -1.330711e-07     
   0.091251       4.897402         -2.846359e-08     
   0.091251       5.130163         -2.940810e-09     
   0.091251       5.373356         5.503611e-10      
   0.091251       5.626327         3.217341e-10      
   0.091251       5.888392         7.153742e-11      
   0.091251       6.158845         7.857874e-12      
   0.091251       6.436958         -1.982094e-13     
   0.091251       6.721980         -2.370136e-13     
   0.091251       7.013143         -4.135254e-14     
   0.091251       7.309662         -2.792724e-15     
   0.091251       7.610739         2.093988e-16      
   0.091251       7.915560         6.390019e-17      
   0.091251       8.223305         5.133408e-18      
   0.091251       8.533144         -7.978890e-20     
   0.091251       8.844241         -4.896985e-20     
   0.091251       9.155759         -3.285895e-21     
   0.091251       9.466856         7.531803e-23      
   0.091251       9.776695         2.255922e-23      
   0.091251       10.084440        8.621196e-25      
   0.091251       10.389261        -5.765930e-26     
   0.091251       10.690338        -6.107927e-27     
   0.091251       10.986857        -3.863986e-29     
   0.091251       11.278020        -2.904552e-29     
   0.091251       11.563042        -5.410690e-28     
   0.091251       11.841155        -5.665599e-27     
   0.091251       12.111608        -5.413936e-26     
   0.091251       12.373673        -4.075045e-25     
   0.091251       12.626644        -9.957935e-25     
   0.091251       12.869837        3.884339e-23      
   0.091251       13.102598        9.472677e-22      
   0.091251       13.324299        1.406835e-20      
   0.091251       13.534343        1.632307e-19      
   0.091251       13.732162        1.572332e-18      
   0.091251       13.917225        1.304324e-17      
   0.091251       14.089032        9.531358e-17      
   0.091251       14.247120        5.905360e-16      
   0.091251       14.391062        2.928094e-15      
   0.091251       14.520471        1.195814e-14      
   0.091251       14.634998        4.970768e-14      
   0.091251       14.734334        2.534032e-13      
   0.091251       14.818211        1.261311e-12      
   0.091251       14.886403        4.788654e-12      
   0.091251       14.938727        1.300259e-11      
   0.091251       14.975043        2.546070e-11      
   0.091251       14.995261        3.668824e-11      
   0.119882       0.001185         -2.594270e-08     
   0.119882       0.006239         -7.192726e-07     
   0.119882       0.015318         -4.331417e-06     
   0.119882       0.028399         -1.484606e-05     
   0.119882       0.045447         -3.778667e-05     
   0.119882       0.066417         -7.978174e-05     
   0.119882       0.091251         -1.477633e-04     
   0.119882       0.119882         -2.477247e-04     
   0.119882       0.152235         -3.831037e-04     
   0.119882       0.188220         -5.530781e-04     
   0.119882       0.227742         -7.513002e-04     
   0.119882       0.270694         -9.657035e-04     
   0.119882       0.316959         -1.179836e-03     
   0.119882       0.366414         -1.375663e-03     
   0.119882       0.418925         -1.537119e-03     
   0.119882       0.474351         -1.653266e-03     
   0.119882       0.532541         -1.720001e-03     
   0.119882       0.593339         -1.739881e-03     
   0.119882       0.656582         -1.720399e-03     
   0.119882       0.722098         -1.671548e-03     
   0.119882       0.789711         -1.603528e-03     
   0.119882       0.859239         -1.525134e-03     
   0.119882       0.930495         -1.442981e-03     
   0.119882       1.003286         -1.361414e-03     
   0.119882       1.077416         -1.282844e-03     
   0.119882       1.152685         -1.208256e-03     
   0.119882       1.228890         -1.137726e-03     
   0.119882       1.305826         -1.070854e-03     
   0.119882       1.383286         -1.007063e-03     
   0.119882       1.461060         -9.458023e-04     
   0.119882       1.538940         -8.866406e-04     
   0.119882       1.616714         -8.293084e-04     
   0.119882       1.694174         -7.736914e-04     
   0.119882       1.771110         -7.198044e-04     
   0.119882       1.847315         -6.677549e-04     
   0.119882       1.922584         -6.177067e-04     
   0.119882       1.996714         -5.698472e-04     
   0.119882       2.069505         -5.243611e-04     
   0.119882       2.140761         -4.814113e-04     
   0.119882       2.210289         -4.411261e-04     
   0.119882       2.277902         -4.035919e-04     
   0.119882       2.343418         -3.688510e-04     
   0.119882       2.406661         -3.369027e-04     
   0.119882       2.467459         -3.077071e-04     
   0.119882       2.525649         -2.811901e-04     
   0.119882       2.581075         -2.572498e-04     
   0.119882       2.633586         -2.357636e-04     
   0.119882       2.683041         -2.165936e-04     
   0.119882       2.729306         -1.995939e-04     
   0.119882       2.772258         -1.846152e-04     
   0.119882       2.811780         -1.715097e-04     
   0.119882       2.847765         -1.601351e-04     
   0.119882       2.880118         -1.503575e-04     
   0.119882       2.908749         -1.420541e-04     
   0.119882       2.933583         -1.351145e-04     
   0.119882       2.954553         -1.294424e-04     
   0.119882       2.971601         -1.249560e-04     
   0.119882       2.984682         -1.215890e-04     
   0.119882       2.993761         -1.192903e-04     
   0.119882       2.998815         -1.180241e-04     
   0.119882       3.004739         -1.165522e-04     
   0.119882       3.024957         -1.116275e-04     
   0.119882       3.061273         -1.031594e-04     
   0.119882       3.113597         -9.179002e-05     
   0.119882       3.181789         -7.838662e-05     
   0.119882       3.265666         -6.396558e-05     
   0.119882       3.365002         -4.959263e-05     
   0.119882       3.479529         -3.626304e-05     
   0.119882       3.608938         -2.477705e-05     
   0.119882       3.752880         -1.563426e-05     
   0.119882       3.910968         -8.976227e-06     
   0.119882       4.082775         -4.600713e-06     
   0.119882       4.267838         -2.053003e-06     
   0.119882       4.465657         -7.703655e-07     
   0.119882       4.675701         -2.303226e-07     
   0.119882       4.897402         -4.930242e-08     
   0.119882       5.130163         -5.107782e-09     
   0.119882       5.373356         9.477463e-10      
   0.119882       5.626327         5.560633e-10      
   0.119882       5.888392         1.237647e-10      
   0.119882       6.158845         1.361249e-11      
   0.119882       6.436958         -3.384730e-13     
   0.119882       6.721980         -4.094864e-13     
   0.119882       7.013143         -7.152570e-14     
   0.119882       7.309662         -4.839146e-15     
   0.119882       7.610739         3.608150e-16      
   0.119882       7.915560         1.104531e-16      
   0.119882       8.223305         8.886133e-18      
   0.119882       8.533144         -1.365531e-19     
   0.119882       8.844241         -8.462869e-20     
   0.119882       9.155759         -5.688310e-21     
   0.119882       9.466856         1.294844e-22      
   0.119882       9.776695         3.899870e-23      
   0.119882       10.084440        1.493941e-24      
   0.119882       10.389261        -9.950377e-26     
   0.119882       10.690338        -1.056593e-26     
   0.119882       10.986857        -6.732396e-29     
   0.119882       11.278020        -4.550353e-29     
   0.119882       11.563042        -8.841646e-28     
   0.119882       11.841155        -9.258551e-27     
   0.119882       12.111608        -8.847406e-26     
   0.119882       12.373673        -6.661985e-25     
   0.119882       12.626644        -1.637103e-24     
   0.119882       12.869837        6.325579e-23      
   0.119882       13.102598        1.544317e-21      
   0.119882       13.324299        2.294087e-20      
   0.119882       13.534343        2.661976e-19      
   0.119882       13.732162        2.564287e-18      
   0.119882       13.917225        2.127293e-17      
   0.119882       14.089032        1.554583e-16      
   0.119882       14.247120        9.631990e-16      
   0.119882       14.391062        4.775928e-15      
   0.119882       14.520471        1.950448e-14      
   0.119882       14.634998        8.107540e-14      
   0.119882       14.734334        4.133101e-13      
   0.119882       14.818211        2.057259e-12      
   0.119882       14.886403        7.810587e-12      
   0.119882       14.938727        2.120814e-11      
   0.119882       14.975043        4.152834e-11      
   0.119882       14.995261        5.984142e-11      
   0.152235       0.001185         -4.002934e-08     
   0.152235       0.006239         -1.109838e-06     
   0.152235       0.015318         -6.683589e-06     
   0.152235       0.028399         -2.291033e-05     
   0.152235       0.045447         -5.832400e-05     
   0.152235       0.066417         -1.231900e-04     
   0.152235       0.091251         -2.283009e-04     
   0.152235       0.119882         -3.831037e-04     
   0.152235       0.152235         -5.932463e-04     
   0.152235       0.188220         -8.579532e-04     
   0.152235       0.227742         -1.168005e-03     
   0.152235       0.270694         -1.505279e-03     
   0.152235       0.316959         -1.844583e-03     
   0.152235       0.366414         -2.157789e-03     
   0.152235       0.418925         -2.419268e-03     
   0.152235       0.474351         -2.610926e-03     
   0.152235       0.532541         -2.725153e-03     
   0.152235       0.593339         -2.764879e-03     
   0.152235       0.656582         -2.741129e-03     
   0.152235       0.722098         -2.669282e-03     
   0.152235       0.789711         -2.565409e-03     
   0.152235       0.859239         -2.443615e-03     
   0.152235       0.930495         -2.314676e-03     
   0.152235       1.003286         -2.185790e-03     
   0.152235       1.077416         -2.061050e-03     
   0.152235       1.152685         -1.942232e-03     
   0.152235       1.228890         -1.829606e-03     
   0.152235       1.305826         -1.722633e-03     
   0.152235       1.383286         -1.620462e-03     
   0.152235       1.461060         -1.522249e-03     
   0.152235       1.538940         -1.427334e-03     
   0.152235       1.616714         -1.335301e-03     
   0.152235       1.694174         -1.245979e-03     
   0.152235       1.771110         -1.159399e-03     
   0.152235       1.847315         -1.075741e-03     
   0.152235       1.922584         -9.952712e-04     
   0.152235       1.996714         -9.182966e-04     
   0.152235       2.069505         -8.451181e-04     
   0.152235       2.140761         -7.760016e-04     
   0.152235       2.210289         -7.111569e-04     
   0.152235       2.277902         -6.507264e-04     
   0.152235       2.343418         -5.947813e-04     
   0.152235       2.406661         -5.433234e-04     
   0.152235       2.467459         -4.962906e-04     
   0.152235       2.525649         -4.535659e-04     
   0.152235       2.581075         -4.149871e-04     
   0.152235       2.633586         -3.803580e-04     
   0.152235       2.683041         -3.494583e-04     
   0.152235       2.729306         -3.220536e-04     
   0.152235       2.772258         -2.979044e-04     
   0.152235       2.811780         -2.767733e-04     
   0.152235       2.847765         -2.584315e-04     
   0.152235       2.880118         -2.426638e-04     
   0.152235       2.908749         -2.292725e-04     
   0.152235       2.933583         -2.180801e-04     
   0.152235       2.954553         -2.089315e-04     
   0.152235       2.971601         -2.016952e-04     
   0.152235       2.984682         -1.962642e-04     
   0.152235       2.993761         -1.925562e-04     
   0.152235       2.998815         -1.905137e-04     
   0.152235       3.004739         -1.881393e-04     
   0.152235       3.024957         -1.801952e-04     
   0.152235       3.061273         -1.665342e-04     
   0.152235       3.113597         -1.481914e-04     
   0.152235       3.181789         -1.265644e-04     
   0.152235       3.265666         -1.032923e-04     
   0.152235       3.365002         -8.009400e-05     
   0.152235       3.479529         -5.857581e-05     
   0.152235       3.608938         -4.002998e-05     
   0.152235       3.752880         -2.526429e-05     
   0.152235       3.910968         -1.450882e-05     
   0.152235       4.082775         -7.438591e-06     
   0.152235       4.267838         -3.320538e-06     
   0.152235       4.465657         -1.246551e-06     
   0.152235       4.675701         -3.729237e-07     
   0.152235       4.897402         -7.991441e-08     
   0.152235       5.130163         -8.312037e-09     
   0.152235       5.373356         1.523144e-09      
   0.152235       5.626327         8.984524e-10      
   0.152235       5.888392         2.002648e-10      
   0.152235       6.158845         2.206847e-11      
   0.152235       6.436958         -5.372218e-13     
   0.152235       6.721980         -6.612660e-13     
   0.152235       7.013143         -1.156961e-13     
   0.152235       7.309662         -7.848006e-15     
   0.152235       7.610739         5.804014e-16      
   0.152235       7.915560         1.784925e-16      
   0.152235       8.223305         1.439044e-17      
   0.152235       8.533144         -2.174565e-19     
   0.152235       8.844241         -1.367204e-19     
   0.152235       9.155759         -9.212491e-21     
   0.152235       9.466856         2.075866e-22      
   0.152235       9.776695         6.303265e-23      
   0.152235       10.084440        2.423038e-24      
   0.152235       10.389261        -1.604172e-25     
   0.152235       10.690338        -1.709398e-26     
   0.152235       10.986857        -1.101197e-28     
   0.152235       11.278020        -6.317776e-29     
   0.152235       11.563042        -1.316300e-27     
   0.152235       11.841155        -1.378460e-26     
   0.152235       12.111608        -1.317271e-25     
   0.152235       12.373673        -9.924471e-25     
   0.152235       12.626644        -2.458597e-24     
   0.152235       12.869837        9.370094e-23      
   0.152235       13.102598        2.291304e-21      
   0.152235       13.324299        3.404919e-20      
   0.152235       13.534343        3.951417e-19      
   0.152235       13.732162        3.806664e-18      
   0.152235       13.917225        3.158155e-17      
   0.152235       14.089032        2.308053e-16      
   0.152235       14.247120        1.430088e-15      
   0.152235       14.391062        7.091028e-15      
   0.152235       14.520471        2.895895e-14      
   0.152235       14.634998        1.203733e-13      
   0.152235       14.734334        6.136414e-13      
   0.152235       14.818211        3.054442e-12      
   0.152235       14.886403        1.159662e-11      
   0.152235       14.938727        3.148863e-11      
   0.152235       14.975043        6.165924e-11      
   0.152235       14.995261        8.884985e-11      
   0.188220       0.001185         -5.761641e-08     
   0.188220       0.006239         -1.597463e-06     
   0.188220       0.015318         -9.620535e-06     
   0.188220       0.028399         -3.298178e-05     
   0.188220       0.045447         -8.398604e-05     
   0.188220       0.066417         -1.774809e-04     
   0.188220       0.091251         -3.291848e-04     
   0.188220       0.119882         -5.530781e-04     
   0.188220       0.152235         -8.579532e-04     
   0.188220       0.188220         -1.243656e-03     
   0.188220       0.227742         -1.698061e-03     
   0.188220       0.270694         -2.196104e-03     
   0.188220       0.316959         -2.701993e-03     
   0.188220       0.366414         -3.174760e-03     
   0.188220       0.418925         -3.575956e-03     
   0.188220       0.474351         -3.877162e-03     
   0.188220       0.532541         -4.064832e-03     
   0.188220       0.593339         -4.141051e-03     
   0.188220       0.656582         -4.120467e-03     
   0.188220       0.722098         -4.025001e-03     
   0.188220       0.789711         -3.878375e-03     
   0.188220       0.859239         -3.701925e-03     
   0.188220       0.930495         -3.512305e-03     
   0.188220       1.003286         -3.320899e-03     
   0.188220       1.077416         -3.134388e-03     
   0.188220       1.152685         -2.955869e-03     
   0.188220       1.228890         -2.786066e-03     
   0.188220       1.305826         -2.624383e-03     
   0.188220       1.383286         -2.469676e-03     
   0.188220       1.461060         -2.320766e-03     
   0.188220       1.538940         -2.176710e-03     
   0.188220       1.616714         -2.036916e-03     
   0.188220       1.694174         -1.901148e-03     
   0.188220       1.771110         -1.769472e-03     
   0.188220       1.847315         -1.642171e-03     
   0.188220       1.922584         -1.519665e-03     
   0.188220       1.996714         -1.402428e-03     
   0.188220       2.069505         -1.290928e-03     
   0.188220       2.140761         -1.185577e-03     
   0.188220       2.210289         -1.086703e-03     
   0.188220       2.277902         -9.945307e-04     
   0.188220       2.343418         -9.091746e-04     
   0.188220       2.406661         -8.306432e-04     
   0.188220       2.467459         -7.588472e-04     
   0.188220       2.525649         -6.936125e-04     
   0.188220       2.581075         -6.346959e-04     
   0.188220       2.633586         -5.818009e-04     
   0.188220       2.683041         -5.345941e-04     
   0.188220       2.729306         -4.927202e-04     
   0.188220       2.772258         -4.558153e-04     
   0.188220       2.811780         -4.235185e-04     
   0.188220       2.847765         -3.954816e-04     
   0.188220       2.880118         -3.713770e-04     
   0.188220       2.908749         -3.509035e-04     
   0.188220       2.933583         -3.337905e-04     
   0.188220       2.954553         -3.198014e-04     
   0.188220       2.971601         -3.087359e-04     
   0.188220       2.984682         -3.004306e-04     
   0.188220       2.993761         -2.947601e-04     
   0.188220       2.998815         -2.916363e-04     
   0.188220       3.004739         -2.880052e-04     
   0.188220       3.024957         -2.758554e-04     
   0.188220       3.061273         -2.549609e-04     
   0.188220       3.113597         -2.269021e-04     
   0.188220       3.181789         -1.938144e-04     
   0.188220       3.265666         -1.582029e-04     
   0.188220       3.365002         -1.226964e-04     
   0.188220       3.479529         -8.975307e-05     
   0.188220       3.608938         -6.135222e-05     
   0.188220       3.752880         -3.873314e-05     
   0.188220       3.910968         -2.225147e-05     
   0.188220       4.082775         -1.141286e-05     
   0.188220       4.267838         -5.097129e-06     
   0.188220       4.465657         -1.914683e-06     
   0.188220       4.675701         -5.733009e-07     
   0.188220       4.897402         -1.230396e-07     
   0.188220       5.130163         -1.286763e-08     
   0.188220       5.373356         2.317212e-09      
   0.188220       5.626327         1.377163e-09      
   0.188220       5.888392         3.075975e-10      
   0.188220       6.158845         3.398585e-11      
   0.188220       6.436958         -8.027977e-13     
   0.188220       6.721980         -1.012840e-12     
   0.188220       7.013143         -1.776179e-13     
   0.188220       7.309662         -1.209205e-14     
   0.188220       7.610739         8.841340e-16      
   0.188220       7.915560         2.736598e-16      
   0.188220       8.223305         2.212803e-17      
   0.188220       8.533144         -3.265299e-19     
   0.188220       8.844241         -2.095307e-19     
   0.188220       9.155759         -1.416742e-20     
   0.188220       9.466856         3.147170e-22      
   0.188220       9.776695         9.666260e-23      
   0.188220       10.084440        3.733793e-24      
   0.188220       10.389261        -2.451323e-25     
   0.188220       10.690338        -2.624948e-26     
   0.188220       10.986857        -1.718463e-28     
   0.188220       11.278020        -7.675595e-29     
   0.188220       11.563042        -1.799652e-27     
   0.188220       11.841155        -1.884864e-26     
   0.188220       12.111608        -1.801243e-25     
   0.188220       12.373673        -1.358135e-24     
   0.188220       12.626644        -3.401961e-24     
   0.188220       12.869837        1.272193e-22      
   0.188220       13.102598        3.117992e-21      
   0.188220       13.324299        4.635638e-20      
   0.188220       13.534343        5.380564e-19      
   0.188220       13.732162        5.183945e-18      
   0.188220       13.917225        4.301190e-17      
   0.188220       14.089032        3.143667e-16      
   0.188220       14.247120        1.947937e-15      
   0.188220       14.391062        9.658897e-15      
   0.188220       14.520471        3.944546e-14      
   0.188220       14.634998        1.639584e-13      
   0.188220       14.734334        8.358246e-13      
   0.188220       14.818211        4.160429e-12      
   0.188220       14.886403        1.579590e-11      
   0.188220       14.938727        4.289157e-11      
   0.188220       14.975043        8.398844e-11      
   0.188220       14.995261        1.210263e-10      
   0.227742       0.001185         -7.797217e-08     
   0.227742       0.006239         -2.161865e-06     
   0.227742       0.015318         -1.302027e-05     
   0.227742       0.028399         -4.464386e-05     
   0.227742       0.045447         -1.137211e-04     
   0.227742       0.066417         -2.404677e-04     
   0.227742       0.091251         -4.464691e-04     
   0.227742       0.119882         -7.513002e-04     
   0.227742       0.152235         -1.168005e-03     
   0.227742       0.188220         -1.698061e-03     
   0.227742       0.227742         -2.327104e-03     
   0.227742       0.270694         -3.023130e-03     
   0.227742       0.316959         -3.738736e-03     
   0.227742       0.366414         -4.417893e-03     
   0.227742       0.418925         -5.006031e-03     
   0.227742       0.474351         -5.460557e-03     
   0.227742       0.532541         -5.758411e-03     
   0.227742       0.593339         -5.898309e-03     
   0.227742       0.656582         -5.897507e-03     
   0.227742       0.722098         -5.784957e-03     
   0.227742       0.789711         -5.593604e-03     
   0.227742       0.859239         -5.354101e-03     
   0.227742       0.930495         -5.091069e-03     
   0.227742       1.003286         -4.821837e-03     
   0.227742       1.077416         -4.556972e-03     
   0.227742       1.152685         -4.301737e-03     
   0.227742       1.228890         -4.057789e-03     
   0.227742       1.305826         -3.824699e-03     
   0.227742       1.383286         -3.601109e-03     
   0.227742       1.461060         -3.385501e-03     
   0.227742       1.538940         -3.176630e-03     
   0.227742       1.616714         -2.973715e-03     
   0.227742       1.694174         -2.776463e-03     
   0.227742       1.771110         -2.585003e-03     
   0.227742       1.847315         -2.399774e-03     
   0.227742       1.922584         -2.221407e-03     
   0.227742       1.996714         -2.050611e-03     
   0.227742       2.069505         -1.888084e-03     
   0.227742       2.140761         -1.734443e-03     
   0.227742       2.210289         -1.590181e-03     
   0.227742       2.277902         -1.455639e-03     
   0.227742       2.343418         -1.330997e-03     
   0.227742       2.406661         -1.216278e-03     
   0.227742       2.467459         -1.111364e-03     
   0.227742       2.525649         -1.016008e-03     
   0.227742       2.581075         -9.298633e-04     
   0.227742       2.633586         -8.525030e-04     
   0.227742       2.683041         -7.834457e-04     
   0.227742       2.729306         -7.221766e-04     
   0.227742       2.772258         -6.681675e-04     
   0.227742       2.811780         -6.208940e-04     
   0.227742       2.847765         -5.798496e-04     
   0.227742       2.880118         -5.445569e-04     
   0.227742       2.908749         -5.145769e-04     
   0.227742       2.933583         -4.895153e-04     
   0.227742       2.954553         -4.690269e-04     
   0.227742       2.971601         -4.528191e-04     
   0.227742       2.984682         -4.406534e-04     
   0.227742       2.993761         -4.323470e-04     
   0.227742       2.998815         -4.277710e-04     
   0.227742       3.004739         -4.224517e-04     
   0.227742       3.024957         -4.046524e-04     
   0.227742       3.061273         -3.740388e-04     
   0.227742       3.113597         -3.329221e-04     
   0.227742       3.181789         -2.844260e-04     
   0.227742       3.265666         -2.322172e-04     
   0.227742       3.365002         -1.801468e-04     
   0.227742       3.479529         -1.318187e-04     
   0.227742       3.608938         -9.013859e-05     
   0.227742       3.752880         -5.692966e-05     
   0.227742       3.910968         -3.272028e-05     
   0.227742       4.082775         -1.679153e-05     
   0.227742       4.267838         -7.504259e-06     
   0.227742       4.465657         -2.821245e-06     
   0.227742       4.675701         -8.457264e-07     
   0.227742       4.897402         -1.818740e-07     
   0.227742       5.130163         -1.915890e-08     
   0.227742       5.373356         3.370196e-09      
   0.227742       5.626327         2.023581e-09      
   0.227742       5.888392         4.532240e-10      
   0.227742       6.158845         5.025311e-11      
   0.227742       6.436958         -1.138723e-12     
   0.227742       6.721980         -1.486754e-12     
   0.227742       7.013143         -2.615381e-13     
   0.227742       7.309662         -1.789157e-14     
   0.227742       7.610739         1.288232e-15      
   0.227742       7.915560         4.022388e-16      
   0.227742       8.223305         3.265340e-17      
   0.227742       8.533144         -4.663722e-19     
   0.227742       8.844241         -3.078099e-19     
   0.227742       9.155759         -2.090915e-20     
   0.227742       9.466856         4.555704e-22      
   0.227742       9.776695         1.421242e-22      
   0.227742       10.084440        5.525394e-24      
   0.227742       10.389261        -3.586962e-25     
   0.227742       10.690338        -3.866478e-26     
   0.227742       10.986857        -2.589913e-28     
   0.227742       11.278020        -7.796596e-29     
   0.227742       11.563042        -2.266471e-27     
   0.227742       11.841155        -2.374295e-26     
   0.227742       12.111608        -2.269039e-25     
   0.227742       12.373673        -1.712629e-24     
   0.227742       12.626644        -4.352778e-24     
   0.227742       12.869837        1.587339e-22      
   0.227742       13.102598        3.902310e-21      
   0.227742       13.324299        5.805504e-20      
   0.227742       13.534343        6.739932e-19      
   0.227742       13.732162        6.494461e-18      
   0.227742       13.917225        5.389201e-17      
   0.227742       14.089032        3.939311e-16      
   0.227742       14.247120        2.441108e-15      
   0.227742       14.391062        1.210454e-14      
   0.227742       14.520471        4.943245e-14      
   0.227742       14.634998        2.054635e-13      
   0.227742       14.734334        1.047398e-12      
   0.227742       14.818211        5.213661e-12      
   0.227742       14.886403        1.979512e-11      
   0.227742       14.938727        5.375172e-11      
   0.227742       14.975043        1.052554e-10      
   0.227742       14.995261        1.516725e-10      
   0.270694       0.001185         -9.977508e-08     
   0.270694       0.006239         -2.766408e-06     
   0.270694       0.015318         -1.666230e-05     
   0.270694       0.028399         -5.714209e-05     
   0.270694       0.045447         -1.456163e-04     
   0.270694       0.066417         -3.081401e-04     
   0.270694       0.091251         -5.728160e-04     
   0.270694       0.119882         -9.657035e-04     
   0.270694       0.152235         -1.505279e-03     
   0.270694       0.188220         -2.196104e-03     
   0.270694       0.227742         -3.023130e-03     
   0.270694       0.270694         -3.948688e-03     
   0.270694       0.316959         -4.914188e-03     
   0.270694       0.366414         -5.847546e-03     
   0.270694       0.418925         -6.675365e-03     
   0.270694       0.474351         -7.336718e-03     
   0.270694       0.532541         -7.794248e-03     
   0.270694       0.593339         -8.039045e-03     
   0.270694       0.656582         -8.088207e-03     
   0.270694       0.722098         -7.976856e-03     
   0.270694       0.789711         -7.747997e-03     
   0.270694       0.859239         -7.443549e-03     
   0.270694       0.930495         -7.098456e-03     
   0.270694       1.003286         -6.738224e-03     
   0.270694       1.077416         -6.379105e-03     
   0.270694       1.152685         -6.029814e-03     
   0.270694       1.228890         -5.693757e-03     
   0.270694       1.305826         -5.371140e-03     
   0.270694       1.383286         -5.060619e-03     
   0.270694       1.461060         -4.760440e-03     
   0.270694       1.538940         -4.469095e-03     
   0.270694       1.616714         -4.185639e-03     
   0.270694       1.694174         -3.909758e-03     
   0.270694       1.771110         -3.641696e-03     
   0.270694       1.847315         -3.382118e-03     
   0.270694       1.922584         -3.131943e-03     
   0.270694       1.996714         -2.892202e-03     
   0.270694       2.069505         -2.663904e-03     
   0.270694       2.140761         -2.447947e-03     
   0.270694       2.210289         -2.245049e-03     
   0.270694       2.277902         -2.055714e-03     
   0.270694       2.343418         -1.880221e-03     
   0.270694       2.406661         -1.718623e-03     
   0.270694       2.467459         -1.570771e-03     
   0.270694       2.525649         -1.436335e-03     
   0.270694       2.581075         -1.314841e-03     
   0.270694       2.633586         -1.205699e-03     
   0.270694       2.683041         -1.108241e-03     
   0.270694       2.729306         -1.021750e-03     
   0.270694       2.772258         -9.454886e-04     
   0.270694       2.811780         -8.787227e-04     
   0.270694       2.847765         -8.207426e-04     
   0.270694       2.880118         -7.708785e-04     
   0.270694       2.908749         -7.285140e-04     
   0.270694       2.933583         -6.930947e-04     
   0.270694       2.954553         -6.641354e-04     
   0.270694       2.971601         -6.412242e-04     
   0.270694       2.984682         -6.240259e-04     
   0.270694       2.993761         -6.122825e-04     
   0.270694       2.998815         -6.058130e-04     
   0.270694       3.004739         -5.982922e-04     
   0.270694       3.024957         -5.731250e-04     
   0.270694       3.061273         -5.298336e-04     
   0.270694       3.113597         -4.716772e-04     
   0.270694       3.181789         -4.030646e-04     
   0.270694       3.265666         -3.291744e-04     
   0.270694       3.365002         -2.554509e-04     
   0.270694       3.479529         -1.869955e-04     
   0.270694       3.608938         -1.279275e-04     
   0.270694       3.752880         -8.083887e-05     
   0.270694       3.910968         -4.649031e-05     
   0.270694       4.082775         -2.387509e-05     
   0.270694       4.267838         -1.067911e-05     
   0.270694       4.465657         -4.019188e-06     
   0.270694       4.675701         -1.206650e-06     
   0.270694       4.897402         -2.601721e-07     
   0.270694       5.130163         -2.766293e-08     
   0.270694       5.373356         4.719182e-09      
   0.270694       5.626327         2.872331e-09      
   0.270694       5.888392         6.456380e-10      
   0.270694       6.158845         7.191645e-11      
   0.270694       6.436958         -1.540377e-12     
   0.270694       6.721980         -2.107584e-12     
   0.270694       7.013143         -3.722582e-13     
   0.270694       7.309662         -2.562570e-14     
   0.270694       7.610739         1.808344e-15      
   0.270694       7.915560         5.711918e-16      
   0.270694       8.223305         4.660721e-17      
   0.270694       8.533144         -6.370772e-19     
   0.270694       8.844241         -4.367864e-19     
   0.270694       9.155759         -2.984957e-20     
   0.270694       9.466856         6.339081e-22      
   0.270694       9.776695         2.019034e-22      
   0.270694       10.084440        7.915374e-24      
   0.270694       10.389261        -5.063693e-25     
   0.270694       10.690338        -5.505728e-26     
   0.270694       10.986857        -3.805938e-28     
   0.270694       11.278020        -5.640361e-29     
   0.270694       11.563042        -2.628141e-27     
   0.270694       11.841155        -2.754236e-26     
   0.270694       12.111608        -2.632252e-25     
   0.270694       12.373673        -1.989439e-24     
   0.270694       12.626644        -5.150391e-24     
   0.270694       12.869837        1.818578e-22      
   0.270694       13.102598        4.488837e-21      
   0.270694       13.324299        6.683802e-20      
   0.270694       13.534343        7.761874e-19      
   0.270694       13.732162        7.480425e-18      
   0.270694       13.917225        6.208359e-17      
   0.270694       14.089032        4.538741e-16      
   0.270694       14.247120        2.812803e-15      
   0.270694       14.391062        1.394800e-14      
   0.270694       14.520471        5.695979e-14      
   0.270694       14.634998        2.367404e-13      
   0.270694       14.734334        1.206824e-12      
   0.270694       14.818211        6.007381e-12      
   0.270694       14.886403        2.280933e-11      
   0.270694       14.938727        6.193776e-11      
   0.270694       14.975043        1.212867e-10      
   0.270694       14.995261        1.747747e-10      
   0.316959       0.001185         -1.212794e-07     
   0.316959       0.006239         -3.362692e-06     
   0.316959       0.015318         -2.025521e-05     
   0.316959       0.028399         -6.947810e-05     
   0.316959       0.045447         -1.771330e-04     
   0.316959       0.066417         -3.751490e-04     
   0.316959       0.091251         -6.983535e-04     
   0.316959       0.119882         -1.179836e-03     
   0.316959       0.152235         -1.844583e-03     
   0.316959       0.188220         -2.701993e-03     
   0.316959       0.227742         -3.738736e-03     
   0.316959       0.270694         -4.914188e-03     
   0.316959       0.316959         -6.160890e-03     
   0.316959       0.366414         -7.391678e-03     
   0.316959       0.418925         -8.513106e-03     
   0.316959       0.474351         -9.442224e-03     
   0.316959       0.532541         -1.012182e-02     
   0.316959       0.593339         -1.052923e-02     
   0.316959       0.656582         -1.067627e-02     
   0.316959       0.722098         -1.060121e-02     
   0.316959       0.789711         -1.035643e-02     
   0.316959       0.859239         -9.996365e-03     
   0.316959       0.930495         -9.568621e-03     
   0.316959       1.003286         -9.109512e-03     
   0.316959       1.077416         -8.643357e-03     
   0.316959       1.152685         -8.184179e-03     
   0.316959       1.228890         -7.738437e-03     
   0.316959       1.305826         -7.307796e-03     
   0.316959       1.383286         -6.891417e-03     
   0.316959       1.461060         -6.487569e-03     
   0.316959       1.538940         -6.094635e-03     
   0.316959       1.616714         -5.711598e-03     
   0.316959       1.694174         -5.338204e-03     
   0.316959       1.771110         -4.974899e-03     
   0.316959       1.847315         -4.622668e-03     
   0.316959       1.922584         -4.282829e-03     
   0.316959       1.996714         -3.956839e-03     
   0.316959       2.069505         -3.646126e-03     
   0.316959       2.140761         -3.351960e-03     
   0.316959       2.210289         -3.075368e-03     
   0.316959       2.277902         -2.817082e-03     
   0.316959       2.343418         -2.577519e-03     
   0.316959       2.406661         -2.356790e-03     
   0.316959       2.467459         -2.154723e-03     
   0.316959       2.525649         -1.970899e-03     
   0.316959       2.581075         -1.804691e-03     
   0.316959       2.633586         -1.655318e-03     
   0.316959       2.683041         -1.521884e-03     
   0.316959       2.729306         -1.403424e-03     
   0.316959       2.772258         -1.298940e-03     
   0.316959       2.811780         -1.207439e-03     
   0.316959       2.847765         -1.127959e-03     
   0.316959       2.880118         -1.059588e-03     
   0.316959       2.908749         -1.001489e-03     
   0.316959       2.933583         -9.529060e-04     
   0.316959       2.954553         -9.131781e-04     
   0.316959       2.971601         -8.817437e-04     
   0.316959       2.984682         -8.581450e-04     
   0.316959       2.993761         -8.420303e-04     
   0.316959       2.998815         -8.331522e-04     
   0.316959       3.004739         -8.228311e-04     
   0.316959       3.024957         -7.882903e-04     
   0.316959       3.061273         -7.288646e-04     
   0.316959       3.113597         -6.490130e-04     
   0.316959       3.181789         -5.547715e-04     
   0.316959       3.265666         -4.532376e-04     
   0.316959       3.365002         -3.518822e-04     
   0.316959       3.479529         -2.577159e-04     
   0.316959       3.608938         -1.764115e-04     
   0.316959       3.752880         -1.115509e-04     
   0.316959       3.910968         -6.420224e-05     
   0.316959       4.082775         -3.300086e-05     
   0.316959       4.267838         -1.477705e-05     
   0.316959       4.465657         -5.569132e-06     
   0.316959       4.675701         -1.675169e-06     
   0.316959       4.897402         -3.623890e-07     
   0.316959       5.130163         -3.898030e-08     
   0.316959       5.373356         6.394426e-09      
   0.316959       5.626327         3.961475e-09      
   0.316959       5.888392         8.945515e-10      
   0.316959       6.158845         1.002203e-10      
   0.316959       6.436958         -1.990566e-12     
   0.316959       6.721980         -2.901928e-12     
   0.316959       7.013143         -5.152231e-13     
   0.316959       7.309662         -3.574791e-14     
   0.316959       7.610739         2.458490e-15      
   0.316959       7.915560         7.882164e-16      
   0.316959       8.223305         6.473501e-17      
   0.316959       8.533144         -8.348206e-19     
   0.316959       8.844241         -6.021912e-19     
   0.316959       9.155759         -4.146871e-20     
   0.316959       9.466856         8.518574e-22      
   0.316959       9.776695         2.787613e-22      
   0.316959       10.084440        1.104446e-23      
   0.316959       10.389261        -6.934998e-25     
   0.316959       10.690338        -7.624391e-26     
   0.316959       10.986857        -5.495105e-28     
   0.316959       11.278020        -1.563344e-30     
   0.316959       11.563042        -2.797335e-27     
   0.316959       11.841155        -2.933637e-26     
   0.316959       12.111608        -2.803860e-25     
   0.316959       12.373673        -2.122703e-24     
   0.316959       12.626644        -5.621166e-24     
   0.316959       12.869837        1.906544e-22      
   0.316959       13.102598        4.730436e-21      
   0.316959       13.324299        7.051260e-20      
   0.316959       13.534343        8.191676e-19      
   0.316959       13.732162        7.896315e-18      
   0.316959       13.917225        6.554861e-17      
   0.316959       14.089032        4.792942e-16      
   0.316959       14.247120        2.970663e-15      
   0.316959       14.391062        1.473127e-14      
   0.316959       14.520471        6.015717e-14      
   0.316959       14.634998        2.500160e-13      
   0.316959       14.734334        1.274477e-12      
   0.316959       14.818211        6.344342e-12      
   0.316959       14.886403        2.408957e-11      
   0.316959       14.938727        6.541592e-11      
   0.316959       14.975043        1.280997e-10      
   0.316959       14.995261        1.845939e-10      
   0.366414       0.001185         -1.406301e-07     
   0.366414       0.006239         -3.899284e-06     
   0.366414       0.015318         -2.348918e-05     
   0.366414       0.028399         -8.058912e-05     
   0.366414       0.045447         -2.055614e-04     
   0.366414       0.066417         -4.357547e-04     
   0.366414       0.091251         -8.123978e-04     
   0.366414       0.119882         -1.375663e-03     
   0.366414       0.152235         -2.157789e-03     
   0.366414       0.188220         -3.174760e-03     
   0.366414       0.227742         -4.417893e-03     
   0.366414       0.270694         -5.847546e-03     
   0.366414       0.316959         -7.391678e-03     
   0.366414       0.366414         -8.951497e-03     
   0.366414       0.418925         -1.041475e-02     
   0.366414       0.474351         -1.167448e-02     
   0.366414       0.532541         -1.264830e-02     
   0.366414       0.593339         -1.329233e-02     
   0.366414       0.656582         -1.360544e-02     
   0.366414       0.722098         -1.362300e-02     
   0.366414       0.789711         -1.340365e-02     
   0.366414       0.859239         -1.301398e-02     
   0.366414       0.930495         -1.251599e-02     
   0.366414       1.003286         -1.195956e-02     
   0.366414       1.077416         -1.138000e-02     
   0.366414       1.152685         -1.079918e-02     
   0.366414       1.228890         -1.022852e-02     
   0.366414       1.305826         -9.672508e-03     
   0.366414       1.383286         -9.131651e-03     
   0.366414       1.461060         -8.604780e-03     
   0.366414       1.538940         -8.090477e-03     
   0.366414       1.616714         -7.587866e-03     
   0.366414       1.694174         -7.096903e-03     
   0.366414       1.771110         -6.618377e-03     
   0.366414       1.847315         -6.153728e-03     
   0.366414       1.922584         -5.704813e-03     
   0.366414       1.996714         -5.273655e-03     
   0.366414       2.069505         -4.862232e-03     
   0.366414       2.140761         -4.472308e-03     
   0.366414       2.210289         -4.105322e-03     
   0.366414       2.277902         -3.762317e-03     
   0.366414       2.343418         -3.443913e-03     
   0.366414       2.406661         -3.150320e-03     
   0.366414       2.467459         -2.881361e-03     
   0.366414       2.525649         -2.636526e-03     
   0.366414       2.581075         -2.415026e-03     
   0.366414       2.633586         -2.215854e-03     
   0.366414       2.683041         -2.037847e-03     
   0.366414       2.729306         -1.879746e-03     
   0.366414       2.772258         -1.740242e-03     
   0.366414       2.811780         -1.618030e-03     
   0.366414       2.847765         -1.511837e-03     
   0.366414       2.880118         -1.420463e-03     
   0.366414       2.908749         -1.342796e-03     
   0.366414       2.933583         -1.277836e-03     
   0.366414       2.954553         -1.224707e-03     
   0.366414       2.971601         -1.182662e-03     
   0.366414       2.984682         -1.151095e-03     
   0.366414       2.993761         -1.129537e-03     
   0.366414       2.998815         -1.117659e-03     
   0.366414       3.004739         -1.103850e-03     
   0.366414       3.024957         -1.057632e-03     
   0.366414       3.061273         -9.780996e-04     
   0.366414       3.113597         -8.711953e-04     
   0.366414       3.181789         -7.449709e-04     
   0.366414       3.265666         -6.089067e-04     
   0.366414       3.365002         -4.729970e-04     
   0.366414       3.479529         -3.466380e-04     
   0.366414       3.608938         -2.374523e-04     
   0.366414       3.752880         -1.502738e-04     
   0.366414       3.910968         -8.657178e-05     
   0.366414       4.082775         -4.454910e-05     
   0.366414       4.267838         -1.997506e-05     
   0.366414       4.465657         -7.540979e-06     
   0.366414       4.675701         -2.273654e-06     
   0.366414       4.897402         -4.938708e-07     
   0.366414       5.130163         -5.387621e-08     
   0.366414       5.373356         8.414469e-09      
   0.366414       5.626327         5.332767e-09      
   0.366414       5.888392         1.211143e-09      
   0.366414       6.158845         1.366610e-10      
   0.366414       6.436958         -2.453728e-12     
   0.366414       6.721980         -3.898412e-12     
   0.366414       7.013143         -6.966392e-13     
   0.366414       7.309662         -4.880649e-14     
   0.366414       7.610739         3.249707e-15      
   0.366414       7.915560         1.061825e-15      
   0.366414       8.223305         8.791186e-17      
   0.366414       8.533144         -1.050021e-18     
   0.366414       8.844241         -8.102944e-19     
   0.366414       9.155759         -5.633083e-20     
   0.366414       9.466856         1.109001e-21      
   0.366414       9.776695         3.757677e-22      
   0.366414       10.084440        1.508296e-23      
   0.366414       10.389261        -9.253627e-25     
   0.366414       10.690338        -1.031603e-25     
   0.366414       10.986857        -7.840834e-28     
   0.366414       11.278020        9.436584e-29      
   0.366414       11.563042        -2.718488e-27     
   0.366414       11.841155        -2.854788e-26     
   0.366414       12.111608        -2.728677e-25     
   0.366414       12.373673        -2.070040e-24     
   0.366414       12.626644        -5.631622e-24     
   0.366414       12.869837        1.818893e-22      
   0.366414       13.102598        4.542643e-21      
   0.366414       13.324299        6.780655e-20      
   0.366414       13.534343        7.881014e-19      
   0.366414       13.732162        7.598873e-18      
   0.366414       13.917225        6.309558e-17      
   0.366414       14.089032        4.614638e-16      
   0.366414       14.247120        2.860540e-15      
   0.366414       14.391062        1.418577e-14      
   0.366414       14.520471        5.792798e-14      
   0.366414       14.634998        2.407349e-13      
   0.366414       14.734334        1.227141e-12      
   0.366414       14.818211        6.108935e-12      
   0.366414       14.886403        2.319674e-11      
   0.366414       14.938727        6.299345e-11      
   0.366414       14.975043        1.233585e-10      
   0.366414       14.995261        1.777637e-10      
   0.418925       0.001185         -1.562389e-07     
   0.418925       0.006239         -4.332136e-06     
   0.418925       0.015318         -2.609874e-05     
   0.418925       0.028399         -8.956299e-05     
   0.418925       0.045447         -2.285675e-04     
   0.418925       0.066417         -4.849807e-04     
   0.418925       0.091251         -9.055855e-04     
   0.418925       0.119882         -1.537119e-03     
   0.418925       0.152235         -2.419268e-03     
   0.418925       0.188220         -3.575956e-03     
   0.418925       0.227742         -5.006031e-03     
   0.418925       0.270694         -6.675365e-03     
   0.418925       0.316959         -8.513106e-03     
   0.418925       0.366414         -1.041475e-02     
   0.418925       0.418925         -1.225364e-02     
   0.418925       0.474351         -1.389982e-02     
   0.418925       0.532541         -1.524238e-02     
   0.418925       0.593339         -1.620880e-02     
   0.418925       0.656582         -1.677535e-02     
   0.418925       0.722098         -1.696532e-02     
   0.418925       0.789711         -1.683691e-02     
   0.418925       0.859239         -1.646577e-02     
   0.418925       0.930495         -1.592844e-02     
   0.418925       1.003286         -1.529067e-02     
   0.418925       1.077416         -1.460192e-02     
   0.418925       1.152685         -1.389509e-02     
   0.418925       1.228890         -1.318928e-02     
   0.418925       1.305826         -1.249373e-02     
   0.418925       1.383286         -1.181172e-02     
   0.418925       1.461060         -1.114352e-02     
   0.418925       1.538940         -1.048850e-02     
   0.418925       1.616714         -9.846290e-03     
   0.418925       1.694174         -9.217326e-03     
   0.418925       1.771110         -8.602950e-03     
   0.418925       1.847315         -8.005254e-03     
   0.418925       1.922584         -7.426813e-03     
   0.418925       1.996714         -6.870395e-03     
   0.418925       2.069505         -6.338694e-03     
   0.418925       2.140761         -5.834123e-03     
   0.418925       2.210289         -5.358666e-03     
   0.418925       2.277902         -4.913787e-03     
   0.418925       2.343418         -4.500399e-03     
   0.418925       2.406661         -4.118865e-03     
   0.418925       2.467459         -3.769046e-03     
   0.418925       2.525649         -3.450353e-03     
   0.418925       2.581075         -3.161826e-03     
   0.418925       2.633586         -2.902213e-03     
   0.418925       2.683041         -2.670050e-03     
   0.418925       2.729306         -2.463736e-03     
   0.418925       2.772258         -2.281601e-03     
   0.418925       2.811780         -2.121971e-03     
   0.418925       2.847765         -1.983210e-03     
   0.418925       2.880118         -1.863771e-03     
   0.418925       2.908749         -1.762217e-03     
   0.418925       2.933583         -1.677258e-03     
   0.418925       2.954553         -1.607755e-03     
   0.418925       2.971601         -1.552743e-03     
   0.418925       2.984682         -1.511433e-03     
   0.418925       2.993761         -1.483218e-03     
   0.418925       2.998815         -1.467672e-03     
   0.418925       3.004739         -1.449598e-03     
   0.418925       3.024957         -1.389096e-03     
   0.418925       3.061273         -1.284955e-03     
   0.418925       3.113597         -1.144918e-03     
   0.418925       3.181789         -9.794842e-04     
   0.418925       3.265666         -8.010375e-04     
   0.418925       3.365002         -6.226573e-04     
   0.418925       3.479529         -4.566690e-04     
   0.418925       3.608938         -3.131019e-04     
   0.418925       3.752880         -1.983501e-04     
   0.418925       3.910968         -1.144019e-04     
   0.418925       4.082775         -5.895087e-05     
   0.418925       4.267838         -2.647609e-05     
   0.418925       4.465657         -1.001600e-05     
   0.418925       4.675701         -3.028561e-06     
   0.418925       4.897402         -6.611020e-07     
   0.418925       5.130163         -7.333433e-08     
   0.418925       5.373356         1.077957e-08      
   0.418925       5.626327         7.031951e-09      
   0.418925       5.888392         1.608375e-09      
   0.418925       6.158845         1.830563e-10      
   0.418925       6.436958         -2.868360e-12     
   0.418925       6.721980         -5.127685e-12     
   0.418925       7.013143         -9.236259e-13     
   0.418925       7.309662         -6.547072e-14     
   0.418925       7.610739         4.188272e-15      
   0.418925       7.915560         1.401442e-15      
   0.418925       8.223305         1.171737e-16      
   0.418925       8.533144         -1.264967e-18     
   0.418925       8.844241         -1.067947e-18     
   0.418925       9.155759         -7.510498e-20     
   0.418925       9.466856         1.401200e-21      
   0.418925       9.776695         4.963431e-22      
   0.418925       10.084440        2.023887e-23      
   0.418925       10.389261        -1.206948e-24     
   0.418925       10.690338        -1.368851e-25     
   0.418925       10.986857        -1.110180e-27     
   0.418925       11.278020        2.340884e-28      
   0.418925       11.563042        -2.394095e-27     
   0.418925       11.841155        -2.520775e-26     
   0.418925       12.111608        -2.409601e-25     
   0.418925       12.373673        -1.832491e-24     
   0.418925       12.626644        -5.143989e-24     
   0.418925       12.869837        1.567467e-22      
   0.418925       13.102598        3.946822e-21      
   0.418925       13.324299        5.901313e-20      
   0.418925       13.534343        6.862957e-19      
   0.418925       13.732162        6.619429e-18      
   0.418925       13.917225        5.498022e-17      
   0.418925       14.089032        4.022242e-16      
   0.418925       14.247120        2.493741e-15      
   0.418925       14.391062        1.236740e-14      
   0.418925       14.520471        5.050092e-14      
   0.418925       14.634998        2.098523e-13      
   0.418925       14.734334        1.069690e-12      
   0.418925       14.818211        5.325364e-12      
   0.418925       14.886403        2.022247e-11      
   0.418925       14.938727        5.491866e-11      
   0.418925       14.975043        1.075486e-10      
   0.418925       14.995261        1.549832e-10      
   0.474351       0.001185         -1.670943e-07     
   0.474351       0.006239         -4.633201e-06     
   0.474351       0.015318         -2.791467e-05     
   0.474351       0.028399         -9.581662e-05     
   0.474351       0.045447         -2.446498e-04     
   0.474351       0.066417         -5.195890e-04     
   0.474351       0.091251         -9.717107e-04     
   0.474351       0.119882         -1.653266e-03     
   0.474351       0.152235         -2.610926e-03     
   0.474351       0.188220         -3.877162e-03     
   0.474351       0.227742         -5.460557e-03     
   0.474351       0.270694         -7.336718e-03     
   0.474351       0.316959         -9.442224e-03     
   0.474351       0.366414         -1.167448e-02     
   0.474351       0.418925         -1.389982e-02     
   0.474351       0.474351         -1.597032e-02     
   0.474351       0.532541         -1.774696e-02     
   0.474351       0.593339         -1.912347e-02     
   0.474351       0.656582         -2.004371e-02     
   0.474351       0.722098         -2.050711e-02     
   0.474351       0.789711         -2.056084e-02     
   0.474351       0.859239         -2.028260e-02     
   0.474351       0.930495         -1.976066e-02     
   0.474351       1.003286         -1.907733e-02     
   0.474351       1.077416         -1.829910e-02     
   0.474351       1.152685         -1.747344e-02     
   0.474351       1.228890         -1.663051e-02     
   0.474351       1.305826         -1.578712e-02     
   0.474351       1.383286         -1.495133e-02     
   0.474351       1.461060         -1.412627e-02     
   0.474351       1.538940         -1.331302e-02     
   0.474351       1.616714         -1.251235e-02     
   0.474351       1.694174         -1.172561e-02     
   0.474351       1.771110         -1.095500e-02     
   0.474351       1.847315         -1.020355e-02     
   0.474351       1.922584         -9.474780e-03     
   0.474351       1.996714         -8.772434e-03     
   0.474351       2.069505         -8.100133e-03     
   0.474351       2.140761         -7.461129e-03     
   0.474351       2.210289         -6.858121e-03     
   0.474351       2.277902         -6.293142e-03     
   0.474351       2.343418         -5.767509e-03     
   0.474351       2.406661         -5.281834e-03     
   0.474351       2.467459         -4.836067e-03     
   0.474351       2.525649         -4.429578e-03     
   0.474351       2.581075         -4.061245e-03     
   0.474351       2.633586         -3.729561e-03     
   0.474351       2.683041         -3.432732e-03     
   0.474351       2.729306         -3.168778e-03     
   0.474351       2.772258         -2.935620e-03     
   0.474351       2.811780         -2.731162e-03     
   0.474351       2.847765         -2.553350e-03     
   0.474351       2.880118         -2.400231e-03     
   0.474351       2.908749         -2.269994e-03     
   0.474351       2.933583         -2.161002e-03     
   0.474351       2.954553         -2.071816e-03     
   0.474351       2.971601         -2.001208e-03     
   0.474351       2.984682         -1.948178e-03     
   0.474351       2.993761         -1.911954e-03     
   0.474351       2.998815         -1.891993e-03     
   0.474351       3.004739         -1.868785e-03     
   0.474351       3.024957         -1.791085e-03     
   0.474351       3.061273         -1.657301e-03     
   0.474351       3.113597         -1.477314e-03     
   0.474351       3.181789         -1.264549e-03     
   0.474351       3.265666         -1.034867e-03     
   0.474351       3.365002         -8.050591e-04     
   0.474351       3.479529         -5.909929e-04     
   0.474351       3.608938         -4.056278e-04     
   0.474351       3.752880         -2.572781e-04     
   0.474351       3.910968         -1.485979e-04     
   0.474351       4.082775         -7.669772e-05     
   0.474351       4.267838         -3.451458e-05     
   0.474351       4.465657         -1.308943e-05     
   0.474351       4.675701         -3.971461e-06     
   0.474351       4.897402         -8.720206e-07     
   0.474351       5.130163         -9.862672e-08     
   0.474351       5.373356         1.346287e-08      
   0.474351       5.626327         9.109017e-09      
   0.474351       5.888392         2.101378e-09      
   0.474351       6.158845         2.416323e-10      
   0.474351       6.436958         -3.137206e-12     
   0.474351       6.721980         -6.622350e-12     
   0.474351       7.013143         -1.204398e-12     
   0.474351       7.309662         -8.656380e-14     
   0.474351       7.610739         5.273398e-15      
   0.474351       7.915560         1.817513e-15      
   0.474351       8.223305         1.537563e-16      
   0.474351       8.533144         -1.450777e-18     
   0.474351       8.844241         -1.382623e-18     
   0.474351       9.155759         -9.859038e-20     
   0.474351       9.466856         1.719074e-21      
   0.474351       9.776695         6.443059e-22      
   0.474351       10.084440        2.676809e-23      
   0.474351       10.389261        -1.542675e-24     
   0.474351       10.690338        -1.786693e-25     
   0.474351       10.986857        -1.563570e-27     
   0.474351       11.278020        4.145899e-28      
   0.474351       11.563042        -1.891448e-27     
   0.474351       11.841155        -2.002422e-26     
   0.474351       12.111608        -1.914266e-25     
   0.474351       12.373673        -1.460009e-24     
   0.474351       12.626644        -4.246388e-24     
   0.474351       12.869837        1.209016e-22      
   0.474351       13.102598        3.075032e-21      
   0.474351       13.324299        4.607339e-20      
   0.474351       13.534343        5.361910e-19      
   0.474351       13.732162        5.173702e-18      
   0.474351       13.917225        4.298853e-17      
   0.474351       14.089032        3.146033e-16      
   0.474351       14.247120        1.950898e-15      
   0.474351       14.391062        9.675826e-15      
   0.474351       14.520471        3.950860e-14      
   0.474351       14.634998        1.641580e-13      
   0.474351       14.734334        8.367444e-13      
   0.474351       14.818211        4.165899e-12      
   0.474351       14.886403        1.582056e-11      
   0.474351       14.938727        4.296637e-11      
   0.474351       14.975043        8.414475e-11      
   0.474351       14.995261        1.212589e-10      
   0.532541       0.001185         -1.729050e-07     
   0.532541       0.006239         -4.794389e-06     
   0.532541       0.015318         -2.888795e-05     
   0.532541       0.028399         -9.917886e-05     
   0.532541       0.045447         -2.533552e-04     
   0.532541       0.066417         -5.385536e-04     
   0.532541       0.091251         -1.008659e-03     
   0.532541       0.119882         -1.720001e-03     
   0.532541       0.152235         -2.725153e-03     
   0.532541       0.188220         -4.064832e-03     
   0.532541       0.227742         -5.758411e-03     
   0.532541       0.270694         -7.794248e-03     
   0.532541       0.316959         -1.012182e-02     
   0.532541       0.366414         -1.264830e-02     
   0.532541       0.418925         -1.524238e-02     
   0.532541       0.474351         -1.774696e-02     
   0.532541       0.532541         -2.000039e-02     
   0.532541       0.593339         -2.186220e-02     
   0.532541       0.656582         -2.323679e-02     
   0.532541       0.722098         -2.408756e-02     
   0.532541       0.789711         -2.443694e-02     
   0.532541       0.859239         -2.435303e-02     
   0.532541       0.930495         -2.392869e-02     
   0.532541       1.003286         -2.326045e-02     
   0.532541       1.077416         -2.243309e-02     
   0.532541       1.152685         -2.151203e-02     
   0.532541       1.228890         -2.054232e-02     
   0.532541       1.305826         -1.955188e-02     
   0.532541       1.383286         -1.855635e-02     
   0.532541       1.461060         -1.756380e-02     
   0.532541       1.538940         -1.657843e-02     
   0.532541       1.616714         -1.560310e-02     
   0.532541       1.694174         -1.464073e-02     
   0.532541       1.771110         -1.369488e-02     
   0.532541       1.847315         -1.276986e-02     
   0.532541       1.922584         -1.187047e-02     
   0.532541       1.996714         -1.100171e-02     
   0.532541       2.069505         -1.016839e-02     
   0.532541       2.140761         -9.374842e-03     
   0.532541       2.210289         -8.624694e-03     
   0.532541       2.277902         -7.920731e-03     
   0.532541       2.343418         -7.264833e-03     
   0.532541       2.406661         -6.657977e-03     
   0.532541       2.467459         -6.100298e-03     
   0.532541       2.525649         -5.591181e-03     
   0.532541       2.581075         -5.129375e-03     
   0.532541       2.633586         -4.713124e-03     
   0.532541       2.683041         -4.340293e-03     
   0.532541       2.729306         -4.008495e-03     
   0.532541       2.772258         -3.715201e-03     
   0.532541       2.811780         -3.457845e-03     
   0.532541       2.847765         -3.233902e-03     
   0.532541       2.880118         -3.040960e-03     
   0.532541       2.908749         -2.876780e-03     
   0.532541       2.933583         -2.739330e-03     
   0.532541       2.954553         -2.626820e-03     
   0.532541       2.971601         -2.537724e-03     
   0.532541       2.984682         -2.470795e-03     
   0.532541       2.993761         -2.425069e-03     
   0.532541       2.998815         -2.399870e-03     
   0.532541       3.004739         -2.370569e-03     
   0.532541       3.024957         -2.272455e-03     
   0.532541       3.061273         -2.103457e-03     
   0.532541       3.113597         -1.875965e-03     
   0.532541       3.181789         -1.606838e-03     
   0.532541       3.265666         -1.316040e-03     
   0.532541       3.365002         -1.024764e-03     
   0.532541       3.479529         -7.531038e-04     
   0.532541       3.608938         -5.175432e-04     
   0.532541       3.752880         -3.287358e-04     
   0.532541       3.910968         -1.901855e-04     
   0.532541       4.082775         -9.835346e-05     
   0.532541       4.267838         -4.436301e-05     
   0.532541       4.465657         -1.687368e-05     
   0.532541       4.675701         -5.140303e-06     
   0.532541       4.897402         -1.136415e-06     
   0.532541       5.130163         -1.314036e-07     
   0.532541       5.373356         1.639840e-08      
   0.532541       5.626327         1.161834e-08      
   0.532541       5.888392         2.707915e-09      
   0.532541       6.158845         3.151331e-10      
   0.532541       6.436958         -3.114563e-12     
   0.532541       6.721980         -8.416760e-12     
   0.532541       7.013143         -1.548483e-12     
   0.532541       7.309662         -1.131035e-13     
   0.532541       7.610739         6.494206e-15      
   0.532541       7.915560         2.321616e-15      
   0.532541       8.223305         1.991421e-16      
   0.532541       8.533144         -1.563505e-18     
   0.532541       8.844241         -1.762453e-18     
   0.532541       9.155759         -1.277472e-19     
   0.532541       9.466856         2.046039e-21      
   0.532541       9.776695         8.239229e-22      
   0.532541       10.084440        3.498693e-23      
   0.532541       10.389261        -1.936006e-24     
   0.532541       10.690338        -2.299708e-25     
   0.532541       10.986857        -2.192675e-27     
   0.532541       11.278020        6.290863e-28      
   0.532541       11.563042        -1.321548e-27     
   0.532541       11.841155        -1.416136e-26     
   0.532541       12.111608        -1.353897e-25     
   0.532541       12.373673        -1.036064e-24     
   0.532541       12.626644        -3.133998e-24     
   0.532541       12.869837        8.254753e-23      
   0.532541       13.102598        2.125445e-21      
   0.532541       13.324299        3.192519e-20      
   0.532541       13.534343        3.718532e-19      
   0.532541       13.732162        3.589719e-18      
   0.532541       13.917225        2.984072e-17      
   0.532541       14.089032        2.184732e-16      
   0.532541       14.247120        1.355110e-15      
   0.532541       14.391062        6.721404e-15      
   0.532541       14.520471        2.744370e-14      
   0.532541       14.634998        1.140146e-13      
   0.532541       14.734334        5.811325e-13      
   0.532541       14.818211        2.893480e-12      
   0.532541       14.886403        1.098924e-11      
   0.532541       14.938727        2.984692e-11      
   0.532541       14.975043        5.845395e-11      
   0.532541       14.995261        8.423817e-11      
   0.593339       0.001185         -1.740452e-07     
   0.593339       0.006239         -4.826067e-06     
   0.593339       0.015318         -2.908078e-05     
   0.593339       0.028399         -9.986056e-05     
   0.593339       0.045447         -2.552072e-04     
   0.593339       0.066417         -5.429276e-04     
   0.593339       0.091251         -1.018216e-03     
   0.593339       0.119882         -1.739881e-03     
   0.593339       0.152235         -2.764879e-03     
   0.593339       0.188220         -4.141051e-03     
   0.593339       0.227742         -5.898309e-03     
   0.593339       0.270694         -8.039045e-03     
   0.593339       0.316959         -1.052923e-02     
   0.593339       0.366414         -1.329233e-02     
   0.593339       0.418925         -1.620880e-02     
   0.593339       0.474351         -1.912347e-02     
   0.593339       0.532541         -2.186220e-02     
   0.593339       0.593339         -2.425619e-02     
   0.593339       0.656582         -2.616907e-02     
   0.593339       0.722098         -2.751919e-02     
   0.593339       0.789711         -2.828986e-02     
   0.593339       0.859239         -2.852420e-02     
   0.593339       0.930495         -2.830730e-02     
   0.593339       1.003286         -2.774283e-02     
   0.593339       1.077416         -2.693207e-02     
   0.593339       1.152685         -2.596016e-02     
   0.593339       1.228890         -2.489077e-02     
   0.593339       1.305826         -2.376698e-02     
   0.593339       1.383286         -2.261559e-02     
   0.593339       1.461060         -2.145238e-02     
   0.593339       1.538940         -2.028673e-02     
   0.593339       1.616714         -1.912499e-02     
   0.593339       1.694174         -1.797261e-02     
   0.593339       1.771110         -1.683520e-02     
   0.593339       1.847315         -1.571887e-02     
   0.593339       1.922584         -1.463012e-02     
   0.593339       1.996714         -1.357556e-02     
   0.593339       2.069505         -1.256152e-02     
   0.593339       2.140761         -1.159369e-02     
   0.593339       2.210289         -1.067691e-02     
   0.593339       2.277902         -9.814954e-03     
   0.593339       2.343418         -9.010453e-03     
   0.593339       2.406661         -8.264920e-03     
   0.593339       2.467459         -7.578802e-03     
   0.593339       2.525649         -6.951591e-03     
   0.593339       2.581075         -6.381970e-03     
   0.593339       2.633586         -5.867964e-03     
   0.593339       2.683041         -5.407108e-03     
   0.593339       2.729306         -4.996594e-03     
   0.593339       2.772258         -4.633417e-03     
   0.593339       2.811780         -4.314500e-03     
   0.593339       2.847765         -4.036802e-03     
   0.593339       2.880118         -3.797407e-03     
   0.593339       2.908749         -3.593591e-03     
   0.593339       2.933583         -3.422882e-03     
   0.593339       2.954553         -3.283095e-03     
   0.593339       2.971601         -3.172365e-03     
   0.593339       2.984682         -3.089163e-03     
   0.593339       2.993761         -3.032310e-03     
   0.593339       2.998815         -3.000976e-03     
   0.593339       3.004739         -2.964536e-03     
   0.593339       3.024957         -2.842496e-03     
   0.593339       3.061273         -2.632196e-03     
   0.593339       3.113597         -2.348912e-03     
   0.593339       3.181789         -2.013480e-03     
   0.593339       3.265666         -1.650638e-03     
   0.593339       3.365002         -1.286733e-03     
   0.593339       3.479529         -9.468410e-04     
   0.593339       3.608938         -6.516399e-04     
   0.593339       3.752880         -4.146091e-04     
   0.593339       3.910968         -2.403313e-04     
   0.593339       4.082775         -1.245677e-04     
   0.593339       4.267838         -5.633977e-05     
   0.593339       4.465657         -2.150217e-05     
   0.593339       4.675701         -6.580965e-06     
   0.593339       4.897402         -1.466418e-06     
   0.593339       5.130163         -1.738082e-07     
   0.593339       5.373356         1.946491e-08      
   0.593339       5.626327         1.461855e-08      
   0.593339       5.888392         3.448918e-09      
   0.593339       6.158845         4.069541e-10      
   0.593339       6.436958         -2.589882e-12     
   0.593339       6.721980         -1.054661e-11     
   0.593339       7.013143         -1.966963e-12     
   0.593339       7.309662         -1.463516e-13     
   0.593339       7.610739         7.825762e-15      
   0.593339       7.915560         2.926562e-15      
   0.593339       8.223305         2.551161e-16      
   0.593339       8.533144         -1.539180e-18     
   0.593339       8.844241         -2.216230e-18     
   0.593339       9.155759         -1.637327e-19     
   0.593339       9.466856         2.355779e-21      
   0.593339       9.776695         1.039956e-21      
   0.593339       10.084440        4.528733e-23      
   0.593339       10.389261        -2.388910e-24     
   0.593339       10.690338        -2.924938e-25     
   0.593339       10.986857        -3.061911e-27     
   0.593339       11.278020        8.708496e-28      
   0.593339       11.563042        -7.976126e-28     
   0.593339       11.841155        -8.804966e-27     
   0.593339       12.111608        -8.418386e-26     
   0.593339       12.373673        -6.466470e-25     
   0.593339       12.626644        -2.040943e-24     
   0.593339       12.869837        4.923555e-23      
   0.593339       13.102598        1.286682e-21      
   0.593339       13.324299        1.938407e-20      
   0.593339       13.534343        2.260067e-19      
   0.593339       13.732162        2.183011e-18      
   0.593339       13.917225        1.815677e-17      
   0.593339       14.089032        1.329958e-16      
   0.593339       14.247120        8.251612e-16      
   0.593339       14.391062        4.093188e-15      
   0.593339       14.520471        1.671167e-14      
   0.593339       14.634998        6.941849e-14      
   0.593339       14.734334        3.538108e-13      
   0.593339       14.818211        1.761778e-12      
   0.593339       14.886403        6.691728e-12      
   0.593339       14.938727        1.817607e-11      
   0.593339       14.975043        3.559863e-11      
   0.593339       14.995261        5.130247e-11      
   0.656582       0.001185         -1.713538e-07     
   0.656582       0.006239         -4.751491e-06     
   0.656582       0.015318         -2.863310e-05     
   0.656582       0.028399         -9.834023e-05     
   0.656582       0.045447         -2.514172e-04     
   0.656582       0.066417         -5.352433e-04     
   0.656582       0.091251         -1.004989e-03     
   0.656582       0.119882         -1.720399e-03     
   0.656582       0.152235         -2.741129e-03     
   0.656582       0.188220         -4.120467e-03     
   0.656582       0.227742         -5.897507e-03     
   0.656582       0.270694         -8.088207e-03     
   0.656582       0.316959         -1.067627e-02     
   0.656582       0.366414         -1.360544e-02     
   0.656582       0.418925         -1.677535e-02     
   0.656582       0.474351         -2.004371e-02     
   0.656582       0.532541         -2.323679e-02     
   0.656582       0.593339         -2.616907e-02     
   0.656582       0.656582         -2.866967e-02     
   0.656582       0.722098         -3.060968e-02     
   0.656582       0.789711         -3.192242e-02     
   0.656582       0.859239         -3.260970e-02     
   0.656582       0.930495         -3.273210e-02     
   0.656582       1.003286         -3.238765e-02     
   0.656582       1.077416         -3.168725e-02     
   0.656582       1.152685         -3.073448e-02     
   0.656582       1.228890         -2.961385e-02     
   0.656582       1.305826         -2.838750e-02     
   0.656582       1.383286         -2.709753e-02     
   0.656582       1.461060         -2.577096e-02     
   0.656582       1.538940         -2.442507e-02     
   0.656582       1.616714         -2.307168e-02     
   0.656582       1.694174         -2.172015e-02     
   0.656582       1.771110         -2.037910e-02     
   0.656582       1.847315         -1.905715e-02     
   0.656582       1.922584         -1.776305e-02     
   0.656582       1.996714         -1.650548e-02     
   0.656582       2.069505         -1.529266e-02     
   0.656582       2.140761         -1.413205e-02     
   0.656582       2.210289         -1.302999e-02     
   0.656582       2.277902         -1.199153e-02     
   0.656582       2.343418         -1.102032e-02     
   0.656582       2.406661         -1.011862e-02     
   0.656582       2.467459         -9.287366e-03     
   0.656582       2.525649         -8.526293e-03     
   0.656582       2.581075         -7.834112e-03     
   0.656582       2.633586         -7.208700e-03     
   0.656582       2.683041         -6.647290e-03     
   0.656582       2.729306         -6.146668e-03     
   0.656582       2.772258         -5.703343e-03     
   0.656582       2.811780         -5.313705e-03     
   0.656582       2.847765         -4.974161e-03     
   0.656582       2.880118         -4.681248e-03     
   0.656582       2.908749         -4.431718e-03     
   0.656582       2.933583         -4.222610e-03     
   0.656582       2.954553         -4.051305e-03     
   0.656582       2.971601         -3.915559e-03     
   0.656582       2.984682         -3.813531e-03     
   0.656582       2.993761         -3.743800e-03     
   0.656582       2.998815         -3.705363e-03     
   0.656582       3.004739         -3.660659e-03     
   0.656582       3.024957         -3.510904e-03     
   0.656582       3.061273         -3.252712e-03     
   0.656582       3.113597         -2.904640e-03     
   0.656582       3.181789         -2.492064e-03     
   0.656582       3.265666         -2.045201e-03     
   0.656582       3.365002         -1.596357e-03     
   0.656582       3.479529         -1.176424e-03     
   0.656582       3.608938         -8.110231e-04     
   0.656582       3.752880         -5.170214e-04     
   0.656582       3.910968         -3.003660e-04     
   0.656582       4.082775         -1.560914e-04     
   0.656582       4.267838         -7.081824e-05     
   0.656582       4.465657         -2.713385e-05     
   0.656582       4.675701         -8.349129e-06     
   0.656582       4.897402         -1.877117e-06     
   0.656582       5.130163         -2.286235e-07     
   0.656582       5.373356         2.246391e-08      
   0.656582       5.626327         1.817193e-08      
   0.656582       5.888392         4.349086e-09      
   0.656582       6.158845         5.213046e-10      
   0.656582       6.436958         -1.266673e-12     
   0.656582       6.721980         -1.304816e-11     
   0.656582       7.013143         -2.472747e-12     
   0.656582       7.309662         -1.878739e-13     
   0.656582       7.610739         9.223882e-15      
   0.656582       7.915560         3.646448e-15      
   0.656582       8.223305         3.238310e-16      
   0.656582       8.533144         -1.287503e-18     
   0.656582       8.844241         -2.753364e-18     
   0.656582       9.155759         -2.079442e-19     
   0.656582       9.466856         2.609000e-21      
   0.656582       9.776695         1.297699e-21      
   0.656582       10.084440        5.815505e-23      
   0.656582       10.389261        -2.901138e-24     
   0.656582       10.690338        -3.682321e-25     
   0.656582       10.986857        -4.255947e-27     
   0.656582       11.278020        1.136924e-27      
   0.656582       11.563042        -3.946242e-28     
   0.656582       11.841155        -4.740622e-27     
   0.656582       12.111608        -4.532197e-26     
   0.656582       12.373673        -3.495945e-25     
   0.656582       12.626644        -1.154138e-24     
   0.656582       12.869837        2.525177e-23      
   0.656582       13.102598        6.717710e-22      
   0.656582       13.324299        1.015583e-20      
   0.656582       13.534343        1.185515e-19      
   0.656582       13.732162        1.145856e-18      
   0.656582       13.917225        9.536438e-18      
   0.656582       14.089032        6.989259e-17      
   0.656582       14.247120        4.337873e-16      
   0.656582       14.391062        2.152007e-15      
   0.656582       14.520471        8.785638e-15      
   0.656582       14.634998        3.648853e-14      
   0.656582       14.734334        1.859646e-13      
   0.656582       14.818211        9.260856e-13      
   0.656582       14.886403        3.517911e-12      
   0.656582       14.938727        9.556112e-12      
   0.656582       14.975043        1.871702e-11      
   0.656582       14.995261        2.697449e-11      
   0.722098       0.001185         -1.658783e-07     
   0.722098       0.006239         -4.599705e-06     
   0.722098       0.015318         -2.771980e-05     
   0.722098       0.028399         -9.521744e-05     
   0.722098       0.045447         -2.435118e-04     
   0.722098       0.066417         -5.187242e-04     
   0.722098       0.091251         -9.749464e-04     
   0.722098       0.119882         -1.671548e-03     
   0.722098       0.152235         -2.669282e-03     
   0.722098       0.188220         -4.025001e-03     
   0.722098       0.227742         -5.784957e-03     
   0.722098       0.270694         -7.976856e-03     
   0.722098       0.316959         -1.060121e-02     
   0.722098       0.366414         -1.362300e-02     
   0.722098       0.418925         -1.696532e-02     
   0.722098       0.474351         -2.050711e-02     
   0.722098       0.532541         -2.408756e-02     
   0.722098       0.593339         -2.751919e-02     
   0.722098       0.656582         -3.060968e-02     
   0.722098       0.722098         -3.318952e-02     
   0.722098       0.789711         -3.513900e-02     
   0.722098       0.859239         -3.640604e-02     
   0.722098       0.930495         -3.700871e-02     
   0.722098       1.003286         -3.702165e-02     
   0.722098       1.077416         -3.655240e-02     
   0.722098       1.152685         -3.571640e-02     
   0.722098       1.228890         -3.461810e-02     
   0.722098       1.305826         -3.334126e-02     
   0.722098       1.383286         -3.194726e-02     
   0.722098       1.461060         -3.047842e-02     
   0.722098       1.538940         -2.896334e-02     
   0.722098       1.616714         -2.742192e-02     
   0.722098       1.694174         -2.586933e-02     
   0.722098       1.771110         -2.431853e-02     
   0.722098       1.847315         -2.278160e-02     
   0.722098       1.922584         -2.127025e-02     
   0.722098       1.996714         -1.979581e-02     
   0.722098       2.069505         -1.836892e-02     
   0.722098       2.140761         -1.699919e-02     
   0.722098       2.210289         -1.569487e-02     
   0.722098       2.277902         -1.446265e-02     
   0.722098       2.343418         -1.330751e-02     
   0.722098       2.406661         -1.223273e-02     
   0.722098       2.467459         -1.123995e-02     
   0.722098       2.525649         -1.032935e-02     
   0.722098       2.581075         -9.499808e-03     
   0.722098       2.633586         -8.749152e-03     
   0.722098       2.683041         -8.074391e-03     
   0.722098       2.729306         -7.471941e-03     
   0.722098       2.772258         -6.937843e-03     
   0.722098       2.811780         -6.467950e-03     
   0.722098       2.847765         -6.058100e-03     
   0.722098       2.880118         -5.704254e-03     
   0.722098       2.908749         -5.402604e-03     
   0.722098       2.933583         -5.149668e-03     
   0.722098       2.954553         -4.942352e-03     
   0.722098       2.971601         -4.778002e-03     
   0.722098       2.984682         -4.654435e-03     
   0.722098       2.993761         -4.569963e-03     
   0.722098       2.998815         -4.523392e-03     
   0.722098       3.004739         -4.469223e-03     
   0.722098       3.024957         -4.287710e-03     
   0.722098       3.061273         -3.974579e-03     
   0.722098       3.113597         -3.552060e-03     
   0.722098       3.181789         -3.050633e-03     
   0.722098       3.265666         -2.506734e-03     
   0.722098       3.365002         -1.959483e-03     
   0.722098       3.479529         -1.446486e-03     
   0.722098       3.608938         -9.991454e-04     
   0.722098       3.752880         -6.383649e-04     
   0.722098       3.910968         -3.718088e-04     
   0.722098       4.082775         -1.937938e-04     
   0.722098       4.267838         -8.823703e-05     
   0.722098       4.465657         -3.395844e-05     
   0.722098       4.675701         -1.051250e-05     
   0.722098       4.897402         -2.387300e-06     
   0.722098       5.130163         -2.994573e-07     
   0.722098       5.373356         2.509020e-08      
   0.722098       5.626327         2.234308e-08      
   0.722098       5.888392         5.437544e-09      
   0.722098       6.158845         6.634042e-10      
   0.722098       6.436958         1.264554e-12      
   0.722098       6.721980         -1.595694e-11     
   0.722098       7.013143         -3.080853e-12     
   0.722098       7.309662         -2.396113e-13     
   0.722098       7.610739         1.061836e-14      
   0.722098       7.915560         4.496652e-15      
   0.722098       8.223305         4.078809e-16      
   0.722098       8.533144         -6.838808e-19     
   0.722098       8.844241         -3.383772e-18     
   0.722098       9.155759         -2.620667e-19     
   0.722098       9.466856         2.749262e-21      
   0.722098       9.776695         1.602990e-21      
   0.722098       10.084440        7.419129e-23      
   0.722098       10.389261        -3.469229e-24     
   0.722098       10.690338        -4.595143e-25     
   0.722098       10.986857        -5.885280e-27     
   0.722098       11.278020        1.429720e-27      
   0.722098       11.563042        -1.315845e-28     
   0.722098       11.841155        -2.169931e-27     
   0.722098       12.111608        -2.073614e-26     
   0.722098       12.373673        -1.606764e-25     
   0.722098       12.626644        -5.556216e-25     
   0.722098       12.869837        1.092844e-23      
   0.722098       13.102598        2.969318e-22      
   0.722098       13.324299        4.507285e-21      
   0.722098       13.534343        5.268697e-20      
   0.722098       13.732162        5.096358e-19      
   0.722098       13.917225        4.244545e-18      
   0.722098       14.089032        3.112850e-17      
   0.722098       14.247120        1.932727e-16      
   0.722098       14.391062        9.589332e-16      
   0.722098       14.520471        3.914587e-15      
   0.722098       14.634998        1.625500e-14      
   0.722098       14.734334        8.283928e-14      
   0.722098       14.818211        4.125759e-13      
   0.722098       14.886403        1.567441e-12      
   0.722098       14.938727        4.258213e-12      
   0.722098       14.975043        8.340813e-12      
   0.722098       14.995261        1.202093e-11      
   0.789711       0.001185         -1.586489e-07     
   0.789711       0.006239         -4.399273e-06     
   0.789711       0.015318         -2.651300e-05     
   0.789711       0.028399         -9.108300e-05     
   0.789711       0.045447         -2.329998e-04     
   0.789711       0.066417         -4.965759e-04     
   0.789711       0.091251         -9.340858e-04     
   0.789711       0.119882         -1.603528e-03     
   0.789711       0.152235         -2.565409e-03     
   0.789711       0.188220         -3.878375e-03     
   0.789711       0.227742         -5.593604e-03     
   0.789711       0.270694         -7.747997e-03     
   0.789711       0.316959         -1.035643e-02     
   0.789711       0.366414         -1.340365e-02     
   0.789711       0.418925         -1.683691e-02     
   0.789711       0.474351         -2.056084e-02     
   0.789711       0.532541         -2.443694e-02     
   0.789711       0.593339         -2.828986e-02     
   0.789711       0.656582         -3.192242e-02     
   0.789711       0.722098         -3.513900e-02     
   0.789711       0.789711         -3.777383e-02     
   0.789711       0.859239         -3.971710e-02     
   0.789711       0.930495         -4.093031e-02     
   0.789711       1.003286         -4.144537e-02     
   0.789711       1.077416         -4.134798e-02     
   0.789711       1.152685         -4.075246e-02     
   0.789711       1.228890         -3.977699e-02     
   0.789711       1.305826         -3.852632e-02     
   0.789711       1.383286         -3.708381e-02     
   0.789711       1.461060         -3.551106e-02     
   0.789711       1.538940         -3.385187e-02     
   0.789711       1.616714         -3.213749e-02     
   0.789711       1.694174         -3.039134e-02     
   0.789711       1.771110         -2.863250e-02     
   0.789711       1.847315         -2.687782e-02     
   0.789711       1.922584         -2.514290e-02     
   0.789711       1.996714         -2.344245e-02     
   0.789711       2.069505         -2.179009e-02     
   0.789711       2.140761         -2.019814e-02     
   0.789711       2.210289         -1.867723e-02     
   0.789711       2.277902         -1.723610e-02     
   0.789711       2.343418         -1.588144e-02     
   0.789711       2.406661         -1.461788e-02     
   0.789711       2.467459         -1.344807e-02     
   0.789711       2.525649         -1.237285e-02     
   0.789711       2.581075         -1.139149e-02     
   0.789711       2.633586         -1.050192e-02     
   0.789711       2.683041         -9.701025e-03     
   0.789711       2.729306         -8.984940e-03     
   0.789711       2.772258         -8.349279e-03     
   0.789711       2.811780         -7.789386e-03     
   0.789711       2.847765         -7.300532e-03     
   0.789711       2.880118         -6.878090e-03     
   0.789711       2.908749         -6.517675e-03     
   0.789711       2.933583         -6.215256e-03     
   0.789711       2.954553         -5.967238e-03     
   0.789711       2.971601         -5.770527e-03     
   0.789711       2.984682         -5.622574e-03     
   0.789711       2.993761         -5.521403e-03     
   0.789711       2.998815         -5.465617e-03     
   0.789711       3.004739         -5.400720e-03     
   0.789711       3.024957         -5.183190e-03     
   0.789711       3.061273         -4.807671e-03     
   0.789711       3.113597         -4.300442e-03     
   0.789711       3.181789         -3.697654e-03     
   0.789711       3.265666         -3.042703e-03     
   0.789711       3.365002         -2.382421e-03     
   0.789711       3.479529         -1.762096e-03     
   0.789711       3.608938         -1.219838e-03     
   0.789711       3.752880         -7.813306e-04     
   0.789711       3.910968         -4.563930e-04     
   0.789711       4.082775         -2.386811e-04     
   0.789711       4.267838         -1.091115e-04     
   0.789711       4.465657         -4.220255e-05     
   0.789711       4.675701         -1.315346e-05     
   0.789711       4.897402         -3.020367e-06     
   0.789711       5.130163         -3.909768e-07     
   0.789711       5.373356         2.689232e-08      
   0.789711       5.626327         2.719643e-08      
   0.789711       5.888392         6.748529e-09      
   0.789711       6.158845         8.397152e-10      
   0.789711       6.436958         5.560785e-12      
   0.789711       6.721980         -1.930573e-11     
   0.789711       7.013143         -3.808689e-12     
   0.789711       7.309662         -3.039637e-13     
   0.789711       7.610739         1.190419e-14      
   0.789711       7.915560         5.493711e-15      
   0.789711       8.223305         5.103849e-16      
   0.789711       8.533144         4.405850e-19      
   0.789711       8.844241         -4.117638e-18     
   0.789711       9.155759         -3.281276e-19     
   0.789711       9.466856         2.697691e-21      
   0.789711       9.776695         1.962191e-21      
   0.789711       10.084440        9.413793e-23      
   0.789711       10.389261        -4.085173e-24     
   0.789711       10.690338        -5.690501e-25     
   0.789711       10.986857        -8.093383e-27     
   0.789711       11.278020        1.755901e-27      
   0.789711       11.563042        1.751508e-29      
   0.789711       11.841155        -8.266894e-28     
   0.789711       12.111608        -7.885450e-27     
   0.789711       12.373673        -6.138824e-26     
   0.789711       12.626644        -2.221982e-25     
   0.789711       12.869837        3.908682e-24      
   0.789711       13.102598        1.087981e-22      
   0.789711       13.324299        1.659027e-21      
   0.789711       13.534343        1.942280e-20      
   0.789711       13.732162        1.880372e-19      
   0.789711       13.917225        1.567353e-18      
   0.789711       14.089032        1.150291e-17      
   0.789711       14.247120        7.145055e-17      
   0.789711       14.391062        3.545535e-16      
   0.789711       14.520471        1.447260e-15      
   0.789711       14.634998        6.008420e-15      
   0.789711       14.734334        3.061856e-14      
   0.789711       14.818211        1.525122e-13      
   0.789711       14.886403        5.794971e-13      
   0.789711       14.938727        1.574460e-12      
   0.789711       14.975043        3.084188e-12      
   0.789711       14.995261        4.445139e-12      
   0.859239       0.001185         -1.505295e-07     
   0.859239       0.006239         -4.174151e-06     
   0.859239       0.015318         -2.515709e-05     
   0.859239       0.028399         -8.643314e-05     
   0.859239       0.045447         -2.211515e-04     
   0.859239       0.066417         -4.715097e-04     
   0.859239       0.091251         -8.875174e-04     
   0.859239       0.119882         -1.525134e-03     
   0.859239       0.152235         -2.443615e-03     
   0.859239       0.188220         -3.701925e-03     
   0.859239       0.227742         -5.354101e-03     
   0.859239       0.270694         -7.443549e-03     
   0.859239       0.316959         -9.996365e-03     
   0.859239       0.366414         -1.301398e-02     
   0.859239       0.418925         -1.646577e-02     
   0.859239       0.474351         -2.028260e-02     
   0.859239       0.532541         -2.435303e-02     
   0.859239       0.593339         -2.852420e-02     
   0.859239       0.656582         -3.260970e-02     
   0.859239       0.722098         -3.640604e-02     
   0.859239       0.789711         -3.971710e-02     
   0.859239       0.859239         -4.238253e-02     
   0.859239       0.930495         -4.430265e-02     
   0.859239       1.003286         -4.545134e-02     
   0.859239       1.077416         -4.587212e-02     
   0.859239       1.152685         -4.565934e-02     
   0.859239       1.228890         -4.493204e-02     
   0.859239       1.305826         -4.381010e-02     
   0.859239       1.383286         -4.239844e-02     
   0.859239       1.461060         -4.078064e-02     
   0.859239       1.538940         -3.901954e-02     
   0.859239       1.616714         -3.716138e-02     
   0.859239       1.694174         -3.524089e-02     
   0.859239       1.771110         -3.328558e-02     
   0.859239       1.847315         -3.131870e-02     
   0.859239       1.922584         -2.936100e-02     
   0.859239       1.996714         -2.743145e-02     
   0.859239       2.069505         -2.554744e-02     
   0.859239       2.140761         -2.372457e-02     
   0.859239       2.210289         -2.197641e-02     
   0.859239       2.277902         -2.031425e-02     
   0.859239       2.343418         -1.874693e-02     
   0.859239       2.406661         -1.728084e-02     
   0.859239       2.467459         -1.592001e-02     
   0.859239       2.525649         -1.466625e-02     
   0.859239       2.581075         -1.351944e-02     
   0.859239       2.633586         -1.247785e-02     
   0.859239       2.683041         -1.153841e-02     
   0.859239       2.729306         -1.069708e-02     
   0.859239       2.772258         -9.949150e-03     
   0.859239       2.811780         -9.289500e-03     
   0.859239       2.847765         -8.712869e-03     
   0.859239       2.880118         -8.214057e-03     
   0.859239       2.908749         -7.788099e-03     
   0.859239       2.933583         -7.430403e-03     
   0.859239       2.954553         -7.136858e-03     
   0.859239       2.971601         -6.903911e-03     
   0.859239       2.984682         -6.728630e-03     
   0.859239       2.993761         -6.608735e-03     
   0.859239       2.998815         -6.542611e-03     
   0.859239       3.004739         -6.465676e-03     
   0.859239       3.024957         -6.207703e-03     
   0.859239       3.061273         -5.762026e-03     
   0.859239       3.113597         -5.159319e-03     
   0.859239       3.181789         -4.441943e-03     
   0.859239       3.265666         -3.660996e-03     
   0.859239       3.365002         -2.871939e-03     
   0.859239       3.479529         -2.128773e-03     
   0.859239       3.608938         -1.477333e-03     
   0.859239       3.752880         -9.489367e-04     
   0.859239       3.910968         -5.560911e-04     
   0.859239       4.082775         -2.919157e-04     
   0.859239       4.267838         -1.340464e-04     
   0.859239       4.465657         -5.213644e-05     
   0.859239       4.675701         -1.637209e-05     
   0.859239       4.897402         -3.805428e-06     
   0.859239       5.130163         -5.092024e-07     
   0.859239       5.373356         2.721997e-08      
   0.859239       5.626327         3.279207e-08      
   0.859239       5.888392         8.322055e-09      
   0.859239       6.158845         1.058217e-09      
   0.859239       6.436958         1.237016e-11      
   0.859239       6.721980         -2.312146e-11     
   0.859239       7.013143         -4.676315e-12     
   0.859239       7.309662         -3.838874e-13     
   0.859239       7.610739         1.293032e-14      
   0.859239       7.915560         6.655024e-15      
   0.859239       8.223305         6.350771e-16      
   0.859239       8.533144         2.311561e-18      
   0.859239       8.844241         -4.965021e-18     
   0.859239       9.155759         -4.085552e-19     
   0.859239       9.466856         2.346296e-21      
   0.859239       9.776695         2.382104e-21      
   0.859239       10.084440        1.189066e-22      
   0.859239       10.389261        -4.734626e-24     
   0.859239       10.690338        -6.999720e-25     
   0.859239       10.986857        -1.106558e-26     
   0.859239       11.278020        2.123730e-27      
   0.859239       11.563042        9.683170e-29      
   0.859239       11.841155        -2.581106e-28     
   0.859239       12.111608        -2.442995e-27     
   0.859239       12.373673        -1.909717e-26     
   0.859239       12.626644        -7.186122e-26     
   0.859239       12.869837        1.142690e-24      
   0.859239       13.102598        3.257394e-23      
   0.859239       13.324299        4.989166e-22      
   0.859239       13.534343        5.850034e-21      
   0.859239       13.732162        5.668567e-20      
   0.859239       13.917225        4.728772e-19      
   0.859239       14.089032        3.472960e-18      
   0.859239       14.247120        2.158164e-17      
   0.859239       14.391062        1.071090e-16      
   0.859239       14.520471        4.371912e-16      
   0.859239       14.634998        1.814744e-15      
   0.859239       14.734334        9.247512e-15      
   0.859239       14.818211        4.606778e-14      
   0.859239       14.886403        1.750659e-13      
   0.859239       14.938727        4.756909e-13      
   0.859239       14.975043        9.318839e-13      
   0.859239       14.995261        1.343139e-12      
   0.930495       0.001185         -1.421533e-07     
   0.930495       0.006239         -3.941901e-06     
   0.930495       0.015318         -2.375795e-05     
   0.930495       0.028399         -8.163215e-05     
   0.930495       0.045447         -2.089018e-04     
   0.930495       0.066417         -4.455289e-04     
   0.930495       0.091251         -8.390439e-04     
   0.930495       0.119882         -1.442981e-03     
   0.930495       0.152235         -2.314676e-03     
   0.930495       0.188220         -3.512305e-03     
   0.930495       0.227742         -5.091069e-03     
   0.930495       0.270694         -7.098456e-03     
   0.930495       0.316959         -9.568621e-03     
   0.930495       0.366414         -1.251599e-02     
   0.930495       0.418925         -1.592844e-02     
   0.930495       0.474351         -1.976066e-02     
   0.930495       0.532541         -2.392869e-02     
   0.930495       0.593339         -2.830730e-02     
   0.930495       0.656582         -3.273210e-02     
   0.930495       0.722098         -3.700871e-02     
   0.930495       0.789711         -4.093031e-02     
   0.930495       0.859239         -4.430265e-02     
   0.930495       0.930495         -4.697215e-02     
   0.930495       1.003286         -4.884930e-02     
   0.930495       1.077416         -4.991926e-02     
   0.930495       1.152685         -5.023535e-02     
   0.930495       1.228890         -4.989856e-02     
   0.930495       1.305826         -4.903128e-02     
   0.930495       1.383286         -4.775443e-02     
   0.930495       1.461060         -4.617330e-02     
   0.930495       1.538940         -4.437232e-02     
   0.930495       1.616714         -4.241636e-02     
   0.930495       1.694174         -4.035485e-02     
   0.930495       1.771110         -3.822649e-02     
   0.930495       1.847315         -3.606310e-02     
   0.930495       1.922584         -3.389209e-02     
   0.930495       1.996714         -3.173788e-02     
   0.930495       2.069505         -2.962250e-02     
   0.930495       2.140761         -2.756559e-02     
   0.930495       2.210289         -2.558429e-02     
   0.930495       2.277902         -2.369300e-02     
   0.930495       2.343418         -2.190325e-02     
   0.930495       2.406661         -2.022367e-02     
   0.930495       2.467459         -1.866005e-02     
   0.930495       2.525649         -1.721558e-02     
   0.930495       2.581075         -1.589109e-02     
   0.930495       2.633586         -1.468542e-02     
   0.930495       2.683041         -1.359579e-02     
   0.930495       2.729306         -1.261817e-02     
   0.930495       2.772258         -1.174763e-02     
   0.930495       2.811780         -1.097870e-02     
   0.930495       2.847765         -1.030565e-02     
   0.930495       2.880118         -9.722746e-03     
   0.930495       2.908749         -9.224468e-03     
   0.930495       2.933583         -8.805672e-03     
   0.930495       2.954553         -8.461728e-03     
   0.930495       2.971601         -8.188620e-03     
   0.930495       2.984682         -7.983020e-03     
   0.930495       2.993761         -7.842338e-03     
   0.930495       2.998815         -7.764732e-03     
   0.930495       3.004739         -7.674422e-03     
   0.930495       3.024957         -7.371480e-03     
   0.930495       3.061273         -6.847659e-03     
   0.930495       3.113597         -6.138330e-03     
   0.930495       3.181789         -5.292557e-03     
   0.930495       3.265666         -4.369850e-03     
   0.930495       3.365002         -3.435226e-03     
   0.930495       3.479529         -2.552478e-03     
   0.930495       3.608938         -1.776278e-03     
   0.930495       3.752880         -1.144550e-03     
   0.930495       3.910968         -6.731385e-04     
   0.930495       4.082775         -3.548353e-04     
   0.930495       4.267838         -1.637486e-04     
   0.930495       4.465657         -6.408161e-05     
   0.930495       4.675701         -2.028979e-05     
   0.930495       4.897402         -4.778610e-06     
   0.930495       5.130163         -6.618726e-07     
   0.930495       5.373356         2.515475e-08      
   0.930495       5.626327         3.917929e-08      
   0.930495       5.888392         1.020450e-08      
   0.930495       6.158845         1.328725e-09      
   0.930495       6.436958         2.268670e-11      
   0.930495       6.721980         -2.742075e-11     
   0.930495       7.013143         -5.706633e-12     
   0.930495       7.309662         -4.830066e-13     
   0.930495       7.610739         1.348527e-14      
   0.930495       7.915560         7.998312e-15      
   0.930495       8.223305         7.864017e-16      
   0.930495       8.533144         5.226842e-18      
   0.930495       8.844241         -5.935221e-18     
   0.930495       9.155759         -5.062403e-19     
   0.930495       9.466856         1.549621e-21      
   0.930495       9.776695         2.869805e-21      
   0.930495       10.084440        1.496115e-22      
   0.930495       10.389261        -5.394564e-24     
   0.930495       10.690338        -8.558686e-25     
   0.930495       10.986857        -1.503969e-26     
   0.930495       11.278020        2.540615e-27      
   0.930495       11.563042        1.452245e-28      
   0.930495       11.841155        -6.946794e-29     
   0.930495       12.111608        -6.350821e-28     
   0.930495       12.373673        -4.966917e-27     
   0.930495       12.626644        -1.884530e-26     
   0.930495       12.869837        2.935441e-25      
   0.930495       13.102598        8.415303e-24      
   0.930495       13.324299        1.290722e-22      
   0.930495       13.534343        1.514541e-21      
   0.930495       13.732162        1.468303e-20      
   0.930495       13.917225        1.225372e-19      
   0.930495       14.089032        9.002460e-19      
   0.930495       14.247120        5.595589e-18      
   0.930495       14.391062        2.777508e-17      
   0.930495       14.520471        1.133847e-16      
   0.930495       14.634998        4.707056e-16      
   0.930495       14.734334        2.398839e-15      
   0.930495       14.818211        1.195093e-14      
   0.930495       14.886403        4.541783e-14      
   0.930495       14.938727        1.234143e-13      
   0.930495       14.975043        2.417764e-13      
   0.930495       14.995261        3.484815e-13      
   1.003286       0.001185         -1.339242e-07     
   1.003286       0.006239         -3.713721e-06     
   1.003286       0.015318         -2.238314e-05     
   1.003286       0.028399         -7.691273e-05     
   1.003286       0.045447         -1.968493e-04     
   1.003286       0.066417         -4.199231e-04     
   1.003286       0.091251         -7.911329e-04     
   1.003286       0.119882         -1.361414e-03     
   1.003286       0.152235         -2.185790e-03     
   1.003286       0.188220         -3.320899e-03     
   1.003286       0.227742         -4.821837e-03     
   1.003286       0.270694         -6.738224e-03     
   1.003286       0.316959         -9.109512e-03     
   1.003286       0.366414         -1.195956e-02     
   1.003286       0.418925         -1.529067e-02     
   1.003286       0.474351         -1.907733e-02     
   1.003286       0.532541         -2.326045e-02     
   1.003286       0.593339         -2.774283e-02     
   1.003286       0.656582         -3.238765e-02     
   1.003286       0.722098         -3.702165e-02     
   1.003286       0.789711         -4.144537e-02     
   1.003286       0.859239         -4.545134e-02     
   1.003286       0.930495         -4.884930e-02     
   1.003286       1.003286         -5.149364e-02     
   1.003286       1.077416         -5.330510e-02     
   1.003286       1.152685         -5.427916e-02     
   1.003286       1.228890         -5.447743e-02     
   1.003286       1.305826         -5.400605e-02     
   1.003286       1.383286         -5.298969e-02     
   1.003286       1.461060         -5.155003e-02     
   1.003286       1.538940         -4.979289e-02     
   1.003286       1.616714         -4.780414e-02     
   1.003286       1.694174         -4.565120e-02     
   1.003286       1.771110         -4.338712e-02     
   1.003286       1.847315         -4.105476e-02     
   1.003286       1.922584         -3.869015e-02     
   1.003286       1.996714         -3.632464e-02     
   1.003286       2.069505         -3.398595e-02     
   1.003286       2.140761         -3.169866e-02     
   1.003286       2.210289         -2.948420e-02     
   1.003286       2.277902         -2.736075e-02     
   1.003286       2.343418         -2.534311e-02     
   1.003286       2.406661         -2.344267e-02     
   1.003286       2.467459         -2.166753e-02     
   1.003286       2.525649         -2.002265e-02     
   1.003286       2.581075         -1.851023e-02     
   1.003286       2.633586         -1.713002e-02     
   1.003286       2.683041         -1.587980e-02     
   1.003286       2.729306         -1.475578e-02     
   1.003286       2.772258         -1.375301e-02     
   1.003286       2.811780         -1.286580e-02     
   1.003286       2.847765         -1.208806e-02     
   1.003286       2.880118         -1.141360e-02     
   1.003286       2.908749         -1.083640e-02     
   1.003286       2.933583         -1.035078e-02     
   1.003286       2.954553         -9.951627e-03     
   1.003286       2.971601         -9.634462e-03     
   1.003286       2.984682         -9.395567e-03     
   1.003286       2.993761         -9.232038e-03     
   1.003286       2.998815         -9.141807e-03     
   1.003286       3.004739         -9.036784e-03     
   1.003286       3.024957         -8.684329e-03     
   1.003286       3.061273         -8.074303e-03     
   1.003286       3.113597         -7.247005e-03     
   1.003286       3.181789         -6.258621e-03     
   1.003286       3.265666         -5.177731e-03     
   1.003286       3.365002         -4.079816e-03     
   1.003286       3.479529         -3.039578e-03     
   1.003286       3.608938         -2.121730e-03     
   1.003286       3.752880         -1.371898e-03     
   1.003286       3.910968         -8.100522e-04     
   1.003286       4.082775         -4.289716e-04     
   1.003286       4.267838         -1.990415e-04     
   1.003286       4.465657         -7.841902e-05     
   1.003286       4.675701         -2.505320e-05     
   1.003286       4.897402         -5.984611e-06     
   1.003286       5.130163         -8.588943e-07     
   1.003286       5.373356         1.941985e-08      
   1.003286       5.626327         4.638682e-08      
   1.003286       5.888392         1.244903e-08      
   1.003286       6.158845         1.663243e-09      
   1.003286       6.436958         3.781817e-11      
   1.003286       6.721980         -3.220358e-11     
   1.003286       7.013143         -6.925484e-12     
   1.003286       7.309662         -6.057364e-13     
   1.003286       7.610739         1.327923e-14      
   1.003286       7.915560         9.540738e-15      
   1.003286       8.223305         9.696070e-16      
   1.003286       8.533144         9.575022e-18      
   1.003286       8.844241         -7.035849e-18     
   1.003286       9.155759         -6.245978e-19     
   1.003286       9.466856         1.144448e-22      
   1.003286       9.776695         3.432355e-21      
   1.003286       10.084440        1.876057e-22      
   1.003286       10.389261        -6.030228e-24     
   1.003286       10.690338        -1.040801e-24     
   1.003286       10.986857        -2.031864e-26     
   1.003286       11.278020        3.011805e-27      
   1.003286       11.563042        1.867544e-28      
   1.003286       11.841155        -2.284514e-29     
   1.003286       12.111608        -1.866006e-28     
   1.003286       12.373673        -1.443624e-27     
   1.003286       12.626644        -5.041170e-27     
   1.003286       12.869837        9.755673e-26      
   1.003286       13.102598        2.665980e-24      
   1.003286       13.324299        4.057592e-23      
   1.003286       13.534343        4.752525e-22      
   1.003286       13.732162        4.604134e-21      
   1.003286       13.917225        3.839107e-20      
   1.003286       14.089032        2.818052e-19      
   1.003286       14.247120        1.750899e-18      
   1.003286       14.391062        8.692164e-18      
   1.003286       14.520471        3.550380e-17      
   1.003286       14.634998        1.475198e-16      
   1.003286       14.734334        7.521341e-16      
   1.003286       14.818211        3.746682e-15      
   1.003286       14.886403        1.423576e-14      
   1.003286       14.938727        3.867712e-14      
   1.003286       14.975043        7.576435e-14      
   1.003286       14.995261        1.091976e-13      
   1.077416       0.001185         -1.260560e-07     
   1.077416       0.006239         -3.495547e-06     
   1.077416       0.015318         -2.106849e-05     
   1.077416       0.028399         -7.239847e-05     
   1.077416       0.045447         -1.853134e-04     
   1.077416       0.066417         -3.953853e-04     
   1.077416       0.091251         -7.451277e-04     
   1.077416       0.119882         -1.282844e-03     
   1.077416       0.152235         -2.061050e-03     
   1.077416       0.188220         -3.134388e-03     
   1.077416       0.227742         -4.556972e-03     
   1.077416       0.270694         -6.379105e-03     
   1.077416       0.316959         -8.643357e-03     
   1.077416       0.366414         -1.138000e-02     
   1.077416       0.418925         -1.460192e-02     
   1.077416       0.474351         -1.829910e-02     
   1.077416       0.532541         -2.243309e-02     
   1.077416       0.593339         -2.693207e-02     
   1.077416       0.656582         -3.168725e-02     
   1.077416       0.722098         -3.655240e-02     
   1.077416       0.789711         -4.134798e-02     
   1.077416       0.859239         -4.587212e-02     
   1.077416       0.930495         -4.991926e-02     
   1.077416       1.003286         -5.330510e-02     
   1.077416       1.077416         -5.589307e-02     
   1.077416       1.152685         -5.761428e-02     
   1.077416       1.228890         -5.847373e-02     
   1.077416       1.305826         -5.854006e-02     
   1.077416       1.383286         -5.792334e-02     
   1.077416       1.461060         -5.674983e-02     
   1.077416       1.538940         -5.514166e-02     
   1.077416       1.616714         -5.320543e-02     
   1.077416       1.694174         -5.102873e-02     
   1.077416       1.771110         -4.868187e-02     
   1.077416       1.847315         -4.622161e-02     
   1.077416       1.922584         -4.369487e-02     
   1.077416       1.996714         -4.114163e-02     
   1.077416       2.069505         -3.859670e-02     
   1.077416       2.140761         -3.609060e-02     
   1.077416       2.210289         -3.364992e-02     
   1.077416       2.277902         -3.129735e-02     
   1.077416       2.343418         -2.905160e-02     
   1.077416       2.406661         -2.692748e-02     
   1.077416       2.467459         -2.493589e-02     
   1.077416       2.525649         -2.308413e-02     
   1.077416       2.581075         -2.137618e-02     
   1.077416       2.633586         -1.981315e-02     
   1.077416       2.683041         -1.839370e-02     
   1.077416       2.729306         -1.711457e-02     
   1.077416       2.772258         -1.597105e-02     
   1.077416       2.811780         -1.495742e-02     
   1.077416       2.847765         -1.406737e-02     
   1.077416       2.880118         -1.329439e-02     
   1.077416       2.908749         -1.263202e-02     
   1.077416       2.933583         -1.207413e-02     
   1.077416       2.954553         -1.161514e-02     
   1.077416       2.971601         -1.125016e-02     
   1.077416       2.984682         -1.097508e-02     
   1.077416       2.993761         -1.078670e-02     
   1.077416       2.998815         -1.068273e-02     
   1.077416       3.004739         -1.056168e-02     
   1.077416       3.024957         -1.015526e-02     
   1.077416       3.061273         -9.451062e-03     
   1.077416       3.113597         -8.494465e-03     
   1.077416       3.181789         -7.349092e-03     
   1.077416       3.265666         -6.093159e-03     
   1.077416       3.365002         -4.813476e-03     
   1.077416       3.479529         -3.596787e-03     
   1.077416       3.608938         -2.519131e-03     
   1.077416       3.752880         -1.635070e-03     
   1.077416       3.910968         -9.696442e-04     
   1.077416       4.082775         -5.160660e-04     
   1.077416       4.267838         -2.408777e-04     
   1.077416       4.465657         -9.559765e-05     
   1.077416       4.675701         -3.083868e-05     
   1.077416       4.897402         -7.478489e-06     
   1.077416       5.130163         -1.112891e-06     
   1.077416       5.373356         8.263645e-09      
   1.077416       5.626327         5.440869e-08      
   1.077416       5.888392         1.511562e-08      
   1.077416       6.158845         2.076367e-09      
   1.077416       6.436958         5.946894e-11      
   1.077416       6.721980         -3.744463e-11     
   1.077416       7.013143         -8.361558e-12     
   1.077416       7.309662         -7.574168e-13     
   1.077416       7.610739         1.192183e-14      
   1.077416       7.915560         1.129757e-14      
   1.077416       8.223305         1.190832e-15      
   1.077416       8.533144         1.585783e-17      
   1.077416       8.844241         -8.271477e-18     
   1.077416       9.155759         -7.676220e-19     
   1.077416       9.466856         -2.212732e-21     
   1.077416       9.776695         4.076354e-21      
   1.077416       10.084440        2.345192e-22      
   1.077416       10.389261        -6.591226e-24     
   1.077416       10.690338        -1.259293e-24     
   1.077416       10.986857        -2.728511e-26     
   1.077416       11.278020        3.539987e-27      
   1.077416       11.563042        2.328453e-28      
   1.077416       11.841155        -1.445913e-29     
   1.077416       12.111608        -1.051320e-28     
   1.077416       12.373673        -8.035718e-28     
   1.077416       12.626644        -2.573968e-27     
   1.077416       12.869837        6.083723e-26      
   1.077416       13.102598        1.601733e-24      
   1.077416       13.324299        2.422661e-23      
   1.077416       13.534343        2.833537e-22      
   1.077416       13.732162        2.743631e-21      
   1.077416       13.917225        2.286266e-20      
   1.077416       14.089032        1.677083e-19      
   1.077416       14.247120        1.041690e-18      
   1.077416       14.391062        5.172099e-18      
   1.077416       14.520471        2.113656e-17      
   1.077416       14.634998        8.789054e-17      
   1.077416       14.734334        4.482893e-16      
   1.077416       14.818211        2.232923e-15      
   1.077416       14.886403        8.482707e-15      
   1.077416       14.938727        2.304388e-14      
   1.077416       14.975043        4.513740e-14      
   1.077416       14.995261        6.505356e-14      
   1.152685       0.001185         -1.186263e-07     
   1.152685       0.006239         -3.289527e-06     
   1.152685       0.015318         -1.982699e-05     
   1.152685       0.028399         -6.813453e-05     
   1.152685       0.045447         -1.744121e-04     
   1.152685       0.066417         -3.721776e-04     
   1.152685       0.091251         -7.015528e-04     
   1.152685       0.119882         -1.208256e-03     
   1.152685       0.152235         -1.942232e-03     
   1.152685       0.188220         -2.955869e-03     
   1.152685       0.227742         -4.301737e-03     
   1.152685       0.270694         -6.029814e-03     
   1.152685       0.316959         -8.184179e-03     
   1.152685       0.366414         -1.079918e-02     
   1.152685       0.418925         -1.389509e-02     
   1.152685       0.474351         -1.747344e-02     
   1.152685       0.532541         -2.151203e-02     
   1.152685       0.593339         -2.596016e-02     
   1.152685       0.656582         -3.073448e-02     
   1.152685       0.722098         -3.571640e-02     
   1.152685       0.789711         -4.075246e-02     
   1.152685       0.859239         -4.565934e-02     
   1.152685       0.930495         -5.023535e-02     
   1.152685       1.003286         -5.427916e-02     
   1.152685       1.077416         -5.761428e-02     
   1.152685       1.152685         -6.011416e-02     
   1.152685       1.228890         -6.172035e-02     
   1.152685       1.305826         -6.244667e-02     
   1.152685       1.383286         -6.236772e-02     
   1.152685       1.461060         -6.159655e-02     
   1.152685       1.538940         -6.026035e-02     
   1.152685       1.616714         -5.848155e-02     
   1.152685       1.694174         -5.636755e-02     
   1.152685       1.771110         -5.400783e-02     
   1.152685       1.847315         -5.147561e-02     
   1.152685       1.922584         -4.883120e-02     
   1.152685       1.996714         -4.612527e-02     
   1.152685       2.069505         -4.340125e-02     
   1.152685       2.140761         -4.069688e-02     
   1.152685       2.210289         -3.804486e-02     
   1.152685       2.277902         -3.547321e-02     
   1.152685       2.343418         -3.300533e-02     
   1.152685       2.406661         -3.066005e-02     
   1.152685       2.467459         -2.845174e-02     
   1.152685       2.525649         -2.639058e-02     
   1.152685       2.581075         -2.448287e-02     
   1.152685       2.633586         -2.273152e-02     
   1.152685       2.683041         -2.113652e-02     
   1.152685       2.729306         -1.969549e-02     
   1.152685       2.772258         -1.840423e-02     
   1.152685       2.811780         -1.725727e-02     
   1.152685       2.847765         -1.624829e-02     
   1.152685       2.880118         -1.537058e-02     
   1.152685       2.908749         -1.461739e-02     
   1.152685       2.933583         -1.398224e-02     
   1.152685       2.954553         -1.345914e-02     
   1.152685       2.971601         -1.304282e-02     
   1.152685       2.984682         -1.272884e-02     
   1.152685       2.993761         -1.251372e-02     
   1.152685       2.998815         -1.239495e-02     
   1.152685       3.004739         -1.225665e-02     
   1.152685       3.024957         -1.179201e-02     
   1.152685       3.061273         -1.098599e-02     
   1.152685       3.113597         -9.889052e-03     
   1.152685       3.181789         -8.572443e-03     
   1.152685       3.265666         -7.124462e-03     
   1.152685       3.365002         -5.644028e-03     
   1.152685       3.479529         -4.231050e-03     
   1.152685       3.608938         -2.974248e-03     
   1.152685       3.752880         -1.938498e-03     
   1.152685       3.910968         -1.155023e-03     
   1.152685       4.082775         -6.180811e-04     
   1.152685       4.267838         -2.903513e-04     
   1.152685       4.465657         -1.161432e-04     
   1.152685       4.675701         -3.785711e-05     
   1.152685       4.897402         -9.327719e-06     
   1.152685       5.130163         -1.439859e-06     
   1.152685       5.373356         -1.068815e-08     
   1.152685       5.626327         6.318429e-08      
   1.152685       5.888392         1.827065e-08      
   1.152685       6.158845         2.585695e-09      
   1.152685       6.436958         8.983955e-11      
   1.152685       6.721980         -4.308161e-11     
   1.152685       7.013143         -1.004604e-11     
   1.152685       7.309662         -9.444503e-13     
   1.152685       7.610739         8.895227e-15      
   1.152685       7.915560         1.328021e-14      
   1.152685       8.223305         1.457173e-15      
   1.152685       8.533144         2.471633e-17      
   1.152685       8.844241         -9.641778e-18     
   1.152685       9.155759         -9.399297e-19     
   1.152685       9.466856         -5.760624e-21     
   1.152685       9.776695         4.807262e-21      
   1.152685       10.084440        2.922986e-22      
   1.152685       10.389261        -7.006623e-24     
   1.152685       10.690338        -1.516279e-24     
   1.152685       10.986857        -3.641847e-26     
   1.152685       11.278020        4.124995e-27      
   1.152685       11.563042        2.882699e-28      
   1.152685       11.841155        -1.243226e-29     
   1.152685       12.111608        -8.625385e-29     
   1.152685       12.373673        -6.575618e-28     
   1.152685       12.626644        -2.135783e-27     
   1.152685       12.869837        4.907517e-26      
   1.152685       13.102598        1.299521e-24      
   1.152685       13.324299        1.968649e-23      
   1.152685       13.534343        2.304468e-22      
   1.152685       13.732162        2.232668e-21      
   1.152685       13.917225        1.861378e-20      
   1.152685       14.089032        1.365940e-19      
   1.152685       14.247120        8.486623e-19      
   1.152685       14.391062        4.214486e-18      
   1.152685       14.520471        1.722567e-17      
   1.152685       14.634998        7.163816e-17      
   1.152685       14.734334        3.654356e-16      
   1.152685       14.818211        1.820372e-15      
   1.152685       14.886403        6.915851e-15      
   1.152685       14.938727        1.878823e-14      
   1.152685       14.975043        3.680280e-14      
   1.152685       14.995261        5.304243e-14      
   1.228890       0.001185         -1.116279e-07     
   1.228890       0.006239         -3.095467e-06     
   1.228890       0.015318         -1.865749e-05     
   1.228890       0.028399         -6.411729e-05     
   1.228890       0.045447         -1.641382e-04     
   1.228890       0.066417         -3.502917e-04     
   1.228890       0.091251         -6.604168e-04     
   1.228890       0.119882         -1.137726e-03     
   1.228890       0.152235         -1.829606e-03     
   1.228890       0.188220         -2.786066e-03     
   1.228890       0.227742         -4.057789e-03     
   1.228890       0.270694         -5.693757e-03     
   1.228890       0.316959         -7.738437e-03     
   1.228890       0.366414         -1.022852e-02     
   1.228890       0.418925         -1.318928e-02     
   1.228890       0.474351         -1.663051e-02     
   1.228890       0.532541         -2.054232e-02     
   1.228890       0.593339         -2.489077e-02     
   1.228890       0.656582         -2.961385e-02     
   1.228890       0.722098         -3.461810e-02     
   1.228890       0.789711         -3.977699e-02     
   1.228890       0.859239         -4.493204e-02     
   1.228890       0.930495         -4.989856e-02     
   1.228890       1.003286         -5.447743e-02     
   1.228890       1.077416         -5.847373e-02     
   1.228890       1.152685         -6.172035e-02     
   1.228890       1.228890         -6.410161e-02     
   1.228890       1.305826         -6.556950e-02     
   1.228890       1.383286         -6.614603e-02     
   1.228890       1.461060         -6.591084e-02     
   1.228890       1.538940         -6.497911e-02     
   1.228890       1.616714         -6.347840e-02     
   1.228890       1.694174         -6.153123e-02     
   1.228890       1.771110         -5.924574e-02     
   1.228890       1.847315         -5.671320e-02     
   1.228890       1.922584         -5.400956e-02     
   1.228890       1.996714         -5.119833e-02     
   1.228890       2.069505         -4.833341e-02     
   1.228890       2.140761         -4.546113e-02     
   1.228890       2.210289         -4.262145e-02     
   1.228890       2.277902         -3.984865e-02     
   1.228890       2.343418         -3.717158e-02     
   1.228890       2.406661         -3.461385e-02     
   1.228890       2.467459         -3.219396e-02     
   1.228890       2.525649         -2.992558e-02     
   1.228890       2.581075         -2.781792e-02     
   1.228890       2.633586         -2.587622e-02     
   1.228890       2.683041         -2.410224e-02     
   1.228890       2.729306         -2.249493e-02     
   1.228890       2.772258         -2.105097e-02     
   1.228890       2.811780         -1.976542e-02     
   1.228890       2.847765         -1.863220e-02     
   1.228890       2.880118         -1.764464e-02     
   1.228890       2.908749         -1.679584e-02     
   1.228890       2.933583         -1.607909e-02     
   1.228890       2.954553         -1.548812e-02     
   1.228890       2.971601         -1.501734e-02     
   1.228890       2.984682         -1.466203e-02     
   1.228890       2.993761         -1.441845e-02     
   1.228890       2.998815         -1.428393e-02     
   1.228890       3.004739         -1.412724e-02     
   1.228890       3.024957         -1.360052e-02     
   1.228890       3.061273         -1.268557e-02     
   1.228890       3.113597         -1.143786e-02     
   1.228890       3.181789         -9.936278e-03     
   1.228890       3.265666         -8.279466e-03     
   1.228890       3.365002         -6.579120e-03     
   1.228890       3.479529         -4.949392e-03     
   1.228890       3.608938         -3.493088e-03     
   1.228890       3.752880         -2.286912e-03     
   1.228890       3.910968         -1.369586e-03     
   1.228890       4.082775         -7.372061e-04     
   1.228890       4.267838         -3.487073e-04     
   1.228890       4.465657         -1.406664e-04     
   1.228890       4.675701         -4.635887e-05     
   1.228890       4.897402         -1.161446e-05     
   1.228890       5.130163         -1.859942e-06     
   1.228890       5.373356         -4.061739e-08     
   1.228890       5.626327         7.257101e-08      
   1.228890       5.888392         2.198554e-08      
   1.228890       6.158845         3.212248e-09      
   1.228890       6.436958         1.317437e-10      
   1.228890       6.721980         -4.899997e-11     
   1.228890       7.013143         -1.201190e-11     
   1.228890       7.309662         -1.174435e-12     
   1.228890       7.610739         3.522103e-15      
   1.228890       7.915560         1.549352e-14      
   1.228890       8.223305         1.776715e-15      
   1.228890       8.533144         3.696083e-17      
   1.228890       8.844241         -1.113901e-17     
   1.228890       9.155759         -1.146779e-18     
   1.228890       9.466856         -1.095060e-20     
   1.228890       9.776695         5.628455e-21      
   1.228890       10.084440        3.632427e-22      
   1.228890       10.389261        -7.178889e-24     
   1.228890       10.690338        -1.816991e-24     
   1.228890       10.986857        -4.831368e-26     
   1.228890       11.278020        4.763098e-27      
   1.228890       11.563042        3.556087e-28      
   1.228890       11.841155        -1.064400e-29     
   1.228890       12.111608        -7.223365e-29     
   1.228890       12.373673        -5.486744e-28     
   1.228890       12.626644        -1.817030e-27     
   1.228890       12.869837        4.007620e-26      
   1.228890       13.102598        1.070044e-24      
   1.228890       13.324299        1.624358e-23      
   1.228890       13.534343        1.903373e-22      
   1.228890       13.732162        1.845334e-21      
   1.228890       13.917225        1.539332e-20      
   1.228890       14.089032        1.130138e-19      
   1.228890       14.247120        7.023823e-19      
   1.228890       14.391062        3.488758e-18      
   1.228890       14.520471        1.426143e-17      
   1.228890       14.634998        5.931753e-17      
   1.228890       14.734334        3.026197e-16      
   1.228890       14.818211        1.507600e-15      
   1.228890       14.886403        5.727999e-15      
   1.228890       14.938727        1.556206e-14      
   1.228890       14.975043        3.048450e-14      
   1.228890       14.995261        4.393709e-14      
   1.305826       0.001185         -1.050109e-07     
   1.305826       0.006239         -2.911978e-06     
   1.305826       0.015318         -1.755167e-05     
   1.305826       0.028399         -6.031834e-05     
   1.305826       0.045447         -1.544202e-04     
   1.305826       0.066417         -3.295807e-04     
   1.305826       0.091251         -6.214597e-04     
   1.305826       0.119882         -1.070854e-03     
   1.305826       0.152235         -1.722633e-03     
   1.305826       0.188220         -2.624383e-03     
   1.305826       0.227742         -3.824699e-03     
   1.305826       0.270694         -5.371140e-03     
   1.305826       0.316959         -7.307796e-03     
   1.305826       0.366414         -9.672508e-03     
   1.305826       0.418925         -1.249373e-02     
   1.305826       0.474351         -1.578712e-02     
   1.305826       0.532541         -1.955188e-02     
   1.305826       0.593339         -2.376698e-02     
   1.305826       0.656582         -2.838750e-02     
   1.305826       0.722098         -3.334126e-02     
   1.305826       0.789711         -3.852632e-02     
   1.305826       0.859239         -4.381010e-02     
   1.305826       0.930495         -4.903128e-02     
   1.305826       1.003286         -5.400605e-02     
   1.305826       1.077416         -5.854006e-02     
   1.305826       1.152685         -6.244667e-02     
   1.305826       1.228890         -6.556950e-02     
   1.305826       1.305826         -6.780441e-02     
   1.305826       1.383286         -6.911373e-02     
   1.305826       1.461060         -6.952704e-02     
   1.305826       1.538940         -6.912817e-02     
   1.305826       1.616714         -6.803367e-02     
   1.305826       1.694174         -6.637100e-02     
   1.305826       1.771110         -6.426247e-02     
   1.305826       1.847315         -6.181675e-02     
   1.305826       1.922584         -5.912668e-02     
   1.305826       1.996714         -5.627054e-02     
   1.305826       2.069505         -5.331454e-02     
   1.305826       2.140761         -5.031518e-02     
   1.305826       2.210289         -4.732096e-02     
   1.305826       2.277902         -4.437344e-02     
   1.305826       2.343418         -4.150782e-02     
   1.305826       2.406661         -3.875322e-02     
   1.305826       2.467459         -3.613298e-02     
   1.305826       2.525649         -3.366495e-02     
   1.305826       2.581075         -3.136185e-02     
   1.305826       2.633586         -2.923181e-02     
   1.305826       2.683041         -2.727892e-02     
   1.305826       2.729306         -2.550390e-02     
   1.305826       2.772258         -2.390476e-02     
   1.305826       2.811780         -2.247743e-02     
   1.305826       2.847765         -2.121640e-02     
   1.305826       2.880118         -2.011525e-02     
   1.305826       2.908749         -1.916719e-02     
   1.305826       2.933583         -1.836543e-02     
   1.305826       2.954553         -1.770353e-02     
   1.305826       2.971601         -1.717570e-02     
   1.305826       2.984682         -1.677701e-02     
   1.305826       2.993761         -1.650354e-02     
   1.305826       2.998815         -1.635245e-02     
   1.305826       3.004739         -1.617642e-02     
   1.305826       3.024957         -1.558424e-02     
   1.305826       3.061273         -1.455412e-02     
   1.305826       3.113597         -1.314622e-02     
   1.305826       3.181789         -1.144685e-02     
   1.305826       3.265666         -9.565105e-03     
   1.305826       3.365002         -7.625927e-03     
   1.305826       3.479529         -5.758702e-03     
   1.305826       3.608938         -4.081758e-03     
   1.305826       3.752880         -2.685275e-03     
   1.305826       3.910968         -1.616986e-03     
   1.305826       4.082775         -8.758522e-04     
   1.305826       4.267838         -4.173477e-04     
   1.305826       4.465657         -1.698698e-04     
   1.305826       4.675701         -5.663877e-05     
   1.305826       4.897402         -1.443803e-05     
   1.305826       5.130163         -2.398319e-06     
   1.305826       5.373356         -8.574042e-08     
   1.305826       5.626327         8.230744e-08      
   1.305826       5.888392         2.633432e-08      
   1.305826       6.158845         3.980843e-09      
   1.305826       6.436958         1.887421e-10      
   1.305826       6.721980         -5.501337e-11     
   1.305826       7.013143         -1.429258e-11     
   1.305826       7.309662         -1.456277e-12     
   1.305826       7.610739         -5.071291e-15     
   1.305826       7.915560         1.793211e-14      
   1.305826       8.223305         2.158500e-15      
   1.305826       8.533144         5.360407e-17      
   1.305826       8.844241         -1.274474e-17     
   1.305826       9.155759         -1.394051e-18     
   1.305826       9.466856         -1.831647e-20     
   1.305826       9.776695         6.539913e-21      
   1.305826       10.084440        4.500332e-22      
   1.305826       10.389261        -6.976576e-24     
   1.305826       10.690338        -2.166772e-24     
   1.305826       10.986857        -6.370193e-26     
   1.305826       11.278020        5.445690e-27      
   1.305826       11.563042        4.372028e-28      
   1.305826       11.841155        -8.633755e-30     
   1.305826       12.111608        -5.979284e-29     
   1.305826       12.373673        -4.508677e-28     
   1.305826       12.626644        -1.506490e-27     
   1.305826       12.869837        3.264074e-26      
   1.305826       13.102598        8.751662e-25      
   1.305826       13.324299        1.330304e-23      
   1.305826       13.534343        1.560094e-22      
   1.305826       13.732162        1.513435e-21      
   1.305826       13.917225        1.263073e-20      
   1.305826       14.089032        9.276650e-20      
   1.305826       14.247120        5.767046e-19      
   1.305826       14.391062        2.865109e-18      
   1.305826       14.520471        1.171425e-17      
   1.305826       14.634998        4.873243e-17      
   1.305826       14.734334        2.486541e-16      
   1.305826       14.818211        1.238851e-15      
   1.305826       14.886403        4.707155e-15      
   1.305826       14.938727        1.278912e-14      
   1.305826       14.975043        2.505335e-14      
   1.305826       14.995261        3.610987e-14      
   1.383286       0.001185         -9.871153e-08     
   1.383286       0.006239         -2.737299e-06     
   1.383286       0.015318         -1.649890e-05     
   1.383286       0.028399         -5.670141e-05     
   1.383286       0.045447         -1.451661e-04     
   1.383286       0.066417         -3.098521e-04     
   1.383286       0.091251         -5.843301e-04     
   1.383286       0.119882         -1.007063e-03     
   1.383286       0.152235         -1.620462e-03     
   1.383286       0.188220         -2.469676e-03     
   1.383286       0.227742         -3.601109e-03     
   1.383286       0.270694         -5.060619e-03     
   1.383286       0.316959         -6.891417e-03     
   1.383286       0.366414         -9.131651e-03     
   1.383286       0.418925         -1.181172e-02     
   1.383286       0.474351         -1.495133e-02     
   1.383286       0.532541         -1.855635e-02     
   1.383286       0.593339         -2.261559e-02     
   1.383286       0.656582         -2.709753e-02     
   1.383286       0.722098         -3.194726e-02     
   1.383286       0.789711         -3.708381e-02     
   1.383286       0.859239         -4.239844e-02     
   1.383286       0.930495         -4.775443e-02     
   1.383286       1.003286         -5.298969e-02     
   1.383286       1.077416         -5.792334e-02     
   1.383286       1.152685         -6.236772e-02     
   1.383286       1.228890         -6.614603e-02     
   1.383286       1.305826         -6.911373e-02     
   1.383286       1.383286         -7.117863e-02     
   1.383286       1.461060         -7.231319e-02     
   1.383286       1.538940         -7.255397e-02     
   1.383286       1.616714         -7.198818e-02     
   1.383286       1.694174         -7.073310e-02     
   1.383286       1.771110         -6.891559e-02     
   1.383286       1.847315         -6.665741e-02     
   1.383286       1.922584         -6.406746e-02     
   1.383286       1.996714         -6.123974e-02     
   1.383286       2.069505         -5.825435e-02     
   1.383286       2.140761         -5.517956e-02     
   1.383286       2.210289         -5.207376e-02     
   1.383286       2.277902         -4.898693e-02     
   1.383286       2.343418         -4.596151e-02     
   1.383286       2.406661         -4.303301e-02     
   1.383286       2.467459         -4.023033e-02     
   1.383286       2.525649         -3.757615e-02     
   1.383286       2.581075         -3.508737e-02     
   1.383286       2.633586         -3.277564e-02     
   1.383286       2.683041         -3.064793e-02     
   1.383286       2.729306         -2.870726e-02     
   1.383286       2.772258         -2.695341e-02     
   1.383286       2.811780         -2.538362e-02     
   1.383286       2.847765         -2.399329e-02     
   1.383286       2.880118         -2.277658e-02     
   1.383286       2.908749         -2.172703e-02     
   1.383286       2.933583         -2.083799e-02     
   1.383286       2.954553         -2.010302e-02     
   1.383286       2.971601         -1.951626e-02     
   1.383286       2.984682         -1.907267e-02     
   1.383286       2.993761         -1.876821e-02     
   1.383286       2.998815         -1.859992e-02     
   1.383286       3.004739         -1.840380e-02     
   1.383286       3.024957         -1.774354e-02     
   1.383286       3.061273         -1.659315e-02     
   1.383286       3.113597         -1.501705e-02     
   1.383286       3.181789         -1.310854e-02     
   1.383286       3.265666         -1.098696e-02     
   1.383286       3.365002         -8.790777e-03     
   1.383286       3.479529         -6.665466e-03     
   1.383286       3.608938         -4.746289e-03     
   1.383286       3.752880         -3.138667e-03     
   1.383286       3.910968         -1.901084e-03     
   1.383286       4.082775         -1.036635e-03     
   1.383286       4.267838         -4.978310e-04     
   1.383286       4.465657         -2.045533e-04     
   1.383286       4.675701         -6.904057e-05     
   1.383286       4.897402         -1.791741e-05     
   1.383286       5.130163         -3.086199e-06     
   1.383286       5.373356         -1.515802e-07     
   1.383286       5.626327         9.196534e-08      
   1.383286       5.888392         3.138944e-08      
   1.383286       6.158845         4.920377e-09      
   1.383286       6.436958         2.652906e-10      
   1.383286       6.721980         -6.083926e-11     
   1.383286       7.013143         -1.692011e-11     
   1.383286       7.309662         -1.800267e-12     
   1.383286       7.610739         -1.799656e-14     
   1.383286       7.915560         2.057560e-14      
   1.383286       8.223305         2.612421e-15      
   1.383286       8.533144         7.589637e-17      
   1.383286       8.844241         -1.442561e-17     
   1.383286       9.155759         -1.688172e-18     
   1.383286       9.466856         -2.852625e-20     
   1.383286       9.776695         7.536488e-21      
   1.383286       10.084440        5.557507e-22      
   1.383286       10.389261        -6.225696e-24     
   1.383286       10.690338        -2.570768e-24     
   1.383286       10.986857        -8.347193e-26     
   1.383286       11.278020        6.157434e-27      
   1.383286       11.563042        5.356668e-28      
   1.383286       11.841155        -6.344773e-30     
   1.383286       12.111608        -4.986229e-29     
   1.383286       12.373673        -3.718957e-28     
   1.383286       12.626644        -1.250499e-27     
   1.383286       12.869837        2.677066e-26      
   1.383286       13.102598        7.200522e-25      
   1.383286       13.324299        1.095809e-23      
   1.383286       13.534343        1.286117e-22      
   1.383286       13.732162        1.248397e-21      
   1.383286       13.917225        1.042367e-20      
   1.383286       14.089032        7.658451e-20      
   1.383286       14.247120        4.762350e-19      
   1.383286       14.391062        2.366481e-18      
   1.383286       14.520471        9.677560e-18      
   1.383286       14.634998        4.026839e-17      
   1.383286       14.734334        2.054999e-16      
   1.383286       14.818211        1.023928e-15      
   1.383286       14.886403        3.890718e-15      
   1.383286       14.938727        1.057130e-14      
   1.383286       14.975043        2.070935e-14      
   1.383286       14.995261        2.984932e-14      
   1.461060       0.001185         -9.267100e-08     
   1.461060       0.006239         -2.569796e-06     
   1.461060       0.015318         -1.548937e-05     
   1.461060       0.028399         -5.323278e-05     
   1.461060       0.045447         -1.362904e-04     
   1.461060       0.066417         -2.909255e-04     
   1.461060       0.091251         -5.486952e-04     
   1.461060       0.119882         -9.458023e-04     
   1.461060       0.152235         -1.522249e-03     
   1.461060       0.188220         -2.320766e-03     
   1.461060       0.227742         -3.385501e-03     
   1.461060       0.270694         -4.760440e-03     
   1.461060       0.316959         -6.487569e-03     
   1.461060       0.366414         -8.604780e-03     
   1.461060       0.418925         -1.114352e-02     
   1.461060       0.474351         -1.412627e-02     
   1.461060       0.532541         -1.756380e-02     
   1.461060       0.593339         -2.145238e-02     
   1.461060       0.656582         -2.577096e-02     
   1.461060       0.722098         -3.047842e-02     
   1.461060       0.789711         -3.551106e-02     
   1.461060       0.859239         -4.078064e-02     
   1.461060       0.930495         -4.617330e-02     
   1.461060       1.003286         -5.155003e-02     
   1.461060       1.077416         -5.674983e-02     
   1.461060       1.152685         -6.159655e-02     
   1.461060       1.228890         -6.591084e-02     
   1.461060       1.305826         -6.952704e-02     
   1.461060       1.383286         -7.231319e-02     
   1.461060       1.461060         -7.418930e-02     
   1.461060       1.538940         -7.513767e-02     
   1.461060       1.616714         -7.520117e-02     
   1.461060       1.694174         -7.446973e-02     
   1.461060       1.771110         -7.306069e-02     
   1.461060       1.847315         -7.109989e-02     
   1.461060       1.922584         -6.870812e-02     
   1.461060       1.996714         -6.599412e-02     
   1.461060       2.069505         -6.305254e-02     
   1.461060       2.140761         -5.996467e-02     
   1.461060       2.210289         -5.680013e-02     
   1.461060       2.277902         -5.361847e-02     
   1.461060       2.343418         -5.047042e-02     
   1.461060       2.406661         -4.739867e-02     
   1.461060       2.467459         -4.443844e-02     
   1.461060       2.525649         -4.161798e-02     
   1.461060       2.581075         -3.895902e-02     
   1.461060       2.633586         -3.647732e-02     
   1.461060       2.683041         -3.418337e-02     
   1.461060       2.729306         -3.208302e-02     
   1.461060       2.772258         -3.017834e-02     
   1.461060       2.811780         -2.846832e-02     
   1.461060       2.847765         -2.694967e-02     
   1.461060       2.880118         -2.561751e-02     
   1.461060       2.908749         -2.446596e-02     
   1.461060       2.933583         -2.348878e-02     
   1.461060       2.954553         -2.267973e-02     
   1.461060       2.971601         -2.203304e-02     
   1.461060       2.984682         -2.154367e-02     
   1.461060       2.993761         -2.120755e-02     
   1.461060       2.998815         -2.102168e-02     
   1.461060       3.004739         -2.080499e-02     
   1.461060       3.024957         -2.007491e-02     
   1.461060       3.061273         -1.880067e-02     
   1.461060       3.113597         -1.705024e-02     
   1.461060       3.181789         -1.492324e-02     
   1.461060       3.265666         -1.254873e-02     
   1.461060       3.365002         -1.007873e-02     
   1.461060       3.479529         -7.675432e-03     
   1.461060       3.608938         -5.492400e-03     
   1.461060       3.752880         -3.652151e-03     
   1.461060       3.910968         -2.225870e-03     
   1.461060       4.082775         -1.222344e-03     
   1.461060       4.267838         -5.918638e-04     
   1.461060       4.465657         -2.456153e-04     
   1.461060       4.675701         -8.396057e-05     
   1.461060       4.897402         -2.219368e-05     
   1.461060       5.130163         -3.961890e-06     
   1.461060       5.373356         -2.452845e-07     
   1.461060       5.626327         1.008882e-07      
   1.461060       5.888392         3.721545e-08      
   1.461060       6.158845         6.063916e-09      
   1.461060       6.436958         3.668965e-10      
   1.461060       6.721980         -6.606921e-11     
   1.461060       7.013143         -1.992223e-11     
   1.461060       7.309662         -2.218085e-12     
   1.461060       7.610739         -3.664758e-14     
   1.461060       7.915560         2.338244e-14      
   1.461060       8.223305         3.148978e-15      
   1.461060       8.533144         1.053607e-16      
   1.461060       8.844241         -1.612812e-17     
   1.461060       9.155759         -2.035962e-18     
   1.461060       9.466856         -4.240487e-20     
   1.461060       9.776695         8.605665e-21      
   1.461060       10.084440        6.838703e-22      
   1.461060       10.389261        -4.699845e-24     
   1.461060       10.690338        -3.033494e-24     
   1.461060       10.986857        -1.086905e-25     
   1.461060       11.278020        6.873880e-27      
   1.461060       11.563042        6.539303e-28      
   1.461060       11.841155        -3.546944e-30     
   1.461060       12.111608        -4.212963e-29     
   1.461060       12.373673        -3.095115e-28     
   1.461060       12.626644        -1.048002e-27     
   1.461060       12.869837        2.213242e-26      
   1.461060       13.102598        5.974005e-25      
   1.461060       13.324299        9.103006e-24      
   1.461060       13.534343        1.069289e-22      
   1.461060       13.732162        1.038580e-21      
   1.461060       13.917225        8.676017e-21      
   1.461060       14.089032        6.376857e-20      
   1.461060       14.247120        3.966533e-19      
   1.461060       14.391062        1.971471e-18      
   1.461060       14.520471        8.063904e-18      
   1.461060       14.634998        3.356146e-17      
   1.461060       14.734334        1.713010e-16      
   1.461060       14.818211        8.535993e-16      
   1.461060       14.886403        3.243673e-15      
   1.461060       14.938727        8.813607e-15      
   1.461060       14.975043        1.726654e-14      
   1.461060       14.995261        2.488750e-14      
   1.538940       0.001185         -8.684414e-08     
   1.538940       0.006239         -2.408217e-06     
   1.538940       0.015318         -1.451553e-05     
   1.538940       0.028399         -4.988664e-05     
   1.538940       0.045447         -1.277272e-04     
   1.538940       0.066417         -2.726619e-04     
   1.538940       0.091251         -5.142982e-04     
   1.538940       0.119882         -8.866406e-04     
   1.538940       0.152235         -1.427334e-03     
   1.538940       0.188220         -2.176710e-03     
   1.538940       0.227742         -3.176630e-03     
   1.538940       0.270694         -4.469095e-03     
   1.538940       0.316959         -6.094635e-03     
   1.538940       0.366414         -8.090477e-03     
   1.538940       0.418925         -1.048850e-02     
   1.538940       0.474351         -1.331302e-02     
   1.538940       0.532541         -1.657843e-02     
   1.538940       0.593339         -2.028673e-02     
   1.538940       0.656582         -2.442507e-02     
   1.538940       0.722098         -2.896334e-02     
   1.538940       0.789711         -3.385187e-02     
   1.538940       0.859239         -3.901954e-02     
   1.538940       0.930495         -4.437232e-02     
   1.538940       1.003286         -4.979289e-02     
   1.538940       1.077416         -5.514166e-02     
   1.538940       1.152685         -6.026035e-02     
   1.538940       1.228890         -6.497911e-02     
   1.538940       1.305826         -6.912817e-02     
   1.538940       1.383286         -7.255397e-02     
   1.538940       1.461060         -7.513767e-02     
   1.538940       1.538940         -7.681148e-02     
   1.538940       1.616714         -7.756718e-02     
   1.538940       1.694174         -7.745331e-02     
   1.538940       1.771110         -7.656186e-02     
   1.538940       1.847315         -7.500970e-02     
   1.538940       1.922584         -7.292115e-02     
   1.538940       1.996714         -7.041565e-02     
   1.538940       2.069505         -6.760126e-02     
   1.538940       2.140761         -6.457269e-02     
   1.538940       2.210289         -6.141175e-02     
   1.538940       2.277902         -5.818867e-02     
   1.538940       2.343418         -5.496341e-02     
   1.538940       2.406661         -5.178676e-02     
   1.538940       2.467459         -4.870102e-02     
   1.538940       2.525649         -4.574070e-02     
   1.538940       2.581075         -4.293302e-02     
   1.538940       2.633586         -4.029851e-02     
   1.538940       2.683041         -3.785172e-02     
   1.538940       2.729306         -3.560195e-02     
   1.538940       2.772258         -3.355407e-02     
   1.538940       2.811780         -3.170932e-02     
   1.538940       2.847765         -3.006615e-02     
   1.538940       2.880118         -2.862100e-02     
   1.538940       2.908749         -2.736896e-02     
   1.538940       2.933583         -2.630442e-02     
   1.538940       2.954553         -2.542161e-02     
   1.538940       2.971601         -2.471502e-02     
   1.538940       2.984682         -2.417976e-02     
   1.538940       2.993761         -2.381184e-02     
   1.538940       2.998815         -2.360829e-02     
   1.538940       3.004739         -2.337090e-02     
   1.538940       3.024957         -2.257036e-02     
   1.538940       3.061273         -2.117051e-02     
   1.538940       3.113597         -1.924200e-02     
   1.538940       3.181789         -1.688974e-02     
   1.538940       3.265666         -1.425170e-02     
   1.538940       3.365002         -1.149308e-02     
   1.538940       3.479529         -8.793226e-03     
   1.538940       3.608938         -6.325216e-03     
   1.538940       3.752880         -4.230576e-03     
   1.538940       3.910968         -2.595356e-03     
   1.538940       4.082775         -1.435888e-03     
   1.538940       4.267838         -7.012822e-04     
   1.538940       4.465657         -2.940498e-04     
   1.538940       4.675701         -1.018496e-04     
   1.538940       4.897402         -2.743218e-05     
   1.538940       5.130163         -5.071889e-06     
   1.538940       5.373356         -3.759842e-07     
   1.538940       5.626327         1.081154e-07      
   1.538940       5.888392         4.385983e-08      
   1.538940       6.158845         7.448512e-09      
   1.538940       6.436958         5.002719e-10      
   1.538940       6.721980         -7.013416e-11     
   1.538940       7.013143         -2.331852e-11     
   1.538940       7.309662         -2.722706e-12     
   1.538940       7.610739         -6.274533e-14     
   1.538940       7.915560         2.628251e-14      
   1.538940       8.223305         3.778881e-15      
   1.538940       8.533144         1.438247e-16      
   1.538940       8.844241         -1.777235e-17     
   1.538940       9.155759         -2.444367e-18     
   1.538940       9.466856         -6.095648e-20     
   1.538940       9.776695         9.724765e-21      
   1.538940       10.084440        8.382263e-22      
   1.538940       10.389261        -2.109316e-24     
   1.538940       10.690338        -3.558217e-24     
   1.538940       10.986857        -1.406206e-25     
   1.538940       11.278020        7.558572e-27      
   1.538940       11.563042        7.951856e-28      
   1.538940       11.841155        6.646046e-32      
   1.538940       12.111608        -3.604823e-29     
   1.538940       12.373673        -2.594916e-28     
   1.538940       12.626644        -8.852685e-28     
   1.538940       12.869837        1.841534e-26      
   1.538940       13.102598        4.990004e-25      
   1.538940       13.324299        7.613852e-24      
   1.538940       13.534343        8.951512e-23      
   1.538940       13.732162        8.700115e-22      
   1.538940       13.917225        7.271558e-21      
   1.538940       14.089032        5.346712e-20      
   1.538940       14.247120        3.326749e-19      
   1.538940       14.391062        1.653867e-18      
   1.538940       14.520471        6.766276e-18      
   1.538940       14.634998        2.816723e-17      
   1.538940       14.734334        1.437927e-16      
   1.538940       14.818211        7.165868e-16      
   1.538940       14.886403        2.723178e-15      
   1.538940       14.938727        7.399655e-15      
   1.538940       14.975043        1.449698e-14      
   1.538940       14.995261        2.089595e-14      
   1.616714       0.001185         -8.120265e-08     
   1.616714       0.006239         -2.251779e-06     
   1.616714       0.015318         -1.357265e-05     
   1.616714       0.028399         -4.664678e-05     
   1.616714       0.045447         -1.194354e-04     
   1.616714       0.066417         -2.549745e-04     
   1.616714       0.091251         -4.809778e-04     
   1.616714       0.119882         -8.293084e-04     
   1.616714       0.152235         -1.335301e-03     
   1.616714       0.188220         -2.036916e-03     
   1.616714       0.227742         -2.973715e-03     
   1.616714       0.270694         -4.185639e-03     
   1.616714       0.316959         -5.711598e-03     
   1.616714       0.366414         -7.587866e-03     
   1.616714       0.418925         -9.846290e-03     
   1.616714       0.474351         -1.251235e-02     
   1.616714       0.532541         -1.560310e-02     
   1.616714       0.593339         -1.912499e-02     
   1.616714       0.656582         -2.307168e-02     
   1.616714       0.722098         -2.742192e-02     
   1.616714       0.789711         -3.213749e-02     
   1.616714       0.859239         -3.716138e-02     
   1.616714       0.930495         -4.241636e-02     
   1.616714       1.003286         -4.780414e-02     
   1.616714       1.077416         -5.320543e-02     
   1.616714       1.152685         -5.848155e-02     
   1.616714       1.228890         -6.347840e-02     
   1.616714       1.305826         -6.803367e-02     
   1.616714       1.383286         -7.198818e-02     
   1.616714       1.461060         -7.520117e-02     
   1.616714       1.538940         -7.756718e-02     
   1.616714       1.616714         -7.903047e-02     
   1.616714       1.694174         -7.959186e-02     
   1.616714       1.771110         -7.930496e-02     
   1.616714       1.847315         -7.826320e-02     
   1.616714       1.922584         -7.658247e-02     
   1.616714       1.996714         -7.438515e-02     
   1.616714       2.069505         -7.178882e-02     
   1.616714       2.140761         -6.890035e-02     
   1.616714       2.210289         -6.581388e-02     
   1.616714       2.277902         -6.261103e-02     
   1.616714       2.343418         -5.936189e-02     
   1.616714       2.406661         -5.612611e-02     
   1.616714       2.467459         -5.295388e-02     
   1.616714       2.525649         -4.988663e-02     
   1.616714       2.581075         -4.695771e-02     
   1.616714       2.633586         -4.419305e-02     
   1.616714       2.683041         -4.161186e-02     
   1.616714       2.729306         -3.922744e-02     
   1.616714       2.772258         -3.704800e-02     
   1.616714       2.811780         -3.507754e-02     
   1.616714       2.847765         -3.331673e-02     
   1.616714       2.880118         -3.176370e-02     
   1.616714       2.908749         -3.041489e-02     
   1.616714       2.933583         -2.926565e-02     
   1.616714       2.954553         -2.831091e-02     
   1.616714       2.971601         -2.754563e-02     
   1.616714       2.984682         -2.696526e-02     
   1.616714       2.993761         -2.656600e-02     
   1.616714       2.998815         -2.634500e-02     
   1.616714       3.004739         -2.608714e-02     
   1.616714       3.024957         -2.521678e-02     
   1.616714       3.061273         -2.369175e-02     
   1.616714       3.113597         -2.158424e-02     
   1.616714       3.181789         -1.900313e-02     
   1.616714       3.265666         -1.609412e-02     
   1.616714       3.365002         -1.303486e-02     
   1.616714       3.479529         -1.002192e-02     
   1.616714       3.608938         -7.248942e-03     
   1.616714       3.752880         -4.878355e-03     
   1.616714       3.910968         -3.013434e-03     
   1.616714       4.082775         -1.680219e-03     
   1.616714       4.267838         -8.280200e-04     
   1.616714       4.465657         -3.509375e-04     
   1.616714       4.675701         -1.232127e-04     
   1.616714       4.897402         -3.382399e-05     
   1.616714       5.130163         -6.471911e-06     
   1.616714       5.373356         -5.551817e-07     
   1.616714       5.626327         1.122903e-07      
   1.616714       5.888392         5.134029e-08      
   1.616714       6.158845         9.114575e-09      
   1.616714       6.436958         6.734692e-10      
   1.616714       6.721980         -7.226501e-11     
   1.616714       7.013143         -2.711517e-11     
   1.616714       7.309662         -3.328161e-12     
   1.616714       7.610739         -9.837915e-14     
   1.616714       7.915560         2.916811e-14      
   1.616714       8.223305         4.512447e-15      
   1.616714       8.533144         1.934441e-16      
   1.616714       8.844241         -1.924462e-17     
   1.616714       9.155759         -2.920063e-18     
   1.616714       9.466856         -8.538392e-20     
   1.616714       9.776695         1.085756e-20      
   1.616714       10.084440        1.022931e-21      
   1.616714       10.389261        1.910345e-24      
   1.616714       10.690338        -4.146149e-24     
   1.616714       10.986857        -1.807326e-25     
   1.616714       11.278020        8.159638e-27      
   1.616714       11.563042        9.628031e-28      
   1.616714       11.841155        4.847710e-30      
   1.616714       12.111608        -3.122108e-29     
   1.616714       12.373673        -2.187705e-28     
   1.616714       12.626644        -7.520761e-28     
   1.616714       12.869837        1.540082e-26      
   1.616714       13.102598        4.190125e-25      
   1.616714       13.324299        6.402289e-24      
   1.616714       13.534343        7.533914e-23      
   1.616714       13.732162        7.327248e-22      
   1.616714       13.917225        6.127330e-21      
   1.616714       14.089032        4.507214e-20      
   1.616714       14.247120        2.805263e-19      
   1.616714       14.391062        1.394947e-18      
   1.616714       14.520471        5.708259e-18      
   1.616714       14.634998        2.376836e-17      
   1.616714       14.734334        1.213577e-16      
   1.616714       14.818211        6.048371e-16      
   1.616714       14.886403        2.298638e-15      
   1.616714       14.938727        6.246344e-15      
   1.616714       14.975043        1.223790e-14      
   1.616714       14.995261        1.764006e-14      
   1.694174       0.001185         -7.573416e-08     
   1.694174       0.006239         -2.100137e-06     
   1.694174       0.015318         -1.265868e-05     
   1.694174       0.028399         -4.350614e-05     
   1.694174       0.045447         -1.113970e-04     
   1.694174       0.066417         -2.378254e-04     
   1.694174       0.091251         -4.486648e-04     
   1.694174       0.119882         -7.736914e-04     
   1.694174       0.152235         -1.245979e-03     
   1.694174       0.188220         -1.901148e-03     
   1.694174       0.227742         -2.776463e-03     
   1.694174       0.270694         -3.909758e-03     
   1.694174       0.316959         -5.338204e-03     
   1.694174       0.366414         -7.096903e-03     
   1.694174       0.418925         -9.217326e-03     
   1.694174       0.474351         -1.172561e-02     
   1.694174       0.532541         -1.464073e-02     
   1.694174       0.593339         -1.797261e-02     
   1.694174       0.656582         -2.172015e-02     
   1.694174       0.722098         -2.586933e-02     
   1.694174       0.789711         -3.039134e-02     
   1.694174       0.859239         -3.524089e-02     
   1.694174       0.930495         -4.035485e-02     
   1.694174       1.003286         -4.565120e-02     
   1.694174       1.077416         -5.102873e-02     
   1.694174       1.152685         -5.636755e-02     
   1.694174       1.228890         -6.153123e-02     
   1.694174       1.305826         -6.637100e-02     
   1.694174       1.383286         -7.073310e-02     
   1.694174       1.461060         -7.446973e-02     
   1.694174       1.538940         -7.745331e-02     
   1.694174       1.616714         -7.959186e-02     
   1.694174       1.694174         -8.084144e-02     
   1.694174       1.771110         -8.121138e-02     
   1.694174       1.847315         -8.075977e-02     
   1.694174       1.922584         -7.958092e-02     
   1.694174       1.996714         -7.778929e-02     
   1.694174       2.069505         -7.550484e-02     
   1.694174       2.140761         -7.284287e-02     
   1.694174       2.210289         -6.990848e-02     
   1.694174       2.277902         -6.679456e-02     
   1.694174       2.343418         -6.358183e-02     
   1.694174       2.406661         -6.033951e-02     
   1.694174       2.467459         -5.712630e-02     
   1.694174       2.525649         -5.399123e-02     
   1.694174       2.581075         -5.097439e-02     
   1.694174       2.633586         -4.810766e-02     
   1.694174       2.683041         -4.541551e-02     
   1.694174       2.729306         -4.291578e-02     
   1.694174       2.772258         -4.062056e-02     
   1.694174       2.811780         -3.853710e-02     
   1.694174       2.847765         -3.666873e-02     
   1.694174       2.880118         -3.501576e-02     
   1.694174       2.908749         -3.357629e-02     
   1.694174       2.933583         -3.234701e-02     
   1.694174       2.954553         -3.132381e-02     
   1.694174       2.971601         -3.050238e-02     
   1.694174       2.984682         -2.987865e-02     
   1.694174       2.993761         -2.944918e-02     
   1.694174       2.998815         -2.921133e-02     
   1.694174       3.004739         -2.893369e-02     
   1.694174       3.024957         -2.799558e-02     
   1.694174       3.061273         -2.634823e-02     
   1.694174       3.113597         -2.406406e-02     
   1.694174       3.181789         -2.125428e-02     
   1.694174       3.265666         -1.807072e-02     
   1.694174       3.365002         -1.470234e-02     
   1.694174       3.479529         -1.136260e-02     
   1.694174       3.608938         -8.266491e-03     
   1.694174       3.752880         -5.599195e-03     
   1.694174       3.910968         -3.483700e-03     
   1.694174       4.082775         -1.958238e-03     
   1.694174       4.267838         -9.740614e-04     
   1.694174       4.465657         -4.174282e-04     
   1.694174       4.675701         -1.486051e-04     
   1.694174       4.897402         -4.158643e-05     
   1.694174       5.130163         -8.227736e-06     
   1.694174       5.373356         -7.971443e-07     
   1.694174       5.626327         1.115558e-07      
   1.694174       5.888392         5.962819e-08      
   1.694174       6.158845         1.110466e-08      
   1.694174       6.436958         8.959742e-10      
   1.694174       6.721980         -7.145036e-11     
   1.694174       7.013143         -3.129852e-11     
   1.694174       7.309662         -4.049097e-12     
   1.694174       7.610739         -1.460386e-13     
   1.694174       7.915560         3.188385e-14      
   1.694174       8.223305         5.358728e-15      
   1.694174       8.533144         2.567130e-16      
   1.694174       8.844241         -2.038934e-17     
   1.694174       9.155759         -3.468894e-18     
   1.694174       9.466856         -1.171024e-19     
   1.694174       9.776695         1.195031e-20      
   1.694174       10.084440        1.242239e-21      
   1.694174       10.389261        7.809565e-24      
   1.694174       10.690338        -4.795406e-24     
   1.694174       10.986857        -2.307076e-25     
   1.694174       11.278020        8.605938e-27      
   1.694174       11.563042        1.160200e-27      
   1.694174       11.841155        1.120601e-29      
   1.694174       12.111608        -2.737529e-29     
   1.694174       12.373673        -1.852672e-28     
   1.694174       12.626644        -6.417351e-28     
   1.694174       12.869837        1.293364e-26      
   1.694174       13.102598        3.533541e-25      
   1.694174       13.324299        5.406746e-24      
   1.694174       13.534343        6.368291e-23      
   1.694174       13.732162        6.197840e-22      
   1.694174       13.917225        5.185643e-21      
   1.694174       14.089032        3.816101e-20      
   1.694174       14.247120        2.375855e-19      
   1.694174       14.391062        1.181707e-18      
   1.694174       14.520471        4.836758e-18      
   1.694174       14.634998        2.014433e-17      
   1.694174       14.734334        1.028721e-16      
   1.694174       14.818211        5.127541e-16      
   1.694174       14.886403        1.948800e-15      
   1.694174       14.938727        5.295936e-15      
   1.694174       14.975043        1.037621e-14      
   1.694174       14.995261        1.495689e-14      
   1.771110       0.001185         -7.043935e-08     
   1.771110       0.006239         -1.953312e-06     
   1.771110       0.015318         -1.177373e-05     
   1.771110       0.028399         -4.046514e-05     
   1.771110       0.045447         -1.036131e-04     
   1.771110       0.066417         -2.212175e-04     
   1.771110       0.091251         -4.173658e-04     
   1.771110       0.119882         -7.198044e-04     
   1.771110       0.152235         -1.159399e-03     
   1.771110       0.188220         -1.769472e-03     
   1.771110       0.227742         -2.585003e-03     
   1.771110       0.270694         -3.641696e-03     
   1.771110       0.316959         -4.974899e-03     
   1.771110       0.366414         -6.618377e-03     
   1.771110       0.418925         -8.602950e-03     
   1.771110       0.474351         -1.095500e-02     
   1.771110       0.532541         -1.369488e-02     
   1.771110       0.593339         -1.683520e-02     
   1.771110       0.656582         -2.037910e-02     
   1.771110       0.722098         -2.431853e-02     
   1.771110       0.789711         -2.863250e-02     
   1.771110       0.859239         -3.328558e-02     
   1.771110       0.930495         -3.822649e-02     
   1.771110       1.003286         -4.338712e-02     
   1.771110       1.077416         -4.868187e-02     
   1.771110       1.152685         -5.400783e-02     
   1.771110       1.228890         -5.924574e-02     
   1.771110       1.305826         -6.426247e-02     
   1.771110       1.383286         -6.891559e-02     
   1.771110       1.461060         -7.306069e-02     
   1.771110       1.538940         -7.656186e-02     
   1.771110       1.616714         -7.930496e-02     
   1.771110       1.694174         -8.121138e-02     
   1.771110       1.771110         -8.224859e-02     
   1.771110       1.847315         -8.243390e-02     
   1.771110       1.922584         -8.182930e-02     
   1.771110       1.996714         -8.052950e-02     
   1.771110       2.069505         -7.864704e-02     
   1.771110       2.140761         -7.629909e-02     
   1.771110       2.210289         -7.359815e-02     
   1.771110       2.277902         -7.064695e-02     
   1.771110       2.343418         -6.753654e-02     
   1.771110       2.406661         -6.434599e-02     
   1.771110       2.467459         -6.114303e-02     
   1.771110       2.525649         -5.798481e-02     
   1.771110       2.581075         -5.491869e-02     
   1.771110       2.633586         -5.198308e-02     
   1.771110       2.683041         -4.920819e-02     
   1.771110       2.729306         -4.661692e-02     
   1.771110       2.772258         -4.422574e-02     
   1.771110       2.811780         -4.204564e-02     
   1.771110       2.847765         -4.008309e-02     
   1.771110       2.880118         -3.834097e-02     
   1.771110       2.908749         -3.681947e-02     
   1.771110       2.933583         -3.551691e-02     
   1.771110       2.954553         -3.443047e-02     
   1.771110       2.971601         -3.355679e-02     
   1.771110       2.984682         -3.289252e-02     
   1.771110       2.993761         -3.243470e-02     
   1.771110       2.998815         -3.218098e-02     
   1.771110       3.004739         -3.188469e-02     
   1.771110       3.024957         -3.088245e-02     
   1.771110       3.061273         -2.911833e-02     
   1.771110       3.113597         -2.666344e-02     
   1.771110       3.181789         -2.362940e-02     
   1.771110       3.265666         -2.017221e-02     
   1.771110       3.365002         -1.649049e-02     
   1.771110       3.479529         -1.281387e-02     
   1.771110       3.608938         -9.379103e-03     
   1.771110       3.752880         -6.395798e-03     
   1.771110       3.910968         -4.009253e-03     
   1.771110       4.082775         -2.272670e-03     
   1.771110       4.267838         -1.141378e-03     
   1.771110       4.465657         -4.947143e-04     
   1.771110       4.675701         -1.786249e-04     
   1.771110       4.897402         -5.096200e-05     
   1.771110       5.130163         -1.041571e-05     
   1.771110       5.373356         -1.119269e-06     
   1.771110       5.626327         1.034377e-07      
   1.771110       5.888392         6.862747e-08      
   1.771110       6.158845         1.346149e-08      
   1.771110       6.436958         1.178727e-09      
   1.771110       6.721980         -6.639414e-11     
   1.771110       7.013143         -3.582700e-11     
   1.771110       7.309662         -4.900096e-12     
   1.771110       7.610739         -2.086282e-13     
   1.771110       7.915560         3.421553e-14      
   1.771110       8.223305         6.324363e-15      
   1.771110       8.533144         3.364517e-16      
   1.771110       8.844241         -2.100034e-17     
   1.771110       9.155759         -4.095109e-18     
   1.771110       9.466856         -1.577430e-19     
   1.771110       9.776695         1.292737e-20      
   1.771110       10.084440        1.500332e-21      
   1.771110       10.389261        1.613462e-23      
   1.771110       10.690338        -5.499734e-24     
   1.771110       10.986857        -2.924246e-25     
   1.771110       11.278020        8.802885e-27      
   1.771110       11.563042        1.390649e-27      
   1.771110       11.841155        1.962048e-29      
   1.771110       12.111608        -2.431012e-29     
   1.771110       12.373673        -1.574854e-28     
   1.771110       12.626644        -5.495316e-28     
   1.771110       12.869837        1.089961e-26      
   1.771110       13.102598        2.990444e-25      
   1.771110       13.324299        4.582342e-24      
   1.771110       13.534343        5.402336e-23      
   1.771110       13.732162        5.261387e-22      
   1.771110       13.917225        4.404502e-21      
   1.771110       14.089032        3.242621e-20      
   1.771110       14.247120        2.019445e-19      
   1.771110       14.391062        1.004683e-18      
   1.771110       14.520471        4.113142e-18      
   1.771110       14.634998        1.713471e-17      
   1.771110       14.734334        8.751843e-17      
   1.771110       14.818211        4.362666e-16      
   1.771110       14.886403        1.658198e-15      
   1.771110       14.938727        4.506431e-15      
   1.771110       14.975043        8.829669e-15      
   1.771110       14.995261        1.272788e-14      
   1.847315       0.001185         -6.532818e-08     
   1.847315       0.006239         -1.811578e-06     
   1.847315       0.015318         -1.091946e-05     
   1.847315       0.028399         -3.752950e-05     
   1.847315       0.045447         -9.609851e-05     
   1.847315       0.066417         -2.051827e-04     
   1.847315       0.091251         -3.871418e-04     
   1.847315       0.119882         -6.677549e-04     
   1.847315       0.152235         -1.075741e-03     
   1.847315       0.188220         -1.642171e-03     
   1.847315       0.227742         -2.399774e-03     
   1.847315       0.270694         -3.382118e-03     
   1.847315       0.316959         -4.622668e-03     
   1.847315       0.366414         -6.153728e-03     
   1.847315       0.418925         -8.005254e-03     
   1.847315       0.474351         -1.020355e-02     
   1.847315       0.532541         -1.276986e-02     
   1.847315       0.593339         -1.571887e-02     
   1.847315       0.656582         -1.905715e-02     
   1.847315       0.722098         -2.278160e-02     
   1.847315       0.789711         -2.687782e-02     
   1.847315       0.859239         -3.131870e-02     
   1.847315       0.930495         -3.606310e-02     
   1.847315       1.003286         -4.105476e-02     
   1.847315       1.077416         -4.622161e-02     
   1.847315       1.152685         -5.147561e-02     
   1.847315       1.228890         -5.671320e-02     
   1.847315       1.305826         -6.181675e-02     
   1.847315       1.383286         -6.665741e-02     
   1.847315       1.461060         -7.109989e-02     
   1.847315       1.538940         -7.500970e-02     
   1.847315       1.616714         -7.826320e-02     
   1.847315       1.694174         -8.075977e-02     
   1.847315       1.771110         -8.243390e-02     
   1.847315       1.847315         -8.326406e-02     
   1.847315       1.922584         -8.327492e-02     
   1.847315       1.996714         -8.253184e-02     
   1.847315       2.069505         -8.112943e-02     
   1.847315       2.140761         -7.917793e-02     
   1.847315       2.210289         -7.679128e-02     
   1.847315       2.277902         -7.407870e-02     
   1.847315       2.343418         -7.114003e-02     
   1.847315       2.406661         -6.806378e-02     
   1.847315       2.467459         -6.492680e-02     
   1.847315       2.525649         -6.179469e-02     
   1.847315       2.581075         -5.872255e-02     
   1.847315       2.633586         -5.575570e-02     
   1.847315       2.683041         -5.293059e-02     
   1.847315       2.729306         -5.027563e-02     
   1.847315       2.772258         -4.781213e-02     
   1.847315       2.811780         -4.555526e-02     
   1.847315       2.847765         -4.351507e-02     
   1.847315       2.880118         -4.169742e-02     
   1.847315       2.908749         -4.010496e-02     
   1.847315       2.933583         -3.873801e-02     
   1.847315       2.954553         -3.759530e-02     
   1.847315       2.971601         -3.667470e-02     
   1.847315       2.984682         -3.597376e-02     
   1.847315       2.993761         -3.549016e-02     
   1.847315       2.998815         -3.522198e-02     
   1.847315       3.004739         -3.490865e-02     
   1.847315       3.024957         -3.384749e-02     
   1.847315       3.061273         -3.197495e-02     
   1.847315       3.113597         -2.935912e-02     
   1.847315       3.181789         -2.610987e-02     
   1.847315       3.265666         -2.238497e-02     
   1.847315       3.365002         -1.839068e-02     
   1.847315       3.479529         -1.437150e-02     
   1.847315       3.608938         -1.058597e-02     
   1.847315       3.752880         -7.269550e-03     
   1.847315       3.910968         -4.592462e-03     
   1.847315       4.082775         -2.625912e-03     
   1.847315       4.267838         -1.331846e-03     
   1.847315       4.465657         -5.839937e-04     
   1.847315       4.675701         -2.138991e-04     
   1.847315       4.897402         -6.221545e-05     
   1.847315       5.130163         -1.312270e-05     
   1.847315       5.373356         -1.542370e-06     
   1.847315       5.626327         8.472616e-08      
   1.847315       5.888392         7.814936e-08      
   1.847315       6.158845         1.622497e-08      
   1.847315       6.436958         1.534030e-09      
   1.847315       6.721980         -5.547749e-11     
   1.847315       7.013143         -4.062206e-11     
   1.847315       7.309662         -5.894697e-12     
   1.847315       7.610739         -2.894553e-13     
   1.847315       7.915560         3.587897e-14      
   1.847315       8.223305         7.412106e-15      
   1.847315       8.533144         4.357639e-16      
   1.847315       8.844241         -2.081241e-17     
   1.847315       9.155759         -4.800405e-18     
   1.847315       9.466856         -2.091419e-19     
   1.847315       9.776695         1.368655e-20      
   1.847315       10.084440        1.801031e-21      
   1.847315       10.389261        2.753463e-23      
   1.847315       10.690338        -6.247017e-24     
   1.847315       10.986857        -3.679291e-25     
   1.847315       11.278020        8.628230e-27      
   1.847315       11.563042        1.657013e-27      
   1.847315       11.841155        3.064815e-29      
   1.847315       12.111608        -2.186948e-29     
   1.847315       12.373673        -1.343076e-28     
   1.847315       12.626644        -4.719649e-28     
   1.847315       12.869837        9.212813e-27      
   1.847315       13.102598        2.538464e-25      
   1.847315       13.324299        3.895414e-24      
   1.847315       13.534343        4.596828e-23      
   1.847315       13.732162        4.480023e-22      
   1.847315       13.917225        3.752427e-21      
   1.847315       14.089032        2.763721e-20      
   1.847315       14.247120        1.721736e-19      
   1.847315       14.391062        8.567845e-19      
   1.847315       14.520471        3.508466e-18      
   1.847315       14.634998        1.461926e-17      
   1.847315       14.734334        7.468390e-17      
   1.847315       14.818211        3.723240e-16      
   1.847315       14.886403        1.415247e-15      
   1.847315       14.938727        3.846358e-15      
   1.847315       14.975043        7.536631e-15      
   1.847315       14.995261        1.086422e-14      
   1.922584       0.001185         -6.041626e-08     
   1.922584       0.006239         -1.675370e-06     
   1.922584       0.015318         -1.009849e-05     
   1.922584       0.028399         -3.470822e-05     
   1.922584       0.045447         -8.887630e-05     
   1.922584       0.066417         -1.897704e-04     
   1.922584       0.091251         -3.580867e-04     
   1.922584       0.119882         -6.177067e-04     
   1.922584       0.152235         -9.952712e-04     
   1.922584       0.188220         -1.519665e-03     
   1.922584       0.227742         -2.221407e-03     
   1.922584       0.270694         -3.131943e-03     
   1.922584       0.316959         -4.282829e-03     
   1.922584       0.366414         -5.704813e-03     
   1.922584       0.418925         -7.426813e-03     
   1.922584       0.474351         -9.474780e-03     
   1.922584       0.532541         -1.187047e-02     
   1.922584       0.593339         -1.463012e-02     
   1.922584       0.656582         -1.776305e-02     
   1.922584       0.722098         -2.127025e-02     
   1.922584       0.789711         -2.514290e-02     
   1.922584       0.859239         -2.936100e-02     
   1.922584       0.930495         -3.389209e-02     
   1.922584       1.003286         -3.869015e-02     
   1.922584       1.077416         -4.369487e-02     
   1.922584       1.152685         -4.883120e-02     
   1.922584       1.228890         -5.400956e-02     
   1.922584       1.305826         -5.912668e-02     
   1.922584       1.383286         -6.406746e-02     
   1.922584       1.461060         -6.870812e-02     
   1.922584       1.538940         -7.292115e-02     
   1.922584       1.616714         -7.658247e-02     
   1.922584       1.694174         -7.958092e-02     
   1.922584       1.771110         -8.182930e-02     
   1.922584       1.847315         -8.327492e-02     
   1.922584       1.922584         -8.390665e-02     
   1.922584       1.996714         -8.375596e-02     
   1.922584       2.069505         -8.289103e-02     
   1.922584       2.140761         -8.140591e-02     
   1.922584       2.210289         -7.940815e-02     
   1.922584       2.277902         -7.700807e-02     
   1.922584       2.343418         -7.431115e-02     
   1.922584       2.406661         -7.141379e-02     
   1.922584       2.467459         -6.840139e-02     
   1.922584       2.525649         -6.534799e-02     
   1.922584       2.581075         -6.231658e-02     
   1.922584       2.633586         -5.935976e-02     
   1.922584       2.683041         -5.652056e-02     
   1.922584       2.729306         -5.383326e-02     
   1.922584       2.772258         -5.132443e-02     
   1.922584       2.811780         -4.901382e-02     
   1.922584       2.847765         -4.691542e-02     
   1.922584       2.880118         -4.503848e-02     
   1.922584       2.908749         -4.338848e-02     
   1.922584       2.933583         -4.196802e-02     
   1.922584       2.954553         -4.077771e-02     
   1.922584       2.971601         -3.981688e-02     
   1.922584       2.984682         -3.908418e-02     
   1.922584       2.993761         -3.857812e-02     
   1.922584       2.998815         -3.829729e-02     
   1.922584       3.004739         -3.796899e-02     
   1.922584       3.024957         -3.685573e-02     
   1.922584       3.061273         -3.488591e-02     
   1.922584       3.113597         -3.212285e-02     
   1.922584       3.181789         -2.867224e-02     
   1.922584       3.265666         -2.469096e-02     
   1.922584       3.365002         -2.039037e-02     
   1.922584       3.479529         -1.602808e-02     
   1.922584       3.608938         -1.188387e-02     
   1.922584       3.752880         -8.220210e-03     
   1.922584       3.910968         -5.234725e-03     
   1.922584       4.082775         -3.019875e-03     
   1.922584       4.267838         -1.547153e-03     
   1.922584       4.465657         -6.864214e-04     
   1.922584       4.675701         -2.550648e-04     
   1.922584       4.897402         -7.562820e-05     
   1.922584       5.130163         -1.644533e-05     
   1.922584       5.373356         -2.090812e-06     
   1.922584       5.626327         5.136498e-08      
   1.922584       5.888392         8.788350e-08      
   1.922584       6.158845         1.942822e-08      
   1.922584       6.436958         1.975303e-09      
   1.922584       6.721980         -3.673113e-11     
   1.922584       7.013143         -4.555802e-11     
   1.922584       7.309662         -7.044087e-12     
   1.922584       7.610739         -3.921803e-13     
   1.922584       7.915560         3.650970e-14      
   1.922584       8.223305         8.619045e-15      
   1.922584       8.533144         5.579537e-16      
   1.922584       8.844241         -1.949391e-17     
   1.922584       9.155759         -5.582759e-18     
   1.922584       9.466856         -2.733082e-19     
   1.922584       9.776695         1.409450e-20      
   1.922584       10.084440        2.147399e-21      
   1.922584       10.389261        4.276363e-23      
   1.922584       10.690338        -7.017611e-24     
   1.922584       10.986857        -4.593763e-25     
   1.922584       11.278020        7.928153e-27      
   1.922584       11.563042        1.961410e-27      
   1.922584       11.841155        4.492682e-29      
   1.922584       12.111608        -1.992590e-29     
   1.922584       12.373673        -1.148806e-28     
   1.922584       12.626644        -4.063686e-28     
   1.922584       12.869837        7.807479e-27      
   1.922584       13.102598        2.160495e-25      
   1.922584       13.324299        3.320231e-24      
   1.922584       13.534343        3.921794e-23      
   1.922584       13.732162        3.824817e-22      
   1.922584       13.917225        3.205368e-21      
   1.922584       14.089032        2.361794e-20      
   1.922584       14.247120        1.471806e-19      
   1.922584       14.391062        7.325948e-19      
   1.922584       14.520471        3.000620e-18      
   1.922584       14.634998        1.250618e-17      
   1.922584       14.734334        6.390061e-17      
   1.922584       14.818211        3.185965e-16      
   1.922584       14.886403        1.211099e-15      
   1.922584       14.938727        3.291685e-15      
   1.922584       14.975043        6.450030e-15      
   1.922584       14.995261        9.298059e-15      
   1.996714       0.001185         -5.572154e-08     
   1.996714       0.006239         -1.545184e-06     
   1.996714       0.015318         -9.313807e-06     
   1.996714       0.028399         -3.201161e-05     
   1.996714       0.045447         -8.197295e-05     
   1.996714       0.066417         -1.750372e-04     
   1.996714       0.091251         -3.303081e-04     
   1.996714       0.119882         -5.698472e-04     
   1.996714       0.152235         -9.182966e-04     
   1.996714       0.188220         -1.402428e-03     
   1.996714       0.227742         -2.050611e-03     
   1.996714       0.270694         -2.892202e-03     
   1.996714       0.316959         -3.956839e-03     
   1.996714       0.366414         -5.273655e-03     
   1.996714       0.418925         -6.870395e-03     
   1.996714       0.474351         -8.772434e-03     
   1.996714       0.532541         -1.100171e-02     
   1.996714       0.593339         -1.357556e-02     
   1.996714       0.656582         -1.650548e-02     
   1.996714       0.722098         -1.979581e-02     
   1.996714       0.789711         -2.344245e-02     
   1.996714       0.859239         -2.743145e-02     
   1.996714       0.930495         -3.173788e-02     
   1.996714       1.003286         -3.632464e-02     
   1.996714       1.077416         -4.114163e-02     
   1.996714       1.152685         -4.612527e-02     
   1.996714       1.228890         -5.119833e-02     
   1.996714       1.305826         -5.627054e-02     
   1.996714       1.383286         -6.123974e-02     
   1.996714       1.461060         -6.599412e-02     
   1.996714       1.538940         -7.041565e-02     
   1.996714       1.616714         -7.438515e-02     
   1.996714       1.694174         -7.778929e-02     
   1.996714       1.771110         -8.052950e-02     
   1.996714       1.847315         -8.253184e-02     
   1.996714       1.922584         -8.375596e-02     
   1.996714       1.996714         -8.420059e-02     
   1.996714       2.069505         -8.390334e-02     
   1.996714       2.140761         -8.293465e-02     
   1.996714       2.210289         -8.138761e-02     
   1.996714       2.277902         -7.936672e-02     
   1.996714       2.343418         -7.697827e-02     
   1.996714       2.406661         -7.432359e-02     
   1.996714       2.467459         -7.149511e-02     
   1.996714       2.525649         -6.857464e-02     
   1.996714       2.581075         -6.563293e-02     
   1.996714       2.633586         -6.272991e-02     
   1.996714       2.683041         -5.991538e-02     
   1.996714       2.729306         -5.722985e-02     
   1.996714       2.772258         -5.470538e-02     
   1.996714       2.811780         -5.236666e-02     
   1.996714       2.847765         -5.023198e-02     
   1.996714       2.880118         -4.831429e-02     
   1.996714       2.908749         -4.662220e-02     
   1.996714       2.933583         -4.516094e-02     
   1.996714       2.954553         -4.393324e-02     
   1.996714       2.971601         -4.294013e-02     
   1.996714       2.984682         -4.218157e-02     
   1.996714       2.993761         -4.165702e-02     
   1.996714       2.998815         -4.136571e-02     
   1.996714       3.004739         -4.102496e-02     
   1.996714       3.024957         -3.986791e-02     
   1.996714       3.061273         -3.781466e-02     
   1.996714       3.113597         -3.492188e-02     
   1.996714       3.181789         -3.128858e-02     
   1.996714       3.265666         -2.706780e-02     
   1.996714       3.365002         -2.247307e-02     
   1.996714       3.479529         -1.777279e-02     
   1.996714       3.608938         -1.326695e-02     
   1.996714       3.752880         -9.245628e-03     
   1.996714       3.910968         -5.936226e-03     
   1.996714       4.082775         -3.455800e-03     
   1.996714       4.267838         -1.788679e-03     
   1.996714       4.465657         -8.030503e-04     
   1.996714       4.675701         -3.027434e-04     
   1.996714       4.897402         -9.148985e-05     
   1.996714       5.130163         -2.048809e-05     
   1.996714       5.373356         -2.792429e-06     
   1.996714       5.626327         -1.634231e-09     
   1.996714       5.888392         9.736721e-08      
   1.996714       6.158845         2.309232e-08      
   1.996714       6.436958         2.516636e-09      
   1.996714       6.721980         -7.826106e-12     
   1.996714       7.013143         -5.045195e-11     
   1.996714       7.309662         -8.355462e-12     
   1.996714       7.610739         -5.207170e-13     
   1.996714       7.915560         3.565503e-14      
   1.996714       8.223305         9.934573e-15      
   1.996714       8.533144         7.063929e-16      
   1.996714       8.844241         -1.664175e-17     
   1.996714       9.155759         -6.435099e-18     
   1.996714       9.466856         -3.523666e-19     
   1.996714       9.776695         1.398287e-20      
   1.996714       10.084440        2.541262e-21      
   1.996714       10.389261        6.267552e-23      
   1.996714       10.690338        -7.782600e-24     
   1.996714       10.986857        -5.689440e-25     
   1.996714       11.278020        6.514227e-27      
   1.996714       11.563042        2.304793e-27      
   1.996714       11.841155        6.317166e-29      
   1.996714       12.111608        -1.836960e-29     
   1.996714       12.373673        -9.854210e-29     
   1.996714       12.626644        -3.506734e-28     
   1.996714       12.869837        6.632465e-27      
   1.996714       13.102598        1.843239e-25      
   1.996714       13.324299        2.836793e-24      
   1.996714       13.534343        3.353939e-23      
   1.996714       13.732162        3.273286e-22      
   1.996714       13.917225        2.744637e-21      
   1.996714       14.089032        2.023157e-20      
   1.996714       14.247120        1.261170e-19      
   1.996714       14.391062        6.279060e-19      
   1.996714       14.520471        2.572427e-18      
   1.996714       14.634998        1.072413e-17      
   1.996714       14.734334        5.480511e-17      
   1.996714       14.818211        2.732744e-16      
   1.996714       14.886403        1.038879e-15      
   1.996714       14.938727        2.823743e-15      
   1.996714       14.975043        5.533306e-15      
   1.996714       14.995261        7.976727e-15      
   2.069505       0.001185         -5.126174e-08     
   2.069505       0.006239         -1.421513e-06     
   2.069505       0.015318         -8.568389e-06     
   2.069505       0.028399         -2.944988e-05     
   2.069505       0.045447         -7.541460e-05     
   2.069505       0.066417         -1.610393e-04     
   2.069505       0.091251         -3.039125e-04     
   2.069505       0.119882         -5.243611e-04     
   2.069505       0.152235         -8.451181e-04     
   2.069505       0.188220         -1.290928e-03     
   2.069505       0.227742         -1.888084e-03     
   2.069505       0.270694         -2.663904e-03     
   2.069505       0.316959         -3.646126e-03     
   2.069505       0.366414         -4.862232e-03     
   2.069505       0.418925         -6.338694e-03     
   2.069505       0.474351         -8.100133e-03     
   2.069505       0.532541         -1.016839e-02     
   2.069505       0.593339         -1.256152e-02     
   2.069505       0.656582         -1.529266e-02     
   2.069505       0.722098         -1.836892e-02     
   2.069505       0.789711         -2.179009e-02     
   2.069505       0.859239         -2.554744e-02     
   2.069505       0.930495         -2.962250e-02     
   2.069505       1.003286         -3.398595e-02     
   2.069505       1.077416         -3.859670e-02     
   2.069505       1.152685         -4.340125e-02     
   2.069505       1.228890         -4.833341e-02     
   2.069505       1.305826         -5.331454e-02     
   2.069505       1.383286         -5.825435e-02     
   2.069505       1.461060         -6.305254e-02     
   2.069505       1.538940         -6.760126e-02     
   2.069505       1.616714         -7.178882e-02     
   2.069505       1.694174         -7.550484e-02     
   2.069505       1.771110         -7.864704e-02     
   2.069505       1.847315         -8.112943e-02     
   2.069505       1.922584         -8.289103e-02     
   2.069505       1.996714         -8.390334e-02     
   2.069505       2.069505         -8.417425e-02     
   2.069505       2.140761         -8.374691e-02     
   2.069505       2.210289         -8.269347e-02     
   2.069505       2.277902         -8.110561e-02     
   2.069505       2.343418         -7.908443e-02     
   2.069505       2.406661         -7.673185e-02     
   2.069505       2.467459         -7.414465e-02     
   2.069505       2.525649         -7.141089e-02     
   2.069505       2.581075         -6.860832e-02     
   2.069505       2.633586         -6.580398e-02     
   2.069505       2.683041         -6.305445e-02     
   2.069505       2.729306         -6.040652e-02     
   2.069505       2.772258         -5.789802e-02     
   2.069505       2.811780         -5.555877e-02     
   2.069505       2.847765         -5.341164e-02     
   2.069505       2.880118         -5.147355e-02     
   2.069505       2.908749         -4.975652e-02     
   2.069505       2.933583         -4.826866e-02     
   2.069505       2.954553         -4.701509e-02     
   2.069505       2.971601         -4.599874e-02     
   2.069505       2.984682         -4.522105e-02     
   2.069505       2.993761         -4.468258e-02     
   2.069505       2.998815         -4.438330e-02     
   2.069505       3.004739         -4.403300e-02     
   2.069505       3.024957         -4.284180e-02     
   2.069505       3.061273         -4.072137e-02     
   2.069505       3.113597         -3.771991e-02     
   2.069505       3.181789         -3.392716e-02     
   2.069505       3.265666         -2.948921e-02     
   2.069505       3.365002         -2.461852e-02     
   2.069505       3.479529         -1.959141e-02     
   2.069505       3.608938         -1.472648e-02     
   2.069505       3.752880         -1.034152e-02     
   2.069505       3.910968         -6.695715e-03     
   2.069505       4.082775         -3.934083e-03     
   2.069505       4.267838         -2.057385e-03     
   2.069505       4.465657         -9.347626e-04     
   2.069505       4.675701         -3.575087e-04     
   2.069505       4.897402         -1.100864e-04     
   2.069505       5.130163         -2.536038e-05     
   2.069505       5.373356         -3.678116e-06     
   2.069505       5.626327         -8.023104e-08     
   2.069505       5.888392         1.059557e-07      
   2.069505       6.158845         2.722009e-08      
   2.069505       6.436958         3.172098e-09      
   2.069505       6.721980         3.390768e-11      
   2.069505       7.013143         -5.505445e-11     
   2.069505       7.309662         -9.830083e-12     
   2.069505       7.610739         -6.790726e-13     
   2.069505       7.915560         3.277055e-14      
   2.069505       8.223305         1.133821e-14      
   2.069505       8.533144         8.843324e-16      
   2.069505       8.844241         -1.178018e-17     
   2.069505       9.155759         -7.343867e-18     
   2.069505       9.466856         -4.484687e-19     
   2.069505       9.776695         1.314562e-20      
   2.069505       10.084440        2.982641e-21      
   2.069505       10.389261        8.820933e-23      
   2.069505       10.690338        -8.502136e-24     
   2.069505       10.986857        -6.987118e-25     
   2.069505       11.278020        4.161918e-27      
   2.069505       11.563042        2.686478e-27      
   2.069505       11.841155        8.616377e-29      
   2.069505       12.111608        -1.710066e-29     
   2.069505       12.373673        -8.476922e-29     
   2.069505       12.626644        -3.032445e-28     
   2.069505       12.869837        5.647390e-27      
   2.069505       13.102598        1.576197e-25      
   2.069505       13.324299        2.429311e-24      
   2.069505       13.534343        2.874873e-23      
   2.069505       13.732162        2.807681e-22      
   2.069505       13.917225        2.355482e-21      
   2.069505       14.089032        1.737011e-20      
   2.069505       14.247120        1.083129e-19      
   2.069505       14.391062        5.393967e-19      
   2.069505       14.520471        2.210331e-18      
   2.069505       14.634998        9.216806e-18      
   2.069505       14.734334        4.711050e-17      
   2.069505       14.818211        2.349296e-16      
   2.069505       14.886403        8.931638e-16      
   2.069505       14.938727        2.427799e-15      
   2.069505       14.975043        4.757604e-15      
   2.069505       14.995261        6.858636e-15      
   2.140761       0.001185         -4.705247e-08     
   2.140761       0.006239         -1.304788e-06     
   2.140761       0.015318         -7.864838e-06     
   2.140761       0.028399         -2.703199e-05     
   2.140761       0.045447         -6.922427e-05     
   2.140761       0.066417         -1.478259e-04     
   2.140761       0.091251         -2.789932e-04     
   2.140761       0.119882         -4.814113e-04     
   2.140761       0.152235         -7.760016e-04     
   2.140761       0.188220         -1.185577e-03     
   2.140761       0.227742         -1.734443e-03     
   2.140761       0.270694         -2.447947e-03     
   2.140761       0.316959         -3.351960e-03     
   2.140761       0.366414         -4.472308e-03     
   2.140761       0.418925         -5.834123e-03     
   2.140761       0.474351         -7.461129e-03     
   2.140761       0.532541         -9.374842e-03     
   2.140761       0.593339         -1.159369e-02     
   2.140761       0.656582         -1.413205e-02     
   2.140761       0.722098         -1.699919e-02     
   2.140761       0.789711         -2.019814e-02     
   2.140761       0.859239         -2.372457e-02     
   2.140761       0.930495         -2.756559e-02     
   2.140761       1.003286         -3.169866e-02     
   2.140761       1.077416         -3.609060e-02     
   2.140761       1.152685         -4.069688e-02     
   2.140761       1.228890         -4.546113e-02     
   2.140761       1.305826         -5.031518e-02     
   2.140761       1.383286         -5.517956e-02     
   2.140761       1.461060         -5.996467e-02     
   2.140761       1.538940         -6.457269e-02     
   2.140761       1.616714         -6.890035e-02     
   2.140761       1.694174         -7.284287e-02     
   2.140761       1.771110         -7.629909e-02     
   2.140761       1.847315         -7.917793e-02     
   2.140761       1.922584         -8.140591e-02     
   2.140761       1.996714         -8.293465e-02     
   2.140761       2.069505         -8.374691e-02     
   2.140761       2.140761         -8.385903e-02     
   2.140761       2.210289         -8.331900e-02     
   2.140761       2.277902         -8.220014e-02     
   2.140761       2.343418         -8.059232e-02     
   2.140761       2.406661         -7.859289e-02     
   2.140761       2.467459         -7.629911e-02     
   2.140761       2.525649         -7.380282e-02     
   2.140761       2.581075         -7.118737e-02     
   2.140761       2.633586         -6.852610e-02     
   2.140761       2.683041         -6.588205e-02     
   2.140761       2.729306         -6.330820e-02     
   2.140761       2.772258         -6.084817e-02     
   2.140761       2.811780         -5.853709e-02     
   2.140761       2.847765         -5.640254e-02     
   2.140761       2.880118         -5.446564e-02     
   2.140761       2.908749         -5.274202e-02     
   2.140761       2.933583         -5.124290e-02     
   2.140761       2.954553         -4.997597e-02     
   2.140761       2.971601         -4.894624e-02     
   2.140761       2.984682         -4.815681e-02     
   2.140761       2.993761         -4.760945e-02     
   2.140761       2.998815         -4.730496e-02     
   2.140761       3.004739         -4.694834e-02     
   2.140761       3.024957         -4.573370e-02     
   2.140761       3.061273         -4.356436e-02     
   2.140761       3.113597         -4.047827e-02     
   2.140761       3.181789         -3.655340e-02     
   2.140761       3.265666         -3.192571e-02     
   2.140761       3.365002         -2.680307e-02     
   2.140761       3.479529         -2.146649e-02     
   2.140761       3.608938         -1.625089e-02     
   2.140761       3.752880         -1.150133e-02     
   2.140761       3.910968         -7.510323e-03     
   2.140761       4.082775         -4.454107e-03     
   2.140761       4.267838         -2.353681e-03     
   2.140761       4.465657         -1.082195e-03     
   2.140761       4.675701         -4.198488e-04     
   2.140761       4.897402         -1.316853e-04     
   2.140761       5.130163         -3.117202e-05     
   2.140761       5.373356         -4.781019e-06     
   2.140761       5.626327         -1.913226e-07     
   2.140761       5.888392         1.127976e-07      
   2.140761       6.158845         3.178901e-08      
   2.140761       6.436958         3.954783e-09      
   2.140761       6.721980         9.142506e-11      
   2.140761       7.013143         -5.904283e-11     
   2.140761       7.309662         -1.146113e-11     
   2.140761       7.610739         -8.711204e-13     
   2.140761       7.915560         2.722316e-14      
   2.140761       8.223305         1.279745e-14      
   2.140761       8.533144         1.094655e-15      
   2.140761       8.844241         -4.365313e-18     
   2.140761       9.155759         -8.287614e-18     
   2.140761       9.466856         -5.636709e-19     
   2.140761       9.776695         1.133858e-20      
   2.140761       10.084440        3.469130e-21      
   2.140761       10.389261        1.203624e-22      
   2.140761       10.690338        -9.124059e-24     
   2.140761       10.986857        -8.505058e-25     
   2.140761       11.278020        6.114385e-28      
   2.140761       11.563042        3.103627e-27      
   2.140761       11.841155        1.147290e-28      
   2.140761       12.111608        -1.602334e-29     
   2.140761       12.373673        -7.314295e-29     
   2.140761       12.626644        -2.627692e-28     
   2.140761       12.869837        4.819932e-27      
   2.140761       13.102598        1.350960e-25      
   2.140761       13.324299        2.085134e-24      
   2.140761       13.534343        2.469864e-23      
   2.140761       13.732162        2.413783e-22      
   2.140761       13.917225        2.026085e-21      
   2.140761       14.089032        1.494703e-20      
   2.140761       14.247120        9.323185e-20      
   2.140761       14.391062        4.644060e-19      
   2.140761       14.520471        1.903470e-18      
   2.140761       14.634998        7.939118e-18      
   2.140761       14.734334        4.058697e-17      
   2.140761       14.818211        2.024176e-16      
   2.140761       14.886403        7.696072e-16      
   2.140761       14.938727        2.092050e-15      
   2.140761       14.975043        4.099809e-15      
   2.140761       14.995261        5.910477e-15      
   2.210289       0.001185         -4.310593e-08     
   2.210289       0.006239         -1.195349e-06     
   2.210289       0.015318         -7.205197e-06     
   2.210289       0.028399         -2.476497e-05     
   2.210289       0.045447         -6.341999e-05     
   2.210289       0.066417         -1.354358e-04     
   2.210289       0.091251         -2.556239e-04     
   2.210289       0.119882         -4.411261e-04     
   2.210289       0.152235         -7.111569e-04     
   2.210289       0.188220         -1.086703e-03     
   2.210289       0.227742         -1.590181e-03     
   2.210289       0.270694         -2.245049e-03     
   2.210289       0.316959         -3.075368e-03     
   2.210289       0.366414         -4.105322e-03     
   2.210289       0.418925         -5.358666e-03     
   2.210289       0.474351         -6.858121e-03     
   2.210289       0.532541         -8.624694e-03     
   2.210289       0.593339         -1.067691e-02     
   2.210289       0.656582         -1.302999e-02     
   2.210289       0.722098         -1.569487e-02     
   2.210289       0.789711         -1.867723e-02     
   2.210289       0.859239         -2.197641e-02     
   2.210289       0.930495         -2.558429e-02     
   2.210289       1.003286         -2.948420e-02     
   2.210289       1.077416         -3.364992e-02     
   2.210289       1.152685         -3.804486e-02     
   2.210289       1.228890         -4.262145e-02     
   2.210289       1.305826         -4.732096e-02     
   2.210289       1.383286         -5.207376e-02     
   2.210289       1.461060         -5.680013e-02     
   2.210289       1.538940         -6.141175e-02     
   2.210289       1.616714         -6.581388e-02     
   2.210289       1.694174         -6.990848e-02     
   2.210289       1.771110         -7.359815e-02     
   2.210289       1.847315         -7.679128e-02     
   2.210289       1.922584         -7.940815e-02     
   2.210289       1.996714         -8.138761e-02     
   2.210289       2.069505         -8.269347e-02     
   2.210289       2.140761         -8.331900e-02     
   2.210289       2.210289         -8.328829e-02     
   2.210289       2.277902         -8.265343e-02     
   2.210289       2.343418         -8.148836e-02     
   2.210289       2.406661         -7.988073e-02     
   2.210289       2.467459         -7.792383e-02     
   2.210289       2.525649         -7.570996e-02     
   2.210289       2.581075         -7.332580e-02     
   2.210289       2.633586         -7.084964e-02     
   2.210289       2.683041         -6.835018e-02     
   2.210289       2.729306         -6.588623e-02     
   2.210289       2.772258         -6.350704e-02     
   2.210289       2.811780         -6.125299e-02     
   2.210289       2.847765         -5.915647e-02     
   2.210289       2.880118         -5.724290e-02     
   2.210289       2.908749         -5.553169e-02     
   2.210289       2.933583         -5.403728e-02     
   2.210289       2.954553         -5.277009e-02     
   2.210289       2.971601         -5.173739e-02     
   2.210289       2.984682         -5.094405e-02     
   2.210289       2.993761         -5.039316e-02     
   2.210289       2.998815         -5.008642e-02     
   2.210289       3.004739         -4.972690e-02     
   2.210289       3.024957         -4.850030e-02     
   2.210289       3.061273         -4.630180e-02     
   2.210289       3.113597         -4.315750e-02     
   2.210289       3.181789         -3.913119e-02     
   2.210289       3.265666         -3.434562e-02     
   2.210289       3.365002         -2.900042e-02     
   2.210289       3.479529         -2.337770e-02     
   2.210289       3.608938         -1.782591e-02     
   2.210289       3.752880         -1.271619e-02     
   2.210289       3.910968         -8.375446e-03     
   2.210289       4.082775         -5.014107e-03     
   2.210289       4.267838         -2.677320e-03     
   2.210289       4.465657         -1.245663e-03     
   2.210289       4.675701         -4.901250e-04     
   2.210289       4.897402         -1.565173e-04     
   2.210289       5.130163         -3.802741e-05     
   2.210289       5.373356         -6.135252e-06     
   2.210289       5.626327         -3.426101e-07     
   2.210289       5.888392         1.168209e-07      
   2.210289       6.158845         3.674397e-08      
   2.210289       6.436958         4.875581e-09      
   2.210289       6.721980         1.678620e-10      
   2.210289       7.013143         -6.201871e-11     
   2.210289       7.309662         -1.323152e-11     
   2.210289       7.610739         -1.100303e-12     
   2.210289       7.915560         1.830309e-14      
   2.210289       8.223305         1.426597e-14      
   2.210289       8.533144         1.339573e-15      
   2.210289       8.844241         6.202939e-18      
   2.210289       9.155759         -9.235779e-18     
   2.210289       9.466856         -6.997774e-19     
   2.210289       9.776695         8.282003e-21      
   2.210289       10.084440        3.995271e-21      
   2.210289       10.389261        1.601495e-22      
   2.210289       10.690338        -9.583094e-24     
   2.210289       10.986857        -1.025712e-24     
   2.210289       11.278020        -4.428195e-27     
   2.210289       11.563042        3.550746e-27      
   2.210289       11.841155        1.497056e-28      
   2.210289       12.111608        -1.504231e-29     
   2.210289       12.373673        -6.332296e-29     
   2.210289       12.626644        -2.281784e-28     
   2.210289       12.869837        4.123910e-27      
   2.210289       13.102598        1.160708e-25      
   2.210289       13.324299        1.794002e-24      
   2.210289       13.534343        2.126957e-23      
   2.210289       13.732162        2.080055e-22      
   2.210289       13.917225        1.746853e-21      
   2.210289       14.089032        1.289212e-20      
   2.210289       14.247120        8.043816e-20      
   2.210289       14.391062        4.007737e-19      
   2.210289       14.520471        1.643029e-18      
   2.210289       14.634998        6.854447e-18      
   2.210289       14.734334        3.504795e-17      
   2.210289       14.818211        1.748097e-16      
   2.210289       14.886403        6.646814e-16      
   2.210289       14.938727        1.806915e-15      
   2.210289       14.975043        3.541156e-15      
   2.210289       14.995261        5.105204e-15      
   2.277902       0.001185         -3.943026e-08     
   2.277902       0.006239         -1.093422e-06     
   2.277902       0.015318         -6.590827e-06     
   2.277902       0.028399         -2.265350e-05     
   2.277902       0.045447         -5.801380e-05     
   2.277902       0.066417         -1.238947e-04     
   2.277902       0.091251         -2.338538e-04     
   2.277902       0.119882         -4.035919e-04     
   2.277902       0.152235         -6.507264e-04     
   2.277902       0.188220         -9.945307e-04     
   2.277902       0.227742         -1.455639e-03     
   2.277902       0.270694         -2.055714e-03     
   2.277902       0.316959         -2.817082e-03     
   2.277902       0.366414         -3.762317e-03     
   2.277902       0.418925         -4.913787e-03     
   2.277902       0.474351         -6.293142e-03     
   2.277902       0.532541         -7.920731e-03     
   2.277902       0.593339         -9.814954e-03     
   2.277902       0.656582         -1.199153e-02     
   2.277902       0.722098         -1.446265e-02     
   2.277902       0.789711         -1.723610e-02     
   2.277902       0.859239         -2.031425e-02     
   2.277902       0.930495         -2.369300e-02     
   2.277902       1.003286         -2.736075e-02     
   2.277902       1.077416         -3.129735e-02     
   2.277902       1.152685         -3.547321e-02     
   2.277902       1.228890         -3.984865e-02     
   2.277902       1.305826         -4.437344e-02     
   2.277902       1.383286         -4.898693e-02     
   2.277902       1.461060         -5.361847e-02     
   2.277902       1.538940         -5.818867e-02     
   2.277902       1.616714         -6.261103e-02     
   2.277902       1.694174         -6.679456e-02     
   2.277902       1.771110         -7.064695e-02     
   2.277902       1.847315         -7.407870e-02     
   2.277902       1.922584         -7.700807e-02     
   2.277902       1.996714         -7.936672e-02     
   2.277902       2.069505         -8.110561e-02     
   2.277902       2.140761         -8.220014e-02     
   2.277902       2.210289         -8.265343e-02     
   2.277902       2.277902         -8.249643e-02     
   2.277902       2.343418         -8.178463e-02     
   2.277902       2.406661         -8.059201e-02     
   2.277902       2.467459         -7.900361e-02     
   2.277902       2.525649         -7.710838e-02     
   2.277902       2.581075         -7.499343e-02     
   2.277902       2.633586         -7.274004e-02     
   2.277902       2.683041         -7.042127e-02     
   2.277902       2.729306         -6.810098e-02     
   2.277902       2.772258         -6.583363e-02     
   2.277902       2.811780         -6.366465e-02     
   2.277902       2.847765         -6.163117e-02     
   2.277902       2.880118         -5.976290e-02     
   2.277902       2.908749         -5.808307e-02     
   2.277902       2.933583         -5.660946e-02     
   2.277902       2.954553         -5.535533e-02     
   2.277902       2.971601         -5.433028e-02     
   2.277902       2.984682         -5.354104e-02     
   2.277902       2.993761         -5.299210e-02     
   2.277902       2.998815         -5.268615e-02     
   2.277902       3.004739         -5.232726e-02     
   2.277902       3.024957         -5.110060e-02     
   2.277902       3.061273         -4.889354e-02     
   2.277902       3.113597         -4.571896e-02     
   2.277902       3.181789         -4.162434e-02     
   2.277902       3.265666         -3.671625e-02     
   2.277902       3.365002         -3.118251e-02     
   2.277902       3.479529         -2.530250e-02     
   2.277902       3.608938         -1.943487e-02     
   2.277902       3.752880         -1.397505e-02     
   2.277902       3.910968         -9.284715e-03     
   2.277902       4.082775         -5.611071e-03     
   2.277902       4.267838         -3.027292e-03     
   2.277902       4.465657         -1.425086e-03     
   2.277902       4.675701         -5.685284e-04     
   2.277902       4.897402         -1.847562e-04     
   2.277902       5.130163         -4.601829e-05     
   2.277902       5.373356         -7.774089e-06     
   2.277902       5.626327         -5.423387e-07     
   2.277902       5.888392         1.167364e-07      
   2.277902       6.158845         4.199064e-08      
   2.277902       6.436958         5.941735e-09      
   2.277902       6.721980         2.663776e-10      
   2.277902       7.013143         -6.351176e-11     
   2.277902       7.309662         -1.511195e-11     
   2.277902       7.610739         -1.369276e-12     
   2.277902       7.915560         5.246973e-15      
   2.277902       8.223305         1.568241e-14      
   2.277902       8.533144         1.620288e-15      
   2.277902       8.844241         2.055995e-17      
   2.277902       9.155759         -1.014789e-17     
   2.277902       9.466856         -8.581558e-19     
   2.277902       9.776695         3.667172e-21      
   2.277902       10.084440        4.551990e-21      
   2.277902       10.389261        2.085476e-22      
   2.277902       10.690338        -9.800937e-24     
   2.277902       10.986857        -1.225069e-24     
   2.277902       11.278020        -1.127105e-26     
   2.277902       11.563042        4.019242e-27      
   2.277902       11.841155        1.919000e-28      
   2.277902       12.111608        -1.406039e-29     
   2.277902       12.373673        -5.502947e-29     
   2.277902       12.626644        -1.985906e-28     
   2.277902       12.869837        3.537895e-27      
   2.277902       13.102598        9.998503e-26      
   2.277902       13.324299        1.547499e-24      
   2.277902       13.534343        1.836346e-23      
   2.277902       13.732162        1.797027e-22      
   2.277902       13.917225        1.509915e-21      
   2.277902       14.089032        1.114772e-20      
   2.277902       14.247120        6.957426e-20      
   2.277902       14.391062        3.467262e-19      
   2.277902       14.520471        1.421766e-18      
   2.277902       14.634998        5.932726e-18      
   2.277902       14.734334        3.034022e-17      
   2.277902       14.818211        1.513429e-16      
   2.277902       14.886403        5.754888e-16      
   2.277902       14.938727        1.564523e-15      
   2.277902       14.975043        3.066231e-15      
   2.277902       14.995261        4.420608e-15      
   2.343418       0.001185         -3.602931e-08     
   2.343418       0.006239         -9.991121e-07     
   2.343418       0.015318         -6.022372e-06     
   2.343418       0.028399         -2.069980e-05     
   2.343418       0.045447         -5.301142e-05     
   2.343418       0.066417         -1.132151e-04     
   2.343418       0.091251         -2.137068e-04     
   2.343418       0.119882         -3.688510e-04     
   2.343418       0.152235         -5.947813e-04     
   2.343418       0.188220         -9.091746e-04     
   2.343418       0.227742         -1.330997e-03     
   2.343418       0.270694         -1.880221e-03     
   2.343418       0.316959         -2.577519e-03     
   2.343418       0.366414         -3.443913e-03     
   2.343418       0.418925         -4.500399e-03     
   2.343418       0.474351         -5.767509e-03     
   2.343418       0.532541         -7.264833e-03     
   2.343418       0.593339         -9.010453e-03     
   2.343418       0.656582         -1.102032e-02     
   2.343418       0.722098         -1.330751e-02     
   2.343418       0.789711         -1.588144e-02     
   2.343418       0.859239         -1.874693e-02     
   2.343418       0.930495         -2.190325e-02     
   2.343418       1.003286         -2.534311e-02     
   2.343418       1.077416         -2.905160e-02     
   2.343418       1.152685         -3.300533e-02     
   2.343418       1.228890         -3.717158e-02     
   2.343418       1.305826         -4.150782e-02     
   2.343418       1.383286         -4.596151e-02     
   2.343418       1.461060         -5.047042e-02     
   2.343418       1.538940         -5.496341e-02     
   2.343418       1.616714         -5.936189e-02     
   2.343418       1.694174         -6.358183e-02     
   2.343418       1.771110         -6.753654e-02     
   2.343418       1.847315         -7.114003e-02     
   2.343418       1.922584         -7.431115e-02     
   2.343418       1.996714         -7.697827e-02     
   2.343418       2.069505         -7.908443e-02     
   2.343418       2.140761         -8.059232e-02     
   2.343418       2.210289         -8.148836e-02     
   2.343418       2.277902         -8.178463e-02     
   2.343418       2.343418         -8.151810e-02     
   2.343418       2.406661         -8.074692e-02     
   2.343418       2.467459         -7.954454e-02     
   2.343418       2.525649         -7.799299e-02     
   2.343418       2.581075         -7.617664e-02     
   2.343418       2.633586         -7.417723e-02     
   2.343418       2.683041         -7.207047e-02     
   2.343418       2.729306         -6.992409e-02     
   2.343418       2.772258         -6.779700e-02     
   2.343418       2.811780         -6.573926e-02     
   2.343418       2.847765         -6.379246e-02     
   2.343418       2.880118         -6.199050e-02     
   2.343418       2.908749         -6.036039e-02     
   2.343418       2.933583         -5.892325e-02     
   2.343418       2.954553         -5.769521e-02     
   2.343418       2.971601         -5.668827e-02     
   2.343418       2.984682         -5.591106e-02     
   2.343418       2.993761         -5.536955e-02     
   2.343418       2.998815         -5.506739e-02     
   2.343418       3.004739         -5.471266e-02     
   2.343418       3.024957         -5.349782e-02     
   2.343418       3.061273         -5.130298e-02     
   2.343418       3.113597         -4.812666e-02     
   2.343418       3.181789         -4.399820e-02     
   2.343418       3.265666         -3.900535e-02     
   2.343418       3.365002         -3.332067e-02     
   2.343418       3.479529         -2.721690e-02     
   2.343418       3.608938         -2.105922e-02     
   2.343418       3.752880         -1.526490e-02     
   2.343418       3.910968         -1.023005e-02     
   2.343418       4.082775         -6.240710e-03     
   2.343418       4.267838         -3.401762e-03     
   2.343418       4.465657         -1.619924e-03     
   2.343418       4.675701         -6.550383e-04     
   2.343418       4.897402         -2.164980e-04     
   2.343418       5.130163         -5.521551e-05     
   2.343418       5.373356         -9.727663e-06     
   2.343418       5.626327         -7.988946e-07     
   2.343418       5.888392         1.110654e-07      
   2.343418       6.158845         4.739055e-08      
   2.343418       6.436958         7.155255e-09      
   2.343418       6.721980         3.899409e-10      
   2.343418       7.013143         -6.299195e-11     
   2.343418       7.309662         -1.705945e-11     
   2.343418       7.610739         -1.679507e-12     
   2.343418       7.915560         -1.272640e-14     
   2.343418       8.223305         1.697025e-14      
   2.343418       8.533144         1.936636e-15      
   2.343418       8.844241         3.934539e-17      
   2.343418       9.155759         -1.097342e-17     
   2.343418       9.466856         -1.039533e-18     
   2.343418       9.776695         -2.832225e-21     
   2.343418       10.084440        5.126193e-21      
   2.343418       10.389261        2.664256e-22      
   2.343418       10.690338        -9.687563e-24     
   2.343418       10.986857        -1.448453e-24     
   2.343418       11.278020        -2.024150e-26     
   2.343418       11.563042        4.497138e-27      
   2.343418       11.841155        2.420313e-28      
   2.343418       12.111608        -1.297790e-29     
   2.343418       12.373673        -4.803009e-29     
   2.343418       12.626644        -1.732713e-28     
   2.343418       12.869837        3.044207e-27      
   2.343418       13.102598        8.637641e-26      
   2.343418       13.324299        1.338659e-24      
   2.343418       13.534343        1.589908e-23      
   2.343418       13.732162        1.556855e-22      
   2.343418       13.917225        1.308745e-21      
   2.343418       14.089032        9.666038e-21      
   2.343418       14.247120        6.034371e-20      
   2.343418       14.391062        3.007935e-19      
   2.343418       14.520471        1.233681e-18      
   2.343418       14.634998        5.149026e-18      
   2.343418       14.734334        2.633672e-17      
   2.343418       14.818211        1.313847e-16      
   2.343418       14.886403        4.996269e-16      
   2.343418       14.938727        1.358349e-15      
   2.343418       14.975043        2.662253e-15      
   2.343418       14.995261        3.838270e-15      
   2.406661       0.001185         -3.290274e-08     
   2.406661       0.006239         -9.124110e-07     
   2.406661       0.015318         -5.499775e-06     
   2.406661       0.028399         -1.890369e-05     
   2.406661       0.045447         -4.841240e-05     
   2.406661       0.066417         -1.033961e-04     
   2.406661       0.091251         -1.951818e-04     
   2.406661       0.119882         -3.369027e-04     
   2.406661       0.152235         -5.433234e-04     
   2.406661       0.188220         -8.306432e-04     
   2.406661       0.227742         -1.216278e-03     
   2.406661       0.270694         -1.718623e-03     
   2.406661       0.316959         -2.356790e-03     
   2.406661       0.366414         -3.150320e-03     
   2.406661       0.418925         -4.118865e-03     
   2.406661       0.474351         -5.281834e-03     
   2.406661       0.532541         -6.657977e-03     
   2.406661       0.593339         -8.264920e-03     
   2.406661       0.656582         -1.011862e-02     
   2.406661       0.722098         -1.223273e-02     
   2.406661       0.789711         -1.461788e-02     
   2.406661       0.859239         -1.728084e-02     
   2.406661       0.930495         -2.022367e-02     
   2.406661       1.003286         -2.344267e-02     
   2.406661       1.077416         -2.692748e-02     
   2.406661       1.152685         -3.066005e-02     
   2.406661       1.228890         -3.461385e-02     
   2.406661       1.305826         -3.875322e-02     
   2.406661       1.383286         -4.303301e-02     
   2.406661       1.461060         -4.739867e-02     
   2.406661       1.538940         -5.178676e-02     
   2.406661       1.616714         -5.612611e-02     
   2.406661       1.694174         -6.033951e-02     
   2.406661       1.771110         -6.434599e-02     
   2.406661       1.847315         -6.806378e-02     
   2.406661       1.922584         -7.141379e-02     
   2.406661       1.996714         -7.432359e-02     
   2.406661       2.069505         -7.673185e-02     
   2.406661       2.140761         -7.859289e-02     
   2.406661       2.210289         -7.988073e-02     
   2.406661       2.277902         -8.059201e-02     
   2.406661       2.343418         -8.074692e-02     
   2.406661       2.406661         -8.038757e-02     
   2.406661       2.467459         -7.957395e-02     
   2.406661       2.525649         -7.837843e-02     
   2.406661       2.581075         -7.687969e-02     
   2.406661       2.633586         -7.515729e-02     
   2.406661       2.683041         -7.328746e-02     
   2.406661       2.729306         -7.134027e-02     
   2.406661       2.772258         -6.937806e-02     
   2.406661       2.811780         -6.745477e-02     
   2.406661       2.847765         -6.561605e-02     
   2.406661       2.880118         -6.389969e-02     
   2.406661       2.908749         -6.233633e-02     
   2.406661       2.933583         -6.095036e-02     
   2.406661       2.954553         -5.976073e-02     
   2.406661       2.971601         -5.878183e-02     
   2.406661       2.984682         -5.802424e-02     
   2.406661       2.993761         -5.749537e-02     
   2.406661       2.998815         -5.719992e-02     
   2.406661       3.004739         -5.685274e-02     
   2.406661       3.024957         -5.566119e-02     
   2.406661       3.061273         -5.349881e-02     
   2.406661       3.113597         -5.034892e-02     
   2.406661       3.181789         -4.622126e-02     
   2.406661       3.265666         -4.118249e-02     
   2.406661       3.365002         -3.538680e-02     
   2.406661       3.479529         -2.909644e-02     
   2.406661       3.608938         -2.267921e-02     
   2.406661       3.752880         -1.657119e-02     
   2.406661       3.910968         -1.120186e-02     
   2.406661       4.082775         -6.897485e-03     
   2.406661       4.267838         -3.798032e-03     
   2.406661       4.465657         -1.829136e-03     
   2.406661       4.675701         -7.493866e-04     
   2.406661       4.897402         -2.517401e-04     
   2.406661       5.130163         -6.566021e-05     
   2.406661       5.373356         -1.202025e-05     
   2.406661       5.626327         -1.120253e-06     
   2.406661       5.888392         9.819666e-08      
   2.406661       6.158845         5.275941e-08      
   2.406661       6.436958         8.511371e-09      
   2.406661       6.721980         5.410668e-10      
   2.406661       7.013143         -5.989162e-11     
   2.406661       7.309662         -1.901690e-11     
   2.406661       7.610739         -2.030873e-12     
   2.406661       7.915560         -3.636744e-14     
   2.406661       8.223305         1.803912e-14      
   2.406661       8.533144         2.286754e-15      
   2.406661       8.844241         6.316224e-17      
   2.406661       9.155759         -1.165262e-17     
   2.406661       9.466856         -1.243793e-18     
   2.406661       9.776695         -1.154344e-20     
   2.406661       10.084440        5.700625e-21      
   2.406661       10.389261        3.344638e-22      
   2.406661       10.690338        -9.144097e-24     
   2.406661       10.986857        -1.694680e-24     
   2.406661       11.278020        -3.165636e-26     
   2.406661       11.563042        4.969009e-27      
   2.406661       11.841155        3.006669e-28      
   2.406661       12.111608        -1.169365e-29     
   2.406661       12.373673        -4.213001e-29     
   2.406661       12.626644        -1.516040e-28     
   2.406661       12.869837        2.628158e-27      
   2.406661       13.102598        7.485984e-26      
   2.406661       13.324299        1.161673e-24      
   2.406661       13.534343        1.380869e-23      
   2.406661       13.732162        1.352993e-22      
   2.406661       13.917225        1.137900e-21      
   2.406661       14.089032        8.407189e-21      
   2.406661       14.247120        5.249895e-20      
   2.406661       14.391062        2.617471e-19      
   2.406661       14.520471        1.073758e-18      
   2.406661       14.634998        4.482515e-18      
   2.406661       14.734334        2.293128e-17      
   2.406661       14.818211        1.144063e-16      
   2.406661       14.886403        4.350875e-16      
   2.406661       14.938727        1.182939e-15      
   2.406661       14.975043        2.318542e-15      
   2.406661       14.995261        3.342795e-15      
   2.467459       0.001185         -3.004638e-08     
   2.467459       0.006239         -8.332031e-07     
   2.467459       0.015318         -5.022342e-06     
   2.467459       0.028399         -1.726278e-05     
   2.467459       0.045447         -4.421069e-05     
   2.467459       0.066417         -9.442493e-05     
   2.467459       0.091251         -1.782550e-04     
   2.467459       0.119882         -3.077071e-04     
   2.467459       0.152235         -4.962906e-04     
   2.467459       0.188220         -7.588472e-04     
   2.467459       0.227742         -1.111364e-03     
   2.467459       0.270694         -1.570771e-03     
   2.467459       0.316959         -2.154723e-03     
   2.467459       0.366414         -2.881361e-03     
   2.467459       0.418925         -3.769046e-03     
   2.467459       0.474351         -4.836067e-03     
   2.467459       0.532541         -6.100298e-03     
   2.467459       0.593339         -7.578802e-03     
   2.467459       0.656582         -9.287366e-03     
   2.467459       0.722098         -1.123995e-02     
   2.467459       0.789711         -1.344807e-02     
   2.467459       0.859239         -1.592001e-02     
   2.467459       0.930495         -1.866005e-02     
   2.467459       1.003286         -2.166753e-02     
   2.467459       1.077416         -2.493589e-02     
   2.467459       1.152685         -2.845174e-02     
   2.467459       1.228890         -3.219396e-02     
   2.467459       1.305826         -3.613298e-02     
   2.467459       1.383286         -4.023033e-02     
   2.467459       1.461060         -4.443844e-02     
   2.467459       1.538940         -4.870102e-02     
   2.467459       1.616714         -5.295388e-02     
   2.467459       1.694174         -5.712630e-02     
   2.467459       1.771110         -6.114303e-02     
   2.467459       1.847315         -6.492680e-02     
   2.467459       1.922584         -6.840139e-02     
   2.467459       1.996714         -7.149511e-02     
   2.467459       2.069505         -7.414465e-02     
   2.467459       2.140761         -7.629911e-02     
   2.467459       2.210289         -7.792383e-02     
   2.467459       2.277902         -7.900361e-02     
   2.467459       2.343418         -7.954454e-02     
   2.467459       2.406661         -7.957395e-02     
   2.467459       2.467459         -7.913812e-02     
   2.467459       2.525649         -7.829815e-02     
   2.467459       2.581075         -7.712477e-02     
   2.467459       2.633586         -7.569295e-02     
   2.467459       2.683041         -7.407728e-02     
   2.467459       2.729306         -7.234841e-02     
   2.467459       2.772258         -7.057075e-02     
   2.467459       2.811780         -6.880122e-02     
   2.467459       2.847765         -6.708887e-02     
   2.467459       2.880118         -6.547493e-02     
   2.467459       2.908749         -6.399343e-02     
   2.467459       2.933583         -6.267181e-02     
   2.467459       2.954553         -6.153175e-02     
   2.467459       2.971601         -6.058997e-02     
   2.467459       2.984682         -5.985895e-02     
   2.467459       2.993761         -5.934755e-02     
   2.467459       2.998815         -5.906148e-02     
   2.467459       3.004739         -5.872499e-02     
   2.467459       3.024957         -5.756741e-02     
   2.467459       3.061273         -5.545649e-02     
   2.467459       3.113597         -5.235985e-02     
   2.467459       3.181789         -4.826660e-02     
   2.467459       3.265666         -4.322051e-02     
   2.467459       3.365002         -3.735467e-02     
   2.467459       3.479529         -3.091724e-02     
   2.467459       3.608938         -2.427464e-02     
   2.467459       3.752880         -1.787828e-02     
   2.467459       3.910968         -1.218926e-02     
   2.467459       4.082775         -7.574719e-03     
   2.467459       4.267838         -4.212557e-03     
   2.467459       4.465657         -2.051150e-03     
   2.467459       4.675701         -8.510310e-04     
   2.467459       4.897402         -2.903633e-04     
   2.467459       5.130163         -7.735528e-05     
   2.467459       5.373356         -1.466730e-05     
   2.467459       5.626327         -1.513295e-06     
   2.467459       5.888392         7.647794e-08      
   2.467459       6.158845         5.786992e-08      
   2.467459       6.436958         9.997216e-09      
   2.467459       6.721980         7.215178e-10      
   2.467459       7.013143         -5.363826e-11     
   2.467459       7.309662         -2.091380e-11     
   2.467459       7.610739         -2.421291e-12     
   2.467459       7.915560         -6.633540e-14     
   2.467459       8.223305         1.878795e-14      
   2.467459       8.533144         2.666821e-15      
   2.467459       8.844241         9.252689e-17      
   2.467459       9.155759         -1.211850e-17     
   2.467459       9.466856         -1.469791e-18     
   2.467459       9.776695         -2.277281e-20     
   2.467459       10.084440        6.254105e-21      
   2.467459       10.389261        4.130664e-22      
   2.467459       10.690338        -8.067437e-24     
   2.467459       10.986857        -1.961352e-24     
   2.467459       11.278020        -4.580238e-26     
   2.467459       11.563042        5.416254e-27      
   2.467459       11.841155        3.681521e-28      
   2.467459       12.111608        -1.010753e-29     
   2.467459       12.373673        -3.716461e-29     
   2.467459       12.626644        -1.330671e-28     
   2.467459       12.869837        2.277485e-27      
   2.467459       13.102598        6.511288e-26      
   2.467459       13.324299        1.011676e-24      
   2.467459       13.534343        1.203546e-23      
   2.467459       13.732162        1.179948e-22      
   2.467459       13.917225        9.928055e-22      
   2.467459       14.089032        7.337657e-21      
   2.467459       14.247120        4.583196e-20      
   2.467459       14.391062        2.285552e-19      
   2.467459       14.520471        9.377835e-19      
   2.467459       14.634998        3.915681e-18      
   2.467459       14.734334        2.003463e-17      
   2.467459       14.818211        9.996319e-17      
   2.467459       14.886403        3.801821e-16      
   2.467459       14.938727        1.033705e-15      
   2.467459       14.975043        2.026114e-15      
   2.467459       14.995261        2.921238e-15      
   2.525649       0.001185         -2.745278e-08     
   2.525649       0.006239         -7.612814e-07     
   2.525649       0.015318         -4.588825e-06     
   2.525649       0.028399         -1.577280e-05     
   2.525649       0.045447         -4.039534e-05     
   2.525649       0.066417         -8.627834e-05     
   2.525649       0.091251         -1.628829e-04     
   2.525649       0.119882         -2.811901e-04     
   2.525649       0.152235         -4.535659e-04     
   2.525649       0.188220         -6.936125e-04     
   2.525649       0.227742         -1.016008e-03     
   2.525649       0.270694         -1.436335e-03     
   2.525649       0.316959         -1.970899e-03     
   2.525649       0.366414         -2.636526e-03     
   2.525649       0.418925         -3.450353e-03     
   2.525649       0.474351         -4.429578e-03     
   2.525649       0.532541         -5.591181e-03     
   2.525649       0.593339         -6.951591e-03     
   2.525649       0.656582         -8.526293e-03     
   2.525649       0.722098         -1.032935e-02     
   2.525649       0.789711         -1.237285e-02     
   2.525649       0.859239         -1.466625e-02     
   2.525649       0.930495         -1.721558e-02     
   2.525649       1.003286         -2.002265e-02     
   2.525649       1.077416         -2.308413e-02     
   2.525649       1.152685         -2.639058e-02     
   2.525649       1.228890         -2.992558e-02     
   2.525649       1.305826         -3.366495e-02     
   2.525649       1.383286         -3.757615e-02     
   2.525649       1.461060         -4.161798e-02     
   2.525649       1.538940         -4.574070e-02     
   2.525649       1.616714         -4.988663e-02     
   2.525649       1.694174         -5.399123e-02     
   2.525649       1.771110         -5.798481e-02     
   2.525649       1.847315         -6.179469e-02     
   2.525649       1.922584         -6.534799e-02     
   2.525649       1.996714         -6.857464e-02     
   2.525649       2.069505         -7.141089e-02     
   2.525649       2.140761         -7.380282e-02     
   2.525649       2.210289         -7.570996e-02     
   2.525649       2.277902         -7.710838e-02     
   2.525649       2.343418         -7.799299e-02     
   2.525649       2.406661         -7.837843e-02     
   2.525649       2.467459         -7.829815e-02     
   2.525649       2.525649         -7.780166e-02     
   2.525649       2.581075         -7.695040e-02     
   2.525649       2.633586         -7.581292e-02     
   2.525649       2.683041         -7.446021e-02     
   2.525649       2.729306         -7.296171e-02     
   2.525649       2.772258         -7.138249e-02     
   2.525649       2.811780         -6.978130e-02     
   2.525649       2.847765         -6.820974e-02     
   2.525649       2.880118         -6.671197e-02     
   2.525649       2.908749         -6.532493e-02     
   2.525649       2.933583         -6.407886e-02     
   2.525649       2.954553         -6.299798e-02     
   2.525649       2.971601         -6.210122e-02     
   2.525649       2.984682         -6.140285e-02     
   2.525649       2.993761         -6.091317e-02     
   2.525649       2.998815         -6.063885e-02     
   2.525649       3.004739         -6.031583e-02     
   2.525649       3.024957         -5.920172e-02     
   2.525649       3.061273         -5.715939e-02     
   2.525649       3.113597         -5.414057e-02     
   2.525649       3.181789         -5.011315e-02     
   2.525649       3.265666         -4.509674e-02     
   2.525649       3.365002         -3.920109e-02     
   2.525649       3.479529         -3.265705e-02     
   2.525649       3.608938         -2.582574e-02     
   2.525649       3.752880         -1.917013e-02     
   2.525649       3.910968         -1.318050e-02     
   2.525649       4.082775         -8.264776e-03     
   2.525649       4.267838         -4.641011e-03     
   2.525649       4.465657         -2.283875e-03     
   2.525649       4.675701         -9.591418e-04     
   2.525649       4.897402         -3.321195e-04     
   2.525649       5.130163         -9.025785e-05     
   2.525649       5.373356         -1.767251e-05     
   2.525649       5.626327         -1.983029e-06     
   2.525649       5.888392         4.433980e-08      
   2.525649       6.158845         6.246034e-08      
   2.525649       6.436958         1.159100e-08      
   2.525649       6.721980         9.319972e-10      
   2.525649       7.013143         -4.369751e-11     
   2.525649       7.309662         -2.266872e-11     
   2.525649       7.610739         -2.846455e-12     
   2.525649       7.915560         -1.031297e-13     
   2.525649       8.223305         1.911011e-14      
   2.525649       8.533144         3.070923e-15      
   2.525649       8.844241         1.278133e-16      
   2.525649       9.155759         -1.230015e-17     
   2.525649       9.466856         -1.715226e-18     
   2.525649       9.776695         -3.677932e-20     
   2.525649       10.084440        6.762230e-21      
   2.525649       10.389261        5.022754e-22      
   2.525649       10.690338        -6.356745e-24     
   2.525649       10.986857        -2.244775e-24     
   2.525649       11.278020        -6.290963e-26     
   2.525649       11.563042        5.817758e-27      
   2.525649       11.841155        4.445407e-28      
   2.525649       12.111608        -8.124771e-30     
   2.525649       12.373673        -3.299385e-29     
   2.525649       12.626644        -1.172176e-28     
   2.525649       12.869837        1.981923e-27      
   2.525649       13.102598        5.686457e-26      
   2.525649       13.324299        8.845707e-25      
   2.525649       13.534343        1.053155e-23      
   2.525649       13.732162        1.033089e-22      
   2.525649       13.917225        8.696066e-22      
   2.525649       14.089032        6.429173e-21      
   2.525649       14.247120        4.016724e-20      
   2.525649       14.391062        2.003466e-19      
   2.525649       14.520471        8.221987e-19      
   2.525649       14.634998        3.433740e-18      
   2.525649       14.734334        1.757138e-17      
   2.525649       14.818211        8.768002e-17      
   2.525649       14.886403        3.334849e-16      
   2.525649       14.938727        9.067759e-16      
   2.525649       14.975043        1.777382e-15      
   2.525649       14.995261        2.562666e-15      
   2.581075       0.001185         -2.511179e-08     
   2.581075       0.006239         -6.963647e-07     
   2.581075       0.015318         -4.197531e-06     
   2.581075       0.028399         -1.442792e-05     
   2.581075       0.045447         -3.695147e-05     
   2.581075       0.066417         -7.892466e-05     
   2.581075       0.091251         -1.490060e-04     
   2.581075       0.119882         -2.572498e-04     
   2.581075       0.152235         -4.149871e-04     
   2.581075       0.188220         -6.346959e-04     
   2.581075       0.227742         -9.298633e-04     
   2.581075       0.270694         -1.314841e-03     
   2.581075       0.316959         -1.804691e-03     
   2.581075       0.366414         -2.415026e-03     
   2.581075       0.418925         -3.161826e-03     
   2.581075       0.474351         -4.061245e-03     
   2.581075       0.532541         -5.129375e-03     
   2.581075       0.593339         -6.381970e-03     
   2.581075       0.656582         -7.834112e-03     
   2.581075       0.722098         -9.499808e-03     
   2.581075       0.789711         -1.139149e-02     
   2.581075       0.859239         -1.351944e-02     
   2.581075       0.930495         -1.589109e-02     
   2.581075       1.003286         -1.851023e-02     
   2.581075       1.077416         -2.137618e-02     
   2.581075       1.152685         -2.448287e-02     
   2.581075       1.228890         -2.781792e-02     
   2.581075       1.305826         -3.136185e-02     
   2.581075       1.383286         -3.508737e-02     
   2.581075       1.461060         -3.895902e-02     
   2.581075       1.538940         -4.293302e-02     
   2.581075       1.616714         -4.695771e-02     
   2.581075       1.694174         -5.097439e-02     
   2.581075       1.771110         -5.491869e-02     
   2.581075       1.847315         -5.872255e-02     
   2.581075       1.922584         -6.231658e-02     
   2.581075       1.996714         -6.563293e-02     
   2.581075       2.069505         -6.860832e-02     
   2.581075       2.140761         -7.118737e-02     
   2.581075       2.210289         -7.332580e-02     
   2.581075       2.277902         -7.499343e-02     
   2.581075       2.343418         -7.617664e-02     
   2.581075       2.406661         -7.687969e-02     
   2.581075       2.467459         -7.712477e-02     
   2.581075       2.525649         -7.695040e-02     
   2.581075       2.581075         -7.640838e-02     
   2.581075       2.633586         -7.555973e-02     
   2.581075       2.683041         -7.447034e-02     
   2.581075       2.729306         -7.320692e-02     
   2.581075       2.772258         -7.183371e-02     
   2.581075       2.811780         -7.041015e-02     
   2.581075       2.847765         -6.898945e-02     
   2.581075       2.880118         -6.761796e-02     
   2.581075       2.908749         -6.633503e-02     
   2.581075       2.933583         -6.517333e-02     
   2.581075       2.954553         -6.415936e-02     
   2.581075       2.971601         -6.331405e-02     
   2.581075       2.984682         -6.265337e-02     
   2.581075       2.993761         -6.218893e-02     
   2.581075       2.998815         -6.192834e-02     
   2.581075       3.004739         -6.162111e-02     
   2.581075       3.024957         -6.055851e-02     
   2.581075       3.061273         -5.859943e-02     
   2.581075       3.113597         -5.567994e-02     
   2.581075       3.181789         -5.174656e-02     
   2.581075       3.265666         -4.679396e-02     
   2.581075       3.365002         -4.090691e-02     
   2.581075       3.479529         -3.429619e-02     
   2.581075       3.608938         -2.731395e-02     
   2.581075       3.752880         -2.043085e-02     
   2.581075       3.910968         -1.416338e-02     
   2.581075       4.082775         -8.959310e-03     
   2.581075       4.267838         -5.078395e-03     
   2.581075       4.465657         -2.524734e-03     
   2.581075       4.675701         -1.072604e-03     
   2.581075       4.897402         -3.766243e-04     
   2.581075       5.130163         -1.042738e-04     
   2.581075       5.373356         -2.102518e-05     
   2.581075       5.626327         -2.531795e-06     
   2.581075       5.888392         4.473790e-10      
   2.581075       6.158845         6.624947e-08      
   2.581075       6.436958         1.326192e-08      
   2.581075       6.721980         1.171869e-09      
   2.581075       7.013143         -2.962400e-11     
   2.581075       7.309662         -2.419357e-11     
   2.581075       7.610739         -3.299724e-12     
   2.581075       7.915560         -1.470186e-13     
   2.581075       8.223305         1.890067e-14      
   2.581075       8.533144         3.491099e-15      
   2.581075       8.844241         1.691957e-16      
   2.581075       9.155759         -1.212751e-17     
   2.581075       9.466856         -1.976586e-18     
   2.581075       9.776695         -5.374533e-20     
   2.581075       10.084440        7.198615e-21      
   2.581075       10.389261        6.016962e-22      
   2.581075       10.690338        -3.921616e-24     
   2.581075       10.986857        -2.539990e-24     
   2.581075       11.278020        -8.312268e-26     
   2.581075       11.563042        6.151007e-27      
   2.581075       11.841155        5.295337e-28      
   2.581075       12.111608        -5.661633e-30     
   2.581075       12.373673        -2.949790e-29     
   2.581075       12.626644        -1.036776e-28     
   2.581075       12.869837        1.732853e-27      
   2.581075       13.102598        4.988661e-26      
   2.581075       13.324299        7.769012e-25      
   2.581075       13.534343        9.256523e-24      
   2.581075       13.732162        9.085042e-23      
   2.581075       13.917225        7.650434e-22      
   2.581075       14.089032        5.657827e-21      
   2.581075       14.247120        3.535629e-20      
   2.581075       14.391062        1.763842e-19      
   2.581075       14.520471        7.239923e-19      
   2.581075       14.634998        3.024171e-18      
   2.581075       14.734334        1.547770e-17      
   2.581075       14.818211        7.723879e-17      
   2.581075       14.886403        2.937881e-16      
   2.581075       14.938727        7.988694e-16      
   2.581075       14.975043        1.565921e-15      
   2.581075       14.995261        2.257817e-15      
   2.633586       0.001185         -2.301123e-08     
   2.633586       0.006239         -6.381151e-07     
   2.633586       0.015318         -3.846423e-06     
   2.633586       0.028399         -1.322115e-05     
   2.633586       0.045447         -3.386120e-05     
   2.633586       0.066417         -7.232577e-05     
   2.633586       0.091251         -1.365527e-04     
   2.633586       0.119882         -2.357636e-04     
   2.633586       0.152235         -3.803580e-04     
   2.633586       0.188220         -5.818009e-04     
   2.633586       0.227742         -8.525030e-04     
   2.633586       0.270694         -1.205699e-03     
   2.633586       0.316959         -1.655318e-03     
   2.633586       0.366414         -2.215854e-03     
   2.633586       0.418925         -2.902213e-03     
   2.633586       0.474351         -3.729561e-03     
   2.633586       0.532541         -4.713124e-03     
   2.633586       0.593339         -5.867964e-03     
   2.633586       0.656582         -7.208700e-03     
   2.633586       0.722098         -8.749152e-03     
   2.633586       0.789711         -1.050192e-02     
   2.633586       0.859239         -1.247785e-02     
   2.633586       0.930495         -1.468542e-02     
   2.633586       1.003286         -1.713002e-02     
   2.633586       1.077416         -1.981315e-02     
   2.633586       1.152685         -2.273152e-02     
   2.633586       1.228890         -2.587622e-02     
   2.633586       1.305826         -2.923181e-02     
   2.633586       1.383286         -3.277564e-02     
   2.633586       1.461060         -3.647732e-02     
   2.633586       1.538940         -4.029851e-02     
   2.633586       1.616714         -4.419305e-02     
   2.633586       1.694174         -4.810766e-02     
   2.633586       1.771110         -5.198308e-02     
   2.633586       1.847315         -5.575570e-02     
   2.633586       1.922584         -5.935976e-02     
   2.633586       1.996714         -6.272991e-02     
   2.633586       2.069505         -6.580398e-02     
   2.633586       2.140761         -6.852610e-02     
   2.633586       2.210289         -7.084964e-02     
   2.633586       2.277902         -7.274004e-02     
   2.633586       2.343418         -7.417723e-02     
   2.633586       2.406661         -7.515729e-02     
   2.633586       2.467459         -7.569295e-02     
   2.633586       2.525649         -7.581292e-02     
   2.633586       2.581075         -7.555973e-02     
   2.633586       2.633586         -7.498650e-02     
   2.633586       2.683041         -7.415313e-02     
   2.633586       2.729306         -7.312239e-02     
   2.633586       2.772258         -7.195648e-02     
   2.633586       2.811780         -7.071436e-02     
   2.633586       2.847765         -6.944992e-02     
   2.633586       2.880118         -6.821091e-02     
   2.633586       2.908749         -6.703850e-02     
   2.633586       2.933583         -6.596735e-02     
   2.633586       2.954553         -6.502589e-02     
   2.633586       2.971601         -6.423681e-02     
   2.633586       2.984682         -6.361762e-02     
   2.633586       2.993761         -6.318112e-02     
   2.633586       2.998815         -6.293579e-02     
   2.633586       3.004739         -6.264615e-02     
   2.633586       3.024957         -6.164135e-02     
   2.633586       3.061273         -5.977729e-02     
   2.633586       3.113597         -5.697490e-02     
   2.633586       3.181789         -5.315964e-02     
   2.633586       3.265666         -4.830104e-02     
   2.633586       3.365002         -4.245776e-02     
   2.633586       3.479529         -3.581836e-02     
   2.633586       3.608938         -2.872275e-02     
   2.633586       3.752880         -2.164541e-02     
   2.633586       3.910968         -1.512569e-02     
   2.633586       4.082775         -9.649554e-03     
   2.633586       4.267838         -5.519194e-03     
   2.633586       4.465657         -2.770729e-03     
   2.633586       4.675701         -1.190039e-03     
   2.633586       4.897402         -4.233594e-04     
   2.633586       5.130163         -1.192552e-04     
   2.633586       5.373356         -2.469832e-05     
   2.633586       5.626327         -3.158517e-06     
   2.633586       5.888392         -5.613227e-08     
   2.633586       6.158845         6.895790e-08      
   2.633586       6.436958         1.497108e-08      
   2.633586       6.721980         1.438948e-09      
   2.633586       7.013143         -1.111632e-11     
   2.633586       7.309662         -2.539969e-11     
   2.633586       7.610739         -3.772224e-12     
   2.633586       7.915560         -1.979724e-13     
   2.633586       8.223305         1.806543e-14      
   2.633586       8.533144         3.917600e-15      
   2.633586       8.844241         2.165953e-16      
   2.633586       9.155759         -1.153726e-17     
   2.633586       9.466856         -2.249205e-18     
   2.633586       9.776695         -7.374650e-20     
   2.633586       10.084440        7.536667e-21      
   2.633586       10.389261        7.104428e-22      
   2.633586       10.690338        -6.915449e-25     
   2.633586       10.986857        -2.840923e-24     
   2.633586       11.278020        -1.064718e-25     
   2.633586       11.563042        6.393639e-27      
   2.633586       11.841155        6.224323e-28      
   2.633586       12.111608        -2.652163e-30     
   2.633586       12.373673        -2.657385e-29     
   2.633586       12.626644        -9.212407e-29     
   2.633586       12.869837        1.523038e-27      
   2.633586       13.102598        4.398642e-26      
   2.633586       13.324299        6.857482e-25      
   2.633586       13.534343        8.176214e-24      
   2.633586       13.732162        8.028829e-23      
   2.633586       13.917225        6.763556e-22      
   2.633586       14.089032        5.003360e-21      
   2.633586       14.247120        3.127326e-20      
   2.633586       14.391062        1.560431e-19      
   2.633586       14.520471        6.406106e-19      
   2.633586       14.634998        2.676357e-18      
   2.633586       14.734334        1.369943e-17      
   2.633586       14.818211        6.836978e-17      
   2.633586       14.886403        2.600667e-16      
   2.633586       14.938727        7.072020e-16      
   2.633586       14.975043        1.386277e-15      
   2.633586       14.995261        1.998832e-15      
   2.683041       0.001185         -2.113750e-08     
   2.683041       0.006239         -5.861558e-07     
   2.683041       0.015318         -3.533229e-06     
   2.683041       0.028399         -1.214468e-05     
   2.683041       0.045447         -3.110457e-05     
   2.683041       0.066417         -6.643912e-05     
   2.683041       0.091251         -1.254429e-04     
   2.683041       0.119882         -2.165936e-04     
   2.683041       0.152235         -3.494583e-04     
   2.683041       0.188220         -5.345941e-04     
   2.683041       0.227742         -7.834457e-04     
   2.683041       0.270694         -1.108241e-03     
   2.683041       0.316959         -1.521884e-03     
   2.683041       0.366414         -2.037847e-03     
   2.683041       0.418925         -2.670050e-03     
   2.683041       0.474351         -3.432732e-03     
   2.683041       0.532541         -4.340293e-03     
   2.683041       0.593339         -5.407108e-03     
   2.683041       0.656582         -6.647290e-03     
   2.683041       0.722098         -8.074391e-03     
   2.683041       0.789711         -9.701025e-03     
   2.683041       0.859239         -1.153841e-02     
   2.683041       0.930495         -1.359579e-02     
   2.683041       1.003286         -1.587980e-02     
   2.683041       1.077416         -1.839370e-02     
   2.683041       1.152685         -2.113652e-02     
   2.683041       1.228890         -2.410224e-02     
   2.683041       1.305826         -2.727892e-02     
   2.683041       1.383286         -3.064793e-02     
   2.683041       1.461060         -3.418337e-02     
   2.683041       1.538940         -3.785172e-02     
   2.683041       1.616714         -4.161186e-02     
   2.683041       1.694174         -4.541551e-02     
   2.683041       1.771110         -4.920819e-02     
   2.683041       1.847315         -5.293059e-02     
   2.683041       1.922584         -5.652056e-02     
   2.683041       1.996714         -5.991538e-02     
   2.683041       2.069505         -6.305445e-02     
   2.683041       2.140761         -6.588205e-02     
   2.683041       2.210289         -6.835018e-02     
   2.683041       2.277902         -7.042127e-02     
   2.683041       2.343418         -7.207047e-02     
   2.683041       2.406661         -7.328746e-02     
   2.683041       2.467459         -7.407728e-02     
   2.683041       2.525649         -7.446021e-02     
   2.683041       2.581075         -7.447034e-02     
   2.683041       2.633586         -7.415313e-02     
   2.683041       2.683041         -7.356213e-02     
   2.683041       2.729306         -7.275544e-02     
   2.683041       2.772258         -7.179228e-02     
   2.683041       2.811780         -7.073017e-02     
   2.683041       2.847765         -6.962277e-02     
   2.683041       2.880118         -6.851846e-02     
   2.683041       2.908749         -6.745963e-02     
   2.683041       2.933583         -6.648241e-02     
   2.683041       2.954553         -6.561680e-02     
   2.683041       2.971601         -6.488698e-02     
   2.683041       2.984682         -6.431176e-02     
   2.683041       2.993761         -6.390501e-02     
   2.683041       2.998815         -6.367595e-02     
   2.683041       3.004739         -6.340515e-02     
   2.683041       3.024957         -6.246254e-02     
   2.683041       3.061273         -6.070205e-02     
   2.683041       3.113597         -5.803033e-02     
   2.683041       3.181789         -5.435250e-02     
   2.683041       3.265666         -4.961321e-02     
   2.683041       3.365002         -4.384454e-02     
   2.683041       3.479529         -3.721125e-02     
   2.683041       3.608938         -3.003825e-02     
   2.683041       3.752880         -2.280020e-02     
   2.683041       3.910968         -1.605569e-02     
   2.683041       4.082775         -1.032665e-02     
   2.683041       4.267838         -5.957565e-03     
   2.683041       4.465657         -3.018535e-03     
   2.683041       4.675701         -1.309839e-03     
   2.683041       4.897402         -4.716830e-04     
   2.683041       5.130163         -1.350012e-04     
   2.683041       5.373356         -2.864766e-05     
   2.683041       5.626327         -3.858133e-06     
   2.683041       5.888392         -1.257647e-07     
   2.683041       6.158845         7.033424e-08      
   2.683041       6.436958         1.667342e-08      
   2.683041       6.721980         1.729398e-09      
   2.683041       7.013143         1.192984e-11      
   2.683041       7.309662         -2.620548e-11     
   2.683041       7.610739         -4.253211e-12     
   2.683041       7.915560         -2.556094e-13     
   2.683041       8.223305         1.653111e-14      
   2.683041       8.533144         4.339395e-15      
   2.683041       8.844241         2.696385e-16      
   2.683041       9.155759         -1.047963e-17     
   2.683041       9.466856         -2.527431e-18     
   2.683041       9.776695         -9.672416e-20     
   2.683041       10.084440        7.751824e-21      
   2.683041       10.389261        8.271159e-22      
   2.683041       10.690338        3.374042e-24      
   2.683041       10.986857        -3.140675e-24     
   2.683041       11.278020        -1.328473e-25     
   2.683041       11.563042        6.525374e-27      
   2.683041       11.841155        7.221160e-28      
   2.683041       12.111608        9.444613e-31      
   2.683041       12.373673        -2.413312e-29     
   2.683041       12.626644        -8.228036e-29     
   2.683041       12.869837        1.346401e-27      
   2.683041       13.102598        3.900152e-26      
   2.683041       13.324299        6.086447e-25      
   2.683041       13.534343        7.261711e-24      
   2.683041       13.732162        7.134219e-23      
   2.683041       13.917225        6.012048e-22      
   2.683041       14.089032        4.448606e-21      
   2.683041       14.247120        2.781143e-20      
   2.683041       14.391062        1.387934e-19      
   2.683041       14.520471        5.698874e-19      
   2.683041       14.634998        2.381288e-18      
   2.683041       14.734334        1.219060e-17      
   2.683041       14.818211        6.084401e-17      
   2.683041       14.886403        2.314510e-16      
   2.683041       14.938727        6.294105e-16      
   2.683041       14.975043        1.233822e-15      
   2.683041       14.995261        1.779039e-15      
   2.729306       0.001185         -1.947621e-08     
   2.729306       0.006239         -5.400873e-07     
   2.729306       0.015318         -3.255543e-06     
   2.729306       0.028399         -1.119025e-05     
   2.729306       0.045447         -2.866040e-05     
   2.729306       0.066417         -6.121957e-05     
   2.729306       0.091251         -1.155916e-04     
   2.729306       0.119882         -1.995939e-04     
   2.729306       0.152235         -3.220536e-04     
   2.729306       0.188220         -4.927202e-04     
   2.729306       0.227742         -7.221766e-04     
   2.729306       0.270694         -1.021750e-03     
   2.729306       0.316959         -1.403424e-03     
   2.729306       0.366414         -1.879746e-03     
   2.729306       0.418925         -2.463736e-03     
   2.729306       0.474351         -3.168778e-03     
   2.729306       0.532541         -4.008495e-03     
   2.729306       0.593339         -4.996594e-03     
   2.729306       0.656582         -6.146668e-03     
   2.729306       0.722098         -7.471941e-03     
   2.729306       0.789711         -8.984940e-03     
   2.729306       0.859239         -1.069708e-02     
   2.729306       0.930495         -1.261817e-02     
   2.729306       1.003286         -1.475578e-02     
   2.729306       1.077416         -1.711457e-02     
   2.729306       1.152685         -1.969549e-02     
   2.729306       1.228890         -2.249493e-02     
   2.729306       1.305826         -2.550390e-02     
   2.729306       1.383286         -2.870726e-02     
   2.729306       1.461060         -3.208302e-02     
   2.729306       1.538940         -3.560195e-02     
   2.729306       1.616714         -3.922744e-02     
   2.729306       1.694174         -4.291578e-02     
   2.729306       1.771110         -4.661692e-02     
   2.729306       1.847315         -5.027563e-02     
   2.729306       1.922584         -5.383326e-02     
   2.729306       1.996714         -5.722985e-02     
   2.729306       2.069505         -6.040652e-02     
   2.729306       2.140761         -6.330820e-02     
   2.729306       2.210289         -6.588623e-02     
   2.729306       2.277902         -6.810098e-02     
   2.729306       2.343418         -6.992409e-02     
   2.729306       2.406661         -7.134027e-02     
   2.729306       2.467459         -7.234841e-02     
   2.729306       2.525649         -7.296171e-02     
   2.729306       2.581075         -7.320692e-02     
   2.729306       2.633586         -7.312239e-02     
   2.729306       2.683041         -7.275544e-02     
   2.729306       2.729306         -7.215917e-02     
   2.729306       2.772258         -7.138926e-02     
   2.729306       2.811780         -7.050105e-02     
   2.729306       2.847765         -6.954720e-02     
   2.729306       2.880118         -6.857606e-02     
   2.729306       2.908749         -6.763061e-02     
   2.729306       2.933583         -6.674797e-02     
   2.729306       2.954553         -6.595929e-02     
   2.729306       2.971601         -6.528995e-02     
   2.729306       2.984682         -6.475985e-02     
   2.729306       2.993761         -6.438372e-02     
   2.729306       2.998815         -6.417147e-02     
   2.729306       3.004739         -6.392015e-02     
   2.729306       3.024957         -6.304216e-02     
   2.729306       3.061273         -6.139044e-02     
   2.729306       3.113597         -5.885844e-02     
   2.729306       3.181789         -5.533210e-02     
   2.729306       3.265666         -5.073194e-02     
   2.729306       3.365002         -4.506351e-02     
   2.729306       3.479529         -3.846684e-02     
   2.729306       3.608938         -3.124964e-02     
   2.729306       3.752880         -2.388349e-02     
   2.729306       3.910968         -1.694257e-02     
   2.729306       4.082775         -1.098194e-02     
   2.729306       4.267838         -6.387540e-03     
   2.729306       4.465657         -3.264610e-03     
   2.729306       4.675701         -1.430219e-03     
   2.729306       4.897402         -5.208483e-04     
   2.729306       5.130163         -1.512628e-04     
   2.729306       5.373356         -3.281196e-05     
   2.729306       5.626327         -4.621267e-06     
   2.729306       5.888392         -2.081057e-07     
   2.729306       6.158845         7.018393e-08      
   2.729306       6.436958         1.832076e-08      
   2.729306       6.721980         2.037783e-09      
   2.729306       7.013143         3.937668e-11      
   2.729306       7.309662         -2.654495e-11     
   2.729306       7.610739         -4.730673e-12     
   2.729306       7.915560         -3.191644e-13     
   2.729306       8.223305         1.425590e-14      
   2.729306       8.533144         4.744898e-15      
   2.729306       8.844241         3.276315e-16      
   2.729306       9.155759         -8.925460e-18     
   2.729306       9.466856         -2.804932e-18     
   2.729306       9.776695         -1.224633e-19     
   2.729306       10.084440        7.824103e-21      
   2.729306       10.389261        9.498178e-22      
   2.729306       10.690338        8.276128e-24      
   2.729306       10.986857        -3.431944e-24     
   2.729306       11.278020        -1.619791e-25     
   2.729306       11.563042        6.530168e-27      
   2.729306       11.841155        8.270488e-28      
   2.729306       12.111608        5.136834e-30      
   2.729306       12.373673        -2.209952e-29     
   2.729306       12.626644        -7.390973e-29     
   2.729306       12.869837        1.197840e-27      
   2.729306       13.102598        3.479493e-26      
   2.729306       13.324299        5.435071e-25      
   2.729306       13.534343        6.488571e-24      
   2.729306       13.732162        6.377496e-23      
   2.729306       13.917225        5.376113e-22      
   2.729306       14.089032        3.979021e-21      
   2.729306       14.247120        2.488040e-20      
   2.729306       14.391062        1.241857e-19      
   2.729306       14.520471        5.099859e-19      
   2.729306       14.634998        2.131323e-18      
   2.729306       14.734334        1.091224e-17      
   2.729306       14.818211        5.446725e-17      
   2.729306       14.886403        2.072031e-16      
   2.729306       14.938727        5.634901e-16      
   2.729306       14.975043        1.104627e-15      
   2.729306       14.995261        1.592779e-15      
   2.772258       0.001185         -1.801267e-08     
   2.772258       0.006239         -4.995024e-07     
   2.772258       0.015318         -3.010909e-06     
   2.772258       0.028399         -1.034942e-05     
   2.772258       0.045447         -2.650712e-05     
   2.772258       0.066417         -5.662107e-05     
   2.772258       0.091251         -1.069121e-04     
   2.772258       0.119882         -1.846152e-04     
   2.772258       0.152235         -2.979044e-04     
   2.772258       0.188220         -4.558153e-04     
   2.772258       0.227742         -6.681675e-04     
   2.772258       0.270694         -9.454886e-04     
   2.772258       0.316959         -1.298940e-03     
   2.772258       0.366414         -1.740242e-03     
   2.772258       0.418925         -2.281601e-03     
   2.772258       0.474351         -2.935620e-03     
   2.772258       0.532541         -3.715201e-03     
   2.772258       0.593339         -4.633417e-03     
   2.772258       0.656582         -5.703343e-03     
   2.772258       0.722098         -6.937843e-03     
   2.772258       0.789711         -8.349279e-03     
   2.772258       0.859239         -9.949150e-03     
   2.772258       0.930495         -1.174763e-02     
   2.772258       1.003286         -1.375301e-02     
   2.772258       1.077416         -1.597105e-02     
   2.772258       1.152685         -1.840423e-02     
   2.772258       1.228890         -2.105097e-02     
   2.772258       1.305826         -2.390476e-02     
   2.772258       1.383286         -2.695341e-02     
   2.772258       1.461060         -3.017834e-02     
   2.772258       1.538940         -3.355407e-02     
   2.772258       1.616714         -3.704800e-02     
   2.772258       1.694174         -4.062056e-02     
   2.772258       1.771110         -4.422574e-02     
   2.772258       1.847315         -4.781213e-02     
   2.772258       1.922584         -5.132443e-02     
   2.772258       1.996714         -5.470538e-02     
   2.772258       2.069505         -5.789802e-02     
   2.772258       2.140761         -6.084817e-02     
   2.772258       2.210289         -6.350704e-02     
   2.772258       2.277902         -6.583363e-02     
   2.772258       2.343418         -6.779700e-02     
   2.772258       2.406661         -6.937806e-02     
   2.772258       2.467459         -7.057075e-02     
   2.772258       2.525649         -7.138249e-02     
   2.772258       2.581075         -7.183371e-02     
   2.772258       2.633586         -7.195648e-02     
   2.772258       2.683041         -7.179228e-02     
   2.772258       2.729306         -7.138926e-02     
   2.772258       2.772258         -7.079927e-02     
   2.772258       2.811780         -7.007499e-02     
   2.772258       2.847765         -6.926757e-02     
   2.772258       2.880118         -6.842472e-02     
   2.772258       2.908749         -6.758948e-02     
   2.772258       2.933583         -6.679950e-02     
   2.772258       2.954553         -6.608672e-02     
   2.772258       2.971601         -6.547739e-02     
   2.772258       2.984682         -6.499223e-02     
   2.772258       2.993761         -6.464673e-02     
   2.772258       2.998815         -6.445133e-02     
   2.772258       3.004739         -6.421956e-02     
   2.772258       3.024957         -6.340670e-02     
   2.772258       3.061273         -6.186557e-02     
   2.772258       3.113597         -5.947779e-02     
   2.772258       3.181789         -5.611157e-02     
   2.772258       3.265666         -5.166446e-02     
   2.772258       3.365002         -4.611609e-02     
   2.772258       3.479529         -3.958139e-02     
   2.772258       3.608938         -3.234941e-02     
   2.772258       3.752880         -2.488578e-02     
   2.772258       3.910968         -1.777674e-02     
   2.772258       4.082775         -1.160731e-02     
   2.772258       4.267838         -6.803235e-03     
   2.772258       4.465657         -3.505320e-03     
   2.772258       4.675701         -1.549281e-03     
   2.772258       4.897402         -5.700305e-04     
   2.772258       5.130163         -1.677515e-04     
   2.772258       5.373356         -3.711470e-05     
   2.772258       5.626327         -5.434242e-06     
   2.772258       5.888392         -3.020039e-07     
   2.772258       6.158845         6.839718e-08      
   2.772258       6.436958         1.986561e-08      
   2.772258       6.721980         2.357270e-09      
   2.772258       7.013143         7.081460e-11      
   2.772258       7.309662         -2.637629e-11     
   2.772258       7.610739         -5.192163e-12     
   2.772258       7.915560         -3.874844e-13     
   2.772258       8.223305         1.123895e-14      
   2.772258       8.533144         5.122867e-15      
   2.772258       8.844241         3.895588e-16      
   2.772258       9.155759         -6.872723e-18     
   2.772258       9.466856         -3.075092e-18     
   2.772258       9.776695         -1.505794e-19     
   2.772258       10.084440        7.740692e-21      
   2.772258       10.389261        1.076210e-21      
   2.772258       10.690338        1.396797e-23      
   2.772258       10.986857        -3.707546e-24     
   2.772258       11.278020        -1.934270e-25     
   2.772258       11.563042        6.398394e-27      
   2.772258       11.841155        9.353186e-28      
   2.772258       12.111608        9.895285e-30      
   2.772258       12.373673        -2.040776e-29     
   2.772258       12.626644        -6.680975e-29     
   2.772258       12.869837        1.073082e-27      
   2.772258       13.102598        3.125132e-26      
   2.772258       13.324299        4.885784e-25      
   2.772258       13.534343        5.836163e-24      
   2.772258       13.732162        5.738625e-23      
   2.772258       13.917225        4.839016e-22      
   2.772258       14.089032        3.582306e-21      
   2.772258       14.247120        2.240367e-20      
   2.772258       14.391062        1.118399e-19      
   2.772258       14.520471        4.593514e-19      
   2.772258       14.634998        1.919992e-18      
   2.772258       14.734334        9.831317e-18      
   2.772258       14.818211        4.907498e-17      
   2.772258       14.886403        1.866978e-16      
   2.772258       14.938727        5.077422e-16      
   2.772258       14.975043        9.953668e-16      
   2.772258       14.995261        1.435254e-15      
   2.811780       0.001185         -1.673234e-08     
   2.811780       0.006239         -4.639984e-07     
   2.811780       0.015318         -2.796901e-06     
   2.811780       0.028399         -9.613844e-06     
   2.811780       0.045447         -2.462336e-05     
   2.811780       0.066417         -5.259807e-05     
   2.811780       0.091251         -9.931852e-05     
   2.811780       0.119882         -1.715097e-04     
   2.811780       0.152235         -2.767733e-04     
   2.811780       0.188220         -4.235185e-04     
   2.811780       0.227742         -6.208940e-04     
   2.811780       0.270694         -8.787227e-04     
   2.811780       0.316959         -1.207439e-03     
   2.811780       0.366414         -1.618030e-03     
   2.811780       0.418925         -2.121971e-03     
   2.811780       0.474351         -2.731162e-03     
   2.811780       0.532541         -3.457845e-03     
   2.811780       0.593339         -4.314500e-03     
   2.811780       0.656582         -5.313705e-03     
   2.811780       0.722098         -6.467950e-03     
   2.811780       0.789711         -7.789386e-03     
   2.811780       0.859239         -9.289500e-03     
   2.811780       0.930495         -1.097870e-02     
   2.811780       1.003286         -1.286580e-02     
   2.811780       1.077416         -1.495742e-02     
   2.811780       1.152685         -1.725727e-02     
   2.811780       1.228890         -1.976542e-02     
   2.811780       1.305826         -2.247743e-02     
   2.811780       1.383286         -2.538362e-02     
   2.811780       1.461060         -2.846832e-02     
   2.811780       1.538940         -3.170932e-02     
   2.811780       1.616714         -3.507754e-02     
   2.811780       1.694174         -3.853710e-02     
   2.811780       1.771110         -4.204564e-02     
   2.811780       1.847315         -4.555526e-02     
   2.811780       1.922584         -4.901382e-02     
   2.811780       1.996714         -5.236666e-02     
   2.811780       2.069505         -5.555877e-02     
   2.811780       2.140761         -5.853709e-02     
   2.811780       2.210289         -6.125299e-02     
   2.811780       2.277902         -6.366465e-02     
   2.811780       2.343418         -6.573926e-02     
   2.811780       2.406661         -6.745477e-02     
   2.811780       2.467459         -6.880122e-02     
   2.811780       2.525649         -6.978130e-02     
   2.811780       2.581075         -7.041015e-02     
   2.811780       2.633586         -7.071436e-02     
   2.811780       2.683041         -7.073017e-02     
   2.811780       2.729306         -7.050105e-02     
   2.811780       2.772258         -7.007499e-02     
   2.811780       2.811780         -6.950184e-02     
   2.811780       2.847765         -6.883083e-02     
   2.811780       2.880118         -6.810864e-02     
   2.811780       2.908749         -6.737792e-02     
   2.811780       2.933583         -6.667647e-02     
   2.811780       2.954553         -6.603664e-02     
   2.811780       2.971601         -6.548529e-02     
   2.811780       2.984682         -6.504375e-02     
   2.811780       2.993761         -6.472806e-02     
   2.811780       2.998815         -6.454908e-02     
   2.811780       3.004739         -6.433639e-02     
   2.811780       3.024957         -6.358737e-02     
   2.811780       3.061273         -6.215548e-02     
   2.811780       3.113597         -5.991201e-02     
   2.811780       3.181789         -5.670912e-02     
   2.811780       3.265666         -5.242298e-02     
   2.811780       3.365002         -4.700833e-02     
   2.811780       3.479529         -4.055532e-02     
   2.811780       3.608938         -3.333336e-02     
   2.811780       3.752880         -2.579997e-02     
   2.811780       3.910968         -1.855012e-02     
   2.811780       4.082775         -1.219538e-02     
   2.811780       4.267838         -7.199040e-03     
   2.811780       4.465657         -3.737066e-03     
   2.811780       4.675701         -1.665082e-03     
   2.811780       4.897402         -6.183577e-04     
   2.811780       5.130163         -1.841503e-04     
   2.811780       5.373356         -4.146696e-05     
   2.811780       5.626327         -6.279457e-06     
   2.811780       5.888392         -4.054675e-07     
   2.811780       6.158845         6.497224e-08      
   2.811780       6.436958         2.126547e-08      
   2.811780       6.721980         2.679997e-09      
   2.811780       7.013143         1.055531e-10      
   2.811780       7.309662         -2.568937e-11     
   2.811780       7.610739         -5.625771e-12     
   2.811780       7.915560         -4.590575e-13     
   2.811780       8.223305         7.527794e-15      
   2.811780       8.533144         5.463382e-15      
   2.811780       8.844241         4.541058e-16      
   2.811780       9.155759         -4.351706e-18     
   2.811780       9.466856         -3.331485e-18     
   2.811780       9.776695         -1.805171e-19     
   2.811780       10.084440        7.498294e-21      
   2.811780       10.389261        1.203611e-21      
   2.811780       10.690338        2.034968e-23      
   2.811780       10.986857        -3.960977e-24     
   2.811780       11.278020        -2.265807e-25     
   2.811780       11.563042        6.128776e-27      
   2.811780       11.841155        1.044708e-27      
   2.811780       12.111608        1.514786e-29      
   2.811780       12.373673        -1.900233e-29     
   2.811780       12.626644        -6.080774e-29     
   2.811780       12.869837        9.685570e-28      
   2.811780       13.102598        2.827384e-26      
   2.811780       13.324299        4.423808e-25      
   2.811780       13.534343        5.287112e-24      
   2.811780       13.732162        5.200719e-23      
   2.811780       13.917225        4.386644e-22      
   2.811780       14.089032        3.248082e-21      
   2.811780       14.247120        2.031665e-20      
   2.811780       14.391062        1.014351e-19      
   2.811780       14.520471        4.166709e-19      
   2.811780       14.634998        1.741829e-18      
   2.811780       14.734334        8.919936e-18      
   2.811780       14.818211        4.452818e-17      
   2.811780       14.886403        1.694068e-16      
   2.811780       14.938727        4.607314e-16      
   2.811780       14.975043        9.032277e-16      
   2.811780       14.995261        1.302412e-15      
   2.847765       0.001185         -1.562127e-08     
   2.847765       0.006239         -4.331876e-07     
   2.847765       0.015318         -2.611183e-06     
   2.847765       0.028399         -8.975501e-06     
   2.847765       0.045447         -2.298859e-05     
   2.847765       0.066417         -4.910674e-05     
   2.847765       0.091251         -9.272821e-05     
   2.847765       0.119882         -1.601351e-04     
   2.847765       0.152235         -2.584315e-04     
   2.847765       0.188220         -3.954816e-04     
   2.847765       0.227742         -5.798496e-04     
   2.847765       0.270694         -8.207426e-04     
   2.847765       0.316959         -1.127959e-03     
   2.847765       0.366414         -1.511837e-03     
   2.847765       0.418925         -1.983210e-03     
   2.847765       0.474351         -2.553350e-03     
   2.847765       0.532541         -3.233902e-03     
   2.847765       0.593339         -4.036802e-03     
   2.847765       0.656582         -4.974161e-03     
   2.847765       0.722098         -6.058100e-03     
   2.847765       0.789711         -7.300532e-03     
   2.847765       0.859239         -8.712869e-03     
   2.847765       0.930495         -1.030565e-02     
   2.847765       1.003286         -1.208806e-02     
   2.847765       1.077416         -1.406737e-02     
   2.847765       1.152685         -1.624829e-02     
   2.847765       1.228890         -1.863220e-02     
   2.847765       1.305826         -2.121640e-02     
   2.847765       1.383286         -2.399329e-02     
   2.847765       1.461060         -2.694967e-02     
   2.847765       1.538940         -3.006615e-02     
   2.847765       1.616714         -3.331673e-02     
   2.847765       1.694174         -3.666873e-02     
   2.847765       1.771110         -4.008309e-02     
   2.847765       1.847315         -4.351507e-02     
   2.847765       1.922584         -4.691542e-02     
   2.847765       1.996714         -5.023198e-02     
   2.847765       2.069505         -5.341164e-02     
   2.847765       2.140761         -5.640254e-02     
   2.847765       2.210289         -5.915647e-02     
   2.847765       2.277902         -6.163117e-02     
   2.847765       2.343418         -6.379246e-02     
   2.847765       2.406661         -6.561605e-02     
   2.847765       2.467459         -6.708887e-02     
   2.847765       2.525649         -6.820974e-02     
   2.847765       2.581075         -6.898945e-02     
   2.847765       2.633586         -6.944992e-02     
   2.847765       2.683041         -6.962277e-02     
   2.847765       2.729306         -6.954720e-02     
   2.847765       2.772258         -6.926757e-02     
   2.847765       2.811780         -6.883083e-02     
   2.847765       2.847765         -6.828415e-02     
   2.847765       2.880118         -6.767287e-02     
   2.847765       2.908749         -6.703899e-02     
   2.847765       2.933583         -6.642010e-02     
   2.847765       2.954553         -6.584872e-02     
   2.847765       2.971601         -6.535201e-02     
   2.847765       2.984682         -6.495173e-02     
   2.847765       2.993761         -6.466431e-02     
   2.847765       2.998815         -6.450094e-02     
   2.847765       3.004739         -6.430642e-02     
   2.847765       3.024957         -6.361833e-02     
   2.847765       3.061273         -6.229146e-02     
   2.847765       3.113597         -6.018829e-02     
   2.847765       3.181789         -5.714683e-02     
   2.847765       3.265666         -5.302369e-02     
   2.847765       3.365002         -4.775024e-02     
   2.847765       3.479529         -4.139262e-02     
   2.847765       3.608938         -3.420041e-02     
   2.847765       3.752880         -2.662137e-02     
   2.847765       3.910968         -1.925626e-02     
   2.847765       4.082775         -1.273973e-02     
   2.847765       4.267838         -7.569783e-03     
   2.847765       4.465657         -3.956396e-03     
   2.847765       4.675701         -1.775701e-03     
   2.847765       4.897402         -6.649453e-04     
   2.847765       5.130163         -2.001276e-04     
   2.847765       5.373356         -4.577144e-05     
   2.847765       5.626327         -7.136123e-06     
   2.847765       5.888392         -5.157064e-07     
   2.847765       6.158845         6.002993e-08      
   2.847765       6.436958         2.248688e-08      
   2.847765       6.721980         2.997558e-09      
   2.847765       7.013143         1.426364e-10      
   2.847765       7.309662         -2.451107e-11     
   2.847765       7.610739         -6.021116e-12     
   2.847765       7.915560         -5.320733e-13     
   2.847765       8.223305         3.222164e-15      
   2.847765       8.533144         5.758785e-15      
   2.847765       8.844241         5.197078e-16      
   2.847765       9.155759         -1.427923e-18     
   2.847765       9.466856         -3.568362e-18     
   2.847765       9.776695         -2.115618e-19     
   2.847765       10.084440        7.104866e-21      
   2.847765       10.389261        1.329124e-21      
   2.847765       10.690338        2.726653e-23      
   2.847765       10.986857        -4.186961e-24     
   2.847765       11.278020        -2.606741e-25     
   2.847765       11.563042        5.729796e-27      
   2.847765       11.841155        1.152792e-27      
   2.847765       12.111608        2.077911e-29      
   2.847765       12.373673        -1.783658e-29     
   2.847765       12.626644        -5.575689e-29     
   2.847765       12.869837        8.812891e-28      
   2.847765       13.102598        2.578140e-26      
   2.847765       13.324299        4.036750e-25      
   2.847765       13.534343        4.826835e-24      
   2.847765       13.732162        4.749597e-23      
   2.847765       13.917225        4.007135e-22      
   2.847765       14.089032        2.967624e-21      
   2.847765       14.247120        1.856506e-20      
   2.847765       14.391062        9.270122e-20      
   2.847765       14.520471        3.808392e-19      
   2.847765       14.634998        1.592234e-18      
   2.847765       14.734334        8.154606e-18      
   2.847765       14.818211        4.070979e-17      
   2.847765       14.886403        1.548852e-16      
   2.847765       14.938727        4.212490e-16      
   2.847765       14.975043        8.258420e-16      
   2.847765       14.995261        1.190839e-15      
   2.880118       0.001185         -1.466631e-08     
   2.880118       0.006239         -4.067061e-07     
   2.880118       0.015318         -2.451559e-06     
   2.880118       0.028399         -8.426847e-06     
   2.880118       0.045447         -2.158349e-05     
   2.880118       0.066417         -4.610585e-05     
   2.880118       0.091251         -8.706351e-05     
   2.880118       0.119882         -1.503575e-04     
   2.880118       0.152235         -2.426638e-04     
   2.880118       0.188220         -3.713770e-04     
   2.880118       0.227742         -5.445569e-04     
   2.880118       0.270694         -7.708785e-04     
   2.880118       0.316959         -1.059588e-03     
   2.880118       0.366414         -1.420463e-03     
   2.880118       0.418925         -1.863771e-03     
   2.880118       0.474351         -2.400231e-03     
   2.880118       0.532541         -3.040960e-03     
   2.880118       0.593339         -3.797407e-03     
   2.880118       0.656582         -4.681248e-03     
   2.880118       0.722098         -5.704254e-03     
   2.880118       0.789711         -6.878090e-03     
   2.880118       0.859239         -8.214057e-03     
   2.880118       0.930495         -9.722746e-03     
   2.880118       1.003286         -1.141360e-02     
   2.880118       1.077416         -1.329439e-02     
   2.880118       1.152685         -1.537058e-02     
   2.880118       1.228890         -1.764464e-02     
   2.880118       1.305826         -2.011525e-02     
   2.880118       1.383286         -2.277658e-02     
   2.880118       1.461060         -2.561751e-02     
   2.880118       1.538940         -2.862100e-02     
   2.880118       1.616714         -3.176370e-02     
   2.880118       1.694174         -3.501576e-02     
   2.880118       1.771110         -3.834097e-02     
   2.880118       1.847315         -4.169742e-02     
   2.880118       1.922584         -4.503848e-02     
   2.880118       1.996714         -4.831429e-02     
   2.880118       2.069505         -5.147355e-02     
   2.880118       2.140761         -5.446564e-02     
   2.880118       2.210289         -5.724290e-02     
   2.880118       2.277902         -5.976290e-02     
   2.880118       2.343418         -6.199050e-02     
   2.880118       2.406661         -6.389969e-02     
   2.880118       2.467459         -6.547493e-02     
   2.880118       2.525649         -6.671197e-02     
   2.880118       2.581075         -6.761796e-02     
   2.880118       2.633586         -6.821091e-02     
   2.880118       2.683041         -6.851846e-02     
   2.880118       2.729306         -6.857606e-02     
   2.880118       2.772258         -6.842472e-02     
   2.880118       2.811780         -6.810864e-02     
   2.880118       2.847765         -6.767287e-02     
   2.880118       2.880118         -6.716133e-02     
   2.880118       2.908749         -6.661514e-02     
   2.880118       2.933583         -6.607147e-02     
   2.880118       2.954553         -6.556276e-02     
   2.880118       2.971601         -6.511631e-02     
   2.880118       2.984682         -6.475411e-02     
   2.880118       2.993761         -6.449285e-02     
   2.880118       2.998815         -6.434394e-02     
   2.880118       3.004739         -6.416627e-02     
   2.880118       3.024957         -6.353488e-02     
   2.880118       3.061273         -6.230634e-02     
   2.880118       3.113597         -6.033586e-02     
   2.880118       3.181789         -5.744922e-02     
   2.880118       3.265666         -5.348558e-02     
   2.880118       3.365002         -4.835478e-02     
   2.880118       3.479529         -4.210028e-02     
   2.880118       3.608938         -3.495220e-02     
   2.880118       3.752880         -2.734752e-02     
   2.880118       3.910968         -1.989035e-02     
   2.880118       4.082775         -1.323497e-02     
   2.880118       4.267838         -7.910850e-03     
   2.880118       4.465657         -4.160105e-03     
   2.880118       4.675701         -1.879307e-03     
   2.880118       4.897402         -7.089292e-04     
   2.880118       5.130163         -2.153514e-04     
   2.880118       5.373356         -4.992705e-05     
   2.880118       5.626327         -7.981283e-06     
   2.880118       5.888392         -6.292515e-07     
   2.880118       6.158845         5.381650e-08      
   2.880118       6.436958         2.350878e-08      
   2.880118       6.721980         3.301555e-09      
   2.880118       7.013143         1.808832e-10      
   2.880118       7.309662         -2.290737e-11     
   2.880118       7.610739         -6.370226e-12     
   2.880118       7.915560         -6.045107e-13     
   2.880118       8.223305         -1.526570e-15     
   2.880118       8.533144         6.004431e-15      
   2.880118       8.844241         5.846208e-16      
   2.880118       9.155759         1.797911e-18      
   2.880118       9.466856         -3.781080e-18     
   2.880118       9.776695         -2.428647e-19     
   2.880118       10.084440        6.580426e-21      
   2.880118       10.389261        1.449785e-21      
   2.880118       10.690338        3.451181e-23      
   2.880118       10.986857        -4.381894e-24     
   2.880118       11.278020        -2.948116e-25     
   2.880118       11.563042        5.220298e-27      
   2.880118       11.841155        1.257050e-27      
   2.880118       12.111608        2.663236e-29      
   2.880118       12.373673        -1.687197e-29     
   2.880118       12.626644        -5.153307e-29     
   2.880118       12.869837        8.088107e-28      
   2.880118       13.102598        2.370645e-26      
   2.880118       13.324299        3.714269e-25      
   2.880118       13.534343        4.443152e-24      
   2.880118       13.732162        4.373401e-23      
   2.880118       13.917225        3.690570e-22      
   2.880118       14.089032        2.733631e-21      
   2.880118       14.247120        1.710341e-20      
   2.880118       14.391062        8.541210e-20      
   2.880118       14.520471        3.509311e-19      
   2.880118       14.634998        1.467353e-18      
   2.880118       14.734334        7.515648e-18      
   2.880118       14.818211        3.752170e-17      
   2.880118       14.886403        1.427603e-16      
   2.880118       14.938727        3.882819e-16      
   2.880118       14.975043        7.612250e-16      
   2.880118       14.995261        1.097675e-15      
   2.908749       0.001185         -1.385541e-08     
   2.908749       0.006239         -3.842194e-07     
   2.908749       0.015318         -2.316015e-06     
   2.908749       0.028399         -7.960958e-06     
   2.908749       0.045447         -2.039034e-05     
   2.908749       0.066417         -4.355758e-05     
   2.908749       0.091251         -8.225306e-05     
   2.908749       0.119882         -1.420541e-04     
   2.908749       0.152235         -2.292725e-04     
   2.908749       0.188220         -3.509035e-04     
   2.908749       0.227742         -5.145769e-04     
   2.908749       0.270694         -7.285140e-04     
   2.908749       0.316959         -1.001489e-03     
   2.908749       0.366414         -1.342796e-03     
   2.908749       0.418925         -1.762217e-03     
   2.908749       0.474351         -2.269994e-03     
   2.908749       0.532541         -2.876780e-03     
   2.908749       0.593339         -3.593591e-03     
   2.908749       0.656582         -4.431718e-03     
   2.908749       0.722098         -5.402604e-03     
   2.908749       0.789711         -6.517675e-03     
   2.908749       0.859239         -7.788099e-03     
   2.908749       0.930495         -9.224468e-03     
   2.908749       1.003286         -1.083640e-02     
   2.908749       1.077416         -1.263202e-02     
   2.908749       1.152685         -1.461739e-02     
   2.908749       1.228890         -1.679584e-02     
   2.908749       1.305826         -1.916719e-02     
   2.908749       1.383286         -2.172703e-02     
   2.908749       1.461060         -2.446596e-02     
   2.908749       1.538940         -2.736896e-02     
   2.908749       1.616714         -3.041489e-02     
   2.908749       1.694174         -3.357629e-02     
   2.908749       1.771110         -3.681947e-02     
   2.908749       1.847315         -4.010496e-02     
   2.908749       1.922584         -4.338848e-02     
   2.908749       1.996714         -4.662220e-02     
   2.908749       2.069505         -4.975652e-02     
   2.908749       2.140761         -5.274202e-02     
   2.908749       2.210289         -5.553169e-02     
   2.908749       2.277902         -5.808307e-02     
   2.908749       2.343418         -6.036039e-02     
   2.908749       2.406661         -6.233633e-02     
   2.908749       2.467459         -6.399343e-02     
   2.908749       2.525649         -6.532493e-02     
   2.908749       2.581075         -6.633503e-02     
   2.908749       2.633586         -6.703850e-02     
   2.908749       2.683041         -6.745963e-02     
   2.908749       2.729306         -6.763061e-02     
   2.908749       2.772258         -6.758948e-02     
   2.908749       2.811780         -6.737792e-02     
   2.908749       2.847765         -6.703899e-02     
   2.908749       2.880118         -6.661514e-02     
   2.908749       2.908749         -6.614653e-02     
   2.908749       2.933583         -6.566977e-02     
   2.908749       2.954553         -6.521706e-02     
   2.908749       2.971601         -6.481569e-02     
   2.908749       2.984682         -6.448775e-02     
   2.908749       2.993761         -6.425008e-02     
   2.908749       2.998815         -6.411423e-02     
   2.908749       3.004739         -6.395180e-02     
   2.908749       3.024957         -6.337179e-02     
   2.908749       3.061273         -6.223289e-02     
   2.908749       3.113597         -6.038443e-02     
   2.908749       3.181789         -5.764190e-02     
   2.908749       3.265666         -5.382923e-02     
   2.908749       3.365002         -4.883692e-02     
   2.908749       3.479529         -4.268749e-02     
   2.908749       3.608938         -3.559253e-02     
   2.908749       3.752880         -2.797792e-02     
   2.908749       3.910968         -2.044913e-02     
   2.908749       4.082775         -1.367677e-02     
   2.908749       4.267838         -8.218264e-03     
   2.908749       4.465657         -4.345315e-03     
   2.908749       4.675701         -1.974206e-03     
   2.908749       4.897402         -7.494960e-04     
   2.908749       5.130163         -2.295025e-04     
   2.908749       5.373356         -5.383373e-05     
   2.908749       5.626327         -8.791019e-06     
   2.908749       5.888392         -7.421408e-07     
   2.908749       6.158845         4.669325e-08      
   2.908749       6.436958         2.432447e-08      
   2.908749       6.721980         3.584134e-09      
   2.908749       7.013143         2.189483e-10      
   2.908749       7.309662         -2.098148e-11     
   2.908749       7.610739         -6.668158e-12     
   2.908749       7.915560         -6.742437e-13     
   2.908749       8.223305         -6.520979e-15     
   2.908749       8.533144         6.199133e-15      
   2.908749       8.844241         6.470063e-16      
   2.908749       9.155759         5.193282e-18      
   2.908749       9.466856         -3.966414e-18     
   2.908749       9.776695         -2.734802e-19     
   2.908749       10.084440        5.956690e-21      
   2.908749       10.389261        1.562711e-21      
   2.908749       10.690338        4.183457e-23      
   2.908749       10.986857        -4.544115e-24     
   2.908749       11.278020        -3.280060e-25     
   2.908749       11.563042        4.629089e-27      
   2.908749       11.841155        1.354991e-27      
   2.908749       12.111608        3.251567e-29      
   2.908749       12.373673        -1.607736e-29     
   2.908749       12.626644        -4.803201e-29     
   2.908749       12.869837        7.490868e-28      
   2.908749       13.102598        2.199305e-26      
   2.908749       13.324299        3.447789e-25      
   2.908749       13.534343        4.125950e-24      
   2.908749       13.732162        4.062285e-23      
   2.908749       13.917225        3.428701e-22      
   2.908749       14.089032        2.540030e-21      
   2.908749       14.247120        1.589390e-20      
   2.908749       14.391062        7.937964e-20      
   2.908749       14.520471        3.261763e-19      
   2.908749       14.634998        1.363977e-18      
   2.908749       14.734334        6.986676e-18      
   2.908749       14.818211        3.488227e-17      
   2.908749       14.886403        1.327217e-16      
   2.908749       14.938727        3.609866e-16      
   2.908749       14.975043        7.077239e-16      
   2.908749       14.995261        1.020537e-15      
   2.933583       0.001185         -1.317776e-08     
   2.933583       0.006239         -3.654278e-07     
   2.933583       0.015318         -2.202744e-06     
   2.933583       0.028399         -7.571625e-06     
   2.933583       0.045447         -1.939325e-05     
   2.933583       0.066417         -4.142801e-05     
   2.933583       0.091251         -7.823290e-05     
   2.933583       0.119882         -1.351145e-04     
   2.933583       0.152235         -2.180801e-04     
   2.933583       0.188220         -3.337905e-04     
   2.933583       0.227742         -4.895153e-04     
   2.933583       0.270694         -6.930947e-04     
   2.933583       0.316959         -9.529060e-04     
   2.933583       0.366414         -1.277836e-03     
   2.933583       0.418925         -1.677258e-03     
   2.933583       0.474351         -2.161002e-03     
   2.933583       0.532541         -2.739330e-03     
   2.933583       0.593339         -3.422882e-03     
   2.933583       0.656582         -4.222610e-03     
   2.933583       0.722098         -5.149668e-03     
   2.933583       0.789711         -6.215256e-03     
   2.933583       0.859239         -7.430403e-03     
   2.933583       0.930495         -8.805672e-03     
   2.933583       1.003286         -1.035078e-02     
   2.933583       1.077416         -1.207413e-02     
   2.933583       1.152685         -1.398224e-02     
   2.933583       1.228890         -1.607909e-02     
   2.933583       1.305826         -1.836543e-02     
   2.933583       1.383286         -2.083799e-02     
   2.933583       1.461060         -2.348878e-02     
   2.933583       1.538940         -2.630442e-02     
   2.933583       1.616714         -2.926565e-02     
   2.933583       1.694174         -3.234701e-02     
   2.933583       1.771110         -3.551691e-02     
   2.933583       1.847315         -3.873801e-02     
   2.933583       1.922584         -4.196802e-02     
   2.933583       1.996714         -4.516094e-02     
   2.933583       2.069505         -4.826866e-02     
   2.933583       2.140761         -5.124290e-02     
   2.933583       2.210289         -5.403728e-02     
   2.933583       2.277902         -5.660946e-02     
   2.933583       2.343418         -5.892325e-02     
   2.933583       2.406661         -6.095036e-02     
   2.933583       2.467459         -6.267181e-02     
   2.933583       2.525649         -6.407886e-02     
   2.933583       2.581075         -6.517333e-02     
   2.933583       2.633586         -6.596735e-02     
   2.933583       2.683041         -6.648241e-02     
   2.933583       2.729306         -6.674797e-02     
   2.933583       2.772258         -6.679950e-02     
   2.933583       2.811780         -6.667647e-02     
   2.933583       2.847765         -6.642010e-02     
   2.933583       2.880118         -6.607147e-02     
   2.933583       2.908749         -6.566977e-02     
   2.933583       2.933583         -6.525099e-02     
   2.933583       2.954553         -6.484702e-02     
   2.933583       2.971601         -6.448501e-02     
   2.933583       2.984682         -6.418706e-02     
   2.933583       2.993761         -6.397008e-02     
   2.933583       2.998815         -6.384570e-02     
   2.933583       3.004739         -6.369667e-02     
   2.933583       3.024957         -6.316194e-02     
   2.933583       3.061273         -6.210240e-02     
   2.933583       3.113597         -6.036281e-02     
   2.933583       3.181789         -5.775023e-02     
   2.933583       3.265666         -5.407564e-02     
   2.933583       3.365002         -4.921256e-02     
   2.933583       3.479529         -4.316477e-02     
   2.933583       3.608938         -3.612681e-02     
   2.933583       3.752880         -2.851365e-02     
   2.933583       3.910968         -2.093068e-02     
   2.933583       4.082775         -1.406184e-02     
   2.933583       4.267838         -8.488710e-03     
   2.933583       4.465657         -4.509518e-03     
   2.933583       4.675701         -2.058890e-03     
   2.933583       4.897402         -7.859075e-04     
   2.933583       5.130163         -2.422870e-04     
   2.933583       5.373356         -5.739689e-05     
   2.933583       5.626327         -9.541702e-06     
   2.933583       5.888392         -8.501535e-07     
   2.933583       6.158845         3.911321e-08      
   2.933583       6.436958         2.494176e-08      
   2.933583       6.721980         3.838432e-09      
   2.933583       7.013143         2.554002e-10      
   2.933583       7.309662         -1.886795e-11     
   2.933583       7.610739         -6.913238e-12     
   2.933583       7.915560         -7.391539e-13     
   2.933583       8.223305         -1.152809e-14     
   2.933583       8.533144         6.345194e-15      
   2.933583       8.844241         7.050247e-16      
   2.933583       9.155759         8.600706e-18      
   2.933583       9.466856         -4.122700e-18     
   2.933583       9.776695         -3.024121e-19     
   2.933583       10.084440        5.275410e-21      
   2.933583       10.389261        1.665235e-21      
   2.933583       10.690338        4.895196e-23      
   2.933583       10.986857        -4.673951e-24     
   2.933583       11.278020        -3.592257e-25     
   2.933583       11.563042        3.993449e-27      
   2.933583       11.841155        1.444259e-27      
   2.933583       12.111608        3.821145e-29      
   2.933583       12.373673        -1.542824e-29     
   2.933583       12.626644        -4.516696e-29     
   2.933583       12.869837        7.004533e-28      
   2.933583       13.102598        2.059524e-26      
   2.933583       13.324299        3.230259e-25      
   2.933583       13.534343        3.866910e-24      
   2.933583       13.732162        3.808140e-23      
   2.933583       13.917225        3.214738e-22      
   2.933583       14.089032        2.381820e-21      
   2.933583       14.247120        1.490536e-20      
   2.933583       14.391062        7.444877e-20      
   2.933583       14.520471        3.059400e-19      
   2.933583       14.634998        1.279462e-18      
   2.933583       14.734334        6.554178e-18      
   2.933583       14.818211        3.272412e-17      
   2.933583       14.886403        1.245133e-16      
   2.933583       14.938727        3.386672e-16      
   2.933583       14.975043        6.639753e-16      
   2.933583       14.995261        9.574590e-16      
   2.954553       0.001185         -1.262392e-08     
   2.954553       0.006239         -3.500696e-07     
   2.954553       0.015318         -2.110169e-06     
   2.954553       0.028399         -7.253424e-06     
   2.954553       0.045447         -1.857832e-05     
   2.954553       0.066417         -3.968748e-05     
   2.954553       0.091251         -7.494709e-05     
   2.954553       0.119882         -1.294424e-04     
   2.954553       0.152235         -2.089315e-04     
   2.954553       0.188220         -3.198014e-04     
   2.954553       0.227742         -4.690269e-04     
   2.954553       0.270694         -6.641354e-04     
   2.954553       0.316959         -9.131781e-04     
   2.954553       0.366414         -1.224707e-03     
   2.954553       0.418925         -1.607755e-03     
   2.954553       0.474351         -2.071816e-03     
   2.954553       0.532541         -2.626820e-03     
   2.954553       0.593339         -3.283095e-03     
   2.954553       0.656582         -4.051305e-03     
   2.954553       0.722098         -4.942352e-03     
   2.954553       0.789711         -5.967238e-03     
   2.954553       0.859239         -7.136858e-03     
   2.954553       0.930495         -8.461728e-03     
   2.954553       1.003286         -9.951627e-03     
   2.954553       1.077416         -1.161514e-02     
   2.954553       1.152685         -1.345914e-02     
   2.954553       1.228890         -1.548812e-02     
   2.954553       1.305826         -1.770353e-02     
   2.954553       1.383286         -2.010302e-02     
   2.954553       1.461060         -2.267973e-02     
   2.954553       1.538940         -2.542161e-02     
   2.954553       1.616714         -2.831091e-02     
   2.954553       1.694174         -3.132381e-02     
   2.954553       1.771110         -3.443047e-02     
   2.954553       1.847315         -3.759530e-02     
   2.954553       1.922584         -4.077771e-02     
   2.954553       1.996714         -4.393324e-02     
   2.954553       2.069505         -4.701509e-02     
   2.954553       2.140761         -4.997597e-02     
   2.954553       2.210289         -5.277009e-02     
   2.954553       2.277902         -5.535533e-02     
   2.954553       2.343418         -5.769521e-02     
   2.954553       2.406661         -5.976073e-02     
   2.954553       2.467459         -6.153175e-02     
   2.954553       2.525649         -6.299798e-02     
   2.954553       2.581075         -6.415936e-02     
   2.954553       2.633586         -6.502589e-02     
   2.954553       2.683041         -6.561680e-02     
   2.954553       2.729306         -6.595929e-02     
   2.954553       2.772258         -6.608672e-02     
   2.954553       2.811780         -6.603664e-02     
   2.954553       2.847765         -6.584872e-02     
   2.954553       2.880118         -6.556276e-02     
   2.954553       2.908749         -6.521706e-02     
   2.954553       2.933583         -6.484702e-02     
   2.954553       2.954553         -6.448415e-02     
   2.954553       2.971601         -6.415544e-02     
   2.954553       2.984682         -6.388292e-02     
   2.954553       2.993761         -6.368351e-02     
   2.954553       2.998815         -6.356888e-02     
   2.954553       3.004739         -6.343124e-02     
   2.954553       3.024957         -6.293511e-02     
   2.954553       3.061273         -6.194352e-02     
   2.954553       3.113597         -6.029775e-02     
   2.954553       3.181789         -5.779817e-02     
   2.954553       3.265666         -5.424506e-02     
   2.954553       3.365002         -4.949754e-02     
   2.954553       3.479529         -4.354315e-02     
   2.954553       3.608938         -3.656130e-02     
   2.954553       3.752880         -2.895687e-02     
   2.954553       3.910968         -2.133421e-02     
   2.954553       4.082775         -1.438779e-02     
   2.954553       4.267838         -8.719527e-03     
   2.954553       4.465657         -4.650607e-03     
   2.954553       4.675701         -2.132055e-03     
   2.954553       4.897402         -8.175184e-04     
   2.954553       5.130163         -2.534446e-04     
   2.954553       5.373356         -6.053111e-05     
   2.954553       5.626327         -1.021116e-05     
   2.954553       5.888392         -9.490655e-07     
   2.954553       6.158845         3.158685e-08      
   2.954553       6.436958         2.538129e-08      
   2.954553       6.721980         4.058872e-09      
   2.954553       7.013143         2.888058e-10      
   2.954553       7.309662         -1.672279e-11     
   2.954553       7.610739         -7.106875e-12     
   2.954553       7.915560         -7.972377e-13     
   2.954553       8.223305         -1.629416e-14     
   2.954553       8.533144         6.447982e-15      
   2.954553       8.844241         7.569244e-16      
   2.954553       9.155759         1.184762e-17      
   2.954553       9.466856         -4.249768e-18     
   2.954553       9.776695         -3.286655e-19     
   2.954553       10.084440        4.585453e-21      
   2.954553       10.389261        1.755008e-21      
   2.954553       10.690338        5.556549e-23      
   2.954553       10.986857        -4.773505e-24     
   2.954553       11.278020        -3.874463e-25     
   2.954553       11.563042        3.356574e-27      
   2.954553       11.841155        1.522731e-27      
   2.954553       12.111608        4.348912e-29      
   2.954553       12.373673        -1.490596e-29     
   2.954553       12.626644        -4.286675e-29     
   2.954553       12.869837        6.615655e-28      
   2.954553       13.102598        1.947579e-26      
   2.954553       13.324299        3.055955e-25      
   2.954553       13.534343        3.659273e-24      
   2.954553       13.732162        3.604374e-23      
   2.954553       13.917225        3.043156e-22      
   2.954553       14.089032        2.254930e-21      
   2.954553       14.247120        1.411244e-20      
   2.954553       14.391062        7.049326e-20      
   2.954553       14.520471        2.897051e-19      
   2.954553       14.634998        1.211652e-18      
   2.954553       14.734334        6.207145e-18      
   2.954553       14.818211        3.099238e-17      
   2.954553       14.886403        1.179265e-16      
   2.954553       14.938727        3.207568e-16      
   2.954553       14.975043        6.288685e-16      
   2.954553       14.995261        9.068408e-16      
   2.971601       0.001185         -1.218590e-08     
   2.971601       0.006239         -3.379229e-07     
   2.971601       0.015318         -2.036951e-06     
   2.971601       0.028399         -7.001760e-06     
   2.971601       0.045447         -1.793380e-05     
   2.971601       0.066417         -3.831088e-05     
   2.971601       0.091251         -7.234828e-05     
   2.971601       0.119882         -1.249560e-04     
   2.971601       0.152235         -2.016952e-04     
   2.971601       0.188220         -3.087359e-04     
   2.971601       0.227742         -4.528191e-04     
   2.971601       0.270694         -6.412242e-04     
   2.971601       0.316959         -8.817437e-04     
   2.971601       0.366414         -1.182662e-03     
   2.971601       0.418925         -1.552743e-03     
   2.971601       0.474351         -2.001208e-03     
   2.971601       0.532541         -2.537724e-03     
   2.971601       0.593339         -3.172365e-03     
   2.971601       0.656582         -3.915559e-03     
   2.971601       0.722098         -4.778002e-03     
   2.971601       0.789711         -5.770527e-03     
   2.971601       0.859239         -6.903911e-03     
   2.971601       0.930495         -8.188620e-03     
   2.971601       1.003286         -9.634462e-03     
   2.971601       1.077416         -1.125016e-02     
   2.971601       1.152685         -1.304282e-02     
   2.971601       1.228890         -1.501734e-02     
   2.971601       1.305826         -1.717570e-02     
   2.971601       1.383286         -1.951626e-02     
   2.971601       1.461060         -2.203304e-02     
   2.971601       1.538940         -2.471502e-02     
   2.971601       1.616714         -2.754563e-02     
   2.971601       1.694174         -3.050238e-02     
   2.971601       1.771110         -3.355679e-02     
   2.971601       1.847315         -3.667470e-02     
   2.971601       1.922584         -3.981688e-02     
   2.971601       1.996714         -4.294013e-02     
   2.971601       2.069505         -4.599874e-02     
   2.971601       2.140761         -4.894624e-02     
   2.971601       2.210289         -5.173739e-02     
   2.971601       2.277902         -5.433028e-02     
   2.971601       2.343418         -5.668827e-02     
   2.971601       2.406661         -5.878183e-02     
   2.971601       2.467459         -6.058997e-02     
   2.971601       2.525649         -6.210122e-02     
   2.971601       2.581075         -6.331405e-02     
   2.971601       2.633586         -6.423681e-02     
   2.971601       2.683041         -6.488698e-02     
   2.971601       2.729306         -6.528995e-02     
   2.971601       2.772258         -6.547739e-02     
   2.971601       2.811780         -6.548529e-02     
   2.971601       2.847765         -6.535201e-02     
   2.971601       2.880118         -6.511631e-02     
   2.971601       2.908749         -6.481569e-02     
   2.971601       2.933583         -6.448501e-02     
   2.971601       2.954553         -6.415544e-02     
   2.971601       2.971601         -6.385376e-02     
   2.971601       2.984682         -6.360193e-02     
   2.971601       2.993761         -6.341683e-02     
   2.971601       2.998815         -6.331015e-02     
   2.971601       3.004739         -6.318181e-02     
   2.971601       3.024957         -6.271723e-02     
   2.971601       3.061273         -6.178136e-02     
   2.971601       3.113597         -6.021296e-02     
   2.971601       3.181789         -5.780727e-02     
   2.971601       3.265666         -5.435605e-02     
   2.971601       3.365002         -4.970673e-02     
   2.971601       3.479529         -4.383334e-02     
   2.971601       3.608938         -3.690255e-02     
   2.971601       3.752880         -2.931038e-02     
   2.971601       3.910968         -2.165968e-02     
   2.971601       4.082775         -1.465300e-02     
   2.971601       4.267838         -8.908654e-03     
   2.971601       4.465657         -4.766870e-03     
   2.971601       4.675701         -2.192621e-03     
   2.971601       4.897402         -8.437871e-04     
   2.971601       5.130163         -2.627550e-04     
   2.971601       5.373356         -6.316289e-05     
   2.971601       5.626327         -1.077966e-05     
   2.971601       5.888392         -1.034902e-06     
   2.971601       6.158845         2.464073e-08      
   2.971601       6.436958         2.567294e-08      
   2.971601       6.721980         4.241269e-09      
   2.971601       7.013143         3.178143e-10      
   2.971601       7.309662         -1.471076e-11     
   2.971601       7.610739         -7.252934e-12     
   2.971601       7.915560         -8.466992e-13     
   2.971601       8.223305         -2.056252e-14     
   2.971601       8.533144         6.515084e-15      
   2.971601       8.844241         8.011228e-16      
   2.971601       9.155759         1.475853e-17      
   2.971601       9.466856         -4.348678e-18     
   2.971601       9.776695         -3.513009e-19     
   2.971601       10.084440        3.938859e-21      
   2.971601       10.389261        1.830069e-21      
   2.971601       10.690338        6.137989e-23      
   2.971601       10.986857        -4.846214e-24     
   2.971601       11.278020        -4.117039e-25     
   2.971601       11.563042        2.764167e-27      
   2.971601       11.841155        1.588585e-27      
   2.971601       12.111608        4.811986e-29      
   2.971601       12.373673        -1.449687e-29     
   2.971601       12.626644        -4.107410e-29     
   2.971601       12.869837        6.313563e-28      
   2.971601       13.102598        1.860504e-26      
   2.971601       13.324299        2.920316e-25      
   2.971601       13.534343        3.497647e-24      
   2.971601       13.732162        3.445729e-23      
   2.971601       13.917225        2.909548e-22      
   2.971601       14.089032        2.156110e-21      
   2.971601       14.247120        1.349487e-20      
   2.971601       14.391062        6.741228e-20      
   2.971601       14.520471        2.770587e-19      
   2.971601       14.634998        1.158827e-18      
   2.971601       14.734334        5.936784e-18      
   2.971601       14.818211        2.964319e-17      
   2.971601       14.886403        1.127948e-16      
   2.971601       14.938727        3.068026e-16      
   2.971601       14.975043        6.015158e-16      
   2.971601       14.995261        8.674024e-16      
   2.984682       0.001185         -1.185717e-08     
   2.984682       0.006239         -3.288072e-07     
   2.984682       0.015318         -1.982004e-06     
   2.984682       0.028399         -6.812894e-06     
   2.984682       0.045447         -1.745010e-05     
   2.984682       0.066417         -3.727777e-05     
   2.984682       0.091251         -7.039790e-05     
   2.984682       0.119882         -1.215890e-04     
   2.984682       0.152235         -1.962642e-04     
   2.984682       0.188220         -3.004306e-04     
   2.984682       0.227742         -4.406534e-04     
   2.984682       0.270694         -6.240259e-04     
   2.984682       0.316959         -8.581450e-04     
   2.984682       0.366414         -1.151095e-03     
   2.984682       0.418925         -1.511433e-03     
   2.984682       0.474351         -1.948178e-03     
   2.984682       0.532541         -2.470795e-03     
   2.984682       0.593339         -3.089163e-03     
   2.984682       0.656582         -3.813531e-03     
   2.984682       0.722098         -4.654435e-03     
   2.984682       0.789711         -5.622574e-03     
   2.984682       0.859239         -6.728630e-03     
   2.984682       0.930495         -7.983020e-03     
   2.984682       1.003286         -9.395567e-03     
   2.984682       1.077416         -1.097508e-02     
   2.984682       1.152685         -1.272884e-02     
   2.984682       1.228890         -1.466203e-02     
   2.984682       1.305826         -1.677701e-02     
   2.984682       1.383286         -1.907267e-02     
   2.984682       1.461060         -2.154367e-02     
   2.984682       1.538940         -2.417976e-02     
   2.984682       1.616714         -2.696526e-02     
   2.984682       1.694174         -2.987865e-02     
   2.984682       1.771110         -3.289252e-02     
   2.984682       1.847315         -3.597376e-02     
   2.984682       1.922584         -3.908418e-02     
   2.984682       1.996714         -4.218157e-02     
   2.984682       2.069505         -4.522105e-02     
   2.984682       2.140761         -4.815681e-02     
   2.984682       2.210289         -5.094405e-02     
   2.984682       2.277902         -5.354104e-02     
   2.984682       2.343418         -5.591106e-02     
   2.984682       2.406661         -5.802424e-02     
   2.984682       2.467459         -5.985895e-02     
   2.984682       2.525649         -6.140285e-02     
   2.984682       2.581075         -6.265337e-02     
   2.984682       2.633586         -6.361762e-02     
   2.984682       2.683041         -6.431176e-02     
   2.984682       2.729306         -6.475985e-02     
   2.984682       2.772258         -6.499223e-02     
   2.984682       2.811780         -6.504375e-02     
   2.984682       2.847765         -6.495173e-02     
   2.984682       2.880118         -6.475411e-02     
   2.984682       2.908749         -6.448775e-02     
   2.984682       2.933583         -6.418706e-02     
   2.984682       2.954553         -6.388292e-02     
   2.984682       2.971601         -6.360193e-02     
   2.984682       2.984682         -6.336595e-02     
   2.984682       2.993761         -6.319183e-02     
   2.984682       2.998815         -6.309125e-02     
   2.984682       3.004739         -6.297006e-02     
   2.984682       3.024957         -6.252974e-02     
   2.984682       3.061273         -6.163685e-02     
   2.984682       3.113597         -6.012838e-02     
   2.984682       3.181789         -5.779584e-02     
   2.984682       3.265666         -5.442462e-02     
   2.984682       3.365002         -4.985316e-02     
   2.984682       3.479529         -4.404500e-02     
   2.984682       3.608938         -3.715671e-02     
   2.984682       3.752880         -2.957715e-02     
   2.984682       3.910968         -2.190759e-02     
   2.984682       4.082775         -1.485645e-02     
   2.984682       4.267838         -9.054571e-03     
   2.984682       4.465657         -4.856978e-03     
   2.984682       4.675701         -2.239730e-03     
   2.984682       4.897402         -8.642798e-04     
   2.984682       5.130163         -2.700409e-04     
   2.984682       5.373356         -6.523228e-05     
   2.984682       5.626327         -1.123064e-05     
   2.984682       5.888392         -1.104162e-06     
   2.984682       6.158845         1.877330e-08      
   2.984682       6.436958         2.585105e-08      
   2.984682       6.721980         4.382752e-09      
   2.984682       7.013143         3.412338e-10      
   2.984682       7.309662         -1.299091e-11     
   2.984682       7.610739         -7.356771e-12     
   2.984682       7.915560         -8.860208e-13     
   2.984682       8.223305         -2.409280e-14     
   2.984682       8.533144         6.555138e-15      
   2.984682       8.844241         8.362703e-16      
   2.984682       9.155759         1.716834e-17      
   2.984682       9.466856         -4.421294e-18     
   2.984682       9.776695         -3.694842e-19     
   2.984682       10.084440        3.386237e-21      
   2.984682       10.389261        1.888870e-21      
   2.984682       10.690338        6.612307e-23      
   2.984682       10.986857        -4.896219e-24     
   2.984682       11.278020        -4.311456e-25     
   2.984682       11.563042        2.260483e-27      
   2.984682       11.841155        1.640340e-27      
   2.984682       12.111608        5.189227e-29      
   2.984682       12.373673        -1.419144e-29     
   2.984682       12.626644        -3.974433e-29     
   2.984682       12.869837        6.090023e-28      
   2.984682       13.102598        1.796005e-26      
   2.984682       13.324299        2.819809e-25      
   2.984682       13.534343        3.377857e-24      
   2.984682       13.732162        3.328128e-23      
   2.984682       13.917225        2.810494e-22      
   2.984682       14.089032        2.082841e-21      
   2.984682       14.247120        1.303694e-20      
   2.984682       14.391062        6.512760e-20      
   2.984682       14.520471        2.676804e-19      
   2.984682       14.634998        1.119650e-18      
   2.984682       14.734334        5.736269e-18      
   2.984682       14.818211        2.864253e-17      
   2.984682       14.886403        1.089886e-16      
   2.984682       14.938727        2.964527e-16      
   2.984682       14.975043        5.812282e-16      
   2.984682       14.995261        8.381506e-16      
   2.993761       0.001185         -1.163276e-08     
   2.993761       0.006239         -3.225840e-07     
   2.993761       0.015318         -1.944492e-06     
   2.993761       0.028399         -6.683956e-06     
   2.993761       0.045447         -1.711987e-05     
   2.993761       0.066417         -3.657246e-05     
   2.993761       0.091251         -6.906636e-05     
   2.993761       0.119882         -1.192903e-04     
   2.993761       0.152235         -1.925562e-04     
   2.993761       0.188220         -2.947601e-04     
   2.993761       0.227742         -4.323470e-04     
   2.993761       0.270694         -6.122825e-04     
   2.993761       0.316959         -8.420303e-04     
   2.993761       0.366414         -1.129537e-03     
   2.993761       0.418925         -1.483218e-03     
   2.993761       0.474351         -1.911954e-03     
   2.993761       0.532541         -2.425069e-03     
   2.993761       0.593339         -3.032310e-03     
   2.993761       0.656582         -3.743800e-03     
   2.993761       0.722098         -4.569963e-03     
   2.993761       0.789711         -5.521403e-03     
   2.993761       0.859239         -6.608735e-03     
   2.993761       0.930495         -7.842338e-03     
   2.993761       1.003286         -9.232038e-03     
   2.993761       1.077416         -1.078670e-02     
   2.993761       1.152685         -1.251372e-02     
   2.993761       1.228890         -1.441845e-02     
   2.993761       1.305826         -1.650354e-02     
   2.993761       1.383286         -1.876821e-02     
   2.993761       1.461060         -2.120755e-02     
   2.993761       1.538940         -2.381184e-02     
   2.993761       1.616714         -2.656600e-02     
   2.993761       1.694174         -2.944918e-02     
   2.993761       1.771110         -3.243470e-02     
   2.993761       1.847315         -3.549016e-02     
   2.993761       1.922584         -3.857812e-02     
   2.993761       1.996714         -4.165702e-02     
   2.993761       2.069505         -4.468258e-02     
   2.993761       2.140761         -4.760945e-02     
   2.993761       2.210289         -5.039316e-02     
   2.993761       2.277902         -5.299210e-02     
   2.993761       2.343418         -5.536955e-02     
   2.993761       2.406661         -5.749537e-02     
   2.993761       2.467459         -5.934755e-02     
   2.993761       2.525649         -6.091317e-02     
   2.993761       2.581075         -6.218893e-02     
   2.993761       2.633586         -6.318112e-02     
   2.993761       2.683041         -6.390501e-02     
   2.993761       2.729306         -6.438372e-02     
   2.993761       2.772258         -6.464673e-02     
   2.993761       2.811780         -6.472806e-02     
   2.993761       2.847765         -6.466431e-02     
   2.993761       2.880118         -6.449285e-02     
   2.993761       2.908749         -6.425008e-02     
   2.993761       2.933583         -6.397008e-02     
   2.993761       2.954553         -6.368351e-02     
   2.993761       2.971601         -6.341683e-02     
   2.993761       2.984682         -6.319183e-02     
   2.993761       2.993761         -6.302533e-02     
   2.993761       2.998815         -6.292899e-02     
   2.993761       3.004739         -6.281275e-02     
   2.993761       3.024957         -6.238928e-02     
   2.993761       3.061273         -6.152631e-02     
   2.993761       3.113597         -6.005969e-02     
   2.993761       3.181789         -5.777845e-02     
   2.993761       3.265666         -5.446363e-02     
   2.993761       3.365002         -4.994747e-02     
   2.993761       3.479529         -4.418613e-02     
   2.993761       3.608938         -3.732904e-02     
   2.993761       3.752880         -2.975988e-02     
   2.993761       3.910968         -2.207861e-02     
   2.993761       4.082775         -1.499757e-02     
   2.993761       4.267838         -9.156211e-03     
   2.993761       4.465657         -4.919956e-03     
   2.993761       4.675701         -2.272743e-03     
   2.993761       4.897402         -8.786707e-04     
   2.993761       5.130163         -2.751686e-04     
   2.993761       5.373356         -6.669366e-05     
   2.993761       5.626327         -1.155116e-05     
   2.993761       5.888392         -1.154004e-06     
   2.993761       6.158845         1.441253e-08      
   2.993761       6.436958         2.594894e-08      
   2.993761       6.721980         4.481549e-09      
   2.993761       7.013143         3.580946e-10      
   2.993761       7.309662         -1.170203e-11     
   2.993761       7.610739         -7.424073e-12     
   2.993761       7.915560         -9.140124e-13     
   2.993761       8.223305         -2.667975e-14     
   2.993761       8.533144         6.576500e-15      
   2.993761       8.844241         8.612993e-16      
   2.993761       9.155759         1.893552e-17      
   2.993761       9.466856         -4.469762e-18     
   2.993761       9.776695         -3.825322e-19     
   2.993761       10.084440        2.972023e-21      
   2.993761       10.389261        1.930270e-21      
   2.993761       10.690338        6.956535e-23      
   2.993761       10.986857        -4.927640e-24     
   2.993761       11.278020        -4.450739e-25     
   2.993761       11.563042        1.884263e-27      
   2.993761       11.841155        1.676874e-27      
   2.993761       12.111608        5.462756e-29      
   2.993761       12.373673        -1.398338e-29     
   2.993761       12.626644        -3.884421e-29     
   2.993761       12.869837        5.938974e-28      
   2.993761       13.102598        1.752389e-26      
   2.993761       13.324299        2.751826e-25      
   2.993761       13.534343        3.296818e-24      
   2.993761       13.732162        3.248560e-23      
   2.993761       13.917225        2.743470e-22      
   2.993761       14.089032        2.033261e-21      
   2.993761       14.247120        1.272705e-20      
   2.993761       14.391062        6.358143e-20      
   2.993761       14.520471        2.613332e-19      
   2.993761       14.634998        1.093135e-18      
   2.993761       14.734334        5.600552e-18      
   2.993761       14.818211        2.796524e-17      
   2.993761       14.886403        1.064123e-16      
   2.993761       14.938727        2.894472e-16      
   2.993761       14.975043        5.674960e-16      
   2.993761       14.995261        8.183508e-16      
   2.998815       0.001185         -1.150914e-08     
   2.998815       0.006239         -3.191560e-07     
   2.998815       0.015318         -1.923828e-06     
   2.998815       0.028399         -6.612932e-06     
   2.998815       0.045447         -1.693798e-05     
   2.998815       0.066417         -3.618395e-05     
   2.998815       0.091251         -6.833288e-05     
   2.998815       0.119882         -1.180241e-04     
   2.998815       0.152235         -1.905137e-04     
   2.998815       0.188220         -2.916363e-04     
   2.998815       0.227742         -4.277710e-04     
   2.998815       0.270694         -6.058130e-04     
   2.998815       0.316959         -8.331522e-04     
   2.998815       0.366414         -1.117659e-03     
   2.998815       0.418925         -1.467672e-03     
   2.998815       0.474351         -1.891993e-03     
   2.998815       0.532541         -2.399870e-03     
   2.998815       0.593339         -3.000976e-03     
   2.998815       0.656582         -3.705363e-03     
   2.998815       0.722098         -4.523392e-03     
   2.998815       0.789711         -5.465617e-03     
   2.998815       0.859239         -6.542611e-03     
   2.998815       0.930495         -7.764732e-03     
   2.998815       1.003286         -9.141807e-03     
   2.998815       1.077416         -1.068273e-02     
   2.998815       1.152685         -1.239495e-02     
   2.998815       1.228890         -1.428393e-02     
   2.998815       1.305826         -1.635245e-02     
   2.998815       1.383286         -1.859992e-02     
   2.998815       1.461060         -2.102168e-02     
   2.998815       1.538940         -2.360829e-02     
   2.998815       1.616714         -2.634500e-02     
   2.998815       1.694174         -2.921133e-02     
   2.998815       1.771110         -3.218098e-02     
   2.998815       1.847315         -3.522198e-02     
   2.998815       1.922584         -3.829729e-02     
   2.998815       1.996714         -4.136571e-02     
   2.998815       2.069505         -4.438330e-02     
   2.998815       2.140761         -4.730496e-02     
   2.998815       2.210289         -5.008642e-02     
   2.998815       2.277902         -5.268615e-02     
   2.998815       2.343418         -5.506739e-02     
   2.998815       2.406661         -5.719992e-02     
   2.998815       2.467459         -5.906148e-02     
   2.998815       2.525649         -6.063885e-02     
   2.998815       2.581075         -6.192834e-02     
   2.998815       2.633586         -6.293579e-02     
   2.998815       2.683041         -6.367595e-02     
   2.998815       2.729306         -6.417147e-02     
   2.998815       2.772258         -6.445133e-02     
   2.998815       2.811780         -6.454908e-02     
   2.998815       2.847765         -6.450094e-02     
   2.998815       2.880118         -6.434394e-02     
   2.998815       2.908749         -6.411423e-02     
   2.998815       2.933583         -6.384570e-02     
   2.998815       2.954553         -6.356888e-02     
   2.998815       2.971601         -6.331015e-02     
   2.998815       2.984682         -6.309125e-02     
   2.998815       2.993761         -6.292899e-02     
   2.998815       2.998815         -6.283499e-02     
   2.998815       3.004739         -6.272151e-02     
   2.998815       3.024957         -6.230743e-02     
   2.998815       3.061273         -6.146114e-02     
   2.998815       3.113597         -6.001789e-02     
   2.998815       3.181789         -5.776538e-02     
   2.998815       3.265666         -5.448228e-02     
   2.998815       3.365002         -4.999734e-02     
   2.998815       3.479529         -4.426261e-02     
   2.998815       3.608938         -3.742349e-02     
   2.998815       3.752880         -2.986071e-02     
   2.998815       3.910968         -2.217343e-02     
   2.998815       4.082775         -1.507608e-02     
   2.998815       4.267838         -9.212916e-03     
   2.998815       4.465657         -4.955168e-03     
   2.998815       4.675701         -2.291231e-03     
   2.998815       4.897402         -8.867408e-04     
   2.998815       5.130163         -2.780480e-04     
   2.998815       5.373356         -6.751602e-05     
   2.998815       5.626327         -1.173226e-05     
   2.998815       5.888392         -1.182389e-06     
   2.998815       6.158845         1.187889e-08      
   2.998815       6.436958         2.599367e-08      
   2.998815       6.721980         4.536715e-09      
   2.998815       7.013143         3.676997e-10      
   2.998815       7.309662         -1.094930e-11     
   2.998815       7.610739         -7.459700e-12     
   2.998815       7.915560         -9.298442e-13     
   2.998815       8.223305         -2.817014e-14     
   2.998815       8.533144         6.585950e-15      
   2.998815       8.844241         8.754596e-16      
   2.998815       9.155759         1.995413e-17      
   2.998815       9.466856         -4.495991e-18     
   2.998815       9.776695         -3.899511e-19     
   2.998815       10.084440        2.730064e-21      
   2.998815       10.389261        1.953520e-21      
   2.998815       10.690338        7.153669e-23      
   2.998815       10.986857        -4.943881e-24     
   2.998815       11.278020        -4.529852e-25     
   2.998815       11.563042        1.664958e-27      
   2.998815       11.841155        1.697427e-27      
   2.998815       12.111608        5.619318e-29      
   2.998815       12.373673        -1.386884e-29     
   2.998815       12.626644        -3.835108e-29     
   2.998815       12.869837        5.856311e-28      
   2.998815       13.102598        1.728508e-26      
   2.998815       13.324299        2.714598e-25      
   2.998815       13.534343        3.252435e-24      
   2.998815       13.732162        3.204980e-23      
   2.998815       13.917225        2.706757e-22      
   2.998815       14.089032        2.006102e-21      
   2.998815       14.247120        1.255730e-20      
   2.998815       14.391062        6.273444e-20      
   2.998815       14.520471        2.578562e-19      
   2.998815       14.634998        1.078609e-18      
   2.998815       14.734334        5.526201e-18      
   2.998815       14.818211        2.759418e-17      
   2.998815       14.886403        1.050009e-16      
   2.998815       14.938727        2.856092e-16      
   2.998815       14.975043        5.599728e-16      
   2.998815       14.995261        8.075033e-16      
   3.004739       0.001185         -1.136544e-08     
   3.004739       0.006239         -3.151713e-07     
   3.004739       0.015318         -1.899809e-06     
   3.004739       0.028399         -6.530374e-06     
   3.004739       0.045447         -1.672654e-05     
   3.004739       0.066417         -3.573234e-05     
   3.004739       0.091251         -6.748028e-05     
   3.004739       0.119882         -1.165522e-04     
   3.004739       0.152235         -1.881393e-04     
   3.004739       0.188220         -2.880052e-04     
   3.004739       0.227742         -4.224517e-04     
   3.004739       0.270694         -5.982922e-04     
   3.004739       0.316959         -8.228311e-04     
   3.004739       0.366414         -1.103850e-03     
   3.004739       0.418925         -1.449598e-03     
   3.004739       0.474351         -1.868785e-03     
   3.004739       0.532541         -2.370569e-03     
   3.004739       0.593339         -2.964536e-03     
   3.004739       0.656582         -3.660659e-03     
   3.004739       0.722098         -4.469223e-03     
   3.004739       0.789711         -5.400720e-03     
   3.004739       0.859239         -6.465676e-03     
   3.004739       0.930495         -7.674422e-03     
   3.004739       1.003286         -9.036784e-03     
   3.004739       1.077416         -1.056168e-02     
   3.004739       1.152685         -1.225665e-02     
   3.004739       1.228890         -1.412724e-02     
   3.004739       1.305826         -1.617642e-02     
   3.004739       1.383286         -1.840380e-02     
   3.004739       1.461060         -2.080499e-02     
   3.004739       1.538940         -2.337090e-02     
   3.004739       1.616714         -2.608714e-02     
   3.004739       1.694174         -2.893369e-02     
   3.004739       1.771110         -3.188469e-02     
   3.004739       1.847315         -3.490865e-02     
   3.004739       1.922584         -3.796899e-02     
   3.004739       1.996714         -4.102496e-02     
   3.004739       2.069505         -4.403300e-02     
   3.004739       2.140761         -4.694834e-02     
   3.004739       2.210289         -4.972690e-02     
   3.004739       2.277902         -5.232726e-02     
   3.004739       2.343418         -5.471266e-02     
   3.004739       2.406661         -5.685274e-02     
   3.004739       2.467459         -5.872499e-02     
   3.004739       2.525649         -6.031583e-02     
   3.004739       2.581075         -6.162111e-02     
   3.004739       2.633586         -6.264615e-02     
   3.004739       2.683041         -6.340515e-02     
   3.004739       2.729306         -6.392015e-02     
   3.004739       2.772258         -6.421956e-02     
   3.004739       2.811780         -6.433639e-02     
   3.004739       2.847765         -6.430642e-02     
   3.004739       2.880118         -6.416627e-02     
   3.004739       2.908749         -6.395180e-02     
   3.004739       2.933583         -6.369667e-02     
   3.004739       2.954553         -6.343124e-02     
   3.004739       2.971601         -6.318181e-02     
   3.004739       2.984682         -6.297006e-02     
   3.004739       2.993761         -6.281275e-02     
   3.004739       2.998815         -6.272151e-02     
   3.004739       3.004739         -6.261126e-02     
   3.004739       3.024957         -6.220817e-02     
   3.004739       3.061273         -6.138144e-02     
   3.004739       3.113597         -5.996565e-02     
   3.004739       3.181789         -5.774699e-02     
   3.004739       3.265666         -5.450131e-02     
   3.004739       3.365002         -5.005337e-02     
   3.004739       3.479529         -4.435033e-02     
   3.004739       3.608938         -3.753283e-02     
   3.004739       3.752880         -2.997806e-02     
   3.004739       3.910968         -2.228419e-02     
   3.004739       4.082775         -1.516805e-02     
   3.004739       4.267838         -9.279480e-03     
   3.004739       4.465657         -4.996571e-03     
   3.004739       4.675701         -2.312998e-03     
   3.004739       4.897402         -8.962519e-04     
   3.004739       5.130163         -2.814449e-04     
   3.004739       5.373356         -6.848779e-05     
   3.004739       5.626327         -1.194694e-05     
   3.004739       5.888392         -1.216244e-06     
   3.004739       6.158845         8.810476e-09      
   3.004739       6.436958         2.603676e-08      
   3.004739       6.721980         4.601487e-09      
   3.004739       7.013143         3.791585e-10      
   3.004739       7.309662         -1.003408e-11     
   3.004739       7.610739         -7.499678e-12     
   3.004739       7.915560         -9.486258e-13     
   3.004739       8.223305         -2.996381e-14     
   3.004739       8.533144         6.594691e-15      
   3.004739       8.844241         8.922628e-16      
   3.004739       9.155759         2.118052e-17      
   3.004739       9.466856         -4.525999e-18     
   3.004739       9.776695         -3.987895e-19     
   3.004739       10.084440        2.435806e-21      
   3.004739       10.389261        1.980950e-21      
   3.004739       10.690338        7.389839e-23      
   3.004739       10.986857        -4.961714e-24     
   3.004739       11.278020        -4.624029e-25     
   3.004739       11.563042        1.398665e-27      
   3.004739       11.841155        1.721709e-27      
   3.004739       12.111608        5.806810e-29      
   3.004739       12.373673        -1.373570e-29     
   3.004739       12.626644        -3.778027e-29     
   3.004739       12.869837        5.760708e-28      
   3.004739       13.102598        1.700879e-26      
   3.004739       13.324299        2.671521e-25      
   3.004739       13.534343        3.201075e-24      
   3.004739       13.732162        3.154546e-23      
   3.004739       13.917225        2.664269e-22      
   3.004739       14.089032        1.974669e-21      
   3.004739       14.247120        1.236082e-20      
   3.004739       14.391062        6.175410e-20      
   3.004739       14.520471        2.538316e-19      
   3.004739       14.634998        1.061795e-18      
   3.004739       14.734334        5.440139e-18      
   3.004739       14.818211        2.716468e-17      
   3.004739       14.886403        1.033672e-16      
   3.004739       14.938727        2.811667e-16      
   3.004739       14.975043        5.512644e-16      
   3.004739       14.995261        7.949470e-16      
   3.024957       0.001185         -1.088470e-08     
   3.024957       0.006239         -3.018400e-07     
   3.024957       0.015318         -1.819451e-06     
   3.024957       0.028399         -6.254163e-06     
   3.024957       0.045447         -1.601913e-05     
   3.024957       0.066417         -3.422141e-05     
   3.024957       0.091251         -6.462773e-05     
   3.024957       0.119882         -1.116275e-04     
   3.024957       0.152235         -1.801952e-04     
   3.024957       0.188220         -2.758554e-04     
   3.024957       0.227742         -4.046524e-04     
   3.024957       0.270694         -5.731250e-04     
   3.024957       0.316959         -7.882903e-04     
   3.024957       0.366414         -1.057632e-03     
   3.024957       0.418925         -1.389096e-03     
   3.024957       0.474351         -1.791085e-03     
   3.024957       0.532541         -2.272455e-03     
   3.024957       0.593339         -2.842496e-03     
   3.024957       0.656582         -3.510904e-03     
   3.024957       0.722098         -4.287710e-03     
   3.024957       0.789711         -5.183190e-03     
   3.024957       0.859239         -6.207703e-03     
   3.024957       0.930495         -7.371480e-03     
   3.024957       1.003286         -8.684329e-03     
   3.024957       1.077416         -1.015526e-02     
   3.024957       1.152685         -1.179201e-02     
   3.024957       1.228890         -1.360052e-02     
   3.024957       1.305826         -1.558424e-02     
   3.024957       1.383286         -1.774354e-02     
   3.024957       1.461060         -2.007491e-02     
   3.024957       1.538940         -2.257036e-02     
   3.024957       1.616714         -2.521678e-02     
   3.024957       1.694174         -2.799558e-02     
   3.024957       1.771110         -3.088245e-02     
   3.024957       1.847315         -3.384749e-02     
   3.024957       1.922584         -3.685573e-02     
   3.024957       1.996714         -3.986791e-02     
   3.024957       2.069505         -4.284180e-02     
   3.024957       2.140761         -4.573370e-02     
   3.024957       2.210289         -4.850030e-02     
   3.024957       2.277902         -5.110060e-02     
   3.024957       2.343418         -5.349782e-02     
   3.024957       2.406661         -5.566119e-02     
   3.024957       2.467459         -5.756741e-02     
   3.024957       2.525649         -5.920172e-02     
   3.024957       2.581075         -6.055851e-02     
   3.024957       2.633586         -6.164135e-02     
   3.024957       2.683041         -6.246254e-02     
   3.024957       2.729306         -6.304216e-02     
   3.024957       2.772258         -6.340670e-02     
   3.024957       2.811780         -6.358737e-02     
   3.024957       2.847765         -6.361833e-02     
   3.024957       2.880118         -6.353488e-02     
   3.024957       2.908749         -6.337179e-02     
   3.024957       2.933583         -6.316194e-02     
   3.024957       2.954553         -6.293511e-02     
   3.024957       2.971601         -6.271723e-02     
   3.024957       2.984682         -6.252974e-02     
   3.024957       2.993761         -6.238928e-02     
   3.024957       2.998815         -6.230743e-02     
   3.024957       3.004739         -6.220817e-02     
   3.024957       3.024957         -6.184255e-02     
   3.024957       3.061273         -6.108265e-02     
   3.024957       3.113597         -5.976104e-02     
   3.024957       3.181789         -5.765899e-02     
   3.024957       3.265666         -5.454317e-02     
   3.024957       3.365002         -5.022461e-02     
   3.024957       3.479529         -4.463373e-02     
   3.024957       3.608938         -3.789447e-02     
   3.024957       3.752880         -3.037148e-02     
   3.024957       3.910968         -2.265889e-02     
   3.024957       4.082775         -1.548128e-02     
   3.024957       4.267838         -9.507387e-03     
   3.024957       4.465657         -5.138908e-03     
   3.024957       4.675701         -2.388060e-03     
   3.024957       4.897402         -9.291263e-04     
   3.024957       5.130163         -2.932135e-04     
   3.024957       5.373356         -7.186708e-05     
   3.024957       5.626327         -1.269907e-05     
   3.024957       5.888392         -1.336608e-06     
   3.024957       6.158845         -2.495038e-09     
   3.024957       6.436958         2.610223e-08      
   3.024957       6.721980         4.822978e-09      
   3.024957       7.013143         4.199223e-10      
   3.024957       7.309662         -6.630269e-12     
   3.024957       7.610739         -7.620262e-12     
   3.024957       7.915560         -1.014549e-12     
   3.024957       8.223305         -3.648047e-14     
   3.024957       8.533144         6.604095e-15      
   3.024957       8.844241         9.512887e-16      
   3.024957       9.155759         2.564070e-17      
   3.024957       9.466856         -4.621806e-18     
   3.024957       9.776695         -4.301383e-19     
   3.024957       10.084440        1.340597e-21      
   3.024957       10.389261        2.075937e-21      
   3.024957       10.690338        8.238853e-23      
   3.024957       10.986857        -5.012008e-24     
   3.024957       11.278020        -4.957462e-25     
   3.024957       11.563042        4.110321e-28      
   3.024957       11.841155        1.806098e-27      
   3.024957       12.111608        6.480259e-29      
   3.024957       12.373673        -1.328941e-29     
   3.024957       12.626644        -3.588948e-29     
   3.024957       12.869837        5.444628e-28      
   3.024957       13.102598        1.609453e-26      
   3.024957       13.324299        2.528935e-25      
   3.024957       13.534343        3.031038e-24      
   3.024957       13.732162        2.987549e-23      
   3.024957       13.917225        2.523568e-22      
   3.024957       14.089032        1.870571e-21      
   3.024957       14.247120        1.171010e-20      
   3.024957       14.391062        5.850708e-20      
   3.024957       14.520471        2.405011e-19      
   3.024957       14.634998        1.006101e-18      
   3.024957       14.734334        5.155052e-18      
   3.024957       14.818211        2.574188e-17      
   3.024957       14.886403        9.795515e-17      
   3.024957       14.938727        2.664496e-16      
   3.024957       14.975043        5.224155e-16      
   3.024957       14.995261        7.533506e-16      
   3.061273       0.001185         -1.005812e-08     
   3.061273       0.006239         -2.789184e-07     
   3.061273       0.015318         -1.681285e-06     
   3.061273       0.028399         -5.779253e-06     
   3.061273       0.045447         -1.480283e-05     
   3.061273       0.066417         -3.162348e-05     
   3.061273       0.091251         -5.972290e-05     
   3.061273       0.119882         -1.031594e-04     
   3.061273       0.152235         -1.665342e-04     
   3.061273       0.188220         -2.549609e-04     
   3.061273       0.227742         -3.740388e-04     
   3.061273       0.270694         -5.298336e-04     
   3.061273       0.316959         -7.288646e-04     
   3.061273       0.366414         -9.780996e-04     
   3.061273       0.418925         -1.284955e-03     
   3.061273       0.474351         -1.657301e-03     
   3.061273       0.532541         -2.103457e-03     
   3.061273       0.593339         -2.632196e-03     
   3.061273       0.656582         -3.252712e-03     
   3.061273       0.722098         -3.974579e-03     
   3.061273       0.789711         -4.807671e-03     
   3.061273       0.859239         -5.762026e-03     
   3.061273       0.930495         -6.847659e-03     
   3.061273       1.003286         -8.074303e-03     
   3.061273       1.077416         -9.451062e-03     
   3.061273       1.152685         -1.098599e-02     
   3.061273       1.228890         -1.268557e-02     
   3.061273       1.305826         -1.455412e-02     
   3.061273       1.383286         -1.659315e-02     
   3.061273       1.461060         -1.880067e-02     
   3.061273       1.538940         -2.117051e-02     
   3.061273       1.616714         -2.369175e-02     
   3.061273       1.694174         -2.634823e-02     
   3.061273       1.771110         -2.911833e-02     
   3.061273       1.847315         -3.197495e-02     
   3.061273       1.922584         -3.488591e-02     
   3.061273       1.996714         -3.781466e-02     
   3.061273       2.069505         -4.072137e-02     
   3.061273       2.140761         -4.356436e-02     
   3.061273       2.210289         -4.630180e-02     
   3.061273       2.277902         -4.889354e-02     
   3.061273       2.343418         -5.130298e-02     
   3.061273       2.406661         -5.349881e-02     
   3.061273       2.467459         -5.545649e-02     
   3.061273       2.525649         -5.715939e-02     
   3.061273       2.581075         -5.859943e-02     
   3.061273       2.633586         -5.977729e-02     
   3.061273       2.683041         -6.070205e-02     
   3.061273       2.729306         -6.139044e-02     
   3.061273       2.772258         -6.186557e-02     
   3.061273       2.811780         -6.215548e-02     
   3.061273       2.847765         -6.229146e-02     
   3.061273       2.880118         -6.230634e-02     
   3.061273       2.908749         -6.223289e-02     
   3.061273       2.933583         -6.210240e-02     
   3.061273       2.954553         -6.194352e-02     
   3.061273       2.971601         -6.178136e-02     
   3.061273       2.984682         -6.163685e-02     
   3.061273       2.993761         -6.152631e-02     
   3.061273       2.998815         -6.146114e-02     
   3.061273       3.004739         -6.138144e-02     
   3.061273       3.024957         -6.108265e-02     
   3.061273       3.061273         -6.044255e-02     
   3.061273       3.113597         -5.929119e-02     
   3.061273       3.181789         -5.740227e-02     
   3.061273       3.265666         -5.452713e-02     
   3.061273       3.365002         -5.045257e-02     
   3.061273       3.479529         -4.507836e-02     
   3.061273       3.608938         -3.849699e-02     
   3.061273       3.752880         -3.104851e-02     
   3.061273       3.910968         -2.331742e-02     
   3.061273       4.082775         -1.604025e-02     
   3.061273       4.267838         -9.918872e-03     
   3.061273       4.465657         -5.398199e-03     
   3.061273       4.675701         -2.525697e-03     
   3.061273       4.897402         -9.896931e-04     
   3.061273       5.130163         -3.149927e-04     
   3.061273       5.373356         -7.816813e-05     
   3.061273       5.626327         -1.412385e-05     
   3.061273       5.888392         -1.571942e-06     
   3.061273       6.158845         -2.628308e-08     
   3.061273       6.436958         2.585401e-08      
   3.061273       6.721980         5.218197e-09      
   3.061273       7.013143         4.997443e-10      
   3.061273       7.309662         6.740938e-13      
   3.061273       7.610739         -7.763410e-12     
   3.061273       7.915560         -1.139927e-12     
   3.061273       8.223305         -4.984066e-14     
   3.061273       8.533144         6.529247e-15      
   3.061273       8.844241         1.063823e-15      
   3.061273       9.155759         3.480719e-17      
   3.061273       9.466856         -4.762779e-18     
   3.061273       9.776695         -4.912401e-19     
   3.061273       10.084440        -1.015588e-21     
   3.061273       10.389261        2.251210e-21      
   3.061273       10.690338        9.942700e-23      
   3.061273       10.986857        -5.054463e-24     
   3.061273       11.278020        -5.604980e-25     
   3.061273       11.563042        -1.699454e-27     
   3.061273       11.841155        1.963206e-27      
   3.061273       12.111608        7.829788e-29      
   3.061273       12.373673        -1.251184e-29     
   3.061273       12.626644        -3.270769e-29     
   3.061273       12.869837        4.914776e-28      
   3.061273       13.102598        1.455904e-26      
   3.061273       13.324299        2.289310e-25      
   3.061273       13.534343        2.745159e-24      
   3.061273       13.732162        2.706696e-23      
   3.061273       13.917225        2.286884e-22      
   3.061273       14.089032        1.695430e-21      
   3.061273       14.247120        1.061516e-20      
   3.061273       14.391062        5.304281e-20      
   3.061273       14.520471        2.180653e-19      
   3.061273       14.634998        9.123551e-19      
   3.061273       14.734334        4.675147e-18      
   3.061273       14.818211        2.334670e-17      
   3.061273       14.886403        8.884399e-17      
   3.061273       14.938727        2.416729e-16      
   3.061273       14.975043        4.738466e-16      
   3.061273       14.995261        6.833197e-16      
   3.113597       0.001185         -8.948505e-09     
   3.113597       0.006239         -2.481481e-07     
   3.113597       0.015318         -1.495808e-06     
   3.113597       0.028399         -5.141719e-06     
   3.113597       0.045447         -1.317001e-05     
   3.113597       0.066417         -2.813582e-05     
   3.113597       0.091251         -5.313801e-05     
   3.113597       0.119882         -9.179002e-05     
   3.113597       0.152235         -1.481914e-04     
   3.113597       0.188220         -2.269021e-04     
   3.113597       0.227742         -3.329221e-04     
   3.113597       0.270694         -4.716772e-04     
   3.113597       0.316959         -6.490130e-04     
   3.113597       0.366414         -8.711953e-04     
   3.113597       0.418925         -1.144918e-03     
   3.113597       0.474351         -1.477314e-03     
   3.113597       0.532541         -1.875965e-03     
   3.113597       0.593339         -2.348912e-03     
   3.113597       0.656582         -2.904640e-03     
   3.113597       0.722098         -3.552060e-03     
   3.113597       0.789711         -4.300442e-03     
   3.113597       0.859239         -5.159319e-03     
   3.113597       0.930495         -6.138330e-03     
   3.113597       1.003286         -7.247005e-03     
   3.113597       1.077416         -8.494465e-03     
   3.113597       1.152685         -9.889052e-03     
   3.113597       1.228890         -1.143786e-02     
   3.113597       1.305826         -1.314622e-02     
   3.113597       1.383286         -1.501705e-02     
   3.113597       1.461060         -1.705024e-02     
   3.113597       1.538940         -1.924200e-02     
   3.113597       1.616714         -2.158424e-02     
   3.113597       1.694174         -2.406406e-02     
   3.113597       1.771110         -2.666344e-02     
   3.113597       1.847315         -2.935912e-02     
   3.113597       1.922584         -3.212285e-02     
   3.113597       1.996714         -3.492188e-02     
   3.113597       2.069505         -3.771991e-02     
   3.113597       2.140761         -4.047827e-02     
   3.113597       2.210289         -4.315750e-02     
   3.113597       2.277902         -4.571896e-02     
   3.113597       2.343418         -4.812666e-02     
   3.113597       2.406661         -5.034892e-02     
   3.113597       2.467459         -5.235985e-02     
   3.113597       2.525649         -5.414057e-02     
   3.113597       2.581075         -5.567994e-02     
   3.113597       2.633586         -5.697490e-02     
   3.113597       2.683041         -5.803033e-02     
   3.113597       2.729306         -5.885844e-02     
   3.113597       2.772258         -5.947779e-02     
   3.113597       2.811780         -5.991201e-02     
   3.113597       2.847765         -6.018829e-02     
   3.113597       2.880118         -6.033586e-02     
   3.113597       2.908749         -6.038443e-02     
   3.113597       2.933583         -6.036281e-02     
   3.113597       2.954553         -6.029775e-02     
   3.113597       2.971601         -6.021296e-02     
   3.113597       2.984682         -6.012838e-02     
   3.113597       2.993761         -6.005969e-02     
   3.113597       2.998815         -6.001789e-02     
   3.113597       3.004739         -5.996565e-02     
   3.113597       3.024957         -5.976104e-02     
   3.113597       3.061273         -5.929119e-02     
   3.113597       3.113597         -5.838486e-02     
   3.113597       3.181789         -5.680807e-02     
   3.113597       3.265666         -5.429315e-02     
   3.113597       3.365002         -5.059369e-02     
   3.113597       3.479529         -4.556441e-02     
   3.113597       3.608938         -3.924932e-02     
   3.113597       3.752880         -3.194819e-02     
   3.113597       3.910968         -2.422620e-02     
   3.113597       4.082775         -1.683215e-02     
   3.113597       4.267838         -1.051327e-02     
   3.113597       4.465657         -5.778179e-03     
   3.113597       4.675701         -2.729429e-03     
   3.113597       4.897402         -1.079922e-03     
   3.113597       5.130163         -3.476081e-04     
   3.113597       5.373356         -8.769763e-05     
   3.113597       5.626327         -1.633065e-05     
   3.113597       5.888392         -1.955010e-06     
   3.113597       6.158845         -6.938698e-08     
   3.113597       6.436958         2.445192e-08      
   3.113597       6.721980         5.760260e-09      
   3.113597       7.013143         6.300800e-10      
   3.113597       7.309662         1.432162e-11      
   3.113597       7.610739         -7.749059e-12     
   3.113597       7.915560         -1.335307e-12     
   3.113597       8.223305         -7.333202e-14     
   3.113597       8.533144         6.157892e-15      
   3.113597       8.844241         1.240279e-15      
   3.113597       9.155759         5.099782e-17      
   3.113597       9.466856         -4.870338e-18     
   3.113597       9.776695         -5.907995e-19     
   3.113597       10.084440        -5.445088e-21     
   3.113597       10.389261        2.510714e-21      
   3.113597       10.690338        1.285090e-22      
   3.113597       10.986857        -4.976306e-24     
   3.113597       11.278020        -6.654735e-25     
   3.113597       11.563042        -5.632988e-27     
   3.113597       11.841155        2.199994e-27      
   3.113597       12.111608        1.012998e-28      
   3.113597       12.373673        -1.141431e-29     
   3.113597       12.626644        -2.857795e-29     
   3.113597       12.869837        4.230653e-28      
   3.113597       13.102598        1.257067e-26      
   3.113597       13.324299        1.978699e-25      
   3.113597       13.534343        2.374344e-24      
   3.113597       13.732162        2.342225e-23      
   3.113597       13.917225        1.979626e-22      
   3.113597       14.089032        1.468005e-21      
   3.113597       14.247120        9.193046e-21      
   3.113597       14.391062        4.594463e-20      
   3.113597       14.520471        1.889161e-19      
   3.113597       14.634998        7.905368e-19      
   3.113597       14.734334        4.051453e-18      
   3.113597       14.818211        2.023364e-17      
   3.113597       14.886403        7.700150e-17      
   3.113597       14.938727        2.094675e-16      
   3.113597       14.975043        4.107136e-16      
   3.113597       14.995261        5.922877e-16      
   3.181789       0.001185         -7.640608e-09     
   3.181789       0.006239         -2.118793e-07     
   3.181789       0.015318         -1.277187e-06     
   3.181789       0.028399         -4.390254e-06     
   3.181789       0.045447         -1.124536e-05     
   3.181789       0.066417         -2.402471e-05     
   3.181789       0.091251         -4.537564e-05     
   3.181789       0.119882         -7.838662e-05     
   3.181789       0.152235         -1.265644e-04     
   3.181789       0.188220         -1.938144e-04     
   3.181789       0.227742         -2.844260e-04     
   3.181789       0.270694         -4.030646e-04     
   3.181789       0.316959         -5.547715e-04     
   3.181789       0.366414         -7.449709e-04     
   3.181789       0.418925         -9.794842e-04     
   3.181789       0.474351         -1.264549e-03     
   3.181789       0.532541         -1.606838e-03     
   3.181789       0.593339         -2.013480e-03     
   3.181789       0.656582         -2.492064e-03     
   3.181789       0.722098         -3.050633e-03     
   3.181789       0.789711         -3.697654e-03     
   3.181789       0.859239         -4.441943e-03     
   3.181789       0.930495         -5.292557e-03     
   3.181789       1.003286         -6.258621e-03     
   3.181789       1.077416         -7.349092e-03     
   3.181789       1.152685         -8.572443e-03     
   3.181789       1.228890         -9.936278e-03     
   3.181789       1.305826         -1.144685e-02     
   3.181789       1.383286         -1.310854e-02     
   3.181789       1.461060         -1.492324e-02     
   3.181789       1.538940         -1.688974e-02     
   3.181789       1.616714         -1.900313e-02     
   3.181789       1.694174         -2.125428e-02     
   3.181789       1.771110         -2.362940e-02     
   3.181789       1.847315         -2.610987e-02     
   3.181789       1.922584         -2.867224e-02     
   3.181789       1.996714         -3.128858e-02     
   3.181789       2.069505         -3.392716e-02     
   3.181789       2.140761         -3.655340e-02     
   3.181789       2.210289         -3.913119e-02     
   3.181789       2.277902         -4.162434e-02     
   3.181789       2.343418         -4.399820e-02     
   3.181789       2.406661         -4.622126e-02     
   3.181789       2.467459         -4.826660e-02     
   3.181789       2.525649         -5.011315e-02     
   3.181789       2.581075         -5.174656e-02     
   3.181789       2.633586         -5.315964e-02     
   3.181789       2.683041         -5.435250e-02     
   3.181789       2.729306         -5.533210e-02     
   3.181789       2.772258         -5.611157e-02     
   3.181789       2.811780         -5.670912e-02     
   3.181789       2.847765         -5.714683e-02     
   3.181789       2.880118         -5.744922e-02     
   3.181789       2.908749         -5.764190e-02     
   3.181789       2.933583         -5.775023e-02     
   3.181789       2.954553         -5.779817e-02     
   3.181789       2.971601         -5.780727e-02     
   3.181789       2.984682         -5.779584e-02     
   3.181789       2.993761         -5.777845e-02     
   3.181789       2.998815         -5.776538e-02     
   3.181789       3.004739         -5.774699e-02     
   3.181789       3.024957         -5.765899e-02     
   3.181789       3.061273         -5.740227e-02     
   3.181789       3.113597         -5.680807e-02     
   3.181789       3.181789         -5.563839e-02     
   3.181789       3.265666         -5.360742e-02     
   3.181789       3.365002         -5.043017e-02     
   3.181789       3.479529         -4.590288e-02     
   3.181789       3.608938         -4.000122e-02     
   3.181789       3.752880         -3.296383e-02     
   3.181789       3.910968         -2.532041e-02     
   3.181789       4.082775         -1.782600e-02     
   3.181789       4.267838         -1.128132e-02     
   3.181789       4.465657         -6.279356e-03     
   3.181789       4.675701         -3.001650e-03     
   3.181789       4.897402         -1.201225e-03     
   3.181789       5.130163         -3.915634e-04     
   3.181789       5.373356         -1.006446e-04     
   3.181789       5.626327         -1.942010e-05     
   3.181789       5.888392         -2.529798e-06     
   3.181789       6.158845         -1.436038e-07     
   3.181789       6.436958         2.010595e-08      
   3.181789       6.721980         6.342677e-09      
   3.181789       7.013143         8.268819e-10      
   3.181789       7.309662         3.889331e-11      
   3.181789       7.610739         -7.163266e-12     
   3.181789       7.915560         -1.611001e-12     
   3.181789       8.223305         -1.128818e-13     
   3.181789       8.533144         5.028907e-15      
   3.181789       8.844241         1.492979e-15      
   3.181789       9.155759         7.846523e-17      
   3.181789       9.466856         -4.759429e-18     
   3.181789       9.776695         -7.425112e-19     
   3.181789       10.084440        -1.352070e-20     
   3.181789       10.389261        2.848216e-21      
   3.181789       10.690338        1.758306e-22      
   3.181789       10.986857        -4.528675e-24     
   3.181789       11.278020        -8.245777e-25     
   3.181789       11.563042        -1.274010e-26     
   3.181789       11.841155        2.519091e-27      
   3.181789       12.111608        1.387140e-28      
   3.181789       12.373673        -9.931014e-30     
   3.181789       12.626644        -2.392962e-29     
   3.181789       12.869837        3.464647e-28      
   3.181789       13.102598        1.033554e-26      
   3.181789       13.324299        1.629069e-25      
   3.181789       13.534343        1.956572e-24      
   3.181789       13.732162        1.931333e-23      
   3.181789       13.917225        1.633069e-22      
   3.181789       14.089032        1.211401e-21      
   3.181789       14.247120        7.588045e-21      
   3.181789       14.391062        3.793172e-20      
   3.181789       14.520471        1.560029e-19      
   3.181789       14.634998        6.529569e-19      
   3.181789       14.734334        3.346938e-18      
   3.181789       14.818211        1.671683e-17      
   3.181789       14.886403        6.362220e-17      
   3.181789       14.938727        1.730808e-16      
   3.181789       14.975043        3.393815e-16      
   3.181789       14.995261        4.894309e-16      
   3.265666       0.001185         -6.233728e-09     
   3.265666       0.006239         -1.728657e-07     
   3.265666       0.015318         -1.042019e-06     
   3.265666       0.028399         -3.581907e-06     
   3.265666       0.045447         -9.174986e-06     
   3.265666       0.066417         -1.960217e-05     
   3.265666       0.091251         -3.702470e-05     
   3.265666       0.119882         -6.396558e-05     
   3.265666       0.152235         -1.032923e-04     
   3.265666       0.188220         -1.582029e-04     
   3.265666       0.227742         -2.322172e-04     
   3.265666       0.270694         -3.291744e-04     
   3.265666       0.316959         -4.532376e-04     
   3.265666       0.366414         -6.089067e-04     
   3.265666       0.418925         -8.010375e-04     
   3.265666       0.474351         -1.034867e-03     
   3.265666       0.532541         -1.316040e-03     
   3.265666       0.593339         -1.650638e-03     
   3.265666       0.656582         -2.045201e-03     
   3.265666       0.722098         -2.506734e-03     
   3.265666       0.789711         -3.042703e-03     
   3.265666       0.859239         -3.660996e-03     
   3.265666       0.930495         -4.369850e-03     
   3.265666       1.003286         -5.177731e-03     
   3.265666       1.077416         -6.093159e-03     
   3.265666       1.152685         -7.124462e-03     
   3.265666       1.228890         -8.279466e-03     
   3.265666       1.305826         -9.565105e-03     
   3.265666       1.383286         -1.098696e-02     
   3.265666       1.461060         -1.254873e-02     
   3.265666       1.538940         -1.425170e-02     
   3.265666       1.616714         -1.609412e-02     
   3.265666       1.694174         -1.807072e-02     
   3.265666       1.771110         -2.017221e-02     
   3.265666       1.847315         -2.238497e-02     
   3.265666       1.922584         -2.469096e-02     
   3.265666       1.996714         -2.706780e-02     
   3.265666       2.069505         -2.948921e-02     
   3.265666       2.140761         -3.192571e-02     
   3.265666       2.210289         -3.434562e-02     
   3.265666       2.277902         -3.671625e-02     
   3.265666       2.343418         -3.900535e-02     
   3.265666       2.406661         -4.118249e-02     
   3.265666       2.467459         -4.322051e-02     
   3.265666       2.525649         -4.509674e-02     
   3.265666       2.581075         -4.679396e-02     
   3.265666       2.633586         -4.830104e-02     
   3.265666       2.683041         -4.961321e-02     
   3.265666       2.729306         -5.073194e-02     
   3.265666       2.772258         -5.166446e-02     
   3.265666       2.811780         -5.242298e-02     
   3.265666       2.847765         -5.302369e-02     
   3.265666       2.880118         -5.348558e-02     
   3.265666       2.908749         -5.382923e-02     
   3.265666       2.933583         -5.407564e-02     
   3.265666       2.954553         -5.424506e-02     
   3.265666       2.971601         -5.435605e-02     
   3.265666       2.984682         -5.442462e-02     
   3.265666       2.993761         -5.446363e-02     
   3.265666       2.998815         -5.448228e-02     
   3.265666       3.004739         -5.450131e-02     
   3.265666       3.024957         -5.454317e-02     
   3.265666       3.061273         -5.452713e-02     
   3.265666       3.113597         -5.429315e-02     
   3.265666       3.181789         -5.360742e-02     
   3.265666       3.265666         -5.217359e-02     
   3.265666       3.365002         -4.967025e-02     
   3.265666       3.479529         -4.582613e-02     
   3.265666       3.608938         -4.052755e-02     
   3.265666       3.752880         -3.392454e-02     
   3.265666       3.910968         -2.648598e-02     
   3.265666       4.082775         -1.895761e-02     
   3.265666       4.267838         -1.219424e-02     
   3.265666       4.465657         -6.891895e-03     
   3.265666       4.675701         -3.339290e-03     
   3.265666       4.897402         -1.351908e-03     
   3.265666       5.130163         -4.456884e-04     
   3.265666       5.373356         -1.165170e-04     
   3.265666       5.626327         -2.332811e-05     
   3.265666       5.888392         -3.330160e-06     
   3.265666       6.158845         -2.667498e-07     
   3.265666       6.436958         9.170657e-09      
   3.265666       6.721980         6.638177e-09      
   3.265666       7.013143         1.104665e-09      
   3.265666       7.309662         8.254762e-11      
   3.265666       7.610739         -5.080643e-12     
   3.265666       7.915560         -1.962740e-12     
   3.265666       8.223305         -1.785796e-13     
   3.265666       8.533144         2.162420e-15      
   3.265666       8.844241         1.827208e-15      
   3.265666       9.155759         1.246698e-16      
   3.265666       9.466856         -4.007981e-18     
   3.265666       9.776695         -9.650711e-19     
   3.265666       10.084440        -2.820319e-20     
   3.265666       10.389261        3.221178e-21      
   3.265666       10.690338        2.518003e-22      
   3.265666       10.986857        -3.175280e-24     
   3.265666       11.278020        -1.057058e-24     
   3.265666       11.563042        -2.555532e-26     
   3.265666       11.841155        2.901704e-27      
   3.265666       12.111608        1.988881e-28      
   3.265666       12.373673        -7.791136e-30     
   3.265666       12.626644        -1.921779e-29     
   3.265666       12.869837        2.690414e-28      
   3.265666       13.102598        8.065379e-27      
   3.265666       13.324299        1.273357e-25      
   3.265666       13.534343        1.531051e-24      
   3.265666       13.732162        1.512479e-23      
   3.265666       13.917225        1.279588e-22      
   3.265666       14.089032        9.495577e-22      
   3.265666       14.247120        5.949713e-21      
   3.265666       14.391062        2.975003e-20      
   3.265666       14.520471        1.223870e-19      
   3.265666       14.634998        5.123982e-19      
   3.265666       14.734334        2.627011e-18      
   3.265666       14.818211        1.312264e-17      
   3.265666       14.886403        4.994737e-17      
   3.265666       14.938727        1.358880e-16      
   3.265666       14.975043        2.664655e-16      
   3.265666       14.995261        3.842872e-16      
   3.365002       0.001185         -4.831906e-09     
   3.365002       0.006239         -1.339922e-07     
   3.365002       0.015318         -8.076962e-07     
   3.365002       0.028399         -2.776454e-06     
   3.365002       0.045447         -7.111979e-06     
   3.365002       0.066417         -1.519517e-05     
   3.365002       0.091251         -2.870253e-05     
   3.365002       0.119882         -4.959263e-05     
   3.365002       0.152235         -8.009400e-05     
   3.365002       0.188220         -1.226964e-04     
   3.365002       0.227742         -1.801468e-04     
   3.365002       0.270694         -2.554509e-04     
   3.365002       0.316959         -3.518822e-04     
   3.365002       0.366414         -4.729970e-04     
   3.365002       0.418925         -6.226573e-04     
   3.365002       0.474351         -8.050591e-04     
   3.365002       0.532541         -1.024764e-03     
   3.365002       0.593339         -1.286733e-03     
   3.365002       0.656582         -1.596357e-03     
   3.365002       0.722098         -1.959483e-03     
   3.365002       0.789711         -2.382421e-03     
   3.365002       0.859239         -2.871939e-03     
   3.365002       0.930495         -3.435226e-03     
   3.365002       1.003286         -4.079816e-03     
   3.365002       1.077416         -4.813476e-03     
   3.365002       1.152685         -5.644028e-03     
   3.365002       1.228890         -6.579120e-03     
   3.365002       1.305826         -7.625927e-03     
   3.365002       1.383286         -8.790777e-03     
   3.365002       1.461060         -1.007873e-02     
   3.365002       1.538940         -1.149308e-02     
   3.365002       1.616714         -1.303486e-02     
   3.365002       1.694174         -1.470234e-02     
   3.365002       1.771110         -1.649049e-02     
   3.365002       1.847315         -1.839068e-02     
   3.365002       1.922584         -2.039037e-02     
   3.365002       1.996714         -2.247307e-02     
   3.365002       2.069505         -2.461852e-02     
   3.365002       2.140761         -2.680307e-02     
   3.365002       2.210289         -2.900042e-02     
   3.365002       2.277902         -3.118251e-02     
   3.365002       2.343418         -3.332067e-02     
   3.365002       2.406661         -3.538680e-02     
   3.365002       2.467459         -3.735467e-02     
   3.365002       2.525649         -3.920109e-02     
   3.365002       2.581075         -4.090691e-02     
   3.365002       2.633586         -4.245776e-02     
   3.365002       2.683041         -4.384454e-02     
   3.365002       2.729306         -4.506351e-02     
   3.365002       2.772258         -4.611609e-02     
   3.365002       2.811780         -4.700833e-02     
   3.365002       2.847765         -4.775024e-02     
   3.365002       2.880118         -4.835478e-02     
   3.365002       2.908749         -4.883692e-02     
   3.365002       2.933583         -4.921256e-02     
   3.365002       2.954553         -4.949754e-02     
   3.365002       2.971601         -4.970673e-02     
   3.365002       2.984682         -4.985316e-02     
   3.365002       2.993761         -4.994747e-02     
   3.365002       2.998815         -4.999734e-02     
   3.365002       3.004739         -5.005337e-02     
   3.365002       3.024957         -5.022461e-02     
   3.365002       3.061273         -5.045257e-02     
   3.365002       3.113597         -5.059369e-02     
   3.365002       3.181789         -5.043017e-02     
   3.365002       3.265666         -4.967025e-02     
   3.365002       3.365002         -4.796955e-02     
   3.365002       3.479529         -4.499198e-02     
   3.365002       3.608938         -4.051808e-02     
   3.365002       3.752880         -3.457633e-02     
   3.365002       3.910968         -2.753743e-02     
   3.365002       4.082775         -2.010838e-02     
   3.365002       4.267838         -1.318652e-02     
   3.365002       4.465657         -7.583335e-03     
   3.365002       4.675701         -3.725618e-03     
   3.365002       4.897402         -1.521911e-03     
   3.365002       5.130163         -5.040885e-04     
   3.365002       5.373356         -1.327378e-04     
   3.365002       5.626327         -2.737915e-05     
   3.365002       5.888392         -4.298131e-06     
   3.365002       6.158845         -4.587911e-07     
   3.365002       6.436958         -1.540997e-08     
   3.365002       6.721980         5.753202e-09      
   3.365002       7.013143         1.452328e-09      
   3.365002       7.309662         1.590835e-10      
   3.365002       7.610739         5.389285e-13      
   3.365002       7.915560         -2.328327e-12     
   3.365002       8.223305         -2.866912e-13     
   3.365002       8.533144         -4.511034e-15     
   3.365002       8.844241         2.213104e-15      
   3.365002       9.155759         2.023116e-16      
   3.365002       9.466856         -1.667995e-18     
   3.365002       9.776695         -1.278035e-18     
   3.365002       10.084440        -5.502490e-20     
   3.365002       10.389261        3.484041e-21      
   3.365002       10.690338        3.732132e-22      
   3.365002       10.986857        2.317922e-25      
   3.365002       11.278020        -1.384292e-24     
   3.365002       11.563042        -4.881040e-26     
   3.365002       11.841155        3.262672e-27      
   3.365002       12.111608        2.955957e-28      
   3.365002       12.373673        -4.264147e-30     
   3.365002       12.626644        -1.486100e-29     
   3.365002       12.869837        1.972116e-28      
   3.365002       13.102598        5.947141e-27      
   3.365002       13.324299        9.407792e-26      
   3.365002       13.534343        1.132663e-24      
   3.365002       13.732162        1.119951e-23      
   3.365002       13.917225        9.480957e-23      
   3.365002       14.089032        7.038766e-22      
   3.365002       14.247120        4.411896e-21      
   3.365002       14.391062        2.206765e-20      
   3.365002       14.520471        9.081188e-20      
   3.365002       14.634998        3.803266e-19      
   3.365002       14.734334        1.950376e-18      
   3.365002       14.818211        9.744080e-18      
   3.365002       14.886403        3.709162e-17      
   3.365002       14.938727        1.009202e-16      
   3.365002       14.975043        1.979075e-16      
   3.365002       14.995261        2.854245e-16      
   3.479529       0.001185         -3.532234e-09     
   3.479529       0.006239         -9.795146e-08     
   3.479529       0.015318         -5.904469e-07     
   3.479529       0.028399         -2.029682e-06     
   3.479529       0.045447         -5.199219e-06     
   3.479529       0.066417         -1.110892e-05     
   3.479529       0.091251         -2.098546e-05     
   3.479529       0.119882         -3.626304e-05     
   3.479529       0.152235         -5.857581e-05     
   3.479529       0.188220         -8.975307e-05     
   3.479529       0.227742         -1.318187e-04     
   3.479529       0.270694         -1.869955e-04     
   3.479529       0.316959         -2.577159e-04     
   3.479529       0.366414         -3.466380e-04     
   3.479529       0.418925         -4.566690e-04     
   3.479529       0.474351         -5.909929e-04     
   3.479529       0.532541         -7.531038e-04     
   3.479529       0.593339         -9.468410e-04     
   3.479529       0.656582         -1.176424e-03     
   3.479529       0.722098         -1.446486e-03     
   3.479529       0.789711         -1.762096e-03     
   3.479529       0.859239         -2.128773e-03     
   3.479529       0.930495         -2.552478e-03     
   3.479529       1.003286         -3.039578e-03     
   3.479529       1.077416         -3.596787e-03     
   3.479529       1.152685         -4.231050e-03     
   3.479529       1.228890         -4.949392e-03     
   3.479529       1.305826         -5.758702e-03     
   3.479529       1.383286         -6.665466e-03     
   3.479529       1.461060         -7.675432e-03     
   3.479529       1.538940         -8.793226e-03     
   3.479529       1.616714         -1.002192e-02     
   3.479529       1.694174         -1.136260e-02     
   3.479529       1.771110         -1.281387e-02     
   3.479529       1.847315         -1.437150e-02     
   3.479529       1.922584         -1.602808e-02     
   3.479529       1.996714         -1.777279e-02     
   3.479529       2.069505         -1.959141e-02     
   3.479529       2.140761         -2.146649e-02     
   3.479529       2.210289         -2.337770e-02     
   3.479529       2.277902         -2.530250e-02     
   3.479529       2.343418         -2.721690e-02     
   3.479529       2.406661         -2.909644e-02     
   3.479529       2.467459         -3.091724e-02     
   3.479529       2.525649         -3.265705e-02     
   3.479529       2.581075         -3.429619e-02     
   3.479529       2.633586         -3.581836e-02     
   3.479529       2.683041         -3.721125e-02     
   3.479529       2.729306         -3.846684e-02     
   3.479529       2.772258         -3.958139e-02     
   3.479529       2.811780         -4.055532e-02     
   3.479529       2.847765         -4.139262e-02     
   3.479529       2.880118         -4.210028e-02     
   3.479529       2.908749         -4.268749e-02     
   3.479529       2.933583         -4.316477e-02     
   3.479529       2.954553         -4.354315e-02     
   3.479529       2.971601         -4.383334e-02     
   3.479529       2.984682         -4.404500e-02     
   3.479529       2.993761         -4.418613e-02     
   3.479529       2.998815         -4.426261e-02     
   3.479529       3.004739         -4.435033e-02     
   3.479529       3.024957         -4.463373e-02     
   3.479529       3.061273         -4.507836e-02     
   3.479529       3.113597         -4.556441e-02     
   3.479529       3.181789         -4.590288e-02     
   3.479529       3.265666         -4.582613e-02     
   3.479529       3.365002         -4.499198e-02     
   3.479529       3.479529         -4.302103e-02     
   3.479529       3.608938         -3.958925e-02     
   3.479529       3.752880         -3.457394e-02     
   3.479529       3.910968         -2.819789e-02     
   3.479529       4.082775         -2.108091e-02     
   3.479529       4.267838         -1.413265e-02     
   3.479529       4.465657         -8.279590e-03     
   3.479529       4.675701         -4.116058e-03     
   3.479529       4.897402         -1.682728e-03     
   3.479529       5.130163         -5.496827e-04     
   3.479529       5.373356         -1.413297e-04     
   3.479529       5.626327         -2.908661e-05     
   3.479529       5.888392         -5.017029e-06     
   3.479529       6.158845         -7.153562e-07     
   3.479529       6.436958         -6.593109e-08     
   3.479529       6.721980         1.413984e-09      
   3.479529       7.013143         1.751469e-09      
   3.479529       7.309662         2.894262e-10      
   3.479529       7.610739         1.413043e-11      
   3.479529       7.915560         -2.464278e-12     
   3.479529       8.223305         -4.607279e-13     
   3.479529       8.533144         -1.933585e-14     
   3.479529       8.844241         2.504274e-15      
   3.479529       9.155759         3.319424e-16      
   3.479529       9.466856         4.368651e-18      
   3.479529       9.776695         -1.683133e-18     
   3.479529       10.084440        -1.042226e-19     
   3.479529       10.389261        3.221438e-21      
   3.479529       10.690338        5.653975e-22      
   3.479529       10.986857        8.141177e-24      
   3.479529       11.278020        -1.814336e-24     
   3.479529       11.563042        -9.129135e-26     
   3.479529       11.841155        3.335836e-27      
   3.479529       12.111608        4.505341e-28      
   3.479529       12.373673        2.362199e-30      
   3.479529       12.626644        -1.118037e-29     
   3.479529       12.869837        1.356384e-28      
   3.479529       13.102598        4.119672e-27      
   3.479529       13.324299        6.531817e-26      
   3.479529       13.534343        7.876116e-25      
   3.479529       13.732162        7.795960e-24      
   3.479529       13.917225        6.604355e-23      
   3.479529       14.089032        4.905589e-22      
   3.479529       14.247120        3.076052e-21      
   3.479529       14.391062        1.539158e-20      
   3.479529       14.520471        6.336201e-20      
   3.479529       14.634998        2.654637e-19      
   3.479529       14.734334        1.361727e-18      
   3.479529       14.818211        6.804331e-18      
   3.479529       14.886403        2.590426e-17      
   3.479529       14.938727        7.048759e-17      
   3.479529       14.975043        1.382373e-16      
   3.479529       14.995261        1.993749e-16      
   3.608938       0.001185         -2.412688e-09     
   3.608938       0.006239         -6.690569e-08     
   3.608938       0.015318         -4.033061e-07     
   3.608938       0.028399         -1.386396e-06     
   3.608938       0.045447         -3.551477e-06     
   3.608938       0.066417         -7.588655e-06     
   3.608938       0.091251         -1.433665e-05     
   3.608938       0.119882         -2.477705e-05     
   3.608938       0.152235         -4.002998e-05     
   3.608938       0.188220         -6.135222e-05     
   3.608938       0.227742         -9.013859e-05     
   3.608938       0.270694         -1.279275e-04     
   3.608938       0.316959         -1.764115e-04     
   3.608938       0.366414         -2.374523e-04     
   3.608938       0.418925         -3.131019e-04     
   3.608938       0.474351         -4.056278e-04     
   3.608938       0.532541         -5.175432e-04     
   3.608938       0.593339         -6.516399e-04     
   3.608938       0.656582         -8.110231e-04     
   3.608938       0.722098         -9.991454e-04     
   3.608938       0.789711         -1.219838e-03     
   3.608938       0.859239         -1.477333e-03     
   3.608938       0.930495         -1.776278e-03     
   3.608938       1.003286         -2.121730e-03     
   3.608938       1.077416         -2.519131e-03     
   3.608938       1.152685         -2.974248e-03     
   3.608938       1.228890         -3.493088e-03     
   3.608938       1.305826         -4.081758e-03     
   3.608938       1.383286         -4.746289e-03     
   3.608938       1.461060         -5.492400e-03     
   3.608938       1.538940         -6.325216e-03     
   3.608938       1.616714         -7.248942e-03     
   3.608938       1.694174         -8.266491e-03     
   3.608938       1.771110         -9.379103e-03     
   3.608938       1.847315         -1.058597e-02     
   3.608938       1.922584         -1.188387e-02     
   3.608938       1.996714         -1.326695e-02     
   3.608938       2.069505         -1.472648e-02     
   3.608938       2.140761         -1.625089e-02     
   3.608938       2.210289         -1.782591e-02     
   3.608938       2.277902         -1.943487e-02     
   3.608938       2.343418         -2.105922e-02     
   3.608938       2.406661         -2.267921e-02     
   3.608938       2.467459         -2.427464e-02     
   3.608938       2.525649         -2.582574e-02     
   3.608938       2.581075         -2.731395e-02     
   3.608938       2.633586         -2.872275e-02     
   3.608938       2.683041         -3.003825e-02     
   3.608938       2.729306         -3.124964e-02     
   3.608938       2.772258         -3.234941e-02     
   3.608938       2.811780         -3.333336e-02     
   3.608938       2.847765         -3.420041e-02     
   3.608938       2.880118         -3.495220e-02     
   3.608938       2.908749         -3.559253e-02     
   3.608938       2.933583         -3.612681e-02     
   3.608938       2.954553         -3.656130e-02     
   3.608938       2.971601         -3.690255e-02     
   3.608938       2.984682         -3.715671e-02     
   3.608938       2.993761         -3.732904e-02     
   3.608938       2.998815         -3.742349e-02     
   3.608938       3.004739         -3.753283e-02     
   3.608938       3.024957         -3.789447e-02     
   3.608938       3.061273         -3.849699e-02     
   3.608938       3.113597         -3.924932e-02     
   3.608938       3.181789         -4.000122e-02     
   3.608938       3.265666         -4.052755e-02     
   3.608938       3.365002         -4.051808e-02     
   3.608938       3.479529         -3.958925e-02     
   3.608938       3.608938         -3.734419e-02     
   3.608938       3.752880         -3.350501e-02     
   3.608938       3.910968         -2.809641e-02     
   3.608938       4.082775         -2.158048e-02     
   3.608938       4.267838         -1.482192e-02     
   3.608938       4.465657         -8.839818e-03     
   3.608938       4.675701         -4.416337e-03     
   3.608938       4.897402         -1.769717e-03     
   3.608938       5.130163         -5.413795e-04     
   3.608938       5.373356         -1.214772e-04     
   3.608938       5.626327         -2.107871e-05     
   3.608938       5.888392         -3.902663e-06     
   3.608938       6.158845         -8.955482e-07     
   3.608938       6.436958         -1.580083e-07     
   3.608938       6.721980         -1.181272e-08     
   3.608938       7.013143         1.522311e-09      
   3.608938       7.309662         4.958676e-10      
   3.608938       7.610739         4.510207e-11      
   3.608938       7.915560         -1.606448e-12     
   3.608938       8.223305         -7.248018e-13     
   3.608938       8.533144         -5.129816e-14     
   3.608938       8.844241         2.212265e-15      
   3.608938       9.155759         5.429332e-16      
   3.608938       9.466856         1.873989e-17      
   3.608938       9.776695         -2.100238e-18     
   3.608938       10.084440        -1.942196e-19     
   3.608938       10.389261        1.337622e-21      
   3.608938       10.690338        8.605713e-22      
   3.608938       10.986857        2.574381e-23      
   3.608938       11.278020        -2.288464e-24     
   3.608938       11.563042        -1.690090e-25     
   3.608938       11.841155        2.387521e-27      
   3.608938       12.111608        6.944159e-28      
   3.608938       12.373673        1.586334e-29      
   3.608938       12.626644        -8.329029e-30     
   3.608938       12.869837        8.682368e-29      
   3.608938       13.102598        2.660962e-27      
   3.608938       13.324299        4.230079e-26      
   3.608938       13.534343        5.109600e-25      
   3.608938       13.732162        5.063646e-24      
   3.608938       13.917225        4.293052e-23      
   3.608938       14.089032        3.190540e-22      
   3.608938       14.247120        2.001514e-21      
   3.608938       14.391062        1.001904e-20      
   3.608938       14.520471        4.126200e-20      
   3.608938       14.634998        1.729450e-19      
   3.608938       14.734334        8.874246e-19      
   3.608938       14.818211        4.435167e-18      
   3.608938       14.886403        1.688706e-17      
   3.608938       14.938727        4.595580e-17      
   3.608938       14.975043        9.013329e-17      
   3.608938       14.995261        1.300018e-16      
   3.752880       0.001185         -1.521864e-09     
   3.752880       0.006239         -4.220249e-08     
   3.752880       0.015318         -2.543970e-07     
   3.752880       0.028399         -8.745214e-07     
   3.752880       0.045447         -2.240297e-06     
   3.752880       0.066417         -4.787254e-06     
   3.752880       0.091251         -9.045051e-06     
   3.752880       0.119882         -1.563426e-05     
   3.752880       0.152235         -2.526429e-05     
   3.752880       0.188220         -3.873314e-05     
   3.752880       0.227742         -5.692966e-05     
   3.752880       0.270694         -8.083887e-05     
   3.752880       0.316959         -1.115509e-04     
   3.752880       0.366414         -1.502738e-04     
   3.752880       0.418925         -1.983501e-04     
   3.752880       0.474351         -2.572781e-04     
   3.752880       0.532541         -3.287358e-04     
   3.752880       0.593339         -4.146091e-04     
   3.752880       0.656582         -5.170214e-04     
   3.752880       0.722098         -6.383649e-04     
   3.752880       0.789711         -7.813306e-04     
   3.752880       0.859239         -9.489367e-04     
   3.752880       0.930495         -1.144550e-03     
   3.752880       1.003286         -1.371898e-03     
   3.752880       1.077416         -1.635070e-03     
   3.752880       1.152685         -1.938498e-03     
   3.752880       1.228890         -2.286912e-03     
   3.752880       1.305826         -2.685275e-03     
   3.752880       1.383286         -3.138667e-03     
   3.752880       1.461060         -3.652151e-03     
   3.752880       1.538940         -4.230576e-03     
   3.752880       1.616714         -4.878355e-03     
   3.752880       1.694174         -5.599195e-03     
   3.752880       1.771110         -6.395798e-03     
   3.752880       1.847315         -7.269550e-03     
   3.752880       1.922584         -8.220210e-03     
   3.752880       1.996714         -9.245628e-03     
   3.752880       2.069505         -1.034152e-02     
   3.752880       2.140761         -1.150133e-02     
   3.752880       2.210289         -1.271619e-02     
   3.752880       2.277902         -1.397505e-02     
   3.752880       2.343418         -1.526490e-02     
   3.752880       2.406661         -1.657119e-02     
   3.752880       2.467459         -1.787828e-02     
   3.752880       2.525649         -1.917013e-02     
   3.752880       2.581075         -2.043085e-02     
   3.752880       2.633586         -2.164541e-02     
   3.752880       2.683041         -2.280020e-02     
   3.752880       2.729306         -2.388349e-02     
   3.752880       2.772258         -2.488578e-02     
   3.752880       2.811780         -2.579997e-02     
   3.752880       2.847765         -2.662137e-02     
   3.752880       2.880118         -2.734752e-02     
   3.752880       2.908749         -2.797792e-02     
   3.752880       2.933583         -2.851365e-02     
   3.752880       2.954553         -2.895687e-02     
   3.752880       2.971601         -2.931038e-02     
   3.752880       2.984682         -2.957715e-02     
   3.752880       2.993761         -2.975988e-02     
   3.752880       2.998815         -2.986071e-02     
   3.752880       3.004739         -2.997806e-02     
   3.752880       3.024957         -3.037148e-02     
   3.752880       3.061273         -3.104851e-02     
   3.752880       3.113597         -3.194819e-02     
   3.752880       3.181789         -3.296383e-02     
   3.752880       3.265666         -3.392454e-02     
   3.752880       3.365002         -3.457633e-02     
   3.752880       3.479529         -3.457394e-02     
   3.752880       3.608938         -3.350501e-02     
   3.752880       3.752880         -3.098004e-02     
   3.752880       3.910968         -2.681079e-02     
   3.752880       4.082775         -2.122318e-02     
   3.752880       4.267838         -1.494532e-02     
   3.752880       4.465657         -9.032449e-03     
   3.752880       4.675701         -4.454873e-03     
   3.752880       4.897402         -1.654819e-03     
   3.752880       5.130163         -3.907320e-04     
   3.752880       5.373356         -2.379007e-05     
   3.752880       5.626327         1.644080e-05      
   3.752880       5.888392         4.132932e-06      
   3.752880       6.158845         -3.103366e-07     
   3.752880       6.436958         -2.837718e-07     
   3.752880       6.721980         -4.570657e-08     
   3.752880       7.013143         -8.240797e-10     
   3.752880       7.309662         7.609884e-10      
   3.752880       7.610739         1.123655e-10      
   3.752880       7.915560         2.437889e-12      
   3.752880       8.223305         -1.063326e-12     
   3.752880       8.533144         -1.183096e-13     
   3.752880       8.844241         -1.001024e-16     
   3.752880       9.155759         8.623506e-16      
   3.752880       9.466856         5.145468e-17      
   3.752880       9.776695         -2.169522e-18     
   3.752880       10.084440        -3.558528e-19     
   3.752880       10.389261        -4.935670e-21     
   3.752880       10.690338        1.277778e-21      
   3.752880       10.986857        6.387075e-23      
   3.752880       11.278020        -2.516656e-24     
   3.752880       11.563042        -3.096792e-25     
   3.752880       11.841155        -1.486236e-27     
   3.752880       12.111608        1.058227e-27      
   3.752880       12.373673        4.427311e-29      
   3.752880       12.626644        -6.163105e-30     
   3.752880       12.869837        5.112723e-29      
   3.752880       13.102598        1.587417e-27      
   3.752880       13.324299        2.531061e-26      
   3.752880       13.534343        3.063402e-25      
   3.752880       13.732162        3.039918e-24      
   3.752880       13.917225        2.579528e-23      
   3.752880       14.089032        1.918206e-22      
   3.752880       14.247120        1.203924e-21      
   3.752880       14.391062        6.029247e-21      
   3.752880       14.520471        2.484192e-20      
   3.752880       14.634998        1.041702e-19      
   3.752880       14.734334        5.347125e-19      
   3.752880       14.818211        2.672960e-18      
   3.752880       14.886403        1.017894e-17      
   3.752880       14.938727        2.770382e-17      
   3.752880       14.975043        5.434020e-17      
   3.752880       14.995261        7.838018e-17      
   3.910968       0.001185         -8.734039e-10     
   3.910968       0.006239         -2.422020e-08     
   3.910968       0.015318         -1.460004e-07     
   3.910968       0.028399         -5.019028e-07     
   3.910968       0.045447         -1.285791e-06     
   3.910968       0.066417         -2.747768e-06     
   3.910968       0.091251         -5.192218e-06     
   3.910968       0.119882         -8.976227e-06     
   3.910968       0.152235         -1.450882e-05     
   3.910968       0.188220         -2.225147e-05     
   3.910968       0.227742         -3.272028e-05     
   3.910968       0.270694         -4.649031e-05     
   3.910968       0.316959         -6.420224e-05     
   3.910968       0.366414         -8.657178e-05     
   3.910968       0.418925         -1.144019e-04     
   3.910968       0.474351         -1.485979e-04     
   3.910968       0.532541         -1.901855e-04     
   3.910968       0.593339         -2.403313e-04     
   3.910968       0.656582         -3.003660e-04     
   3.910968       0.722098         -3.718088e-04     
   3.910968       0.789711         -4.563930e-04     
   3.910968       0.859239         -5.560911e-04     
   3.910968       0.930495         -6.731385e-04     
   3.910968       1.003286         -8.100522e-04     
   3.910968       1.077416         -9.696442e-04     
   3.910968       1.152685         -1.155023e-03     
   3.910968       1.228890         -1.369586e-03     
   3.910968       1.305826         -1.616986e-03     
   3.910968       1.383286         -1.901084e-03     
   3.910968       1.461060         -2.225870e-03     
   3.910968       1.538940         -2.595356e-03     
   3.910968       1.616714         -3.013434e-03     
   3.910968       1.694174         -3.483700e-03     
   3.910968       1.771110         -4.009253e-03     
   3.910968       1.847315         -4.592462e-03     
   3.910968       1.922584         -5.234725e-03     
   3.910968       1.996714         -5.936226e-03     
   3.910968       2.069505         -6.695715e-03     
   3.910968       2.140761         -7.510323e-03     
   3.910968       2.210289         -8.375446e-03     
   3.910968       2.277902         -9.284715e-03     
   3.910968       2.343418         -1.023005e-02     
   3.910968       2.406661         -1.120186e-02     
   3.910968       2.467459         -1.218926e-02     
   3.910968       2.525649         -1.318050e-02     
   3.910968       2.581075         -1.416338e-02     
   3.910968       2.633586         -1.512569e-02     
   3.910968       2.683041         -1.605569e-02     
   3.910968       2.729306         -1.694257e-02     
   3.910968       2.772258         -1.777674e-02     
   3.910968       2.811780         -1.855012e-02     
   3.910968       2.847765         -1.925626e-02     
   3.910968       2.880118         -1.989035e-02     
   3.910968       2.908749         -2.044913e-02     
   3.910968       2.933583         -2.093068e-02     
   3.910968       2.954553         -2.133421e-02     
   3.910968       2.971601         -2.165968e-02     
   3.910968       2.984682         -2.190759e-02     
   3.910968       2.993761         -2.207861e-02     
   3.910968       2.998815         -2.217343e-02     
   3.910968       3.004739         -2.228419e-02     
   3.910968       3.024957         -2.265889e-02     
   3.910968       3.061273         -2.331742e-02     
   3.910968       3.113597         -2.422620e-02     
   3.910968       3.181789         -2.532041e-02     
   3.910968       3.265666         -2.648598e-02     
   3.910968       3.365002         -2.753743e-02     
   3.910968       3.479529         -2.819789e-02     
   3.910968       3.608938         -2.809641e-02     
   3.910968       3.752880         -2.681079e-02     
   3.910968       3.910968         -2.399505e-02     
   3.910968       4.082775         -1.960579e-02     
   3.910968       4.267838         -1.412277e-02     
   3.910968       4.465657         -8.533426e-03     
   3.910968       4.675701         -3.961714e-03     
   3.910968       4.897402         -1.113418e-03     
   3.910968       5.130163         7.524354e-05      
   3.910968       5.373356         2.603843e-04      
   3.910968       5.626327         1.332218e-04      
   3.910968       5.888392         3.414972e-05      
   3.910968       6.158845         3.684095e-06      
   3.910968       6.436958         -2.668892e-07     
   3.910968       6.721980         -1.202146e-07     
   3.910968       7.013143         -1.004374e-08     
   3.910968       7.309662         8.447618e-10      
   3.910968       7.610739         2.490311e-10      
   3.910968       7.915560         1.562867e-11      
   3.910968       8.223305         -1.255797e-12     
   3.910968       8.533144         -2.529054e-13     
   3.910968       8.844241         -8.399877e-15     
   3.910968       9.155759         1.251554e-15      
   3.910968       9.466856         1.232243e-16      
   3.910968       9.776695         -6.735135e-19     
   3.910968       10.084440        -6.310809e-19     
   3.910968       10.389261        -2.235961e-20     
   3.910968       10.690338        1.733930e-21      
   3.910968       10.986857        1.442687e-22      
   3.910968       11.278020        -1.501219e-24     
   3.910968       11.563042        -5.551357e-25     
   3.910968       11.841155        -1.303614e-26     
   3.910968       12.111608        1.524010e-27      
   3.910968       12.373673        1.040226e-28      
   3.910968       12.626644        -3.907714e-30     
   3.910968       12.869837        2.716547e-29      
   3.910968       13.102598        8.640850e-28      
   3.910968       13.324299        1.382510e-26      
   3.910968       13.534343        1.677059e-25      
   3.910968       13.732162        1.666696e-24      
   3.910968       13.917225        1.415618e-23      
   3.910968       14.089032        1.053365e-22      
   3.910968       14.247120        6.614698e-22      
   3.910968       14.391062        3.314286e-21      
   3.910968       14.520471        1.366248e-20      
   3.910968       14.634998        5.732013e-20      
   3.910968       14.734334        2.943424e-19      
   3.910968       14.818211        1.471735e-18      
   3.910968       14.886403        5.605500e-18      
   3.910968       14.938727        1.525841e-17      
   3.910968       14.975043        2.993174e-17      
   3.910968       14.995261        4.317582e-17      
   4.082775       0.001185         -4.474438e-10     
   4.082775       0.006239         -1.240800e-08     
   4.082775       0.015318         -7.479643e-08     
   4.082775       0.028399         -2.571312e-07     
   4.082775       0.045447         -6.587546e-07     
   4.082775       0.066417         -1.407885e-06     
   4.082775       0.091251         -2.660705e-06     
   4.082775       0.119882         -4.600713e-06     
   4.082775       0.152235         -7.438591e-06     
   4.082775       0.188220         -1.141286e-05     
   4.082775       0.227742         -1.679153e-05     
   4.082775       0.270694         -2.387509e-05     
   4.082775       0.316959         -3.300086e-05     
   4.082775       0.366414         -4.454910e-05     
   4.082775       0.418925         -5.895087e-05     
   4.082775       0.474351         -7.669772e-05     
   4.082775       0.532541         -9.835346e-05     
   4.082775       0.593339         -1.245677e-04     
   4.082775       0.656582         -1.560914e-04     
   4.082775       0.722098         -1.937938e-04     
   4.082775       0.789711         -2.386811e-04     
   4.082775       0.859239         -2.919157e-04     
   4.082775       0.930495         -3.548353e-04     
   4.082775       1.003286         -4.289716e-04     
   4.082775       1.077416         -5.160660e-04     
   4.082775       1.152685         -6.180811e-04     
   4.082775       1.228890         -7.372061e-04     
   4.082775       1.305826         -8.758522e-04     
   4.082775       1.383286         -1.036635e-03     
   4.082775       1.461060         -1.222344e-03     
   4.082775       1.538940         -1.435888e-03     
   4.082775       1.616714         -1.680219e-03     
   4.082775       1.694174         -1.958238e-03     
   4.082775       1.771110         -2.272670e-03     
   4.082775       1.847315         -2.625912e-03     
   4.082775       1.922584         -3.019875e-03     
   4.082775       1.996714         -3.455800e-03     
   4.082775       2.069505         -3.934083e-03     
   4.082775       2.140761         -4.454107e-03     
   4.082775       2.210289         -5.014107e-03     
   4.082775       2.277902         -5.611071e-03     
   4.082775       2.343418         -6.240710e-03     
   4.082775       2.406661         -6.897485e-03     
   4.082775       2.467459         -7.574719e-03     
   4.082775       2.525649         -8.264776e-03     
   4.082775       2.581075         -8.959310e-03     
   4.082775       2.633586         -9.649554e-03     
   4.082775       2.683041         -1.032665e-02     
   4.082775       2.729306         -1.098194e-02     
   4.082775       2.772258         -1.160731e-02     
   4.082775       2.811780         -1.219538e-02     
   4.082775       2.847765         -1.273973e-02     
   4.082775       2.880118         -1.323497e-02     
   4.082775       2.908749         -1.367677e-02     
   4.082775       2.933583         -1.406184e-02     
   4.082775       2.954553         -1.438779e-02     
   4.082775       2.971601         -1.465300e-02     
   4.082775       2.984682         -1.485645e-02     
   4.082775       2.993761         -1.499757e-02     
   4.082775       2.998815         -1.507608e-02     
   4.082775       3.004739         -1.516805e-02     
   4.082775       3.024957         -1.548128e-02     
   4.082775       3.061273         -1.604025e-02     
   4.082775       3.113597         -1.683215e-02     
   4.082775       3.181789         -1.782600e-02     
   4.082775       3.265666         -1.895761e-02     
   4.082775       3.365002         -2.010838e-02     
   4.082775       3.479529         -2.108091e-02     
   4.082775       3.608938         -2.158048e-02     
   4.082775       3.752880         -2.122318e-02     
   4.082775       3.910968         -1.960579e-02     
   4.082775       4.082775         -1.647848e-02     
   4.082775       4.267838         -1.201263e-02     
   4.082775       4.465657         -6.986201e-03     
   4.082775       4.675701         -2.586983e-03     
   4.082775       4.897402         1.940348e-04      
   4.082775       5.130163         1.159758e-03      
   4.082775       5.373356         9.515303e-04      
   4.082775       5.626327         4.467340e-04      
   4.082775       5.888392         1.282004e-04      
   4.082775       6.158845         2.025148e-05      
   4.082775       6.436958         8.789311e-07      
   4.082775       6.721980         -2.385199e-07     
   4.082775       7.013143         -3.897001e-08     
   4.082775       7.309662         -4.176778e-10     
   4.082775       7.610739         4.891713e-10      
   4.082775       7.915560         5.327513e-11      
   4.082775       8.223305         -2.825523e-13     
   4.082775       8.533144         -4.995702e-13     
   4.082775       8.844241         -3.309341e-14     
   4.082775       9.155759         1.349058e-15      
   4.082775       9.466856         2.727996e-16      
   4.082775       9.776695         6.075419e-18      
   4.082775       10.084440        -1.035802e-18     
   4.082775       10.389261        -6.675186e-20     
   4.082775       10.690338        1.723046e-21      
   4.082775       10.986857        3.067051e-22      
   4.082775       11.278020        3.779517e-24      
   4.082775       11.563042        -9.430782e-25     
   4.082775       11.841155        -4.365035e-26     
   4.082775       12.111608        1.833130e-27      
   4.082775       12.373673        2.262244e-28      
   4.082775       12.626644        7.679171e-31      
   4.082775       12.869837        1.247439e-29      
   4.082775       13.102598        4.226036e-28      
   4.082775       13.324299        6.789322e-27      
   4.082775       13.534343        8.257026e-26      
   4.082775       13.732162        8.219827e-25      
   4.082775       13.917225        6.988876e-24      
   4.082775       14.089032        5.204066e-23      
   4.082775       14.247120        3.269816e-22      
   4.082775       14.391062        1.639233e-21      
   4.082775       14.520471        6.761120e-21      
   4.082775       14.634998        2.838149e-20      
   4.082775       14.734334        1.458029e-19      
   4.082775       14.818211        7.292231e-19      
   4.082775       14.886403        2.777984e-18      
   4.082775       14.938727        7.562925e-18      
   4.082775       14.975043        1.483745e-17      
   4.082775       14.995261        2.140398e-17      
   4.267838       0.001185         -1.995503e-10     
   4.267838       0.006239         -5.533708e-09     
   4.267838       0.015318         -3.335790e-08     
   4.267838       0.028399         -1.146786e-07     
   4.267838       0.045447         -2.938147e-07     
   4.267838       0.066417         -6.279976e-07     
   4.267838       0.091251         -1.187014e-06     
   4.267838       0.119882         -2.053003e-06     
   4.267838       0.152235         -3.320538e-06     
   4.267838       0.188220         -5.097129e-06     
   4.267838       0.227742         -7.504259e-06     
   4.267838       0.270694         -1.067911e-05     
   4.267838       0.316959         -1.477705e-05     
   4.267838       0.366414         -1.997506e-05     
   4.267838       0.418925         -2.647609e-05     
   4.267838       0.474351         -3.451458e-05     
   4.267838       0.532541         -4.436301e-05     
   4.267838       0.593339         -5.633977e-05     
   4.267838       0.656582         -7.081824e-05     
   4.267838       0.722098         -8.823703e-05     
   4.267838       0.789711         -1.091115e-04     
   4.267838       0.859239         -1.340464e-04     
   4.267838       0.930495         -1.637486e-04     
   4.267838       1.003286         -1.990415e-04     
   4.267838       1.077416         -2.408777e-04     
   4.267838       1.152685         -2.903513e-04     
   4.267838       1.228890         -3.487073e-04     
   4.267838       1.305826         -4.173477e-04     
   4.267838       1.383286         -4.978310e-04     
   4.267838       1.461060         -5.918638e-04     
   4.267838       1.538940         -7.012822e-04     
   4.267838       1.616714         -8.280200e-04     
   4.267838       1.694174         -9.740614e-04     
   4.267838       1.771110         -1.141378e-03     
   4.267838       1.847315         -1.331846e-03     
   4.267838       1.922584         -1.547153e-03     
   4.267838       1.996714         -1.788679e-03     
   4.267838       2.069505         -2.057385e-03     
   4.267838       2.140761         -2.353681e-03     
   4.267838       2.210289         -2.677320e-03     
   4.267838       2.277902         -3.027292e-03     
   4.267838       2.343418         -3.401762e-03     
   4.267838       2.406661         -3.798032e-03     
   4.267838       2.467459         -4.212557e-03     
   4.267838       2.525649         -4.641011e-03     
   4.267838       2.581075         -5.078395e-03     
   4.267838       2.633586         -5.519194e-03     
   4.267838       2.683041         -5.957565e-03     
   4.267838       2.729306         -6.387540e-03     
   4.267838       2.772258         -6.803235e-03     
   4.267838       2.811780         -7.199040e-03     
   4.267838       2.847765         -7.569783e-03     
   4.267838       2.880118         -7.910850e-03     
   4.267838       2.908749         -8.218264e-03     
   4.267838       2.933583         -8.488710e-03     
   4.267838       2.954553         -8.719527e-03     
   4.267838       2.971601         -8.908654e-03     
   4.267838       2.984682         -9.054571e-03     
   4.267838       2.993761         -9.156211e-03     
   4.267838       2.998815         -9.212916e-03     
   4.267838       3.004739         -9.279480e-03     
   4.267838       3.024957         -9.507387e-03     
   4.267838       3.061273         -9.918872e-03     
   4.267838       3.113597         -1.051327e-02     
   4.267838       3.181789         -1.128132e-02     
   4.267838       3.265666         -1.219424e-02     
   4.267838       3.365002         -1.318652e-02     
   4.267838       3.479529         -1.413265e-02     
   4.267838       3.608938         -1.482192e-02     
   4.267838       3.752880         -1.494532e-02     
   4.267838       3.910968         -1.412277e-02     
   4.267838       4.082775         -1.201263e-02     
   4.267838       4.267838         -8.537055e-03     
   4.267838       4.465657         -4.170487e-03     
   4.267838       4.675701         -1.548660e-05     
   4.267838       4.897402         2.672548e-03      
   4.267838       5.130163         3.317761e-03      
   4.267838       5.373356         2.452140e-03      
   4.267838       5.626327         1.214198e-03      
   4.267838       5.888392         3.969746e-04      
   4.267838       6.158845         7.910405e-05      
   4.267838       6.436958         7.528072e-06      
   4.267838       6.721980         -1.868693e-07     
   4.267838       7.013143         -1.154394e-07     
   4.267838       7.309662         -7.560957e-09     
   4.267838       7.610739         7.363411e-10      
   4.267838       7.915560         1.509148e-10      
   4.267838       8.223305         5.654376e-12      
   4.267838       8.533144         -8.473451e-13     
   4.267838       8.844241         -9.962519e-14     
   4.267838       9.155759         -4.478489e-16     
   4.267838       9.466856         5.535243e-16      
   4.267838       9.776695         2.846367e-17      
   4.267838       10.084440        -1.364790e-18     
   4.267838       10.389261        -1.722600e-19     
   4.267838       10.690338        -7.323766e-22     
   4.267838       10.986857        6.064046e-22      
   4.267838       11.278020        2.180210e-23      
   4.267838       11.563042        -1.390528e-24     
   4.267838       11.841155        -1.189396e-25     
   4.267838       12.111608        8.329280e-28      
   4.267838       12.373673        4.590021e-28      
   4.267838       12.626644        1.418006e-29      
   4.267838       12.869837        4.321899e-30      
   4.267838       13.102598        1.820044e-28      
   4.267838       13.324299        2.939825e-27      
   4.267838       13.534343        3.586029e-26      
   4.267838       13.732162        3.576738e-25      
   4.267838       13.917225        3.044702e-24      
   4.267838       14.089032        2.268924e-23      
   4.267838       14.247120        1.426524e-22      
   4.267838       14.391062        7.155838e-22      
   4.267838       14.520471        2.953257e-21      
   4.267838       14.634998        1.240448e-20      
   4.267838       14.734334        6.375492e-20      
   4.267838       14.818211        3.189634e-19      
   4.267838       14.886403        1.215366e-18      
   4.267838       14.938727        3.309343e-18      
   4.267838       14.975043        6.493284e-18      
   4.267838       14.995261        9.367635e-18      
   4.465657       0.001185         -7.482430e-11     
   4.465657       0.006239         -2.074949e-09     
   4.465657       0.015318         -1.250818e-08     
   4.465657       0.028399         -4.300220e-08     
   4.465657       0.045447         -1.101817e-07     
   4.465657       0.066417         -2.355297e-07     
   4.465657       0.091251         -4.452765e-07     
   4.465657       0.119882         -7.703655e-07     
   4.465657       0.152235         -1.246551e-06     
   4.465657       0.188220         -1.914683e-06     
   4.465657       0.227742         -2.821245e-06     
   4.465657       0.270694         -4.019188e-06     
   4.465657       0.316959         -5.569132e-06     
   4.465657       0.366414         -7.540979e-06     
   4.465657       0.418925         -1.001600e-05     
   4.465657       0.474351         -1.308943e-05     
   4.465657       0.532541         -1.687368e-05     
   4.465657       0.593339         -2.150217e-05     
   4.465657       0.656582         -2.713385e-05     
   4.465657       0.722098         -3.395844e-05     
   4.465657       0.789711         -4.220255e-05     
   4.465657       0.859239         -5.213644e-05     
   4.465657       0.930495         -6.408161e-05     
   4.465657       1.003286         -7.841902e-05     
   4.465657       1.077416         -9.559765e-05     
   4.465657       1.152685         -1.161432e-04     
   4.465657       1.228890         -1.406664e-04     
   4.465657       1.305826         -1.698698e-04     
   4.465657       1.383286         -2.045533e-04     
   4.465657       1.461060         -2.456153e-04     
   4.465657       1.538940         -2.940498e-04     
   4.465657       1.616714         -3.509375e-04     
   4.465657       1.694174         -4.174282e-04     
   4.465657       1.771110         -4.947143e-04     
   4.465657       1.847315         -5.839937e-04     
   4.465657       1.922584         -6.864214e-04     
   4.465657       1.996714         -8.030503e-04     
   4.465657       2.069505         -9.347626e-04     
   4.465657       2.140761         -1.082195e-03     
   4.465657       2.210289         -1.245663e-03     
   4.465657       2.277902         -1.425086e-03     
   4.465657       2.343418         -1.619924e-03     
   4.465657       2.406661         -1.829136e-03     
   4.465657       2.467459         -2.051150e-03     
   4.465657       2.525649         -2.283875e-03     
   4.465657       2.581075         -2.524734e-03     
   4.465657       2.633586         -2.770729e-03     
   4.465657       2.683041         -3.018535e-03     
   4.465657       2.729306         -3.264610e-03     
   4.465657       2.772258         -3.505320e-03     
   4.465657       2.811780         -3.737066e-03     
   4.465657       2.847765         -3.956396e-03     
   4.465657       2.880118         -4.160105e-03     
   4.465657       2.908749         -4.345315e-03     
   4.465657       2.933583         -4.509518e-03     
   4.465657       2.954553         -4.650607e-03     
   4.465657       2.971601         -4.766870e-03     
   4.465657       2.984682         -4.856978e-03     
   4.465657       2.993761         -4.919956e-03     
   4.465657       2.998815         -4.955168e-03     
   4.465657       3.004739         -4.996571e-03     
   4.465657       3.024957         -5.138908e-03     
   4.465657       3.061273         -5.398199e-03     
   4.465657       3.113597         -5.778179e-03     
   4.465657       3.181789         -6.279356e-03     
   4.465657       3.265666         -6.891895e-03     
   4.465657       3.365002         -7.583335e-03     
   4.465657       3.479529         -8.279590e-03     
   4.465657       3.608938         -8.839818e-03     
   4.465657       3.752880         -9.032449e-03     
   4.465657       3.910968         -8.533426e-03     
   4.465657       4.082775         -6.986201e-03     
   4.465657       4.267838         -4.170487e-03     
   4.465657       4.465657         -2.878684e-04     
   4.465657       4.675701         3.773103e-03      
   4.465657       4.897402         6.589699e-03      
   4.465657       5.130163         7.066225e-03      
   4.465657       5.373356         5.387409e-03      
   4.465657       5.626327         2.942263e-03      
   4.465657       5.888392         1.110618e-03      
   4.465657       6.158845         2.705513e-04      
   4.465657       6.436958         3.706419e-05      
   4.465657       6.721980         1.583942e-06      
   4.465657       7.013143         -2.568388e-07     
   4.465657       7.309662         -3.585871e-08     
   4.465657       7.610739         4.715903e-11      
   4.465657       7.915560         3.708376e-10      
   4.465657       8.223305         2.919834e-11      
   4.465657       8.533144         -8.387871e-13     
   4.465657       8.844241         -2.615573e-13     
   4.465657       9.155759         -9.993998e-15     
   4.465657       9.466856         9.426996e-16      
   4.465657       9.776695         9.337612e-17      
   4.465657       10.084440        -3.955574e-19     
   4.465657       10.389261        -3.992419e-19     
   4.465657       10.690338        -1.224769e-20     
   4.465657       10.986857        1.036856e-21      
   4.465657       11.278020        7.452516e-23      
   4.465657       11.563042        -1.192396e-24     
   4.465657       11.841155        -2.890519e-25     
   4.465657       12.111608        -5.564807e-27     
   4.465657       12.373673        8.270231e-28      
   4.465657       12.626644        5.227828e-29      
   4.465657       12.869837        6.999136e-31      
   4.465657       13.102598        6.705036e-29      
   4.465657       13.324299        1.094030e-27      
   4.465657       13.534343        1.339252e-26      
   4.465657       13.732162        1.338786e-25      
   4.465657       13.917225        1.141216e-24      
   4.465657       14.089032        8.512180e-24      
   4.465657       14.247120        5.355777e-23      
   4.465657       14.391062        2.688460e-22      
   4.465657       14.520471        1.110292e-21      
   4.465657       14.634998        4.666610e-21      
   4.465657       14.734334        2.399739e-20      
   4.465657       14.818211        1.201002e-19      
   4.465657       14.886403        4.577442e-19      
   4.465657       14.938727        1.246649e-18      
   4.465657       14.975043        2.446408e-18      
   4.465657       14.995261        3.529633e-18      
   4.675701       0.001185         -2.234809e-11     
   4.675701       0.006239         -6.197354e-10     
   4.675701       0.015318         -3.735934e-09     
   4.675701       0.028399         -1.284438e-08     
   4.675701       0.045447         -3.291324e-08     
   4.675701       0.066417         -7.036863e-08     
   4.675701       0.091251         -1.330711e-07     
   4.675701       0.119882         -2.303226e-07     
   4.675701       0.152235         -3.729237e-07     
   4.675701       0.188220         -5.733009e-07     
   4.675701       0.227742         -8.457264e-07     
   4.675701       0.270694         -1.206650e-06     
   4.675701       0.316959         -1.675169e-06     
   4.675701       0.366414         -2.273654e-06     
   4.675701       0.418925         -3.028561e-06     
   4.675701       0.474351         -3.971461e-06     
   4.675701       0.532541         -5.140303e-06     
   4.675701       0.593339         -6.580965e-06     
   4.675701       0.656582         -8.349129e-06     
   4.675701       0.722098         -1.051250e-05     
   4.675701       0.789711         -1.315346e-05     
   4.675701       0.859239         -1.637209e-05     
   4.675701       0.930495         -2.028979e-05     
   4.675701       1.003286         -2.505320e-05     
   4.675701       1.077416         -3.083868e-05     
   4.675701       1.152685         -3.785711e-05     
   4.675701       1.228890         -4.635887e-05     
   4.675701       1.305826         -5.663877e-05     
   4.675701       1.383286         -6.904057e-05     
   4.675701       1.461060         -8.396057e-05     
   4.675701       1.538940         -1.018496e-04     
   4.675701       1.616714         -1.232127e-04     
   4.675701       1.694174         -1.486051e-04     
   4.675701       1.771110         -1.786249e-04     
   4.675701       1.847315         -2.138991e-04     
   4.675701       1.922584         -2.550648e-04     
   4.675701       1.996714         -3.027434e-04     
   4.675701       2.069505         -3.575087e-04     
   4.675701       2.140761         -4.198488e-04     
   4.675701       2.210289         -4.901250e-04     
   4.675701       2.277902         -5.685284e-04     
   4.675701       2.343418         -6.550383e-04     
   4.675701       2.406661         -7.493866e-04     
   4.675701       2.467459         -8.510310e-04     
   4.675701       2.525649         -9.591418e-04     
   4.675701       2.581075         -1.072604e-03     
   4.675701       2.633586         -1.190039e-03     
   4.675701       2.683041         -1.309839e-03     
   4.675701       2.729306         -1.430219e-03     
   4.675701       2.772258         -1.549281e-03     
   4.675701       2.811780         -1.665082e-03     
   4.675701       2.847765         -1.775701e-03     
   4.675701       2.880118         -1.879307e-03     
   4.675701       2.908749         -1.974206e-03     
   4.675701       2.933583         -2.058890e-03     
   4.675701       2.954553         -2.132055e-03     
   4.675701       2.971601         -2.192621e-03     
   4.675701       2.984682         -2.239730e-03     
   4.675701       2.993761         -2.272743e-03     
   4.675701       2.998815         -2.291231e-03     
   4.675701       3.004739         -2.312998e-03     
   4.675701       3.024957         -2.388060e-03     
   4.675701       3.061273         -2.525697e-03     
   4.675701       3.113597         -2.729429e-03     
   4.675701       3.181789         -3.001650e-03     
   4.675701       3.265666         -3.339290e-03     
   4.675701       3.365002         -3.725618e-03     
   4.675701       3.479529         -4.116058e-03     
   4.675701       3.608938         -4.416337e-03     
   4.675701       3.752880         -4.454873e-03     
   4.675701       3.910968         -3.961714e-03     
   4.675701       4.082775         -2.586983e-03     
   4.675701       4.267838         -1.548660e-05     
   4.675701       4.465657         3.773103e-03      
   4.675701       4.675701         8.149185e-03      
   4.675701       4.897402         1.167071e-02      
   4.675701       5.130163         1.264548e-02      
   4.675701       5.373356         1.047578e-02      
   4.675701       5.626327         6.476547e-03      
   4.675701       5.888392         2.860475e-03      
   4.675701       6.158845         8.477022e-04      
   4.675701       6.436958         1.529169e-04      
   4.675701       6.721980         1.334260e-05      
   4.675701       7.013143         -1.324335e-07     
   4.675701       7.309662         -1.255041e-07     
   4.675701       7.610739         -6.580307e-09     
   4.675701       7.915560         6.995497e-10      
   4.675701       8.223305         1.076909e-10      
   4.675701       8.533144         2.202404e-12      
   4.675701       8.844241         -5.850611e-13     
   4.675701       9.155759         -4.627315e-14     
   4.675701       9.466856         8.078576e-16      
   4.675701       9.776695         2.598940e-16      
   4.675701       10.084440        6.972199e-18      
   4.675701       10.389261        -7.866779e-19     
   4.675701       10.690338        -5.262451e-20     
   4.675701       10.986857        1.090399e-21      
   4.675701       11.278020        2.114795e-22      
   4.675701       11.563042        2.823428e-24      
   4.675701       11.841155        -6.163024e-25     
   4.675701       12.111608        -3.016787e-26     
   4.675701       12.373673        1.068697e-27      
   4.675701       12.626644        1.502096e-28      
   4.675701       12.869837        2.019534e-30      
   4.675701       13.102598        1.989889e-29      
   4.675701       13.324299        3.373603e-28      
   4.675701       13.534343        4.148417e-27      
   4.675701       13.732162        4.158245e-26      
   4.675701       13.917225        3.550569e-25      
   4.675701       14.089032        2.651327e-24      
   4.675701       14.247120        1.669688e-23      
   4.675701       14.391062        8.388145e-23      
   4.675701       14.520471        3.466811e-22      
   4.675701       14.634998        1.458186e-21      
   4.675701       14.734334        7.502960e-21      
   4.675701       14.818211        3.756572e-20      
   4.675701       14.886403        1.432206e-19      
   4.675701       14.938727        3.901490e-19      
   4.675701       14.975043        7.657530e-19      
   4.675701       14.995261        1.104921e-18      
   4.897402       0.001185         -4.775260e-12     
   4.897402       0.006239         -1.324235e-10     
   4.897402       0.015318         -7.983041e-10     
   4.897402       0.028399         -2.744816e-09     
   4.897402       0.045447         -7.034589e-09     
   4.897402       0.066417         -1.504436e-08     
   4.897402       0.091251         -2.846359e-08     
   4.897402       0.119882         -4.930242e-08     
   4.897402       0.152235         -7.991441e-08     
   4.897402       0.188220         -1.230396e-07     
   4.897402       0.227742         -1.818740e-07     
   4.897402       0.270694         -2.601721e-07     
   4.897402       0.316959         -3.623890e-07     
   4.897402       0.366414         -4.938708e-07     
   4.897402       0.418925         -6.611020e-07     
   4.897402       0.474351         -8.720206e-07     
   4.897402       0.532541         -1.136415e-06     
   4.897402       0.593339         -1.466418e-06     
   4.897402       0.656582         -1.877117e-06     
   4.897402       0.722098         -2.387300e-06     
   4.897402       0.789711         -3.020367e-06     
   4.897402       0.859239         -3.805428e-06     
   4.897402       0.930495         -4.778610e-06     
   4.897402       1.003286         -5.984611e-06     
   4.897402       1.077416         -7.478489e-06     
   4.897402       1.152685         -9.327719e-06     
   4.897402       1.228890         -1.161446e-05     
   4.897402       1.305826         -1.443803e-05     
   4.897402       1.383286         -1.791741e-05     
   4.897402       1.461060         -2.219368e-05     
   4.897402       1.538940         -2.743218e-05     
   4.897402       1.616714         -3.382399e-05     
   4.897402       1.694174         -4.158643e-05     
   4.897402       1.771110         -5.096200e-05     
   4.897402       1.847315         -6.221545e-05     
   4.897402       1.922584         -7.562820e-05     
   4.897402       1.996714         -9.148985e-05     
   4.897402       2.069505         -1.100864e-04     
   4.897402       2.140761         -1.316853e-04     
   4.897402       2.210289         -1.565173e-04     
   4.897402       2.277902         -1.847562e-04     
   4.897402       2.343418         -2.164980e-04     
   4.897402       2.406661         -2.517401e-04     
   4.897402       2.467459         -2.903633e-04     
   4.897402       2.525649         -3.321195e-04     
   4.897402       2.581075         -3.766243e-04     
   4.897402       2.633586         -4.233594e-04     
   4.897402       2.683041         -4.716830e-04     
   4.897402       2.729306         -5.208483e-04     
   4.897402       2.772258         -5.700305e-04     
   4.897402       2.811780         -6.183577e-04     
   4.897402       2.847765         -6.649453e-04     
   4.897402       2.880118         -7.089292e-04     
   4.897402       2.908749         -7.494960e-04     
   4.897402       2.933583         -7.859075e-04     
   4.897402       2.954553         -8.175184e-04     
   4.897402       2.971601         -8.437871e-04     
   4.897402       2.984682         -8.642798e-04     
   4.897402       2.993761         -8.786707e-04     
   4.897402       2.998815         -8.867408e-04     
   4.897402       3.004739         -8.962519e-04     
   4.897402       3.024957         -9.291263e-04     
   4.897402       3.061273         -9.896931e-04     
   4.897402       3.113597         -1.079922e-03     
   4.897402       3.181789         -1.201225e-03     
   4.897402       3.265666         -1.351908e-03     
   4.897402       3.365002         -1.521911e-03     
   4.897402       3.479529         -1.682728e-03     
   4.897402       3.608938         -1.769717e-03     
   4.897402       3.752880         -1.654819e-03     
   4.897402       3.910968         -1.113418e-03     
   4.897402       4.082775         1.940348e-04      
   4.897402       4.267838         2.672548e-03      
   4.897402       4.465657         6.589699e-03      
   4.897402       4.675701         1.167071e-02      
   4.897402       4.897402         1.665827e-02      
   4.897402       5.130163         1.938251e-02      
   4.897402       5.373356         1.799589e-02      
   4.897402       5.626327         1.285500e-02      
   4.897402       5.888392         6.738781e-03      
   4.897402       6.158845         2.442703e-03      
   4.897402       6.436958         5.655923e-04      
   4.897402       6.721980         7.319383e-05      
   4.897402       7.013143         3.324139e-06      
   4.897402       7.309662         -2.999914e-07     
   4.897402       7.610739         -4.008822e-08     
   4.897402       7.915560         1.691764e-10      
   4.897402       8.223305         3.264860e-10      
   4.897402       8.533144         2.013878e-11      
   4.897402       8.844241         -8.620461e-13     
   4.897402       9.155759         -1.622095e-13     
   4.897402       9.466856         -3.515204e-15     
   4.897402       9.776695         6.014531e-16      
   4.897402       10.084440        3.875947e-17      
   4.897402       10.389261        -9.503794e-19     
   4.897402       10.690338        -1.726937e-19     
   4.897402       10.986857        -2.151352e-21     
   4.897402       11.278020        5.077242e-22      
   4.897402       11.563042        2.226809e-23      
   4.897402       11.841155        -9.836599e-25     
   4.897402       12.111608        -1.081379e-25     
   4.897402       12.373673        -5.637979e-28     
   4.897402       12.626644        3.584555e-28      
   4.897402       12.869837        1.509441e-29      
   4.897402       13.102598        3.607377e-30      
   4.897402       13.324299        8.085713e-29      
   4.897402       13.534343        1.002196e-27      
   4.897402       13.732162        1.008041e-26      
   4.897402       13.917225        8.625959e-26      
   4.897402       14.089032        6.450865e-25      
   4.897402       14.247120        4.067106e-24      
   4.897402       14.391062        2.045186e-23      
   4.897402       14.520471        8.460007e-23      
   4.897402       14.634998        3.561236e-22      
   4.897402       14.734334        1.833624e-21      
   4.897402       14.818211        9.185138e-21      
   4.897402       14.886403        3.503210e-20      
   4.897402       14.938727        9.545960e-20      
   4.897402       14.975043        1.873996e-19      
   4.897402       14.995261        2.704349e-19      
   5.130163       0.001185         -4.915078e-13     
   5.130163       0.006239         -1.363031e-11     
   5.130163       0.015318         -8.217655e-11     
   5.130163       0.028399         -2.826221e-10     
   5.130163       0.045447         -7.247374e-10     
   5.130163       0.066417         -1.551598e-09     
   5.130163       0.091251         -2.940810e-09     
   5.130163       0.119882         -5.107782e-09     
   5.130163       0.152235         -8.312037e-09     
   5.130163       0.188220         -1.286763e-08     
   5.130163       0.227742         -1.915890e-08     
   5.130163       0.270694         -2.766293e-08     
   5.130163       0.316959         -3.898030e-08     
   5.130163       0.366414         -5.387621e-08     
   5.130163       0.418925         -7.333433e-08     
   5.130163       0.474351         -9.862672e-08     
   5.130163       0.532541         -1.314036e-07     
   5.130163       0.593339         -1.738082e-07     
   5.130163       0.656582         -2.286235e-07     
   5.130163       0.722098         -2.994573e-07     
   5.130163       0.789711         -3.909768e-07     
   5.130163       0.859239         -5.092024e-07     
   5.130163       0.930495         -6.618726e-07     
   5.130163       1.003286         -8.588943e-07     
   5.130163       1.077416         -1.112891e-06     
   5.130163       1.152685         -1.439859e-06     
   5.130163       1.228890         -1.859942e-06     
   5.130163       1.305826         -2.398319e-06     
   5.130163       1.383286         -3.086199e-06     
   5.130163       1.461060         -3.961890e-06     
   5.130163       1.538940         -5.071889e-06     
   5.130163       1.616714         -6.471911e-06     
   5.130163       1.694174         -8.227736e-06     
   5.130163       1.771110         -1.041571e-05     
   5.130163       1.847315         -1.312270e-05     
   5.130163       1.922584         -1.644533e-05     
   5.130163       1.996714         -2.048809e-05     
   5.130163       2.069505         -2.536038e-05     
   5.130163       2.140761         -3.117202e-05     
   5.130163       2.210289         -3.802741e-05     
   5.130163       2.277902         -4.601829e-05     
   5.130163       2.343418         -5.521551e-05     
   5.130163       2.406661         -6.566021e-05     
   5.130163       2.467459         -7.735528e-05     
   5.130163       2.525649         -9.025785e-05     
   5.130163       2.581075         -1.042738e-04     
   5.130163       2.633586         -1.192552e-04     
   5.130163       2.683041         -1.350012e-04     
   5.130163       2.729306         -1.512628e-04     
   5.130163       2.772258         -1.677515e-04     
   5.130163       2.811780         -1.841503e-04     
   5.130163       2.847765         -2.001276e-04     
   5.130163       2.880118         -2.153514e-04     
   5.130163       2.908749         -2.295025e-04     
   5.130163       2.933583         -2.422870e-04     
   5.130163       2.954553         -2.534446e-04     
   5.130163       2.971601         -2.627550e-04     
   5.130163       2.984682         -2.700409e-04     
   5.130163       2.993761         -2.751686e-04     
   5.130163       2.998815         -2.780480e-04     
   5.130163       3.004739         -2.814449e-04     
   5.130163       3.024957         -2.932135e-04     
   5.130163       3.061273         -3.149927e-04     
   5.130163       3.113597         -3.476081e-04     
   5.130163       3.181789         -3.915634e-04     
   5.130163       3.265666         -4.456884e-04     
   5.130163       3.365002         -5.040885e-04     
   5.130163       3.479529         -5.496827e-04     
   5.130163       3.608938         -5.413795e-04     
   5.130163       3.752880         -3.907320e-04     
   5.130163       3.910968         7.524354e-05      
   5.130163       4.082775         1.159758e-03      
   5.130163       4.267838         3.317761e-03      
   5.130163       4.465657         7.066225e-03      
   5.130163       4.675701         1.264548e-02      
   5.130163       4.897402         1.938251e-02      
   5.130163       5.130163         2.513296e-02      
   5.130163       5.373356         2.678233e-02      
   5.130163       5.626327         2.252264e-02      
   5.130163       5.888392         1.423215e-02      
   5.130163       6.158845         6.379130e-03      
   5.130163       6.436958         1.890370e-03      
   5.130163       6.721980         3.361453e-04      
   5.130163       7.013143         2.950401e-05      
   5.130163       7.309662         2.162018e-07      
   5.130163       7.610739         -1.625130e-07     
   5.130163       7.915560         -8.212951e-09     
   5.130163       8.223305         7.108726e-10      
   5.130163       8.533144         9.675289e-11      
   5.130163       8.844241         1.270913e-12      
   5.130163       9.155759         -4.583287e-13     
   5.130163       9.466856         -2.804263e-14     
   5.130163       9.776695         8.527494e-16      
   5.130163       10.084440        1.482742e-16      
   5.130163       10.389261        2.018004e-18      
   5.130163       10.690338        -4.597658e-19     
   5.130163       10.986857        -2.103431e-20     
   5.130163       11.278020        8.652111e-22      
   5.130163       11.563042        9.297561e-23      
   5.130163       11.841155        1.016487e-26      
   5.130163       12.111608        -3.137297e-25     
   5.130163       12.373673        -1.191834e-26     
   5.130163       12.626644        5.902757e-28      
   5.130163       12.869837        6.094991e-29      
   5.130163       13.102598        -5.222082e-31     
   5.130163       13.324299        1.235504e-29      
   5.130163       13.534343        1.615288e-28      
   5.130163       13.732162        1.633181e-27      
   5.130163       13.917225        1.401818e-26      
   5.130163       14.089032        1.050561e-25      
   5.130163       14.247120        6.633614e-25      
   5.130163       14.391062        3.339543e-24      
   5.130163       14.520471        1.382613e-23      
   5.130163       14.634998        5.824174e-23      
   5.130163       14.734334        3.000782e-22      
   5.130163       14.818211        1.504123e-21      
   5.130163       14.886403        5.739711e-21      
   5.130163       14.938727        1.564650e-20      
   5.130163       14.975043        3.072465e-20      
   5.130163       14.995261        4.434543e-20      
   5.373356       0.001185         9.307424e-14      
   5.373356       0.006239         2.580963e-12      
   5.373356       0.015318         1.555621e-11      
   5.373356       0.028399         5.345774e-11      
   5.373356       0.045447         1.368395e-10      
   5.373356       0.066417         2.919902e-10      
   5.373356       0.091251         5.503611e-10      
   5.373356       0.119882         9.477463e-10      
   5.373356       0.152235         1.523144e-09      
   5.373356       0.188220         2.317212e-09      
   5.373356       0.227742         3.370196e-09      
   5.373356       0.270694         4.719182e-09      
   5.373356       0.316959         6.394426e-09      
   5.373356       0.366414         8.414469e-09      
   5.373356       0.418925         1.077957e-08      
   5.373356       0.474351         1.346287e-08      
   5.373356       0.532541         1.639840e-08      
   5.373356       0.593339         1.946491e-08      
   5.373356       0.656582         2.246391e-08      
   5.373356       0.722098         2.509020e-08      
   5.373356       0.789711         2.689232e-08      
   5.373356       0.859239         2.721997e-08      
   5.373356       0.930495         2.515475e-08      
   5.373356       1.003286         1.941985e-08      
   5.373356       1.077416         8.263645e-09      
   5.373356       1.152685         -1.068815e-08     
   5.373356       1.228890         -4.061739e-08     
   5.373356       1.305826         -8.574042e-08     
   5.373356       1.383286         -1.515802e-07     
   5.373356       1.461060         -2.452845e-07     
   5.373356       1.538940         -3.759842e-07     
   5.373356       1.616714         -5.551817e-07     
   5.373356       1.694174         -7.971443e-07     
   5.373356       1.771110         -1.119269e-06     
   5.373356       1.847315         -1.542370e-06     
   5.373356       1.922584         -2.090812e-06     
   5.373356       1.996714         -2.792429e-06     
   5.373356       2.069505         -3.678116e-06     
   5.373356       2.140761         -4.781019e-06     
   5.373356       2.210289         -6.135252e-06     
   5.373356       2.277902         -7.774089e-06     
   5.373356       2.343418         -9.727663e-06     
   5.373356       2.406661         -1.202025e-05     
   5.373356       2.467459         -1.466730e-05     
   5.373356       2.525649         -1.767251e-05     
   5.373356       2.581075         -2.102518e-05     
   5.373356       2.633586         -2.469832e-05     
   5.373356       2.683041         -2.864766e-05     
   5.373356       2.729306         -3.281196e-05     
   5.373356       2.772258         -3.711470e-05     
   5.373356       2.811780         -4.146696e-05     
   5.373356       2.847765         -4.577144e-05     
   5.373356       2.880118         -4.992705e-05     
   5.373356       2.908749         -5.383373e-05     
   5.373356       2.933583         -5.739689e-05     
   5.373356       2.954553         -6.053111e-05     
   5.373356       2.971601         -6.316289e-05     
   5.373356       2.984682         -6.523228e-05     
   5.373356       2.993761         -6.669366e-05     
   5.373356       2.998815         -6.751602e-05     
   5.373356       3.004739         -6.848779e-05     
   5.373356       3.024957         -7.186708e-05     
   5.373356       3.061273         -7.816813e-05     
   5.373356       3.113597         -8.769763e-05     
   5.373356       3.181789         -1.006446e-04     
   5.373356       3.265666         -1.165170e-04     
   5.373356       3.365002         -1.327378e-04     
   5.373356       3.479529         -1.413297e-04     
   5.373356       3.608938         -1.214772e-04     
   5.373356       3.752880         -2.379007e-05     
   5.373356       3.910968         2.603843e-04      
   5.373356       4.082775         9.515303e-04      
   5.373356       4.267838         2.452140e-03      
   5.373356       4.465657         5.387409e-03      
   5.373356       4.675701         1.047578e-02      
   5.373356       4.897402         1.799589e-02      
   5.373356       5.130163         2.678233e-02      
   5.373356       5.373356         3.347984e-02      
   5.373356       5.626327         3.376194e-02      
   5.373356       5.888392         2.615149e-02      
   5.373356       6.158845         1.470302e-02      
   5.373356       6.436958         5.619098e-03      
   5.373356       6.721980         1.346454e-03      
   5.373356       7.013143         1.793534e-04      
   5.373356       7.309662         9.620113e-06      
   5.373356       7.610739         -3.369988e-07     
   5.373356       7.915560         -5.937198e-08     
   5.373356       8.223305         -2.234664e-10     
   5.373356       8.533144         3.496317e-10      
   5.373356       8.844241         1.975819e-11      
   5.373356       9.155759         -8.040870e-13     
   5.373356       9.466856         -1.293357e-13     
   5.373356       9.776695         -1.931647e-15     
   5.373356       10.084440        4.391246e-16      
   5.373356       10.389261        2.236577e-17      
   5.373356       10.690338        -7.941318e-19     
   5.373356       10.986857        -9.776416e-20     
   5.373356       11.278020        -3.631158e-22     
   5.373356       11.563042        2.959456e-22      
   5.373356       11.841155        9.909059e-24      
   5.373356       12.111608        -6.782726e-25     
   5.373356       12.373673        -6.169809e-26     
   5.373356       12.626644        -4.173029e-28     
   5.373356       12.869837        1.676657e-28      
   5.373356       13.102598        2.740295e-30      
   5.373356       13.324299        -1.333856e-30     
   5.373356       13.534343        4.142451e-30      
   5.373356       13.732162        4.551928e-29      
   5.373356       13.917225        3.961302e-28      
   5.373356       14.089032        2.993540e-27      
   5.373356       14.247120        1.897658e-26      
   5.373356       14.391062        9.551462e-26      
   5.373356       14.520471        3.938869e-25      
   5.373356       14.634998        1.648078e-24      
   5.373356       14.734334        8.465269e-24      
   5.373356       14.818211        4.250196e-23      
   5.373356       14.886403        1.625742e-22      
   5.373356       14.938727        4.439671e-22      
   5.373356       14.975043        8.727766e-22      
   5.373356       14.995261        1.260410e-21      
   5.626327       0.001185         5.413953e-14      
   5.626327       0.006239         1.501331e-12      
   5.626327       0.015318         9.050012e-12      
   5.626327       0.028399         3.111029e-11      
   5.626327       0.045447         7.969507e-11      
   5.626327       0.066417         1.702933e-10      
   5.626327       0.091251         3.217341e-10      
   5.626327       0.119882         5.560633e-10      
   5.626327       0.152235         8.984524e-10      
   5.626327       0.188220         1.377163e-09      
   5.626327       0.227742         2.023581e-09      
   5.626327       0.270694         2.872331e-09      
   5.626327       0.316959         3.961475e-09      
   5.626327       0.366414         5.332767e-09      
   5.626327       0.418925         7.031951e-09      
   5.626327       0.474351         9.109017e-09      
   5.626327       0.532541         1.161834e-08      
   5.626327       0.593339         1.461855e-08      
   5.626327       0.656582         1.817193e-08      
   5.626327       0.722098         2.234308e-08      
   5.626327       0.789711         2.719643e-08      
   5.626327       0.859239         3.279207e-08      
   5.626327       0.930495         3.917929e-08      
   5.626327       1.003286         4.638682e-08      
   5.626327       1.077416         5.440869e-08      
   5.626327       1.152685         6.318429e-08      
   5.626327       1.228890         7.257101e-08      
   5.626327       1.305826         8.230744e-08      
   5.626327       1.383286         9.196534e-08      
   5.626327       1.461060         1.008882e-07      
   5.626327       1.538940         1.081154e-07      
   5.626327       1.616714         1.122903e-07      
   5.626327       1.694174         1.115558e-07      
   5.626327       1.771110         1.034377e-07      
   5.626327       1.847315         8.472616e-08      
   5.626327       1.922584         5.136498e-08      
   5.626327       1.996714         -1.634231e-09     
   5.626327       2.069505         -8.023104e-08     
   5.626327       2.140761         -1.913226e-07     
   5.626327       2.210289         -3.426101e-07     
   5.626327       2.277902         -5.423387e-07     
   5.626327       2.343418         -7.988946e-07     
   5.626327       2.406661         -1.120253e-06     
   5.626327       2.467459         -1.513295e-06     
   5.626327       2.525649         -1.983029e-06     
   5.626327       2.581075         -2.531795e-06     
   5.626327       2.633586         -3.158517e-06     
   5.626327       2.683041         -3.858133e-06     
   5.626327       2.729306         -4.621267e-06     
   5.626327       2.772258         -5.434242e-06     
   5.626327       2.811780         -6.279457e-06     
   5.626327       2.847765         -7.136123e-06     
   5.626327       2.880118         -7.981283e-06     
   5.626327       2.908749         -8.791019e-06     
   5.626327       2.933583         -9.541702e-06     
   5.626327       2.954553         -1.021116e-05     
   5.626327       2.971601         -1.077966e-05     
   5.626327       2.984682         -1.123064e-05     
   5.626327       2.993761         -1.155116e-05     
   5.626327       2.998815         -1.173226e-05     
   5.626327       3.004739         -1.194694e-05     
   5.626327       3.024957         -1.269907e-05     
   5.626327       3.061273         -1.412385e-05     
   5.626327       3.113597         -1.633065e-05     
   5.626327       3.181789         -1.942010e-05     
   5.626327       3.265666         -2.332811e-05     
   5.626327       3.365002         -2.737915e-05     
   5.626327       3.479529         -2.908661e-05     
   5.626327       3.608938         -2.107871e-05     
   5.626327       3.752880         1.644080e-05      
   5.626327       3.910968         1.332218e-04      
   5.626327       4.082775         4.467340e-04      
   5.626327       4.267838         1.214198e-03      
   5.626327       4.465657         2.942263e-03      
   5.626327       4.675701         6.476547e-03      
   5.626327       4.897402         1.285500e-02      
   5.626327       5.130163         2.252264e-02      
   5.626327       5.373356         3.376194e-02      
   5.626327       5.626327         4.162036e-02      
   5.626327       5.888392         4.023380e-02      
   5.626327       6.158845         2.885507e-02      
   5.626327       6.436958         1.441559e-02      
   5.626327       6.721980         4.663654e-03      
   5.626327       7.013143         8.908306e-04      
   5.626327       7.309662         8.601120e-05      
   5.626327       7.610739         2.168488e-06      
   5.626327       7.915560         -2.493185e-07     
   5.626327       8.223305         -1.569611e-08     
   5.626327       8.533144         7.565805e-10      
   5.626327       8.844241         1.164600e-10      
   5.626327       9.155759         1.799181e-12      
   5.626327       9.466856         -4.367261e-13     
   5.626327       9.776695         -2.491572e-14     
   5.626327       10.084440        7.425392e-16      
   5.626327       10.389261        1.138012e-16      
   5.626327       10.690338        1.118536e-18      
   5.626327       10.986857        -3.308220e-19     
   5.626327       11.278020        -1.313411e-20     
   5.626327       11.563042        6.340687e-22      
   5.626327       11.841155        5.899065e-23      
   5.626327       12.111608        -3.131047e-25     
   5.626327       12.373673        -2.307559e-25     
   5.626327       12.626644        -1.035497e-26     
   5.626327       12.869837        1.532634e-28      
   5.626327       13.102598        1.612050e-29      
   5.626327       13.324299        -5.146316e-30     
   5.626327       13.534343        -8.245481e-30     
   5.626327       13.732162        -7.350435e-29     
   5.626327       13.917225        -6.324138e-28     
   5.626327       14.089032        -4.755282e-27     
   5.626327       14.247120        -3.012516e-26     
   5.626327       14.391062        -1.522242e-25     
   5.626327       14.520471        -6.330800e-25     
   5.626327       14.634998        -2.680787e-24     
   5.626327       14.734334        -1.386011e-23     
   5.626327       14.818211        -6.955683e-23     
   5.626327       14.886403        -2.655720e-22     
   5.626327       14.938727        -7.242690e-22     
   5.626327       14.975043        -1.422748e-21     
   5.626327       14.995261        -2.053947e-21     
   5.888392       0.001185         1.202127e-14      
   5.888392       0.006239         3.333611e-13      
   5.888392       0.015318         2.009563e-12      
   5.888392       0.028399         6.908725e-12      
   5.888392       0.045447         1.770174e-11      
   5.888392       0.066417         3.784000e-11      
   5.888392       0.091251         7.153742e-11      
   5.888392       0.119882         1.237647e-10      
   5.888392       0.152235         2.002648e-10      
   5.888392       0.188220         3.075975e-10      
   5.888392       0.227742         4.532240e-10      
   5.888392       0.270694         6.456380e-10      
   5.888392       0.316959         8.945515e-10      
   5.888392       0.366414         1.211143e-09      
   5.888392       0.418925         1.608375e-09      
   5.888392       0.474351         2.101378e-09      
   5.888392       0.532541         2.707915e-09      
   5.888392       0.593339         3.448918e-09      
   5.888392       0.656582         4.349086e-09      
   5.888392       0.722098         5.437544e-09      
   5.888392       0.789711         6.748529e-09      
   5.888392       0.859239         8.322055e-09      
   5.888392       0.930495         1.020450e-08      
   5.888392       1.003286         1.244903e-08      
   5.888392       1.077416         1.511562e-08      
   5.888392       1.152685         1.827065e-08      
   5.888392       1.228890         2.198554e-08      
   5.888392       1.305826         2.633432e-08      
   5.888392       1.383286         3.138944e-08      
   5.888392       1.461060         3.721545e-08      
   5.888392       1.538940         4.385983e-08      
   5.888392       1.616714         5.134029e-08      
   5.888392       1.694174         5.962819e-08      
   5.888392       1.771110         6.862747e-08      
   5.888392       1.847315         7.814936e-08      
   5.888392       1.922584         8.788350e-08      
   5.888392       1.996714         9.736721e-08      
   5.888392       2.069505         1.059557e-07      
   5.888392       2.140761         1.127976e-07      
   5.888392       2.210289         1.168209e-07      
   5.888392       2.277902         1.167364e-07      
   5.888392       2.343418         1.110654e-07      
   5.888392       2.406661         9.819666e-08      
   5.888392       2.467459         7.647794e-08      
   5.888392       2.525649         4.433980e-08      
   5.888392       2.581075         4.473790e-10      
   5.888392       2.633586         -5.613227e-08     
   5.888392       2.683041         -1.257647e-07     
   5.888392       2.729306         -2.081057e-07     
   5.888392       2.772258         -3.020039e-07     
   5.888392       2.811780         -4.054675e-07     
   5.888392       2.847765         -5.157064e-07     
   5.888392       2.880118         -6.292515e-07     
   5.888392       2.908749         -7.421408e-07     
   5.888392       2.933583         -8.501535e-07     
   5.888392       2.954553         -9.490655e-07     
   5.888392       2.971601         -1.034902e-06     
   5.888392       2.984682         -1.104162e-06     
   5.888392       2.993761         -1.154004e-06     
   5.888392       2.998815         -1.182389e-06     
   5.888392       3.004739         -1.216244e-06     
   5.888392       3.024957         -1.336608e-06     
   5.888392       3.061273         -1.571942e-06     
   5.888392       3.113597         -1.955010e-06     
   5.888392       3.181789         -2.529798e-06     
   5.888392       3.265666         -3.330160e-06     
   5.888392       3.365002         -4.298131e-06     
   5.888392       3.479529         -5.017029e-06     
   5.888392       3.608938         -3.902663e-06     
   5.888392       3.752880         4.132932e-06      
   5.888392       3.910968         3.414972e-05      
   5.888392       4.082775         1.282004e-04      
   5.888392       4.267838         3.969746e-04      
   5.888392       4.465657         1.110618e-03      
   5.888392       4.675701         2.860475e-03      
   5.888392       4.897402         6.738781e-03      
   5.888392       5.130163         1.423215e-02      
   5.888392       5.373356         2.615149e-02      
   5.888392       5.626327         4.023380e-02      
   5.888392       5.888392         4.949127e-02      
   5.888392       6.158845         4.613238e-02      
   5.888392       6.436958         3.065179e-02      
   5.888392       6.721980         1.354931e-02      
   5.888392       7.013143         3.677152e-03      
   5.888392       7.309662         5.509819e-04      
   5.888392       7.610739         3.684305e-05      
   5.888392       7.915560         7.653944e-09      
   5.888392       8.223305         -1.161294e-07     
   5.888392       8.533144         -2.279436e-09     
   5.888392       8.844241         4.602251e-10      
   5.888392       9.155759         2.932449e-11      
   5.888392       9.466856         -7.066983e-13     
   5.888392       9.776695         -1.406800e-13     
   5.888392       10.084440        -2.445797e-15     
   5.888392       10.389261        4.000726e-16      
   5.888392       10.690338        2.035328e-17      
   5.888392       10.986857        -6.434566e-19     
   5.888392       11.278020        -8.025128e-20     
   5.888392       11.563042        -3.788666e-22     
   5.888392       11.841155        2.297245e-22      
   5.888392       12.111608        7.655041e-24      
   5.888392       12.373673        -6.111819e-25     
   5.888392       12.626644        -6.482582e-26     
   5.888392       12.869837        -2.119589e-27     
   5.888392       13.102598        -2.562043e-29     
   5.888392       13.324299        -1.655290e-29     
   5.888392       13.534343        -6.986794e-30     
   5.888392       13.732162        -2.859281e-29     
   5.888392       13.917225        -2.422696e-28     
   5.888392       14.089032        -1.827987e-27     
   5.888392       14.247120        -1.161034e-26     
   5.888392       14.391062        -5.877372e-26     
   5.888392       14.520471        -2.447569e-25     
   5.888392       14.634998        -1.037523e-24     
   5.888392       14.734334        -5.369602e-24     
   5.888392       14.818211        -2.697296e-23     
   5.888392       14.886403        -1.030654e-22     
   5.888392       14.938727        -2.812503e-22     
   5.888392       14.975043        -5.527184e-22     
   5.888392       14.995261        -7.981191e-22     
   6.158845       0.001185         1.318066e-15      
   6.158845       0.006239         3.655151e-14      
   6.158845       0.015318         2.203487e-13      
   6.158845       0.028399         7.576362e-13      
   6.158845       0.045447         1.941769e-12      
   6.158845       0.066417         4.152924e-12      
   6.158845       0.091251         7.857874e-12      
   6.158845       0.119882         1.361249e-11      
   6.158845       0.152235         2.206847e-11      
   6.158845       0.188220         3.398585e-11      
   6.158845       0.227742         5.025311e-11      
   6.158845       0.270694         7.191645e-11      
   6.158845       0.316959         1.002203e-10      
   6.158845       0.366414         1.366610e-10      
   6.158845       0.418925         1.830563e-10      
   6.158845       0.474351         2.416323e-10      
   6.158845       0.532541         3.151331e-10      
   6.158845       0.593339         4.069541e-10      
   6.158845       0.656582         5.213046e-10      
   6.158845       0.722098         6.634042e-10      
   6.158845       0.789711         8.397152e-10      
   6.158845       0.859239         1.058217e-09      
   6.158845       0.930495         1.328725e-09      
   6.158845       1.003286         1.663243e-09      
   6.158845       1.077416         2.076367e-09      
   6.158845       1.152685         2.585695e-09      
   6.158845       1.228890         3.212248e-09      
   6.158845       1.305826         3.980843e-09      
   6.158845       1.383286         4.920377e-09      
   6.158845       1.461060         6.063916e-09      
   6.158845       1.538940         7.448512e-09      
   6.158845       1.616714         9.114575e-09      
   6.158845       1.694174         1.110466e-08      
   6.158845       1.771110         1.346149e-08      
   6.158845       1.847315         1.622497e-08      
   6.158845       1.922584         1.942822e-08      
   6.158845       1.996714         2.309232e-08      
   6.158845       2.069505         2.722009e-08      
   6.158845       2.140761         3.178901e-08      
   6.158845       2.210289         3.674397e-08      
   6.158845       2.277902         4.199064e-08      
   6.158845       2.343418         4.739055e-08      
   6.158845       2.406661         5.275941e-08      
   6.158845       2.467459         5.786992e-08      
   6.158845       2.525649         6.246034e-08      
   6.158845       2.581075         6.624947e-08      
   6.158845       2.633586         6.895790e-08      
   6.158845       2.683041         7.033424e-08      
   6.158845       2.729306         7.018393e-08      
   6.158845       2.772258         6.839718e-08      
   6.158845       2.811780         6.497224e-08      
   6.158845       2.847765         6.002993e-08      
   6.158845       2.880118         5.381650e-08      
   6.158845       2.908749         4.669325e-08      
   6.158845       2.933583         3.911321e-08      
   6.158845       2.954553         3.158685e-08      
   6.158845       2.971601         2.464073e-08      
   6.158845       2.984682         1.877330e-08      
   6.158845       2.993761         1.441253e-08      
   6.158845       2.998815         1.187889e-08      
   6.158845       3.004739         8.810476e-09      
   6.158845       3.024957         -2.495038e-09     
   6.158845       3.061273         -2.628308e-08     
   6.158845       3.113597         -6.938698e-08     
   6.158845       3.181789         -1.436038e-07     
   6.158845       3.265666         -2.667498e-07     
   6.158845       3.365002         -4.587911e-07     
   6.158845       3.479529         -7.153562e-07     
   6.158845       3.608938         -8.955482e-07     
   6.158845       3.752880         -3.103366e-07     
   6.158845       3.910968         3.684095e-06      
   6.158845       4.082775         2.025148e-05      
   6.158845       4.267838         7.910405e-05      
   6.158845       4.465657         2.705513e-04      
   6.158845       4.675701         8.477022e-04      
   6.158845       4.897402         2.442703e-03      
   6.158845       5.130163         6.379130e-03      
   6.158845       5.373356         1.470302e-02      
   6.158845       5.626327         2.885507e-02      
   6.158845       5.888392         4.613238e-02      
   6.158845       6.158845         5.704404e-02      
   6.158845       6.436958         5.141441e-02      
   6.158845       6.721980         3.160121e-02      
   6.158845       7.013143         1.229247e-02      
   6.158845       7.309662         2.771864e-03      
   6.158845       7.610739         3.202074e-04      
   6.158845       7.915560         1.380767e-05      
   6.158845       8.223305         -3.474667e-07     
   6.158845       8.533144         -4.225423e-08     
   6.158845       8.844241         5.515804e-10      
   6.158845       9.155759         1.889236e-10      
   6.158845       9.466856         4.901522e-12      
   6.158845       9.776695         -5.085076e-13     
   6.158845       10.084440        -3.417987e-14     
   6.158845       10.389261        5.681719e-16      
   6.158845       10.690338        1.240317e-16      
   6.158845       10.986857        1.882156e-18      
   6.158845       11.278020        -3.126623e-19     
   6.158845       11.563042        -1.444283e-20     
   6.158845       11.841155        4.921568e-22      
   6.158845       12.111608        5.599214e-23      
   6.158845       12.373673        -3.196865e-25     
   6.158845       12.626644        -2.905990e-25     
   6.158845       12.869837        -2.136428e-26     
   6.158845       13.102598        -1.021028e-27     
   6.158845       13.324299        -1.045182e-28     
   6.158845       13.534343        -2.124912e-29     
   6.158845       13.732162        -9.148037e-30     
   6.158845       13.917225        -5.075100e-29     
   6.158845       14.089032        -3.820339e-28     
   6.158845       14.247120        -2.433373e-27     
   6.158845       14.391062        -1.234311e-26     
   6.158845       14.520471        -5.148612e-26     
   6.158845       14.634998        -2.185695e-25     
   6.158845       14.734334        -1.132597e-24     
   6.158845       14.818211        -5.694845e-24     
   6.158845       14.886403        -2.177678e-23     
   6.158845       14.938727        -5.946006e-23     
   6.158845       14.975043        -1.168998e-22     
   6.158845       14.995261        -1.688411e-22     
   6.436958       0.001185         -3.390208e-17     
   6.436958       0.006239         -9.400624e-16     
   6.436958       0.015318         -5.664535e-15     
   6.436958       0.028399         -1.945075e-14     
   6.436958       0.045447         -4.970486e-14     
   6.436958       0.066417         -1.057238e-13     
   6.436958       0.091251         -1.982094e-13     
   6.436958       0.119882         -3.384730e-13     
   6.436958       0.152235         -5.372218e-13     
   6.436958       0.188220         -8.027977e-13     
   6.436958       0.227742         -1.138723e-12     
   6.436958       0.270694         -1.540377e-12     
   6.436958       0.316959         -1.990566e-12     
   6.436958       0.366414         -2.453728e-12     
   6.436958       0.418925         -2.868360e-12     
   6.436958       0.474351         -3.137206e-12     
   6.436958       0.532541         -3.114563e-12     
   6.436958       0.593339         -2.589882e-12     
   6.436958       0.656582         -1.266673e-12     
   6.436958       0.722098         1.264554e-12      
   6.436958       0.789711         5.560785e-12      
   6.436958       0.859239         1.237016e-11      
   6.436958       0.930495         2.268670e-11      
   6.436958       1.003286         3.781817e-11      
   6.436958       1.077416         5.946894e-11      
   6.436958       1.152685         8.983955e-11      
   6.436958       1.228890         1.317437e-10      
   6.436958       1.305826         1.887421e-10      
   6.436958       1.383286         2.652906e-10      
   6.436958       1.461060         3.668965e-10      
   6.436958       1.538940         5.002719e-10      
   6.436958       1.616714         6.734692e-10      
   6.436958       1.694174         8.959742e-10      
   6.436958       1.771110         1.178727e-09      
   6.436958       1.847315         1.534030e-09      
   6.436958       1.922584         1.975303e-09      
   6.436958       1.996714         2.516636e-09      
   6.436958       2.069505         3.172098e-09      
   6.436958       2.140761         3.954783e-09      
   6.436958       2.210289         4.875581e-09      
   6.436958       2.277902         5.941735e-09      
   6.436958       2.343418         7.155255e-09      
   6.436958       2.406661         8.511371e-09      
   6.436958       2.467459         9.997216e-09      
   6.436958       2.525649         1.159100e-08      
   6.436958       2.581075         1.326192e-08      
   6.436958       2.633586         1.497108e-08      
   6.436958       2.683041         1.667342e-08      
   6.436958       2.729306         1.832076e-08      
   6.436958       2.772258         1.986561e-08      
   6.436958       2.811780         2.126547e-08      
   6.436958       2.847765         2.248688e-08      
   6.436958       2.880118         2.350878e-08      
   6.436958       2.908749         2.432447e-08      
   6.436958       2.933583         2.494176e-08      
   6.436958       2.954553         2.538129e-08      
   6.436958       2.971601         2.567294e-08      
   6.436958       2.984682         2.585105e-08      
   6.436958       2.993761         2.594894e-08      
   6.436958       2.998815         2.599367e-08      
   6.436958       3.004739         2.603676e-08      
   6.436958       3.024957         2.610223e-08      
   6.436958       3.061273         2.585401e-08      
   6.436958       3.113597         2.445192e-08      
   6.436958       3.181789         2.010595e-08      
   6.436958       3.265666         9.170657e-09      
   6.436958       3.365002         -1.540997e-08     
   6.436958       3.479529         -6.593109e-08     
   6.436958       3.608938         -1.580083e-07     
   6.436958       3.752880         -2.837718e-07     
   6.436958       3.910968         -2.668892e-07     
   6.436958       4.082775         8.789311e-07      
   6.436958       4.267838         7.528072e-06      
   6.436958       4.465657         3.706419e-05      
   6.436958       4.675701         1.529169e-04      
   6.436958       4.897402         5.655923e-04      
   6.436958       5.130163         1.890370e-03      
   6.436958       5.373356         5.619098e-03      
   6.436958       5.626327         1.441559e-02      
   6.436958       5.888392         3.065179e-02      
   6.436958       6.158845         5.141441e-02      
   6.436958       6.436958         6.424355e-02      
   6.436958       6.721980         5.605820e-02      
   6.436958       7.013143         3.179644e-02      
   6.436958       7.309662         1.082183e-02      
   6.436958       7.610739         2.008808e-03      
   6.436958       7.915560         1.756219e-04      
   6.436958       8.223305         4.252800e-06      
   6.436958       8.533144         -2.583144e-07     
   6.436958       8.844241         -1.212932e-08     
   6.436958       9.155759         6.636483e-10      
   6.436958       9.466856         6.302406e-11      
   6.436958       9.776695         -1.489678e-13     
   6.436958       10.084440        -2.079064e-13     
   6.436958       10.389261        -5.912970e-15     
   6.436958       10.690338        4.492626e-16      
   6.436958       10.986857        2.991746e-17      
   6.436958       11.278020        -4.542605e-19     
   6.436958       11.563042        -9.850246e-20     
   6.436958       11.841155        -1.619386e-21     
   6.436958       12.111608        2.262609e-22      
   6.436958       12.373673        9.176049e-24      
   6.436958       12.626644        -9.385554e-25     
   6.436958       12.869837        -1.390480e-25     
   6.436958       13.102598        -1.076009e-26     
   6.436958       13.324299        -9.260740e-28     
   6.436958       13.534343        -1.283966e-28     
   6.436958       13.732162        -2.055118e-29     
   6.436958       13.917225        -7.658194e-30     
   6.436958       14.089032        -4.263504e-29     
   6.436958       14.247120        -2.750158e-28     
   6.436958       14.391062        -1.400039e-27     
   6.436958       14.520471        -5.848716e-27     
   6.436958       14.634998        -2.485428e-26     
   6.436958       14.734334        -1.289254e-25     
   6.436958       14.818211        -6.489446e-25     
   6.436958       14.886403        -2.483760e-24     
   6.436958       14.938727        -6.786386e-24     
   6.436958       14.975043        -1.334848e-23     
   6.436958       14.995261        -1.928457e-23     
   6.721980       0.001185         -3.990361e-17     
   6.721980       0.006239         -1.106556e-15     
   6.721980       0.015318         -6.670228e-15     
   6.721980       0.028399         -2.292875e-14     
   6.721980       0.045447         -5.873193e-14     
   6.721980       0.066417         -1.254809e-13     
   6.721980       0.091251         -2.370136e-13     
   6.721980       0.119882         -4.094864e-13     
   6.721980       0.152235         -6.612660e-13     
   6.721980       0.188220         -1.012840e-12     
   6.721980       0.227742         -1.486754e-12     
   6.721980       0.270694         -2.107584e-12     
   6.721980       0.316959         -2.901928e-12     
   6.721980       0.366414         -3.898412e-12     
   6.721980       0.418925         -5.127685e-12     
   6.721980       0.474351         -6.622350e-12     
   6.721980       0.532541         -8.416760e-12     
   6.721980       0.593339         -1.054661e-11     
   6.721980       0.656582         -1.304816e-11     
   6.721980       0.722098         -1.595694e-11     
   6.721980       0.789711         -1.930573e-11     
   6.721980       0.859239         -2.312146e-11     
   6.721980       0.930495         -2.742075e-11     
   6.721980       1.003286         -3.220358e-11     
   6.721980       1.077416         -3.744463e-11     
   6.721980       1.152685         -4.308161e-11     
   6.721980       1.228890         -4.899997e-11     
   6.721980       1.305826         -5.501337e-11     
   6.721980       1.383286         -6.083926e-11     
   6.721980       1.461060         -6.606921e-11     
   6.721980       1.538940         -7.013416e-11     
   6.721980       1.616714         -7.226501e-11     
   6.721980       1.694174         -7.145036e-11     
   6.721980       1.771110         -6.639414e-11     
   6.721980       1.847315         -5.547749e-11     
   6.721980       1.922584         -3.673113e-11     
   6.721980       1.996714         -7.826106e-12     
   6.721980       2.069505         3.390768e-11      
   6.721980       2.140761         9.142506e-11      
   6.721980       2.210289         1.678620e-10      
   6.721980       2.277902         2.663776e-10      
   6.721980       2.343418         3.899409e-10      
   6.721980       2.406661         5.410668e-10      
   6.721980       2.467459         7.215178e-10      
   6.721980       2.525649         9.319972e-10      
   6.721980       2.581075         1.171869e-09      
   6.721980       2.633586         1.438948e-09      
   6.721980       2.683041         1.729398e-09      
   6.721980       2.729306         2.037783e-09      
   6.721980       2.772258         2.357270e-09      
   6.721980       2.811780         2.679997e-09      
   6.721980       2.847765         2.997558e-09      
   6.721980       2.880118         3.301555e-09      
   6.721980       2.908749         3.584134e-09      
   6.721980       2.933583         3.838432e-09      
   6.721980       2.954553         4.058872e-09      
   6.721980       2.971601         4.241269e-09      
   6.721980       2.984682         4.382752e-09      
   6.721980       2.993761         4.481549e-09      
   6.721980       2.998815         4.536715e-09      
   6.721980       3.004739         4.601487e-09      
   6.721980       3.024957         4.822978e-09      
   6.721980       3.061273         5.218197e-09      
   6.721980       3.113597         5.760260e-09      
   6.721980       3.181789         6.342677e-09      
   6.721980       3.265666         6.638177e-09      
   6.721980       3.365002         5.753202e-09      
   6.721980       3.479529         1.413984e-09      
   6.721980       3.608938         -1.181272e-08     
   6.721980       3.752880         -4.570657e-08     
   6.721980       3.910968         -1.202146e-07     
   6.721980       4.082775         -2.385199e-07     
   6.721980       4.267838         -1.868693e-07     
   6.721980       4.465657         1.583942e-06      
   6.721980       4.675701         1.334260e-05      
   6.721980       4.897402         7.319383e-05      
   6.721980       5.130163         3.361453e-04      
   6.721980       5.373356         1.346454e-03      
   6.721980       5.626327         4.663654e-03      
   6.721980       5.888392         1.354931e-02      
   6.721980       6.158845         3.160121e-02      
   6.721980       6.436958         5.605820e-02      
   6.721980       6.721980         7.106653e-02      
   6.721980       7.013143         6.006226e-02      
   6.721980       7.309662         3.135447e-02      
   6.721980       7.610739         9.287223e-03      
   6.721980       7.915560         1.407312e-03      
   6.721980       8.223305         9.123931e-05      
   6.721980       8.533144         8.222964e-07      
   6.721980       8.844241         -1.369202e-07     
   6.721980       9.155759         -2.212031e-09     
   6.721980       9.466856         3.785427e-10      
   6.721980       9.776695         1.747283e-11      
   6.721980       10.084440        -6.139226e-13     
   6.721980       10.389261        -6.859806e-14     
   6.721980       10.690338        -1.794689e-16     
   6.721980       10.986857        1.866445e-16      
   6.721980       11.278020        5.559678e-18      
   6.721980       11.563042        -3.672196e-19     
   6.721980       11.841155        -2.682272e-20     
   6.721980       12.111608        1.375909e-22      
   6.721980       12.373673        6.589880e-23      
   6.721980       12.626644        -1.305740e-24     
   6.721980       12.869837        -7.367066e-25     
   6.721980       13.102598        -8.590459e-26     
   6.721980       13.324299        -8.382269e-27     
   6.721980       13.534343        -9.908420e-28     
   6.721980       13.732162        -1.382651e-28     
   6.721980       13.917225        -1.432035e-29     
   6.721980       14.089032        3.322841e-30      
   6.721980       14.247120        5.810393e-30      
   6.721980       14.391062        1.492745e-29      
   6.721980       14.520471        5.880862e-29      
   6.721980       14.634998        2.598840e-28      
   6.721980       14.734334        1.378186e-27      
   6.721980       14.818211        6.932887e-27      
   6.721980       14.886403        2.640206e-26      
   6.721980       14.938727        7.187583e-26      
   6.721980       14.975043        1.410956e-25      
   6.721980       14.995261        2.036632e-25      
   7.013143       0.001185         -6.951239e-18     
   7.013143       0.006239         -1.927641e-16     
   7.013143       0.015318         -1.162009e-15     
   7.013143       0.028399         -3.994809e-15     
   7.013143       0.045447         -1.023511e-14     
   7.013143       0.066417         -2.187698e-14     
   7.013143       0.091251         -4.135254e-14     
   7.013143       0.119882         -7.152570e-14     
   7.013143       0.152235         -1.156961e-13     
   7.013143       0.188220         -1.776179e-13     
   7.013143       0.227742         -2.615381e-13     
   7.013143       0.270694         -3.722582e-13     
   7.013143       0.316959         -5.152231e-13     
   7.013143       0.366414         -6.966392e-13     
   7.013143       0.418925         -9.236259e-13     
   7.013143       0.474351         -1.204398e-12     
   7.013143       0.532541         -1.548483e-12     
   7.013143       0.593339         -1.966963e-12     
   7.013143       0.656582         -2.472747e-12     
   7.013143       0.722098         -3.080853e-12     
   7.013143       0.789711         -3.808689e-12     
   7.013143       0.859239         -4.676315e-12     
   7.013143       0.930495         -5.706633e-12     
   7.013143       1.003286         -6.925484e-12     
   7.013143       1.077416         -8.361558e-12     
   7.013143       1.152685         -1.004604e-11     
   7.013143       1.228890         -1.201190e-11     
   7.013143       1.305826         -1.429258e-11     
   7.013143       1.383286         -1.692011e-11     
   7.013143       1.461060         -1.992223e-11     
   7.013143       1.538940         -2.331852e-11     
   7.013143       1.616714         -2.711517e-11     
   7.013143       1.694174         -3.129852e-11     
   7.013143       1.771110         -3.582700e-11     
   7.013143       1.847315         -4.062206e-11     
   7.013143       1.922584         -4.555802e-11     
   7.013143       1.996714         -5.045195e-11     
   7.013143       2.069505         -5.505445e-11     
   7.013143       2.140761         -5.904283e-11     
   7.013143       2.210289         -6.201871e-11     
   7.013143       2.277902         -6.351176e-11     
   7.013143       2.343418         -6.299195e-11     
   7.013143       2.406661         -5.989162e-11     
   7.013143       2.467459         -5.363826e-11     
   7.013143       2.525649         -4.369751e-11     
   7.013143       2.581075         -2.962400e-11     
   7.013143       2.633586         -1.111632e-11     
   7.013143       2.683041         1.192984e-11      
   7.013143       2.729306         3.937668e-11      
   7.013143       2.772258         7.081460e-11      
   7.013143       2.811780         1.055531e-10      
   7.013143       2.847765         1.426364e-10      
   7.013143       2.880118         1.808832e-10      
   7.013143       2.908749         2.189483e-10      
   7.013143       2.933583         2.554002e-10      
   7.013143       2.954553         2.888058e-10      
   7.013143       2.971601         3.178143e-10      
   7.013143       2.984682         3.412338e-10      
   7.013143       2.993761         3.580946e-10      
   7.013143       2.998815         3.676997e-10      
   7.013143       3.004739         3.791585e-10      
   7.013143       3.024957         4.199223e-10      
   7.013143       3.061273         4.997443e-10      
   7.013143       3.113597         6.300800e-10      
   7.013143       3.181789         8.268819e-10      
   7.013143       3.265666         1.104665e-09      
   7.013143       3.365002         1.452328e-09      
   7.013143       3.479529         1.751469e-09      
   7.013143       3.608938         1.522311e-09      
   7.013143       3.752880         -8.240797e-10     
   7.013143       3.910968         -1.004374e-08     
   7.013143       4.082775         -3.897001e-08     
   7.013143       4.267838         -1.154394e-07     
   7.013143       4.465657         -2.568388e-07     
   7.013143       4.675701         -1.324335e-07     
   7.013143       4.897402         3.324139e-06      
   7.013143       5.130163         2.950401e-05      
   7.013143       5.373356         1.793534e-04      
   7.013143       5.626327         8.908306e-04      
   7.013143       5.888392         3.677152e-03      
   7.013143       6.158845         1.229247e-02      
   7.013143       6.436958         3.179644e-02      
   7.013143       6.721980         6.006226e-02      
   7.013143       7.013143         7.749970e-02      
   7.013143       7.309662         6.344345e-02      
   7.013143       7.610739         3.040571e-02      
   7.013143       7.915560         7.802943e-03      
   7.013143       8.223305         9.585399e-04      
   7.013143       8.533144         4.501209e-05      
   7.013143       8.844241         -1.653866e-07     
   7.013143       9.155759         -6.163304e-08     
   7.013143       9.466856         3.192430e-10      
   7.013143       9.776695         1.742816e-10      
   7.013143       10.084440        3.600877e-12      
   7.013143       10.389261        -3.732566e-13     
   7.013143       10.690338        -1.952370e-14     
   7.013143       10.986857        4.795627e-16      
   7.013143       11.278020        6.446284e-17      
   7.013143       11.563042        4.282768e-19      
   7.013143       11.841155        -1.698004e-19     
   7.013143       12.111608        -7.212302e-21     
   7.013143       12.373673        1.281105e-22      
   7.013143       12.626644        5.446600e-24      
   7.013143       12.869837        -3.409978e-24     
   7.013143       13.102598        -6.034325e-25     
   7.013143       13.324299        -7.209780e-26     
   7.013143       13.534343        -8.589914e-27     
   7.013143       13.732162        -1.122734e-27     
   7.013143       13.917225        -1.186743e-28     
   7.013143       14.089032        1.862294e-29      
   7.013143       14.247120        2.840026e-29      
   7.013143       14.391062        4.216205e-29      
   7.013143       14.520471        1.419756e-28      
   7.013143       14.634998        6.190743e-28      
   7.013143       14.734334        3.277878e-27      
   7.013143       14.818211        1.658887e-26      
   7.013143       14.886403        6.359335e-26      
   7.013143       14.938727        1.739179e-25      
   7.013143       14.975043        3.423213e-25      
   7.013143       14.995261        4.947552e-25      
   7.309662       0.001185         -4.682850e-19     
   7.309662       0.006239         -1.298611e-17     
   7.309662       0.015318         -7.828668e-17     
   7.309662       0.028399         -2.691835e-16     
   7.309662       0.045447         -6.899347e-16     
   7.309662       0.066417         -1.475729e-15     
   7.309662       0.091251         -2.792724e-15     
   7.309662       0.119882         -4.839146e-15     
   7.309662       0.152235         -7.848006e-15     
   7.309662       0.188220         -1.209205e-14     
   7.309662       0.227742         -1.789157e-14     
   7.309662       0.270694         -2.562570e-14     
   7.309662       0.316959         -3.574791e-14     
   7.309662       0.366414         -4.880649e-14     
   7.309662       0.418925         -6.547072e-14     
   7.309662       0.474351         -8.656380e-14     
   7.309662       0.532541         -1.131035e-13     
   7.309662       0.593339         -1.463516e-13     
   7.309662       0.656582         -1.878739e-13     
   7.309662       0.722098         -2.396113e-13     
   7.309662       0.789711         -3.039637e-13     
   7.309662       0.859239         -3.838874e-13     
   7.309662       0.930495         -4.830066e-13     
   7.309662       1.003286         -6.057364e-13     
   7.309662       1.077416         -7.574168e-13     
   7.309662       1.152685         -9.444503e-13     
   7.309662       1.228890         -1.174435e-12     
   7.309662       1.305826         -1.456277e-12     
   7.309662       1.383286         -1.800267e-12     
   7.309662       1.461060         -2.218085e-12     
   7.309662       1.538940         -2.722706e-12     
   7.309662       1.616714         -3.328161e-12     
   7.309662       1.694174         -4.049097e-12     
   7.309662       1.771110         -4.900096e-12     
   7.309662       1.847315         -5.894697e-12     
   7.309662       1.922584         -7.044087e-12     
   7.309662       1.996714         -8.355462e-12     
   7.309662       2.069505         -9.830083e-12     
   7.309662       2.140761         -1.146113e-11     
   7.309662       2.210289         -1.323152e-11     
   7.309662       2.277902         -1.511195e-11     
   7.309662       2.343418         -1.705945e-11     
   7.309662       2.406661         -1.901690e-11     
   7.309662       2.467459         -2.091380e-11     
   7.309662       2.525649         -2.266872e-11     
   7.309662       2.581075         -2.419357e-11     
   7.309662       2.633586         -2.539969e-11     
   7.309662       2.683041         -2.620548e-11     
   7.309662       2.729306         -2.654495e-11     
   7.309662       2.772258         -2.637629e-11     
   7.309662       2.811780         -2.568937e-11     
   7.309662       2.847765         -2.451107e-11     
   7.309662       2.880118         -2.290737e-11     
   7.309662       2.908749         -2.098148e-11     
   7.309662       2.933583         -1.886795e-11     
   7.309662       2.954553         -1.672279e-11     
   7.309662       2.971601         -1.471076e-11     
   7.309662       2.984682         -1.299091e-11     
   7.309662       2.993761         -1.170203e-11     
   7.309662       2.998815         -1.094930e-11     
   7.309662       3.004739         -1.003408e-11     
   7.309662       3.024957         -6.630269e-12     
   7.309662       3.061273         6.740938e-13      
   7.309662       3.113597         1.432162e-11      
   7.309662       3.181789         3.889331e-11      
   7.309662       3.265666         8.254762e-11      
   7.309662       3.365002         1.590835e-10      
   7.309662       3.479529         2.894262e-10      
   7.309662       3.608938         4.958676e-10      
   7.309662       3.752880         7.609884e-10      
   7.309662       3.910968         8.447618e-10      
   7.309662       4.082775         -4.176778e-10     
   7.309662       4.267838         -7.560957e-09     
   7.309662       4.465657         -3.585871e-08     
   7.309662       4.675701         -1.255041e-07     
   7.309662       4.897402         -2.999914e-07     
   7.309662       5.130163         2.162018e-07      
   7.309662       5.373356         9.620113e-06      
   7.309662       5.626327         8.601120e-05      
   7.309662       5.888392         5.509819e-04      
   7.309662       6.158845         2.771864e-03      
   7.309662       6.436958         1.082183e-02      
   7.309662       6.721980         3.135447e-02      
   7.309662       7.013143         6.344345e-02      
   7.309662       7.309662         8.353808e-02      
   7.309662       7.610739         6.623463e-02      
   7.309662       7.915560         2.908375e-02      
   7.309662       8.223305         6.445758e-03      
   7.309662       8.533144         6.386607e-04      
   7.309662       8.844241         2.108758e-05      
   7.309662       9.155759         -3.197554e-07     
   7.309662       9.466856         -2.470934e-08     
   7.309662       9.776695         6.430071e-10      
   7.309662       10.084440        7.206516e-11      
   7.309662       10.389261        1.105638e-13      
   7.309662       10.690338        -1.755782e-13     
   7.309662       10.986857        -4.634379e-15     
   7.309662       11.278020        3.280255e-16      
   7.309662       11.563042        2.039888e-17      
   7.309662       11.841155        -3.483211e-19     
   7.309662       12.111608        -7.407950e-20     
   7.309662       12.373673        -2.515526e-21     
   7.309662       12.626644        -2.768732e-23     
   7.309662       12.869837        -1.693792e-23     
   7.309662       13.102598        -4.048929e-24     
   7.309662       13.324299        -5.959802e-25     
   7.309662       13.534343        -7.766320e-26     
   7.309662       13.732162        -1.019063e-26     
   7.309662       13.917225        -1.117602e-27     
   7.309662       14.089032        1.029383e-28      
   7.309662       14.247120        1.621707e-28      
   7.309662       14.391062        6.053820e-29      
   7.309662       14.520471        -1.755209e-29     
   7.309662       14.634998        1.091212e-29      
   7.309662       14.734334        4.515795e-28      
   7.309662       14.818211        2.731374e-27      
   7.309662       14.886403        1.075769e-26      
   7.309662       14.938727        2.957154e-26      
   7.309662       14.975043        5.828547e-26      
   7.309662       14.995261        8.428006e-26      
   7.610739       0.001185         3.538313e-20      
   7.610739       0.006239         9.811832e-19      
   7.610739       0.015318         5.913988e-18      
   7.610739       0.028399         2.032412e-17      
   7.610739       0.045447         5.203154e-17      
   7.610739       0.066417         1.110515e-16      
   7.610739       0.091251         2.093988e-16      
   7.610739       0.119882         3.608150e-16      
   7.610739       0.152235         5.804014e-16      
   7.610739       0.188220         8.841340e-16      
   7.610739       0.227742         1.288232e-15      
   7.610739       0.270694         1.808344e-15      
   7.610739       0.316959         2.458490e-15      
   7.610739       0.366414         3.249707e-15      
   7.610739       0.418925         4.188272e-15      
   7.610739       0.474351         5.273398e-15      
   7.610739       0.532541         6.494206e-15      
   7.610739       0.593339         7.825762e-15      
   7.610739       0.656582         9.223882e-15      
   7.610739       0.722098         1.061836e-14      
   7.610739       0.789711         1.190419e-14      
   7.610739       0.859239         1.293032e-14      
   7.610739       0.930495         1.348527e-14      
   7.610739       1.003286         1.327923e-14      
   7.610739       1.077416         1.192183e-14      
   7.610739       1.152685         8.895227e-15      
   7.610739       1.228890         3.522103e-15      
   7.610739       1.305826         -5.071291e-15     
   7.610739       1.383286         -1.799656e-14     
   7.610739       1.461060         -3.664758e-14     
   7.610739       1.538940         -6.274533e-14     
   7.610739       1.616714         -9.837915e-14     
   7.610739       1.694174         -1.460386e-13     
   7.610739       1.771110         -2.086282e-13     
   7.610739       1.847315         -2.894553e-13     
   7.610739       1.922584         -3.921803e-13     
   7.610739       1.996714         -5.207170e-13     
   7.610739       2.069505         -6.790726e-13     
   7.610739       2.140761         -8.711204e-13     
   7.610739       2.210289         -1.100303e-12     
   7.610739       2.277902         -1.369276e-12     
   7.610739       2.343418         -1.679507e-12     
   7.610739       2.406661         -2.030873e-12     
   7.610739       2.467459         -2.421291e-12     
   7.610739       2.525649         -2.846455e-12     
   7.610739       2.581075         -3.299724e-12     
   7.610739       2.633586         -3.772224e-12     
   7.610739       2.683041         -4.253211e-12     
   7.610739       2.729306         -4.730673e-12     
   7.610739       2.772258         -5.192163e-12     
   7.610739       2.811780         -5.625771e-12     
   7.610739       2.847765         -6.021116e-12     
   7.610739       2.880118         -6.370226e-12     
   7.610739       2.908749         -6.668158e-12     
   7.610739       2.933583         -6.913238e-12     
   7.610739       2.954553         -7.106875e-12     
   7.610739       2.971601         -7.252934e-12     
   7.610739       2.984682         -7.356771e-12     
   7.610739       2.993761         -7.424073e-12     
   7.610739       2.998815         -7.459700e-12     
   7.610739       3.004739         -7.499678e-12     
   7.610739       3.024957         -7.620262e-12     
   7.610739       3.061273         -7.763410e-12     
   7.610739       3.113597         -7.749059e-12     
   7.610739       3.181789         -7.163266e-12     
   7.610739       3.265666         -5.080643e-12     
   7.610739       3.365002         5.389285e-13      
   7.610739       3.479529         1.413043e-11      
   7.610739       3.608938         4.510207e-11      
   7.610739       3.752880         1.123655e-10      
   7.610739       3.910968         2.490311e-10      
   7.610739       4.082775         4.891713e-10      
   7.610739       4.267838         7.363411e-10      
   7.610739       4.465657         4.715903e-11      
   7.610739       4.675701         -6.580307e-09     
   7.610739       4.897402         -4.008822e-08     
   7.610739       5.130163         -1.625130e-07     
   7.610739       5.373356         -3.369988e-07     
   7.610739       5.626327         2.168488e-06      
   7.610739       5.888392         3.684305e-05      
   7.610739       6.158845         3.202074e-04      
   7.610739       6.436958         2.008808e-03      
   7.610739       6.721980         9.287223e-03      
   7.610739       7.013143         3.040571e-02      
   7.610739       7.309662         6.623463e-02      
   7.610739       7.610739         8.918335e-02      
   7.610739       7.915560         6.848212e-02      
   7.610739       8.223305         2.751644e-02      
   7.610739       8.533144         5.258282e-03      
   7.610739       8.844241         4.190693e-04      
   7.610739       9.155759         9.330119e-06      
   7.610739       9.466856         -2.538976e-07     
   7.610739       9.776695         -8.796897e-09     
   7.610739       10.084440        4.796084e-10      
   7.610739       10.389261        2.784102e-11      
   7.610739       10.690338        -4.758306e-13     
   7.610739       10.986857        -7.546367e-14     
   7.610739       11.278020        -6.599506e-16     
   7.610739       11.563042        1.690745e-16      
   7.610739       11.841155        5.942682e-18      
   7.610739       12.111608        -3.419567e-19     
   7.610739       12.373673        -3.765149e-20     
   7.610739       12.626644        -1.722722e-21     
   7.610739       12.869837        -1.477368e-22     
   7.610739       13.102598        -2.914133e-23     
   7.610739       13.324299        -4.917721e-24     
   7.610739       13.534343        -7.152375e-25     
   7.610739       13.732162        -9.883654e-26     
   7.610739       13.917225        -1.154208e-26     
   7.610739       14.089032        4.792689e-28      
   7.610739       14.247120        1.278845e-27      
   7.610739       14.391062        4.517484e-28      
   7.610739       14.520471        -3.509590e-28     
   7.610739       14.634998        -7.981540e-28     
   7.610739       14.734334        -8.621730e-28     
   7.610739       14.818211        -5.554839e-28     
   7.610739       14.886403        2.424932e-28      
   7.610739       14.938727        1.740373e-27      
   7.610739       14.975043        3.803836e-27      
   7.610739       14.995261        5.593230e-27      
   7.915560       0.001185         1.075111e-20      
   7.915560       0.006239         2.981368e-19      
   7.915560       0.015318         1.797173e-18      
   7.915560       0.028399         6.178020e-18      
   7.915560       0.045447         1.582656e-17      
   7.915560       0.066417         3.381982e-17      
   7.915560       0.091251         6.390019e-17      
   7.915560       0.119882         1.104531e-16      
   7.915560       0.152235         1.784925e-16      
   7.915560       0.188220         2.736598e-16      
   7.915560       0.227742         4.022388e-16      
   7.915560       0.270694         5.711918e-16      
   7.915560       0.316959         7.882164e-16      
   7.915560       0.366414         1.061825e-15      
   7.915560       0.418925         1.401442e-15      
   7.915560       0.474351         1.817513e-15      
   7.915560       0.532541         2.321616e-15      
   7.915560       0.593339         2.926562e-15      
   7.915560       0.656582         3.646448e-15      
   7.915560       0.722098         4.496652e-15      
   7.915560       0.789711         5.493711e-15      
   7.915560       0.859239         6.655024e-15      
   7.915560       0.930495         7.998312e-15      
   7.915560       1.003286         9.540738e-15      
   7.915560       1.077416         1.129757e-14      
   7.915560       1.152685         1.328021e-14      
   7.915560       1.228890         1.549352e-14      
   7.915560       1.305826         1.793211e-14      
   7.915560       1.383286         2.057560e-14      
   7.915560       1.461060         2.338244e-14      
   7.915560       1.538940         2.628251e-14      
   7.915560       1.616714         2.916811e-14      
   7.915560       1.694174         3.188385e-14      
   7.915560       1.771110         3.421553e-14      
   7.915560       1.847315         3.587897e-14      
   7.915560       1.922584         3.650970e-14      
   7.915560       1.996714         3.565503e-14      
   7.915560       2.069505         3.277055e-14      
   7.915560       2.140761         2.722316e-14      
   7.915560       2.210289         1.830309e-14      
   7.915560       2.277902         5.246973e-15      
   7.915560       2.343418         -1.272640e-14     
   7.915560       2.406661         -3.636744e-14     
   7.915560       2.467459         -6.633540e-14     
   7.915560       2.525649         -1.031297e-13     
   7.915560       2.581075         -1.470186e-13     
   7.915560       2.633586         -1.979724e-13     
   7.915560       2.683041         -2.556094e-13     
   7.915560       2.729306         -3.191644e-13     
   7.915560       2.772258         -3.874844e-13     
   7.915560       2.811780         -4.590575e-13     
   7.915560       2.847765         -5.320733e-13     
   7.915560       2.880118         -6.045107e-13     
   7.915560       2.908749         -6.742437e-13     
   7.915560       2.933583         -7.391539e-13     
   7.915560       2.954553         -7.972377e-13     
   7.915560       2.971601         -8.466992e-13     
   7.915560       2.984682         -8.860208e-13     
   7.915560       2.993761         -9.140124e-13     
   7.915560       2.998815         -9.298442e-13     
   7.915560       3.004739         -9.486258e-13     
   7.915560       3.024957         -1.014549e-12     
   7.915560       3.061273         -1.139927e-12     
   7.915560       3.113597         -1.335307e-12     
   7.915560       3.181789         -1.611001e-12     
   7.915560       3.265666         -1.962740e-12     
   7.915560       3.365002         -2.328327e-12     
   7.915560       3.479529         -2.464278e-12     
   7.915560       3.608938         -1.606448e-12     
   7.915560       3.752880         2.437889e-12      
   7.915560       3.910968         1.562867e-11      
   7.915560       4.082775         5.327513e-11      
   7.915560       4.267838         1.509148e-10      
   7.915560       4.465657         3.708376e-10      
   7.915560       4.675701         6.995497e-10      
   7.915560       4.897402         1.691764e-10      
   7.915560       5.130163         -8.212951e-09     
   7.915560       5.373356         -5.937198e-08     
   7.915560       5.626327         -2.493185e-07     
   7.915560       5.888392         7.653944e-09      
   7.915560       6.158845         1.380767e-05      
   7.915560       6.436958         1.756219e-04      
   7.915560       6.721980         1.407312e-03      
   7.915560       7.013143         7.802943e-03      
   7.915560       7.309662         2.908375e-02      
   7.915560       7.610739         6.848212e-02      
   7.915560       7.915560         9.444242e-02      
   7.915560       8.223305         7.024289e-02      
   7.915560       8.533144         2.581914e-02      
   7.915560       8.844241         4.255663e-03      
   7.915560       9.155759         2.727997e-04      
   7.915560       9.466856         3.825966e-06      
   7.915560       9.776695         -1.647485e-07     
   7.915560       10.084440        -2.566836e-09     
   7.915560       10.389261        2.939192e-10      
   7.915560       10.690338        1.016997e-11      
   7.915560       10.986857        -4.105644e-13     
   7.915560       11.278020        -3.162906e-14     
   7.915560       11.563042        2.088764e-16      
   7.915560       11.841155        8.120786e-17      
   7.915560       12.111608        1.278797e-18      
   7.915560       12.373673        -2.728406e-19     
   7.915560       12.626644        -2.661139e-20     
   7.915560       12.869837        -2.040918e-21     
   7.915560       13.102598        -2.612520e-22     
   7.915560       13.324299        -4.298986e-23     
   7.915560       13.534343        -6.768096e-24     
   7.915560       13.732162        -1.001279e-24     
   7.915560       13.917225        -1.265142e-25     
   7.915560       14.089032        -4.564887e-29     
   7.915560       14.247120        1.067235e-26      
   7.915560       14.391062        3.968054e-27      
   7.915560       14.520471        -3.139101e-27     
   7.915560       14.634998        -7.239925e-27     
   7.915560       14.734334        -8.120292e-27     
   7.915560       14.818211        -6.655654e-27     
   7.915560       14.886403        -3.966700e-27     
   7.915560       14.938727        -1.046875e-27     
   7.915560       14.975043        1.362502e-27      
   7.915560       14.995261        2.813610e-27      
   8.223305       0.001185         8.619594e-22      
   8.223305       0.006239         2.390303e-20      
   8.223305       0.015318         1.440946e-19      
   8.223305       0.028399         4.954125e-19      
   8.223305       0.045447         1.269509e-18      
   8.223305       0.066417         2.714349e-18      
   8.223305       0.091251         5.133408e-18      
   8.223305       0.119882         8.886133e-18      
   8.223305       0.152235         1.439044e-17      
   8.223305       0.188220         2.212803e-17      
   8.223305       0.227742         3.265340e-17      
   8.223305       0.270694         4.660721e-17      
   8.223305       0.316959         6.473501e-17      
   8.223305       0.366414         8.791186e-17      
   8.223305       0.418925         1.171737e-16      
   8.223305       0.474351         1.537563e-16      
   8.223305       0.532541         1.991421e-16      
   8.223305       0.593339         2.551161e-16      
   8.223305       0.656582         3.238310e-16      
   8.223305       0.722098         4.078809e-16      
   8.223305       0.789711         5.103849e-16      
   8.223305       0.859239         6.350771e-16      
   8.223305       0.930495         7.864017e-16      
   8.223305       1.003286         9.696070e-16      
   8.223305       1.077416         1.190832e-15      
   8.223305       1.152685         1.457173e-15      
   8.223305       1.228890         1.776715e-15      
   8.223305       1.305826         2.158500e-15      
   8.223305       1.383286         2.612421e-15      
   8.223305       1.461060         3.148978e-15      
   8.223305       1.538940         3.778881e-15      
   8.223305       1.616714         4.512447e-15      
   8.223305       1.694174         5.358728e-15      
   8.223305       1.771110         6.324363e-15      
   8.223305       1.847315         7.412106e-15      
   8.223305       1.922584         8.619045e-15      
   8.223305       1.996714         9.934573e-15      
   8.223305       2.069505         1.133821e-14      
   8.223305       2.140761         1.279745e-14      
   8.223305       2.210289         1.426597e-14      
   8.223305       2.277902         1.568241e-14      
   8.223305       2.343418         1.697025e-14      
   8.223305       2.406661         1.803912e-14      
   8.223305       2.467459         1.878795e-14      
   8.223305       2.525649         1.911011e-14      
   8.223305       2.581075         1.890067e-14      
   8.223305       2.633586         1.806543e-14      
   8.223305       2.683041         1.653111e-14      
   8.223305       2.729306         1.425590e-14      
   8.223305       2.772258         1.123895e-14      
   8.223305       2.811780         7.527794e-15      
   8.223305       2.847765         3.222164e-15      
   8.223305       2.880118         -1.526570e-15     
   8.223305       2.908749         -6.520979e-15     
   8.223305       2.933583         -1.152809e-14     
   8.223305       2.954553         -1.629416e-14     
   8.223305       2.971601         -2.056252e-14     
   8.223305       2.984682         -2.409280e-14     
   8.223305       2.993761         -2.667975e-14     
   8.223305       2.998815         -2.817014e-14     
   8.223305       3.004739         -2.996381e-14     
   8.223305       3.024957         -3.648047e-14     
   8.223305       3.061273         -4.984066e-14     
   8.223305       3.113597         -7.333202e-14     
   8.223305       3.181789         -1.128818e-13     
   8.223305       3.265666         -1.785796e-13     
   8.223305       3.365002         -2.866912e-13     
   8.223305       3.479529         -4.607279e-13     
   8.223305       3.608938         -7.248018e-13     
   8.223305       3.752880         -1.063326e-12     
   8.223305       3.910968         -1.255797e-12     
   8.223305       4.082775         -2.825523e-13     
   8.223305       4.267838         5.654376e-12      
   8.223305       4.465657         2.919834e-11      
   8.223305       4.675701         1.076909e-10      
   8.223305       4.897402         3.264860e-10      
   8.223305       5.130163         7.108726e-10      
   8.223305       5.373356         -2.234664e-10     
   8.223305       5.626327         -1.569611e-08     
   8.223305       5.888392         -1.161294e-07     
   8.223305       6.158845         -3.474667e-07     
   8.223305       6.436958         4.252800e-06      
   8.223305       6.721980         9.123931e-05      
   8.223305       7.013143         9.585399e-04      
   8.223305       7.309662         6.445758e-03      
   8.223305       7.610739         2.751644e-02      
   8.223305       7.915560         7.024289e-02      
   8.223305       8.223305         9.932619e-02      
   8.223305       8.533144         7.158181e-02      
   8.223305       8.844241         2.409027e-02      
   8.223305       9.155759         3.433529e-03      
   8.223305       9.466856         1.775897e-04      
   8.223305       9.776695         1.372185e-06      
   8.223305       10.084440        -9.885948e-08     
   8.223305       10.389261        -3.561459e-10     
   8.223305       10.690338        1.691638e-10      
   8.223305       10.986857        3.458326e-12      
   8.223305       11.278020        -2.714892e-13     
   8.223305       11.563042        -1.348523e-14     
   8.223305       11.841155        2.924472e-16      
   8.223305       12.111608        3.791751e-17      
   8.223305       12.373673        -3.944288e-19     
   8.223305       12.626644        -2.524391e-19     
   8.223305       12.869837        -2.731748e-20     
   8.223305       13.102598        -2.981017e-21     
   8.223305       13.324299        -4.256458e-22     
   8.223305       13.534343        -6.760350e-23     
   8.223305       13.732162        -1.056738e-23     
   8.223305       13.917225        -1.446261e-24     
   8.223305       14.089032        -5.008003e-26     
   8.223305       14.247120        9.244521e-26      
   8.223305       14.391062        3.679492e-26      
   8.223305       14.520471        -2.987853e-26     
   8.223305       14.634998        -6.951320e-26     
   8.223305       14.734334        -7.847053e-26     
   8.223305       14.818211        -6.456597e-26     
   8.223305       14.886403        -3.830216e-26     
   8.223305       14.938727        -9.113454e-27     
   8.223305       14.975043        1.565861e-26      
   8.223305       14.995261        3.099736e-26      
   8.533144       0.001185         -1.360700e-23     
   8.533144       0.006239         -3.773101e-22     
   8.533144       0.015318         -2.273713e-21     
   8.533144       0.028399         -7.808985e-21     
   8.533144       0.045447         -1.996406e-20     
   8.533144       0.066417         -4.249938e-20     
   8.533144       0.091251         -7.978890e-20     
   8.533144       0.119882         -1.365531e-19     
   8.533144       0.152235         -2.174565e-19     
   8.533144       0.188220         -3.265299e-19     
   8.533144       0.227742         -4.663722e-19     
   8.533144       0.270694         -6.370772e-19     
   8.533144       0.316959         -8.348206e-19     
   8.533144       0.366414         -1.050021e-18     
   8.533144       0.418925         -1.264967e-18     
   8.533144       0.474351         -1.450777e-18     
   8.533144       0.532541         -1.563505e-18     
   8.533144       0.593339         -1.539180e-18     
   8.533144       0.656582         -1.287503e-18     
   8.533144       0.722098         -6.838808e-19     
   8.533144       0.789711         4.405850e-19      
   8.533144       0.859239         2.311561e-18      
   8.533144       0.930495         5.226842e-18      
   8.533144       1.003286         9.575022e-18      
   8.533144       1.077416         1.585783e-17      
   8.533144       1.152685         2.471633e-17      
   8.533144       1.228890         3.696083e-17      
   8.533144       1.305826         5.360407e-17      
   8.533144       1.383286         7.589637e-17      
   8.533144       1.461060         1.053607e-16      
   8.533144       1.538940         1.438247e-16      
   8.533144       1.616714         1.934441e-16      
   8.533144       1.694174         2.567130e-16      
   8.533144       1.771110         3.364517e-16      
   8.533144       1.847315         4.357639e-16      
   8.533144       1.922584         5.579537e-16      
   8.533144       1.996714         7.063929e-16      
   8.533144       2.069505         8.843324e-16      
   8.533144       2.140761         1.094655e-15      
   8.533144       2.210289         1.339573e-15      
   8.533144       2.277902         1.620288e-15      
   8.533144       2.343418         1.936636e-15      
   8.533144       2.406661         2.286754e-15      
   8.533144       2.467459         2.666821e-15      
   8.533144       2.525649         3.070923e-15      
   8.533144       2.581075         3.491099e-15      
   8.533144       2.633586         3.917600e-15      
   8.533144       2.683041         4.339395e-15      
   8.533144       2.729306         4.744898e-15      
   8.533144       2.772258         5.122867e-15      
   8.533144       2.811780         5.463382e-15      
   8.533144       2.847765         5.758785e-15      
   8.533144       2.880118         6.004431e-15      
   8.533144       2.908749         6.199133e-15      
   8.533144       2.933583         6.345194e-15      
   8.533144       2.954553         6.447982e-15      
   8.533144       2.971601         6.515084e-15      
   8.533144       2.984682         6.555138e-15      
   8.533144       2.993761         6.576500e-15      
   8.533144       2.998815         6.585950e-15      
   8.533144       3.004739         6.594691e-15      
   8.533144       3.024957         6.604095e-15      
   8.533144       3.061273         6.529247e-15      
   8.533144       3.113597         6.157892e-15      
   8.533144       3.181789         5.028907e-15      
   8.533144       3.265666         2.162420e-15      
   8.533144       3.365002         -4.511034e-15     
   8.533144       3.479529         -1.933585e-14     
   8.533144       3.608938         -5.129816e-14     
   8.533144       3.752880         -1.183096e-13     
   8.533144       3.910968         -2.529054e-13     
   8.533144       4.082775         -4.995702e-13     
   8.533144       4.267838         -8.473451e-13     
   8.533144       4.465657         -8.387871e-13     
   8.533144       4.675701         2.202404e-12      
   8.533144       4.897402         2.013878e-11      
   8.533144       5.130163         9.675289e-11      
   8.533144       5.373356         3.496317e-10      
   8.533144       5.626327         7.565805e-10      
   8.533144       5.888392         -2.279436e-09     
   8.533144       6.158845         -4.225423e-08     
   8.533144       6.436958         -2.583144e-07     
   8.533144       6.721980         8.222964e-07      
   8.533144       7.013143         4.501209e-05      
   8.533144       7.309662         6.386607e-04      
   8.533144       7.610739         5.258282e-03      
   8.533144       7.915560         2.581914e-02      
   8.533144       8.223305         7.158181e-02      
   8.533144       8.533144         1.038485e-01      
   8.533144       8.844241         7.256893e-02      
   8.533144       9.155759         2.240944e-02      
   8.533144       9.466856         2.775564e-03      
   8.533144       9.776695         1.166198e-04      
   8.533144       10.084440        3.380213e-07      
   8.533144       10.389261        -5.777495e-08     
   8.533144       10.690338        3.175041e-10      
   8.533144       10.986857        9.678041e-11      
   8.533144       11.278020        1.006013e-12      
   8.533144       11.563042        -1.700112e-13     
   8.533144       11.841155        -6.138025e-15     
   8.533144       12.111608        2.125615e-16      
   8.533144       12.373673        1.541680e-17      
   8.533144       12.626644        -1.320984e-18     
   8.533144       12.869837        -2.947870e-19     
   8.533144       13.102598        -3.698946e-20     
   8.533144       13.324299        -4.873802e-21     
   8.533144       13.534343        -7.374208e-22     
   8.533144       13.732162        -1.175104e-22     
   8.533144       13.917225        -1.717194e-23     
   8.533144       14.089032        -1.081537e-24     
   8.533144       14.247120        8.180125e-25      
   8.533144       14.391062        3.563784e-25      
   8.533144       14.520471        -3.025884e-25     
   8.533144       14.634998        -7.084429e-25     
   8.533144       14.734334        -8.052946e-25     
   8.533144       14.818211        -6.663870e-25     
   8.533144       14.886403        -3.973977e-25     
   8.533144       14.938727        -9.543484e-26     
   8.533144       14.975043        1.626027e-25      
   8.533144       14.995261        3.231380e-25      
   8.844241       0.001185         -8.241367e-24     
   8.844241       0.006239         -2.285394e-22     
   8.844241       0.015318         -1.377629e-21     
   8.844241       0.028399         -4.735695e-21     
   8.844241       0.045447         -1.213118e-20     
   8.844241       0.066417         -2.592114e-20     
   8.844241       0.091251         -4.896985e-20     
   8.844241       0.119882         -8.462869e-20     
   8.844241       0.152235         -1.367204e-19     
   8.844241       0.188220         -2.095307e-19     
   8.844241       0.227742         -3.078099e-19     
   8.844241       0.270694         -4.367864e-19     
   8.844241       0.316959         -6.021912e-19     
   8.844241       0.366414         -8.102944e-19     
   8.844241       0.418925         -1.067947e-18     
   8.844241       0.474351         -1.382623e-18     
   8.844241       0.532541         -1.762453e-18     
   8.844241       0.593339         -2.216230e-18     
   8.844241       0.656582         -2.753364e-18     
   8.844241       0.722098         -3.383772e-18     
   8.844241       0.789711         -4.117638e-18     
   8.844241       0.859239         -4.965021e-18     
   8.844241       0.930495         -5.935221e-18     
   8.844241       1.003286         -7.035849e-18     
   8.844241       1.077416         -8.271477e-18     
   8.844241       1.152685         -9.641778e-18     
   8.844241       1.228890         -1.113901e-17     
   8.844241       1.305826         -1.274474e-17     
   8.844241       1.383286         -1.442561e-17     
   8.844241       1.461060         -1.612812e-17     
   8.844241       1.538940         -1.777235e-17     
   8.844241       1.616714         -1.924462e-17     
   8.844241       1.694174         -2.038934e-17     
   8.844241       1.771110         -2.100034e-17     
   8.844241       1.847315         -2.081241e-17     
   8.844241       1.922584         -1.949391e-17     
   8.844241       1.996714         -1.664175e-17     
   8.844241       2.069505         -1.178018e-17     
   8.844241       2.140761         -4.365313e-18     
   8.844241       2.210289         6.202939e-18      
   8.844241       2.277902         2.055995e-17      
   8.844241       2.343418         3.934539e-17      
   8.844241       2.406661         6.316224e-17      
   8.844241       2.467459         9.252689e-17      
   8.844241       2.525649         1.278133e-16      
   8.844241       2.581075         1.691957e-16      
   8.844241       2.633586         2.165953e-16      
   8.844241       2.683041         2.696385e-16      
   8.844241       2.729306         3.276315e-16      
   8.844241       2.772258         3.895588e-16      
   8.844241       2.811780         4.541058e-16      
   8.844241       2.847765         5.197078e-16      
   8.844241       2.880118         5.846208e-16      
   8.844241       2.908749         6.470063e-16      
   8.844241       2.933583         7.050247e-16      
   8.844241       2.954553         7.569244e-16      
   8.844241       2.971601         8.011228e-16      
   8.844241       2.984682         8.362703e-16      
   8.844241       2.993761         8.612993e-16      
   8.844241       2.998815         8.754596e-16      
   8.844241       3.004739         8.922628e-16      
   8.844241       3.024957         9.512887e-16      
   8.844241       3.061273         1.063823e-15      
   8.844241       3.113597         1.240279e-15      
   8.844241       3.181789         1.492979e-15      
   8.844241       3.265666         1.827208e-15      
   8.844241       3.365002         2.213104e-15      
   8.844241       3.479529         2.504274e-15      
   8.844241       3.608938         2.212265e-15      
   8.844241       3.752880         -1.001024e-16     
   8.844241       3.910968         -8.399877e-15     
   8.844241       4.082775         -3.309341e-14     
   8.844241       4.267838         -9.962519e-14     
   8.844241       4.465657         -2.615573e-13     
   8.844241       4.675701         -5.850611e-13     
   8.844241       4.897402         -8.620461e-13     
   8.844241       5.130163         1.270913e-12      
   8.844241       5.373356         1.975819e-11      
   8.844241       5.626327         1.164600e-10      
   8.844241       5.888392         4.602251e-10      
   8.844241       6.158845         5.515804e-10      
   8.844241       6.436958         -1.212932e-08     
   8.844241       6.721980         -1.369202e-07     
   8.844241       7.013143         -1.653866e-07     
   8.844241       7.309662         2.108758e-05      
   8.844241       7.610739         4.190693e-04      
   8.844241       7.915560         4.255663e-03      
   8.844241       8.223305         2.409027e-02      
   8.844241       8.533144         7.256893e-02      
   8.844241       8.844241         1.080254e-01      
   8.844241       9.155759         7.327696e-02      
   8.844241       9.466856         2.083755e-02      
   8.844241       9.776695         2.259722e-03      
   8.844241       10.084440        7.797532e-05      
   8.844241       10.389261        -6.463590e-08     
   8.844241       10.690338        -3.392898e-08     
   8.844241       10.986857        4.533986e-10      
   8.844241       11.278020        5.700896e-11      
   8.844241       11.563042        1.433552e-13      
   8.844241       11.841155        -1.092286e-13     
   8.844241       12.111608        -3.268385e-15     
   8.844241       12.373673        1.094438e-16      
   8.844241       12.626644        3.930556e-19      
   8.844241       12.869837        -2.383713e-18     
   8.844241       13.102598        -4.260341e-19     
   8.844241       13.324299        -6.026808e-20     
   8.844241       13.534343        -8.881577e-21     
   8.844241       13.732162        -1.402621e-21     
   8.844241       13.917225        -2.134495e-22     
   8.844241       14.089032        -1.844632e-23     
   8.844241       14.247120        7.223119e-24      
   8.844241       14.391062        3.565330e-24      
   8.844241       14.520471        -3.242645e-24     
   8.844241       14.634998        -7.614282e-24     
   8.844241       14.734334        -8.716992e-24     
   8.844241       14.818211        -7.257606e-24     
   8.844241       14.886403        -4.353728e-24     
   8.844241       14.938727        -1.059553e-24     
   8.844241       14.975043        1.774639e-24      
   8.844241       14.995261        3.545794e-24      
   9.155759       0.001185         -5.517009e-25     
   9.155759       0.006239         -1.529925e-23     
   9.155759       0.015318         -9.222855e-23     
   9.155759       0.028399         -3.170931e-22     
   9.155759       0.045447         -8.125694e-22     
   9.155759       0.066417         -1.737397e-21     
   9.155759       0.091251         -3.285895e-21     
   9.155759       0.119882         -5.688310e-21     
   9.155759       0.152235         -9.212491e-21     
   9.155759       0.188220         -1.416742e-20     
   9.155759       0.227742         -2.090915e-20     
   9.155759       0.270694         -2.984957e-20     
   9.155759       0.316959         -4.146871e-20     
   9.155759       0.366414         -5.633083e-20     
   9.155759       0.418925         -7.510498e-20     
   9.155759       0.474351         -9.859038e-20     
   9.155759       0.532541         -1.277472e-19     
   9.155759       0.593339         -1.637327e-19     
   9.155759       0.656582         -2.079442e-19     
   9.155759       0.722098         -2.620667e-19     
   9.155759       0.789711         -3.281276e-19     
   9.155759       0.859239         -4.085552e-19     
   9.155759       0.930495         -5.062403e-19     
   9.155759       1.003286         -6.245978e-19     
   9.155759       1.077416         -7.676220e-19     
   9.155759       1.152685         -9.399297e-19     
   9.155759       1.228890         -1.146779e-18     
   9.155759       1.305826         -1.394051e-18     
   9.155759       1.383286         -1.688172e-18     
   9.155759       1.461060         -2.035962e-18     
   9.155759       1.538940         -2.444367e-18     
   9.155759       1.616714         -2.920063e-18     
   9.155759       1.694174         -3.468894e-18     
   9.155759       1.771110         -4.095109e-18     
   9.155759       1.847315         -4.800405e-18     
   9.155759       1.922584         -5.582759e-18     
   9.155759       1.996714         -6.435099e-18     
   9.155759       2.069505         -7.343867e-18     
   9.155759       2.140761         -8.287614e-18     
   9.155759       2.210289         -9.235779e-18     
   9.155759       2.277902         -1.014789e-17     
   9.155759       2.343418         -1.097342e-17     
   9.155759       2.406661         -1.165262e-17     
   9.155759       2.467459         -1.211850e-17     
   9.155759       2.525649         -1.230015e-17     
   9.155759       2.581075         -1.212751e-17     
   9.155759       2.633586         -1.153726e-17     
   9.155759       2.683041         -1.047963e-17     
   9.155759       2.729306         -8.925460e-18     
   9.155759       2.772258         -6.872723e-18     
   9.155759       2.811780         -4.351706e-18     
   9.155759       2.847765         -1.427923e-18     
   9.155759       2.880118         1.797911e-18      
   9.155759       2.908749         5.193282e-18      
   9.155759       2.933583         8.600706e-18      
   9.155759       2.954553         1.184762e-17      
   9.155759       2.971601         1.475853e-17      
   9.155759       2.984682         1.716834e-17      
   9.155759       2.993761         1.893552e-17      
   9.155759       2.998815         1.995413e-17      
   9.155759       3.004739         2.118052e-17      
   9.155759       3.024957         2.564070e-17      
   9.155759       3.061273         3.480719e-17      
   9.155759       3.113597         5.099782e-17      
   9.155759       3.181789         7.846523e-17      
   9.155759       3.265666         1.246698e-16      
   9.155759       3.365002         2.023116e-16      
   9.155759       3.479529         3.319424e-16      
   9.155759       3.608938         5.429332e-16      
   9.155759       3.752880         8.623506e-16      
   9.155759       3.910968         1.251554e-15      
   9.155759       4.082775         1.349058e-15      
   9.155759       4.267838         -4.478489e-16     
   9.155759       4.465657         -9.993998e-15     
   9.155759       4.675701         -4.627315e-14     
   9.155759       4.897402         -1.622095e-13     
   9.155759       5.130163         -4.583287e-13     
   9.155759       5.373356         -8.040870e-13     
   9.155759       5.626327         1.799181e-12      
   9.155759       5.888392         2.932449e-11      
   9.155759       6.158845         1.889236e-10      
   9.155759       6.436958         6.636483e-10      
   9.155759       6.721980         -2.212031e-09     
   9.155759       7.013143         -6.163304e-08     
   9.155759       7.309662         -3.197554e-07     
   9.155759       7.610739         9.330119e-06      
   9.155759       7.915560         2.727997e-04      
   9.155759       8.223305         3.433529e-03      
   9.155759       8.533144         2.240944e-02      
   9.155759       8.844241         7.327696e-02      
   9.155759       9.155759         1.118742e-01      
   9.155759       9.466856         7.377910e-02      
   9.155759       9.776695         1.941863e-02      
   9.155759       10.084440        1.862711e-03      
   9.155759       10.389261        5.361448e-05      
   9.155759       10.690338        -1.998914e-07     
   9.155759       10.986857        -2.052100e-08     
   9.155759       11.278020        4.264864e-10      
   9.155759       11.563042        3.551557e-11      
   9.155759       11.841155        -1.487178e-13     
   9.155759       12.111608        -7.636592e-14     
   9.155759       12.373673        -2.399648e-15     
   9.155759       12.626644        -8.367677e-18     
   9.155759       12.869837        -1.553305e-17     
   9.155759       13.102598        -4.300244e-18     
   9.155759       13.324299        -7.309809e-19     
   9.155759       13.534343        -1.132864e-19     
   9.155759       13.732162        -1.798605e-20     
   9.155759       13.917225        -2.808962e-21     
   9.155759       14.089032        -2.971426e-22     
   9.155759       14.247120        6.055099e-23      
   9.155759       14.391062        3.631862e-23      
   9.155759       14.520471        -3.653468e-23     
   9.155759       14.634998        -8.568354e-23     
   9.155759       14.734334        -9.880137e-23     
   9.155759       14.818211        -8.279556e-23     
   9.155759       14.886403        -4.998365e-23     
   9.155759       14.938727        -1.233778e-23     
   9.155759       14.975043        2.028940e-23      
   9.155759       14.995261        4.077680e-23      
   9.466856       0.001185         1.276651e-26      
   9.466856       0.006239         3.540136e-25      
   9.466856       0.015318         2.133628e-24      
   9.466856       0.028399         7.330907e-24      
   9.466856       0.045447         1.875898e-23      
   9.466856       0.066417         4.000248e-23      
   9.466856       0.091251         7.531803e-23      
   9.466856       0.119882         1.294844e-22      
   9.466856       0.152235         2.075866e-22      
   9.466856       0.188220         3.147170e-22      
   9.466856       0.227742         4.555704e-22      
   9.466856       0.270694         6.339081e-22      
   9.466856       0.316959         8.518574e-22      
   9.466856       0.366414         1.109001e-21      
   9.466856       0.418925         1.401200e-21      
   9.466856       0.474351         1.719074e-21      
   9.466856       0.532541         2.046039e-21      
   9.466856       0.593339         2.355779e-21      
   9.466856       0.656582         2.609000e-21      
   9.466856       0.722098         2.749262e-21      
   9.466856       0.789711         2.697691e-21      
   9.466856       0.859239         2.346296e-21      
   9.466856       0.930495         1.549621e-21      
   9.466856       1.003286         1.144448e-22      
   9.466856       1.077416         -2.212732e-21     
   9.466856       1.152685         -5.760624e-21     
   9.466856       1.228890         -1.095060e-20     
   9.466856       1.305826         -1.831647e-20     
   9.466856       1.383286         -2.852625e-20     
   9.466856       1.461060         -4.240487e-20     
   9.466856       1.538940         -6.095648e-20     
   9.466856       1.616714         -8.538392e-20     
   9.466856       1.694174         -1.171024e-19     
   9.466856       1.771110         -1.577430e-19     
   9.466856       1.847315         -2.091419e-19     
   9.466856       1.922584         -2.733082e-19     
   9.466856       1.996714         -3.523666e-19     
   9.466856       2.069505         -4.484687e-19     
   9.466856       2.140761         -5.636709e-19     
   9.466856       2.210289         -6.997774e-19     
   9.466856       2.277902         -8.581558e-19     
   9.466856       2.343418         -1.039533e-18     
   9.466856       2.406661         -1.243793e-18     
   9.466856       2.467459         -1.469791e-18     
   9.466856       2.525649         -1.715226e-18     
   9.466856       2.581075         -1.976586e-18     
   9.466856       2.633586         -2.249205e-18     
   9.466856       2.683041         -2.527431e-18     
   9.466856       2.729306         -2.804932e-18     
   9.466856       2.772258         -3.075092e-18     
   9.466856       2.811780         -3.331485e-18     
   9.466856       2.847765         -3.568362e-18     
   9.466856       2.880118         -3.781080e-18     
   9.466856       2.908749         -3.966414e-18     
   9.466856       2.933583         -4.122700e-18     
   9.466856       2.954553         -4.249768e-18     
   9.466856       2.971601         -4.348678e-18     
   9.466856       2.984682         -4.421294e-18     
   9.466856       2.993761         -4.469762e-18     
   9.466856       2.998815         -4.495991e-18     
   9.466856       3.004739         -4.525999e-18     
   9.466856       3.024957         -4.621806e-18     
   9.466856       3.061273         -4.762779e-18     
   9.466856       3.113597         -4.870338e-18     
   9.466856       3.181789         -4.759429e-18     
   9.466856       3.265666         -4.007981e-18     
   9.466856       3.365002         -1.667995e-18     
   9.466856       3.479529         4.368651e-18      
   9.466856       3.608938         1.873989e-17      
   9.466856       3.752880         5.145468e-17      
   9.466856       3.910968         1.232243e-16      
   9.466856       4.082775         2.727996e-16      
   9.466856       4.267838         5.535243e-16      
   9.466856       4.465657         9.426996e-16      
   9.466856       4.675701         8.078576e-16      
   9.466856       4.897402         -3.515204e-15     
   9.466856       5.130163         -2.804263e-14     
   9.466856       5.373356         -1.293357e-13     
   9.466856       5.626327         -4.367261e-13     
   9.466856       5.888392         -7.066983e-13     
   9.466856       6.158845         4.901522e-12      
   9.466856       6.436958         6.302406e-11      
   9.466856       6.721980         3.785427e-10      
   9.466856       7.013143         3.192430e-10      
   9.466856       7.309662         -2.470934e-08     
   9.466856       7.610739         -2.538976e-07     
   9.466856       7.915560         3.825966e-06      
   9.466856       8.223305         1.775897e-04      
   9.466856       8.533144         2.775564e-03      
   9.466856       8.844241         2.083755e-02      
   9.466856       9.155759         7.377910e-02      
   9.466856       9.466856         1.154131e-01      
   9.466856       9.776695         7.414719e-02      
   9.466856       10.084440        1.818266e-02      
   9.466856       10.389261        1.562825e-03      
   9.466856       10.690338        3.830508e-05      
   9.466856       10.986857        -2.292117e-07     
   9.466856       11.278020        -1.309021e-08     
   9.466856       11.563042        3.667366e-10      
   9.466856       11.841155        2.390832e-11      
   9.466856       12.111608        -2.525237e-13     
   9.466856       12.373673        -6.210862e-14     
   9.466856       12.626644        -2.737551e-15     
   9.466856       12.869837        -1.815185e-16     
   9.466856       13.102598        -4.171602e-17     
   9.466856       13.324299        -8.416015e-18     
   9.466856       13.534343        -1.446527e-18     
   9.466856       13.732162        -2.401285e-19     
   9.466856       13.917225        -3.884396e-20     
   9.466856       14.089032        -4.766108e-21     
   9.466856       14.247120        4.125806e-22      
   9.466856       14.391062        3.675145e-22      
   9.466856       14.520471        -4.299009e-22     
   9.466856       14.634998        -1.001503e-21     
   9.466856       14.734334        -1.163166e-21     
   9.466856       14.818211        -9.814417e-22     
   9.466856       14.886403        -5.965255e-22     
   9.466856       14.938727        -1.494707e-22     
   9.466856       14.975043        2.410490e-22      
   9.466856       14.995261        4.875273e-22      
   9.776695       0.001185         3.794949e-27      
   9.776695       0.006239         1.052370e-25      
   9.776695       0.015318         6.343726e-25      
   9.776695       0.028399         2.180764e-24      
   9.776695       0.045447         5.586715e-24      
   9.776695       0.066417         1.193880e-23      
   9.776695       0.091251         2.255922e-23      
   9.776695       0.119882         3.899870e-23      
   9.776695       0.152235         6.303265e-23      
   9.776695       0.188220         9.666260e-23      
   9.776695       0.227742         1.421242e-22      
   9.776695       0.270694         2.019034e-22      
   9.776695       0.316959         2.787613e-22      
   9.776695       0.366414         3.757677e-22      
   9.776695       0.418925         4.963431e-22      
   9.776695       0.474351         6.443059e-22      
   9.776695       0.532541         8.239229e-22      
   9.776695       0.593339         1.039956e-21      
   9.776695       0.656582         1.297699e-21      
   9.776695       0.722098         1.602990e-21      
   9.776695       0.789711         1.962191e-21      
   9.776695       0.859239         2.382104e-21      
   9.776695       0.930495         2.869805e-21      
   9.776695       1.003286         3.432355e-21      
   9.776695       1.077416         4.076354e-21      
   9.776695       1.152685         4.807262e-21      
   9.776695       1.228890         5.628455e-21      
   9.776695       1.305826         6.539913e-21      
   9.776695       1.383286         7.536488e-21      
   9.776695       1.461060         8.605665e-21      
   9.776695       1.538940         9.724765e-21      
   9.776695       1.616714         1.085756e-20      
   9.776695       1.694174         1.195031e-20      
   9.776695       1.771110         1.292737e-20      
   9.776695       1.847315         1.368655e-20      
   9.776695       1.922584         1.409450e-20      
   9.776695       1.996714         1.398287e-20      
   9.776695       2.069505         1.314562e-20      
   9.776695       2.140761         1.133858e-20      
   9.776695       2.210289         8.282003e-21      
   9.776695       2.277902         3.667172e-21      
   9.776695       2.343418         -2.832225e-21     
   9.776695       2.406661         -1.154344e-20     
   9.776695       2.467459         -2.277281e-20     
   9.776695       2.525649         -3.677932e-20     
   9.776695       2.581075         -5.374533e-20     
   9.776695       2.633586         -7.374650e-20     
   9.776695       2.683041         -9.672416e-20     
   9.776695       2.729306         -1.224633e-19     
   9.776695       2.772258         -1.505794e-19     
   9.776695       2.811780         -1.805171e-19     
   9.776695       2.847765         -2.115618e-19     
   9.776695       2.880118         -2.428647e-19     
   9.776695       2.908749         -2.734802e-19     
   9.776695       2.933583         -3.024121e-19     
   9.776695       2.954553         -3.286655e-19     
   9.776695       2.971601         -3.513009e-19     
   9.776695       2.984682         -3.694842e-19     
   9.776695       2.993761         -3.825322e-19     
   9.776695       2.998815         -3.899511e-19     
   9.776695       3.004739         -3.987895e-19     
   9.776695       3.024957         -4.301383e-19     
   9.776695       3.061273         -4.912401e-19     
   9.776695       3.113597         -5.907995e-19     
   9.776695       3.181789         -7.425112e-19     
   9.776695       3.265666         -9.650711e-19     
   9.776695       3.365002         -1.278035e-18     
   9.776695       3.479529         -1.683133e-18     
   9.776695       3.608938         -2.100238e-18     
   9.776695       3.752880         -2.169522e-18     
   9.776695       3.910968         -6.735135e-19     
   9.776695       4.082775         6.075419e-18      
   9.776695       4.267838         2.846367e-17      
   9.776695       4.465657         9.337612e-17      
   9.776695       4.675701         2.598940e-16      
   9.776695       4.897402         6.014531e-16      
   9.776695       5.130163         8.527494e-16      
   9.776695       5.373356         -1.931647e-15     
   9.776695       5.626327         -2.491572e-14     
   9.776695       5.888392         -1.406800e-13     
   9.776695       6.158845         -5.085076e-13     
   9.776695       6.436958         -1.489678e-13     
   9.776695       6.721980         1.747283e-11      
   9.776695       7.013143         1.742816e-10      
   9.776695       7.309662         6.430071e-10      
   9.776695       7.610739         -8.796897e-09     
   9.776695       7.915560         -1.647485e-07     
   9.776695       8.223305         1.372185e-06      
   9.776695       8.533144         1.166198e-04      
   9.776695       8.844241         2.259722e-03      
   9.776695       9.155759         1.941863e-02      
   9.776695       9.466856         7.414719e-02      
   9.776695       9.776695         1.186607e-01      
   9.776695       10.084440        7.445025e-02      
   9.776695       10.389261        1.714895e-02      
   9.776695       10.690338        1.341467e-03      
   9.776695       10.986857        2.873927e-05      
   9.776695       11.278020        -2.213155e-07     
   9.776695       11.563042        -9.035001e-09     
   9.776695       11.841155        3.136372e-10      
   9.776695       12.111608        1.763222e-11      
   9.776695       12.373673        -3.185089e-13     
   9.776695       12.626644        -6.321343e-14     
   9.776695       12.869837        -4.427476e-15     
   9.776695       13.102598        -5.113007e-16     
   9.776695       13.324299        -9.699447e-17     
   9.776695       13.534343        -1.817902e-17     
   9.776695       13.732162        -3.228699e-18     
   9.776695       13.917225        -5.503556e-19     
   9.776695       14.089032        -7.633708e-20     
   9.776695       14.247120        5.503415e-22      
   9.776695       14.391062        3.525662e-21      
   9.776695       14.520471        -5.250925e-21     
   9.776695       14.634998        -1.205571e-20     
   9.776695       14.734334        -1.409966e-20     
   9.776695       14.818211        -1.198293e-20     
   9.776695       14.886403        -7.336143e-21     
   9.776695       14.938727        -1.867645e-21     
   9.776695       14.975043        2.949878e-21      
   9.776695       14.995261        6.007221e-21      
   10.084440      0.001185         1.445488e-28      
   10.084440      0.006239         4.008516e-27      
   10.084440      0.015318         2.416535e-26      
   10.084440      0.028399         8.309140e-26      
   10.084440      0.045447         2.129713e-25      
   10.084440      0.066417         4.555432e-25      
   10.084440      0.091251         8.621196e-25      
   10.084440      0.119882         1.493941e-24      
   10.084440      0.152235         2.423038e-24      
   10.084440      0.188220         3.733793e-24      
   10.084440      0.227742         5.525394e-24      
   10.084440      0.270694         7.915374e-24      
   10.084440      0.316959         1.104446e-23      
   10.084440      0.366414         1.508296e-23      
   10.084440      0.418925         2.023887e-23      
   10.084440      0.474351         2.676809e-23      
   10.084440      0.532541         3.498693e-23      
   10.084440      0.593339         4.528733e-23      
   10.084440      0.656582         5.815505e-23      
   10.084440      0.722098         7.419129e-23      
   10.084440      0.789711         9.413793e-23      
   10.084440      0.859239         1.189066e-22      
   10.084440      0.930495         1.496115e-22      
   10.084440      1.003286         1.876057e-22      
   10.084440      1.077416         2.345192e-22      
   10.084440      1.152685         2.922986e-22      
   10.084440      1.228890         3.632427e-22      
   10.084440      1.305826         4.500332e-22      
   10.084440      1.383286         5.557507e-22      
   10.084440      1.461060         6.838703e-22      
   10.084440      1.538940         8.382263e-22      
   10.084440      1.616714         1.022931e-21      
   10.084440      1.694174         1.242239e-21      
   10.084440      1.771110         1.500332e-21      
   10.084440      1.847315         1.801031e-21      
   10.084440      1.922584         2.147399e-21      
   10.084440      1.996714         2.541262e-21      
   10.084440      2.069505         2.982641e-21      
   10.084440      2.140761         3.469130e-21      
   10.084440      2.210289         3.995271e-21      
   10.084440      2.277902         4.551990e-21      
   10.084440      2.343418         5.126193e-21      
   10.084440      2.406661         5.700625e-21      
   10.084440      2.467459         6.254105e-21      
   10.084440      2.525649         6.762230e-21      
   10.084440      2.581075         7.198615e-21      
   10.084440      2.633586         7.536667e-21      
   10.084440      2.683041         7.751824e-21      
   10.084440      2.729306         7.824103e-21      
   10.084440      2.772258         7.740692e-21      
   10.084440      2.811780         7.498294e-21      
   10.084440      2.847765         7.104866e-21      
   10.084440      2.880118         6.580426e-21      
   10.084440      2.908749         5.956690e-21      
   10.084440      2.933583         5.275410e-21      
   10.084440      2.954553         4.585453e-21      
   10.084440      2.971601         3.938859e-21      
   10.084440      2.984682         3.386237e-21      
   10.084440      2.993761         2.972023e-21      
   10.084440      2.998815         2.730064e-21      
   10.084440      3.004739         2.435806e-21      
   10.084440      3.024957         1.340597e-21      
   10.084440      3.061273         -1.015588e-21     
   10.084440      3.113597         -5.445088e-21     
   10.084440      3.181789         -1.352070e-20     
   10.084440      3.265666         -2.820319e-20     
   10.084440      3.365002         -5.502490e-20     
   10.084440      3.479529         -1.042226e-19     
   10.084440      3.608938         -1.942196e-19     
   10.084440      3.752880         -3.558528e-19     
   10.084440      3.910968         -6.310809e-19     
   10.084440      4.082775         -1.035802e-18     
   10.084440      4.267838         -1.364790e-18     
   10.084440      4.465657         -3.955574e-19     
   10.084440      4.675701         6.972199e-18      
   10.084440      4.897402         3.875947e-17      
   10.084440      5.130163         1.482742e-16      
   10.084440      5.373356         4.391246e-16      
   10.084440      5.626327         7.425392e-16      
   10.084440      5.888392         -2.445797e-15     
   10.084440      6.158845         -3.417987e-14     
   10.084440      6.436958         -2.079064e-13     
   10.084440      6.721980         -6.139226e-13     
   10.084440      7.013143         3.600877e-12      
   10.084440      7.309662         7.206516e-11      
   10.084440      7.610739         4.796084e-10      
   10.084440      7.915560         -2.566836e-09     
   10.084440      8.223305         -9.885948e-08     
   10.084440      8.533144         3.380213e-07      
   10.084440      8.844241         7.797532e-05      
   10.084440      9.155759         1.862711e-03      
   10.084440      9.466856         1.818266e-02      
   10.084440      9.776695         7.445025e-02      
   10.084440      10.084440        1.216352e-01      
   10.084440      10.389261        7.475340e-02      
   10.084440      10.690338        1.632971e-02      
   10.084440      10.986857        1.183776e-03      
   10.084440      11.278020        2.287902e-05      
   10.084440      11.563042        -2.040597e-07     
   10.084440      11.841155        -6.930719e-09     
   10.084440      12.111608        2.752695e-10      
   10.084440      12.373673        1.422915e-11      
   10.084440      12.626644        -4.283774e-13     
   10.084440      12.869837        -8.371962e-14     
   10.084440      13.102598        -8.685989e-15     
   10.084440      13.324299        -1.253385e-15     
   10.084440      13.534343        -2.304957e-16     
   10.084440      13.732162        -4.324302e-17     
   10.084440      13.917225        -7.824180e-18     
   10.084440      14.089032        -1.207723e-18     
   10.084440      14.247120        -5.951404e-20     
   10.084440      14.391062        2.894240e-20      
   10.084440      14.520471        -6.616177e-20     
   10.084440      14.634998        -1.481209e-19     
   10.084440      14.734334        -1.743472e-19     
   10.084440      14.818211        -1.492907e-19     
   10.084440      14.886403        -9.210373e-20     
   10.084440      14.938727        -2.384486e-20     
   10.084440      14.975043        3.683635e-20      
   10.084440      14.995261        7.557300e-20      
   10.389261      0.001185         -9.722749e-30     
   10.389261      0.006239         -2.696168e-28     
   10.389261      0.015318         -1.625169e-27     
   10.389261      0.028399         -5.585879e-27     
   10.389261      0.045447         -1.430483e-26     
   10.389261      0.066417         -3.054882e-26     
   10.389261      0.091251         -5.765930e-26     
   10.389261      0.119882         -9.950377e-26     
   10.389261      0.152235         -1.604172e-25     
   10.389261      0.188220         -2.451323e-25     
   10.389261      0.227742         -3.586962e-25     
   10.389261      0.270694         -5.063693e-25     
   10.389261      0.316959         -6.934998e-25     
   10.389261      0.366414         -9.253627e-25     
   10.389261      0.418925         -1.206948e-24     
   10.389261      0.474351         -1.542675e-24     
   10.389261      0.532541         -1.936006e-24     
   10.389261      0.593339         -2.388910e-24     
   10.389261      0.656582         -2.901138e-24     
   10.389261      0.722098         -3.469229e-24     
   10.389261      0.789711         -4.085173e-24     
   10.389261      0.859239         -4.734626e-24     
   10.389261      0.930495         -5.394564e-24     
   10.389261      1.003286         -6.030228e-24     
   10.389261      1.077416         -6.591226e-24     
   10.389261      1.152685         -7.006623e-24     
   10.389261      1.228890         -7.178889e-24     
   10.389261      1.305826         -6.976576e-24     
   10.389261      1.383286         -6.225696e-24     
   10.389261      1.461060         -4.699845e-24     
   10.389261      1.538940         -2.109316e-24     
   10.389261      1.616714         1.910345e-24      
   10.389261      1.694174         7.809565e-24      
   10.389261      1.771110         1.613462e-23      
   10.389261      1.847315         2.753463e-23      
   10.389261      1.922584         4.276363e-23      
   10.389261      1.996714         6.267552e-23      
   10.389261      2.069505         8.820933e-23      
   10.389261      2.140761         1.203624e-22      
   10.389261      2.210289         1.601495e-22      
   10.389261      2.277902         2.085476e-22      
   10.389261      2.343418         2.664256e-22      
   10.389261      2.406661         3.344638e-22      
   10.389261      2.467459         4.130664e-22      
   10.389261      2.525649         5.022754e-22      
   10.389261      2.581075         6.016962e-22      
   10.389261      2.633586         7.104428e-22      
   10.389261      2.683041         8.271159e-22      
   10.389261      2.729306         9.498178e-22      
   10.389261      2.772258         1.076210e-21      
   10.389261      2.811780         1.203611e-21      
   10.389261      2.847765         1.329124e-21      
   10.389261      2.880118         1.449785e-21      
   10.389261      2.908749         1.562711e-21      
   10.389261      2.933583         1.665235e-21      
   10.389261      2.954553         1.755008e-21      
   10.389261      2.971601         1.830069e-21      
   10.389261      2.984682         1.888870e-21      
   10.389261      2.993761         1.930270e-21      
   10.389261      2.998815         1.953520e-21      
   10.389261      3.004739         1.980950e-21      
   10.389261      3.024957         2.075937e-21      
   10.389261      3.061273         2.251210e-21      
   10.389261      3.113597         2.510714e-21      
   10.389261      3.181789         2.848216e-21      
   10.389261      3.265666         3.221178e-21      
   10.389261      3.365002         3.484041e-21      
   10.389261      3.479529         3.221438e-21      
   10.389261      3.608938         1.337622e-21      
   10.389261      3.752880         -4.935670e-21     
   10.389261      3.910968         -2.235961e-20     
   10.389261      4.082775         -6.675186e-20     
   10.389261      4.267838         -1.722600e-19     
   10.389261      4.465657         -3.992419e-19     
   10.389261      4.675701         -7.866779e-19     
   10.389261      4.897402         -9.503794e-19     
   10.389261      5.130163         2.018004e-18      
   10.389261      5.373356         2.236577e-17      
   10.389261      5.626327         1.138012e-16      
   10.389261      5.888392         4.000726e-16      
   10.389261      6.158845         5.681719e-16      
   10.389261      6.436958         -5.912970e-15     
   10.389261      6.721980         -6.859806e-14     
   10.389261      7.013143         -3.732566e-13     
   10.389261      7.309662         1.105638e-13      
   10.389261      7.610739         2.784102e-11      
   10.389261      7.915560         2.939192e-10      
   10.389261      8.223305         -3.561459e-10     
   10.389261      8.533144         -5.777495e-08     
   10.389261      8.844241         -6.463590e-08     
   10.389261      9.155759         5.361448e-05      
   10.389261      9.466856         1.562825e-03      
   10.389261      9.776695         1.714895e-02      
   10.389261      10.084440        7.475340e-02      
   10.389261      10.389261        1.243550e-01      
   10.389261      10.690338        7.511716e-02      
   10.389261      10.986857        1.573336e-02      
   10.389261      11.278020        1.078726e-03      
   10.389261      11.563042        1.951087e-05      
   10.389261      11.841155        -1.879405e-07     
   10.389261      12.111608        -6.048856e-09     
   10.389261      12.373673        2.490432e-10      
   10.389261      12.626644        1.220775e-11      
   10.389261      12.869837        -6.801206e-13     
   10.389261      13.102598        -1.404374e-13     
   10.389261      13.324299        -1.906512e-14     
   10.389261      13.534343        -3.110253e-15     
   10.389261      13.732162        -5.827807e-16     
   10.389261      13.917225        -1.105839e-16     
   10.389261      14.089032        -1.872452e-17     
   10.389261      14.247120        -1.717795e-18     
   10.389261      14.391062        1.319691e-19      
   10.389261      14.520471        -8.538319e-19     
   10.389261      14.634998        -1.840024e-18     
   10.389261      14.734334        -2.177642e-18     
   10.389261      14.818211        -1.879186e-18     
   10.389261      14.886403        -1.168837e-18     
   10.389261      14.938727        -3.080106e-19     
   10.389261      14.975043        4.647181e-19      
   10.389261      14.995261        9.610962e-19      
   10.690338      0.001185         -1.026548e-30     
   10.690338      0.006239         -2.846711e-29     
   10.690338      0.015318         -1.716045e-28     
   10.690338      0.028399         -5.899566e-28     
   10.690338      0.045447         -1.511569e-27     
   10.690338      0.066417         -3.231051e-27     
   10.690338      0.091251         -6.107927e-27     
   10.690338      0.119882         -1.056593e-26     
   10.690338      0.152235         -1.709398e-26     
   10.690338      0.188220         -2.624948e-26     
   10.690338      0.227742         -3.866478e-26     
   10.690338      0.270694         -5.505728e-26     
   10.690338      0.316959         -7.624391e-26     
   10.690338      0.366414         -1.031603e-25     
   10.690338      0.418925         -1.368851e-25     
   10.690338      0.474351         -1.786693e-25     
   10.690338      0.532541         -2.299708e-25     
   10.690338      0.593339         -2.924938e-25     
   10.690338      0.656582         -3.682321e-25     
   10.690338      0.722098         -4.595143e-25     
   10.690338      0.789711         -5.690501e-25     
   10.690338      0.859239         -6.999720e-25     
   10.690338      0.930495         -8.558686e-25     
   10.690338      1.003286         -1.040801e-24     
   10.690338      1.077416         -1.259293e-24     
   10.690338      1.152685         -1.516279e-24     
   10.690338      1.228890         -1.816991e-24     
   10.690338      1.305826         -2.166772e-24     
   10.690338      1.383286         -2.570768e-24     
   10.690338      1.461060         -3.033494e-24     
   10.690338      1.538940         -3.558217e-24     
   10.690338      1.616714         -4.146149e-24     
   10.690338      1.694174         -4.795406e-24     
   10.690338      1.771110         -5.499734e-24     
   10.690338      1.847315         -6.247017e-24     
   10.690338      1.922584         -7.017611e-24     
   10.690338      1.996714         -7.782600e-24     
   10.690338      2.069505         -8.502136e-24     
   10.690338      2.140761         -9.124059e-24     
   10.690338      2.210289         -9.583094e-24     
   10.690338      2.277902         -9.800937e-24     
   10.690338      2.343418         -9.687563e-24     
   10.690338      2.406661         -9.144097e-24     
   10.690338      2.467459         -8.067437e-24     
   10.690338      2.525649         -6.356745e-24     
   10.690338      2.581075         -3.921616e-24     
   10.690338      2.633586         -6.915449e-25     
   10.690338      2.683041         3.374042e-24      
   10.690338      2.729306         8.276128e-24      
   10.690338      2.772258         1.396797e-23      
   10.690338      2.811780         2.034968e-23      
   10.690338      2.847765         2.726653e-23      
   10.690338      2.880118         3.451181e-23      
   10.690338      2.908749         4.183457e-23      
   10.690338      2.933583         4.895196e-23      
   10.690338      2.954553         5.556549e-23      
   10.690338      2.971601         6.137989e-23      
   10.690338      2.984682         6.612307e-23      
   10.690338      2.993761         6.956535e-23      
   10.690338      2.998815         7.153669e-23      
   10.690338      3.004739         7.389839e-23      
   10.690338      3.024957         8.238853e-23      
   10.690338      3.061273         9.942700e-23      
   10.690338      3.113597         1.285090e-22      
   10.690338      3.181789         1.758306e-22      
   10.690338      3.265666         2.518003e-22      
   10.690338      3.365002         3.732132e-22      
   10.690338      3.479529         5.653975e-22      
   10.690338      3.608938         8.605713e-22      
   10.690338      3.752880         1.277778e-21      
   10.690338      3.910968         1.733930e-21      
   10.690338      4.082775         1.723046e-21      
   10.690338      4.267838         -7.323766e-22     
   10.690338      4.465657         -1.224769e-20     
   10.690338      4.675701         -5.262451e-20     
   10.690338      4.897402         -1.726937e-19     
   10.690338      5.130163         -4.597658e-19     
   10.690338      5.373356         -7.941318e-19     
   10.690338      5.626327         1.118536e-18      
   10.690338      5.888392         2.035328e-17      
   10.690338      6.158845         1.240317e-16      
   10.690338      6.436958         4.492626e-16      
   10.690338      6.721980         -1.794689e-16     
   10.690338      7.013143         -1.952370e-14     
   10.690338      7.309662         -1.755782e-13     
   10.690338      7.610739         -4.758306e-13     
   10.690338      7.915560         1.016997e-11      
   10.690338      8.223305         1.691638e-10      
   10.690338      8.533144         3.175041e-10      
   10.690338      8.844241         -3.392898e-08     
   10.690338      9.155759         -1.998914e-07     
   10.690338      9.466856         3.830508e-05      
   10.690338      9.776695         1.341467e-03      
   10.690338      10.084440        1.632971e-02      
   10.690338      10.389261        7.511716e-02      
   10.690338      10.690338        1.268374e-01      
   10.690338      10.986857        7.559701e-02      
   10.690338      11.278020        1.536765e-02      
   10.690338      11.563042        1.019031e-03      
   10.690338      11.841155        1.796573e-05      
   10.690338      12.111608        -1.763003e-07     
   10.690338      12.373673        -6.089284e-09     
   10.690338      12.626644        2.267529e-10      
   10.690338      12.869837        1.018133e-11      
   10.690338      13.102598        -1.285791e-12     
   10.690338      13.324299        -2.807846e-13     
   10.690338      13.534343        -4.554774e-14     
   10.690338      13.732162        -8.128609e-15     
   10.690338      13.917225        -1.561759e-15     
   10.690338      14.089032        -2.836626e-16     
   10.690338      14.247120        -3.545974e-17     
   10.690338      14.391062        -1.874763e-18     
   10.690338      14.520471        -1.119300e-17     
   10.690338      14.634998        -2.288549e-17     
   10.690338      14.734334        -2.719334e-17     
   10.690338      14.818211        -2.365230e-17     
   10.690338      14.886403        -1.483870e-17     
   10.690338      14.938727        -3.984004e-18     
   10.690338      14.975043        5.861397e-18      
   10.690338      14.995261        1.222809e-17      
   10.986857      0.001185         -6.433465e-33     
   10.986857      0.006239         -1.784133e-31     
   10.986857      0.015318         -1.075734e-30     
   10.986857      0.028399         -3.700567e-30     
   10.986857      0.045447         -9.494652e-30     
   10.986857      0.066417         -2.034863e-29     
   10.986857      0.091251         -3.863986e-29     
   10.986857      0.119882         -6.732396e-29     
   10.986857      0.152235         -1.101197e-28     
   10.986857      0.188220         -1.718463e-28     
   10.986857      0.227742         -2.589913e-28     
   10.986857      0.270694         -3.805938e-28     
   10.986857      0.316959         -5.495105e-28     
   10.986857      0.366414         -7.840834e-28     
   10.986857      0.418925         -1.110180e-27     
   10.986857      0.474351         -1.563570e-27     
   10.986857      0.532541         -2.192675e-27     
   10.986857      0.593339         -3.061911e-27     
   10.986857      0.656582         -4.255947e-27     
   10.986857      0.722098         -5.885280e-27     
   10.986857      0.789711         -8.093383e-27     
   10.986857      0.859239         -1.106558e-26     
   10.986857      0.930495         -1.503969e-26     
   10.986857      1.003286         -2.031864e-26     
   10.986857      1.077416         -2.728511e-26     
   10.986857      1.152685         -3.641847e-26     
   10.986857      1.228890         -4.831368e-26     
   10.986857      1.305826         -6.370193e-26     
   10.986857      1.383286         -8.347193e-26     
   10.986857      1.461060         -1.086905e-25     
   10.986857      1.538940         -1.406206e-25     
   10.986857      1.616714         -1.807326e-25     
   10.986857      1.694174         -2.307076e-25     
   10.986857      1.771110         -2.924246e-25     
   10.986857      1.847315         -3.679291e-25     
   10.986857      1.922584         -4.593763e-25     
   10.986857      1.996714         -5.689440e-25     
   10.986857      2.069505         -6.987118e-25     
   10.986857      2.140761         -8.505058e-25     
   10.986857      2.210289         -1.025712e-24     
   10.986857      2.277902         -1.225069e-24     
   10.986857      2.343418         -1.448453e-24     
   10.986857      2.406661         -1.694680e-24     
   10.986857      2.467459         -1.961352e-24     
   10.986857      2.525649         -2.244775e-24     
   10.986857      2.581075         -2.539990e-24     
   10.986857      2.633586         -2.840923e-24     
   10.986857      2.683041         -3.140675e-24     
   10.986857      2.729306         -3.431944e-24     
   10.986857      2.772258         -3.707546e-24     
   10.986857      2.811780         -3.960977e-24     
   10.986857      2.847765         -4.186961e-24     
   10.986857      2.880118         -4.381894e-24     
   10.986857      2.908749         -4.544115e-24     
   10.986857      2.933583         -4.673951e-24     
   10.986857      2.954553         -4.773505e-24     
   10.986857      2.971601         -4.846214e-24     
   10.986857      2.984682         -4.896219e-24     
   10.986857      2.993761         -4.927640e-24     
   10.986857      2.998815         -4.943881e-24     
   10.986857      3.004739         -4.961714e-24     
   10.986857      3.024957         -5.012008e-24     
   10.986857      3.061273         -5.054463e-24     
   10.986857      3.113597         -4.976306e-24     
   10.986857      3.181789         -4.528675e-24     
   10.986857      3.265666         -3.175280e-24     
   10.986857      3.365002         2.317922e-25      
   10.986857      3.479529         8.141177e-24      
   10.986857      3.608938         2.574381e-23      
   10.986857      3.752880         6.387075e-23      
   10.986857      3.910968         1.442687e-22      
   10.986857      4.082775         3.067051e-22      
   10.986857      4.267838         6.064046e-22      
   10.986857      4.465657         1.036856e-21      
   10.986857      4.675701         1.090399e-21      
   10.986857      4.897402         -2.151352e-21     
   10.986857      5.130163         -2.103431e-20     
   10.986857      5.373356         -9.776416e-20     
   10.986857      5.626327         -3.308220e-19     
   10.986857      5.888392         -6.434566e-19     
   10.986857      6.158845         1.882156e-18      
   10.986857      6.436958         2.991746e-17      
   10.986857      6.721980         1.866445e-16      
   10.986857      7.013143         4.795627e-16      
   10.986857      7.309662         -4.634379e-15     
   10.986857      7.610739         -7.546367e-14     
   10.986857      7.915560         -4.105644e-13     
   10.986857      8.223305         3.458326e-12      
   10.986857      8.533144         9.678041e-11      
   10.986857      8.844241         4.533986e-10      
   10.986857      9.155759         -2.052100e-08     
   10.986857      9.466856         -2.292117e-07     
   10.986857      9.776695         2.873927e-05      
   10.986857      10.084440        1.183776e-03      
   10.986857      10.389261        1.573336e-02      
   10.986857      10.690338        7.559701e-02      
   10.986857      10.986857        1.290993e-01      
   10.986857      11.278020        7.624317e-02      
   10.986857      11.563042        1.524241e-02      
   10.986857      11.841155        1.001068e-03      
   10.986857      12.111608        1.796310e-05      
   10.986857      12.373673        -1.694110e-07     
   10.986857      12.626644        -7.077709e-09     
   10.986857      12.869837        1.907860e-10      
   10.986857      13.102598        5.700164e-12      
   10.986857      13.324299        -2.795233e-12     
   10.986857      13.534343        -6.362894e-13     
   10.986857      13.732162        -1.171323e-13     
   10.986857      13.917225        -2.236976e-14     
   10.986857      14.089032        -4.233132e-15     
   10.986857      14.247120        -6.384017e-16     
   10.986857      14.391062        -7.578740e-17     
   10.986857      14.520471        -1.476033e-16     
   10.986857      14.634998        -2.821305e-16     
   10.986857      14.734334        -3.359229e-16     
   10.986857      14.818211        -2.945042e-16     
   10.986857      14.886403        -1.864433e-16     
   10.986857      14.938727        -5.105292e-17     
   10.986857      14.975043        7.311378e-17      
   10.986857      14.995261        1.539797e-16      
   11.278020      0.001185         -5.559077e-33     
   11.278020      0.006239         -1.540705e-31     
   11.278020      0.015318         -9.260011e-31     
   11.278020      0.028399         -3.155848e-30     
   11.278020      0.045447         -7.931213e-30     
   11.278020      0.066417         -1.634761e-29     
   11.278020      0.091251         -2.904552e-29     
   11.278020      0.119882         -4.550353e-29     
   11.278020      0.152235         -6.317776e-29     
   11.278020      0.188220         -7.675595e-29     
   11.278020      0.227742         -7.796596e-29     
   11.278020      0.270694         -5.640361e-29     
   11.278020      0.316959         -1.563344e-30     
   11.278020      0.366414         9.436584e-29      
   11.278020      0.418925         2.340884e-28      
   11.278020      0.474351         4.145899e-28      
   11.278020      0.532541         6.290863e-28      
   11.278020      0.593339         8.708496e-28      
   11.278020      0.656582         1.136924e-27      
   11.278020      0.722098         1.429720e-27      
   11.278020      0.789711         1.755901e-27      
   11.278020      0.859239         2.123730e-27      
   11.278020      0.930495         2.540615e-27      
   11.278020      1.003286         3.011805e-27      
   11.278020      1.077416         3.539987e-27      
   11.278020      1.152685         4.124995e-27      
   11.278020      1.228890         4.763098e-27      
   11.278020      1.305826         5.445690e-27      
   11.278020      1.383286         6.157434e-27      
   11.278020      1.461060         6.873880e-27      
   11.278020      1.538940         7.558572e-27      
   11.278020      1.616714         8.159638e-27      
   11.278020      1.694174         8.605938e-27      
   11.278020      1.771110         8.802885e-27      
   11.278020      1.847315         8.628230e-27      
   11.278020      1.922584         7.928153e-27      
   11.278020      1.996714         6.514227e-27      
   11.278020      2.069505         4.161918e-27      
   11.278020      2.140761         6.114385e-28      
   11.278020      2.210289         -4.428195e-27     
   11.278020      2.277902         -1.127105e-26     
   11.278020      2.343418         -2.024150e-26     
   11.278020      2.406661         -3.165636e-26     
   11.278020      2.467459         -4.580238e-26     
   11.278020      2.525649         -6.290963e-26     
   11.278020      2.581075         -8.312268e-26     
   11.278020      2.633586         -1.064718e-25     
   11.278020      2.683041         -1.328473e-25     
   11.278020      2.729306         -1.619791e-25     
   11.278020      2.772258         -1.934270e-25     
   11.278020      2.811780         -2.265807e-25     
   11.278020      2.847765         -2.606741e-25     
   11.278020      2.880118         -2.948116e-25     
   11.278020      2.908749         -3.280060e-25     
   11.278020      2.933583         -3.592257e-25     
   11.278020      2.954553         -3.874463e-25     
   11.278020      2.971601         -4.117039e-25     
   11.278020      2.984682         -4.311456e-25     
   11.278020      2.993761         -4.450739e-25     
   11.278020      2.998815         -4.529852e-25     
   11.278020      3.004739         -4.624029e-25     
   11.278020      3.024957         -4.957462e-25     
   11.278020      3.061273         -5.604980e-25     
   11.278020      3.113597         -6.654735e-25     
   11.278020      3.181789         -8.245777e-25     
   11.278020      3.265666         -1.057058e-24     
   11.278020      3.365002         -1.384292e-24     
   11.278020      3.479529         -1.814336e-24     
   11.278020      3.608938         -2.288464e-24     
   11.278020      3.752880         -2.516656e-24     
   11.278020      3.910968         -1.501219e-24     
   11.278020      4.082775         3.779517e-24      
   11.278020      4.267838         2.180210e-23      
   11.278020      4.465657         7.452516e-23      
   11.278020      4.675701         2.114795e-22      
   11.278020      4.897402         5.077242e-22      
   11.278020      5.130163         8.652111e-22      
   11.278020      5.373356         -3.631158e-22     
   11.278020      5.626327         -1.313411e-20     
   11.278020      5.888392         -8.025128e-20     
   11.278020      6.158845         -3.126623e-19     
   11.278020      6.436958         -4.542605e-19     
   11.278020      6.721980         5.559678e-18      
   11.278020      7.013143         6.446284e-17      
   11.278020      7.309662         3.280255e-16      
   11.278020      7.610739         -6.599506e-16     
   11.278020      7.915560         -3.162906e-14     
   11.278020      8.223305         -2.714892e-13     
   11.278020      8.533144         1.006013e-12      
   11.278020      8.844241         5.700896e-11      
   11.278020      9.155759         4.264864e-10      
   11.278020      9.466856         -1.309021e-08     
   11.278020      9.776695         -2.213155e-07     
   11.278020      10.084440        2.287902e-05      
   11.278020      10.389261        1.078726e-03      
   11.278020      10.690338        1.536765e-02      
   11.278020      10.986857        7.624317e-02      
   11.278020      11.278020        1.311565e-01      
   11.278020      11.563042        7.710061e-02      
   11.278020      11.841155        1.537204e-02      
   11.278020      12.111608        1.025014e-03      
   11.278020      12.373673        1.955534e-05      
   11.278020      12.626644        -1.654642e-07     
   11.278020      12.869837        -9.413908e-09     
   11.278020      13.102598        9.851979e-11      
   11.278020      13.324299        -7.439736e-12     
   11.278020      13.534343        -6.726986e-12     
   11.278020      13.732162        -1.583407e-12     
   11.278020      13.917225        -3.194606e-13     
   11.278020      14.089032        -6.263849e-14     
   11.278020      14.247120        -1.068950e-14     
   11.278020      14.391062        -1.697769e-15     
   11.278020      14.520471        -1.938910e-15     
   11.278020      14.634998        -3.412431e-15     
   11.278020      14.734334        -4.060875e-15     
   11.278020      14.818211        -3.588118e-15     
   11.278020      14.886403        -2.293211e-15     
   11.278020      14.938727        -6.411115e-16     
   11.278020      14.975043        8.919568e-16      
   11.278020      14.995261        1.897946e-15      
   11.563042      0.001185         -9.833670e-32     
   11.563042      0.006239         -2.726008e-30     
   11.563042      0.015318         -1.640267e-29     
   11.563042      0.028399         -5.608866e-29     
   11.563042      0.045447         -1.420200e-28     
   11.563042      0.066417         -2.969581e-28     
   11.563042      0.091251         -5.410690e-28     
   11.563042      0.119882         -8.841646e-28     
   11.563042      0.152235         -1.316300e-27     
   11.563042      0.188220         -1.799652e-27     
   11.563042      0.227742         -2.266471e-27     
   11.563042      0.270694         -2.628141e-27     
   11.563042      0.316959         -2.797335e-27     
   11.563042      0.366414         -2.718488e-27     
   11.563042      0.418925         -2.394095e-27     
   11.563042      0.474351         -1.891448e-27     
   11.563042      0.532541         -1.321548e-27     
   11.563042      0.593339         -7.976126e-28     
   11.563042      0.656582         -3.946242e-28     
   11.563042      0.722098         -1.315845e-28     
   11.563042      0.789711         1.751508e-29      
   11.563042      0.859239         9.683170e-29      
   11.563042      0.930495         1.452245e-28      
   11.563042      1.003286         1.867544e-28      
   11.563042      1.077416         2.328453e-28      
   11.563042      1.152685         2.882699e-28      
   11.563042      1.228890         3.556087e-28      
   11.563042      1.305826         4.372028e-28      
   11.563042      1.383286         5.356668e-28      
   11.563042      1.461060         6.539303e-28      
   11.563042      1.538940         7.951856e-28      
   11.563042      1.616714         9.628031e-28      
   11.563042      1.694174         1.160200e-27      
   11.563042      1.771110         1.390649e-27      
   11.563042      1.847315         1.657013e-27      
   11.563042      1.922584         1.961410e-27      
   11.563042      1.996714         2.304793e-27      
   11.563042      2.069505         2.686478e-27      
   11.563042      2.140761         3.103627e-27      
   11.563042      2.210289         3.550746e-27      
   11.563042      2.277902         4.019242e-27      
   11.563042      2.343418         4.497138e-27      
   11.563042      2.406661         4.969009e-27      
   11.563042      2.467459         5.416254e-27      
   11.563042      2.525649         5.817758e-27      
   11.563042      2.581075         6.151007e-27      
   11.563042      2.633586         6.393639e-27      
   11.563042      2.683041         6.525374e-27      
   11.563042      2.729306         6.530168e-27      
   11.563042      2.772258         6.398394e-27      
   11.563042      2.811780         6.128776e-27      
   11.563042      2.847765         5.729796e-27      
   11.563042      2.880118         5.220298e-27      
   11.563042      2.908749         4.629089e-27      
   11.563042      2.933583         3.993449e-27      
   11.563042      2.954553         3.356574e-27      
   11.563042      2.971601         2.764167e-27      
   11.563042      2.984682         2.260483e-27      
   11.563042      2.993761         1.884263e-27      
   11.563042      2.998815         1.664958e-27      
   11.563042      3.004739         1.398665e-27      
   11.563042      3.024957         4.110321e-28      
   11.563042      3.061273         -1.699454e-27     
   11.563042      3.113597         -5.632988e-27     
   11.563042      3.181789         -1.274010e-26     
   11.563042      3.265666         -2.555532e-26     
   11.563042      3.365002         -4.881040e-26     
   11.563042      3.479529         -9.129135e-26     
   11.563042      3.608938         -1.690090e-25     
   11.563042      3.752880         -3.096792e-25     
   11.563042      3.910968         -5.551357e-25     
   11.563042      4.082775         -9.430782e-25     
   11.563042      4.267838         -1.390528e-24     
   11.563042      4.465657         -1.192396e-24     
   11.563042      4.675701         2.823428e-24      
   11.563042      4.897402         2.226809e-23      
   11.563042      5.130163         9.297561e-23      
   11.563042      5.373356         2.959456e-22      
   11.563042      5.626327         6.340687e-22      
   11.563042      5.888392         -3.788666e-22     
   11.563042      6.158845         -1.444283e-20     
   11.563042      6.436958         -9.850246e-20     
   11.563042      6.721980         -3.672196e-19     
   11.563042      7.013143         4.282768e-19      
   11.563042      7.309662         2.039888e-17      
   11.563042      7.610739         1.690745e-16      
   11.563042      7.915560         2.088764e-16      
   11.563042      8.223305         -1.348523e-14     
   11.563042      8.533144         -1.700112e-13     
   11.563042      8.844241         1.433552e-13      
   11.563042      9.155759         3.551557e-11      
   11.563042      9.466856         3.667366e-10      
   11.563042      9.776695         -9.035001e-09     
   11.563042      10.084440        -2.040597e-07     
   11.563042      10.389261        1.951087e-05      
   11.563042      10.690338        1.019031e-03      
   11.563042      10.986857        1.524241e-02      
   11.563042      11.278020        7.710061e-02      
   11.563042      11.563042        1.330240e-01      
   11.563042      11.841155        7.820906e-02      
   11.563042      12.111608        1.577781e-02      
   11.563042      12.373673        1.095349e-03      
   11.563042      12.626644        2.317017e-05      
   11.563042      12.869837        -1.590896e-07     
   11.563042      13.102598        -1.412876e-08     
   11.563042      13.324299        -1.617326e-10     
   11.563042      13.534343        -4.677791e-11     
   11.563042      13.732162        -1.743480e-11     
   11.563042      13.917225        -4.218656e-12     
   11.563042      14.089032        -8.948327e-13     
   11.563042      14.247120        -1.692264e-13     
   11.563042      14.391062        -3.156299e-14     
   11.563042      14.520471        -2.518907e-14     
   11.563042      14.634998        -4.010148e-14     
   11.563042      14.734334        -4.752212e-14     
   11.563042      14.818211        -4.230563e-14     
   11.563042      14.886403        -2.730708e-14     
   11.563042      14.938727        -7.803394e-15     
   11.563042      14.975043        1.052239e-14      
   11.563042      14.995261        2.264409e-14      
   11.841155      0.001185         -1.029651e-30     
   11.841155      0.006239         -2.854314e-29     
   11.841155      0.015318         -1.717472e-28     
   11.841155      0.028399         -5.872881e-28     
   11.841155      0.045447         -1.487060e-27     
   11.841155      0.066417         -3.109417e-27     
   11.841155      0.091251         -5.665599e-27     
   11.841155      0.119882         -9.258551e-27     
   11.841155      0.152235         -1.378460e-26     
   11.841155      0.188220         -1.884864e-26     
   11.841155      0.227742         -2.374295e-26     
   11.841155      0.270694         -2.754236e-26     
   11.841155      0.316959         -2.933637e-26     
   11.841155      0.366414         -2.854788e-26     
   11.841155      0.418925         -2.520775e-26     
   11.841155      0.474351         -2.002422e-26     
   11.841155      0.532541         -1.416136e-26     
   11.841155      0.593339         -8.804966e-27     
   11.841155      0.656582         -4.740622e-27     
   11.841155      0.722098         -2.169931e-27     
   11.841155      0.789711         -8.266894e-28     
   11.841155      0.859239         -2.581106e-28     
   11.841155      0.930495         -6.946794e-29     
   11.841155      1.003286         -2.284514e-29     
   11.841155      1.077416         -1.445913e-29     
   11.841155      1.152685         -1.243226e-29     
   11.841155      1.228890         -1.064400e-29     
   11.841155      1.305826         -8.633755e-30     
   11.841155      1.383286         -6.344773e-30     
   11.841155      1.461060         -3.546944e-30     
   11.841155      1.538940         6.646046e-32      
   11.841155      1.616714         4.847710e-30      
   11.841155      1.694174         1.120601e-29      
   11.841155      1.771110         1.962048e-29      
   11.841155      1.847315         3.064815e-29      
   11.841155      1.922584         4.492682e-29      
   11.841155      1.996714         6.317166e-29      
   11.841155      2.069505         8.616377e-29      
   11.841155      2.140761         1.147290e-28      
   11.841155      2.210289         1.497056e-28      
   11.841155      2.277902         1.919000e-28      
   11.841155      2.343418         2.420313e-28      
   11.841155      2.406661         3.006669e-28      
   11.841155      2.467459         3.681521e-28      
   11.841155      2.525649         4.445407e-28      
   11.841155      2.581075         5.295337e-28      
   11.841155      2.633586         6.224323e-28      
   11.841155      2.683041         7.221160e-28      
   11.841155      2.729306         8.270488e-28      
   11.841155      2.772258         9.353186e-28      
   11.841155      2.811780         1.044708e-27      
   11.841155      2.847765         1.152792e-27      
   11.841155      2.880118         1.257050e-27      
   11.841155      2.908749         1.354991e-27      
   11.841155      2.933583         1.444259e-27      
   11.841155      2.954553         1.522731e-27      
   11.841155      2.971601         1.588585e-27      
   11.841155      2.984682         1.640340e-27      
   11.841155      2.993761         1.676874e-27      
   11.841155      2.998815         1.697427e-27      
   11.841155      3.004739         1.721709e-27      
   11.841155      3.024957         1.806098e-27      
   11.841155      3.061273         1.963206e-27      
   11.841155      3.113597         2.199994e-27      
   11.841155      3.181789         2.519091e-27      
   11.841155      3.265666         2.901704e-27      
   11.841155      3.365002         3.262672e-27      
   11.841155      3.479529         3.335836e-27      
   11.841155      3.608938         2.387521e-27      
   11.841155      3.752880         -1.486236e-27     
   11.841155      3.910968         -1.303614e-26     
   11.841155      4.082775         -4.365035e-26     
   11.841155      4.267838         -1.189396e-25     
   11.841155      4.465657         -2.890519e-25     
   11.841155      4.675701         -6.163024e-25     
   11.841155      4.897402         -9.836599e-25     
   11.841155      5.130163         1.016487e-26      
   11.841155      5.373356         9.909059e-24      
   11.841155      5.626327         5.899065e-23      
   11.841155      5.888392         2.297245e-22      
   11.841155      6.158845         4.921568e-22      
   11.841155      6.436958         -1.619386e-21     
   11.841155      6.721980         -2.682272e-20     
   11.841155      7.013143         -1.698004e-19     
   11.841155      7.309662         -3.483211e-19     
   11.841155      7.610739         5.942682e-18      
   11.841155      7.915560         8.120786e-17      
   11.841155      8.223305         2.924472e-16      
   11.841155      8.533144         -6.138025e-15     
   11.841155      8.844241         -1.092286e-13     
   11.841155      9.155759         -1.487178e-13     
   11.841155      9.466856         2.390832e-11      
   11.841155      9.776695         3.136372e-10      
   11.841155      10.084440        -6.930719e-09     
   11.841155      10.389261        -1.879405e-07     
   11.841155      10.690338        1.796573e-05      
   11.841155      10.986857        1.001068e-03      
   11.841155      11.278020        1.537204e-02      
   11.841155      11.563042        7.820906e-02      
   11.841155      11.841155        1.347162e-01      
   11.841155      12.111608        7.960324e-02      
   11.841155      12.373673        1.649004e-02      
   11.841155      12.626644        1.221928e-03      
   11.841155      12.869837        2.978282e-05      
   11.841155      13.102598        -1.356308e-07     
   11.841155      13.324299        -2.353988e-08     
   11.841155      13.534343        -8.937943e-10     
   11.841155      13.732162        -1.637258e-10     
   11.841155      13.917225        -4.758329e-11     
   11.841155      14.089032        -1.163957e-11     
   11.841155      14.247120        -2.472883e-12     
   11.841155      14.391062        -5.203946e-13     
   11.841155      14.520471        -3.212975e-13     
   11.841155      14.634998        -4.538596e-13     
   11.841155      14.734334        -5.326953e-13     
   11.841155      14.818211        -4.774432e-13     
   11.841155      14.886403        -3.113486e-13     
   11.841155      14.938727        -9.105942e-14     
   11.841155      14.975043        1.186748e-13      
   11.841155      14.995261        2.585831e-13      
   12.111608      0.001185         -9.838971e-30     
   12.111608      0.006239         -2.727478e-28     
   12.111608      0.015318         -1.641154e-27     
   12.111608      0.028399         -5.611920e-27     
   12.111608      0.045447         -1.420986e-26     
   12.111608      0.066417         -2.971273e-26     
   12.111608      0.091251         -5.413936e-26     
   12.111608      0.119882         -8.847406e-26     
   12.111608      0.152235         -1.317271e-25     
   12.111608      0.188220         -1.801243e-25     
   12.111608      0.227742         -2.269039e-25     
   12.111608      0.270694         -2.632252e-25     
   12.111608      0.316959         -2.803860e-25     
   12.111608      0.366414         -2.728677e-25     
   12.111608      0.418925         -2.409601e-25     
   12.111608      0.474351         -1.914266e-25     
   12.111608      0.532541         -1.353897e-25     
   12.111608      0.593339         -8.418386e-26     
   12.111608      0.656582         -4.532197e-26     
   12.111608      0.722098         -2.073614e-26     
   12.111608      0.789711         -7.885450e-27     
   12.111608      0.859239         -2.442995e-27     
   12.111608      0.930495         -6.350821e-28     
   12.111608      1.003286         -1.866006e-28     
   12.111608      1.077416         -1.051320e-28     
   12.111608      1.152685         -8.625385e-29     
   12.111608      1.228890         -7.223365e-29     
   12.111608      1.305826         -5.979284e-29     
   12.111608      1.383286         -4.986229e-29     
   12.111608      1.461060         -4.212963e-29     
   12.111608      1.538940         -3.604823e-29     
   12.111608      1.616714         -3.122108e-29     
   12.111608      1.694174         -2.737529e-29     
   12.111608      1.771110         -2.431012e-29     
   12.111608      1.847315         -2.186948e-29     
   12.111608      1.922584         -1.992590e-29     
   12.111608      1.996714         -1.836960e-29     
   12.111608      2.069505         -1.710066e-29     
   12.111608      2.140761         -1.602334e-29     
   12.111608      2.210289         -1.504231e-29     
   12.111608      2.277902         -1.406039e-29     
   12.111608      2.343418         -1.297790e-29     
   12.111608      2.406661         -1.169365e-29     
   12.111608      2.467459         -1.010753e-29     
   12.111608      2.525649         -8.124771e-30     
   12.111608      2.581075         -5.661633e-30     
   12.111608      2.633586         -2.652163e-30     
   12.111608      2.683041         9.444613e-31      
   12.111608      2.729306         5.136834e-30      
   12.111608      2.772258         9.895285e-30      
   12.111608      2.811780         1.514786e-29      
   12.111608      2.847765         2.077911e-29      
   12.111608      2.880118         2.663236e-29      
   12.111608      2.908749         3.251567e-29      
   12.111608      2.933583         3.821145e-29      
   12.111608      2.954553         4.348912e-29      
   12.111608      2.971601         4.811986e-29      
   12.111608      2.984682         5.189227e-29      
   12.111608      2.993761         5.462756e-29      
   12.111608      2.998815         5.619318e-29      
   12.111608      3.004739         5.806810e-29      
   12.111608      3.024957         6.480259e-29      
   12.111608      3.061273         7.829788e-29      
   12.111608      3.113597         1.012998e-28      
   12.111608      3.181789         1.387140e-28      
   12.111608      3.265666         1.988881e-28      
   12.111608      3.365002         2.955957e-28      
   12.111608      3.479529         4.505341e-28      
   12.111608      3.608938         6.944159e-28      
   12.111608      3.752880         1.058227e-27      
   12.111608      3.910968         1.524010e-27      
   12.111608      4.082775         1.833130e-27      
   12.111608      4.267838         8.329280e-28      
   12.111608      4.465657         -5.564807e-27     
   12.111608      4.675701         -3.016787e-26     
   12.111608      4.897402         -1.081379e-25     
   12.111608      5.130163         -3.137297e-25     
   12.111608      5.373356         -6.782726e-25     
   12.111608      5.626327         -3.131047e-25     
   12.111608      5.888392         7.655041e-24      
   12.111608      6.158845         5.599214e-23      
   12.111608      6.436958         2.262609e-22      
   12.111608      6.721980         1.375909e-22      
   12.111608      7.013143         -7.212302e-21     
   12.111608      7.309662         -7.407950e-20     
   12.111608      7.610739         -3.419567e-19     
   12.111608      7.915560         1.278797e-18      
   12.111608      8.223305         3.791751e-17      
   12.111608      8.533144         2.125615e-16      
   12.111608      8.844241         -3.268385e-15     
   12.111608      9.155759         -7.636592e-14     
   12.111608      9.466856         -2.525237e-13     
   12.111608      9.776695         1.763222e-11      
   12.111608      10.084440        2.752695e-10      
   12.111608      10.389261        -6.048856e-09     
   12.111608      10.690338        -1.763003e-07     
   12.111608      10.986857        1.796310e-05      
   12.111608      11.278020        1.025014e-03      
   12.111608      11.563042        1.577781e-02      
   12.111608      11.841155        7.960324e-02      
   12.111608      12.111608        1.362474e-01      
   12.111608      12.373673        8.131307e-02      
   12.111608      12.626644        1.755029e-02      
   12.111608      12.869837        1.421866e-03      
   12.111608      13.102598        4.130352e-05      
   12.111608      13.324299        -5.466857e-08     
   12.111608      13.534343        -4.274628e-08     
   12.111608      13.732162        -2.941638e-09     
   12.111608      13.917225        -5.106217e-10     
   12.111608      14.089032        -1.331429e-10     
   12.111608      14.247120        -3.212682e-11     
   12.111608      14.391062        -7.586714e-12     
   12.111608      14.520471        -3.960111e-12     
   12.111608      14.634998        -4.905478e-12     
   12.111608      14.734334        -5.662345e-12     
   12.111608      14.818211        -5.102834e-12     
   12.111608      14.886403        -3.362574e-12     
   12.111608      14.938727        -1.007921e-12     
   12.111608      14.975043        1.265173e-12      
   12.111608      14.995261        2.795083e-12      
   12.373673      0.001185         -7.401778e-29     
   12.373673      0.006239         -2.051865e-27     
   12.373673      0.015318         -1.234645e-26     
   12.373673      0.028399         -4.222021e-26     
   12.373673      0.045447         -1.069139e-25     
   12.373673      0.066417         -2.235900e-25     
   12.373673      0.091251         -4.075045e-25     
   12.373673      0.119882         -6.661985e-25     
   12.373673      0.152235         -9.924471e-25     
   12.373673      0.188220         -1.358135e-24     
   12.373673      0.227742         -1.712629e-24     
   12.373673      0.270694         -1.989439e-24     
   12.373673      0.316959         -2.122703e-24     
   12.373673      0.366414         -2.070040e-24     
   12.373673      0.418925         -1.832491e-24     
   12.373673      0.474351         -1.460009e-24     
   12.373673      0.532541         -1.036064e-24     
   12.373673      0.593339         -6.466470e-25     
   12.373673      0.656582         -3.495945e-25     
   12.373673      0.722098         -1.606764e-25     
   12.373673      0.789711         -6.138824e-26     
   12.373673      0.859239         -1.909717e-26     
   12.373673      0.930495         -4.966917e-27     
   12.373673      1.003286         -1.443624e-27     
   12.373673      1.077416         -8.035718e-28     
   12.373673      1.152685         -6.575618e-28     
   12.373673      1.228890         -5.486744e-28     
   12.373673      1.305826         -4.508677e-28     
   12.373673      1.383286         -3.718957e-28     
   12.373673      1.461060         -3.095115e-28     
   12.373673      1.538940         -2.594916e-28     
   12.373673      1.616714         -2.187705e-28     
   12.373673      1.694174         -1.852672e-28     
   12.373673      1.771110         -1.574854e-28     
   12.373673      1.847315         -1.343076e-28     
   12.373673      1.922584         -1.148806e-28     
   12.373673      1.996714         -9.854210e-29     
   12.373673      2.069505         -8.476922e-29     
   12.373673      2.140761         -7.314295e-29     
   12.373673      2.210289         -6.332296e-29     
   12.373673      2.277902         -5.502947e-29     
   12.373673      2.343418         -4.803009e-29     
   12.373673      2.406661         -4.213001e-29     
   12.373673      2.467459         -3.716461e-29     
   12.373673      2.525649         -3.299385e-29     
   12.373673      2.581075         -2.949790e-29     
   12.373673      2.633586         -2.657385e-29     
   12.373673      2.683041         -2.413312e-29     
   12.373673      2.729306         -2.209952e-29     
   12.373673      2.772258         -2.040776e-29     
   12.373673      2.811780         -1.900233e-29     
   12.373673      2.847765         -1.783658e-29     
   12.373673      2.880118         -1.687197e-29     
   12.373673      2.908749         -1.607736e-29     
   12.373673      2.933583         -1.542824e-29     
   12.373673      2.954553         -1.490596e-29     
   12.373673      2.971601         -1.449687e-29     
   12.373673      2.984682         -1.419144e-29     
   12.373673      2.993761         -1.398338e-29     
   12.373673      2.998815         -1.386884e-29     
   12.373673      3.004739         -1.373570e-29     
   12.373673      3.024957         -1.328941e-29     
   12.373673      3.061273         -1.251184e-29     
   12.373673      3.113597         -1.141431e-29     
   12.373673      3.181789         -9.931014e-30     
   12.373673      3.265666         -7.791136e-30     
   12.373673      3.365002         -4.264147e-30     
   12.373673      3.479529         2.362199e-30      
   12.373673      3.608938         1.586334e-29      
   12.373673      3.752880         4.427311e-29      
   12.373673      3.910968         1.040226e-28      
   12.373673      4.082775         2.262244e-28      
   12.373673      4.267838         4.590021e-28      
   12.373673      4.465657         8.270231e-28      
   12.373673      4.675701         1.068697e-27      
   12.373673      4.897402         -5.637979e-28     
   12.373673      5.130163         -1.191834e-26     
   12.373673      5.373356         -6.169809e-26     
   12.373673      5.626327         -2.307559e-25     
   12.373673      5.888392         -6.111819e-25     
   12.373673      6.158845         -3.196865e-25     
   12.373673      6.436958         9.176049e-24      
   12.373673      6.721980         6.589880e-23      
   12.373673      7.013143         1.281105e-22      
   12.373673      7.309662         -2.515526e-21     
   12.373673      7.610739         -3.765149e-20     
   12.373673      7.915560         -2.728406e-19     
   12.373673      8.223305         -3.944288e-19     
   12.373673      8.533144         1.541680e-17      
   12.373673      8.844241         1.094438e-16      
   12.373673      9.155759         -2.399648e-15     
   12.373673      9.466856         -6.210862e-14     
   12.373673      9.776695         -3.185089e-13     
   12.373673      10.084440        1.422915e-11      
   12.373673      10.389261        2.490432e-10      
   12.373673      10.690338        -6.089284e-09     
   12.373673      10.986857        -1.694110e-07     
   12.373673      11.278020        1.955534e-05      
   12.373673      11.563042        1.095349e-03      
   12.373673      11.841155        1.649004e-02      
   12.373673      12.111608        8.131307e-02      
   12.373673      12.373673        1.376325e-01      
   12.373673      12.626644        8.336400e-02      
   12.373673      12.869837        1.901350e-02      
   12.373673      13.102598        1.722596e-03      
   12.373673      13.324299        6.136651e-05      
   12.373673      13.534343        1.964404e-07      
   12.373673      13.732162        -8.278063e-08     
   12.373673      13.917225        -8.669480e-09     
   12.373673      14.089032        -1.532981e-09     
   12.373673      14.247120        -3.732612e-10     
   12.373673      14.391062        -9.685074e-11     
   12.373673      14.520471        -4.597233e-11     
   12.373673      14.634998        -5.012323e-11     
   12.373673      14.734334        -5.651661e-11     
   12.373673      14.818211        -5.112544e-11     
   12.373673      14.886403        -3.404615e-11     
   12.373673      14.938727        -1.047632e-11     
   12.373673      14.975043        1.260718e-11      
   12.373673      14.995261        2.828965e-11      
   12.626644      0.001185         -1.794663e-28     
   12.626644      0.006239         -4.975203e-27     
   12.626644      0.015318         -2.994226e-26     
   12.626644      0.028399         -1.024464e-25     
   12.626644      0.045447         -2.597319e-25     
   12.626644      0.066417         -5.443775e-25     
   12.626644      0.091251         -9.957935e-25     
   12.626644      0.119882         -1.637103e-24     
   12.626644      0.152235         -2.458597e-24     
   12.626644      0.188220         -3.401961e-24     
   12.626644      0.227742         -4.352778e-24     
   12.626644      0.270694         -5.150391e-24     
   12.626644      0.316959         -5.621166e-24     
   12.626644      0.366414         -5.631622e-24     
   12.626644      0.418925         -5.143989e-24     
   12.626644      0.474351         -4.246388e-24     
   12.626644      0.532541         -3.133998e-24     
   12.626644      0.593339         -2.040943e-24     
   12.626644      0.656582         -1.154138e-24     
   12.626644      0.722098         -5.556216e-25     
   12.626644      0.789711         -2.221982e-25     
   12.626644      0.859239         -7.186122e-26     
   12.626644      0.930495         -1.884530e-26     
   12.626644      1.003286         -5.041170e-27     
   12.626644      1.077416         -2.573968e-27     
   12.626644      1.152685         -2.135783e-27     
   12.626644      1.228890         -1.817030e-27     
   12.626644      1.305826         -1.506490e-27     
   12.626644      1.383286         -1.250499e-27     
   12.626644      1.461060         -1.048002e-27     
   12.626644      1.538940         -8.852685e-28     
   12.626644      1.616714         -7.520761e-28     
   12.626644      1.694174         -6.417351e-28     
   12.626644      1.771110         -5.495316e-28     
   12.626644      1.847315         -4.719649e-28     
   12.626644      1.922584         -4.063686e-28     
   12.626644      1.996714         -3.506734e-28     
   12.626644      2.069505         -3.032445e-28     
   12.626644      2.140761         -2.627692e-28     
   12.626644      2.210289         -2.281784e-28     
   12.626644      2.277902         -1.985906e-28     
   12.626644      2.343418         -1.732713e-28     
   12.626644      2.406661         -1.516040e-28     
   12.626644      2.467459         -1.330671e-28     
   12.626644      2.525649         -1.172176e-28     
   12.626644      2.581075         -1.036776e-28     
   12.626644      2.633586         -9.212407e-29     
   12.626644      2.683041         -8.228036e-29     
   12.626644      2.729306         -7.390973e-29     
   12.626644      2.772258         -6.680975e-29     
   12.626644      2.811780         -6.080774e-29     
   12.626644      2.847765         -5.575689e-29     
   12.626644      2.880118         -5.153307e-29     
   12.626644      2.908749         -4.803201e-29     
   12.626644      2.933583         -4.516696e-29     
   12.626644      2.954553         -4.286675e-29     
   12.626644      2.971601         -4.107410e-29     
   12.626644      2.984682         -3.974433e-29     
   12.626644      2.993761         -3.884421e-29     
   12.626644      2.998815         -3.835108e-29     
   12.626644      3.004739         -3.778027e-29     
   12.626644      3.024957         -3.588948e-29     
   12.626644      3.061273         -3.270769e-29     
   12.626644      3.113597         -2.857795e-29     
   12.626644      3.181789         -2.392962e-29     
   12.626644      3.265666         -1.921779e-29     
   12.626644      3.365002         -1.486100e-29     
   12.626644      3.479529         -1.118037e-29     
   12.626644      3.608938         -8.329029e-30     
   12.626644      3.752880         -6.163105e-30     
   12.626644      3.910968         -3.907714e-30     
   12.626644      4.082775         7.679171e-31      
   12.626644      4.267838         1.418006e-29      
   12.626644      4.465657         5.227828e-29      
   12.626644      4.675701         1.502096e-28      
   12.626644      4.897402         3.584555e-28      
   12.626644      5.130163         5.902757e-28      
   12.626644      5.373356         -4.173029e-28     
   12.626644      5.626327         -1.035497e-26     
   12.626644      5.888392         -6.482582e-26     
   12.626644      6.158845         -2.905990e-25     
   12.626644      6.436958         -9.385554e-25     
   12.626644      6.721980         -1.305740e-24     
   12.626644      7.013143         5.446600e-24      
   12.626644      7.309662         -2.768732e-23     
   12.626644      7.610739         -1.722722e-21     
   12.626644      7.915560         -2.661139e-20     
   12.626644      8.223305         -2.524391e-19     
   12.626644      8.533144         -1.320984e-18     
   12.626644      8.844241         3.930556e-19      
   12.626644      9.155759         -8.367677e-18     
   12.626644      9.466856         -2.737551e-15     
   12.626644      9.776695         -6.321343e-14     
   12.626644      10.084440        -4.283774e-13     
   12.626644      10.389261        1.220775e-11      
   12.626644      10.690338        2.267529e-10      
   12.626644      10.986857        -7.077709e-09     
   12.626644      11.278020        -1.654642e-07     
   12.626644      11.563042        2.317017e-05      
   12.626644      11.841155        1.221928e-03      
   12.626644      12.111608        1.755029e-02      
   12.626644      12.373673        8.336400e-02      
   12.626644      12.626644        1.388885e-01      
   12.626644      12.869837        8.577756e-02      
   12.626644      13.102598        2.095006e-02      
   12.626644      13.324299        2.166594e-03      
   12.626644      13.534343        9.690003e-05      
   12.626644      13.732162        9.347384e-07      
   12.626644      13.917225        -1.660360e-07     
   12.626644      14.089032        -2.463000e-08     
   12.626644      14.247120        -4.526198e-09     
   12.626644      14.391062        -1.128665e-09     
   12.626644      14.520471        -4.944996e-10     
   12.626644      14.634998        -4.788739e-10     
   12.626644      14.734334        -5.245243e-10     
   12.626644      14.818211        -4.754829e-10     
   12.626644      14.886403        -3.200316e-10     
   12.626644      14.938727        -1.013135e-10     
   12.626644      14.975043        1.161162e-10      
   12.626644      14.995261        2.652881e-10      
   12.869837      0.001185         7.093236e-27      
   12.869837      0.006239         1.966285e-25      
   12.869837      0.015318         1.183002e-24      
   12.869837      0.028399         4.043935e-24      
   12.869837      0.045447         1.023214e-23      
   12.869837      0.066417         2.136634e-23      
   12.869837      0.091251         3.884339e-23      
   12.869837      0.119882         6.325579e-23      
   12.869837      0.152235         9.370094e-23      
   12.869837      0.188220         1.272193e-22      
   12.869837      0.227742         1.587339e-22      
   12.869837      0.270694         1.818578e-22      
   12.869837      0.316959         1.906544e-22      
   12.869837      0.366414         1.818893e-22      
   12.869837      0.418925         1.567467e-22      
   12.869837      0.474351         1.209016e-22      
   12.869837      0.532541         8.254753e-23      
   12.869837      0.593339         4.923555e-23      
   12.869837      0.656582         2.525177e-23      
   12.869837      0.722098         1.092844e-23      
   12.869837      0.789711         3.908682e-24      
   12.869837      0.859239         1.142690e-24      
   12.869837      0.930495         2.935441e-25      
   12.869837      1.003286         9.755673e-26      
   12.869837      1.077416         6.083723e-26      
   12.869837      1.152685         4.907517e-26      
   12.869837      1.228890         4.007620e-26      
   12.869837      1.305826         3.264074e-26      
   12.869837      1.383286         2.677066e-26      
   12.869837      1.461060         2.213242e-26      
   12.869837      1.538940         1.841534e-26      
   12.869837      1.616714         1.540082e-26      
   12.869837      1.694174         1.293364e-26      
   12.869837      1.771110         1.089961e-26      
   12.869837      1.847315         9.212813e-27      
   12.869837      1.922584         7.807479e-27      
   12.869837      1.996714         6.632465e-27      
   12.869837      2.069505         5.647390e-27      
   12.869837      2.140761         4.819932e-27      
   12.869837      2.210289         4.123910e-27      
   12.869837      2.277902         3.537895e-27      
   12.869837      2.343418         3.044207e-27      
   12.869837      2.406661         2.628158e-27      
   12.869837      2.467459         2.277485e-27      
   12.869837      2.525649         1.981923e-27      
   12.869837      2.581075         1.732853e-27      
   12.869837      2.633586         1.523038e-27      
   12.869837      2.683041         1.346401e-27      
   12.869837      2.729306         1.197840e-27      
   12.869837      2.772258         1.073082e-27      
   12.869837      2.811780         9.685570e-28      
   12.869837      2.847765         8.812891e-28      
   12.869837      2.880118         8.088107e-28      
   12.869837      2.908749         7.490868e-28      
   12.869837      2.933583         7.004533e-28      
   12.869837      2.954553         6.615655e-28      
   12.869837      2.971601         6.313563e-28      
   12.869837      2.984682         6.090023e-28      
   12.869837      2.993761         5.938974e-28      
   12.869837      2.998815         5.856311e-28      
   12.869837      3.004739         5.760708e-28      
   12.869837      3.024957         5.444628e-28      
   12.869837      3.061273         4.914776e-28      
   12.869837      3.113597         4.230653e-28      
   12.869837      3.181789         3.464647e-28      
   12.869837      3.265666         2.690414e-28      
   12.869837      3.365002         1.972116e-28      
   12.869837      3.479529         1.356384e-28      
   12.869837      3.608938         8.682368e-29      
   12.869837      3.752880         5.112723e-29      
   12.869837      3.910968         2.716547e-29      
   12.869837      4.082775         1.247439e-29      
   12.869837      4.267838         4.321899e-30      
   12.869837      4.465657         6.999136e-31      
   12.869837      4.675701         2.019534e-30      
   12.869837      4.897402         1.509441e-29      
   12.869837      5.130163         6.094991e-29      
   12.869837      5.373356         1.676657e-28      
   12.869837      5.626327         1.532634e-28      
   12.869837      5.888392         -2.119589e-27     
   12.869837      6.158845         -2.136428e-26     
   12.869837      6.436958         -1.390480e-25     
   12.869837      6.721980         -7.367066e-25     
   12.869837      7.013143         -3.409978e-24     
   12.869837      7.309662         -1.693792e-23     
   12.869837      7.610739         -1.477368e-22     
   12.869837      7.915560         -2.040918e-21     
   12.869837      8.223305         -2.731748e-20     
   12.869837      8.533144         -2.947870e-19     
   12.869837      8.844241         -2.383713e-18     
   12.869837      9.155759         -1.553305e-17     
   12.869837      9.466856         -1.815185e-16     
   12.869837      9.776695         -4.427476e-15     
   12.869837      10.084440        -8.371962e-14     
   12.869837      10.389261        -6.801206e-13     
   12.869837      10.690338        1.018133e-11      
   12.869837      10.986857        1.907860e-10      
   12.869837      11.278020        -9.413908e-09     
   12.869837      11.563042        -1.590896e-07     
   12.869837      11.841155        2.978282e-05      
   12.869837      12.111608        1.421866e-03      
   12.869837      12.373673        1.901350e-02      
   12.869837      12.626644        8.577756e-02      
   12.869837      12.869837        1.400368e-01      
   12.869837      13.102598        8.857222e-02      
   12.869837      13.324299        2.344762e-02      
   12.869837      13.534343        2.818400e-03      
   12.869837      13.732162        1.612261e-04      
   12.869837      13.917225        3.061426e-06      
   12.869837      14.089032        -3.286992e-07     
   12.869837      14.247120        -6.859618e-08     
   12.869837      14.391062        -1.403131e-08     
   12.869837      14.520471        -5.082336e-09     
   12.869837      14.634998        -4.258089e-09     
   12.869837      14.734334        -4.490049e-09     
   12.869837      14.818211        -4.069028e-09     
   12.869837      14.886403        -2.768079e-09     
   12.869837      14.938727        -9.040509e-10     
   12.869837      14.975043        9.776557e-10      
   12.869837      14.995261        2.281886e-09      
   13.102598      0.001185         1.727193e-25      
   13.102598      0.006239         4.787910e-24      
   13.102598      0.015318         2.880715e-23      
   13.102598      0.028399         9.848365e-23      
   13.102598      0.045447         2.492447e-22      
   13.102598      0.066417         5.206854e-22      
   13.102598      0.091251         9.472677e-22      
   13.102598      0.119882         1.544317e-21      
   13.102598      0.152235         2.291304e-21      
   13.102598      0.188220         3.117992e-21      
   13.102598      0.227742         3.902310e-21      
   13.102598      0.270694         4.488837e-21      
   13.102598      0.316959         4.730436e-21      
   13.102598      0.366414         4.542643e-21      
   13.102598      0.418925         3.946822e-21      
   13.102598      0.474351         3.075032e-21      
   13.102598      0.532541         2.125445e-21      
   13.102598      0.593339         1.286682e-21      
   13.102598      0.656582         6.717710e-22      
   13.102598      0.722098         2.969318e-22      
   13.102598      0.789711         1.087981e-22      
   13.102598      0.859239         3.257394e-23      
   13.102598      0.930495         8.415303e-24      
   13.102598      1.003286         2.665980e-24      
   13.102598      1.077416         1.601733e-24      
   13.102598      1.152685         1.299521e-24      
   13.102598      1.228890         1.070044e-24      
   13.102598      1.305826         8.751662e-25      
   13.102598      1.383286         7.200522e-25      
   13.102598      1.461060         5.974005e-25      
   13.102598      1.538940         4.990004e-25      
   13.102598      1.616714         4.190125e-25      
   13.102598      1.694174         3.533541e-25      
   13.102598      1.771110         2.990444e-25      
   13.102598      1.847315         2.538464e-25      
   13.102598      1.922584         2.160495e-25      
   13.102598      1.996714         1.843239e-25      
   13.102598      2.069505         1.576197e-25      
   13.102598      2.140761         1.350960e-25      
   13.102598      2.210289         1.160708e-25      
   13.102598      2.277902         9.998503e-26      
   13.102598      2.343418         8.637641e-26      
   13.102598      2.406661         7.485984e-26      
   13.102598      2.467459         6.511288e-26      
   13.102598      2.525649         5.686457e-26      
   13.102598      2.581075         4.988661e-26      
   13.102598      2.633586         4.398642e-26      
   13.102598      2.683041         3.900152e-26      
   13.102598      2.729306         3.479493e-26      
   13.102598      2.772258         3.125132e-26      
   13.102598      2.811780         2.827384e-26      
   13.102598      2.847765         2.578140e-26      
   13.102598      2.880118         2.370645e-26      
   13.102598      2.908749         2.199305e-26      
   13.102598      2.933583         2.059524e-26      
   13.102598      2.954553         1.947579e-26      
   13.102598      2.971601         1.860504e-26      
   13.102598      2.984682         1.796005e-26      
   13.102598      2.993761         1.752389e-26      
   13.102598      2.998815         1.728508e-26      
   13.102598      3.004739         1.700879e-26      
   13.102598      3.024957         1.609453e-26      
   13.102598      3.061273         1.455904e-26      
   13.102598      3.113597         1.257067e-26      
   13.102598      3.181789         1.033554e-26      
   13.102598      3.265666         8.065379e-27      
   13.102598      3.365002         5.947141e-27      
   13.102598      3.479529         4.119672e-27      
   13.102598      3.608938         2.660962e-27      
   13.102598      3.752880         1.587417e-27      
   13.102598      3.910968         8.640850e-28      
   13.102598      4.082775         4.226036e-28      
   13.102598      4.267838         1.820044e-28      
   13.102598      4.465657         6.705036e-29      
   13.102598      4.675701         1.989889e-29      
   13.102598      4.897402         3.607377e-30      
   13.102598      5.130163         -5.222082e-31     
   13.102598      5.373356         2.740295e-30      
   13.102598      5.626327         1.612050e-29      
   13.102598      5.888392         -2.562043e-29     
   13.102598      6.158845         -1.021028e-27     
   13.102598      6.436958         -1.076009e-26     
   13.102598      6.721980         -8.590459e-26     
   13.102598      7.013143         -6.034325e-25     
   13.102598      7.309662         -4.048929e-24     
   13.102598      7.610739         -2.914133e-23     
   13.102598      7.915560         -2.612520e-22     
   13.102598      8.223305         -2.981017e-21     
   13.102598      8.533144         -3.698946e-20     
   13.102598      8.844241         -4.260341e-19     
   13.102598      9.155759         -4.300244e-18     
   13.102598      9.466856         -4.171602e-17     
   13.102598      9.776695         -5.113007e-16     
   13.102598      10.084440        -8.685989e-15     
   13.102598      10.389261        -1.404374e-13     
   13.102598      10.690338        -1.285791e-12     
   13.102598      10.986857        5.700164e-12      
   13.102598      11.278020        9.851979e-11      
   13.102598      11.563042        -1.412876e-08     
   13.102598      11.841155        -1.356308e-07     
   13.102598      12.111608        4.130352e-05      
   13.102598      12.373673        1.722596e-03      
   13.102598      12.626644        2.095006e-02      
   13.102598      12.869837        8.857222e-02      
   13.102598      13.102598        1.411057e-01      
   13.102598      13.324299        9.176450e-02      
   13.102598      13.534343        2.661236e-02      
   13.102598      13.732162        3.774631e-03      
   13.102598      13.917225        2.801229e-04      
   13.102598      14.089032        9.157203e-06      
   13.102598      14.247120        -5.788456e-07     
   13.102598      14.391062        -1.913843e-07     
   13.102598      14.520471        -5.569508e-08     
   13.102598      14.634998        -3.599513e-08     
   13.102598      14.734334        -3.533150e-08     
   13.102598      14.818211        -3.182237e-08     
   13.102598      14.886403        -2.186999e-08     
   13.102598      14.938727        -7.394874e-09     
   13.102598      14.975043        7.443318e-09      
   13.102598      14.995261        1.783591e-08      
   13.324299      0.001185         2.564303e-24      
   13.324299      0.006239         7.108453e-23      
   13.324299      0.015318         4.276937e-22      
   13.324299      0.028399         1.462199e-21      
   13.324299      0.045447         3.700749e-21      
   13.324299      0.066417         7.731771e-21      
   13.324299      0.091251         1.406835e-20      
   13.324299      0.119882         2.294087e-20      
   13.324299      0.152235         3.404919e-20      
   13.324299      0.188220         4.635638e-20      
   13.324299      0.227742         5.805504e-20      
   13.324299      0.270694         6.683802e-20      
   13.324299      0.316959         7.051260e-20      
   13.324299      0.366414         6.780655e-20      
   13.324299      0.418925         5.901313e-20      
   13.324299      0.474351         4.607339e-20      
   13.324299      0.532541         3.192519e-20      
   13.324299      0.593339         1.938407e-20      
   13.324299      0.656582         1.015583e-20      
   13.324299      0.722098         4.507285e-21      
   13.324299      0.789711         1.659027e-21      
   13.324299      0.859239         4.989166e-22      
   13.324299      0.930495         1.290722e-22      
   13.324299      1.003286         4.057592e-23      
   13.324299      1.077416         2.422661e-23      
   13.324299      1.152685         1.968649e-23      
   13.324299      1.228890         1.624358e-23      
   13.324299      1.305826         1.330304e-23      
   13.324299      1.383286         1.095809e-23      
   13.324299      1.461060         9.103006e-24      
   13.324299      1.538940         7.613852e-24      
   13.324299      1.616714         6.402289e-24      
   13.324299      1.694174         5.406746e-24      
   13.324299      1.771110         4.582342e-24      
   13.324299      1.847315         3.895414e-24      
   13.324299      1.922584         3.320231e-24      
   13.324299      1.996714         2.836793e-24      
   13.324299      2.069505         2.429311e-24      
   13.324299      2.140761         2.085134e-24      
   13.324299      2.210289         1.794002e-24      
   13.324299      2.277902         1.547499e-24      
   13.324299      2.343418         1.338659e-24      
   13.324299      2.406661         1.161673e-24      
   13.324299      2.467459         1.011676e-24      
   13.324299      2.525649         8.845707e-25      
   13.324299      2.581075         7.769012e-25      
   13.324299      2.633586         6.857482e-25      
   13.324299      2.683041         6.086447e-25      
   13.324299      2.729306         5.435071e-25      
   13.324299      2.772258         4.885784e-25      
   13.324299      2.811780         4.423808e-25      
   13.324299      2.847765         4.036750e-25      
   13.324299      2.880118         3.714269e-25      
   13.324299      2.908749         3.447789e-25      
   13.324299      2.933583         3.230259e-25      
   13.324299      2.954553         3.055955e-25      
   13.324299      2.971601         2.920316e-25      
   13.324299      2.984682         2.819809e-25      
   13.324299      2.993761         2.751826e-25      
   13.324299      2.998815         2.714598e-25      
   13.324299      3.004739         2.671521e-25      
   13.324299      3.024957         2.528935e-25      
   13.324299      3.061273         2.289310e-25      
   13.324299      3.113597         1.978699e-25      
   13.324299      3.181789         1.629069e-25      
   13.324299      3.265666         1.273357e-25      
   13.324299      3.365002         9.407792e-26      
   13.324299      3.479529         6.531817e-26      
   13.324299      3.608938         4.230079e-26      
   13.324299      3.752880         2.531061e-26      
   13.324299      3.910968         1.382510e-26      
   13.324299      4.082775         6.789322e-27      
   13.324299      4.267838         2.939825e-27      
   13.324299      4.465657         1.094030e-27      
   13.324299      4.675701         3.373603e-28      
   13.324299      4.897402         8.085713e-29      
   13.324299      5.130163         1.235504e-29      
   13.324299      5.373356         -1.333856e-30     
   13.324299      5.626327         -5.146316e-30     
   13.324299      5.888392         -1.655290e-29     
   13.324299      6.158845         -1.045182e-28     
   13.324299      6.436958         -9.260740e-28     
   13.324299      6.721980         -8.382269e-27     
   13.324299      7.013143         -7.209780e-26     
   13.324299      7.309662         -5.959802e-25     
   13.324299      7.610739         -4.917721e-24     
   13.324299      7.915560         -4.298986e-23     
   13.324299      8.223305         -4.256458e-22     
   13.324299      8.533144         -4.873802e-21     
   13.324299      8.844241         -6.026808e-20     
   13.324299      9.155759         -7.309809e-19     
   13.324299      9.466856         -8.416015e-18     
   13.324299      9.776695         -9.699447e-17     
   13.324299      10.084440        -1.253385e-15     
   13.324299      10.389261        -1.906512e-14     
   13.324299      10.690338        -2.807846e-13     
   13.324299      10.986857        -2.795233e-12     
   13.324299      11.278020        -7.439736e-12     
   13.324299      11.563042        -1.617326e-10     
   13.324299      11.841155        -2.353988e-08     
   13.324299      12.111608        -5.466857e-08     
   13.324299      12.373673        6.136651e-05      
   13.324299      12.626644        2.166594e-03      
   13.324299      12.869837        2.344762e-02      
   13.324299      13.102598        9.176450e-02      
   13.324299      13.324299        1.421328e-01      
   13.324299      13.534343        9.537047e-02      
   13.324299      13.732162        3.056904e-02      
   13.324299      13.917225        5.177517e-03      
   13.324299      14.089032        5.034570e-04      
   13.324299      14.247120        2.659494e-05      
   13.324299      14.391062        -6.228259e-07     
   13.324299      14.520471        -5.819851e-07     
   13.324299      14.634998        -3.072245e-07     
   13.324299      14.734334        -2.593008e-07     
   13.324299      14.818211        -2.269902e-07     
   13.324299      14.886403        -1.570290e-07     
   13.324299      14.938727        -5.522640e-08     
   13.324299      14.975043        5.061096e-08      
   13.324299      14.995261        1.255242e-07      
   13.534343      0.001185         2.974949e-23      
   13.534343      0.006239         8.246801e-22      
   13.534343      0.015318         4.961858e-21      
   13.534343      0.028399         1.696373e-20      
   13.534343      0.045447         4.293504e-20      
   13.534343      0.066417         8.970465e-20      
   13.534343      0.091251         1.632307e-19      
   13.534343      0.119882         2.661976e-19      
   13.534343      0.152235         3.951417e-19      
   13.534343      0.188220         5.380564e-19      
   13.534343      0.227742         6.739932e-19      
   13.534343      0.270694         7.761874e-19      
   13.534343      0.316959         8.191676e-19      
   13.534343      0.366414         7.881014e-19      
   13.534343      0.418925         6.862957e-19      
   13.534343      0.474351         5.361910e-19      
   13.534343      0.532541         3.718532e-19      
   13.534343      0.593339         2.260067e-19      
   13.534343      0.656582         1.185515e-19      
   13.534343      0.722098         5.268697e-20      
   13.534343      0.789711         1.942280e-20      
   13.534343      0.859239         5.850034e-21      
   13.534343      0.930495         1.514541e-21      
   13.534343      1.003286         4.752525e-22      
   13.534343      1.077416         2.833537e-22      
   13.534343      1.152685         2.304468e-22      
   13.534343      1.228890         1.903373e-22      
   13.534343      1.305826         1.560094e-22      
   13.534343      1.383286         1.286117e-22      
   13.534343      1.461060         1.069289e-22      
   13.534343      1.538940         8.951512e-23      
   13.534343      1.616714         7.533914e-23      
   13.534343      1.694174         6.368291e-23      
   13.534343      1.771110         5.402336e-23      
   13.534343      1.847315         4.596828e-23      
   13.534343      1.922584         3.921794e-23      
   13.534343      1.996714         3.353939e-23      
   13.534343      2.069505         2.874873e-23      
   13.534343      2.140761         2.469864e-23      
   13.534343      2.210289         2.126957e-23      
   13.534343      2.277902         1.836346e-23      
   13.534343      2.343418         1.589908e-23      
   13.534343      2.406661         1.380869e-23      
   13.534343      2.467459         1.203546e-23      
   13.534343      2.525649         1.053155e-23      
   13.534343      2.581075         9.256523e-24      
   13.534343      2.633586         8.176214e-24      
   13.534343      2.683041         7.261711e-24      
   13.534343      2.729306         6.488571e-24      
   13.534343      2.772258         5.836163e-24      
   13.534343      2.811780         5.287112e-24      
   13.534343      2.847765         4.826835e-24      
   13.534343      2.880118         4.443152e-24      
   13.534343      2.908749         4.125950e-24      
   13.534343      2.933583         3.866910e-24      
   13.534343      2.954553         3.659273e-24      
   13.534343      2.971601         3.497647e-24      
   13.534343      2.984682         3.377857e-24      
   13.534343      2.993761         3.296818e-24      
   13.534343      2.998815         3.252435e-24      
   13.534343      3.004739         3.201075e-24      
   13.534343      3.024957         3.031038e-24      
   13.534343      3.061273         2.745159e-24      
   13.534343      3.113597         2.374344e-24      
   13.534343      3.181789         1.956572e-24      
   13.534343      3.265666         1.531051e-24      
   13.534343      3.365002         1.132663e-24      
   13.534343      3.479529         7.876116e-25      
   13.534343      3.608938         5.109600e-25      
   13.534343      3.752880         3.063402e-25      
   13.534343      3.910968         1.677059e-25      
   13.534343      4.082775         8.257026e-26      
   13.534343      4.267838         3.586029e-26      
   13.534343      4.465657         1.339252e-26      
   13.534343      4.675701         4.148417e-27      
   13.534343      4.897402         1.002196e-27      
   13.534343      5.130163         1.615288e-28      
   13.534343      5.373356         4.142451e-30      
   13.534343      5.626327         -8.245481e-30     
   13.534343      5.888392         -6.986794e-30     
   13.534343      6.158845         -2.124912e-29     
   13.534343      6.436958         -1.283966e-28     
   13.534343      6.721980         -9.908420e-28     
   13.534343      7.013143         -8.589914e-27     
   13.534343      7.309662         -7.766320e-26     
   13.534343      7.610739         -7.152375e-25     
   13.534343      7.915560         -6.768096e-24     
   13.534343      8.223305         -6.760350e-23     
   13.534343      8.533144         -7.374208e-22     
   13.534343      8.844241         -8.881577e-21     
   13.534343      9.155759         -1.132864e-19     
   13.534343      9.466856         -1.446527e-18     
   13.534343      9.776695         -1.817902e-17     
   13.534343      10.084440        -2.304957e-16     
   13.534343      10.389261        -3.110253e-15     
   13.534343      10.690338        -4.554774e-14     
   13.534343      10.986857        -6.362894e-13     
   13.534343      11.278020        -6.726986e-12     
   13.534343      11.563042        -4.677791e-11     
   13.534343      11.841155        -8.937943e-10     
   13.534343      12.111608        -4.274628e-08     
   13.534343      12.373673        1.964404e-07      
   13.534343      12.626644        9.690003e-05      
   13.534343      12.869837        2.818400e-03      
   13.534343      13.102598        2.661236e-02      
   13.534343      13.324299        9.537047e-02      
   13.534343      13.534343        1.431684e-01      
   13.534343      13.732162        9.940727e-02      
   13.534343      13.917225        3.545891e-02      
   13.534343      14.089032        7.231632e-03      
   13.534343      14.247120        9.264779e-04      
   13.534343      14.391062        7.579734e-05      
   13.534343      14.520471        1.191357e-06      
   13.534343      14.634998        -2.146681e-06     
   13.534343      14.734334        -1.806599e-06     
   13.534343      14.818211        -1.496383e-06     
   13.534343      14.886403        -1.028154e-06     
   13.534343      14.938727        -3.768456e-07     
   13.534343      14.975043        3.038465e-07      
   13.534343      14.995261        7.898728e-07      
   13.732162      0.001185         2.865460e-22      
   13.732162      0.006239         7.943289e-21      
   13.732162      0.015318         4.779252e-20      
   13.732162      0.028399         1.633950e-19      
   13.732162      0.045447         4.135551e-19      
   13.732162      0.066417         8.640608e-19      
   13.732162      0.091251         1.572332e-18      
   13.732162      0.119882         2.564287e-18      
   13.732162      0.152235         3.806664e-18      
   13.732162      0.188220         5.183945e-18      
   13.732162      0.227742         6.494461e-18      
   13.732162      0.270694         7.480425e-18      
   13.732162      0.316959         7.896315e-18      
   13.732162      0.366414         7.598873e-18      
   13.732162      0.418925         6.619429e-18      
   13.732162      0.474351         5.173702e-18      
   13.732162      0.532541         3.589719e-18      
   13.732162      0.593339         2.183011e-18      
   13.732162      0.656582         1.145856e-18      
   13.732162      0.722098         5.096358e-19      
   13.732162      0.789711         1.880372e-19      
   13.732162      0.859239         5.668567e-20      
   13.732162      0.930495         1.468303e-20      
   13.732162      1.003286         4.604134e-21      
   13.732162      1.077416         2.743631e-21      
   13.732162      1.152685         2.232668e-21      
   13.732162      1.228890         1.845334e-21      
   13.732162      1.305826         1.513435e-21      
   13.732162      1.383286         1.248397e-21      
   13.732162      1.461060         1.038580e-21      
   13.732162      1.538940         8.700115e-22      
   13.732162      1.616714         7.327248e-22      
   13.732162      1.694174         6.197840e-22      
   13.732162      1.771110         5.261387e-22      
   13.732162      1.847315         4.480023e-22      
   13.732162      1.922584         3.824817e-22      
   13.732162      1.996714         3.273286e-22      
   13.732162      2.069505         2.807681e-22      
   13.732162      2.140761         2.413783e-22      
   13.732162      2.210289         2.080055e-22      
   13.732162      2.277902         1.797027e-22      
   13.732162      2.343418         1.556855e-22      
   13.732162      2.406661         1.352993e-22      
   13.732162      2.467459         1.179948e-22      
   13.732162      2.525649         1.033089e-22      
   13.732162      2.581075         9.085042e-23      
   13.732162      2.633586         8.028829e-23      
   13.732162      2.683041         7.134219e-23      
   13.732162      2.729306         6.377496e-23      
   13.732162      2.772258         5.738625e-23      
   13.732162      2.811780         5.200719e-23      
   13.732162      2.847765         4.749597e-23      
   13.732162      2.880118         4.373401e-23      
   13.732162      2.908749         4.062285e-23      
   13.732162      2.933583         3.808140e-23      
   13.732162      2.954553         3.604374e-23      
   13.732162      2.971601         3.445729e-23      
   13.732162      2.984682         3.328128e-23      
   13.732162      2.993761         3.248560e-23      
   13.732162      2.998815         3.204980e-23      
   13.732162      3.004739         3.154546e-23      
   13.732162      3.024957         2.987549e-23      
   13.732162      3.061273         2.706696e-23      
   13.732162      3.113597         2.342225e-23      
   13.732162      3.181789         1.931333e-23      
   13.732162      3.265666         1.512479e-23      
   13.732162      3.365002         1.119951e-23      
   13.732162      3.479529         7.795960e-24      
   13.732162      3.608938         5.063646e-24      
   13.732162      3.752880         3.039918e-24      
   13.732162      3.910968         1.666696e-24      
   13.732162      4.082775         8.219827e-25      
   13.732162      4.267838         3.576738e-25      
   13.732162      4.465657         1.338786e-25      
   13.732162      4.675701         4.158245e-26      
   13.732162      4.897402         1.008041e-26      
   13.732162      5.130163         1.633181e-27      
   13.732162      5.373356         4.551928e-29      
   13.732162      5.626327         -7.350435e-29     
   13.732162      5.888392         -2.859281e-29     
   13.732162      6.158845         -9.148037e-30     
   13.732162      6.436958         -2.055118e-29     
   13.732162      6.721980         -1.382651e-28     
   13.732162      7.013143         -1.122734e-27     
   13.732162      7.309662         -1.019063e-26     
   13.732162      7.610739         -9.883654e-26     
   13.732162      7.915560         -1.001279e-24     
   13.732162      8.223305         -1.056738e-23     
   13.732162      8.533144         -1.175104e-22     
   13.732162      8.844241         -1.402621e-21     
   13.732162      9.155759         -1.798605e-20     
   13.732162      9.466856         -2.401285e-19     
   13.732162      9.776695         -3.228699e-18     
   13.732162      10.084440        -4.324302e-17     
   13.732162      10.389261        -5.827807e-16     
   13.732162      10.690338        -8.128609e-15     
   13.732162      10.986857        -1.171323e-13     
   13.732162      11.278020        -1.583407e-12     
   13.732162      11.563042        -1.743480e-11     
   13.732162      11.841155        -1.637258e-10     
   13.732162      12.111608        -2.941638e-09     
   13.732162      12.373673        -8.278063e-08     
   13.732162      12.626644        9.347384e-07      
   13.732162      12.869837        1.612261e-04      
   13.732162      13.102598        3.774631e-03      
   13.732162      13.324299        3.056904e-02      
   13.732162      13.534343        9.940727e-02      
   13.732162      13.732162        1.442762e-01      
   13.732162      13.917225        1.038932e-01      
   13.732162      14.089032        4.143244e-02      
   13.732162      14.247120        1.021906e-02      
   13.732162      14.391062        1.723190e-03      
   13.732162      14.520471        2.081341e-04      
   13.732162      14.634998        1.032568e-05      
   13.732162      14.734334        -9.017186e-06     
   13.732162      14.818211        -8.953361e-06     
   13.732162      14.886403        -6.220241e-06     
   13.732162      14.938727        -2.400653e-06     
   13.732162      14.975043        1.570782e-06      
   13.732162      14.995261        4.415212e-06      
   13.917225      0.001185         2.376889e-21      
   13.917225      0.006239         6.588935e-20      
   13.917225      0.015318         3.964380e-19      
   13.917225      0.028399         1.355364e-18      
   13.917225      0.045447         3.430479e-18      
   13.917225      0.066417         7.167588e-18      
   13.917225      0.091251         1.304324e-17      
   13.917225      0.119882         2.127293e-17      
   13.917225      0.152235         3.158155e-17      
   13.917225      0.188220         4.301190e-17      
   13.917225      0.227742         5.389201e-17      
   13.917225      0.270694         6.208359e-17      
   13.917225      0.316959         6.554861e-17      
   13.917225      0.366414         6.309558e-17      
   13.917225      0.418925         5.498022e-17      
   13.917225      0.474351         4.298853e-17      
   13.917225      0.532541         2.984072e-17      
   13.917225      0.593339         1.815677e-17      
   13.917225      0.656582         9.536438e-18      
   13.917225      0.722098         4.244545e-18      
   13.917225      0.789711         1.567353e-18      
   13.917225      0.859239         4.728772e-19      
   13.917225      0.930495         1.225372e-19      
   13.917225      1.003286         3.839107e-20      
   13.917225      1.077416         2.286266e-20      
   13.917225      1.152685         1.861378e-20      
   13.917225      1.228890         1.539332e-20      
   13.917225      1.305826         1.263073e-20      
   13.917225      1.383286         1.042367e-20      
   13.917225      1.461060         8.676017e-21      
   13.917225      1.538940         7.271558e-21      
   13.917225      1.616714         6.127330e-21      
   13.917225      1.694174         5.185643e-21      
   13.917225      1.771110         4.404502e-21      
   13.917225      1.847315         3.752427e-21      
   13.917225      1.922584         3.205368e-21      
   13.917225      1.996714         2.744637e-21      
   13.917225      2.069505         2.355482e-21      
   13.917225      2.140761         2.026085e-21      
   13.917225      2.210289         1.746853e-21      
   13.917225      2.277902         1.509915e-21      
   13.917225      2.343418         1.308745e-21      
   13.917225      2.406661         1.137900e-21      
   13.917225      2.467459         9.928055e-22      
   13.917225      2.525649         8.696066e-22      
   13.917225      2.581075         7.650434e-22      
   13.917225      2.633586         6.763556e-22      
   13.917225      2.683041         6.012048e-22      
   13.917225      2.729306         5.376113e-22      
   13.917225      2.772258         4.839016e-22      
   13.917225      2.811780         4.386644e-22      
   13.917225      2.847765         4.007135e-22      
   13.917225      2.880118         3.690570e-22      
   13.917225      2.908749         3.428701e-22      
   13.917225      2.933583         3.214738e-22      
   13.917225      2.954553         3.043156e-22      
   13.917225      2.971601         2.909548e-22      
   13.917225      2.984682         2.810494e-22      
   13.917225      2.993761         2.743470e-22      
   13.917225      2.998815         2.706757e-22      
   13.917225      3.004739         2.664269e-22      
   13.917225      3.024957         2.523568e-22      
   13.917225      3.061273         2.286884e-22      
   13.917225      3.113597         1.979626e-22      
   13.917225      3.181789         1.633069e-22      
   13.917225      3.265666         1.279588e-22      
   13.917225      3.365002         9.480957e-23      
   13.917225      3.479529         6.604355e-23      
   13.917225      3.608938         4.293052e-23      
   13.917225      3.752880         2.579528e-23      
   13.917225      3.910968         1.415618e-23      
   13.917225      4.082775         6.988876e-24      
   13.917225      4.267838         3.044702e-24      
   13.917225      4.465657         1.141216e-24      
   13.917225      4.675701         3.550569e-25      
   13.917225      4.897402         8.625959e-26      
   13.917225      5.130163         1.401818e-26      
   13.917225      5.373356         3.961302e-28      
   13.917225      5.626327         -6.324138e-28     
   13.917225      5.888392         -2.422696e-28     
   13.917225      6.158845         -5.075100e-29     
   13.917225      6.436958         -7.658194e-30     
   13.917225      6.721980         -1.432035e-29     
   13.917225      7.013143         -1.186743e-28     
   13.917225      7.309662         -1.117602e-27     
   13.917225      7.610739         -1.154208e-26     
   13.917225      7.915560         -1.265142e-25     
   13.917225      8.223305         -1.446261e-24     
   13.917225      8.533144         -1.717194e-23     
   13.917225      8.844241         -2.134495e-22     
   13.917225      9.155759         -2.808962e-21     
   13.917225      9.466856         -3.884396e-20     
   13.917225      9.776695         -5.503556e-19     
   13.917225      10.084440        -7.824180e-18     
   13.917225      10.389261        -1.105839e-16     
   13.917225      10.690338        -1.561759e-15     
   13.917225      10.986857        -2.236976e-14     
   13.917225      11.278020        -3.194606e-13     
   13.917225      11.563042        -4.218656e-12     
   13.917225      11.841155        -4.758329e-11     
   13.917225      12.111608        -5.106217e-10     
   13.917225      12.373673        -8.669480e-09     
   13.917225      12.626644        -1.660360e-07     
   13.917225      12.869837        3.061426e-06      
   13.917225      13.102598        2.801229e-04      
   13.917225      13.324299        5.177517e-03      
   13.917225      13.534343        3.545891e-02      
   13.917225      13.732162        1.038932e-01      
   13.917225      13.917225        1.455304e-01      
   13.917225      14.089032        1.088390e-01      
   13.917225      14.247120        4.862060e-02      
   13.917225      14.391062        1.448542e-02      
   13.917225      14.520471        3.171333e-03      
   13.917225      14.634998        5.268226e-04      
   13.917225      14.734334        3.630297e-05      
   13.917225      14.818211        -3.596670e-05     
   13.917225      14.886403        -3.330086e-05     
   13.917225      14.938727        -1.486519e-05     
   13.917225      14.975043        5.880832e-06      
   13.917225      14.995261        2.090884e-05      
   14.089032      0.001185         1.736817e-20      
   14.089032      0.006239         4.814602e-19      
   14.089032      0.015318         2.896817e-18      
   14.089032      0.028399         9.903835e-18      
   14.089032      0.045447         2.506720e-17      
   14.089032      0.066417         5.237583e-17      
   14.089032      0.091251         9.531358e-17      
   14.089032      0.119882         1.554583e-16      
   14.089032      0.152235         2.308053e-16      
   14.089032      0.188220         3.143667e-16      
   14.089032      0.227742         3.939311e-16      
   14.089032      0.270694         4.538741e-16      
   14.089032      0.316959         4.792942e-16      
   14.089032      0.366414         4.614638e-16      
   14.089032      0.418925         4.022242e-16      
   14.089032      0.474351         3.146033e-16      
   14.089032      0.532541         2.184732e-16      
   14.089032      0.593339         1.329958e-16      
   14.089032      0.656582         6.989259e-17      
   14.089032      0.722098         3.112850e-17      
   14.089032      0.789711         1.150291e-17      
   14.089032      0.859239         3.472960e-18      
   14.089032      0.930495         9.002460e-19      
   14.089032      1.003286         2.818052e-19      
   14.089032      1.077416         1.677083e-19      
   14.089032      1.152685         1.365940e-19      
   14.089032      1.228890         1.130138e-19      
   14.089032      1.305826         9.276650e-20      
   14.089032      1.383286         7.658451e-20      
   14.089032      1.461060         6.376857e-20      
   14.089032      1.538940         5.346712e-20      
   14.089032      1.616714         4.507214e-20      
   14.089032      1.694174         3.816101e-20      
   14.089032      1.771110         3.242621e-20      
   14.089032      1.847315         2.763721e-20      
   14.089032      1.922584         2.361794e-20      
   14.089032      1.996714         2.023157e-20      
   14.089032      2.069505         1.737011e-20      
   14.089032      2.140761         1.494703e-20      
   14.089032      2.210289         1.289212e-20      
   14.089032      2.277902         1.114772e-20      
   14.089032      2.343418         9.666038e-21      
   14.089032      2.406661         8.407189e-21      
   14.089032      2.467459         7.337657e-21      
   14.089032      2.525649         6.429173e-21      
   14.089032      2.581075         5.657827e-21      
   14.089032      2.633586         5.003360e-21      
   14.089032      2.683041         4.448606e-21      
   14.089032      2.729306         3.979021e-21      
   14.089032      2.772258         3.582306e-21      
   14.089032      2.811780         3.248082e-21      
   14.089032      2.847765         2.967624e-21      
   14.089032      2.880118         2.733631e-21      
   14.089032      2.908749         2.540030e-21      
   14.089032      2.933583         2.381820e-21      
   14.089032      2.954553         2.254930e-21      
   14.089032      2.971601         2.156110e-21      
   14.089032      2.984682         2.082841e-21      
   14.089032      2.993761         2.033261e-21      
   14.089032      2.998815         2.006102e-21      
   14.089032      3.004739         1.974669e-21      
   14.089032      3.024957         1.870571e-21      
   14.089032      3.061273         1.695430e-21      
   14.089032      3.113597         1.468005e-21      
   14.089032      3.181789         1.211401e-21      
   14.089032      3.265666         9.495577e-22      
   14.089032      3.365002         7.038766e-22      
   14.089032      3.479529         4.905589e-22      
   14.089032      3.608938         3.190540e-22      
   14.089032      3.752880         1.918206e-22      
   14.089032      3.910968         1.053365e-22      
   14.089032      4.082775         5.204066e-23      
   14.089032      4.267838         2.268924e-23      
   14.089032      4.465657         8.512180e-24      
   14.089032      4.675701         2.651327e-24      
   14.089032      4.897402         6.450865e-25      
   14.089032      5.130163         1.050561e-25      
   14.089032      5.373356         2.993540e-27      
   14.089032      5.626327         -4.755282e-27     
   14.089032      5.888392         -1.827987e-27     
   14.089032      6.158845         -3.820339e-28     
   14.089032      6.436958         -4.263504e-29     
   14.089032      6.721980         3.322841e-30      
   14.089032      7.013143         1.862294e-29      
   14.089032      7.309662         1.029383e-28      
   14.089032      7.610739         4.792689e-28      
   14.089032      7.915560         -4.564887e-29     
   14.089032      8.223305         -5.008003e-26     
   14.089032      8.533144         -1.081537e-24     
   14.089032      8.844241         -1.844632e-23     
   14.089032      9.155759         -2.971426e-22     
   14.089032      9.466856         -4.766108e-21     
   14.089032      9.776695         -7.633708e-20     
   14.089032      10.084440        -1.207723e-18     
   14.089032      10.389261        -1.872452e-17     
   14.089032      10.690338        -2.836626e-16     
   14.089032      10.986857        -4.233132e-15     
   14.089032      11.278020        -6.263849e-14     
   14.089032      11.563042        -8.948327e-13     
   14.089032      11.841155        -1.163957e-11     
   14.089032      12.111608        -1.331429e-10     
   14.089032      12.373673        -1.532981e-09     
   14.089032      12.626644        -2.463000e-08     
   14.089032      12.869837        -3.286992e-07     
   14.089032      13.102598        9.157203e-06      
   14.089032      13.324299        5.034570e-04      
   14.089032      13.534343        7.231632e-03      
   14.089032      13.732162        4.143244e-02      
   14.089032      13.917225        1.088390e-01      
   14.089032      14.089032        1.469860e-01      
   14.089032      14.247120        1.141847e-01      
   14.089032      14.391062        5.701001e-02      
   14.089032      14.520471        2.029109e-02      
   14.089032      14.634998        5.567108e-03      
   14.089032      14.734334        1.151745e-03      
   14.089032      14.818211        6.805332e-05      
   14.089032      14.886403        -1.219736e-04     
   14.089032      14.938727        -8.483100e-05     
   14.089032      14.975043        1.572125e-06      
   14.089032      14.995261        7.025719e-05      
   14.247120      0.001185         1.076047e-19      
   14.247120      0.006239         2.982894e-18      
   14.247120      0.015318         1.794729e-17      
   14.247120      0.028399         6.135954e-17      
   14.247120      0.045447         1.553054e-16      
   14.247120      0.066417         3.245009e-16      
   14.247120      0.091251         5.905360e-16      
   14.247120      0.119882         9.631990e-16      
   14.247120      0.152235         1.430088e-15      
   14.247120      0.188220         1.947937e-15      
   14.247120      0.227742         2.441108e-15      
   14.247120      0.270694         2.812803e-15      
   14.247120      0.316959         2.970663e-15      
   14.247120      0.366414         2.860540e-15      
   14.247120      0.418925         2.493741e-15      
   14.247120      0.474351         1.950898e-15      
   14.247120      0.532541         1.355110e-15      
   14.247120      0.593339         8.251612e-16      
   14.247120      0.656582         4.337873e-16      
   14.247120      0.722098         1.932727e-16      
   14.247120      0.789711         7.145055e-17      
   14.247120      0.859239         2.158164e-17      
   14.247120      0.930495         5.595589e-18      
   14.247120      1.003286         1.750899e-18      
   14.247120      1.077416         1.041690e-18      
   14.247120      1.152685         8.486623e-19      
   14.247120      1.228890         7.023823e-19      
   14.247120      1.305826         5.767046e-19      
   14.247120      1.383286         4.762350e-19      
   14.247120      1.461060         3.966533e-19      
   14.247120      1.538940         3.326749e-19      
   14.247120      1.616714         2.805263e-19      
   14.247120      1.694174         2.375855e-19      
   14.247120      1.771110         2.019445e-19      
   14.247120      1.847315         1.721736e-19      
   14.247120      1.922584         1.471806e-19      
   14.247120      1.996714         1.261170e-19      
   14.247120      2.069505         1.083129e-19      
   14.247120      2.140761         9.323185e-20      
   14.247120      2.210289         8.043816e-20      
   14.247120      2.277902         6.957426e-20      
   14.247120      2.343418         6.034371e-20      
   14.247120      2.406661         5.249895e-20      
   14.247120      2.467459         4.583196e-20      
   14.247120      2.525649         4.016724e-20      
   14.247120      2.581075         3.535629e-20      
   14.247120      2.633586         3.127326e-20      
   14.247120      2.683041         2.781143e-20      
   14.247120      2.729306         2.488040e-20      
   14.247120      2.772258         2.240367e-20      
   14.247120      2.811780         2.031665e-20      
   14.247120      2.847765         1.856506e-20      
   14.247120      2.880118         1.710341e-20      
   14.247120      2.908749         1.589390e-20      
   14.247120      2.933583         1.490536e-20      
   14.247120      2.954553         1.411244e-20      
   14.247120      2.971601         1.349487e-20      
   14.247120      2.984682         1.303694e-20      
   14.247120      2.993761         1.272705e-20      
   14.247120      2.998815         1.255730e-20      
   14.247120      3.004739         1.236082e-20      
   14.247120      3.024957         1.171010e-20      
   14.247120      3.061273         1.061516e-20      
   14.247120      3.113597         9.193046e-21      
   14.247120      3.181789         7.588045e-21      
   14.247120      3.265666         5.949713e-21      
   14.247120      3.365002         4.411896e-21      
   14.247120      3.479529         3.076052e-21      
   14.247120      3.608938         2.001514e-21      
   14.247120      3.752880         1.203924e-21      
   14.247120      3.910968         6.614698e-22      
   14.247120      4.082775         3.269816e-22      
   14.247120      4.267838         1.426524e-22      
   14.247120      4.465657         5.355777e-23      
   14.247120      4.675701         1.669688e-23      
   14.247120      4.897402         4.067106e-24      
   14.247120      5.130163         6.633614e-25      
   14.247120      5.373356         1.897658e-26      
   14.247120      5.626327         -3.012516e-26     
   14.247120      5.888392         -1.161034e-26     
   14.247120      6.158845         -2.433373e-27     
   14.247120      6.436958         -2.750158e-28     
   14.247120      6.721980         5.810393e-30      
   14.247120      7.013143         2.840026e-29      
   14.247120      7.309662         1.621707e-28      
   14.247120      7.610739         1.278845e-27      
   14.247120      7.915560         1.067235e-26      
   14.247120      8.223305         9.244521e-26      
   14.247120      8.533144         8.180125e-25      
   14.247120      8.844241         7.223119e-24      
   14.247120      9.155759         6.055099e-23      
   14.247120      9.466856         4.125806e-22      
   14.247120      9.776695         5.503415e-22      
   14.247120      10.084440        -5.951404e-20     
   14.247120      10.389261        -1.717795e-18     
   14.247120      10.690338        -3.545974e-17     
   14.247120      10.986857        -6.384017e-16     
   14.247120      11.278020        -1.068950e-14     
   14.247120      11.563042        -1.692264e-13     
   14.247120      11.841155        -2.472883e-12     
   14.247120      12.111608        -3.212682e-11     
   14.247120      12.373673        -3.732612e-10     
   14.247120      12.626644        -4.526198e-09     
   14.247120      12.869837        -6.859618e-08     
   14.247120      13.102598        -5.788456e-07     
   14.247120      13.324299        2.659494e-05      
   14.247120      13.534343        9.264779e-04      
   14.247120      13.732162        1.021906e-02      
   14.247120      13.917225        4.862060e-02      
   14.247120      14.089032        1.141847e-01      
   14.247120      14.247120        1.485298e-01      
   14.247120      14.391062        1.195344e-01      
   14.247120      14.520471        6.604361e-02      
   14.247120      14.634998        2.733419e-02      
   14.247120      14.734334        8.840325e-03      
   14.247120      14.818211        1.998040e-03      
   14.247120      14.886403        -2.704660e-05     
   14.247120      14.938727        -3.530445e-04     
   14.247120      14.975043        -1.607550e-04     
   14.247120      14.995261        7.271749e-05      
   14.391062      0.001185         5.335384e-19      
   14.391062      0.006239         1.479013e-17      
   14.391062      0.015318         8.898837e-17      
   14.391062      0.028399         3.042403e-16      
   14.391062      0.045447         7.700555e-16      
   14.391062      0.066417         1.608987e-15      
   14.391062      0.091251         2.928094e-15      
   14.391062      0.119882         4.775928e-15      
   14.391062      0.152235         7.091028e-15      
   14.391062      0.188220         9.658897e-15      
   14.391062      0.227742         1.210454e-14      
   14.391062      0.270694         1.394800e-14      
   14.391062      0.316959         1.473127e-14      
   14.391062      0.366414         1.418577e-14      
   14.391062      0.418925         1.236740e-14      
   14.391062      0.474351         9.675826e-15      
   14.391062      0.532541         6.721404e-15      
   14.391062      0.593339         4.093188e-15      
   14.391062      0.656582         2.152007e-15      
   14.391062      0.722098         9.589332e-16      
   14.391062      0.789711         3.545535e-16      
   14.391062      0.859239         1.071090e-16      
   14.391062      0.930495         2.777508e-17      
   14.391062      1.003286         8.692164e-18      
   14.391062      1.077416         5.172099e-18      
   14.391062      1.152685         4.214486e-18      
   14.391062      1.228890         3.488758e-18      
   14.391062      1.305826         2.865109e-18      
   14.391062      1.383286         2.366481e-18      
   14.391062      1.461060         1.971471e-18      
   14.391062      1.538940         1.653867e-18      
   14.391062      1.616714         1.394947e-18      
   14.391062      1.694174         1.181707e-18      
   14.391062      1.771110         1.004683e-18      
   14.391062      1.847315         8.567845e-19      
   14.391062      1.922584         7.325948e-19      
   14.391062      1.996714         6.279060e-19      
   14.391062      2.069505         5.393967e-19      
   14.391062      2.140761         4.644060e-19      
   14.391062      2.210289         4.007737e-19      
   14.391062      2.277902         3.467262e-19      
   14.391062      2.343418         3.007935e-19      
   14.391062      2.406661         2.617471e-19      
   14.391062      2.467459         2.285552e-19      
   14.391062      2.525649         2.003466e-19      
   14.391062      2.581075         1.763842e-19      
   14.391062      2.633586         1.560431e-19      
   14.391062      2.683041         1.387934e-19      
   14.391062      2.729306         1.241857e-19      
   14.391062      2.772258         1.118399e-19      
   14.391062      2.811780         1.014351e-19      
   14.391062      2.847765         9.270122e-20      
   14.391062      2.880118         8.541210e-20      
   14.391062      2.908749         7.937964e-20      
   14.391062      2.933583         7.444877e-20      
   14.391062      2.954553         7.049326e-20      
   14.391062      2.971601         6.741228e-20      
   14.391062      2.984682         6.512760e-20      
   14.391062      2.993761         6.358143e-20      
   14.391062      2.998815         6.273444e-20      
   14.391062      3.004739         6.175410e-20      
   14.391062      3.024957         5.850708e-20      
   14.391062      3.061273         5.304281e-20      
   14.391062      3.113597         4.594463e-20      
   14.391062      3.181789         3.793172e-20      
   14.391062      3.265666         2.975003e-20      
   14.391062      3.365002         2.206765e-20      
   14.391062      3.479529         1.539158e-20      
   14.391062      3.608938         1.001904e-20      
   14.391062      3.752880         6.029247e-21      
   14.391062      3.910968         3.314286e-21      
   14.391062      4.082775         1.639233e-21      
   14.391062      4.267838         7.155838e-22      
   14.391062      4.465657         2.688460e-22      
   14.391062      4.675701         8.388145e-23      
   14.391062      4.897402         2.045186e-23      
   14.391062      5.130163         3.339543e-24      
   14.391062      5.373356         9.551462e-26      
   14.391062      5.626327         -1.522242e-25     
   14.391062      5.888392         -5.877372e-26     
   14.391062      6.158845         -1.234311e-26     
   14.391062      6.436958         -1.400039e-27     
   14.391062      6.721980         1.492745e-29      
   14.391062      7.013143         4.216205e-29      
   14.391062      7.309662         6.053820e-29      
   14.391062      7.610739         4.517484e-28      
   14.391062      7.915560         3.968054e-27      
   14.391062      8.223305         3.679492e-26      
   14.391062      8.533144         3.563784e-25      
   14.391062      8.844241         3.565330e-24      
   14.391062      9.155759         3.631862e-23      
   14.391062      9.466856         3.675145e-22      
   14.391062      9.776695         3.525662e-21      
   14.391062      10.084440        2.894240e-20      
   14.391062      10.389261        1.319691e-19      
   14.391062      10.690338        -1.874763e-18     
   14.391062      10.986857        -7.578740e-17     
   14.391062      11.278020        -1.697769e-15     
   14.391062      11.563042        -3.156299e-14     
   14.391062      11.841155        -5.203946e-13     
   14.391062      12.111608        -7.586714e-12     
   14.391062      12.373673        -9.685074e-11     
   14.391062      12.626644        -1.128665e-09     
   14.391062      12.869837        -1.403131e-08     
   14.391062      13.102598        -1.913843e-07     
   14.391062      13.324299        -6.228259e-07     
   14.391062      13.534343        7.579734e-05      
   14.391062      13.732162        1.723190e-03      
   14.391062      13.917225        1.448542e-02      
   14.391062      14.089032        5.701001e-02      
   14.391062      14.247120        1.195344e-01      
   14.391062      14.391062        1.494231e-01      
   14.391062      14.520471        1.235643e-01      
   14.391062      14.634998        7.396309e-02      
   14.391062      14.734334        3.405051e-02      
   14.391062      14.818211        1.193400e-02      
   14.391062      14.886403        2.371943e-03      
   14.391062      14.938727        -7.170557e-04     
   14.391062      14.975043        -1.064818e-03     
   14.391062      14.995261        -6.747123e-04     
   14.520471      0.001185         2.178949e-18      
   14.520471      0.006239         6.040231e-17      
   14.520471      0.015318         3.634249e-16      
   14.520471      0.028399         1.242505e-15      
   14.520471      0.045447         3.144871e-15      
   14.520471      0.066417         6.571014e-15      
   14.520471      0.091251         1.195814e-14      
   14.520471      0.119882         1.950448e-14      
   14.520471      0.152235         2.895895e-14      
   14.520471      0.188220         3.944546e-14      
   14.520471      0.227742         4.943245e-14      
   14.520471      0.270694         5.695979e-14      
   14.520471      0.316959         6.015717e-14      
   14.520471      0.366414         5.792798e-14      
   14.520471      0.418925         5.050092e-14      
   14.520471      0.474351         3.950860e-14      
   14.520471      0.532541         2.744370e-14      
   14.520471      0.593339         1.671167e-14      
   14.520471      0.656582         8.785638e-15      
   14.520471      0.722098         3.914587e-15      
   14.520471      0.789711         1.447260e-15      
   14.520471      0.859239         4.371912e-16      
   14.520471      0.930495         1.133847e-16      
   14.520471      1.003286         3.550380e-17      
   14.520471      1.077416         2.113656e-17      
   14.520471      1.152685         1.722567e-17      
   14.520471      1.228890         1.426143e-17      
   14.520471      1.305826         1.171425e-17      
   14.520471      1.383286         9.677560e-18      
   14.520471      1.461060         8.063904e-18      
   14.520471      1.538940         6.766276e-18      
   14.520471      1.616714         5.708259e-18      
   14.520471      1.694174         4.836758e-18      
   14.520471      1.771110         4.113142e-18      
   14.520471      1.847315         3.508466e-18      
   14.520471      1.922584         3.000620e-18      
   14.520471      1.996714         2.572427e-18      
   14.520471      2.069505         2.210331e-18      
   14.520471      2.140761         1.903470e-18      
   14.520471      2.210289         1.643029e-18      
   14.520471      2.277902         1.421766e-18      
   14.520471      2.343418         1.233681e-18      
   14.520471      2.406661         1.073758e-18      
   14.520471      2.467459         9.377835e-19      
   14.520471      2.525649         8.221987e-19      
   14.520471      2.581075         7.239923e-19      
   14.520471      2.633586         6.406106e-19      
   14.520471      2.683041         5.698874e-19      
   14.520471      2.729306         5.099859e-19      
   14.520471      2.772258         4.593514e-19      
   14.520471      2.811780         4.166709e-19      
   14.520471      2.847765         3.808392e-19      
   14.520471      2.880118         3.509311e-19      
   14.520471      2.908749         3.261763e-19      
   14.520471      2.933583         3.059400e-19      
   14.520471      2.954553         2.897051e-19      
   14.520471      2.971601         2.770587e-19      
   14.520471      2.984682         2.676804e-19      
   14.520471      2.993761         2.613332e-19      
   14.520471      2.998815         2.578562e-19      
   14.520471      3.004739         2.538316e-19      
   14.520471      3.024957         2.405011e-19      
   14.520471      3.061273         2.180653e-19      
   14.520471      3.113597         1.889161e-19      
   14.520471      3.181789         1.560029e-19      
   14.520471      3.265666         1.223870e-19      
   14.520471      3.365002         9.081188e-20      
   14.520471      3.479529         6.336201e-20      
   14.520471      3.608938         4.126200e-20      
   14.520471      3.752880         2.484192e-20      
   14.520471      3.910968         1.366248e-20      
   14.520471      4.082775         6.761120e-21      
   14.520471      4.267838         2.953257e-21      
   14.520471      4.465657         1.110292e-21      
   14.520471      4.675701         3.466811e-22      
   14.520471      4.897402         8.460007e-23      
   14.520471      5.130163         1.382613e-23      
   14.520471      5.373356         3.938869e-25      
   14.520471      5.626327         -6.330800e-25     
   14.520471      5.888392         -2.447569e-25     
   14.520471      6.158845         -5.148612e-26     
   14.520471      6.436958         -5.848716e-27     
   14.520471      6.721980         5.880862e-29      
   14.520471      7.013143         1.419756e-28      
   14.520471      7.309662         -1.755209e-29     
   14.520471      7.610739         -3.509590e-28     
   14.520471      7.915560         -3.139101e-27     
   14.520471      8.223305         -2.987853e-26     
   14.520471      8.533144         -3.025884e-25     
   14.520471      8.844241         -3.242645e-24     
   14.520471      9.155759         -3.653468e-23     
   14.520471      9.466856         -4.299009e-22     
   14.520471      9.776695         -5.250925e-21     
   14.520471      10.084440        -6.616177e-20     
   14.520471      10.389261        -8.538319e-19     
   14.520471      10.690338        -1.119300e-17     
   14.520471      10.986857        -1.476033e-16     
   14.520471      11.278020        -1.938910e-15     
   14.520471      11.563042        -2.518907e-14     
   14.520471      11.841155        -3.212975e-13     
   14.520471      12.111608        -3.960111e-12     
   14.520471      12.373673        -4.597233e-11     
   14.520471      12.626644        -4.944996e-10     
   14.520471      12.869837        -5.082336e-09     
   14.520471      13.102598        -5.569508e-08     
   14.520471      13.324299        -5.819851e-07     
   14.520471      13.534343        1.191357e-06      
   14.520471      13.732162        2.081341e-04      
   14.520471      13.917225        3.171333e-03      
   14.520471      14.089032        2.029109e-02      
   14.520471      14.247120        6.604361e-02      
   14.520471      14.391062        1.235643e-01      
   14.520471      14.520471        1.477225e-01      
   14.520471      14.634998        1.237323e-01      
   14.520471      14.734334        7.782509e-02      
   14.520471      14.818211        3.766219e-02      
   14.520471      14.886403        1.273878e-02      
   14.520471      14.938727        8.331839e-04      
   14.520471      14.975043        -3.176943e-03     
   14.520471      14.995261        -3.759060e-03     
   14.634998      0.001185         9.057621e-18      
   14.634998      0.006239         2.510849e-16      
   14.634998      0.015318         1.510711e-15      
   14.634998      0.028399         5.164928e-15      
   14.634998      0.045447         1.307278e-14      
   14.634998      0.066417         2.731465e-14      
   14.634998      0.091251         4.970768e-14      
   14.634998      0.119882         8.107540e-14      
   14.634998      0.152235         1.203733e-13      
   14.634998      0.188220         1.639584e-13      
   14.634998      0.227742         2.054635e-13      
   14.634998      0.270694         2.367404e-13      
   14.634998      0.316959         2.500160e-13      
   14.634998      0.366414         2.407349e-13      
   14.634998      0.418925         2.098523e-13      
   14.634998      0.474351         1.641580e-13      
   14.634998      0.532541         1.140146e-13      
   14.634998      0.593339         6.941849e-14      
   14.634998      0.656582         3.648853e-14      
   14.634998      0.722098         1.625500e-14      
   14.634998      0.789711         6.008420e-15      
   14.634998      0.859239         1.814744e-15      
   14.634998      0.930495         4.707056e-16      
   14.634998      1.003286         1.475198e-16      
   14.634998      1.077416         8.789054e-17      
   14.634998      1.152685         7.163816e-17      
   14.634998      1.228890         5.931753e-17      
   14.634998      1.305826         4.873243e-17      
   14.634998      1.383286         4.026839e-17      
   14.634998      1.461060         3.356146e-17      
   14.634998      1.538940         2.816723e-17      
   14.634998      1.616714         2.376836e-17      
   14.634998      1.694174         2.014433e-17      
   14.634998      1.771110         1.713471e-17      
   14.634998      1.847315         1.461926e-17      
   14.634998      1.922584         1.250618e-17      
   14.634998      1.996714         1.072413e-17      
   14.634998      2.069505         9.216806e-18      
   14.634998      2.140761         7.939118e-18      
   14.634998      2.210289         6.854447e-18      
   14.634998      2.277902         5.932726e-18      
   14.634998      2.343418         5.149026e-18      
   14.634998      2.406661         4.482515e-18      
   14.634998      2.467459         3.915681e-18      
   14.634998      2.525649         3.433740e-18      
   14.634998      2.581075         3.024171e-18      
   14.634998      2.633586         2.676357e-18      
   14.634998      2.683041         2.381288e-18      
   14.634998      2.729306         2.131323e-18      
   14.634998      2.772258         1.919992e-18      
   14.634998      2.811780         1.741829e-18      
   14.634998      2.847765         1.592234e-18      
   14.634998      2.880118         1.467353e-18      
   14.634998      2.908749         1.363977e-18      
   14.634998      2.933583         1.279462e-18      
   14.634998      2.954553         1.211652e-18      
   14.634998      2.971601         1.158827e-18      
   14.634998      2.984682         1.119650e-18      
   14.634998      2.993761         1.093135e-18      
   14.634998      2.998815         1.078609e-18      
   14.634998      3.004739         1.061795e-18      
   14.634998      3.024957         1.006101e-18      
   14.634998      3.061273         9.123551e-19      
   14.634998      3.113597         7.905368e-19      
   14.634998      3.181789         6.529569e-19      
   14.634998      3.265666         5.123982e-19      
   14.634998      3.365002         3.803266e-19      
   14.634998      3.479529         2.654637e-19      
   14.634998      3.608938         1.729450e-19      
   14.634998      3.752880         1.041702e-19      
   14.634998      3.910968         5.732013e-20      
   14.634998      4.082775         2.838149e-20      
   14.634998      4.267838         1.240448e-20      
   14.634998      4.465657         4.666610e-21      
   14.634998      4.675701         1.458186e-21      
   14.634998      4.897402         3.561236e-22      
   14.634998      5.130163         5.824174e-23      
   14.634998      5.373356         1.648078e-24      
   14.634998      5.626327         -2.680787e-24     
   14.634998      5.888392         -1.037523e-24     
   14.634998      6.158845         -2.185695e-25     
   14.634998      6.436958         -2.485428e-26     
   14.634998      6.721980         2.598840e-28      
   14.634998      7.013143         6.190743e-28      
   14.634998      7.309662         1.091212e-29      
   14.634998      7.610739         -7.981540e-28     
   14.634998      7.915560         -7.239925e-27     
   14.634998      8.223305         -6.951320e-26     
   14.634998      8.533144         -7.084429e-25     
   14.634998      8.844241         -7.614282e-24     
   14.634998      9.155759         -8.568354e-23     
   14.634998      9.466856         -1.001503e-21     
   14.634998      9.776695         -1.205571e-20     
   14.634998      10.084440        -1.481209e-19     
   14.634998      10.389261        -1.840024e-18     
   14.634998      10.690338        -2.288549e-17     
   14.634998      10.986857        -2.821305e-16     
   14.634998      11.278020        -3.412431e-15     
   14.634998      11.563042        -4.010148e-14     
   14.634998      11.841155        -4.538596e-13     
   14.634998      12.111608        -4.905478e-12     
   14.634998      12.373673        -5.012323e-11     
   14.634998      12.626644        -4.788739e-10     
   14.634998      12.869837        -4.258089e-09     
   14.634998      13.102598        -3.599513e-08     
   14.634998      13.324299        -3.072245e-07     
   14.634998      13.534343        -2.146681e-06     
   14.634998      13.732162        1.032568e-05      
   14.634998      13.917225        5.268226e-04      
   14.634998      14.089032        5.567108e-03      
   14.634998      14.247120        2.733419e-02      
   14.634998      14.391062        7.396309e-02      
   14.634998      14.520471        1.237323e-01      
   14.634998      14.634998        1.408567e-01      
   14.634998      14.734334        1.177322e-01      
   14.634998      14.818211        7.549730e-02      
   14.634998      14.886403        3.654998e-02      
   14.634998      14.938727        1.098626e-02      
   14.634998      14.975043        -1.313535e-03     
   14.634998      14.995261        -5.260890e-03     
   14.734334      0.001185         4.617478e-17      
   14.734334      0.006239         1.280004e-15      
   14.734334      0.015318         7.701442e-15      
   14.734334      0.028399         2.633024e-14      
   14.734334      0.045447         6.664356e-14      
   14.734334      0.066417         1.392468e-13      
   14.734334      0.091251         2.534032e-13      
   14.734334      0.119882         4.133101e-13      
   14.734334      0.152235         6.136414e-13      
   14.734334      0.188220         8.358246e-13      
   14.734334      0.227742         1.047398e-12      
   14.734334      0.270694         1.206824e-12      
   14.734334      0.316959         1.274477e-12      
   14.734334      0.366414         1.227141e-12      
   14.734334      0.418925         1.069690e-12      
   14.734334      0.474351         8.367444e-13      
   14.734334      0.532541         5.811325e-13      
   14.734334      0.593339         3.538108e-13      
   14.734334      0.656582         1.859646e-13      
   14.734334      0.722098         8.283928e-14      
   14.734334      0.789711         3.061856e-14      
   14.734334      0.859239         9.247512e-15      
   14.734334      0.930495         2.398839e-15      
   14.734334      1.003286         7.521341e-16      
   14.734334      1.077416         4.482893e-16      
   14.734334      1.152685         3.654356e-16      
   14.734334      1.228890         3.026197e-16      
   14.734334      1.305826         2.486541e-16      
   14.734334      1.383286         2.054999e-16      
   14.734334      1.461060         1.713010e-16      
   14.734334      1.538940         1.437927e-16      
   14.734334      1.616714         1.213577e-16      
   14.734334      1.694174         1.028721e-16      
   14.734334      1.771110         8.751843e-17      
   14.734334      1.847315         7.468390e-17      
   14.734334      1.922584         6.390061e-17      
   14.734334      1.996714         5.480511e-17      
   14.734334      2.069505         4.711050e-17      
   14.734334      2.140761         4.058697e-17      
   14.734334      2.210289         3.504795e-17      
   14.734334      2.277902         3.034022e-17      
   14.734334      2.343418         2.633672e-17      
   14.734334      2.406661         2.293128e-17      
   14.734334      2.467459         2.003463e-17      
   14.734334      2.525649         1.757138e-17      
   14.734334      2.581075         1.547770e-17      
   14.734334      2.633586         1.369943e-17      
   14.734334      2.683041         1.219060e-17      
   14.734334      2.729306         1.091224e-17      
   14.734334      2.772258         9.831317e-18      
   14.734334      2.811780         8.919936e-18      
   14.734334      2.847765         8.154606e-18      
   14.734334      2.880118         7.515648e-18      
   14.734334      2.908749         6.986676e-18      
   14.734334      2.933583         6.554178e-18      
   14.734334      2.954553         6.207145e-18      
   14.734334      2.971601         5.936784e-18      
   14.734334      2.984682         5.736269e-18      
   14.734334      2.993761         5.600552e-18      
   14.734334      2.998815         5.526201e-18      
   14.734334      3.004739         5.440139e-18      
   14.734334      3.024957         5.155052e-18      
   14.734334      3.061273         4.675147e-18      
   14.734334      3.113597         4.051453e-18      
   14.734334      3.181789         3.346938e-18      
   14.734334      3.265666         2.627011e-18      
   14.734334      3.365002         1.950376e-18      
   14.734334      3.479529         1.361727e-18      
   14.734334      3.608938         8.874246e-19      
   14.734334      3.752880         5.347125e-19      
   14.734334      3.910968         2.943424e-19      
   14.734334      4.082775         1.458029e-19      
   14.734334      4.267838         6.375492e-20      
   14.734334      4.465657         2.399739e-20      
   14.734334      4.675701         7.502960e-21      
   14.734334      4.897402         1.833624e-21      
   14.734334      5.130163         3.000782e-22      
   14.734334      5.373356         8.465269e-24      
   14.734334      5.626327         -1.386011e-23     
   14.734334      5.888392         -5.369602e-24     
   14.734334      6.158845         -1.132597e-24     
   14.734334      6.436958         -1.289254e-25     
   14.734334      6.721980         1.378186e-27      
   14.734334      7.013143         3.277878e-27      
   14.734334      7.309662         4.515795e-28      
   14.734334      7.610739         -8.621730e-28     
   14.734334      7.915560         -8.120292e-27     
   14.734334      8.223305         -7.847053e-26     
   14.734334      8.533144         -8.052946e-25     
   14.734334      8.844241         -8.716992e-24     
   14.734334      9.155759         -9.880137e-23     
   14.734334      9.466856         -1.163166e-21     
   14.734334      9.776695         -1.409966e-20     
   14.734334      10.084440        -1.743472e-19     
   14.734334      10.389261        -2.177642e-18     
   14.734334      10.690338        -2.719334e-17     
   14.734334      10.986857        -3.359229e-16     
   14.734334      11.278020        -4.060875e-15     
   14.734334      11.563042        -4.752212e-14     
   14.734334      11.841155        -5.326953e-13     
   14.734334      12.111608        -5.662345e-12     
   14.734334      12.373673        -5.651661e-11     
   14.734334      12.626644        -5.245243e-10     
   14.734334      12.869837        -4.490049e-09     
   14.734334      13.102598        -3.533150e-08     
   14.734334      13.324299        -2.593008e-07     
   14.734334      13.534343        -1.806599e-06     
   14.734334      13.732162        -9.017186e-06     
   14.734334      13.917225        3.630297e-05      
   14.734334      14.089032        1.151745e-03      
   14.734334      14.247120        8.840325e-03      
   14.734334      14.391062        3.405051e-02      
   14.734334      14.520471        7.782509e-02      
   14.734334      14.634998        1.177322e-01      
   14.734334      14.734334        1.284770e-01      
   14.734334      14.818211        1.082509e-01      
   14.734334      14.886403        7.549112e-02      
   14.734334      14.938727        5.033385e-02      
   14.734334      14.975043        4.126516e-02      
   14.734334      14.995261        4.266012e-02      
   14.818211      0.001185         2.298322e-16      
   14.818211      0.006239         6.371142e-15      
   14.818211      0.015318         3.833348e-14      
   14.818211      0.028399         1.310573e-13      
   14.818211      0.045447         3.317151e-13      
   14.818211      0.066417         6.930959e-13      
   14.818211      0.091251         1.261311e-12      
   14.818211      0.119882         2.057259e-12      
   14.818211      0.152235         3.054442e-12      
   14.818211      0.188220         4.160429e-12      
   14.818211      0.227742         5.213661e-12      
   14.818211      0.270694         6.007381e-12      
   14.818211      0.316959         6.344342e-12      
   14.818211      0.366414         6.108935e-12      
   14.818211      0.418925         5.325364e-12      
   14.818211      0.474351         4.165899e-12      
   14.818211      0.532541         2.893480e-12      
   14.818211      0.593339         1.761778e-12      
   14.818211      0.656582         9.260856e-13      
   14.818211      0.722098         4.125759e-13      
   14.818211      0.789711         1.525122e-13      
   14.818211      0.859239         4.606778e-14      
   14.818211      0.930495         1.195093e-14      
   14.818211      1.003286         3.746682e-15      
   14.818211      1.077416         2.232923e-15      
   14.818211      1.152685         1.820372e-15      
   14.818211      1.228890         1.507600e-15      
   14.818211      1.305826         1.238851e-15      
   14.818211      1.383286         1.023928e-15      
   14.818211      1.461060         8.535993e-16      
   14.818211      1.538940         7.165868e-16      
   14.818211      1.616714         6.048371e-16      
   14.818211      1.694174         5.127541e-16      
   14.818211      1.771110         4.362666e-16      
   14.818211      1.847315         3.723240e-16      
   14.818211      1.922584         3.185965e-16      
   14.818211      1.996714         2.732744e-16      
   14.818211      2.069505         2.349296e-16      
   14.818211      2.140761         2.024176e-16      
   14.818211      2.210289         1.748097e-16      
   14.818211      2.277902         1.513429e-16      
   14.818211      2.343418         1.313847e-16      
   14.818211      2.406661         1.144063e-16      
   14.818211      2.467459         9.996319e-17      
   14.818211      2.525649         8.768002e-17      
   14.818211      2.581075         7.723879e-17      
   14.818211      2.633586         6.836978e-17      
   14.818211      2.683041         6.084401e-17      
   14.818211      2.729306         5.446725e-17      
   14.818211      2.772258         4.907498e-17      
   14.818211      2.811780         4.452818e-17      
   14.818211      2.847765         4.070979e-17      
   14.818211      2.880118         3.752170e-17      
   14.818211      2.908749         3.488227e-17      
   14.818211      2.933583         3.272412e-17      
   14.818211      2.954553         3.099238e-17      
   14.818211      2.971601         2.964319e-17      
   14.818211      2.984682         2.864253e-17      
   14.818211      2.993761         2.796524e-17      
   14.818211      2.998815         2.759418e-17      
   14.818211      3.004739         2.716468e-17      
   14.818211      3.024957         2.574188e-17      
   14.818211      3.061273         2.334670e-17      
   14.818211      3.113597         2.023364e-17      
   14.818211      3.181789         1.671683e-17      
   14.818211      3.265666         1.312264e-17      
   14.818211      3.365002         9.744080e-18      
   14.818211      3.479529         6.804331e-18      
   14.818211      3.608938         4.435167e-18      
   14.818211      3.752880         2.672960e-18      
   14.818211      3.910968         1.471735e-18      
   14.818211      4.082775         7.292231e-19      
   14.818211      4.267838         3.189634e-19      
   14.818211      4.465657         1.201002e-19      
   14.818211      4.675701         3.756572e-20      
   14.818211      4.897402         9.185138e-21      
   14.818211      5.130163         1.504123e-21      
   14.818211      5.373356         4.250196e-23      
   14.818211      5.626327         -6.955683e-23     
   14.818211      5.888392         -2.697296e-23     
   14.818211      6.158845         -5.694845e-24     
   14.818211      6.436958         -6.489446e-25     
   14.818211      6.721980         6.932887e-27      
   14.818211      7.013143         1.658887e-26      
   14.818211      7.309662         2.731374e-27      
   14.818211      7.610739         -5.554839e-28     
   14.818211      7.915560         -6.655654e-27     
   14.818211      8.223305         -6.456597e-26     
   14.818211      8.533144         -6.663870e-25     
   14.818211      8.844241         -7.257606e-24     
   14.818211      9.155759         -8.279556e-23     
   14.818211      9.466856         -9.814417e-22     
   14.818211      9.776695         -1.198293e-20     
   14.818211      10.084440        -1.492907e-19     
   14.818211      10.389261        -1.879186e-18     
   14.818211      10.690338        -2.365230e-17     
   14.818211      10.986857        -2.945042e-16     
   14.818211      11.278020        -3.588118e-15     
   14.818211      11.563042        -4.230563e-14     
   14.818211      11.841155        -4.774432e-13     
   14.818211      12.111608        -5.102834e-12     
   14.818211      12.373673        -5.112544e-11     
   14.818211      12.626644        -4.754829e-10     
   14.818211      12.869837        -4.069028e-09     
   14.818211      13.102598        -3.182237e-08     
   14.818211      13.324299        -2.269902e-07     
   14.818211      13.534343        -1.496383e-06     
   14.818211      13.732162        -8.953361e-06     
   14.818211      13.917225        -3.596670e-05     
   14.818211      14.089032        6.805332e-05      
   14.818211      14.247120        1.998040e-03      
   14.818211      14.391062        1.193400e-02      
   14.818211      14.520471        3.766219e-02      
   14.818211      14.634998        7.549730e-02      
   14.818211      14.734334        1.082509e-01      
   14.818211      14.818211        1.261102e-01      
   14.818211      14.886403        1.443142e-01      
   14.818211      14.938727        1.917005e-01      
   14.818211      14.975043        2.742405e-01      
   14.818211      14.995261        3.528722e-01      
   14.886403      0.001185         8.725649e-16      
   14.886403      0.006239         2.418823e-14      
   14.886403      0.015318         1.455342e-13      
   14.886403      0.028399         4.975635e-13      
   14.886403      0.045447         1.259369e-12      
   14.886403      0.066417         2.631374e-12      
   14.886403      0.091251         4.788654e-12      
   14.886403      0.119882         7.810587e-12      
   14.886403      0.152235         1.159662e-11      
   14.886403      0.188220         1.579590e-11      
   14.886403      0.227742         1.979512e-11      
   14.886403      0.270694         2.280933e-11      
   14.886403      0.316959         2.408957e-11      
   14.886403      0.366414         2.319674e-11      
   14.886403      0.418925         2.022247e-11      
   14.886403      0.474351         1.582056e-11      
   14.886403      0.532541         1.098924e-11      
   14.886403      0.593339         6.691728e-12      
   14.886403      0.656582         3.517911e-12      
   14.886403      0.722098         1.567441e-12      
   14.886403      0.789711         5.794971e-13      
   14.886403      0.859239         1.750659e-13      
   14.886403      0.930495         4.541783e-14      
   14.886403      1.003286         1.423576e-14      
   14.886403      1.077416         8.482707e-15      
   14.886403      1.152685         6.915851e-15      
   14.886403      1.228890         5.727999e-15      
   14.886403      1.305826         4.707155e-15      
   14.886403      1.383286         3.890718e-15      
   14.886403      1.461060         3.243673e-15      
   14.886403      1.538940         2.723178e-15      
   14.886403      1.616714         2.298638e-15      
   14.886403      1.694174         1.948800e-15      
   14.886403      1.771110         1.658198e-15      
   14.886403      1.847315         1.415247e-15      
   14.886403      1.922584         1.211099e-15      
   14.886403      1.996714         1.038879e-15      
   14.886403      2.069505         8.931638e-16      
   14.886403      2.140761         7.696072e-16      
   14.886403      2.210289         6.646814e-16      
   14.886403      2.277902         5.754888e-16      
   14.886403      2.343418         4.996269e-16      
   14.886403      2.406661         4.350875e-16      
   14.886403      2.467459         3.801821e-16      
   14.886403      2.525649         3.334849e-16      
   14.886403      2.581075         2.937881e-16      
   14.886403      2.633586         2.600667e-16      
   14.886403      2.683041         2.314510e-16      
   14.886403      2.729306         2.072031e-16      
   14.886403      2.772258         1.866978e-16      
   14.886403      2.811780         1.694068e-16      
   14.886403      2.847765         1.548852e-16      
   14.886403      2.880118         1.427603e-16      
   14.886403      2.908749         1.327217e-16      
   14.886403      2.933583         1.245133e-16      
   14.886403      2.954553         1.179265e-16      
   14.886403      2.971601         1.127948e-16      
   14.886403      2.984682         1.089886e-16      
   14.886403      2.993761         1.064123e-16      
   14.886403      2.998815         1.050009e-16      
   14.886403      3.004739         1.033672e-16      
   14.886403      3.024957         9.795515e-17      
   14.886403      3.061273         8.884399e-17      
   14.886403      3.113597         7.700150e-17      
   14.886403      3.181789         6.362220e-17      
   14.886403      3.265666         4.994737e-17      
   14.886403      3.365002         3.709162e-17      
   14.886403      3.479529         2.590426e-17      
   14.886403      3.608938         1.688706e-17      
   14.886403      3.752880         1.017894e-17      
   14.886403      3.910968         5.605500e-18      
   14.886403      4.082775         2.777984e-18      
   14.886403      4.267838         1.215366e-18      
   14.886403      4.465657         4.577442e-19      
   14.886403      4.675701         1.432206e-19      
   14.886403      4.897402         3.503210e-20      
   14.886403      5.130163         5.739711e-21      
   14.886403      5.373356         1.625742e-22      
   14.886403      5.626327         -2.655720e-22     
   14.886403      5.888392         -1.030654e-22     
   14.886403      6.158845         -2.177678e-23     
   14.886403      6.436958         -2.483760e-24     
   14.886403      6.721980         2.640206e-26      
   14.886403      7.013143         6.359335e-26      
   14.886403      7.309662         1.075769e-26      
   14.886403      7.610739         2.424932e-28      
   14.886403      7.915560         -3.966700e-27     
   14.886403      8.223305         -3.830216e-26     
   14.886403      8.533144         -3.973977e-25     
   14.886403      8.844241         -4.353728e-24     
   14.886403      9.155759         -4.998365e-23     
   14.886403      9.466856         -5.965255e-22     
   14.886403      9.776695         -7.336143e-21     
   14.886403      10.084440        -9.210373e-20     
   14.886403      10.389261        -1.168837e-18     
   14.886403      10.690338        -1.483870e-17     
   14.886403      10.986857        -1.864433e-16     
   14.886403      11.278020        -2.293211e-15     
   14.886403      11.563042        -2.730708e-14     
   14.886403      11.841155        -3.113486e-13     
   14.886403      12.111608        -3.362574e-12     
   14.886403      12.373673        -3.404615e-11     
   14.886403      12.626644        -3.200316e-10     
   14.886403      12.869837        -2.768079e-09     
   14.886403      13.102598        -2.186999e-08     
   14.886403      13.324299        -1.570290e-07     
   14.886403      13.534343        -1.028154e-06     
   14.886403      13.732162        -6.220241e-06     
   14.886403      13.917225        -3.330086e-05     
   14.886403      14.089032        -1.219736e-04     
   14.886403      14.247120        -2.704660e-05     
   14.886403      14.391062        2.371943e-03      
   14.886403      14.520471        1.273878e-02      
   14.886403      14.634998        3.654998e-02      
   14.886403      14.734334        7.549112e-02      
   14.886403      14.818211        1.443142e-01      
   14.886403      14.886403        2.988690e-01      
   14.886403      14.938727        6.099746e-01      
   14.886403      14.975043        1.053236e+00      
   14.886403      14.995261        1.439541e+00      
   14.938727      0.001185         2.369249e-15      
   14.938727      0.006239         6.567757e-14      
   14.938727      0.015318         3.951648e-13      
   14.938727      0.028399         1.351020e-12      
   14.938727      0.045447         3.419534e-12      
   14.938727      0.066417         7.144919e-12      
   14.938727      0.091251         1.300259e-11      
   14.938727      0.119882         2.120814e-11      
   14.938727      0.152235         3.148863e-11      
   14.938727      0.188220         4.289157e-11      
   14.938727      0.227742         5.375172e-11      
   14.938727      0.270694         6.193776e-11      
   14.938727      0.316959         6.541592e-11      
   14.938727      0.366414         6.299345e-11      
   14.938727      0.418925         5.491866e-11      
   14.938727      0.474351         4.296637e-11      
   14.938727      0.532541         2.984692e-11      
   14.938727      0.593339         1.817607e-11      
   14.938727      0.656582         9.556112e-12      
   14.938727      0.722098         4.258213e-12      
   14.938727      0.789711         1.574460e-12      
   14.938727      0.859239         4.756909e-13      
   14.938727      0.930495         1.234143e-13      
   14.938727      1.003286         3.867712e-14      
   14.938727      1.077416         2.304388e-14      
   14.938727      1.152685         1.878823e-14      
   14.938727      1.228890         1.556206e-14      
   14.938727      1.305826         1.278912e-14      
   14.938727      1.383286         1.057130e-14      
   14.938727      1.461060         8.813607e-15      
   14.938727      1.538940         7.399655e-15      
   14.938727      1.616714         6.246344e-15      
   14.938727      1.694174         5.295936e-15      
   14.938727      1.771110         4.506431e-15      
   14.938727      1.847315         3.846358e-15      
   14.938727      1.922584         3.291685e-15      
   14.938727      1.996714         2.823743e-15      
   14.938727      2.069505         2.427799e-15      
   14.938727      2.140761         2.092050e-15      
   14.938727      2.210289         1.806915e-15      
   14.938727      2.277902         1.564523e-15      
   14.938727      2.343418         1.358349e-15      
   14.938727      2.406661         1.182939e-15      
   14.938727      2.467459         1.033705e-15      
   14.938727      2.525649         9.067759e-16      
   14.938727      2.581075         7.988694e-16      
   14.938727      2.633586         7.072020e-16      
   14.938727      2.683041         6.294105e-16      
   14.938727      2.729306         5.634901e-16      
   14.938727      2.772258         5.077422e-16      
   14.938727      2.811780         4.607314e-16      
   14.938727      2.847765         4.212490e-16      
   14.938727      2.880118         3.882819e-16      
   14.938727      2.908749         3.609866e-16      
   14.938727      2.933583         3.386672e-16      
   14.938727      2.954553         3.207568e-16      
   14.938727      2.971601         3.068026e-16      
   14.938727      2.984682         2.964527e-16      
   14.938727      2.993761         2.894472e-16      
   14.938727      2.998815         2.856092e-16      
   14.938727      3.004739         2.811667e-16      
   14.938727      3.024957         2.664496e-16      
   14.938727      3.061273         2.416729e-16      
   14.938727      3.113597         2.094675e-16      
   14.938727      3.181789         1.730808e-16      
   14.938727      3.265666         1.358880e-16      
   14.938727      3.365002         1.009202e-16      
   14.938727      3.479529         7.048759e-17      
   14.938727      3.608938         4.595580e-17      
   14.938727      3.752880         2.770382e-17      
   14.938727      3.910968         1.525841e-17      
   14.938727      4.082775         7.562925e-18      
   14.938727      4.267838         3.309343e-18      
   14.938727      4.465657         1.246649e-18      
   14.938727      4.675701         3.901490e-19      
   14.938727      4.897402         9.545960e-20      
   14.938727      5.130163         1.564650e-20      
   14.938727      5.373356         4.439671e-22      
   14.938727      5.626327         -7.242690e-22     
   14.938727      5.888392         -2.812503e-22     
   14.938727      6.158845         -5.946006e-23     
   14.938727      6.436958         -6.786386e-24     
   14.938727      6.721980         7.187583e-26      
   14.938727      7.013143         1.739179e-25      
   14.938727      7.309662         2.957154e-26      
   14.938727      7.610739         1.740373e-27      
   14.938727      7.915560         -1.046875e-27     
   14.938727      8.223305         -9.113454e-27     
   14.938727      8.533144         -9.543484e-26     
   14.938727      8.844241         -1.059553e-24     
   14.938727      9.155759         -1.233778e-23     
   14.938727      9.466856         -1.494707e-22     
   14.938727      9.776695         -1.867645e-21     
   14.938727      10.084440        -2.384486e-20     
   14.938727      10.389261        -3.080106e-19     
   14.938727      10.690338        -3.984004e-18     
   14.938727      10.986857        -5.105292e-17     
   14.938727      11.278020        -6.411115e-16     
   14.938727      11.563042        -7.803394e-15     
   14.938727      11.841155        -9.105942e-14     
   14.938727      12.111608        -1.007921e-12     
   14.938727      12.373673        -1.047632e-11     
   14.938727      12.626644        -1.013135e-10     
   14.938727      12.869837        -9.040509e-10     
   14.938727      13.102598        -7.394874e-09     
   14.938727      13.324299        -5.522640e-08     
   14.938727      13.534343        -3.768456e-07     
   14.938727      13.732162        -2.400653e-06     
   14.938727      13.917225        -1.486519e-05     
   14.938727      14.089032        -8.483100e-05     
   14.938727      14.247120        -3.530445e-04     
   14.938727      14.391062        -7.170557e-04     
   14.938727      14.520471        8.331839e-04      
   14.938727      14.634998        1.098626e-02      
   14.938727      14.734334        5.033385e-02      
   14.938727      14.818211        1.917005e-01      
   14.938727      14.886403        6.099746e-01      
   14.938727      14.938727        1.496837e+00      
   14.938727      14.975043        2.763715e+00      
   14.938727      14.995261        3.863998e+00      
   14.975043      0.001185         4.639263e-15      
   14.975043      0.006239         1.286043e-13      
   14.975043      0.015318         7.737785e-13      
   14.975043      0.028399         2.645455e-12      
   14.975043      0.045447         6.695852e-12      
   14.975043      0.066417         1.399062e-11      
   14.975043      0.091251         2.546070e-11      
   14.975043      0.119882         4.152834e-11      
   14.975043      0.152235         6.165924e-11      
   14.975043      0.188220         8.398844e-11      
   14.975043      0.227742         1.052554e-10      
   14.975043      0.270694         1.212867e-10      
   14.975043      0.316959         1.280997e-10      
   14.975043      0.366414         1.233585e-10      
   14.975043      0.418925         1.075486e-10      
   14.975043      0.474351         8.414475e-11      
   14.975043      0.532541         5.845395e-11      
   14.975043      0.593339         3.559863e-11      
   14.975043      0.656582         1.871702e-11      
   14.975043      0.722098         8.340813e-12      
   14.975043      0.789711         3.084188e-12      
   14.975043      0.859239         9.318839e-13      
   14.975043      0.930495         2.417764e-13      
   14.975043      1.003286         7.576435e-14      
   14.975043      1.077416         4.513740e-14      
   14.975043      1.152685         3.680280e-14      
   14.975043      1.228890         3.048450e-14      
   14.975043      1.305826         2.505335e-14      
   14.975043      1.383286         2.070935e-14      
   14.975043      1.461060         1.726654e-14      
   14.975043      1.538940         1.449698e-14      
   14.975043      1.616714         1.223790e-14      
   14.975043      1.694174         1.037621e-14      
   14.975043      1.771110         8.829669e-15      
   14.975043      1.847315         7.536631e-15      
   14.975043      1.922584         6.450030e-15      
   14.975043      1.996714         5.533306e-15      
   14.975043      2.069505         4.757604e-15      
   14.975043      2.140761         4.099809e-15      
   14.975043      2.210289         3.541156e-15      
   14.975043      2.277902         3.066231e-15      
   14.975043      2.343418         2.662253e-15      
   14.975043      2.406661         2.318542e-15      
   14.975043      2.467459         2.026114e-15      
   14.975043      2.525649         1.777382e-15      
   14.975043      2.581075         1.565921e-15      
   14.975043      2.633586         1.386277e-15      
   14.975043      2.683041         1.233822e-15      
   14.975043      2.729306         1.104627e-15      
   14.975043      2.772258         9.953668e-16      
   14.975043      2.811780         9.032277e-16      
   14.975043      2.847765         8.258420e-16      
   14.975043      2.880118         7.612250e-16      
   14.975043      2.908749         7.077239e-16      
   14.975043      2.933583         6.639753e-16      
   14.975043      2.954553         6.288685e-16      
   14.975043      2.971601         6.015158e-16      
   14.975043      2.984682         5.812282e-16      
   14.975043      2.993761         5.674960e-16      
   14.975043      2.998815         5.599728e-16      
   14.975043      3.004739         5.512644e-16      
   14.975043      3.024957         5.224155e-16      
   14.975043      3.061273         4.738466e-16      
   14.975043      3.113597         4.107136e-16      
   14.975043      3.181789         3.393815e-16      
   14.975043      3.265666         2.664655e-16      
   14.975043      3.365002         1.979075e-16      
   14.975043      3.479529         1.382373e-16      
   14.975043      3.608938         9.013329e-17      
   14.975043      3.752880         5.434020e-17      
   14.975043      3.910968         2.993174e-17      
   14.975043      4.082775         1.483745e-17      
   14.975043      4.267838         6.493284e-18      
   14.975043      4.465657         2.446408e-18      
   14.975043      4.675701         7.657530e-19      
   14.975043      4.897402         1.873996e-19      
   14.975043      5.130163         3.072465e-20      
   14.975043      5.373356         8.727766e-22      
   14.975043      5.626327         -1.422748e-21     
   14.975043      5.888392         -5.527184e-22     
   14.975043      6.158845         -1.168998e-22     
   14.975043      6.436958         -1.334848e-23     
   14.975043      6.721980         1.410956e-25      
   14.975043      7.013143         3.423213e-25      
   14.975043      7.309662         5.828547e-26      
   14.975043      7.610739         3.803836e-27      
   14.975043      7.915560         1.362502e-27      
   14.975043      8.223305         1.565861e-26      
   14.975043      8.533144         1.626027e-25      
   14.975043      8.844241         1.774639e-24      
   14.975043      9.155759         2.028940e-23      
   14.975043      9.466856         2.410490e-22      
   14.975043      9.776695         2.949878e-21      
   14.975043      10.084440        3.683635e-20      
   14.975043      10.389261        4.647181e-19      
   14.975043      10.690338        5.861397e-18      
   14.975043      10.986857        7.311378e-17      
   14.975043      11.278020        8.919568e-16      
   14.975043      11.563042        1.052239e-14      
   14.975043      11.841155        1.186748e-13      
   14.975043      12.111608        1.265173e-12      
   14.975043      12.373673        1.260718e-11      
   14.975043      12.626644        1.161162e-10      
   14.975043      12.869837        9.776557e-10      
   14.975043      13.102598        7.443318e-09      
   14.975043      13.324299        5.061096e-08      
   14.975043      13.534343        3.038465e-07      
   14.975043      13.732162        1.570782e-06      
   14.975043      13.917225        5.880832e-06      
   14.975043      14.089032        1.572125e-06      
   14.975043      14.247120        -1.607550e-04     
   14.975043      14.391062        -1.064818e-03     
   14.975043      14.520471        -3.176943e-03     
   14.975043      14.634998        -1.313535e-03     
   14.975043      14.734334        4.126516e-02      
   14.975043      14.818211        2.742405e-01      
   14.975043      14.886403        1.053236e+00      
   14.975043      14.938727        2.763715e+00      
   14.975043      14.975043        5.233904e+00      
   14.975043      14.995261        7.387240e+00      
   14.995261      0.001185         6.685046e-15      
   14.995261      0.006239         1.853151e-13      
   14.995261      0.015318         1.114993e-12      
   14.995261      0.028399         3.812026e-12      
   14.995261      0.045447         9.648538e-12      
   14.995261      0.066417         2.016011e-11      
   14.995261      0.091251         3.668824e-11      
   14.995261      0.119882         5.984142e-11      
   14.995261      0.152235         8.884985e-11      
   14.995261      0.188220         1.210263e-10      
   14.995261      0.227742         1.516725e-10      
   14.995261      0.270694         1.747747e-10      
   14.995261      0.316959         1.845939e-10      
   14.995261      0.366414         1.777637e-10      
   14.995261      0.418925         1.549832e-10      
   14.995261      0.474351         1.212589e-10      
   14.995261      0.532541         8.423817e-11      
   14.995261      0.593339         5.130247e-11      
   14.995261      0.656582         2.697449e-11      
   14.995261      0.722098         1.202093e-11      
   14.995261      0.789711         4.445139e-12      
   14.995261      0.859239         1.343139e-12      
   14.995261      0.930495         3.484815e-13      
   14.995261      1.003286         1.091976e-13      
   14.995261      1.077416         6.505356e-14      
   14.995261      1.152685         5.304243e-14      
   14.995261      1.228890         4.393709e-14      
   14.995261      1.305826         3.610987e-14      
   14.995261      1.383286         2.984932e-14      
   14.995261      1.461060         2.488750e-14      
   14.995261      1.538940         2.089595e-14      
   14.995261      1.616714         1.764006e-14      
   14.995261      1.694174         1.495689e-14      
   14.995261      1.771110         1.272788e-14      
   14.995261      1.847315         1.086422e-14      
   14.995261      1.922584         9.298059e-15      
   14.995261      1.996714         7.976727e-15      
   14.995261      2.069505         6.858636e-15      
   14.995261      2.140761         5.910477e-15      
   14.995261      2.210289         5.105204e-15      
   14.995261      2.277902         4.420608e-15      
   14.995261      2.343418         3.838270e-15      
   14.995261      2.406661         3.342795e-15      
   14.995261      2.467459         2.921238e-15      
   14.995261      2.525649         2.562666e-15      
   14.995261      2.581075         2.257817e-15      
   14.995261      2.633586         1.998832e-15      
   14.995261      2.683041         1.779039e-15      
   14.995261      2.729306         1.592779e-15      
   14.995261      2.772258         1.435254e-15      
   14.995261      2.811780         1.302412e-15      
   14.995261      2.847765         1.190839e-15      
   14.995261      2.880118         1.097675e-15      
   14.995261      2.908749         1.020537e-15      
   14.995261      2.933583         9.574590e-16      
   14.995261      2.954553         9.068408e-16      
   14.995261      2.971601         8.674024e-16      
   14.995261      2.984682         8.381506e-16      
   14.995261      2.993761         8.183508e-16      
   14.995261      2.998815         8.075033e-16      
   14.995261      3.004739         7.949470e-16      
   14.995261      3.024957         7.533506e-16      
   14.995261      3.061273         6.833197e-16      
   14.995261      3.113597         5.922877e-16      
   14.995261      3.181789         4.894309e-16      
   14.995261      3.265666         3.842872e-16      
   14.995261      3.365002         2.854245e-16      
   14.995261      3.479529         1.993749e-16      
   14.995261      3.608938         1.300018e-16      
   14.995261      3.752880         7.838018e-17      
   14.995261      3.910968         4.317582e-17      
   14.995261      4.082775         2.140398e-17      
   14.995261      4.267838         9.367635e-18      
   14.995261      4.465657         3.529633e-18      
   14.995261      4.675701         1.104921e-18      
   14.995261      4.897402         2.704349e-19      
   14.995261      5.130163         4.434543e-20      
   14.995261      5.373356         1.260410e-21      
   14.995261      5.626327         -2.053947e-21     
   14.995261      5.888392         -7.981191e-22     
   14.995261      6.158845         -1.688411e-22     
   14.995261      6.436958         -1.928457e-23     
   14.995261      6.721980         2.036632e-25      
   14.995261      7.013143         4.947552e-25      
   14.995261      7.309662         8.428006e-26      
   14.995261      7.610739         5.593230e-27      
   14.995261      7.915560         2.813610e-27      
   14.995261      8.223305         3.099736e-26      
   14.995261      8.533144         3.231380e-25      
   14.995261      8.844241         3.545794e-24      
   14.995261      9.155759         4.077680e-23      
   14.995261      9.466856         4.875273e-22      
   14.995261      9.776695         6.007221e-21      
   14.995261      10.084440        7.557300e-20      
   14.995261      10.389261        9.610962e-19      
   14.995261      10.690338        1.222809e-17      
   14.995261      10.986857        1.539797e-16      
   14.995261      11.278020        1.897946e-15      
   14.995261      11.563042        2.264409e-14      
   14.995261      11.841155        2.585831e-13      
   14.995261      12.111608        2.795083e-12      
   14.995261      12.373673        2.828965e-11      
   14.995261      12.626644        2.652881e-10      
   14.995261      12.869837        2.281886e-09      
   14.995261      13.102598        1.783591e-08      
   14.995261      13.324299        1.255242e-07      
   14.995261      13.534343        7.898728e-07      
   14.995261      13.732162        4.415212e-06      
   14.995261      13.917225        2.090884e-05      
   14.995261      14.089032        7.025719e-05      
   14.995261      14.247120        7.271749e-05      
   14.995261      14.391062        -6.747123e-04     
   14.995261      14.520471        -3.759060e-03     
   14.995261      14.634998        -5.260890e-03     
   14.995261      14.734334        4.266012e-02      
   14.995261      14.818211        3.528722e-01      
   14.995261      14.886403        1.439541e+00      
   14.995261      14.938727        3.863998e+00      
   14.995261      14.975043        7.387240e+00      
   14.995261      14.995261        1.046657e+01      
