Wood-Saxon orbitals: densities
        r              rho_p            rho_n
 0.20000000E-01   0.12704229E+00   0.12704229E+00
 0.40000000E-01   0.12695926E+00   0.12695926E+00
 0.60000000E-01   0.12682069E+00   0.12682069E+00
 0.80000000E-01   0.12662712E+00   0.12662712E+00
 0.10000000E+00   0.12637897E+00   0.12637897E+00
 0.12000000E+00   0.12607674E+00   0.12607674E+00
 0.14000000E+00   0.12572095E+00   0.12572095E+00
 0.16000000E+00   0.12531220E+00   0.12531220E+00
 0.18000000E+00   0.12485113E+00   0.12485113E+00
 0.20000000E+00   0.12433844E+00   0.12433844E+00
 0.22000000E+00   0.12377490E+00   0.12377490E+00
 0.24000000E+00   0.12316132E+00   0.12316132E+00
 0.26000000E+00   0.12249857E+00   0.12249857E+00
 0.28000000E+00   0.12178757E+00   0.12178757E+00
 0.30000000E+00   0.12102930E+00   0.12102930E+00
 0.32000000E+00   0.12022476E+00   0.12022476E+00
 0.34000000E+00   0.11937503E+00   0.11937503E+00
 0.36000000E+00   0.11848122E+00   0.11848122E+00
 0.38000000E+00   0.11754448E+00   0.11754448E+00
 0.40000000E+00   0.11656600E+00   0.11656600E+00
 0.42000000E+00   0.11554702E+00   0.11554702E+00
 0.44000000E+00   0.11448879E+00   0.11448879E+00
 0.46000000E+00   0.11339264E+00   0.11339264E+00
 0.48000000E+00   0.11225988E+00   0.11225988E+00
 0.50000000E+00   0.11109188E+00   0.11109188E+00
 0.52000000E+00   0.10989004E+00   0.10989004E+00
 0.54000000E+00   0.10865577E+00   0.10865577E+00
 0.56000000E+00   0.10739049E+00   0.10739049E+00
 0.58000000E+00   0.10609568E+00   0.10609568E+00
 0.60000000E+00   0.10477281E+00   0.10477281E+00
 0.62000000E+00   0.10342336E+00   0.10342336E+00
 0.64000000E+00   0.10204883E+00   0.10204883E+00
 0.66000000E+00   0.10065075E+00   0.10065075E+00
 0.68000000E+00   0.99230616E-01   0.99230616E-01
 0.70000000E+00   0.97789965E-01   0.97789965E-01
 0.72000000E+00   0.96330319E-01   0.96330319E-01
 0.74000000E+00   0.94853205E-01   0.94853205E-01
 0.76000000E+00   0.93360146E-01   0.93360146E-01
 0.78000000E+00   0.91852663E-01   0.91852663E-01
 0.80000000E+00   0.90332265E-01   0.90332265E-01
 0.82000000E+00   0.88800457E-01   0.88800457E-01
 0.84000000E+00   0.87258728E-01   0.87258728E-01
 0.86000000E+00   0.85708557E-01   0.85708557E-01
 0.88000000E+00   0.84151403E-01   0.84151403E-01
 0.90000000E+00   0.82588711E-01   0.82588711E-01
 0.92000000E+00   0.81021902E-01   0.81021902E-01
 0.94000000E+00   0.79452377E-01   0.79452377E-01
 0.96000000E+00   0.77881514E-01   0.77881514E-01
 0.98000000E+00   0.76310663E-01   0.76310663E-01
 0.10000000E+01   0.74741146E-01   0.74741146E-01
 0.10200000E+01   0.73174260E-01   0.73174260E-01
 0.10400000E+01   0.71611266E-01   0.71611266E-01
 0.10600000E+01   0.70053396E-01   0.70053396E-01
 0.10800000E+01   0.68501848E-01   0.68501848E-01
 0.11000000E+01   0.66957784E-01   0.66957784E-01
 0.11200000E+01   0.65422331E-01   0.65422331E-01
 0.11400000E+01   0.63896577E-01   0.63896577E-01
 0.11600000E+01   0.62381574E-01   0.62381574E-01
 0.11800000E+01   0.60878333E-01   0.60878333E-01
 0.12000000E+01   0.59387826E-01   0.59387826E-01
 0.12200000E+01   0.57910984E-01   0.57910984E-01
 0.12400000E+01   0.56448697E-01   0.56448697E-01
 0.12600000E+01   0.55001812E-01   0.55001812E-01
 0.12800000E+01   0.53571136E-01   0.53571136E-01
 0.13000000E+01   0.52157431E-01   0.52157431E-01
 0.13200000E+01   0.50761417E-01   0.50761417E-01
 0.13400000E+01   0.49383772E-01   0.49383772E-01
 0.13600000E+01   0.48025130E-01   0.48025130E-01
 0.13800000E+01   0.46686084E-01   0.46686084E-01
 0.14000000E+01   0.45367181E-01   0.45367181E-01
 0.14200000E+01   0.44068928E-01   0.44068928E-01
 0.14400000E+01   0.42791790E-01   0.42791790E-01
 0.14600000E+01   0.41536190E-01   0.41536190E-01
 0.14800000E+01   0.40302508E-01   0.40302508E-01
 0.15000000E+01   0.39091086E-01   0.39091086E-01
 0.15200000E+01   0.37902225E-01   0.37902225E-01
 0.15400000E+01   0.36736187E-01   0.36736187E-01
 0.15600000E+01   0.35593194E-01   0.35593194E-01
 0.15800000E+01   0.34473434E-01   0.34473434E-01
 0.16000000E+01   0.33377054E-01   0.33377054E-01
 0.16200000E+01   0.32304169E-01   0.32304169E-01
 0.16400000E+01   0.31254857E-01   0.31254857E-01
 0.16600000E+01   0.30229164E-01   0.30229164E-01
 0.16800000E+01   0.29227101E-01   0.29227101E-01
 0.17000000E+01   0.28248652E-01   0.28248652E-01
 0.17200000E+01   0.27293766E-01   0.27293766E-01
 0.17400000E+01   0.26362366E-01   0.26362366E-01
 0.17600000E+01   0.25454346E-01   0.25454346E-01
 0.17800000E+01   0.24569575E-01   0.24569575E-01
 0.18000000E+01   0.23707894E-01   0.23707894E-01
 0.18200000E+01   0.22869124E-01   0.22869124E-01
 0.18400000E+01   0.22053061E-01   0.22053061E-01
 0.18600000E+01   0.21259478E-01   0.21259478E-01
 0.18800000E+01   0.20488130E-01   0.20488130E-01
 0.19000000E+01   0.19738755E-01   0.19738755E-01
 0.19200000E+01   0.19011069E-01   0.19011069E-01
 0.19400000E+01   0.18304775E-01   0.18304775E-01
 0.19600000E+01   0.17619560E-01   0.17619560E-01
 0.19800000E+01   0.16955097E-01   0.16955097E-01
 0.20000000E+01   0.16311047E-01   0.16311047E-01
 0.20200000E+01   0.15687059E-01   0.15687059E-01
 0.20400000E+01   0.15082773E-01   0.15082773E-01
 0.20600000E+01   0.14497817E-01   0.14497817E-01
 0.20800000E+01   0.13931813E-01   0.13931813E-01
 0.21000000E+01   0.13384377E-01   0.13384377E-01
 0.21200000E+01   0.12855118E-01   0.12855118E-01
 0.21400000E+01   0.12343639E-01   0.12343639E-01
 0.21600000E+01   0.11849541E-01   0.11849541E-01
 0.21800000E+01   0.11372420E-01   0.11372420E-01
 0.22000000E+01   0.10911871E-01   0.10911871E-01
 0.22200000E+01   0.10467487E-01   0.10467487E-01
 0.22400000E+01   0.10038863E-01   0.10038863E-01
 0.22600000E+01   0.96255898E-02   0.96255898E-02
 0.22800000E+01   0.92272627E-02   0.92272627E-02
 0.23000000E+01   0.88434772E-02   0.88434772E-02
 0.23200000E+01   0.84738312E-02   0.84738312E-02
 0.23400000E+01   0.81179257E-02   0.81179257E-02
 0.23600000E+01   0.77753650E-02   0.77753650E-02
 0.23800000E+01   0.74457573E-02   0.74457573E-02
 0.24000000E+01   0.71287153E-02   0.71287153E-02
 0.24200000E+01   0.68238565E-02   0.68238565E-02
 0.24400000E+01   0.65308039E-02   0.65308039E-02
 0.24600000E+01   0.62491857E-02   0.62491857E-02
 0.24800000E+01   0.59786366E-02   0.59786366E-02
 0.25000000E+01   0.57187971E-02   0.57187971E-02
 0.25200000E+01   0.54693147E-02   0.54693147E-02
 0.25400000E+01   0.52298432E-02   0.52298432E-02
 0.25600000E+01   0.50000439E-02   0.50000439E-02
 0.25800000E+01   0.47795848E-02   0.47795848E-02
 0.26000000E+01   0.45681415E-02   0.45681415E-02
 0.26200000E+01   0.43653971E-02   0.43653971E-02
 0.26400000E+01   0.41710418E-02   0.41710418E-02
 0.26600000E+01   0.39847740E-02   0.39847740E-02
 0.26800000E+01   0.38062993E-02   0.38062993E-02
 0.27000000E+01   0.36353313E-02   0.36353313E-02
 0.27200000E+01   0.34715911E-02   0.34715911E-02
 0.27400000E+01   0.33148075E-02   0.33148075E-02
 0.27600000E+01   0.31647173E-02   0.31647173E-02
 0.27800000E+01   0.30210645E-02   0.30210645E-02
 0.28000000E+01   0.28836009E-02   0.28836009E-02
 0.28200000E+01   0.27520860E-02   0.27520860E-02
 0.28400000E+01   0.26262863E-02   0.26262863E-02
 0.28600000E+01   0.25059760E-02   0.25059760E-02
 0.28800000E+01   0.23909365E-02   0.23909365E-02
 0.29000000E+01   0.22809561E-02   0.22809561E-02
 0.29200000E+01   0.21758306E-02   0.21758306E-02
 0.29400000E+01   0.20753621E-02   0.20753621E-02
 0.29600000E+01   0.19793600E-02   0.19793600E-02
 0.29800000E+01   0.18876399E-02   0.18876399E-02
 0.30000000E+01   0.18000242E-02   0.18000242E-02
 0.30200000E+01   0.17163416E-02   0.17163416E-02
 0.30400000E+01   0.16364267E-02   0.16364267E-02
 0.30600000E+01   0.15601205E-02   0.15601205E-02
 0.30800000E+01   0.14872698E-02   0.14872698E-02
 0.31000000E+01   0.14177270E-02   0.14177270E-02
 0.31200000E+01   0.13513502E-02   0.13513502E-02
 0.31400000E+01   0.12880028E-02   0.12880028E-02
 0.31600000E+01   0.12275537E-02   0.12275537E-02
 0.31800000E+01   0.11698767E-02   0.11698767E-02
 0.32000000E+01   0.11148506E-02   0.11148506E-02
 0.32200000E+01   0.10623591E-02   0.10623591E-02
 0.32400000E+01   0.10122904E-02   0.10122904E-02
 0.32600000E+01   0.96453742E-03   0.96453742E-03
 0.32800000E+01   0.91899717E-03   0.91899717E-03
 0.33000000E+01   0.87557105E-03   0.87557105E-03
 0.33200000E+01   0.83416448E-03   0.83416448E-03
 0.33400000E+01   0.79468680E-03   0.79468680E-03
 0.33600000E+01   0.75705114E-03   0.75705114E-03
 0.33800000E+01   0.72117427E-03   0.72117427E-03
 0.34000000E+01   0.68697650E-03   0.68697650E-03
 0.34200000E+01   0.65438151E-03   0.65438151E-03
 0.34400000E+01   0.62331626E-03   0.62331626E-03
 0.34600000E+01   0.59371084E-03   0.59371084E-03
 0.34800000E+01   0.56549838E-03   0.56549838E-03
 0.35000000E+01   0.53861488E-03   0.53861488E-03
 0.35200000E+01   0.51299917E-03   0.51299917E-03
 0.35400000E+01   0.48859275E-03   0.48859275E-03
 0.35600000E+01   0.46533968E-03   0.46533968E-03
 0.35800000E+01   0.44318653E-03   0.44318653E-03
 0.36000000E+01   0.42208221E-03   0.42208221E-03
 0.36200000E+01   0.40197793E-03   0.40197793E-03
 0.36400000E+01   0.38282706E-03   0.38282706E-03
 0.36600000E+01   0.36458510E-03   0.36458510E-03
 0.36800000E+01   0.34720953E-03   0.34720953E-03
 0.37000000E+01   0.33065976E-03   0.33065976E-03
 0.37200000E+01   0.31489703E-03   0.31489703E-03
 0.37400000E+01   0.29988438E-03   0.29988438E-03
 0.37600000E+01   0.28558649E-03   0.28558649E-03
 0.37800000E+01   0.27196969E-03   0.27196969E-03
 0.38000000E+01   0.25900184E-03   0.25900184E-03
 0.38200000E+01   0.24665230E-03   0.24665230E-03
 0.38400000E+01   0.23489182E-03   0.23489182E-03
 0.38600000E+01   0.22369251E-03   0.22369251E-03
 0.38800000E+01   0.21302777E-03   0.21302777E-03
 0.39000000E+01   0.20287225E-03   0.20287225E-03
 0.39200000E+01   0.19320177E-03   0.19320177E-03
 0.39400000E+01   0.18399327E-03   0.18399327E-03
 0.39600000E+01   0.17522478E-03   0.17522478E-03
 0.39800000E+01   0.16687536E-03   0.16687536E-03
 0.40000000E+01   0.15892504E-03   0.15892504E-03
 0.40200000E+01   0.15135480E-03   0.15135480E-03
 0.40400000E+01   0.14414650E-03   0.14414650E-03
 0.40600000E+01   0.13728288E-03   0.13728288E-03
 0.40800000E+01   0.13074748E-03   0.13074748E-03
 0.41000000E+01   0.12452460E-03   0.12452460E-03
 0.41200000E+01   0.11859931E-03   0.11859931E-03
 0.41400000E+01   0.11295738E-03   0.11295738E-03
 0.41600000E+01   0.10758526E-03   0.10758526E-03
 0.41800000E+01   0.10247002E-03   0.10247002E-03
 0.42000000E+01   0.97599374E-04   0.97599374E-04
 0.42200000E+01   0.92961601E-04   0.92961601E-04
 0.42400000E+01   0.88545547E-04   0.88545547E-04
 0.42600000E+01   0.84340588E-04   0.84340588E-04
 0.42800000E+01   0.80336606E-04   0.80336606E-04
 0.43000000E+01   0.76523968E-04   0.76523968E-04
 0.43200000E+01   0.72893498E-04   0.72893498E-04
 0.43400000E+01   0.69436462E-04   0.69436462E-04
 0.43600000E+01   0.66144544E-04   0.66144544E-04
 0.43800000E+01   0.63009823E-04   0.63009823E-04
 0.44000000E+01   0.60024760E-04   0.60024760E-04
 0.44200000E+01   0.57182176E-04   0.57182176E-04
 0.44400000E+01   0.54475239E-04   0.54475239E-04
 0.44600000E+01   0.51897441E-04   0.51897441E-04
 0.44800000E+01   0.49442589E-04   0.49442589E-04
 0.45000000E+01   0.47104785E-04   0.47104785E-04
 0.45200000E+01   0.44878417E-04   0.44878417E-04
 0.45400000E+01   0.42758141E-04   0.42758141E-04
 0.45600000E+01   0.40738870E-04   0.40738870E-04
 0.45800000E+01   0.38815761E-04   0.38815761E-04
 0.46000000E+01   0.36984205E-04   0.36984205E-04
 0.46200000E+01   0.35239814E-04   0.35239814E-04
 0.46400000E+01   0.33578411E-04   0.33578411E-04
 0.46600000E+01   0.31996020E-04   0.31996020E-04
 0.46800000E+01   0.30488856E-04   0.30488856E-04
 0.47000000E+01   0.29053317E-04   0.29053317E-04
 0.47200000E+01   0.27685973E-04   0.27685973E-04
 0.47400000E+01   0.26383559E-04   0.26383559E-04
 0.47600000E+01   0.25142969E-04   0.25142969E-04
 0.47800000E+01   0.23961244E-04   0.23961244E-04
 0.48000000E+01   0.22835569E-04   0.22835569E-04
 0.48200000E+01   0.21763264E-04   0.21763264E-04
 0.48400000E+01   0.20741777E-04   0.20741777E-04
 0.48600000E+01   0.19768681E-04   0.19768681E-04
 0.48800000E+01   0.18841663E-04   0.18841663E-04
 0.49000000E+01   0.17958523E-04   0.17958523E-04
 0.49200000E+01   0.17117166E-04   0.17117166E-04
 0.49400000E+01   0.16315598E-04   0.16315598E-04
 0.49600000E+01   0.15551921E-04   0.15551921E-04
 0.49800000E+01   0.14824328E-04   0.14824328E-04
 0.50000000E+01   0.14131098E-04   0.14131098E-04
 0.50200000E+01   0.13470595E-04   0.13470595E-04
 0.50400000E+01   0.12841259E-04   0.12841259E-04
 0.50600000E+01   0.12241605E-04   0.12241605E-04
 0.50800000E+01   0.11670222E-04   0.11670222E-04
 0.51000000E+01   0.11125764E-04   0.11125764E-04
 0.51200000E+01   0.10606950E-04   0.10606950E-04
 0.51400000E+01   0.10112562E-04   0.10112562E-04
 0.51600000E+01   0.96414378E-05   0.96414378E-05
 0.51800000E+01   0.91924737E-05   0.91924737E-05
 0.52000000E+01   0.87646169E-05   0.87646169E-05
 0.52200000E+01   0.83568658E-05   0.83568658E-05
 0.52400000E+01   0.79682666E-05   0.79682666E-05
 0.52600000E+01   0.75979110E-05   0.75979110E-05
 0.52800000E+01   0.72449346E-05   0.72449346E-05
 0.53000000E+01   0.69085137E-05   0.69085137E-05
 0.53200000E+01   0.65878646E-05   0.65878646E-05
 0.53400000E+01   0.62822406E-05   0.62822406E-05
 0.53600000E+01   0.59909310E-05   0.59909310E-05
 0.53800000E+01   0.57132587E-05   0.57132587E-05
 0.54000000E+01   0.54485792E-05   0.54485792E-05
 0.54200000E+01   0.51962786E-05   0.51962786E-05
 0.54400000E+01   0.49557723E-05   0.49557723E-05
 0.54600000E+01   0.47265037E-05   0.47265037E-05
 0.54800000E+01   0.45079425E-05   0.45079425E-05
 0.55000000E+01   0.42995838E-05   0.42995838E-05
 0.55200000E+01   0.41009467E-05   0.41009467E-05
 0.55400000E+01   0.39115733E-05   0.39115733E-05
 0.55600000E+01   0.37310272E-05   0.37310272E-05
 0.55800000E+01   0.35588930E-05   0.35588930E-05
 0.56000000E+01   0.33947750E-05   0.33947750E-05
 0.56200000E+01   0.32382962E-05   0.32382962E-05
 0.56400000E+01   0.30890976E-05   0.30890976E-05
 0.56600000E+01   0.29468371E-05   0.29468371E-05
 0.56800000E+01   0.28111891E-05   0.28111891E-05
 0.57000000E+01   0.26818431E-05   0.26818431E-05
 0.57200000E+01   0.25585036E-05   0.25585036E-05
 0.57400000E+01   0.24408889E-05   0.24408889E-05
 0.57600000E+01   0.23287308E-05   0.23287308E-05
 0.57800000E+01   0.22217736E-05   0.22217736E-05
 0.58000000E+01   0.21197739E-05   0.21197739E-05
 0.58200000E+01   0.20224996E-05   0.20224996E-05
 0.58400000E+01   0.19297298E-05   0.19297298E-05
 0.58600000E+01   0.18412539E-05   0.18412539E-05
 0.58800000E+01   0.17568711E-05   0.17568711E-05
 0.59000000E+01   0.16763904E-05   0.16763904E-05
 0.59200000E+01   0.15996296E-05   0.15996296E-05
 0.59400000E+01   0.15264151E-05   0.15264151E-05
 0.59600000E+01   0.14565815E-05   0.14565815E-05
 0.59800000E+01   0.13899713E-05   0.13899713E-05
 0.60000000E+01   0.13264342E-05   0.13264342E-05
 0.60200000E+01   0.12658271E-05   0.12658271E-05
 0.60400000E+01   0.12080137E-05   0.12080137E-05
 0.60600000E+01   0.11528639E-05   0.11528639E-05
 0.60800000E+01   0.11002539E-05   0.11002539E-05
 0.61000000E+01   0.10500656E-05   0.10500656E-05
 0.61200000E+01   0.10021866E-05   0.10021866E-05
 0.61400000E+01   0.95650956E-06   0.95650956E-06
 0.61600000E+01   0.91293231E-06   0.91293231E-06
 0.61800000E+01   0.87135743E-06   0.87135743E-06
 0.62000000E+01   0.83169206E-06   0.83169206E-06
 0.62200000E+01   0.79384771E-06   0.79384771E-06
 0.62400000E+01   0.75774001E-06   0.75774001E-06
 0.62600000E+01   0.72328853E-06   0.72328853E-06
 0.62800000E+01   0.69041663E-06   0.69041663E-06
 0.63000000E+01   0.65905122E-06   0.65905122E-06
 0.63200000E+01   0.62912265E-06   0.62912265E-06
 0.63400000E+01   0.60056451E-06   0.60056451E-06
 0.63600000E+01   0.57331347E-06   0.57331347E-06
 0.63800000E+01   0.54730918E-06   0.54730918E-06
 0.64000000E+01   0.52249410E-06   0.52249410E-06
 0.64200000E+01   0.49881336E-06   0.49881336E-06
 0.64400000E+01   0.47621466E-06   0.47621466E-06
 0.64600000E+01   0.45464811E-06   0.45464811E-06
 0.64800000E+01   0.43406616E-06   0.43406616E-06
 0.65000000E+01   0.41442347E-06   0.41442347E-06
 0.65200000E+01   0.39567680E-06   0.39567680E-06
 0.65400000E+01   0.37778493E-06   0.37778493E-06
 0.65600000E+01   0.36070855E-06   0.36070855E-06
 0.65800000E+01   0.34441017E-06   0.34441017E-06
 0.66000000E+01   0.32885403E-06   0.32885403E-06
 0.66200000E+01   0.31400605E-06   0.31400605E-06
 0.66400000E+01   0.29983372E-06   0.29983372E-06
 0.66600000E+01   0.28630603E-06   0.28630603E-06
 0.66800000E+01   0.27339341E-06   0.27339341E-06
 0.67000000E+01   0.26106767E-06   0.26106767E-06
 0.67200000E+01   0.24930190E-06   0.24930190E-06
 0.67400000E+01   0.23807046E-06   0.23807046E-06
 0.67600000E+01   0.22734887E-06   0.22734887E-06
 0.67800000E+01   0.21711381E-06   0.21711381E-06
 0.68000000E+01   0.20734301E-06   0.20734301E-06
 0.68200000E+01   0.19801524E-06   0.19801524E-06
 0.68400000E+01   0.18911025E-06   0.18911025E-06
 0.68600000E+01   0.18060872E-06   0.18060872E-06
 0.68800000E+01   0.17249222E-06   0.17249222E-06
 0.69000000E+01   0.16474318E-06   0.16474318E-06
 0.69200000E+01   0.15734483E-06   0.15734483E-06
 0.69400000E+01   0.15028116E-06   0.15028116E-06
 0.69600000E+01   0.14353693E-06   0.14353693E-06
 0.69800000E+01   0.13709756E-06   0.13709756E-06
 0.70000000E+01   0.13094917E-06   0.13094917E-06
 0.70200000E+01   0.12507850E-06   0.12507850E-06
 0.70400000E+01   0.11947292E-06   0.11947292E-06
 0.70600000E+01   0.11412036E-06   0.11412036E-06
 0.70800000E+01   0.10900931E-06   0.10900931E-06
 0.71000000E+01   0.10412879E-06   0.10412879E-06
 0.71200000E+01   0.99468324E-07   0.99468324E-07
 0.71400000E+01   0.95017911E-07   0.95017911E-07
 0.71600000E+01   0.90768013E-07   0.90768013E-07
 0.71800000E+01   0.86709526E-07   0.86709526E-07
 0.72000000E+01   0.82833765E-07   0.82833765E-07
 0.72200000E+01   0.79132442E-07   0.79132442E-07
 0.72400000E+01   0.75597645E-07   0.75597645E-07
 0.72600000E+01   0.72221827E-07   0.72221827E-07
 0.72800000E+01   0.68997785E-07   0.68997785E-07
 0.73000000E+01   0.65918644E-07   0.65918644E-07
 0.73200000E+01   0.62977844E-07   0.62977844E-07
 0.73400000E+01   0.60169124E-07   0.60169124E-07
 0.73600000E+01   0.57486509E-07   0.57486509E-07
 0.73800000E+01   0.54924295E-07   0.54924295E-07
 0.74000000E+01   0.52477039E-07   0.52477039E-07
 0.74200000E+01   0.50139547E-07   0.50139547E-07
 0.74400000E+01   0.47906860E-07   0.47906860E-07
 0.74600000E+01   0.45774246E-07   0.45774246E-07
 0.74800000E+01   0.43737186E-07   0.43737186E-07
 0.75000000E+01   0.41791370E-07   0.41791370E-07
 0.75200000E+01   0.39932681E-07   0.39932681E-07
 0.75400000E+01   0.38157191E-07   0.38157191E-07
 0.75600000E+01   0.36461149E-07   0.36461149E-07
 0.75800000E+01   0.34840976E-07   0.34840976E-07
 0.76000000E+01   0.33293255E-07   0.33293255E-07
 0.76200000E+01   0.31814723E-07   0.31814723E-07
 0.76400000E+01   0.30402265E-07   0.30402265E-07
 0.76600000E+01   0.29052909E-07   0.29052909E-07
 0.76800000E+01   0.27763816E-07   0.27763816E-07
 0.77000000E+01   0.26532278E-07   0.26532278E-07
 0.77200000E+01   0.25355706E-07   0.25355706E-07
 0.77400000E+01   0.24231631E-07   0.24231631E-07
 0.77600000E+01   0.23157695E-07   0.23157695E-07
 0.77800000E+01   0.22131647E-07   0.22131647E-07
 0.78000000E+01   0.21151336E-07   0.21151336E-07
 0.78200000E+01   0.20214712E-07   0.20214712E-07
 0.78400000E+01   0.19319814E-07   0.19319814E-07
 0.78600000E+01   0.18464770E-07   0.18464770E-07
 0.78800000E+01   0.17647796E-07   0.17647796E-07
 0.79000000E+01   0.16867184E-07   0.16867184E-07
 0.79200000E+01   0.16121305E-07   0.16121305E-07
 0.79400000E+01   0.15408605E-07   0.15408605E-07
 0.79600000E+01   0.14727598E-07   0.14727598E-07
 0.79800000E+01   0.14076865E-07   0.14076865E-07
 0.80000000E+01   0.13455053E-07   0.13455053E-07
 0.80200000E+01   0.12860867E-07   0.12860867E-07
 0.80400000E+01   0.12293073E-07   0.12293073E-07
 0.80600000E+01   0.11750491E-07   0.11750491E-07
 0.80800000E+01   0.11231994E-07   0.11231994E-07
 0.81000000E+01   0.10736507E-07   0.10736507E-07
 0.81200000E+01   0.10263003E-07   0.10263003E-07
 0.81400000E+01   0.98104990E-08   0.98104990E-08
 0.81600000E+01   0.93780590E-08   0.93780590E-08
 0.81800000E+01   0.89647878E-08   0.89647878E-08
 0.82000000E+01   0.85698305E-08   0.85698305E-08
 0.82200000E+01   0.81923706E-08   0.81923706E-08
 0.82400000E+01   0.78316282E-08   0.78316282E-08
 0.82600000E+01   0.74868585E-08   0.74868585E-08
 0.82800000E+01   0.71573500E-08   0.71573500E-08
 0.83000000E+01   0.68424231E-08   0.68424231E-08
 0.83200000E+01   0.65414288E-08   0.65414288E-08
 0.83400000E+01   0.62537470E-08   0.62537470E-08
 0.83600000E+01   0.59787855E-08   0.59787855E-08
 0.83800000E+01   0.57159784E-08   0.57159784E-08
 0.84000000E+01   0.54647855E-08   0.54647855E-08
 0.84200000E+01   0.52246904E-08   0.52246904E-08
 0.84400000E+01   0.49952000E-08   0.49952000E-08
 0.84600000E+01   0.47758432E-08   0.47758432E-08
 0.84800000E+01   0.45661700E-08   0.45661700E-08
 0.85000000E+01   0.43657505E-08   0.43657505E-08
 0.85200000E+01   0.41741738E-08   0.41741738E-08
 0.85400000E+01   0.39910477E-08   0.39910477E-08
 0.85600000E+01   0.38159973E-08   0.38159973E-08
 0.85800000E+01   0.36486644E-08   0.36486644E-08
 0.86000000E+01   0.34887069E-08   0.34887069E-08
 0.86200000E+01   0.33357980E-08   0.33357980E-08
 0.86400000E+01   0.31896252E-08   0.31896252E-08
 0.86600000E+01   0.30498902E-08   0.30498902E-08
 0.86800000E+01   0.29163079E-08   0.29163079E-08
 0.87000000E+01   0.27886059E-08   0.27886059E-08
 0.87200000E+01   0.26665240E-08   0.26665240E-08
 0.87400000E+01   0.25498134E-08   0.25498134E-08
 0.87600000E+01   0.24382366E-08   0.24382366E-08
 0.87800000E+01   0.23315664E-08   0.23315664E-08
 0.88000000E+01   0.22295861E-08   0.22295861E-08
 0.88200000E+01   0.21320882E-08   0.21320882E-08
 0.88400000E+01   0.20388748E-08   0.20388748E-08
 0.88600000E+01   0.19497565E-08   0.19497565E-08
 0.88800000E+01   0.18645525E-08   0.18645525E-08
 0.89000000E+01   0.17830899E-08   0.17830899E-08
 0.89200000E+01   0.17052036E-08   0.17052036E-08
 0.89400000E+01   0.16307358E-08   0.16307358E-08
 0.89600000E+01   0.15595357E-08   0.15595357E-08
 0.89800000E+01   0.14914591E-08   0.14914591E-08
 0.90000000E+01   0.14263683E-08   0.14263683E-08
 0.90200000E+01   0.13641316E-08   0.13641316E-08
 0.90400000E+01   0.13046233E-08   0.13046233E-08
 0.90600000E+01   0.12477232E-08   0.12477232E-08
 0.90800000E+01   0.11933163E-08   0.11933163E-08
 0.91000000E+01   0.11412929E-08   0.11412929E-08
 0.91200000E+01   0.10915481E-08   0.10915481E-08
 0.91400000E+01   0.10439814E-08   0.10439814E-08
 0.91600000E+01   0.99849713E-09   0.99849713E-09
 0.91800000E+01   0.95500360E-09   0.95500360E-09
 0.92000000E+01   0.91341327E-09   0.91341327E-09
 0.92200000E+01   0.87364244E-09   0.87364244E-09
 0.92400000E+01   0.83561112E-09   0.83561112E-09
 0.92600000E+01   0.79924285E-09   0.79924285E-09
 0.92800000E+01   0.76446456E-09   0.76446456E-09
 0.93000000E+01   0.73120640E-09   0.73120640E-09
 0.93200000E+01   0.69940160E-09   0.69940160E-09
 0.93400000E+01   0.66898635E-09   0.66898635E-09
 0.93600000E+01   0.63989964E-09   0.63989964E-09
 0.93800000E+01   0.61208317E-09   0.61208317E-09
 0.94000000E+01   0.58548120E-09   0.58548120E-09
 0.94200000E+01   0.56004046E-09   0.56004046E-09
 0.94400000E+01   0.53571001E-09   0.53571001E-09
 0.94600000E+01   0.51244116E-09   0.51244116E-09
 0.94800000E+01   0.49018739E-09   0.49018739E-09
 0.95000000E+01   0.46890421E-09   0.46890421E-09
 0.95200000E+01   0.44854908E-09   0.44854908E-09
 0.95400000E+01   0.42908135E-09   0.42908135E-09
 0.95600000E+01   0.41046215E-09   0.41046215E-09
 0.95800000E+01   0.39265433E-09   0.39265433E-09
 0.96000000E+01   0.37562238E-09   0.37562238E-09
 0.96200000E+01   0.35933232E-09   0.35933232E-09
 0.96400000E+01   0.34375171E-09   0.34375171E-09
 0.96600000E+01   0.32884950E-09   0.32884950E-09
 0.96800000E+01   0.31459602E-09   0.31459602E-09
 0.97000000E+01   0.30096290E-09   0.30096290E-09
 0.97200000E+01   0.28792302E-09   0.28792302E-09
 0.97400000E+01   0.27545046E-09   0.27545046E-09
 0.97600000E+01   0.26352041E-09   0.26352041E-09
 0.97800000E+01   0.25210919E-09   0.25210919E-09
 0.98000000E+01   0.24119412E-09   0.24119412E-09
 0.98200000E+01   0.23075354E-09   0.23075354E-09
 0.98400000E+01   0.22076673E-09   0.22076673E-09
 0.98600000E+01   0.21121389E-09   0.21121389E-09
 0.98800000E+01   0.20207607E-09   0.20207607E-09
 0.99000000E+01   0.19333517E-09   0.19333517E-09
 0.99200000E+01   0.18497386E-09   0.18497386E-09
 0.99400000E+01   0.17697561E-09   0.17697561E-09
 0.99600000E+01   0.16932457E-09   0.16932457E-09
 0.99800000E+01   0.16200560E-09   0.16200560E-09
 0.10000000E+02   0.15500424E-09   0.15500424E-09
 0.10020000E+02   0.14830664E-09   0.14830664E-09
 0.10040000E+02   0.14189957E-09   0.14189957E-09
 0.10060000E+02   0.13577037E-09   0.13577037E-09
 0.10080000E+02   0.12990694E-09   0.12990694E-09
 0.10100000E+02   0.12429771E-09   0.12429771E-09
 0.10120000E+02   0.11893161E-09   0.11893161E-09
 0.10140000E+02   0.11379806E-09   0.11379806E-09
 0.10160000E+02   0.10888694E-09   0.10888694E-09
 0.10180000E+02   0.10418858E-09   0.10418858E-09
 0.10200000E+02   0.99693712E-10   0.99693712E-10
 0.10220000E+02   0.95393496E-10   0.95393496E-10
 0.10240000E+02   0.91279465E-10   0.91279465E-10
 0.10260000E+02   0.87343526E-10   0.87343526E-10
 0.10280000E+02   0.83577939E-10   0.83577939E-10
 0.10300000E+02   0.79975300E-10   0.79975300E-10
 0.10320000E+02   0.76528530E-10   0.76528530E-10
 0.10340000E+02   0.73230859E-10   0.73230859E-10
 0.10360000E+02   0.70075811E-10   0.70075811E-10
 0.10380000E+02   0.67057194E-10   0.67057194E-10
 0.10400000E+02   0.64169084E-10   0.64169084E-10
 0.10420000E+02   0.61405817E-10   0.61405817E-10
 0.10440000E+02   0.58761976E-10   0.58761976E-10
 0.10460000E+02   0.56232379E-10   0.56232379E-10
 0.10480000E+02   0.53812069E-10   0.53812069E-10
 0.10500000E+02   0.51496308E-10   0.51496308E-10
 0.10520000E+02   0.49280561E-10   0.49280561E-10
 0.10540000E+02   0.47160492E-10   0.47160492E-10
 0.10560000E+02   0.45131955E-10   0.45131955E-10
 0.10580000E+02   0.43190982E-10   0.43190982E-10
 0.10600000E+02   0.41333778E-10   0.41333778E-10
 0.10620000E+02   0.39556716E-10   0.39556716E-10
 0.10640000E+02   0.37856324E-10   0.37856324E-10
 0.10660000E+02   0.36229281E-10   0.36229281E-10
 0.10680000E+02   0.34672411E-10   0.34672411E-10
 0.10700000E+02   0.33182677E-10   0.33182677E-10
 0.10720000E+02   0.31757172E-10   0.31757172E-10
 0.10740000E+02   0.30393118E-10   0.30393118E-10
 0.10760000E+02   0.29087855E-10   0.29087855E-10
 0.10780000E+02   0.27838841E-10   0.27838841E-10
 0.10800000E+02   0.26643641E-10   0.26643641E-10
 0.10820000E+02   0.25499930E-10   0.25499930E-10
 0.10840000E+02   0.24405481E-10   0.24405481E-10
 0.10860000E+02   0.23358164E-10   0.23358164E-10
 0.10880000E+02   0.22355943E-10   0.22355943E-10
 0.10900000E+02   0.21396868E-10   0.21396868E-10
 0.10920000E+02   0.20479075E-10   0.20479075E-10
 0.10940000E+02   0.19600782E-10   0.19600782E-10
 0.10960000E+02   0.18760281E-10   0.18760281E-10
 0.10980000E+02   0.17955942E-10   0.17955942E-10
 0.11000000E+02   0.17186202E-10   0.17186202E-10
 0.11020000E+02   0.16449569E-10   0.16449569E-10
 0.11040000E+02   0.15744613E-10   0.15744613E-10
 0.11060000E+02   0.15069967E-10   0.15069967E-10
 0.11080000E+02   0.14424323E-10   0.14424323E-10
 0.11100000E+02   0.13806431E-10   0.13806431E-10
 0.11120000E+02   0.13215093E-10   0.13215093E-10
 0.11140000E+02   0.12649164E-10   0.12649164E-10
 0.11160000E+02   0.12107549E-10   0.12107549E-10
 0.11180000E+02   0.11589199E-10   0.11589199E-10
 0.11200000E+02   0.11093112E-10   0.11093112E-10
 0.11220000E+02   0.10618329E-10   0.10618329E-10
 0.11240000E+02   0.10163930E-10   0.10163930E-10
 0.11260000E+02   0.97290385E-11   0.97290385E-11
 0.11280000E+02   0.93128137E-11   0.93128137E-11
 0.11300000E+02   0.89144518E-11   0.89144518E-11
 0.11320000E+02   0.85331836E-11   0.85331836E-11
 0.11340000E+02   0.81682731E-11   0.81682731E-11
 0.11360000E+02   0.78190161E-11   0.78190161E-11
 0.11380000E+02   0.74847390E-11   0.74847390E-11
 0.11400000E+02   0.71647971E-11   0.71647971E-11
 0.11420000E+02   0.68585736E-11   0.68585736E-11
 0.11440000E+02   0.65654783E-11   0.65654783E-11
 0.11460000E+02   0.62849467E-11   0.62849467E-11
 0.11480000E+02   0.60164383E-11   0.60164383E-11
 0.11500000E+02   0.57594363E-11   0.57594363E-11
 0.11520000E+02   0.55134458E-11   0.55134458E-11
 0.11540000E+02   0.52779937E-11   0.52779937E-11
 0.11560000E+02   0.50526268E-11   0.50526268E-11
 0.11580000E+02   0.48369120E-11   0.48369120E-11
 0.11600000E+02   0.46304344E-11   0.46304344E-11
 0.11620000E+02   0.44327973E-11   0.44327973E-11
 0.11640000E+02   0.42436209E-11   0.42436209E-11
 0.11660000E+02   0.40625418E-11   0.40625418E-11
 0.11680000E+02   0.38892125E-11   0.38892125E-11
 0.11700000E+02   0.37233001E-11   0.37233001E-11
 0.11720000E+02   0.35644864E-11   0.35644864E-11
 0.11740000E+02   0.34124665E-11   0.34124665E-11
 0.11760000E+02   0.32669490E-11   0.32669490E-11
 0.11780000E+02   0.31276549E-11   0.31276549E-11
 0.11800000E+02   0.29943172E-11   0.29943172E-11
 0.11820000E+02   0.28666804E-11   0.28666804E-11
 0.11840000E+02   0.27445000E-11   0.27445000E-11
 0.11860000E+02   0.26275420E-11   0.26275420E-11
 0.11880000E+02   0.25155826E-11   0.25155826E-11
 0.11900000E+02   0.24084074E-11   0.24084074E-11
 0.11920000E+02   0.23058113E-11   0.23058113E-11
 0.11940000E+02   0.22075982E-11   0.22075982E-11
 0.11960000E+02   0.21135802E-11   0.21135802E-11
 0.11980000E+02   0.20235776E-11   0.20235776E-11
 0.12000000E+02   0.19374184E-11   0.19374184E-11
 0.12020000E+02   0.18549380E-11   0.18549380E-11
 0.12040000E+02   0.17759787E-11   0.17759787E-11
 0.12060000E+02   0.17003899E-11   0.17003899E-11
 0.12080000E+02   0.16280273E-11   0.16280273E-11
 0.12100000E+02   0.15587527E-11   0.15587527E-11
 0.12120000E+02   0.14924340E-11   0.14924340E-11
 0.12140000E+02   0.14289446E-11   0.14289446E-11
 0.12160000E+02   0.13681636E-11   0.13681636E-11
 0.12180000E+02   0.13099750E-11   0.13099750E-11
 0.12200000E+02   0.12542680E-11   0.12542680E-11
 0.12220000E+02   0.12009364E-11   0.12009364E-11
 0.12240000E+02   0.11498786E-11   0.11498786E-11
 0.12260000E+02   0.11009974E-11   0.11009974E-11
 0.12280000E+02   0.10541997E-11   0.10541997E-11
 0.12300000E+02   0.10093966E-11   0.10093966E-11
 0.12320000E+02   0.96650262E-12   0.96650262E-12
 0.12340000E+02   0.92543632E-12   0.92543632E-12
 0.12360000E+02   0.88611957E-12   0.88611957E-12
 0.12380000E+02   0.84847761E-12   0.84847761E-12
 0.12400000E+02   0.81243891E-12   0.81243891E-12
 0.12420000E+02   0.77793498E-12   0.77793498E-12
 0.12440000E+02   0.74490028E-12   0.74490028E-12
 0.12460000E+02   0.71327208E-12   0.71327208E-12
 0.12480000E+02   0.68299031E-12   0.68299031E-12
 0.12500000E+02   0.65399751E-12   0.65399751E-12
 0.12520000E+02   0.62623866E-12   0.62623866E-12
 0.12540000E+02   0.59966108E-12   0.59966108E-12
 0.12560000E+02   0.57421438E-12   0.57421438E-12
 0.12580000E+02   0.54985031E-12   0.54985031E-12
 0.12600000E+02   0.52652267E-12   0.52652267E-12
 0.12620000E+02   0.50418725E-12   0.50418725E-12
 0.12640000E+02   0.48280174E-12   0.48280174E-12
 0.12660000E+02   0.46232563E-12   0.46232563E-12
 0.12680000E+02   0.44272015E-12   0.44272015E-12
 0.12700000E+02   0.42394816E-12   0.42394816E-12
 0.12720000E+02   0.40597415E-12   0.40597415E-12
 0.12740000E+02   0.38876410E-12   0.38876410E-12
 0.12760000E+02   0.37228546E-12   0.37228546E-12
 0.12780000E+02   0.35650705E-12   0.35650705E-12
 0.12800000E+02   0.34139904E-12   0.34139904E-12
 0.12820000E+02   0.32693287E-12   0.32693287E-12
 0.12840000E+02   0.31308121E-12   0.31308121E-12
 0.12860000E+02   0.29981787E-12   0.29981787E-12
 0.12880000E+02   0.28711781E-12   0.28711781E-12
 0.12900000E+02   0.27495704E-12   0.27495704E-12
 0.12920000E+02   0.26331261E-12   0.26331261E-12
 0.12940000E+02   0.25216252E-12   0.25216252E-12
 0.12960000E+02   0.24148574E-12   0.24148574E-12
 0.12980000E+02   0.23126213E-12   0.23126213E-12
 0.13000000E+02   0.22147240E-12   0.22147240E-12
 0.13020000E+02   0.21209808E-12   0.21209808E-12
 0.13040000E+02   0.20312152E-12   0.20312152E-12
 0.13060000E+02   0.19452578E-12   0.19452578E-12
 0.13080000E+02   0.18629468E-12   0.18629468E-12
 0.13100000E+02   0.17841269E-12   0.17841269E-12
 0.13120000E+02   0.17086499E-12   0.17086499E-12
 0.13140000E+02   0.16363735E-12   0.16363735E-12
 0.13160000E+02   0.15671616E-12   0.15671616E-12
 0.13180000E+02   0.15008841E-12   0.15008841E-12
 0.13200000E+02   0.14374161E-12   0.14374161E-12
 0.13220000E+02   0.13766384E-12   0.13766384E-12
 0.13240000E+02   0.13184365E-12   0.13184365E-12
 0.13260000E+02   0.12627011E-12   0.12627011E-12
 0.13280000E+02   0.12093273E-12   0.12093273E-12
 0.13300000E+02   0.11582149E-12   0.11582149E-12
 0.13320000E+02   0.11092677E-12   0.11092677E-12
 0.13340000E+02   0.10623939E-12   0.10623939E-12
 0.13360000E+02   0.10175054E-12   0.10175054E-12
 0.13380000E+02   0.97451788E-13   0.97451788E-13
 0.13400000E+02   0.93335069E-13   0.93335069E-13
 0.13420000E+02   0.89392652E-13   0.89392652E-13
 0.13440000E+02   0.85617142E-13   0.85617142E-13
 0.13460000E+02   0.82001453E-13   0.82001453E-13
 0.13480000E+02   0.78538805E-13   0.78538805E-13
 0.13500000E+02   0.75222705E-13   0.75222705E-13
 0.13520000E+02   0.72046934E-13   0.72046934E-13
 0.13540000E+02   0.69005541E-13   0.69005541E-13
 0.13560000E+02   0.66092826E-13   0.66092826E-13
 0.13580000E+02   0.63303332E-13   0.63303332E-13
 0.13600000E+02   0.60631833E-13   0.60631833E-13
 0.13620000E+02   0.58073327E-13   0.58073327E-13
 0.13640000E+02   0.55623023E-13   0.55623023E-13
 0.13660000E+02   0.53276335E-13   0.53276335E-13
 0.13680000E+02   0.51028870E-13   0.51028870E-13
 0.13700000E+02   0.48876423E-13   0.48876423E-13
 0.13720000E+02   0.46814968E-13   0.46814968E-13
 0.13740000E+02   0.44840650E-13   0.44840650E-13
 0.13760000E+02   0.42949776E-13   0.42949776E-13
 0.13780000E+02   0.41138812E-13   0.41138812E-13
 0.13800000E+02   0.39404372E-13   0.39404372E-13
 0.13820000E+02   0.37743216E-13   0.37743216E-13
 0.13840000E+02   0.36152240E-13   0.36152240E-13
 0.13860000E+02   0.34628473E-13   0.34628473E-13
 0.13880000E+02   0.33169069E-13   0.33169069E-13
 0.13900000E+02   0.31771302E-13   0.31771302E-13
 0.13920000E+02   0.30432565E-13   0.30432565E-13
 0.13940000E+02   0.29150357E-13   0.29150357E-13
 0.13960000E+02   0.27922288E-13   0.27922288E-13
 0.13980000E+02   0.26746065E-13   0.26746065E-13
 0.14000000E+02   0.25619496E-13   0.25619496E-13
 0.14020000E+02   0.24540479E-13   0.24540479E-13
 0.14040000E+02   0.23507002E-13   0.23507002E-13
 0.14060000E+02   0.22517140E-13   0.22517140E-13
 0.14080000E+02   0.21569048E-13   0.21569048E-13
 0.14100000E+02   0.20660958E-13   0.20660958E-13
 0.14120000E+02   0.19791180E-13   0.19791180E-13
 0.14140000E+02   0.18958094E-13   0.18958094E-13
 0.14160000E+02   0.18160149E-13   0.18160149E-13
 0.14180000E+02   0.17395858E-13   0.17395858E-13
 0.14200000E+02   0.16663799E-13   0.16663799E-13
 0.14220000E+02   0.15962611E-13   0.15962611E-13
 0.14240000E+02   0.15290988E-13   0.15290988E-13
 0.14260000E+02   0.14647681E-13   0.14647681E-13
 0.14280000E+02   0.14031494E-13   0.14031494E-13
 0.14300000E+02   0.13441282E-13   0.13441282E-13
 0.14320000E+02   0.12875945E-13   0.12875945E-13
 0.14340000E+02   0.12334435E-13   0.12334435E-13
 0.14360000E+02   0.11815745E-13   0.11815745E-13
 0.14380000E+02   0.11318910E-13   0.11318910E-13
 0.14400000E+02   0.10843009E-13   0.10843009E-13
 0.14420000E+02   0.10387156E-13   0.10387156E-13
 0.14440000E+02   0.99505071E-14   0.99505071E-14
 0.14460000E+02   0.95322499E-14   0.95322499E-14
 0.14480000E+02   0.91316086E-14   0.91316086E-14
 0.14500000E+02   0.87478397E-14   0.87478397E-14
 0.14520000E+02   0.83802310E-14   0.83802310E-14
 0.14540000E+02   0.80281008E-14   0.80281008E-14
 0.14560000E+02   0.76907959E-14   0.76907959E-14
 0.14580000E+02   0.73676909E-14   0.73676909E-14
 0.14600000E+02   0.70581867E-14   0.70581867E-14
 0.14620000E+02   0.67617096E-14   0.67617096E-14
 0.14640000E+02   0.64777102E-14   0.64777102E-14
 0.14660000E+02   0.62056622E-14   0.62056622E-14
 0.14680000E+02   0.59450617E-14   0.59450617E-14
 0.14700000E+02   0.56954260E-14   0.56954260E-14
 0.14720000E+02   0.54562928E-14   0.54562928E-14
 0.14740000E+02   0.52272194E-14   0.52272194E-14
 0.14760000E+02   0.50077817E-14   0.50077817E-14
 0.14780000E+02   0.47975736E-14   0.47975736E-14
 0.14800000E+02   0.45962060E-14   0.45962060E-14
 0.14820000E+02   0.44033065E-14   0.44033065E-14
 0.14840000E+02   0.42185182E-14   0.42185182E-14
 0.14860000E+02   0.40414994E-14   0.40414994E-14
 0.14880000E+02   0.38719227E-14   0.38719227E-14
 0.14900000E+02   0.37094747E-14   0.37094747E-14
 0.14920000E+02   0.35538551E-14   0.35538551E-14
 0.14940000E+02   0.34047762E-14   0.34047762E-14
 0.14960000E+02   0.32619626E-14   0.32619626E-14
 0.14980000E+02   0.31251506E-14   0.31251506E-14
 0.15000000E+02   0.29940873E-14   0.29940873E-14
 0.15020000E+02   0.28685309E-14   0.28685309E-14
 0.15040000E+02   0.27482493E-14   0.27482493E-14
 0.15060000E+02   0.26330206E-14   0.26330206E-14
 0.15080000E+02   0.25226322E-14   0.25226322E-14
 0.15100000E+02   0.24168802E-14   0.24168802E-14
 0.15120000E+02   0.23155696E-14   0.23155696E-14
 0.15140000E+02   0.22185135E-14   0.22185135E-14
 0.15160000E+02   0.21255329E-14   0.21255329E-14
 0.15180000E+02   0.20364563E-14   0.20364563E-14
 0.15200000E+02   0.19511195E-14   0.19511195E-14
 0.15220000E+02   0.18693652E-14   0.18693652E-14
 0.15240000E+02   0.17910427E-14   0.17910427E-14
 0.15260000E+02   0.17160076E-14   0.17160076E-14
 0.15280000E+02   0.16441217E-14   0.16441217E-14
 0.15300000E+02   0.15752527E-14   0.15752527E-14
 0.15320000E+02   0.15092735E-14   0.15092735E-14
 0.15340000E+02   0.14460629E-14   0.14460629E-14
 0.15360000E+02   0.13855043E-14   0.13855043E-14
 0.15380000E+02   0.13274863E-14   0.13274863E-14
 0.15400000E+02   0.12719021E-14   0.12719021E-14
 0.15420000E+02   0.12186494E-14   0.12186494E-14
 0.15440000E+02   0.11676303E-14   0.11676303E-14
 0.15460000E+02   0.11187508E-14   0.11187508E-14
 0.15480000E+02   0.10719211E-14   0.10719211E-14
 0.15500000E+02   0.10270551E-14   0.10270551E-14
 0.15520000E+02   0.98407029E-15   0.98407029E-15
 0.15540000E+02   0.94288762E-15   0.94288762E-15
 0.15560000E+02   0.90343141E-15   0.90343141E-15
 0.15580000E+02   0.86562914E-15   0.86562914E-15
 0.15600000E+02   0.82941137E-15   0.82941137E-15
 0.15620000E+02   0.79471156E-15   0.79471156E-15
 0.15640000E+02   0.76146597E-15   0.76146597E-15
 0.15660000E+02   0.72961354E-15   0.72961354E-15
 0.15680000E+02   0.69909580E-15   0.69909580E-15
 0.15700000E+02   0.66985671E-15   0.66985671E-15
 0.15720000E+02   0.64184260E-15   0.64184260E-15
 0.15740000E+02   0.61500206E-15   0.61500206E-15
 0.15760000E+02   0.58928585E-15   0.58928585E-15
 0.15780000E+02   0.56464677E-15   0.56464677E-15
 0.15800000E+02   0.54103963E-15   0.54103963E-15
 0.15820000E+02   0.51842113E-15   0.51842113E-15
 0.15840000E+02   0.49674981E-15   0.49674981E-15
 0.15860000E+02   0.47598592E-15   0.47598592E-15
 0.15880000E+02   0.45609140E-15   0.45609140E-15
 0.15900000E+02   0.43702978E-15   0.43702978E-15
 0.15920000E+02   0.41876614E-15   0.41876614E-15
 0.15940000E+02   0.40126701E-15   0.40126701E-15
 0.15960000E+02   0.38450034E-15   0.38450034E-15
 0.15980000E+02   0.36843541E-15   0.36843541E-15
 0.16000000E+02   0.35304279E-15   0.35304279E-15
 0.16020000E+02   0.33829431E-15   0.33829431E-15
 0.16040000E+02   0.32416297E-15   0.32416297E-15
 0.16060000E+02   0.31062289E-15   0.31062289E-15
 0.16080000E+02   0.29764929E-15   0.29764929E-15
 0.16100000E+02   0.28521844E-15   0.28521844E-15
 0.16120000E+02   0.27330758E-15   0.27330758E-15
 0.16140000E+02   0.26189494E-15   0.26189494E-15
 0.16160000E+02   0.25095962E-15   0.25095962E-15
 0.16180000E+02   0.24048165E-15   0.24048165E-15
 0.16200000E+02   0.23044185E-15   0.23044185E-15
 0.16220000E+02   0.22082187E-15   0.22082187E-15
 0.16240000E+02   0.21160413E-15   0.21160413E-15
 0.16260000E+02   0.20277178E-15   0.20277178E-15
 0.16280000E+02   0.19430868E-15   0.19430868E-15
 0.16300000E+02   0.18619937E-15   0.18619937E-15
 0.16320000E+02   0.17842903E-15   0.17842903E-15
 0.16340000E+02   0.17098347E-15   0.17098347E-15
 0.16360000E+02   0.16384909E-15   0.16384909E-15
 0.16380000E+02   0.15701287E-15   0.15701287E-15
 0.16400000E+02   0.15046232E-15   0.15046232E-15
 0.16420000E+02   0.14418549E-15   0.14418549E-15
 0.16440000E+02   0.13817092E-15   0.13817092E-15
 0.16460000E+02   0.13240763E-15   0.13240763E-15
 0.16480000E+02   0.12688511E-15   0.12688511E-15
 0.16500000E+02   0.12159328E-15   0.12159328E-15
 0.16520000E+02   0.11652250E-15   0.11652250E-15
 0.16540000E+02   0.11166351E-15   0.11166351E-15
 0.16560000E+02   0.10700745E-15   0.10700745E-15
 0.16580000E+02   0.10254584E-15   0.10254584E-15
 0.16600000E+02   0.98270539E-16   0.98270539E-16
 0.16620000E+02   0.94173754E-16   0.94173754E-16
 0.16640000E+02   0.90248020E-16   0.90248020E-16
 0.16660000E+02   0.86486185E-16   0.86486185E-16
 0.16680000E+02   0.82881394E-16   0.82881394E-16
 0.16700000E+02   0.79427081E-16   0.79427081E-16
 0.16720000E+02   0.76116955E-16   0.76116955E-16
 0.16740000E+02   0.72944987E-16   0.72944987E-16
 0.16760000E+02   0.69905402E-16   0.69905402E-16
 0.16780000E+02   0.66992666E-16   0.66992666E-16
 0.16800000E+02   0.64201476E-16   0.64201476E-16
 0.16820000E+02   0.61526754E-16   0.61526754E-16
 0.16840000E+02   0.58963631E-16   0.58963631E-16
 0.16860000E+02   0.56507443E-16   0.56507443E-16
 0.16880000E+02   0.54153723E-16   0.54153723E-16
 0.16900000E+02   0.51898189E-16   0.51898189E-16
 0.16920000E+02   0.49736738E-16   0.49736738E-16
 0.16940000E+02   0.47665441E-16   0.47665441E-16
 0.16960000E+02   0.45680530E-16   0.45680530E-16
 0.16980000E+02   0.43778398E-16   0.43778398E-16
 0.17000000E+02   0.41955587E-16   0.41955587E-16
 0.17020000E+02   0.40208784E-16   0.40208784E-16
 0.17040000E+02   0.38534815E-16   0.38534815E-16
 0.17060000E+02   0.36930638E-16   0.36930638E-16
 0.17080000E+02   0.35393339E-16   0.35393339E-16
 0.17100000E+02   0.33920126E-16   0.33920126E-16
 0.17120000E+02   0.32508323E-16   0.32508323E-16
 0.17140000E+02   0.31155366E-16   0.31155366E-16
 0.17160000E+02   0.29858799E-16   0.29858799E-16
 0.17180000E+02   0.28616267E-16   0.28616267E-16
 0.17200000E+02   0.27425517E-16   0.27425517E-16
 0.17220000E+02   0.26284385E-16   0.26284385E-16
 0.17240000E+02   0.25190802E-16   0.25190802E-16
 0.17260000E+02   0.24142784E-16   0.24142784E-16
 0.17280000E+02   0.23138429E-16   0.23138429E-16
 0.17300000E+02   0.22175914E-16   0.22175914E-16
 0.17320000E+02   0.21253496E-16   0.21253496E-16
 0.17340000E+02   0.20369500E-16   0.20369500E-16
 0.17360000E+02   0.19522324E-16   0.19522324E-16
 0.17380000E+02   0.18710432E-16   0.18710432E-16
 0.17400000E+02   0.17932353E-16   0.17932353E-16
 0.17420000E+02   0.17186676E-16   0.17186676E-16
 0.17440000E+02   0.16472049E-16   0.16472049E-16
 0.17460000E+02   0.15787178E-16   0.15787178E-16
 0.17480000E+02   0.15130823E-16   0.15130823E-16
 0.17500000E+02   0.14501793E-16   0.14501793E-16
 0.17520000E+02   0.13898951E-16   0.13898951E-16
 0.17540000E+02   0.13321203E-16   0.13321203E-16
 0.17560000E+02   0.12767504E-16   0.12767504E-16
 0.17580000E+02   0.12236852E-16   0.12236852E-16
 0.17600000E+02   0.11728285E-16   0.11728285E-16
 0.17620000E+02   0.11240883E-16   0.11240883E-16
 0.17640000E+02   0.10773765E-16   0.10773765E-16
 0.17660000E+02   0.10326084E-16   0.10326084E-16
 0.17680000E+02   0.98970314E-17   0.98970314E-17
 0.17700000E+02   0.94858301E-17   0.94858301E-17
 0.17720000E+02   0.90917367E-17   0.90917367E-17
 0.17740000E+02   0.87140382E-17   0.87140382E-17
 0.17760000E+02   0.83520517E-17   0.83520517E-17
 0.17780000E+02   0.80051226E-17   0.80051226E-17
 0.17800000E+02   0.76726238E-17   0.76726238E-17
 0.17820000E+02   0.73539541E-17   0.73539541E-17
 0.17840000E+02   0.70485376E-17   0.70485376E-17
 0.17860000E+02   0.67558223E-17   0.67558223E-17
 0.17880000E+02   0.64752793E-17   0.64752793E-17
 0.17900000E+02   0.62064017E-17   0.62064017E-17
 0.17920000E+02   0.59487037E-17   0.59487037E-17
 0.17940000E+02   0.57017199E-17   0.57017199E-17
 0.17960000E+02   0.54650042E-17   0.54650042E-17
 0.17980000E+02   0.52381291E-17   0.52381291E-17
 0.18000000E+02   0.50206849E-17   0.50206849E-17
 0.18020000E+02   0.48122791E-17   0.48122791E-17
 0.18040000E+02   0.46125355E-17   0.46125355E-17
 0.18060000E+02   0.44210935E-17   0.44210935E-17
 0.18080000E+02   0.42376077E-17   0.42376077E-17
 0.18100000E+02   0.40617469E-17   0.40617469E-17
 0.18120000E+02   0.38931938E-17   0.38931938E-17
 0.18140000E+02   0.37316444E-17   0.37316444E-17
 0.18160000E+02   0.35768073E-17   0.35768073E-17
 0.18180000E+02   0.34284031E-17   0.34284031E-17
 0.18200000E+02   0.32861642E-17   0.32861642E-17
 0.18220000E+02   0.31498343E-17   0.31498343E-17
 0.18240000E+02   0.30191674E-17   0.30191674E-17
 0.18260000E+02   0.28939280E-17   0.28939280E-17
 0.18280000E+02   0.27738903E-17   0.27738903E-17
 0.18300000E+02   0.26588381E-17   0.26588381E-17
 0.18320000E+02   0.25485640E-17   0.25485640E-17
 0.18340000E+02   0.24428693E-17   0.24428693E-17
 0.18360000E+02   0.23415635E-17   0.23415635E-17
 0.18380000E+02   0.22444642E-17   0.22444642E-17
 0.18400000E+02   0.21513965E-17   0.21513965E-17
 0.18420000E+02   0.20621928E-17   0.20621928E-17
 0.18440000E+02   0.19766924E-17   0.19766924E-17
 0.18460000E+02   0.18947414E-17   0.18947414E-17
 0.18480000E+02   0.18161922E-17   0.18161922E-17
 0.18500000E+02   0.17409034E-17   0.17409034E-17
 0.18520000E+02   0.16687396E-17   0.16687396E-17
 0.18540000E+02   0.15995709E-17   0.15995709E-17
 0.18560000E+02   0.15332727E-17   0.15332727E-17
 0.18580000E+02   0.14697259E-17   0.14697259E-17
 0.18600000E+02   0.14088160E-17   0.14088160E-17
 0.18620000E+02   0.13504336E-17   0.13504336E-17
 0.18640000E+02   0.12944735E-17   0.12944735E-17
 0.18660000E+02   0.12408352E-17   0.12408352E-17
 0.18680000E+02   0.11894222E-17   0.11894222E-17
 0.18700000E+02   0.11401421E-17   0.11401421E-17
 0.18720000E+02   0.10929063E-17   0.10929063E-17
 0.18740000E+02   0.10476298E-17   0.10476298E-17
 0.18760000E+02   0.10042313E-17   0.10042313E-17
 0.18780000E+02   0.96263280E-18   0.96263280E-18
 0.18800000E+02   0.92275953E-18   0.92275953E-18
 0.18820000E+02   0.88453986E-18   0.88453986E-18
 0.18840000E+02   0.84790512E-18   0.84790512E-18
 0.18860000E+02   0.81278950E-18   0.81278950E-18
 0.18880000E+02   0.77912993E-18   0.77912993E-18
 0.18900000E+02   0.74686596E-18   0.74686596E-18
 0.18920000E+02   0.71593965E-18   0.71593965E-18
 0.18940000E+02   0.68629548E-18   0.68629548E-18
 0.18960000E+02   0.65788022E-18   0.65788022E-18
 0.18980000E+02   0.63064286E-18   0.63064286E-18
 0.19000000E+02   0.60453452E-18   0.60453452E-18
 0.19020000E+02   0.57950834E-18   0.57950834E-18
 0.19040000E+02   0.55551940E-18   0.55551940E-18
 0.19060000E+02   0.53252467E-18   0.53252467E-18
 0.19080000E+02   0.51048289E-18   0.51048289E-18
 0.19100000E+02   0.48935452E-18   0.48935452E-18
 0.19120000E+02   0.46910166E-18   0.46910166E-18
 0.19140000E+02   0.44968799E-18   0.44968799E-18
 0.19160000E+02   0.43107868E-18   0.43107868E-18
 0.19180000E+02   0.41324039E-18   0.41324039E-18
 0.19200000E+02   0.39614111E-18   0.39614111E-18
 0.19220000E+02   0.37975020E-18   0.37975020E-18
 0.19240000E+02   0.36403828E-18   0.36403828E-18
 0.19260000E+02   0.34897718E-18   0.34897718E-18
 0.19280000E+02   0.33453991E-18   0.33453991E-18
 0.19300000E+02   0.32070061E-18   0.32070061E-18
 0.19320000E+02   0.30743448E-18   0.30743448E-18
 0.19340000E+02   0.29471774E-18   0.29471774E-18
 0.19360000E+02   0.28252762E-18   0.28252762E-18
 0.19380000E+02   0.27084230E-18   0.27084230E-18
 0.19400000E+02   0.25964082E-18   0.25964082E-18
 0.19420000E+02   0.24890315E-18   0.24890315E-18
 0.19440000E+02   0.23861005E-18   0.23861005E-18
 0.19460000E+02   0.22874309E-18   0.22874309E-18
 0.19480000E+02   0.21928461E-18   0.21928461E-18
 0.19500000E+02   0.21021768E-18   0.21021768E-18
 0.19520000E+02   0.20152608E-18   0.20152608E-18
 0.19540000E+02   0.19319424E-18   0.19319424E-18
 0.19560000E+02   0.18520725E-18   0.18520725E-18
 0.19580000E+02   0.17755084E-18   0.17755084E-18
 0.19600000E+02   0.17021129E-18   0.17021129E-18
 0.19620000E+02   0.16317548E-18   0.16317548E-18
 0.19640000E+02   0.15643083E-18   0.15643083E-18
 0.19660000E+02   0.14996527E-18   0.14996527E-18
 0.19680000E+02   0.14376724E-18   0.14376724E-18
 0.19700000E+02   0.13782566E-18   0.13782566E-18
 0.19720000E+02   0.13212990E-18   0.13212990E-18
 0.19740000E+02   0.12666979E-18   0.12666979E-18
 0.19760000E+02   0.12143556E-18   0.12143556E-18
 0.19780000E+02   0.11641785E-18   0.11641785E-18
 0.19800000E+02   0.11160771E-18   0.11160771E-18
 0.19820000E+02   0.10699653E-18   0.10699653E-18
 0.19840000E+02   0.10257607E-18   0.10257607E-18
 0.19860000E+02   0.98338437E-19   0.98338437E-19
 0.19880000E+02   0.94276063E-19   0.94276063E-19
 0.19900000E+02   0.90381688E-19   0.90381688E-19
 0.19920000E+02   0.86648359E-19   0.86648359E-19
 0.19940000E+02   0.83069407E-19   0.83069407E-19
 0.19960000E+02   0.79638441E-19   0.79638441E-19
 0.19980000E+02   0.76349335E-19   0.76349335E-19
 0.20000000E+02   0.73196218E-19   0.73196218E-19
 0.20020000E+02   0.70173461E-19   0.70173461E-19
 0.20040000E+02   0.67275667E-19   0.67275667E-19
 0.20060000E+02   0.64497666E-19   0.64497666E-19
 0.20080000E+02   0.61834499E-19   0.61834499E-19
 0.20100000E+02   0.59281414E-19   0.59281414E-19
 0.20120000E+02   0.56833856E-19   0.56833856E-19
 0.20140000E+02   0.54487458E-19   0.54487458E-19
 0.20160000E+02   0.52238035E-19   0.52238035E-19
 0.20180000E+02   0.50081574E-19   0.50081574E-19
 0.20200000E+02   0.48014229E-19   0.48014229E-19
 0.20220000E+02   0.46032314E-19   0.46032314E-19
 0.20240000E+02   0.44132294E-19   0.44132294E-19
 0.20260000E+02   0.42310781E-19   0.42310781E-19
 0.20280000E+02   0.40564528E-19   0.40564528E-19
 0.20300000E+02   0.38890422E-19   0.38890422E-19
 0.20320000E+02   0.37285480E-19   0.37285480E-19
 0.20340000E+02   0.35746840E-19   0.35746840E-19
 0.20360000E+02   0.34271760E-19   0.34271760E-19
 0.20380000E+02   0.32857612E-19   0.32857612E-19
 0.20400000E+02   0.31501877E-19   0.31501877E-19
 0.20420000E+02   0.30202139E-19   0.30202139E-19
 0.20440000E+02   0.28956082E-19   0.28956082E-19
 0.20460000E+02   0.27761487E-19   0.27761487E-19
 0.20480000E+02   0.26616227E-19   0.26616227E-19
 0.20500000E+02   0.25518261E-19   0.25518261E-19
 0.20520000E+02   0.24465635E-19   0.24465635E-19
 0.20540000E+02   0.23456474E-19   0.23456474E-19
 0.20560000E+02   0.22488982E-19   0.22488982E-19
 0.20580000E+02   0.21561436E-19   0.21561436E-19
 0.20600000E+02   0.20672185E-19   0.20672185E-19
 0.20620000E+02   0.19819647E-19   0.19819647E-19
 0.20640000E+02   0.19002304E-19   0.19002304E-19
 0.20660000E+02   0.18218701E-19   0.18218701E-19
 0.20680000E+02   0.17467445E-19   0.17467445E-19
 0.20700000E+02   0.16747199E-19   0.16747199E-19
 0.20720000E+02   0.16056681E-19   0.16056681E-19
 0.20740000E+02   0.15394663E-19   0.15394663E-19
 0.20760000E+02   0.14759967E-19   0.14759967E-19
 0.20780000E+02   0.14151465E-19   0.14151465E-19
 0.20800000E+02   0.13568075E-19   0.13568075E-19
 0.20820000E+02   0.13008759E-19   0.13008759E-19
 0.20840000E+02   0.12472522E-19   0.12472522E-19
 0.20860000E+02   0.11958412E-19   0.11958412E-19
 0.20880000E+02   0.11465514E-19   0.11465514E-19
 0.20900000E+02   0.10992953E-19   0.10992953E-19
 0.20920000E+02   0.10539888E-19   0.10539888E-19
 0.20940000E+02   0.10105514E-19   0.10105514E-19
 0.20960000E+02   0.96890589E-20   0.96890589E-20
 0.20980000E+02   0.92897835E-20   0.92897835E-20
 0.21000000E+02   0.89069779E-20   0.89069779E-20
 0.21020000E+02   0.85399622E-20   0.85399622E-20
 0.21040000E+02   0.81880844E-20   0.81880844E-20
 0.21060000E+02   0.78507193E-20   0.78507193E-20
 0.21080000E+02   0.75272680E-20   0.75272680E-20
 0.21100000E+02   0.72171559E-20   0.72171559E-20
 0.21120000E+02   0.69198324E-20   0.69198324E-20
 0.21140000E+02   0.66347696E-20   0.66347696E-20
 0.21160000E+02   0.63614613E-20   0.63614613E-20
 0.21180000E+02   0.60994224E-20   0.60994224E-20
 0.21200000E+02   0.58481878E-20   0.58481878E-20
 0.21220000E+02   0.56073115E-20   0.56073115E-20
 0.21240000E+02   0.53763659E-20   0.53763659E-20
 0.21260000E+02   0.51549414E-20   0.51549414E-20
 0.21280000E+02   0.49426449E-20   0.49426449E-20
 0.21300000E+02   0.47390998E-20   0.47390998E-20
 0.21320000E+02   0.45439450E-20   0.45439450E-20
 0.21340000E+02   0.43568343E-20   0.43568343E-20
 0.21360000E+02   0.41774358E-20   0.41774358E-20
 0.21380000E+02   0.40054313E-20   0.40054313E-20
 0.21400000E+02   0.38405158E-20   0.38405158E-20
 0.21420000E+02   0.36823967E-20   0.36823967E-20
 0.21440000E+02   0.35307937E-20   0.35307937E-20
 0.21460000E+02   0.33854381E-20   0.33854381E-20
 0.21480000E+02   0.32460722E-20   0.32460722E-20
 0.21500000E+02   0.31124488E-20   0.31124488E-20
 0.21520000E+02   0.29843311E-20   0.29843311E-20
 0.21540000E+02   0.28614921E-20   0.28614921E-20
 0.21560000E+02   0.27437140E-20   0.27437140E-20
 0.21580000E+02   0.26307881E-20   0.26307881E-20
 0.21600000E+02   0.25225144E-20   0.25225144E-20
 0.21620000E+02   0.24187010E-20   0.24187010E-20
 0.21640000E+02   0.23191640E-20   0.23191640E-20
 0.21660000E+02   0.22237271E-20   0.22237271E-20
 0.21680000E+02   0.21322211E-20   0.21322211E-20
 0.21700000E+02   0.20444841E-20   0.20444841E-20
 0.21720000E+02   0.19603606E-20   0.19603606E-20
 0.21740000E+02   0.18797017E-20   0.18797017E-20
 0.21760000E+02   0.18023645E-20   0.18023645E-20
 0.21780000E+02   0.17282122E-20   0.17282122E-20
 0.21800000E+02   0.16571135E-20   0.16571135E-20
 0.21820000E+02   0.15889424E-20   0.15889424E-20
 0.21840000E+02   0.15235783E-20   0.15235783E-20
 0.21860000E+02   0.14609055E-20   0.14609055E-20
 0.21880000E+02   0.14008132E-20   0.14008132E-20
 0.21900000E+02   0.13431949E-20   0.13431949E-20
 0.21920000E+02   0.12879487E-20   0.12879487E-20
 0.21940000E+02   0.12349769E-20   0.12349769E-20
 0.21960000E+02   0.11841857E-20   0.11841857E-20
 0.21980000E+02   0.11354853E-20   0.11354853E-20
 0.22000000E+02   0.10887895E-20   0.10887895E-20
 0.22020000E+02   0.10440158E-20   0.10440158E-20
 0.22040000E+02   0.10010849E-20   0.10010849E-20
 0.22060000E+02   0.95992101E-21   0.95992101E-21
 0.22080000E+02   0.92045123E-21   0.92045123E-21
 0.22100000E+02   0.88260581E-21   0.88260581E-21
 0.22120000E+02   0.84631783E-21   0.84631783E-21
 0.22140000E+02   0.81152314E-21   0.81152314E-21
 0.22160000E+02   0.77816024E-21   0.77816024E-21
 0.22180000E+02   0.74617015E-21   0.74617015E-21
 0.22200000E+02   0.71549633E-21   0.71549633E-21
 0.22220000E+02   0.68608458E-21   0.68608458E-21
 0.22240000E+02   0.65788292E-21   0.65788292E-21
 0.22260000E+02   0.63084151E-21   0.63084151E-21
 0.22280000E+02   0.60491258E-21   0.60491258E-21
 0.22300000E+02   0.58005032E-21   0.58005032E-21
 0.22320000E+02   0.55621080E-21   0.55621080E-21
 0.22340000E+02   0.53335193E-21   0.53335193E-21
 0.22360000E+02   0.51143332E-21   0.51143332E-21
 0.22380000E+02   0.49041626E-21   0.49041626E-21
 0.22400000E+02   0.47026363E-21   0.47026363E-21
 0.22420000E+02   0.45093985E-21   0.45093985E-21
 0.22440000E+02   0.43241080E-21   0.43241080E-21
 0.22460000E+02   0.41464377E-21   0.41464377E-21
 0.22480000E+02   0.39760738E-21   0.39760738E-21
 0.22500000E+02   0.38127157E-21   0.38127157E-21
 0.22520000E+02   0.36560750E-21   0.36560750E-21
 0.22540000E+02   0.35058752E-21   0.35058752E-21
 0.22560000E+02   0.33618512E-21   0.33618512E-21
 0.22580000E+02   0.32237489E-21   0.32237489E-21
 0.22600000E+02   0.30913246E-21   0.30913246E-21
 0.22620000E+02   0.29643447E-21   0.29643447E-21
 0.22640000E+02   0.28425850E-21   0.28425850E-21
 0.22660000E+02   0.27258309E-21   0.27258309E-21
 0.22680000E+02   0.26138762E-21   0.26138762E-21
 0.22700000E+02   0.25065237E-21   0.25065237E-21
 0.22720000E+02   0.24035839E-21   0.24035839E-21
 0.22740000E+02   0.23048752E-21   0.23048752E-21
 0.22760000E+02   0.22102237E-21   0.22102237E-21
 0.22780000E+02   0.21194624E-21   0.21194624E-21
 0.22800000E+02   0.20324313E-21   0.20324313E-21
 0.22820000E+02   0.19489769E-21   0.19489769E-21
 0.22840000E+02   0.18689521E-21   0.18689521E-21
 0.22860000E+02   0.17922159E-21   0.17922159E-21
 0.22880000E+02   0.17186330E-21   0.17186330E-21
 0.22900000E+02   0.16480737E-21   0.16480737E-21
 0.22920000E+02   0.15804137E-21   0.15804137E-21
 0.22940000E+02   0.15155336E-21   0.15155336E-21
 0.22960000E+02   0.14533193E-21   0.14533193E-21
 0.22980000E+02   0.13936611E-21   0.13936611E-21
 0.23000000E+02   0.13364538E-21   0.13364538E-21
 0.23020000E+02   0.12815967E-21   0.12815967E-21
 0.23040000E+02   0.12289932E-21   0.12289932E-21
 0.23060000E+02   0.11785506E-21   0.11785506E-21
 0.23080000E+02   0.11301801E-21   0.11301801E-21
 0.23100000E+02   0.10837964E-21   0.10837964E-21
 0.23120000E+02   0.10393179E-21   0.10393179E-21
 0.23140000E+02   0.99666628E-22   0.99666628E-22
 0.23160000E+02   0.95576642E-22   0.95576642E-22
 0.23180000E+02   0.91654633E-22   0.91654633E-22
 0.23200000E+02   0.87893695E-22   0.87893695E-22
 0.23220000E+02   0.84287208E-22   0.84287208E-22
 0.23240000E+02   0.80828824E-22   0.80828824E-22
 0.23260000E+02   0.77512455E-22   0.77512455E-22
 0.23280000E+02   0.74332265E-22   0.74332265E-22
 0.23300000E+02   0.71282658E-22   0.71282658E-22
 0.23320000E+02   0.68358266E-22   0.68358266E-22
 0.23340000E+02   0.65553945E-22   0.65553945E-22
 0.23360000E+02   0.62864761E-22   0.62864761E-22
 0.23380000E+02   0.60285982E-22   0.60285982E-22
 0.23400000E+02   0.57813072E-22   0.57813072E-22
 0.23420000E+02   0.55441680E-22   0.55441680E-22
 0.23440000E+02   0.53167637E-22   0.53167637E-22
 0.23460000E+02   0.50986942E-22   0.50986942E-22
 0.23480000E+02   0.48895760E-22   0.48895760E-22
 0.23500000E+02   0.46890414E-22   0.46890414E-22
 0.23520000E+02   0.44967378E-22   0.44967378E-22
 0.23540000E+02   0.43123270E-22   0.43123270E-22
 0.23560000E+02   0.41354849E-22   0.41354849E-22
 0.23580000E+02   0.39659005E-22   0.39659005E-22
 0.23600000E+02   0.38032758E-22   0.38032758E-22
 0.23620000E+02   0.36473248E-22   0.36473248E-22
 0.23640000E+02   0.34977736E-22   0.34977736E-22
 0.23660000E+02   0.33543592E-22   0.33543592E-22
 0.23680000E+02   0.32168296E-22   0.32168296E-22
 0.23700000E+02   0.30849431E-22   0.30849431E-22
 0.23720000E+02   0.29584681E-22   0.29584681E-22
 0.23740000E+02   0.28371823E-22   0.28371823E-22
 0.23760000E+02   0.27208726E-22   0.27208726E-22
 0.23780000E+02   0.26093347E-22   0.26093347E-22
 0.23800000E+02   0.25023726E-22   0.25023726E-22
 0.23820000E+02   0.23997985E-22   0.23997985E-22
 0.23840000E+02   0.23014323E-22   0.23014323E-22
 0.23860000E+02   0.22071011E-22   0.22071011E-22
 0.23880000E+02   0.21166394E-22   0.21166394E-22
 0.23900000E+02   0.20298882E-22   0.20298882E-22
 0.23920000E+02   0.19466953E-22   0.19466953E-22
 0.23940000E+02   0.18669146E-22   0.18669146E-22
 0.23960000E+02   0.17904060E-22   0.17904060E-22
 0.23980000E+02   0.17170352E-22   0.17170352E-22
 0.24000000E+02   0.16466734E-22   0.16466734E-22
 0.24020000E+02   0.15791972E-22   0.15791972E-22
 0.24040000E+02   0.15144880E-22   0.15144880E-22
 0.24060000E+02   0.14524324E-22   0.14524324E-22
 0.24080000E+02   0.13929214E-22   0.13929214E-22
 0.24100000E+02   0.13358506E-22   0.13358506E-22
 0.24120000E+02   0.12811199E-22   0.12811199E-22
 0.24140000E+02   0.12286333E-22   0.12286333E-22
 0.24160000E+02   0.11782986E-22   0.11782986E-22
 0.24180000E+02   0.11300275E-22   0.11300275E-22
 0.24200000E+02   0.10837355E-22   0.10837355E-22
 0.24220000E+02   0.10393412E-22   0.10393412E-22
 0.24240000E+02   0.99676689E-23   0.99676689E-23
 0.24260000E+02   0.95593783E-23   0.95593783E-23
 0.24280000E+02   0.91678243E-23   0.91678243E-23
 0.24300000E+02   0.87923204E-23   0.87923204E-23
 0.24320000E+02   0.84322082E-23   0.84322082E-23
 0.24340000E+02   0.80868562E-23   0.80868562E-23
 0.24360000E+02   0.77556590E-23   0.77556590E-23
 0.24380000E+02   0.74380361E-23   0.74380361E-23
 0.24400000E+02   0.71334305E-23   0.71334305E-23
 0.24420000E+02   0.68413085E-23   0.68413085E-23
 0.24440000E+02   0.65611580E-23   0.65611580E-23
 0.24460000E+02   0.62924881E-23   0.62924881E-23
 0.24480000E+02   0.60348279E-23   0.60348279E-23
 0.24500000E+02   0.57877259E-23   0.57877259E-23
 0.24520000E+02   0.55507491E-23   0.55507491E-23
 0.24540000E+02   0.53234823E-23   0.53234823E-23
 0.24560000E+02   0.51055275E-23   0.51055275E-23
 0.24580000E+02   0.48965026E-23   0.48965026E-23
 0.24600000E+02   0.46960417E-23   0.46960417E-23
 0.24620000E+02   0.45037934E-23   0.45037934E-23
 0.24640000E+02   0.43194212E-23   0.43194212E-23
 0.24660000E+02   0.41426022E-23   0.41426022E-23
 0.24680000E+02   0.39730266E-23   0.39730266E-23
 0.24700000E+02   0.38103975E-23   0.38103975E-23
 0.24720000E+02   0.36544301E-23   0.36544301E-23
 0.24740000E+02   0.35048514E-23   0.35048514E-23
 0.24760000E+02   0.33613995E-23   0.33613995E-23
 0.24780000E+02   0.32238232E-23   0.32238232E-23
 0.24800000E+02   0.30918816E-23   0.30918816E-23
 0.24820000E+02   0.29653439E-23   0.29653439E-23
 0.24840000E+02   0.28439886E-23   0.28439886E-23
 0.24860000E+02   0.27276032E-23   0.27276032E-23
 0.24880000E+02   0.26159841E-23   0.26159841E-23
 0.24900000E+02   0.25089359E-23   0.25089359E-23
 0.24920000E+02   0.24062713E-23   0.24062713E-23
 0.24940000E+02   0.23078106E-23   0.23078106E-23
 0.24960000E+02   0.22133817E-23   0.22133817E-23
 0.24980000E+02   0.21228192E-23   0.21228192E-23
 0.25000000E+02   0.20359648E-23   0.20359648E-23
 0.25020000E+02   0.19526665E-23   0.19526665E-23
 0.25040000E+02   0.18727787E-23   0.18727787E-23
 0.25060000E+02   0.17961615E-23   0.17961615E-23
 0.25080000E+02   0.17226809E-23   0.17226809E-23
 0.25100000E+02   0.16522086E-23   0.16522086E-23
 0.25120000E+02   0.15846212E-23   0.15846212E-23
 0.25140000E+02   0.15198005E-23   0.15198005E-23
 0.25160000E+02   0.14576332E-23   0.14576332E-23
 0.25180000E+02   0.13980107E-23   0.13980107E-23
 0.25200000E+02   0.13408286E-23   0.13408286E-23
 0.25220000E+02   0.12859870E-23   0.12859870E-23
 0.25240000E+02   0.12333901E-23   0.12333901E-23
 0.25260000E+02   0.11829459E-23   0.11829459E-23
 0.25280000E+02   0.11345662E-23   0.11345662E-23
 0.25300000E+02   0.10881665E-23   0.10881665E-23
 0.25320000E+02   0.10436656E-23   0.10436656E-23
 0.25340000E+02   0.10009859E-23   0.10009859E-23
 0.25360000E+02   0.96005277E-24   0.96005277E-24
 0.25380000E+02   0.92079463E-24   0.92079463E-24
 0.25400000E+02   0.88314291E-24   0.88314291E-24
 0.25420000E+02   0.84703183E-24   0.84703183E-24
 0.25440000E+02   0.81239832E-24   0.81239832E-24
 0.25460000E+02   0.77918187E-24   0.77918187E-24
 0.25480000E+02   0.74732446E-24   0.74732446E-24
 0.25500000E+02   0.71677045E-24   0.71677045E-24
 0.25520000E+02   0.68746647E-24   0.68746647E-24
 0.25540000E+02   0.65936134E-24   0.65936134E-24
 0.25560000E+02   0.63240599E-24   0.63240599E-24
 0.25580000E+02   0.60655334E-24   0.60655334E-24
 0.25600000E+02   0.58175825E-24   0.58175825E-24
 0.25620000E+02   0.55797744E-24   0.55797744E-24
 0.25640000E+02   0.53516938E-24   0.53516938E-24
 0.25660000E+02   0.51329425E-24   0.51329425E-24
 0.25680000E+02   0.49231387E-24   0.49231387E-24
 0.25700000E+02   0.47219162E-24   0.47219162E-24
 0.25720000E+02   0.45289236E-24   0.45289236E-24
 0.25740000E+02   0.43438243E-24   0.43438243E-24
 0.25760000E+02   0.41662950E-24   0.41662950E-24
 0.25780000E+02   0.39960261E-24   0.39960261E-24
 0.25800000E+02   0.38327204E-24   0.38327204E-24
 0.25820000E+02   0.36760929E-24   0.36760929E-24
 0.25840000E+02   0.35258704E-24   0.35258704E-24
 0.25860000E+02   0.33817907E-24   0.33817907E-24
 0.25880000E+02   0.32436025E-24   0.32436025E-24
 0.25900000E+02   0.31110648E-24   0.31110648E-24
 0.25920000E+02   0.29839462E-24   0.29839462E-24
 0.25940000E+02   0.28620252E-24   0.28620252E-24
 0.25960000E+02   0.27450890E-24   0.27450890E-24
 0.25980000E+02   0.26329337E-24   0.26329337E-24
 0.26000000E+02   0.25253636E-24   0.25253636E-24
 0.26020000E+02   0.24221913E-24   0.24221913E-24
 0.26040000E+02   0.23232368E-24   0.23232368E-24
 0.26060000E+02   0.22283275E-24   0.22283275E-24
 0.26080000E+02   0.21372979E-24   0.21372979E-24
 0.26100000E+02   0.20499895E-24   0.20499895E-24
 0.26120000E+02   0.19662499E-24   0.19662499E-24
 0.26140000E+02   0.18859332E-24   0.18859332E-24
 0.26160000E+02   0.18088993E-24   0.18088993E-24
 0.26180000E+02   0.17350140E-24   0.17350140E-24
 0.26200000E+02   0.16641486E-24   0.16641486E-24
 0.26220000E+02   0.15961794E-24   0.15961794E-24
 0.26240000E+02   0.15309882E-24   0.15309882E-24
 0.26260000E+02   0.14684611E-24   0.14684611E-24
 0.26280000E+02   0.14084894E-24   0.14084894E-24
 0.26300000E+02   0.13509685E-24   0.13509685E-24
 0.26320000E+02   0.12957981E-24   0.12957981E-24
 0.26340000E+02   0.12428823E-24   0.12428823E-24
 0.26360000E+02   0.11921286E-24   0.11921286E-24
 0.26380000E+02   0.11434489E-24   0.11434489E-24
 0.26400000E+02   0.10967582E-24   0.10967582E-24
 0.26420000E+02   0.10519753E-24   0.10519753E-24
 0.26440000E+02   0.10090221E-24   0.10090221E-24
 0.26460000E+02   0.96782378E-25   0.96782378E-25
 0.26480000E+02   0.92830868E-25   0.92830868E-25
 0.26500000E+02   0.89040796E-25   0.89040796E-25
 0.26520000E+02   0.85405561E-25   0.85405561E-25
 0.26540000E+02   0.81918833E-25   0.81918833E-25
 0.26560000E+02   0.78574542E-25   0.78574542E-25
 0.26580000E+02   0.75366866E-25   0.75366866E-25
 0.26600000E+02   0.72290219E-25   0.72290219E-25
 0.26620000E+02   0.69339247E-25   0.69339247E-25
 0.26640000E+02   0.66508811E-25   0.66508811E-25
 0.26660000E+02   0.63793987E-25   0.63793987E-25
 0.26680000E+02   0.61190048E-25   0.61190048E-25
 0.26700000E+02   0.58692462E-25   0.58692462E-25
 0.26720000E+02   0.56296883E-25   0.56296883E-25
 0.26740000E+02   0.53999141E-25   0.53999141E-25
 0.26760000E+02   0.51795240E-25   0.51795240E-25
 0.26780000E+02   0.49681343E-25   0.49681343E-25
 0.26800000E+02   0.47653773E-25   0.47653773E-25
 0.26820000E+02   0.45709002E-25   0.45709002E-25
 0.26840000E+02   0.43843647E-25   0.43843647E-25
 0.26860000E+02   0.42054462E-25   0.42054462E-25
 0.26880000E+02   0.40338336E-25   0.40338336E-25
 0.26900000E+02   0.38692283E-25   0.38692283E-25
 0.26920000E+02   0.37113440E-25   0.37113440E-25
 0.26940000E+02   0.35599061E-25   0.35599061E-25
 0.26960000E+02   0.34146513E-25   0.34146513E-25
 0.26980000E+02   0.32753269E-25   0.32753269E-25
 0.27000000E+02   0.31416906E-25   0.31416906E-25
 0.27020000E+02   0.30135102E-25   0.30135102E-25
 0.27040000E+02   0.28905626E-25   0.28905626E-25
 0.27060000E+02   0.27726342E-25   0.27726342E-25
 0.27080000E+02   0.26595200E-25   0.26595200E-25
 0.27100000E+02   0.25510231E-25   0.25510231E-25
 0.27120000E+02   0.24469552E-25   0.24469552E-25
 0.27140000E+02   0.23471352E-25   0.23471352E-25
 0.27160000E+02   0.22513897E-25   0.22513897E-25
 0.27180000E+02   0.21595522E-25   0.21595522E-25
 0.27200000E+02   0.20714631E-25   0.20714631E-25
 0.27220000E+02   0.19869694E-25   0.19869694E-25
 0.27240000E+02   0.19059242E-25   0.19059242E-25
 0.27260000E+02   0.18281866E-25   0.18281866E-25
 0.27280000E+02   0.17536217E-25   0.17536217E-25
 0.27300000E+02   0.16820998E-25   0.16820998E-25
 0.27320000E+02   0.16134966E-25   0.16134966E-25
 0.27340000E+02   0.15476931E-25   0.15476931E-25
 0.27360000E+02   0.14845748E-25   0.14845748E-25
 0.27380000E+02   0.14240321E-25   0.14240321E-25
 0.27400000E+02   0.13659599E-25   0.13659599E-25
 0.27420000E+02   0.13102573E-25   0.13102573E-25
 0.27440000E+02   0.12568275E-25   0.12568275E-25
 0.27460000E+02   0.12055778E-25   0.12055778E-25
 0.27480000E+02   0.11564191E-25   0.11564191E-25
 0.27500000E+02   0.11092661E-25   0.11092661E-25
 0.27520000E+02   0.10640368E-25   0.10640368E-25
 0.27540000E+02   0.10206529E-25   0.10206529E-25
 0.27560000E+02   0.97903880E-26   0.97903880E-26
 0.27580000E+02   0.93912243E-26   0.93912243E-26
 0.27600000E+02   0.90083444E-26   0.90083444E-26
 0.27620000E+02   0.86410835E-26   0.86410835E-26
 0.27640000E+02   0.82888042E-26   0.82888042E-26
 0.27660000E+02   0.79508949E-26   0.79508949E-26
 0.27680000E+02   0.76267691E-26   0.76267691E-26
 0.27700000E+02   0.73158643E-26   0.73158643E-26
 0.27720000E+02   0.70176408E-26   0.70176408E-26
 0.27740000E+02   0.67315810E-26   0.67315810E-26
 0.27760000E+02   0.64571886E-26   0.64571886E-26
 0.27780000E+02   0.61939875E-26   0.61939875E-26
 0.27800000E+02   0.59415208E-26   0.59415208E-26
 0.27820000E+02   0.56993505E-26   0.56993505E-26
 0.27840000E+02   0.54670565E-26   0.54670565E-26
 0.27860000E+02   0.52442357E-26   0.52442357E-26
 0.27880000E+02   0.50305017E-26   0.50305017E-26
 0.27900000E+02   0.48254835E-26   0.48254835E-26
 0.27920000E+02   0.46288256E-26   0.46288256E-26
 0.27940000E+02   0.44401869E-26   0.44401869E-26
 0.27960000E+02   0.42592402E-26   0.42592402E-26
 0.27980000E+02   0.40856715E-26   0.40856715E-26
 0.28000000E+02   0.39191800E-26   0.39191800E-26
 0.28020000E+02   0.37594769E-26   0.37594769E-26
 0.28040000E+02   0.36062852E-26   0.36062852E-26
 0.28060000E+02   0.34593393E-26   0.34593393E-26
 0.28080000E+02   0.33183844E-26   0.33183844E-26
 0.28100000E+02   0.31831761E-26   0.31831761E-26
 0.28120000E+02   0.30534800E-26   0.30534800E-26
 0.28140000E+02   0.29290713E-26   0.29290713E-26
 0.28160000E+02   0.28097341E-26   0.28097341E-26
 0.28180000E+02   0.26952618E-26   0.26952618E-26
 0.28200000E+02   0.25854559E-26   0.25854559E-26
 0.28220000E+02   0.24801259E-26   0.24801259E-26
 0.28240000E+02   0.23790895E-26   0.23790895E-26
 0.28260000E+02   0.22821713E-26   0.22821713E-26
 0.28280000E+02   0.21892036E-26   0.21892036E-26
 0.28300000E+02   0.21000252E-26   0.21000252E-26
 0.28320000E+02   0.20144815E-26   0.20144815E-26
 0.28340000E+02   0.19324243E-26   0.19324243E-26
 0.28360000E+02   0.18537115E-26   0.18537115E-26
 0.28380000E+02   0.17782066E-26   0.17782066E-26
 0.28400000E+02   0.17057789E-26   0.17057789E-26
 0.28420000E+02   0.16363028E-26   0.16363028E-26
 0.28440000E+02   0.15696580E-26   0.15696580E-26
 0.28460000E+02   0.15057291E-26   0.15057291E-26
 0.28480000E+02   0.14444053E-26   0.14444053E-26
 0.28500000E+02   0.13855804E-26   0.13855804E-26
 0.28520000E+02   0.13291525E-26   0.13291525E-26
 0.28540000E+02   0.12750239E-26   0.12750239E-26
 0.28560000E+02   0.12231008E-26   0.12231008E-26
 0.28580000E+02   0.11732934E-26   0.11732934E-26
 0.28600000E+02   0.11255153E-26   0.11255153E-26
 0.28620000E+02   0.10796839E-26   0.10796839E-26
 0.28640000E+02   0.10357198E-26   0.10357198E-26
 0.28660000E+02   0.99354679E-27   0.99354679E-27
 0.28680000E+02   0.95309196E-27   0.95309196E-27
 0.28700000E+02   0.91428525E-27   0.91428525E-27
 0.28720000E+02   0.87705947E-27   0.87705947E-27
 0.28740000E+02   0.84135018E-27   0.84135018E-27
 0.28760000E+02   0.80709557E-27   0.80709557E-27
 0.28780000E+02   0.77423635E-27   0.77423635E-27
 0.28800000E+02   0.74271563E-27   0.74271563E-27
 0.28820000E+02   0.71247888E-27   0.71247888E-27
 0.28840000E+02   0.68347375E-27   0.68347375E-27
 0.28860000E+02   0.65565006E-27   0.65565006E-27
 0.28880000E+02   0.62895966E-27   0.62895966E-27
 0.28900000E+02   0.60335635E-27   0.60335635E-27
 0.28920000E+02   0.57879584E-27   0.57879584E-27
 0.28940000E+02   0.55523564E-27   0.55523564E-27
 0.28960000E+02   0.53263497E-27   0.53263497E-27
 0.28980000E+02   0.51095475E-27   0.51095475E-27
 0.29000000E+02   0.49015745E-27   0.49015745E-27
 0.29020000E+02   0.47020712E-27   0.47020712E-27
 0.29040000E+02   0.45106922E-27   0.45106922E-27
 0.29060000E+02   0.43271067E-27   0.43271067E-27
 0.29080000E+02   0.41509971E-27   0.41509971E-27
 0.29100000E+02   0.39820587E-27   0.39820587E-27
 0.29120000E+02   0.38199995E-27   0.38199995E-27
 0.29140000E+02   0.36645391E-27   0.36645391E-27
 0.29160000E+02   0.35154087E-27   0.35154087E-27
 0.29180000E+02   0.33723504E-27   0.33723504E-27
 0.29200000E+02   0.32351168E-27   0.32351168E-27
 0.29220000E+02   0.31034707E-27   0.31034707E-27
 0.29240000E+02   0.29771845E-27   0.29771845E-27
 0.29260000E+02   0.28560398E-27   0.28560398E-27
 0.29280000E+02   0.27398271E-27   0.27398271E-27
 0.29300000E+02   0.26283456E-27   0.26283456E-27
 0.29320000E+02   0.25214025E-27   0.25214025E-27
 0.29340000E+02   0.24188130E-27   0.24188130E-27
 0.29360000E+02   0.23203998E-27   0.23203998E-27
 0.29380000E+02   0.22259928E-27   0.22259928E-27
 0.29400000E+02   0.21354287E-27   0.21354287E-27
 0.29420000E+02   0.20485511E-27   0.20485511E-27
 0.29440000E+02   0.19652099E-27   0.19652099E-27
 0.29460000E+02   0.18852610E-27   0.18852610E-27
 0.29480000E+02   0.18085662E-27   0.18085662E-27
 0.29500000E+02   0.17349931E-27   0.17349931E-27
 0.29520000E+02   0.16644144E-27   0.16644144E-27
 0.29540000E+02   0.15967084E-27   0.15967084E-27
 0.29560000E+02   0.15317579E-27   0.15317579E-27
 0.29580000E+02   0.14694508E-27   0.14694508E-27
 0.29600000E+02   0.14096795E-27   0.14096795E-27
 0.29620000E+02   0.13523407E-27   0.13523407E-27
 0.29640000E+02   0.12973353E-27   0.12973353E-27
 0.29660000E+02   0.12445683E-27   0.12445683E-27
 0.29680000E+02   0.11939486E-27   0.11939486E-27
 0.29700000E+02   0.11453888E-27   0.11453888E-27
 0.29720000E+02   0.10988050E-27   0.10988050E-27
 0.29740000E+02   0.10541168E-27   0.10541168E-27
 0.29760000E+02   0.10112469E-27   0.10112469E-27
 0.29780000E+02   0.97012138E-28   0.97012138E-28
 0.29800000E+02   0.93066920E-28   0.93066920E-28
 0.29820000E+02   0.89282224E-28   0.89282224E-28
 0.29840000E+02   0.85651515E-28   0.85651515E-28
 0.29860000E+02   0.82168524E-28   0.82168524E-28
 0.29880000E+02   0.78827238E-28   0.78827238E-28
 0.29900000E+02   0.75621890E-28   0.75621890E-28
 0.29920000E+02   0.72546946E-28   0.72546946E-28
 0.29940000E+02   0.69597097E-28   0.69597097E-28
 0.29960000E+02   0.66767253E-28   0.66767253E-28
 0.29980000E+02   0.64052528E-28   0.64052528E-28
 0.30000000E+02   0.61448237E-28   0.61448237E-28
 0.30020000E+02   0.58949886E-28   0.58949886E-28
 0.30040000E+02   0.56553162E-28   0.56553162E-28
 0.30060000E+02   0.54253930E-28   0.54253930E-28
 0.30080000E+02   0.52048222E-28   0.52048222E-28
 0.30100000E+02   0.49932232E-28   0.49932232E-28
 0.30120000E+02   0.47902308E-28   0.47902308E-28
 0.30140000E+02   0.45954949E-28   0.45954949E-28
 0.30160000E+02   0.44086794E-28   0.44086794E-28
 0.30180000E+02   0.42294620E-28   0.42294620E-28
 0.30200000E+02   0.40575335E-28   0.40575335E-28
 0.30220000E+02   0.38925974E-28   0.38925974E-28
 0.30240000E+02   0.37343691E-28   0.37343691E-28
 0.30260000E+02   0.35825757E-28   0.35825757E-28
 0.30280000E+02   0.34369553E-28   0.34369553E-28
 0.30300000E+02   0.32972568E-28   0.32972568E-28
 0.30320000E+02   0.31632393E-28   0.31632393E-28
 0.30340000E+02   0.30346716E-28   0.30346716E-28
 0.30360000E+02   0.29113319E-28   0.29113319E-28
 0.30380000E+02   0.27930076E-28   0.27930076E-28
 0.30400000E+02   0.26794947E-28   0.26794947E-28
 0.30420000E+02   0.25705974E-28   0.25705974E-28
 0.30440000E+02   0.24661278E-28   0.24661278E-28
 0.30460000E+02   0.23659060E-28   0.23659060E-28
 0.30480000E+02   0.22697591E-28   0.22697591E-28
 0.30500000E+02   0.21775214E-28   0.21775214E-28
 0.30520000E+02   0.20890337E-28   0.20890337E-28
 0.30540000E+02   0.20041437E-28   0.20041437E-28
 0.30560000E+02   0.19227049E-28   0.19227049E-28
 0.30580000E+02   0.18445769E-28   0.18445769E-28
 0.30600000E+02   0.17696252E-28   0.17696252E-28
 0.30620000E+02   0.16977204E-28   0.16977204E-28
 0.30640000E+02   0.16287387E-28   0.16287387E-28
 0.30660000E+02   0.15625613E-28   0.15625613E-28
 0.30680000E+02   0.14990739E-28   0.14990739E-28
 0.30700000E+02   0.14381673E-28   0.14381673E-28
 0.30720000E+02   0.13797365E-28   0.13797365E-28
 0.30740000E+02   0.13236808E-28   0.13236808E-28
 0.30760000E+02   0.12699035E-28   0.12699035E-28
 0.30780000E+02   0.12183121E-28   0.12183121E-28
 0.30800000E+02   0.11688177E-28   0.11688177E-28
 0.30820000E+02   0.11213349E-28   0.11213349E-28
 0.30840000E+02   0.10757820E-28   0.10757820E-28
 0.30860000E+02   0.10320805E-28   0.10320805E-28
 0.30880000E+02   0.99015514E-29   0.99015514E-29
 0.30900000E+02   0.94993366E-29   0.94993366E-29
 0.30920000E+02   0.91134679E-29   0.91134679E-29
 0.30940000E+02   0.87432808E-29   0.87432808E-29
 0.30960000E+02   0.83881377E-29   0.83881377E-29
 0.30980000E+02   0.80474268E-29   0.80474268E-29
 0.31000000E+02   0.77205614E-29   0.77205614E-29
 0.31020000E+02   0.74069785E-29   0.74069785E-29
 0.31040000E+02   0.71061383E-29   0.71061383E-29
 0.31060000E+02   0.68175226E-29   0.68175226E-29
 0.31080000E+02   0.65406344E-29   0.65406344E-29
 0.31100000E+02   0.62749970E-29   0.62749970E-29
 0.31120000E+02   0.60201530E-29   0.60201530E-29
 0.31140000E+02   0.57756637E-29   0.57756637E-29
 0.31160000E+02   0.55411081E-29   0.55411081E-29
 0.31180000E+02   0.53160824E-29   0.53160824E-29
 0.31200000E+02   0.51001993E-29   0.51001993E-29
 0.31220000E+02   0.48930871E-29   0.48930871E-29
 0.31240000E+02   0.46943892E-29   0.46943892E-29
 0.31260000E+02   0.45037638E-29   0.45037638E-29
 0.31280000E+02   0.43208826E-29   0.43208826E-29
 0.31300000E+02   0.41454310E-29   0.41454310E-29
 0.31320000E+02   0.39771069E-29   0.39771069E-29
 0.31340000E+02   0.38156207E-29   0.38156207E-29
 0.31360000E+02   0.36606944E-29   0.36606944E-29
 0.31380000E+02   0.35120615E-29   0.35120615E-29
 0.31400000E+02   0.33694662E-29   0.33694662E-29
 0.31420000E+02   0.32326631E-29   0.32326631E-29
 0.31440000E+02   0.31014168E-29   0.31014168E-29
 0.31460000E+02   0.29755016E-29   0.29755016E-29
 0.31480000E+02   0.28547007E-29   0.28547007E-29
 0.31500000E+02   0.27388063E-29   0.27388063E-29
 0.31520000E+02   0.26276192E-29   0.26276192E-29
 0.31540000E+02   0.25209479E-29   0.25209479E-29
 0.31560000E+02   0.24186090E-29   0.24186090E-29
 0.31580000E+02   0.23204265E-29   0.23204265E-29
 0.31600000E+02   0.22262314E-29   0.22262314E-29
 0.31620000E+02   0.21358618E-29   0.21358618E-29
 0.31640000E+02   0.20491622E-29   0.20491622E-29
 0.31660000E+02   0.19659835E-29   0.19659835E-29
 0.31680000E+02   0.18861827E-29   0.18861827E-29
 0.31700000E+02   0.18096224E-29   0.18096224E-29
 0.31720000E+02   0.17361712E-29   0.17361712E-29
 0.31740000E+02   0.16657026E-29   0.16657026E-29
 0.31760000E+02   0.15980955E-29   0.15980955E-29
 0.31780000E+02   0.15332336E-29   0.15332336E-29
 0.31800000E+02   0.14710055E-29   0.14710055E-29
 0.31820000E+02   0.14113040E-29   0.14113040E-29
 0.31840000E+02   0.13540267E-29   0.13540267E-29
 0.31860000E+02   0.12990749E-29   0.12990749E-29
 0.31880000E+02   0.12463543E-29   0.12463543E-29
 0.31900000E+02   0.11957743E-29   0.11957743E-29
 0.31920000E+02   0.11472477E-29   0.11472477E-29
 0.31940000E+02   0.11006914E-29   0.11006914E-29
 0.31960000E+02   0.10560251E-29   0.10560251E-29
 0.31980000E+02   0.10131722E-29   0.10131722E-29
 0.32000000E+02   0.97205903E-30   0.97205903E-30
 0.32020000E+02   0.93261490E-30   0.93261490E-30
 0.32040000E+02   0.89477202E-30   0.89477202E-30
 0.32060000E+02   0.85846537E-30   0.85846537E-30
 0.32080000E+02   0.82363256E-30   0.82363256E-30
 0.32100000E+02   0.79021372E-30   0.79021372E-30
 0.32120000E+02   0.75815144E-30   0.75815144E-30
 0.32140000E+02   0.72739062E-30   0.72739062E-30
 0.32160000E+02   0.69787842E-30   0.69787842E-30
 0.32180000E+02   0.66956413E-30   0.66956413E-30
 0.32200000E+02   0.64239909E-30   0.64239909E-30
 0.32220000E+02   0.61633666E-30   0.61633666E-30
 0.32240000E+02   0.59133204E-30   0.59133204E-30
 0.32260000E+02   0.56734229E-30   0.56734229E-30
 0.32280000E+02   0.54432620E-30   0.54432620E-30
 0.32300000E+02   0.52224423E-30   0.52224423E-30
 0.32320000E+02   0.50105846E-30   0.50105846E-30
 0.32340000E+02   0.48073249E-30   0.48073249E-30
 0.32360000E+02   0.46123143E-30   0.46123143E-30
 0.32380000E+02   0.44252176E-30   0.44252176E-30
 0.32400000E+02   0.42457137E-30   0.42457137E-30
 0.32420000E+02   0.40734943E-30   0.40734943E-30
 0.32440000E+02   0.39082636E-30   0.39082636E-30
 0.32460000E+02   0.37497380E-30   0.37497380E-30
 0.32480000E+02   0.35976451E-30   0.35976451E-30
 0.32500000E+02   0.34517238E-30   0.34517238E-30
 0.32520000E+02   0.33117237E-30   0.33117237E-30
 0.32540000E+02   0.31774043E-30   0.31774043E-30
 0.32560000E+02   0.30485350E-30   0.30485350E-30
 0.32580000E+02   0.29248947E-30   0.29248947E-30
 0.32600000E+02   0.28062709E-30   0.28062709E-30
 0.32620000E+02   0.26924602E-30   0.26924602E-30
 0.32640000E+02   0.25832671E-30   0.25832671E-30
 0.32660000E+02   0.24785042E-30   0.24785042E-30
 0.32680000E+02   0.23779917E-30   0.23779917E-30
 0.32700000E+02   0.22815570E-30   0.22815570E-30
 0.32720000E+02   0.21890347E-30   0.21890347E-30
 0.32740000E+02   0.21002659E-30   0.21002659E-30
 0.32760000E+02   0.20150984E-30   0.20150984E-30
 0.32780000E+02   0.19333859E-30   0.19333859E-30
 0.32800000E+02   0.18549883E-30   0.18549883E-30
 0.32820000E+02   0.17797710E-30   0.17797710E-30
 0.32840000E+02   0.17076048E-30   0.17076048E-30
 0.32860000E+02   0.16383661E-30   0.16383661E-30
 0.32880000E+02   0.15719360E-30   0.15719360E-30
 0.32900000E+02   0.15082006E-30   0.15082006E-30
 0.32920000E+02   0.14470504E-30   0.14470504E-30
 0.32940000E+02   0.13883805E-30   0.13883805E-30
 0.32960000E+02   0.13320904E-30   0.13320904E-30
 0.32980000E+02   0.12780835E-30   0.12780835E-30
 0.33000000E+02   0.12262670E-30   0.12262670E-30
 0.33020000E+02   0.11765522E-30   0.11765522E-30
 0.33040000E+02   0.11288537E-30   0.11288537E-30
 0.33060000E+02   0.10830898E-30   0.10830898E-30
 0.33080000E+02   0.10391818E-30   0.10391818E-30
 0.33100000E+02   0.99705467E-31   0.99705467E-31
 0.33120000E+02   0.95663598E-31   0.95663598E-31
 0.33140000E+02   0.91785645E-31   0.91785645E-31
 0.33160000E+02   0.88064959E-31   0.88064959E-31
 0.33180000E+02   0.84495158E-31   0.84495158E-31
 0.33200000E+02   0.81070122E-31   0.81070122E-31
 0.33220000E+02   0.77783977E-31   0.77783977E-31
 0.33240000E+02   0.74631089E-31   0.74631089E-31
 0.33260000E+02   0.71606051E-31   0.71606051E-31
 0.33280000E+02   0.68703678E-31   0.68703678E-31
 0.33300000E+02   0.65918992E-31   0.65918992E-31
 0.33320000E+02   0.63247221E-31   0.63247221E-31
 0.33340000E+02   0.60683783E-31   0.60683783E-31
 0.33360000E+02   0.58224285E-31   0.58224285E-31
 0.33380000E+02   0.55864509E-31   0.55864509E-31
 0.33400000E+02   0.53600412E-31   0.53600412E-31
 0.33420000E+02   0.51428111E-31   0.51428111E-31
 0.33440000E+02   0.49343884E-31   0.49343884E-31
 0.33460000E+02   0.47344159E-31   0.47344159E-31
 0.33480000E+02   0.45425507E-31   0.45425507E-31
 0.33500000E+02   0.43584642E-31   0.43584642E-31
 0.33520000E+02   0.41818406E-31   0.41818406E-31
 0.33540000E+02   0.40123775E-31   0.40123775E-31
 0.33560000E+02   0.38497844E-31   0.38497844E-31
 0.33580000E+02   0.36937826E-31   0.36937826E-31
 0.33600000E+02   0.35441049E-31   0.35441049E-31
 0.33620000E+02   0.34004948E-31   0.34004948E-31
 0.33640000E+02   0.32627062E-31   0.32627062E-31
 0.33660000E+02   0.31305030E-31   0.31305030E-31
 0.33680000E+02   0.30036587E-31   0.30036587E-31
 0.33700000E+02   0.28819561E-31   0.28819561E-31
 0.33720000E+02   0.27651865E-31   0.27651865E-31
 0.33740000E+02   0.26531501E-31   0.26531501E-31
 0.33760000E+02   0.25456547E-31   0.25456547E-31
 0.33780000E+02   0.24425164E-31   0.24425164E-31
 0.33800000E+02   0.23435585E-31   0.23435585E-31
 0.33820000E+02   0.22486113E-31   0.22486113E-31
 0.33840000E+02   0.21575124E-31   0.21575124E-31
 0.33860000E+02   0.20701056E-31   0.20701056E-31
 0.33880000E+02   0.19862413E-31   0.19862413E-31
 0.33900000E+02   0.19057759E-31   0.19057759E-31
 0.33920000E+02   0.18285715E-31   0.18285715E-31
 0.33940000E+02   0.17544959E-31   0.17544959E-31
 0.33960000E+02   0.16834223E-31   0.16834223E-31
 0.33980000E+02   0.16152290E-31   0.16152290E-31
 0.34000000E+02   0.15497992E-31   0.15497992E-31
 0.34020000E+02   0.14870208E-31   0.14870208E-31
 0.34040000E+02   0.14267864E-31   0.14267864E-31
 0.34060000E+02   0.13689929E-31   0.13689929E-31
 0.34080000E+02   0.13135412E-31   0.13135412E-31
 0.34100000E+02   0.12603366E-31   0.12603366E-31
 0.34120000E+02   0.12092877E-31   0.12092877E-31
 0.34140000E+02   0.11603074E-31   0.11603074E-31
 0.34160000E+02   0.11133117E-31   0.11133117E-31
 0.34180000E+02   0.10682202E-31   0.10682202E-31
 0.34200000E+02   0.10249557E-31   0.10249557E-31
 0.34220000E+02   0.98344419E-32   0.98344419E-32
 0.34240000E+02   0.94361454E-32   0.94361454E-32
 0.34260000E+02   0.90539862E-32   0.90539862E-32
 0.34280000E+02   0.86873101E-32   0.86873101E-32
 0.34300000E+02   0.83354896E-32   0.83354896E-32
 0.34320000E+02   0.79979227E-32   0.79979227E-32
 0.34340000E+02   0.76740317E-32   0.76740317E-32
 0.34360000E+02   0.73632622E-32   0.73632622E-32
 0.34380000E+02   0.70650825E-32   0.70650825E-32
 0.34400000E+02   0.67789824E-32   0.67789824E-32
 0.34420000E+02   0.65044722E-32   0.65044722E-32
 0.34440000E+02   0.62410824E-32   0.62410824E-32
 0.34460000E+02   0.59883622E-32   0.59883622E-32
 0.34480000E+02   0.57458793E-32   0.57458793E-32
 0.34500000E+02   0.55132189E-32   0.55132189E-32
 0.34520000E+02   0.52899827E-32   0.52899827E-32
 0.34540000E+02   0.50757891E-32   0.50757891E-32
 0.34560000E+02   0.48702715E-32   0.48702715E-32
 0.34580000E+02   0.46730784E-32   0.46730784E-32
 0.34600000E+02   0.44838725E-32   0.44838725E-32
 0.34620000E+02   0.43023302E-32   0.43023302E-32
 0.34640000E+02   0.41281408E-32   0.41281408E-32
 0.34660000E+02   0.39610065E-32   0.39610065E-32
 0.34680000E+02   0.38006415E-32   0.38006415E-32
 0.34700000E+02   0.36467714E-32   0.36467714E-32
 0.34720000E+02   0.34991331E-32   0.34991331E-32
 0.34740000E+02   0.33574741E-32   0.33574741E-32
 0.34760000E+02   0.32215522E-32   0.32215522E-32
 0.34780000E+02   0.30911349E-32   0.30911349E-32
 0.34800000E+02   0.29659992E-32   0.29659992E-32
 0.34820000E+02   0.28459312E-32   0.28459312E-32
 0.34840000E+02   0.27307255E-32   0.27307255E-32
 0.34860000E+02   0.26201851E-32   0.26201851E-32
 0.34880000E+02   0.25141211E-32   0.25141211E-32
 0.34900000E+02   0.24123521E-32   0.24123521E-32
 0.34920000E+02   0.23147042E-32   0.23147042E-32
 0.34940000E+02   0.22210103E-32   0.22210103E-32
 0.34960000E+02   0.21311103E-32   0.21311103E-32
 0.34980000E+02   0.20448505E-32   0.20448505E-32
 0.35000000E+02   0.19620836E-32   0.19620836E-32
 0.35020000E+02   0.18826679E-32   0.18826679E-32
 0.35040000E+02   0.18064677E-32   0.18064677E-32
 0.35060000E+02   0.17333529E-32   0.17333529E-32
 0.35080000E+02   0.16631983E-32   0.16631983E-32
 0.35100000E+02   0.15958842E-32   0.15958842E-32
 0.35120000E+02   0.15312955E-32   0.15312955E-32
 0.35140000E+02   0.14693218E-32   0.14693218E-32
 0.35160000E+02   0.14098571E-32   0.14098571E-32
 0.35180000E+02   0.13527999E-32   0.13527999E-32
 0.35200000E+02   0.12980527E-32   0.12980527E-32
 0.35220000E+02   0.12455219E-32   0.12455219E-32
 0.35240000E+02   0.11951177E-32   0.11951177E-32
 0.35260000E+02   0.11467540E-32   0.11467540E-32
 0.35280000E+02   0.11003482E-32   0.11003482E-32
 0.35300000E+02   0.10558210E-32   0.10558210E-32
 0.35320000E+02   0.10130962E-32   0.10130962E-32
 0.35340000E+02   0.97210104E-33   0.97210104E-33
 0.35360000E+02   0.93276533E-33   0.93276533E-33
 0.35380000E+02   0.89502189E-33   0.89502189E-33
 0.35400000E+02   0.85880625E-33   0.85880625E-33
 0.35420000E+02   0.82405654E-33   0.82405654E-33
 0.35440000E+02   0.79071341E-33   0.79071341E-33
 0.35460000E+02   0.75871990E-33   0.75871990E-33
 0.35480000E+02   0.72802136E-33   0.72802136E-33
 0.35500000E+02   0.69856536E-33   0.69856536E-33
 0.35520000E+02   0.67030158E-33   0.67030158E-33
 0.35540000E+02   0.64318176E-33   0.64318176E-33
 0.35560000E+02   0.61715957E-33   0.61715957E-33
 0.35580000E+02   0.59219058E-33   0.59219058E-33
 0.35600000E+02   0.56823213E-33   0.56823213E-33
 0.35620000E+02   0.54524333E-33   0.54524333E-33
 0.35640000E+02   0.52318491E-33   0.52318491E-33
 0.35660000E+02   0.50201920E-33   0.50201920E-33
 0.35680000E+02   0.48171007E-33   0.48171007E-33
 0.35700000E+02   0.46222282E-33   0.46222282E-33
 0.35720000E+02   0.44352420E-33   0.44352420E-33
 0.35740000E+02   0.42558228E-33   0.42558228E-33
 0.35760000E+02   0.40836642E-33   0.40836642E-33
 0.35780000E+02   0.39184722E-33   0.39184722E-33
 0.35800000E+02   0.37599650E-33   0.37599650E-33
 0.35820000E+02   0.36078718E-33   0.36078718E-33
 0.35840000E+02   0.34619330E-33   0.34619330E-33
 0.35860000E+02   0.33218996E-33   0.33218996E-33
 0.35880000E+02   0.31875324E-33   0.31875324E-33
 0.35900000E+02   0.30586021E-33   0.30586021E-33
 0.35920000E+02   0.29348887E-33   0.29348887E-33
 0.35940000E+02   0.28161809E-33   0.28161809E-33
 0.35960000E+02   0.27022762E-33   0.27022762E-33
 0.35980000E+02   0.25929802E-33   0.25929802E-33
 0.36000000E+02   0.24881062E-33   0.24881062E-33
 0.36020000E+02   0.23874754E-33   0.23874754E-33
 0.36040000E+02   0.22909160E-33   0.22909160E-33
 0.36060000E+02   0.21982632E-33   0.21982632E-33
 0.36080000E+02   0.21093589E-33   0.21093589E-33
 0.36100000E+02   0.20240514E-33   0.20240514E-33
 0.36120000E+02   0.19421952E-33   0.19421952E-33
 0.36140000E+02   0.18636505E-33   0.18636505E-33
 0.36160000E+02   0.17882833E-33   0.17882833E-33
 0.36180000E+02   0.17159651E-33   0.17159651E-33
 0.36200000E+02   0.16465724E-33   0.16465724E-33
 0.36220000E+02   0.15799869E-33   0.15799869E-33
 0.36240000E+02   0.15160950E-33   0.15160950E-33
 0.36260000E+02   0.14547876E-33   0.14547876E-33
 0.36280000E+02   0.13959603E-33   0.13959603E-33
 0.36300000E+02   0.13395125E-33   0.13395125E-33
 0.36320000E+02   0.12853481E-33   0.12853481E-33
 0.36340000E+02   0.12333746E-33   0.12333746E-33
 0.36360000E+02   0.11835033E-33   0.11835033E-33
 0.36380000E+02   0.11356493E-33   0.11356493E-33
 0.36400000E+02   0.10897309E-33   0.10897309E-33
 0.36420000E+02   0.10456698E-33   0.10456698E-33
 0.36440000E+02   0.10033908E-33   0.10033908E-33
 0.36460000E+02   0.96282186E-34   0.96282186E-34
 0.36480000E+02   0.92389372E-34   0.92389372E-34
 0.36500000E+02   0.88654004E-34   0.88654004E-34
 0.36520000E+02   0.85069710E-34   0.85069710E-34
 0.36540000E+02   0.81630378E-34   0.81630378E-34
 0.36560000E+02   0.78330145E-34   0.78330145E-34
 0.36580000E+02   0.75163381E-34   0.75163381E-34
 0.36600000E+02   0.72124688E-34   0.72124688E-34
 0.36620000E+02   0.69208883E-34   0.69208883E-34
 0.36640000E+02   0.66410997E-34   0.66410997E-34
 0.36660000E+02   0.63726258E-34   0.63726258E-34
 0.36680000E+02   0.61150088E-34   0.61150088E-34
 0.36700000E+02   0.58678097E-34   0.58678097E-34
 0.36720000E+02   0.56306069E-34   0.56306069E-34
 0.36740000E+02   0.54029962E-34   0.54029962E-34
 0.36760000E+02   0.51845893E-34   0.51845893E-34
 0.36780000E+02   0.49750142E-34   0.49750142E-34
 0.36800000E+02   0.47739135E-34   0.47739135E-34
 0.36820000E+02   0.45809444E-34   0.45809444E-34
 0.36840000E+02   0.43957780E-34   0.43957780E-34
 0.36860000E+02   0.42180987E-34   0.42180987E-34
 0.36880000E+02   0.40476037E-34   0.40476037E-34
 0.36900000E+02   0.38840023E-34   0.38840023E-34
 0.36920000E+02   0.37270158E-34   0.37270158E-34
 0.36940000E+02   0.35763766E-34   0.35763766E-34
 0.36960000E+02   0.34318280E-34   0.34318280E-34
 0.36980000E+02   0.32931236E-34   0.32931236E-34
 0.37000000E+02   0.31600270E-34   0.31600270E-34
 0.37020000E+02   0.30323116E-34   0.30323116E-34
 0.37040000E+02   0.29097596E-34   0.29097596E-34
 0.37060000E+02   0.27921622E-34   0.27921622E-34
 0.37080000E+02   0.26793190E-34   0.26793190E-34
 0.37100000E+02   0.25710378E-34   0.25710378E-34
 0.37120000E+02   0.24671341E-34   0.24671341E-34
 0.37140000E+02   0.23674308E-34   0.23674308E-34
 0.37160000E+02   0.22717581E-34   0.22717581E-34
 0.37180000E+02   0.21799530E-34   0.21799530E-34
 0.37200000E+02   0.20918591E-34   0.20918591E-34
 0.37220000E+02   0.20073263E-34   0.20073263E-34
 0.37240000E+02   0.19262107E-34   0.19262107E-34
 0.37260000E+02   0.18483739E-34   0.18483739E-34
 0.37280000E+02   0.17736835E-34   0.17736835E-34
 0.37300000E+02   0.17020123E-34   0.17020123E-34
 0.37320000E+02   0.16332380E-34   0.16332380E-34
 0.37340000E+02   0.15672437E-34   0.15672437E-34
 0.37360000E+02   0.15039169E-34   0.15039169E-34
 0.37380000E+02   0.14431497E-34   0.14431497E-34
 0.37400000E+02   0.13848386E-34   0.13848386E-34
 0.37420000E+02   0.13288845E-34   0.13288845E-34
 0.37440000E+02   0.12751918E-34   0.12751918E-34
 0.37460000E+02   0.12236693E-34   0.12236693E-34
 0.37480000E+02   0.11742291E-34   0.11742291E-34
 0.37500000E+02   0.11267871E-34   0.11267871E-34
 0.37520000E+02   0.10812625E-34   0.10812625E-34
 0.37540000E+02   0.10375778E-34   0.10375778E-34
 0.37560000E+02   0.99565864E-35   0.99565864E-35
 0.37580000E+02   0.95543355E-35   0.95543355E-35
 0.37600000E+02   0.91683410E-35   0.91683410E-35
 0.37620000E+02   0.87979456E-35   0.87979456E-35
 0.37640000E+02   0.84425187E-35   0.84425187E-35
 0.37660000E+02   0.81014552E-35   0.81014552E-35
 0.37680000E+02   0.77741745E-35   0.77741745E-35
 0.37700000E+02   0.74601194E-35   0.74601194E-35
 0.37720000E+02   0.71587553E-35   0.71587553E-35
 0.37740000E+02   0.68695692E-35   0.68695692E-35
 0.37760000E+02   0.65920687E-35   0.65920687E-35
 0.37780000E+02   0.63257817E-35   0.63257817E-35
 0.37800000E+02   0.60702547E-35   0.60702547E-35
 0.37820000E+02   0.58250528E-35   0.58250528E-35
 0.37840000E+02   0.55897588E-35   0.55897588E-35
 0.37860000E+02   0.53639721E-35   0.53639721E-35
 0.37880000E+02   0.51473085E-35   0.51473085E-35
 0.37900000E+02   0.49393992E-35   0.49393992E-35
 0.37920000E+02   0.47398903E-35   0.47398903E-35
 0.37940000E+02   0.45484425E-35   0.45484425E-35
 0.37960000E+02   0.43647297E-35   0.43647297E-35
 0.37980000E+02   0.41884395E-35   0.41884395E-35
 0.38000000E+02   0.40192719E-35   0.40192719E-35
 0.38020000E+02   0.38569389E-35   0.38569389E-35
 0.38040000E+02   0.37011644E-35   0.37011644E-35
 0.38060000E+02   0.35516833E-35   0.35516833E-35
 0.38080000E+02   0.34082412E-35   0.34082412E-35
 0.38100000E+02   0.32705942E-35   0.32705942E-35
 0.38120000E+02   0.31385080E-35   0.31385080E-35
 0.38140000E+02   0.30117578E-35   0.30117578E-35
 0.38160000E+02   0.28901281E-35   0.28901281E-35
 0.38180000E+02   0.27734120E-35   0.27734120E-35
 0.38200000E+02   0.26614108E-35   0.26614108E-35
 0.38220000E+02   0.25539341E-35   0.25539341E-35
 0.38240000E+02   0.24507990E-35   0.24507990E-35
 0.38260000E+02   0.23518300E-35   0.23518300E-35
 0.38280000E+02   0.22568589E-35   0.22568589E-35
 0.38300000E+02   0.21657241E-35   0.21657241E-35
 0.38320000E+02   0.20782705E-35   0.20782705E-35
 0.38340000E+02   0.19943495E-35   0.19943495E-35
 0.38360000E+02   0.19138183E-35   0.19138183E-35
 0.38380000E+02   0.18365399E-35   0.18365399E-35
 0.38400000E+02   0.17623829E-35   0.17623829E-35
 0.38420000E+02   0.16912211E-35   0.16912211E-35
 0.38440000E+02   0.16229337E-35   0.16229337E-35
 0.38460000E+02   0.15574043E-35   0.15574043E-35
 0.38480000E+02   0.14945216E-35   0.14945216E-35
 0.38500000E+02   0.14341788E-35   0.14341788E-35
 0.38520000E+02   0.13762730E-35   0.13762730E-35
 0.38540000E+02   0.13207060E-35   0.13207060E-35
 0.38560000E+02   0.12673831E-35   0.12673831E-35
 0.38580000E+02   0.12162138E-35   0.12162138E-35
 0.38600000E+02   0.11671110E-35   0.11671110E-35
 0.38620000E+02   0.11199913E-35   0.11199913E-35
 0.38640000E+02   0.10747745E-35   0.10747745E-35
 0.38660000E+02   0.10313838E-35   0.10313838E-35
 0.38680000E+02   0.98974535E-36   0.98974535E-36
 0.38700000E+02   0.94978844E-36   0.94978844E-36
 0.38720000E+02   0.91144511E-36   0.91144511E-36
 0.38740000E+02   0.87465018E-36   0.87465018E-36
 0.38760000E+02   0.83934111E-36   0.83934111E-36
 0.38780000E+02   0.80545786E-36   0.80545786E-36
 0.38800000E+02   0.77294286E-36   0.77294286E-36
 0.38820000E+02   0.74174083E-36   0.74174083E-36
 0.38840000E+02   0.71179874E-36   0.71179874E-36
 0.38860000E+02   0.68306569E-36   0.68306569E-36
 0.38880000E+02   0.65549285E-36   0.65549285E-36
 0.38900000E+02   0.62903335E-36   0.62903335E-36
 0.38920000E+02   0.60364224E-36   0.60364224E-36
 0.38940000E+02   0.57927634E-36   0.57927634E-36
 0.38960000E+02   0.55589427E-36   0.55589427E-36
 0.38980000E+02   0.53345628E-36   0.53345628E-36
 0.39000000E+02   0.51192424E-36   0.51192424E-36
 0.39020000E+02   0.49126156E-36   0.49126156E-36
 0.39040000E+02   0.47143313E-36   0.47143313E-36
 0.39060000E+02   0.45240526E-36   0.45240526E-36
 0.39080000E+02   0.43414562E-36   0.43414562E-36
 0.39100000E+02   0.41662318E-36   0.41662318E-36
 0.39120000E+02   0.39980816E-36   0.39980816E-36
 0.39140000E+02   0.38367201E-36   0.38367201E-36
 0.39160000E+02   0.36818729E-36   0.36818729E-36
 0.39180000E+02   0.35332771E-36   0.35332771E-36
 0.39200000E+02   0.33906803E-36   0.33906803E-36
 0.39220000E+02   0.32538401E-36   0.32538401E-36
 0.39240000E+02   0.31225240E-36   0.31225240E-36
 0.39260000E+02   0.29965091E-36   0.29965091E-36
 0.39280000E+02   0.28755812E-36   0.28755812E-36
 0.39300000E+02   0.27595350E-36   0.27595350E-36
 0.39320000E+02   0.26481733E-36   0.26481733E-36
 0.39340000E+02   0.25413069E-36   0.25413069E-36
 0.39360000E+02   0.24387543E-36   0.24387543E-36
 0.39380000E+02   0.23403414E-36   0.23403414E-36
 0.39400000E+02   0.22459009E-36   0.22459009E-36
 0.39420000E+02   0.21552726E-36   0.21552726E-36
 0.39440000E+02   0.20683024E-36   0.20683024E-36
 0.39460000E+02   0.19848427E-36   0.19848427E-36
 0.39480000E+02   0.19047517E-36   0.19047517E-36
 0.39500000E+02   0.18278935E-36   0.18278935E-36
 0.39520000E+02   0.17541374E-36   0.17541374E-36
 0.39540000E+02   0.16833583E-36   0.16833583E-36
 0.39560000E+02   0.16154359E-36   0.16154359E-36
 0.39580000E+02   0.15502549E-36   0.15502549E-36
 0.39600000E+02   0.14877047E-36   0.14877047E-36
 0.39620000E+02   0.14276790E-36   0.14276790E-36
 0.39640000E+02   0.13700759E-36   0.13700759E-36
 0.39660000E+02   0.13147976E-36   0.13147976E-36
 0.39680000E+02   0.12617503E-36   0.12617503E-36
 0.39700000E+02   0.12108438E-36   0.12108438E-36
 0.39720000E+02   0.11619918E-36   0.11619918E-36
 0.39740000E+02   0.11151113E-36   0.11151113E-36
 0.39760000E+02   0.10701228E-36   0.10701228E-36
 0.39780000E+02   0.10269498E-36   0.10269498E-36
 0.39800000E+02   0.98551906E-37   0.98551906E-37
 0.39820000E+02   0.94576027E-37   0.94576027E-37
 0.39840000E+02   0.90760593E-37   0.90760593E-37
 0.39860000E+02   0.87099127E-37   0.87099127E-37
 0.39880000E+02   0.83585414E-37   0.83585414E-37
 0.39900000E+02   0.80213490E-37   0.80213490E-37
 0.39920000E+02   0.76977632E-37   0.76977632E-37
 0.39940000E+02   0.73872347E-37   0.73872347E-37
 0.39960000E+02   0.70892365E-37   0.70892365E-37
 0.39980000E+02   0.68032629E-37   0.68032629E-37
 0.40000000E+02   0.65288284E-37   0.65288284E-37

Wood-Saxon orbitals: densities
        r              rho_p            rho_n
 0.20000000E-01   0.12704229E+00   0.12704229E+00
 0.40000000E-01   0.12695926E+00   0.12695926E+00
 0.60000000E-01   0.12682069E+00   0.12682069E+00
 0.80000000E-01   0.12662712E+00   0.12662712E+00
 0.10000000E+00   0.12637897E+00   0.12637897E+00
 0.12000000E+00   0.12607674E+00   0.12607674E+00
 0.14000000E+00   0.12572095E+00   0.12572095E+00
 0.16000000E+00   0.12531220E+00   0.12531220E+00
 0.18000000E+00   0.12485113E+00   0.12485113E+00
 0.20000000E+00   0.12433844E+00   0.12433844E+00
 0.22000000E+00   0.12377490E+00   0.12377490E+00
 0.24000000E+00   0.12316132E+00   0.12316132E+00
 0.26000000E+00   0.12249857E+00   0.12249857E+00
 0.28000000E+00   0.12178757E+00   0.12178757E+00
 0.30000000E+00   0.12102930E+00   0.12102930E+00
 0.32000000E+00   0.12022476E+00   0.12022476E+00
 0.34000000E+00   0.11937503E+00   0.11937503E+00
 0.36000000E+00   0.11848122E+00   0.11848122E+00
 0.38000000E+00   0.11754448E+00   0.11754448E+00
 0.40000000E+00   0.11656600E+00   0.11656600E+00
 0.42000000E+00   0.11554702E+00   0.11554702E+00
 0.44000000E+00   0.11448879E+00   0.11448879E+00
 0.46000000E+00   0.11339264E+00   0.11339264E+00
 0.48000000E+00   0.11225988E+00   0.11225988E+00
 0.50000000E+00   0.11109188E+00   0.11109188E+00
 0.52000000E+00   0.10989004E+00   0.10989004E+00
 0.54000000E+00   0.10865577E+00   0.10865577E+00
 0.56000000E+00   0.10739049E+00   0.10739049E+00
 0.58000000E+00   0.10609568E+00   0.10609568E+00
 0.60000000E+00   0.10477281E+00   0.10477281E+00
 0.62000000E+00   0.10342336E+00   0.10342336E+00
 0.64000000E+00   0.10204883E+00   0.10204883E+00
 0.66000000E+00   0.10065075E+00   0.10065075E+00
 0.68000000E+00   0.99230616E-01   0.99230616E-01
 0.70000000E+00   0.97789965E-01   0.97789965E-01
 0.72000000E+00   0.96330319E-01   0.96330319E-01
 0.74000000E+00   0.94853205E-01   0.94853205E-01
 0.76000000E+00   0.93360146E-01   0.93360146E-01
 0.78000000E+00   0.91852663E-01   0.91852663E-01
 0.80000000E+00   0.90332265E-01   0.90332265E-01
 0.82000000E+00   0.88800457E-01   0.88800457E-01
 0.84000000E+00   0.87258728E-01   0.87258728E-01
 0.86000000E+00   0.85708557E-01   0.85708557E-01
 0.88000000E+00   0.84151403E-01   0.84151403E-01
 0.90000000E+00   0.82588711E-01   0.82588711E-01
 0.92000000E+00   0.81021902E-01   0.81021902E-01
 0.94000000E+00   0.79452377E-01   0.79452377E-01
 0.96000000E+00   0.77881514E-01   0.77881514E-01
 0.98000000E+00   0.76310663E-01   0.76310663E-01
 0.10000000E+01   0.74741146E-01   0.74741146E-01
 0.10200000E+01   0.73174260E-01   0.73174260E-01
 0.10400000E+01   0.71611266E-01   0.71611266E-01
 0.10600000E+01   0.70053396E-01   0.70053396E-01
 0.10800000E+01   0.68501848E-01   0.68501848E-01
 0.11000000E+01   0.66957784E-01   0.66957784E-01
 0.11200000E+01   0.65422331E-01   0.65422331E-01
 0.11400000E+01   0.63896577E-01   0.63896577E-01
 0.11600000E+01   0.62381574E-01   0.62381574E-01
 0.11800000E+01   0.60878333E-01   0.60878333E-01
 0.12000000E+01   0.59387826E-01   0.59387826E-01
 0.12200000E+01   0.57910984E-01   0.57910984E-01
 0.12400000E+01   0.56448697E-01   0.56448697E-01
 0.12600000E+01   0.55001812E-01   0.55001812E-01
 0.12800000E+01   0.53571136E-01   0.53571136E-01
 0.13000000E+01   0.52157431E-01   0.52157431E-01
 0.13200000E+01   0.50761417E-01   0.50761417E-01
 0.13400000E+01   0.49383772E-01   0.49383772E-01
 0.13600000E+01   0.48025130E-01   0.48025130E-01
 0.13800000E+01   0.46686084E-01   0.46686084E-01
 0.14000000E+01   0.45367181E-01   0.45367181E-01
 0.14200000E+01   0.44068928E-01   0.44068928E-01
 0.14400000E+01   0.42791790E-01   0.42791790E-01
 0.14600000E+01   0.41536190E-01   0.41536190E-01
 0.14800000E+01   0.40302508E-01   0.40302508E-01
 0.15000000E+01   0.39091086E-01   0.39091086E-01
 0.15200000E+01   0.37902225E-01   0.37902225E-01
 0.15400000E+01   0.36736187E-01   0.36736187E-01
 0.15600000E+01   0.35593194E-01   0.35593194E-01
 0.15800000E+01   0.34473434E-01   0.34473434E-01
 0.16000000E+01   0.33377054E-01   0.33377054E-01
 0.16200000E+01   0.32304169E-01   0.32304169E-01
 0.16400000E+01   0.31254857E-01   0.31254857E-01
 0.16600000E+01   0.30229164E-01   0.30229164E-01
 0.16800000E+01   0.29227101E-01   0.29227101E-01
 0.17000000E+01   0.28248652E-01   0.28248652E-01
 0.17200000E+01   0.27293766E-01   0.27293766E-01
 0.17400000E+01   0.26362366E-01   0.26362366E-01
 0.17600000E+01   0.25454346E-01   0.25454346E-01
 0.17800000E+01   0.24569575E-01   0.24569575E-01
 0.18000000E+01   0.23707894E-01   0.23707894E-01
 0.18200000E+01   0.22869124E-01   0.22869124E-01
 0.18400000E+01   0.22053061E-01   0.22053061E-01
 0.18600000E+01   0.21259478E-01   0.21259478E-01
 0.18800000E+01   0.20488130E-01   0.20488130E-01
 0.19000000E+01   0.19738755E-01   0.19738755E-01
 0.19200000E+01   0.19011069E-01   0.19011069E-01
 0.19400000E+01   0.18304775E-01   0.18304775E-01
 0.19600000E+01   0.17619560E-01   0.17619560E-01
 0.19800000E+01   0.16955097E-01   0.16955097E-01
 0.20000000E+01   0.16311047E-01   0.16311047E-01
 0.20200000E+01   0.15687059E-01   0.15687059E-01
 0.20400000E+01   0.15082773E-01   0.15082773E-01
 0.20600000E+01   0.14497817E-01   0.14497817E-01
 0.20800000E+01   0.13931813E-01   0.13931813E-01
 0.21000000E+01   0.13384377E-01   0.13384377E-01
 0.21200000E+01   0.12855118E-01   0.12855118E-01
 0.21400000E+01   0.12343639E-01   0.12343639E-01
 0.21600000E+01   0.11849541E-01   0.11849541E-01
 0.21800000E+01   0.11372420E-01   0.11372420E-01
 0.22000000E+01   0.10911871E-01   0.10911871E-01
 0.22200000E+01   0.10467487E-01   0.10467487E-01
 0.22400000E+01   0.10038863E-01   0.10038863E-01
 0.22600000E+01   0.96255898E-02   0.96255898E-02
 0.22800000E+01   0.92272627E-02   0.92272627E-02
 0.23000000E+01   0.88434772E-02   0.88434772E-02
 0.23200000E+01   0.84738312E-02   0.84738312E-02
 0.23400000E+01   0.81179257E-02   0.81179257E-02
 0.23600000E+01   0.77753650E-02   0.77753650E-02
 0.23800000E+01   0.74457573E-02   0.74457573E-02
 0.24000000E+01   0.71287153E-02   0.71287153E-02
 0.24200000E+01   0.68238565E-02   0.68238565E-02
 0.24400000E+01   0.65308039E-02   0.65308039E-02
 0.24600000E+01   0.62491857E-02   0.62491857E-02
 0.24800000E+01   0.59786366E-02   0.59786366E-02
 0.25000000E+01   0.57187971E-02   0.57187971E-02
 0.25200000E+01   0.54693147E-02   0.54693147E-02
 0.25400000E+01   0.52298432E-02   0.52298432E-02
 0.25600000E+01   0.50000439E-02   0.50000439E-02
 0.25800000E+01   0.47795848E-02   0.47795848E-02
 0.26000000E+01   0.45681415E-02   0.45681415E-02
 0.26200000E+01   0.43653971E-02   0.43653971E-02
 0.26400000E+01   0.41710418E-02   0.41710418E-02
 0.26600000E+01   0.39847740E-02   0.39847740E-02
 0.26800000E+01   0.38062993E-02   0.38062993E-02
 0.27000000E+01   0.36353313E-02   0.36353313E-02
 0.27200000E+01   0.34715911E-02   0.34715911E-02
 0.27400000E+01   0.33148075E-02   0.33148075E-02
 0.27600000E+01   0.31647173E-02   0.31647173E-02
 0.27800000E+01   0.30210645E-02   0.30210645E-02
 0.28000000E+01   0.28836009E-02   0.28836009E-02
 0.28200000E+01   0.27520860E-02   0.27520860E-02
 0.28400000E+01   0.26262863E-02   0.26262863E-02
 0.28600000E+01   0.25059760E-02   0.25059760E-02
 0.28800000E+01   0.23909365E-02   0.23909365E-02
 0.29000000E+01   0.22809561E-02   0.22809561E-02
 0.29200000E+01   0.21758306E-02   0.21758306E-02
 0.29400000E+01   0.20753621E-02   0.20753621E-02
 0.29600000E+01   0.19793600E-02   0.19793600E-02
 0.29800000E+01   0.18876399E-02   0.18876399E-02
 0.30000000E+01   0.18000242E-02   0.18000242E-02
 0.30200000E+01   0.17163416E-02   0.17163416E-02
 0.30400000E+01   0.16364267E-02   0.16364267E-02
 0.30600000E+01   0.15601205E-02   0.15601205E-02
 0.30800000E+01   0.14872698E-02   0.14872698E-02
 0.31000000E+01   0.14177270E-02   0.14177270E-02
 0.31200000E+01   0.13513502E-02   0.13513502E-02
 0.31400000E+01   0.12880028E-02   0.12880028E-02
 0.31600000E+01   0.12275537E-02   0.12275537E-02
 0.31800000E+01   0.11698767E-02   0.11698767E-02
 0.32000000E+01   0.11148506E-02   0.11148506E-02
 0.32200000E+01   0.10623591E-02   0.10623591E-02
 0.32400000E+01   0.10122904E-02   0.10122904E-02
 0.32600000E+01   0.96453742E-03   0.96453742E-03
 0.32800000E+01   0.91899717E-03   0.91899717E-03
 0.33000000E+01   0.87557105E-03   0.87557105E-03
 0.33200000E+01   0.83416448E-03   0.83416448E-03
 0.33400000E+01   0.79468680E-03   0.79468680E-03
 0.33600000E+01   0.75705114E-03   0.75705114E-03
 0.33800000E+01   0.72117427E-03   0.72117427E-03
 0.34000000E+01   0.68697650E-03   0.68697650E-03
 0.34200000E+01   0.65438151E-03   0.65438151E-03
 0.34400000E+01   0.62331626E-03   0.62331626E-03
 0.34600000E+01   0.59371084E-03   0.59371084E-03
 0.34800000E+01   0.56549838E-03   0.56549838E-03
 0.35000000E+01   0.53861488E-03   0.53861488E-03
 0.35200000E+01   0.51299917E-03   0.51299917E-03
 0.35400000E+01   0.48859275E-03   0.48859275E-03
 0.35600000E+01   0.46533968E-03   0.46533968E-03
 0.35800000E+01   0.44318653E-03   0.44318653E-03
 0.36000000E+01   0.42208221E-03   0.42208221E-03
 0.36200000E+01   0.40197793E-03   0.40197793E-03
 0.36400000E+01   0.38282706E-03   0.38282706E-03
 0.36600000E+01   0.36458510E-03   0.36458510E-03
 0.36800000E+01   0.34720953E-03   0.34720953E-03
 0.37000000E+01   0.33065976E-03   0.33065976E-03
 0.37200000E+01   0.31489703E-03   0.31489703E-03
 0.37400000E+01   0.29988438E-03   0.29988438E-03
 0.37600000E+01   0.28558649E-03   0.28558649E-03
 0.37800000E+01   0.27196969E-03   0.27196969E-03
 0.38000000E+01   0.25900184E-03   0.25900184E-03
 0.38200000E+01   0.24665230E-03   0.24665230E-03
 0.38400000E+01   0.23489182E-03   0.23489182E-03
 0.38600000E+01   0.22369251E-03   0.22369251E-03
 0.38800000E+01   0.21302777E-03   0.21302777E-03
 0.39000000E+01   0.20287225E-03   0.20287225E-03
 0.39200000E+01   0.19320177E-03   0.19320177E-03
 0.39400000E+01   0.18399327E-03   0.18399327E-03
 0.39600000E+01   0.17522478E-03   0.17522478E-03
 0.39800000E+01   0.16687536E-03   0.16687536E-03
 0.40000000E+01   0.15892504E-03   0.15892504E-03
 0.40200000E+01   0.15135480E-03   0.15135480E-03
 0.40400000E+01   0.14414650E-03   0.14414650E-03
 0.40600000E+01   0.13728288E-03   0.13728288E-03
 0.40800000E+01   0.13074748E-03   0.13074748E-03
 0.41000000E+01   0.12452460E-03   0.12452460E-03
 0.41200000E+01   0.11859931E-03   0.11859931E-03
 0.41400000E+01   0.11295738E-03   0.11295738E-03
 0.41600000E+01   0.10758526E-03   0.10758526E-03
 0.41800000E+01   0.10247002E-03   0.10247002E-03
 0.42000000E+01   0.97599374E-04   0.97599374E-04
 0.42200000E+01   0.92961601E-04   0.92961601E-04
 0.42400000E+01   0.88545547E-04   0.88545547E-04
 0.42600000E+01   0.84340588E-04   0.84340588E-04
 0.42800000E+01   0.80336606E-04   0.80336606E-04
 0.43000000E+01   0.76523968E-04   0.76523968E-04
 0.43200000E+01   0.72893498E-04   0.72893498E-04
 0.43400000E+01   0.69436462E-04   0.69436462E-04
 0.43600000E+01   0.66144544E-04   0.66144544E-04
 0.43800000E+01   0.63009823E-04   0.63009823E-04
 0.44000000E+01   0.60024760E-04   0.60024760E-04
 0.44200000E+01   0.57182176E-04   0.57182176E-04
 0.44400000E+01   0.54475239E-04   0.54475239E-04
 0.44600000E+01   0.51897441E-04   0.51897441E-04
 0.44800000E+01   0.49442589E-04   0.49442589E-04
 0.45000000E+01   0.47104785E-04   0.47104785E-04
 0.45200000E+01   0.44878417E-04   0.44878417E-04
 0.45400000E+01   0.42758141E-04   0.42758141E-04
 0.45600000E+01   0.40738870E-04   0.40738870E-04
 0.45800000E+01   0.38815761E-04   0.38815761E-04
 0.46000000E+01   0.36984205E-04   0.36984205E-04
 0.46200000E+01   0.35239814E-04   0.35239814E-04
 0.46400000E+01   0.33578411E-04   0.33578411E-04
 0.46600000E+01   0.31996020E-04   0.31996020E-04
 0.46800000E+01   0.30488856E-04   0.30488856E-04
 0.47000000E+01   0.29053317E-04   0.29053317E-04
 0.47200000E+01   0.27685973E-04   0.27685973E-04
 0.47400000E+01   0.26383559E-04   0.26383559E-04
 0.47600000E+01   0.25142969E-04   0.25142969E-04
 0.47800000E+01   0.23961244E-04   0.23961244E-04
 0.48000000E+01   0.22835569E-04   0.22835569E-04
 0.48200000E+01   0.21763264E-04   0.21763264E-04
 0.48400000E+01   0.20741777E-04   0.20741777E-04
 0.48600000E+01   0.19768681E-04   0.19768681E-04
 0.48800000E+01   0.18841663E-04   0.18841663E-04
 0.49000000E+01   0.17958523E-04   0.17958523E-04
 0.49200000E+01   0.17117166E-04   0.17117166E-04
 0.49400000E+01   0.16315598E-04   0.16315598E-04
 0.49600000E+01   0.15551921E-04   0.15551921E-04
 0.49800000E+01   0.14824328E-04   0.14824328E-04
 0.50000000E+01   0.14131098E-04   0.14131098E-04
 0.50200000E+01   0.13470595E-04   0.13470595E-04
 0.50400000E+01   0.12841259E-04   0.12841259E-04
 0.50600000E+01   0.12241605E-04   0.12241605E-04
 0.50800000E+01   0.11670222E-04   0.11670222E-04
 0.51000000E+01   0.11125764E-04   0.11125764E-04
 0.51200000E+01   0.10606950E-04   0.10606950E-04
 0.51400000E+01   0.10112562E-04   0.10112562E-04
 0.51600000E+01   0.96414378E-05   0.96414378E-05
 0.51800000E+01   0.91924737E-05   0.91924737E-05
 0.52000000E+01   0.87646169E-05   0.87646169E-05
 0.52200000E+01   0.83568658E-05   0.83568658E-05
 0.52400000E+01   0.79682666E-05   0.79682666E-05
 0.52600000E+01   0.75979110E-05   0.75979110E-05
 0.52800000E+01   0.72449346E-05   0.72449346E-05
 0.53000000E+01   0.69085137E-05   0.69085137E-05
 0.53200000E+01   0.65878646E-05   0.65878646E-05
 0.53400000E+01   0.62822406E-05   0.62822406E-05
 0.53600000E+01   0.59909310E-05   0.59909310E-05
 0.53800000E+01   0.57132587E-05   0.57132587E-05
 0.54000000E+01   0.54485792E-05   0.54485792E-05
 0.54200000E+01   0.51962786E-05   0.51962786E-05
 0.54400000E+01   0.49557723E-05   0.49557723E-05
 0.54600000E+01   0.47265037E-05   0.47265037E-05
 0.54800000E+01   0.45079425E-05   0.45079425E-05
 0.55000000E+01   0.42995838E-05   0.42995838E-05
 0.55200000E+01   0.41009467E-05   0.41009467E-05
 0.55400000E+01   0.39115733E-05   0.39115733E-05
 0.55600000E+01   0.37310272E-05   0.37310272E-05
 0.55800000E+01   0.35588930E-05   0.35588930E-05
 0.56000000E+01   0.33947750E-05   0.33947750E-05
 0.56200000E+01   0.32382962E-05   0.32382962E-05
 0.56400000E+01   0.30890976E-05   0.30890976E-05
 0.56600000E+01   0.29468371E-05   0.29468371E-05
 0.56800000E+01   0.28111891E-05   0.28111891E-05
 0.57000000E+01   0.26818431E-05   0.26818431E-05
 0.57200000E+01   0.25585036E-05   0.25585036E-05
 0.57400000E+01   0.24408889E-05   0.24408889E-05
 0.57600000E+01   0.23287308E-05   0.23287308E-05
 0.57800000E+01   0.22217736E-05   0.22217736E-05
 0.58000000E+01   0.21197739E-05   0.21197739E-05
 0.58200000E+01   0.20224996E-05   0.20224996E-05
 0.58400000E+01   0.19297298E-05   0.19297298E-05
 0.58600000E+01   0.18412539E-05   0.18412539E-05
 0.58800000E+01   0.17568711E-05   0.17568711E-05
 0.59000000E+01   0.16763904E-05   0.16763904E-05
 0.59200000E+01   0.15996296E-05   0.15996296E-05
 0.59400000E+01   0.15264151E-05   0.15264151E-05
 0.59600000E+01   0.14565815E-05   0.14565815E-05
 0.59800000E+01   0.13899713E-05   0.13899713E-05
 0.60000000E+01   0.13264342E-05   0.13264342E-05
 0.60200000E+01   0.12658271E-05   0.12658271E-05
 0.60400000E+01   0.12080137E-05   0.12080137E-05
 0.60600000E+01   0.11528639E-05   0.11528639E-05
 0.60800000E+01   0.11002539E-05   0.11002539E-05
 0.61000000E+01   0.10500656E-05   0.10500656E-05
 0.61200000E+01   0.10021866E-05   0.10021866E-05
 0.61400000E+01   0.95650956E-06   0.95650956E-06
 0.61600000E+01   0.91293231E-06   0.91293231E-06
 0.61800000E+01   0.87135743E-06   0.87135743E-06
 0.62000000E+01   0.83169206E-06   0.83169206E-06
 0.62200000E+01   0.79384771E-06   0.79384771E-06
 0.62400000E+01   0.75774001E-06   0.75774001E-06
 0.62600000E+01   0.72328853E-06   0.72328853E-06
 0.62800000E+01   0.69041663E-06   0.69041663E-06
 0.63000000E+01   0.65905122E-06   0.65905122E-06
 0.63200000E+01   0.62912265E-06   0.62912265E-06
 0.63400000E+01   0.60056451E-06   0.60056451E-06
 0.63600000E+01   0.57331347E-06   0.57331347E-06
 0.63800000E+01   0.54730918E-06   0.54730918E-06
 0.64000000E+01   0.52249410E-06   0.52249410E-06
 0.64200000E+01   0.49881336E-06   0.49881336E-06
 0.64400000E+01   0.47621466E-06   0.47621466E-06
 0.64600000E+01   0.45464811E-06   0.45464811E-06
 0.64800000E+01   0.43406616E-06   0.43406616E-06
 0.65000000E+01   0.41442347E-06   0.41442347E-06
 0.65200000E+01   0.39567680E-06   0.39567680E-06
 0.65400000E+01   0.37778493E-06   0.37778493E-06
 0.65600000E+01   0.36070855E-06   0.36070855E-06
 0.65800000E+01   0.34441017E-06   0.34441017E-06
 0.66000000E+01   0.32885403E-06   0.32885403E-06
 0.66200000E+01   0.31400605E-06   0.31400605E-06
 0.66400000E+01   0.29983372E-06   0.29983372E-06
 0.66600000E+01   0.28630603E-06   0.28630603E-06
 0.66800000E+01   0.27339341E-06   0.27339341E-06
 0.67000000E+01   0.26106767E-06   0.26106767E-06
 0.67200000E+01   0.24930190E-06   0.24930190E-06
 0.67400000E+01   0.23807046E-06   0.23807046E-06
 0.67600000E+01   0.22734887E-06   0.22734887E-06
 0.67800000E+01   0.21711381E-06   0.21711381E-06
 0.68000000E+01   0.20734301E-06   0.20734301E-06
 0.68200000E+01   0.19801524E-06   0.19801524E-06
 0.68400000E+01   0.18911025E-06   0.18911025E-06
 0.68600000E+01   0.18060872E-06   0.18060872E-06
 0.68800000E+01   0.17249222E-06   0.17249222E-06
 0.69000000E+01   0.16474318E-06   0.16474318E-06
 0.69200000E+01   0.15734483E-06   0.15734483E-06
 0.69400000E+01   0.15028116E-06   0.15028116E-06
 0.69600000E+01   0.14353693E-06   0.14353693E-06
 0.69800000E+01   0.13709756E-06   0.13709756E-06
 0.70000000E+01   0.13094917E-06   0.13094917E-06
 0.70200000E+01   0.12507850E-06   0.12507850E-06
 0.70400000E+01   0.11947292E-06   0.11947292E-06
 0.70600000E+01   0.11412036E-06   0.11412036E-06
 0.70800000E+01   0.10900931E-06   0.10900931E-06
 0.71000000E+01   0.10412879E-06   0.10412879E-06
 0.71200000E+01   0.99468324E-07   0.99468324E-07
 0.71400000E+01   0.95017911E-07   0.95017911E-07
 0.71600000E+01   0.90768013E-07   0.90768013E-07
 0.71800000E+01   0.86709526E-07   0.86709526E-07
 0.72000000E+01   0.82833765E-07   0.82833765E-07
 0.72200000E+01   0.79132442E-07   0.79132442E-07
 0.72400000E+01   0.75597645E-07   0.75597645E-07
 0.72600000E+01   0.72221827E-07   0.72221827E-07
 0.72800000E+01   0.68997785E-07   0.68997785E-07
 0.73000000E+01   0.65918644E-07   0.65918644E-07
 0.73200000E+01   0.62977844E-07   0.62977844E-07
 0.73400000E+01   0.60169124E-07   0.60169124E-07
 0.73600000E+01   0.57486509E-07   0.57486509E-07
 0.73800000E+01   0.54924295E-07   0.54924295E-07
 0.74000000E+01   0.52477039E-07   0.52477039E-07
 0.74200000E+01   0.50139547E-07   0.50139547E-07
 0.74400000E+01   0.47906860E-07   0.47906860E-07
 0.74600000E+01   0.45774246E-07   0.45774246E-07
 0.74800000E+01   0.43737186E-07   0.43737186E-07
 0.75000000E+01   0.41791370E-07   0.41791370E-07
 0.75200000E+01   0.39932681E-07   0.39932681E-07
 0.75400000E+01   0.38157191E-07   0.38157191E-07
 0.75600000E+01   0.36461149E-07   0.36461149E-07
 0.75800000E+01   0.34840976E-07   0.34840976E-07
 0.76000000E+01   0.33293255E-07   0.33293255E-07
 0.76200000E+01   0.31814723E-07   0.31814723E-07
 0.76400000E+01   0.30402265E-07   0.30402265E-07
 0.76600000E+01   0.29052909E-07   0.29052909E-07
 0.76800000E+01   0.27763816E-07   0.27763816E-07
 0.77000000E+01   0.26532278E-07   0.26532278E-07
 0.77200000E+01   0.25355706E-07   0.25355706E-07
 0.77400000E+01   0.24231631E-07   0.24231631E-07
 0.77600000E+01   0.23157695E-07   0.23157695E-07
 0.77800000E+01   0.22131647E-07   0.22131647E-07
 0.78000000E+01   0.21151336E-07   0.21151336E-07
 0.78200000E+01   0.20214712E-07   0.20214712E-07
 0.78400000E+01   0.19319814E-07   0.19319814E-07
 0.78600000E+01   0.18464770E-07   0.18464770E-07
 0.78800000E+01   0.17647796E-07   0.17647796E-07
 0.79000000E+01   0.16867184E-07   0.16867184E-07
 0.79200000E+01   0.16121305E-07   0.16121305E-07
 0.79400000E+01   0.15408605E-07   0.15408605E-07
 0.79600000E+01   0.14727598E-07   0.14727598E-07
 0.79800000E+01   0.14076865E-07   0.14076865E-07
 0.80000000E+01   0.13455053E-07   0.13455053E-07
 0.80200000E+01   0.12860867E-07   0.12860867E-07
 0.80400000E+01   0.12293073E-07   0.12293073E-07
 0.80600000E+01   0.11750491E-07   0.11750491E-07
 0.80800000E+01   0.11231994E-07   0.11231994E-07
 0.81000000E+01   0.10736507E-07   0.10736507E-07
 0.81200000E+01   0.10263003E-07   0.10263003E-07
 0.81400000E+01   0.98104990E-08   0.98104990E-08
 0.81600000E+01   0.93780590E-08   0.93780590E-08
 0.81800000E+01   0.89647878E-08   0.89647878E-08
 0.82000000E+01   0.85698305E-08   0.85698305E-08
 0.82200000E+01   0.81923706E-08   0.81923706E-08
 0.82400000E+01   0.78316282E-08   0.78316282E-08
 0.82600000E+01   0.74868585E-08   0.74868585E-08
 0.82800000E+01   0.71573500E-08   0.71573500E-08
 0.83000000E+01   0.68424231E-08   0.68424231E-08
 0.83200000E+01   0.65414288E-08   0.65414288E-08
 0.83400000E+01   0.62537470E-08   0.62537470E-08
 0.83600000E+01   0.59787855E-08   0.59787855E-08
 0.83800000E+01   0.57159784E-08   0.57159784E-08
 0.84000000E+01   0.54647855E-08   0.54647855E-08
 0.84200000E+01   0.52246904E-08   0.52246904E-08
 0.84400000E+01   0.49952000E-08   0.49952000E-08
 0.84600000E+01   0.47758432E-08   0.47758432E-08
 0.84800000E+01   0.45661700E-08   0.45661700E-08
 0.85000000E+01   0.43657505E-08   0.43657505E-08
 0.85200000E+01   0.41741738E-08   0.41741738E-08
 0.85400000E+01   0.39910477E-08   0.39910477E-08
 0.85600000E+01   0.38159973E-08   0.38159973E-08
 0.85800000E+01   0.36486644E-08   0.36486644E-08
 0.86000000E+01   0.34887069E-08   0.34887069E-08
 0.86200000E+01   0.33357980E-08   0.33357980E-08
 0.86400000E+01   0.31896252E-08   0.31896252E-08
 0.86600000E+01   0.30498902E-08   0.30498902E-08
 0.86800000E+01   0.29163079E-08   0.29163079E-08
 0.87000000E+01   0.27886059E-08   0.27886059E-08
 0.87200000E+01   0.26665240E-08   0.26665240E-08
 0.87400000E+01   0.25498134E-08   0.25498134E-08
 0.87600000E+01   0.24382366E-08   0.24382366E-08
 0.87800000E+01   0.23315664E-08   0.23315664E-08
 0.88000000E+01   0.22295861E-08   0.22295861E-08
 0.88200000E+01   0.21320882E-08   0.21320882E-08
 0.88400000E+01   0.20388748E-08   0.20388748E-08
 0.88600000E+01   0.19497565E-08   0.19497565E-08
 0.88800000E+01   0.18645525E-08   0.18645525E-08
 0.89000000E+01   0.17830899E-08   0.17830899E-08
 0.89200000E+01   0.17052036E-08   0.17052036E-08
 0.89400000E+01   0.16307358E-08   0.16307358E-08
 0.89600000E+01   0.15595357E-08   0.15595357E-08
 0.89800000E+01   0.14914591E-08   0.14914591E-08
 0.90000000E+01   0.14263683E-08   0.14263683E-08
 0.90200000E+01   0.13641316E-08   0.13641316E-08
 0.90400000E+01   0.13046233E-08   0.13046233E-08
 0.90600000E+01   0.12477232E-08   0.12477232E-08
 0.90800000E+01   0.11933163E-08   0.11933163E-08
 0.91000000E+01   0.11412929E-08   0.11412929E-08
 0.91200000E+01   0.10915481E-08   0.10915481E-08
 0.91400000E+01   0.10439814E-08   0.10439814E-08
 0.91600000E+01   0.99849713E-09   0.99849713E-09
 0.91800000E+01   0.95500360E-09   0.95500360E-09
 0.92000000E+01   0.91341327E-09   0.91341327E-09
 0.92200000E+01   0.87364244E-09   0.87364244E-09
 0.92400000E+01   0.83561112E-09   0.83561112E-09
 0.92600000E+01   0.79924285E-09   0.79924285E-09
 0.92800000E+01   0.76446456E-09   0.76446456E-09
 0.93000000E+01   0.73120640E-09   0.73120640E-09
 0.93200000E+01   0.69940160E-09   0.69940160E-09
 0.93400000E+01   0.66898635E-09   0.66898635E-09
 0.93600000E+01   0.63989964E-09   0.63989964E-09
 0.93800000E+01   0.61208317E-09   0.61208317E-09
 0.94000000E+01   0.58548120E-09   0.58548120E-09
 0.94200000E+01   0.56004046E-09   0.56004046E-09
 0.94400000E+01   0.53571001E-09   0.53571001E-09
 0.94600000E+01   0.51244116E-09   0.51244116E-09
 0.94800000E+01   0.49018739E-09   0.49018739E-09
 0.95000000E+01   0.46890421E-09   0.46890421E-09
 0.95200000E+01   0.44854908E-09   0.44854908E-09
 0.95400000E+01   0.42908135E-09   0.42908135E-09
 0.95600000E+01   0.41046215E-09   0.41046215E-09
 0.95800000E+01   0.39265433E-09   0.39265433E-09
 0.96000000E+01   0.37562238E-09   0.37562238E-09
 0.96200000E+01   0.35933232E-09   0.35933232E-09
 0.96400000E+01   0.34375171E-09   0.34375171E-09
 0.96600000E+01   0.32884950E-09   0.32884950E-09
 0.96800000E+01   0.31459602E-09   0.31459602E-09
 0.97000000E+01   0.30096290E-09   0.30096290E-09
 0.97200000E+01   0.28792302E-09   0.28792302E-09
 0.97400000E+01   0.27545046E-09   0.27545046E-09
 0.97600000E+01   0.26352041E-09   0.26352041E-09
 0.97800000E+01   0.25210919E-09   0.25210919E-09
 0.98000000E+01   0.24119412E-09   0.24119412E-09
 0.98200000E+01   0.23075354E-09   0.23075354E-09
 0.98400000E+01   0.22076673E-09   0.22076673E-09
 0.98600000E+01   0.21121389E-09   0.21121389E-09
 0.98800000E+01   0.20207607E-09   0.20207607E-09
 0.99000000E+01   0.19333517E-09   0.19333517E-09
 0.99200000E+01   0.18497386E-09   0.18497386E-09
 0.99400000E+01   0.17697561E-09   0.17697561E-09
 0.99600000E+01   0.16932457E-09   0.16932457E-09
 0.99800000E+01   0.16200560E-09   0.16200560E-09
 0.10000000E+02   0.15500424E-09   0.15500424E-09
 0.10020000E+02   0.14830664E-09   0.14830664E-09
 0.10040000E+02   0.14189957E-09   0.14189957E-09
 0.10060000E+02   0.13577037E-09   0.13577037E-09
 0.10080000E+02   0.12990694E-09   0.12990694E-09
 0.10100000E+02   0.12429771E-09   0.12429771E-09
 0.10120000E+02   0.11893161E-09   0.11893161E-09
 0.10140000E+02   0.11379806E-09   0.11379806E-09
 0.10160000E+02   0.10888694E-09   0.10888694E-09
 0.10180000E+02   0.10418858E-09   0.10418858E-09
 0.10200000E+02   0.99693712E-10   0.99693712E-10
 0.10220000E+02   0.95393496E-10   0.95393496E-10
 0.10240000E+02   0.91279465E-10   0.91279465E-10
 0.10260000E+02   0.87343526E-10   0.87343526E-10
 0.10280000E+02   0.83577939E-10   0.83577939E-10
 0.10300000E+02   0.79975300E-10   0.79975300E-10
 0.10320000E+02   0.76528530E-10   0.76528530E-10
 0.10340000E+02   0.73230859E-10   0.73230859E-10
 0.10360000E+02   0.70075811E-10   0.70075811E-10
 0.10380000E+02   0.67057194E-10   0.67057194E-10
 0.10400000E+02   0.64169084E-10   0.64169084E-10
 0.10420000E+02   0.61405817E-10   0.61405817E-10
 0.10440000E+02   0.58761976E-10   0.58761976E-10
 0.10460000E+02   0.56232379E-10   0.56232379E-10
 0.10480000E+02   0.53812069E-10   0.53812069E-10
 0.10500000E+02   0.51496308E-10   0.51496308E-10
 0.10520000E+02   0.49280561E-10   0.49280561E-10
 0.10540000E+02   0.47160492E-10   0.47160492E-10
 0.10560000E+02   0.45131955E-10   0.45131955E-10
 0.10580000E+02   0.43190982E-10   0.43190982E-10
 0.10600000E+02   0.41333778E-10   0.41333778E-10
 0.10620000E+02   0.39556716E-10   0.39556716E-10
 0.10640000E+02   0.37856324E-10   0.37856324E-10
 0.10660000E+02   0.36229281E-10   0.36229281E-10
 0.10680000E+02   0.34672411E-10   0.34672411E-10
 0.10700000E+02   0.33182677E-10   0.33182677E-10
 0.10720000E+02   0.31757172E-10   0.31757172E-10
 0.10740000E+02   0.30393118E-10   0.30393118E-10
 0.10760000E+02   0.29087855E-10   0.29087855E-10
 0.10780000E+02   0.27838841E-10   0.27838841E-10
 0.10800000E+02   0.26643641E-10   0.26643641E-10
 0.10820000E+02   0.25499930E-10   0.25499930E-10
 0.10840000E+02   0.24405481E-10   0.24405481E-10
 0.10860000E+02   0.23358164E-10   0.23358164E-10
 0.10880000E+02   0.22355943E-10   0.22355943E-10
 0.10900000E+02   0.21396868E-10   0.21396868E-10
 0.10920000E+02   0.20479075E-10   0.20479075E-10
 0.10940000E+02   0.19600782E-10   0.19600782E-10
 0.10960000E+02   0.18760281E-10   0.18760281E-10
 0.10980000E+02   0.17955942E-10   0.17955942E-10
 0.11000000E+02   0.17186202E-10   0.17186202E-10
 0.11020000E+02   0.16449569E-10   0.16449569E-10
 0.11040000E+02   0.15744613E-10   0.15744613E-10
 0.11060000E+02   0.15069967E-10   0.15069967E-10
 0.11080000E+02   0.14424323E-10   0.14424323E-10
 0.11100000E+02   0.13806431E-10   0.13806431E-10
 0.11120000E+02   0.13215093E-10   0.13215093E-10
 0.11140000E+02   0.12649164E-10   0.12649164E-10
 0.11160000E+02   0.12107549E-10   0.12107549E-10
 0.11180000E+02   0.11589199E-10   0.11589199E-10
 0.11200000E+02   0.11093112E-10   0.11093112E-10
 0.11220000E+02   0.10618329E-10   0.10618329E-10
 0.11240000E+02   0.10163930E-10   0.10163930E-10
 0.11260000E+02   0.97290385E-11   0.97290385E-11
 0.11280000E+02   0.93128137E-11   0.93128137E-11
 0.11300000E+02   0.89144518E-11   0.89144518E-11
 0.11320000E+02   0.85331836E-11   0.85331836E-11
 0.11340000E+02   0.81682731E-11   0.81682731E-11
 0.11360000E+02   0.78190161E-11   0.78190161E-11
 0.11380000E+02   0.74847390E-11   0.74847390E-11
 0.11400000E+02   0.71647971E-11   0.71647971E-11
 0.11420000E+02   0.68585736E-11   0.68585736E-11
 0.11440000E+02   0.65654783E-11   0.65654783E-11
 0.11460000E+02   0.62849467E-11   0.62849467E-11
 0.11480000E+02   0.60164383E-11   0.60164383E-11
 0.11500000E+02   0.57594363E-11   0.57594363E-11
 0.11520000E+02   0.55134458E-11   0.55134458E-11
 0.11540000E+02   0.52779937E-11   0.52779937E-11
 0.11560000E+02   0.50526268E-11   0.50526268E-11
 0.11580000E+02   0.48369120E-11   0.48369120E-11
 0.11600000E+02   0.46304344E-11   0.46304344E-11
 0.11620000E+02   0.44327973E-11   0.44327973E-11
 0.11640000E+02   0.42436209E-11   0.42436209E-11
 0.11660000E+02   0.40625418E-11   0.40625418E-11
 0.11680000E+02   0.38892125E-11   0.38892125E-11
 0.11700000E+02   0.37233001E-11   0.37233001E-11
 0.11720000E+02   0.35644864E-11   0.35644864E-11
 0.11740000E+02   0.34124665E-11   0.34124665E-11
 0.11760000E+02   0.32669490E-11   0.32669490E-11
 0.11780000E+02   0.31276549E-11   0.31276549E-11
 0.11800000E+02   0.29943172E-11   0.29943172E-11
 0.11820000E+02   0.28666804E-11   0.28666804E-11
 0.11840000E+02   0.27445000E-11   0.27445000E-11
 0.11860000E+02   0.26275420E-11   0.26275420E-11
 0.11880000E+02   0.25155826E-11   0.25155826E-11
 0.11900000E+02   0.24084074E-11   0.24084074E-11
 0.11920000E+02   0.23058113E-11   0.23058113E-11
 0.11940000E+02   0.22075982E-11   0.22075982E-11
 0.11960000E+02   0.21135802E-11   0.21135802E-11
 0.11980000E+02   0.20235776E-11   0.20235776E-11
 0.12000000E+02   0.19374184E-11   0.19374184E-11
 0.12020000E+02   0.18549380E-11   0.18549380E-11
 0.12040000E+02   0.17759787E-11   0.17759787E-11
 0.12060000E+02   0.17003899E-11   0.17003899E-11
 0.12080000E+02   0.16280273E-11   0.16280273E-11
 0.12100000E+02   0.15587527E-11   0.15587527E-11
 0.12120000E+02   0.14924340E-11   0.14924340E-11
 0.12140000E+02   0.14289446E-11   0.14289446E-11
 0.12160000E+02   0.13681636E-11   0.13681636E-11
 0.12180000E+02   0.13099750E-11   0.13099750E-11
 0.12200000E+02   0.12542680E-11   0.12542680E-11
 0.12220000E+02   0.12009364E-11   0.12009364E-11
 0.12240000E+02   0.11498786E-11   0.11498786E-11
 0.12260000E+02   0.11009974E-11   0.11009974E-11
 0.12280000E+02   0.10541997E-11   0.10541997E-11
 0.12300000E+02   0.10093966E-11   0.10093966E-11
 0.12320000E+02   0.96650262E-12   0.96650262E-12
 0.12340000E+02   0.92543632E-12   0.92543632E-12
 0.12360000E+02   0.88611957E-12   0.88611957E-12
 0.12380000E+02   0.84847761E-12   0.84847761E-12
 0.12400000E+02   0.81243891E-12   0.81243891E-12
 0.12420000E+02   0.77793498E-12   0.77793498E-12
 0.12440000E+02   0.74490028E-12   0.74490028E-12
 0.12460000E+02   0.71327208E-12   0.71327208E-12
 0.12480000E+02   0.68299031E-12   0.68299031E-12
 0.12500000E+02   0.65399751E-12   0.65399751E-12
 0.12520000E+02   0.62623866E-12   0.62623866E-12
 0.12540000E+02   0.59966108E-12   0.59966108E-12
 0.12560000E+02   0.57421438E-12   0.57421438E-12
 0.12580000E+02   0.54985031E-12   0.54985031E-12
 0.12600000E+02   0.52652267E-12   0.52652267E-12
 0.12620000E+02   0.50418725E-12   0.50418725E-12
 0.12640000E+02   0.48280174E-12   0.48280174E-12
 0.12660000E+02   0.46232563E-12   0.46232563E-12
 0.12680000E+02   0.44272015E-12   0.44272015E-12
 0.12700000E+02   0.42394816E-12   0.42394816E-12
 0.12720000E+02   0.40597415E-12   0.40597415E-12
 0.12740000E+02   0.38876410E-12   0.38876410E-12
 0.12760000E+02   0.37228546E-12   0.37228546E-12
 0.12780000E+02   0.35650705E-12   0.35650705E-12
 0.12800000E+02   0.34139904E-12   0.34139904E-12
 0.12820000E+02   0.32693287E-12   0.32693287E-12
 0.12840000E+02   0.31308121E-12   0.31308121E-12
 0.12860000E+02   0.29981787E-12   0.29981787E-12
 0.12880000E+02   0.28711781E-12   0.28711781E-12
 0.12900000E+02   0.27495704E-12   0.27495704E-12
 0.12920000E+02   0.26331261E-12   0.26331261E-12
 0.12940000E+02   0.25216252E-12   0.25216252E-12
 0.12960000E+02   0.24148574E-12   0.24148574E-12
 0.12980000E+02   0.23126213E-12   0.23126213E-12
 0.13000000E+02   0.22147240E-12   0.22147240E-12
 0.13020000E+02   0.21209808E-12   0.21209808E-12
 0.13040000E+02   0.20312152E-12   0.20312152E-12
 0.13060000E+02   0.19452578E-12   0.19452578E-12
 0.13080000E+02   0.18629468E-12   0.18629468E-12
 0.13100000E+02   0.17841269E-12   0.17841269E-12
 0.13120000E+02   0.17086499E-12   0.17086499E-12
 0.13140000E+02   0.16363735E-12   0.16363735E-12
 0.13160000E+02   0.15671616E-12   0.15671616E-12
 0.13180000E+02   0.15008841E-12   0.15008841E-12
 0.13200000E+02   0.14374161E-12   0.14374161E-12
 0.13220000E+02   0.13766384E-12   0.13766384E-12
 0.13240000E+02   0.13184365E-12   0.13184365E-12
 0.13260000E+02   0.12627011E-12   0.12627011E-12
 0.13280000E+02   0.12093273E-12   0.12093273E-12
 0.13300000E+02   0.11582149E-12   0.11582149E-12
 0.13320000E+02   0.11092677E-12   0.11092677E-12
 0.13340000E+02   0.10623939E-12   0.10623939E-12
 0.13360000E+02   0.10175054E-12   0.10175054E-12
 0.13380000E+02   0.97451788E-13   0.97451788E-13
 0.13400000E+02   0.93335069E-13   0.93335069E-13
 0.13420000E+02   0.89392652E-13   0.89392652E-13
 0.13440000E+02   0.85617142E-13   0.85617142E-13
 0.13460000E+02   0.82001453E-13   0.82001453E-13
 0.13480000E+02   0.78538805E-13   0.78538805E-13
 0.13500000E+02   0.75222705E-13   0.75222705E-13
 0.13520000E+02   0.72046934E-13   0.72046934E-13
 0.13540000E+02   0.69005541E-13   0.69005541E-13
 0.13560000E+02   0.66092826E-13   0.66092826E-13
 0.13580000E+02   0.63303332E-13   0.63303332E-13
 0.13600000E+02   0.60631833E-13   0.60631833E-13
 0.13620000E+02   0.58073327E-13   0.58073327E-13
 0.13640000E+02   0.55623023E-13   0.55623023E-13
 0.13660000E+02   0.53276335E-13   0.53276335E-13
 0.13680000E+02   0.51028870E-13   0.51028870E-13
 0.13700000E+02   0.48876423E-13   0.48876423E-13
 0.13720000E+02   0.46814968E-13   0.46814968E-13
 0.13740000E+02   0.44840650E-13   0.44840650E-13
 0.13760000E+02   0.42949776E-13   0.42949776E-13
 0.13780000E+02   0.41138812E-13   0.41138812E-13
 0.13800000E+02   0.39404372E-13   0.39404372E-13
 0.13820000E+02   0.37743216E-13   0.37743216E-13
 0.13840000E+02   0.36152240E-13   0.36152240E-13
 0.13860000E+02   0.34628473E-13   0.34628473E-13
 0.13880000E+02   0.33169069E-13   0.33169069E-13
 0.13900000E+02   0.31771302E-13   0.31771302E-13
 0.13920000E+02   0.30432565E-13   0.30432565E-13
 0.13940000E+02   0.29150357E-13   0.29150357E-13
 0.13960000E+02   0.27922288E-13   0.27922288E-13
 0.13980000E+02   0.26746065E-13   0.26746065E-13
 0.14000000E+02   0.25619496E-13   0.25619496E-13
 0.14020000E+02   0.24540479E-13   0.24540479E-13
 0.14040000E+02   0.23507002E-13   0.23507002E-13
 0.14060000E+02   0.22517140E-13   0.22517140E-13
 0.14080000E+02   0.21569048E-13   0.21569048E-13
 0.14100000E+02   0.20660958E-13   0.20660958E-13
 0.14120000E+02   0.19791180E-13   0.19791180E-13
 0.14140000E+02   0.18958094E-13   0.18958094E-13
 0.14160000E+02   0.18160149E-13   0.18160149E-13
 0.14180000E+02   0.17395858E-13   0.17395858E-13
 0.14200000E+02   0.16663799E-13   0.16663799E-13
 0.14220000E+02   0.15962611E-13   0.15962611E-13
 0.14240000E+02   0.15290988E-13   0.15290988E-13
 0.14260000E+02   0.14647681E-13   0.14647681E-13
 0.14280000E+02   0.14031494E-13   0.14031494E-13
 0.14300000E+02   0.13441282E-13   0.13441282E-13
 0.14320000E+02   0.12875945E-13   0.12875945E-13
 0.14340000E+02   0.12334435E-13   0.12334435E-13
 0.14360000E+02   0.11815745E-13   0.11815745E-13
 0.14380000E+02   0.11318910E-13   0.11318910E-13
 0.14400000E+02   0.10843009E-13   0.10843009E-13
 0.14420000E+02   0.10387156E-13   0.10387156E-13
 0.14440000E+02   0.99505071E-14   0.99505071E-14
 0.14460000E+02   0.95322499E-14   0.95322499E-14
 0.14480000E+02   0.91316086E-14   0.91316086E-14
 0.14500000E+02   0.87478397E-14   0.87478397E-14
 0.14520000E+02   0.83802310E-14   0.83802310E-14
 0.14540000E+02   0.80281008E-14   0.80281008E-14
 0.14560000E+02   0.76907959E-14   0.76907959E-14
 0.14580000E+02   0.73676909E-14   0.73676909E-14
 0.14600000E+02   0.70581867E-14   0.70581867E-14
 0.14620000E+02   0.67617096E-14   0.67617096E-14
 0.14640000E+02   0.64777102E-14   0.64777102E-14
 0.14660000E+02   0.62056622E-14   0.62056622E-14
 0.14680000E+02   0.59450617E-14   0.59450617E-14
 0.14700000E+02   0.56954260E-14   0.56954260E-14
 0.14720000E+02   0.54562928E-14   0.54562928E-14
 0.14740000E+02   0.52272194E-14   0.52272194E-14
 0.14760000E+02   0.50077817E-14   0.50077817E-14
 0.14780000E+02   0.47975736E-14   0.47975736E-14
 0.14800000E+02   0.45962060E-14   0.45962060E-14
 0.14820000E+02   0.44033065E-14   0.44033065E-14
 0.14840000E+02   0.42185182E-14   0.42185182E-14
 0.14860000E+02   0.40414994E-14   0.40414994E-14
 0.14880000E+02   0.38719227E-14   0.38719227E-14
 0.14900000E+02   0.37094747E-14   0.37094747E-14
 0.14920000E+02   0.35538551E-14   0.35538551E-14
 0.14940000E+02   0.34047762E-14   0.34047762E-14
 0.14960000E+02   0.32619626E-14   0.32619626E-14
 0.14980000E+02   0.31251506E-14   0.31251506E-14
 0.15000000E+02   0.29940873E-14   0.29940873E-14
 0.15020000E+02   0.28685309E-14   0.28685309E-14
 0.15040000E+02   0.27482493E-14   0.27482493E-14
 0.15060000E+02   0.26330206E-14   0.26330206E-14
 0.15080000E+02   0.25226322E-14   0.25226322E-14
 0.15100000E+02   0.24168802E-14   0.24168802E-14
 0.15120000E+02   0.23155696E-14   0.23155696E-14
 0.15140000E+02   0.22185135E-14   0.22185135E-14
 0.15160000E+02   0.21255329E-14   0.21255329E-14
 0.15180000E+02   0.20364563E-14   0.20364563E-14
 0.15200000E+02   0.19511195E-14   0.19511195E-14
 0.15220000E+02   0.18693652E-14   0.18693652E-14
 0.15240000E+02   0.17910427E-14   0.17910427E-14
 0.15260000E+02   0.17160076E-14   0.17160076E-14
 0.15280000E+02   0.16441217E-14   0.16441217E-14
 0.15300000E+02   0.15752527E-14   0.15752527E-14
 0.15320000E+02   0.15092735E-14   0.15092735E-14
 0.15340000E+02   0.14460629E-14   0.14460629E-14
 0.15360000E+02   0.13855043E-14   0.13855043E-14
 0.15380000E+02   0.13274863E-14   0.13274863E-14
 0.15400000E+02   0.12719021E-14   0.12719021E-14
 0.15420000E+02   0.12186494E-14   0.12186494E-14
 0.15440000E+02   0.11676303E-14   0.11676303E-14
 0.15460000E+02   0.11187508E-14   0.11187508E-14
 0.15480000E+02   0.10719211E-14   0.10719211E-14
 0.15500000E+02   0.10270551E-14   0.10270551E-14
 0.15520000E+02   0.98407029E-15   0.98407029E-15
 0.15540000E+02   0.94288762E-15   0.94288762E-15
 0.15560000E+02   0.90343141E-15   0.90343141E-15
 0.15580000E+02   0.86562914E-15   0.86562914E-15
 0.15600000E+02   0.82941137E-15   0.82941137E-15
 0.15620000E+02   0.79471156E-15   0.79471156E-15
 0.15640000E+02   0.76146597E-15   0.76146597E-15
 0.15660000E+02   0.72961354E-15   0.72961354E-15
 0.15680000E+02   0.69909580E-15   0.69909580E-15
 0.15700000E+02   0.66985671E-15   0.66985671E-15
 0.15720000E+02   0.64184260E-15   0.64184260E-15
 0.15740000E+02   0.61500206E-15   0.61500206E-15
 0.15760000E+02   0.58928585E-15   0.58928585E-15
 0.15780000E+02   0.56464677E-15   0.56464677E-15
 0.15800000E+02   0.54103963E-15   0.54103963E-15
 0.15820000E+02   0.51842113E-15   0.51842113E-15
 0.15840000E+02   0.49674981E-15   0.49674981E-15
 0.15860000E+02   0.47598592E-15   0.47598592E-15
 0.15880000E+02   0.45609140E-15   0.45609140E-15
 0.15900000E+02   0.43702978E-15   0.43702978E-15
 0.15920000E+02   0.41876614E-15   0.41876614E-15
 0.15940000E+02   0.40126701E-15   0.40126701E-15
 0.15960000E+02   0.38450034E-15   0.38450034E-15
 0.15980000E+02   0.36843541E-15   0.36843541E-15
 0.16000000E+02   0.35304279E-15   0.35304279E-15
 0.16020000E+02   0.33829431E-15   0.33829431E-15
 0.16040000E+02   0.32416297E-15   0.32416297E-15
 0.16060000E+02   0.31062289E-15   0.31062289E-15
 0.16080000E+02   0.29764929E-15   0.29764929E-15
 0.16100000E+02   0.28521844E-15   0.28521844E-15
 0.16120000E+02   0.27330758E-15   0.27330758E-15
 0.16140000E+02   0.26189494E-15   0.26189494E-15
 0.16160000E+02   0.25095962E-15   0.25095962E-15
 0.16180000E+02   0.24048165E-15   0.24048165E-15
 0.16200000E+02   0.23044185E-15   0.23044185E-15
 0.16220000E+02   0.22082187E-15   0.22082187E-15
 0.16240000E+02   0.21160413E-15   0.21160413E-15
 0.16260000E+02   0.20277178E-15   0.20277178E-15
 0.16280000E+02   0.19430868E-15   0.19430868E-15
 0.16300000E+02   0.18619937E-15   0.18619937E-15
 0.16320000E+02   0.17842903E-15   0.17842903E-15
 0.16340000E+02   0.17098347E-15   0.17098347E-15
 0.16360000E+02   0.16384909E-15   0.16384909E-15
 0.16380000E+02   0.15701287E-15   0.15701287E-15
 0.16400000E+02   0.15046232E-15   0.15046232E-15
 0.16420000E+02   0.14418549E-15   0.14418549E-15
 0.16440000E+02   0.13817092E-15   0.13817092E-15
 0.16460000E+02   0.13240763E-15   0.13240763E-15
 0.16480000E+02   0.12688511E-15   0.12688511E-15
 0.16500000E+02   0.12159328E-15   0.12159328E-15
 0.16520000E+02   0.11652250E-15   0.11652250E-15
 0.16540000E+02   0.11166351E-15   0.11166351E-15
 0.16560000E+02   0.10700745E-15   0.10700745E-15
 0.16580000E+02   0.10254584E-15   0.10254584E-15
 0.16600000E+02   0.98270539E-16   0.98270539E-16
 0.16620000E+02   0.94173754E-16   0.94173754E-16
 0.16640000E+02   0.90248020E-16   0.90248020E-16
 0.16660000E+02   0.86486185E-16   0.86486185E-16
 0.16680000E+02   0.82881394E-16   0.82881394E-16
 0.16700000E+02   0.79427081E-16   0.79427081E-16
 0.16720000E+02   0.76116955E-16   0.76116955E-16
 0.16740000E+02   0.72944987E-16   0.72944987E-16
 0.16760000E+02   0.69905402E-16   0.69905402E-16
 0.16780000E+02   0.66992666E-16   0.66992666E-16
 0.16800000E+02   0.64201476E-16   0.64201476E-16
 0.16820000E+02   0.61526754E-16   0.61526754E-16
 0.16840000E+02   0.58963631E-16   0.58963631E-16
 0.16860000E+02   0.56507443E-16   0.56507443E-16
 0.16880000E+02   0.54153723E-16   0.54153723E-16
 0.16900000E+02   0.51898189E-16   0.51898189E-16
 0.16920000E+02   0.49736738E-16   0.49736738E-16
 0.16940000E+02   0.47665441E-16   0.47665441E-16
 0.16960000E+02   0.45680530E-16   0.45680530E-16
 0.16980000E+02   0.43778398E-16   0.43778398E-16
 0.17000000E+02   0.41955587E-16   0.41955587E-16
 0.17020000E+02   0.40208784E-16   0.40208784E-16
 0.17040000E+02   0.38534815E-16   0.38534815E-16
 0.17060000E+02   0.36930638E-16   0.36930638E-16
 0.17080000E+02   0.35393339E-16   0.35393339E-16
 0.17100000E+02   0.33920126E-16   0.33920126E-16
 0.17120000E+02   0.32508323E-16   0.32508323E-16
 0.17140000E+02   0.31155366E-16   0.31155366E-16
 0.17160000E+02   0.29858799E-16   0.29858799E-16
 0.17180000E+02   0.28616267E-16   0.28616267E-16
 0.17200000E+02   0.27425517E-16   0.27425517E-16
 0.17220000E+02   0.26284385E-16   0.26284385E-16
 0.17240000E+02   0.25190802E-16   0.25190802E-16
 0.17260000E+02   0.24142784E-16   0.24142784E-16
 0.17280000E+02   0.23138429E-16   0.23138429E-16
 0.17300000E+02   0.22175914E-16   0.22175914E-16
 0.17320000E+02   0.21253496E-16   0.21253496E-16
 0.17340000E+02   0.20369500E-16   0.20369500E-16
 0.17360000E+02   0.19522324E-16   0.19522324E-16
 0.17380000E+02   0.18710432E-16   0.18710432E-16
 0.17400000E+02   0.17932353E-16   0.17932353E-16
 0.17420000E+02   0.17186676E-16   0.17186676E-16
 0.17440000E+02   0.16472049E-16   0.16472049E-16
 0.17460000E+02   0.15787178E-16   0.15787178E-16
 0.17480000E+02   0.15130823E-16   0.15130823E-16
 0.17500000E+02   0.14501793E-16   0.14501793E-16
 0.17520000E+02   0.13898951E-16   0.13898951E-16
 0.17540000E+02   0.13321203E-16   0.13321203E-16
 0.17560000E+02   0.12767504E-16   0.12767504E-16
 0.17580000E+02   0.12236852E-16   0.12236852E-16
 0.17600000E+02   0.11728285E-16   0.11728285E-16
 0.17620000E+02   0.11240883E-16   0.11240883E-16
 0.17640000E+02   0.10773765E-16   0.10773765E-16
 0.17660000E+02   0.10326084E-16   0.10326084E-16
 0.17680000E+02   0.98970314E-17   0.98970314E-17
 0.17700000E+02   0.94858301E-17   0.94858301E-17
 0.17720000E+02   0.90917367E-17   0.90917367E-17
 0.17740000E+02   0.87140382E-17   0.87140382E-17
 0.17760000E+02   0.83520517E-17   0.83520517E-17
 0.17780000E+02   0.80051226E-17   0.80051226E-17
 0.17800000E+02   0.76726238E-17   0.76726238E-17
 0.17820000E+02   0.73539541E-17   0.73539541E-17
 0.17840000E+02   0.70485376E-17   0.70485376E-17
 0.17860000E+02   0.67558223E-17   0.67558223E-17
 0.17880000E+02   0.64752793E-17   0.64752793E-17
 0.17900000E+02   0.62064017E-17   0.62064017E-17
 0.17920000E+02   0.59487037E-17   0.59487037E-17
 0.17940000E+02   0.57017199E-17   0.57017199E-17
 0.17960000E+02   0.54650042E-17   0.54650042E-17
 0.17980000E+02   0.52381291E-17   0.52381291E-17
 0.18000000E+02   0.50206849E-17   0.50206849E-17
 0.18020000E+02   0.48122791E-17   0.48122791E-17
 0.18040000E+02   0.46125355E-17   0.46125355E-17
 0.18060000E+02   0.44210935E-17   0.44210935E-17
 0.18080000E+02   0.42376077E-17   0.42376077E-17
 0.18100000E+02   0.40617469E-17   0.40617469E-17
 0.18120000E+02   0.38931938E-17   0.38931938E-17
 0.18140000E+02   0.37316444E-17   0.37316444E-17
 0.18160000E+02   0.35768073E-17   0.35768073E-17
 0.18180000E+02   0.34284031E-17   0.34284031E-17
 0.18200000E+02   0.32861642E-17   0.32861642E-17
 0.18220000E+02   0.31498343E-17   0.31498343E-17
 0.18240000E+02   0.30191674E-17   0.30191674E-17
 0.18260000E+02   0.28939280E-17   0.28939280E-17
 0.18280000E+02   0.27738903E-17   0.27738903E-17
 0.18300000E+02   0.26588381E-17   0.26588381E-17
 0.18320000E+02   0.25485640E-17   0.25485640E-17
 0.18340000E+02   0.24428693E-17   0.24428693E-17
 0.18360000E+02   0.23415635E-17   0.23415635E-17
 0.18380000E+02   0.22444642E-17   0.22444642E-17
 0.18400000E+02   0.21513965E-17   0.21513965E-17
 0.18420000E+02   0.20621928E-17   0.20621928E-17
 0.18440000E+02   0.19766924E-17   0.19766924E-17
 0.18460000E+02   0.18947414E-17   0.18947414E-17
 0.18480000E+02   0.18161922E-17   0.18161922E-17
 0.18500000E+02   0.17409034E-17   0.17409034E-17
 0.18520000E+02   0.16687396E-17   0.16687396E-17
 0.18540000E+02   0.15995709E-17   0.15995709E-17
 0.18560000E+02   0.15332727E-17   0.15332727E-17
 0.18580000E+02   0.14697259E-17   0.14697259E-17
 0.18600000E+02   0.14088160E-17   0.14088160E-17
 0.18620000E+02   0.13504336E-17   0.13504336E-17
 0.18640000E+02   0.12944735E-17   0.12944735E-17
 0.18660000E+02   0.12408352E-17   0.12408352E-17
 0.18680000E+02   0.11894222E-17   0.11894222E-17
 0.18700000E+02   0.11401421E-17   0.11401421E-17
 0.18720000E+02   0.10929063E-17   0.10929063E-17
 0.18740000E+02   0.10476298E-17   0.10476298E-17
 0.18760000E+02   0.10042313E-17   0.10042313E-17
 0.18780000E+02   0.96263280E-18   0.96263280E-18
 0.18800000E+02   0.92275953E-18   0.92275953E-18
 0.18820000E+02   0.88453986E-18   0.88453986E-18
 0.18840000E+02   0.84790512E-18   0.84790512E-18
 0.18860000E+02   0.81278950E-18   0.81278950E-18
 0.18880000E+02   0.77912993E-18   0.77912993E-18
 0.18900000E+02   0.74686596E-18   0.74686596E-18
 0.18920000E+02   0.71593965E-18   0.71593965E-18
 0.18940000E+02   0.68629548E-18   0.68629548E-18
 0.18960000E+02   0.65788022E-18   0.65788022E-18
 0.18980000E+02   0.63064286E-18   0.63064286E-18
 0.19000000E+02   0.60453452E-18   0.60453452E-18
 0.19020000E+02   0.57950834E-18   0.57950834E-18
 0.19040000E+02   0.55551940E-18   0.55551940E-18
 0.19060000E+02   0.53252467E-18   0.53252467E-18
 0.19080000E+02   0.51048289E-18   0.51048289E-18
 0.19100000E+02   0.48935452E-18   0.48935452E-18
 0.19120000E+02   0.46910166E-18   0.46910166E-18
 0.19140000E+02   0.44968799E-18   0.44968799E-18
 0.19160000E+02   0.43107868E-18   0.43107868E-18
 0.19180000E+02   0.41324039E-18   0.41324039E-18
 0.19200000E+02   0.39614111E-18   0.39614111E-18
 0.19220000E+02   0.37975020E-18   0.37975020E-18
 0.19240000E+02   0.36403828E-18   0.36403828E-18
 0.19260000E+02   0.34897718E-18   0.34897718E-18
 0.19280000E+02   0.33453991E-18   0.33453991E-18
 0.19300000E+02   0.32070061E-18   0.32070061E-18
 0.19320000E+02   0.30743448E-18   0.30743448E-18
 0.19340000E+02   0.29471774E-18   0.29471774E-18
 0.19360000E+02   0.28252762E-18   0.28252762E-18
 0.19380000E+02   0.27084230E-18   0.27084230E-18
 0.19400000E+02   0.25964082E-18   0.25964082E-18
 0.19420000E+02   0.24890315E-18   0.24890315E-18
 0.19440000E+02   0.23861005E-18   0.23861005E-18
 0.19460000E+02   0.22874309E-18   0.22874309E-18
 0.19480000E+02   0.21928461E-18   0.21928461E-18
 0.19500000E+02   0.21021768E-18   0.21021768E-18
 0.19520000E+02   0.20152608E-18   0.20152608E-18
 0.19540000E+02   0.19319424E-18   0.19319424E-18
 0.19560000E+02   0.18520725E-18   0.18520725E-18
 0.19580000E+02   0.17755084E-18   0.17755084E-18
 0.19600000E+02   0.17021129E-18   0.17021129E-18
 0.19620000E+02   0.16317548E-18   0.16317548E-18
 0.19640000E+02   0.15643083E-18   0.15643083E-18
 0.19660000E+02   0.14996527E-18   0.14996527E-18
 0.19680000E+02   0.14376724E-18   0.14376724E-18
 0.19700000E+02   0.13782566E-18   0.13782566E-18
 0.19720000E+02   0.13212990E-18   0.13212990E-18
 0.19740000E+02   0.12666979E-18   0.12666979E-18
 0.19760000E+02   0.12143556E-18   0.12143556E-18
 0.19780000E+02   0.11641785E-18   0.11641785E-18
 0.19800000E+02   0.11160771E-18   0.11160771E-18
 0.19820000E+02   0.10699653E-18   0.10699653E-18
 0.19840000E+02   0.10257607E-18   0.10257607E-18
 0.19860000E+02   0.98338437E-19   0.98338437E-19
 0.19880000E+02   0.94276063E-19   0.94276063E-19
 0.19900000E+02   0.90381688E-19   0.90381688E-19
 0.19920000E+02   0.86648359E-19   0.86648359E-19
 0.19940000E+02   0.83069407E-19   0.83069407E-19
 0.19960000E+02   0.79638441E-19   0.79638441E-19
 0.19980000E+02   0.76349335E-19   0.76349335E-19
 0.20000000E+02   0.73196218E-19   0.73196218E-19
 0.20020000E+02   0.70173461E-19   0.70173461E-19
 0.20040000E+02   0.67275667E-19   0.67275667E-19
 0.20060000E+02   0.64497666E-19   0.64497666E-19
 0.20080000E+02   0.61834499E-19   0.61834499E-19
 0.20100000E+02   0.59281414E-19   0.59281414E-19
 0.20120000E+02   0.56833856E-19   0.56833856E-19
 0.20140000E+02   0.54487458E-19   0.54487458E-19
 0.20160000E+02   0.52238035E-19   0.52238035E-19
 0.20180000E+02   0.50081574E-19   0.50081574E-19
 0.20200000E+02   0.48014229E-19   0.48014229E-19
 0.20220000E+02   0.46032314E-19   0.46032314E-19
 0.20240000E+02   0.44132294E-19   0.44132294E-19
 0.20260000E+02   0.42310781E-19   0.42310781E-19
 0.20280000E+02   0.40564528E-19   0.40564528E-19
 0.20300000E+02   0.38890422E-19   0.38890422E-19
 0.20320000E+02   0.37285480E-19   0.37285480E-19
 0.20340000E+02   0.35746840E-19   0.35746840E-19
 0.20360000E+02   0.34271760E-19   0.34271760E-19
 0.20380000E+02   0.32857612E-19   0.32857612E-19
 0.20400000E+02   0.31501877E-19   0.31501877E-19
 0.20420000E+02   0.30202139E-19   0.30202139E-19
 0.20440000E+02   0.28956082E-19   0.28956082E-19
 0.20460000E+02   0.27761487E-19   0.27761487E-19
 0.20480000E+02   0.26616227E-19   0.26616227E-19
 0.20500000E+02   0.25518261E-19   0.25518261E-19
 0.20520000E+02   0.24465635E-19   0.24465635E-19
 0.20540000E+02   0.23456474E-19   0.23456474E-19
 0.20560000E+02   0.22488982E-19   0.22488982E-19
 0.20580000E+02   0.21561436E-19   0.21561436E-19
 0.20600000E+02   0.20672185E-19   0.20672185E-19
 0.20620000E+02   0.19819647E-19   0.19819647E-19
 0.20640000E+02   0.19002304E-19   0.19002304E-19
 0.20660000E+02   0.18218701E-19   0.18218701E-19
 0.20680000E+02   0.17467445E-19   0.17467445E-19
 0.20700000E+02   0.16747199E-19   0.16747199E-19
 0.20720000E+02   0.16056681E-19   0.16056681E-19
 0.20740000E+02   0.15394663E-19   0.15394663E-19
 0.20760000E+02   0.14759967E-19   0.14759967E-19
 0.20780000E+02   0.14151465E-19   0.14151465E-19
 0.20800000E+02   0.13568075E-19   0.13568075E-19
 0.20820000E+02   0.13008759E-19   0.13008759E-19
 0.20840000E+02   0.12472522E-19   0.12472522E-19
 0.20860000E+02   0.11958412E-19   0.11958412E-19
 0.20880000E+02   0.11465514E-19   0.11465514E-19
 0.20900000E+02   0.10992953E-19   0.10992953E-19
 0.20920000E+02   0.10539888E-19   0.10539888E-19
 0.20940000E+02   0.10105514E-19   0.10105514E-19
 0.20960000E+02   0.96890589E-20   0.96890589E-20
 0.20980000E+02   0.92897835E-20   0.92897835E-20
 0.21000000E+02   0.89069779E-20   0.89069779E-20
 0.21020000E+02   0.85399622E-20   0.85399622E-20
 0.21040000E+02   0.81880844E-20   0.81880844E-20
 0.21060000E+02   0.78507193E-20   0.78507193E-20
 0.21080000E+02   0.75272680E-20   0.75272680E-20
 0.21100000E+02   0.72171559E-20   0.72171559E-20
 0.21120000E+02   0.69198324E-20   0.69198324E-20
 0.21140000E+02   0.66347696E-20   0.66347696E-20
 0.21160000E+02   0.63614613E-20   0.63614613E-20
 0.21180000E+02   0.60994224E-20   0.60994224E-20
 0.21200000E+02   0.58481878E-20   0.58481878E-20
 0.21220000E+02   0.56073115E-20   0.56073115E-20
 0.21240000E+02   0.53763659E-20   0.53763659E-20
 0.21260000E+02   0.51549414E-20   0.51549414E-20
 0.21280000E+02   0.49426449E-20   0.49426449E-20
 0.21300000E+02   0.47390998E-20   0.47390998E-20
 0.21320000E+02   0.45439450E-20   0.45439450E-20
 0.21340000E+02   0.43568343E-20   0.43568343E-20
 0.21360000E+02   0.41774358E-20   0.41774358E-20
 0.21380000E+02   0.40054313E-20   0.40054313E-20
 0.21400000E+02   0.38405158E-20   0.38405158E-20
 0.21420000E+02   0.36823967E-20   0.36823967E-20
 0.21440000E+02   0.35307937E-20   0.35307937E-20
 0.21460000E+02   0.33854381E-20   0.33854381E-20
 0.21480000E+02   0.32460722E-20   0.32460722E-20
 0.21500000E+02   0.31124488E-20   0.31124488E-20
 0.21520000E+02   0.29843311E-20   0.29843311E-20
 0.21540000E+02   0.28614921E-20   0.28614921E-20
 0.21560000E+02   0.27437140E-20   0.27437140E-20
 0.21580000E+02   0.26307881E-20   0.26307881E-20
 0.21600000E+02   0.25225144E-20   0.25225144E-20
 0.21620000E+02   0.24187010E-20   0.24187010E-20
 0.21640000E+02   0.23191640E-20   0.23191640E-20
 0.21660000E+02   0.22237271E-20   0.22237271E-20
 0.21680000E+02   0.21322211E-20   0.21322211E-20
 0.21700000E+02   0.20444841E-20   0.20444841E-20
 0.21720000E+02   0.19603606E-20   0.19603606E-20
 0.21740000E+02   0.18797017E-20   0.18797017E-20
 0.21760000E+02   0.18023645E-20   0.18023645E-20
 0.21780000E+02   0.17282122E-20   0.17282122E-20
 0.21800000E+02   0.16571135E-20   0.16571135E-20
 0.21820000E+02   0.15889424E-20   0.15889424E-20
 0.21840000E+02   0.15235783E-20   0.15235783E-20
 0.21860000E+02   0.14609055E-20   0.14609055E-20
 0.21880000E+02   0.14008132E-20   0.14008132E-20
 0.21900000E+02   0.13431949E-20   0.13431949E-20
 0.21920000E+02   0.12879487E-20   0.12879487E-20
 0.21940000E+02   0.12349769E-20   0.12349769E-20
 0.21960000E+02   0.11841857E-20   0.11841857E-20
 0.21980000E+02   0.11354853E-20   0.11354853E-20
 0.22000000E+02   0.10887895E-20   0.10887895E-20
 0.22020000E+02   0.10440158E-20   0.10440158E-20
 0.22040000E+02   0.10010849E-20   0.10010849E-20
 0.22060000E+02   0.95992101E-21   0.95992101E-21
 0.22080000E+02   0.92045123E-21   0.92045123E-21
 0.22100000E+02   0.88260581E-21   0.88260581E-21
 0.22120000E+02   0.84631783E-21   0.84631783E-21
 0.22140000E+02   0.81152314E-21   0.81152314E-21
 0.22160000E+02   0.77816024E-21   0.77816024E-21
 0.22180000E+02   0.74617015E-21   0.74617015E-21
 0.22200000E+02   0.71549633E-21   0.71549633E-21
 0.22220000E+02   0.68608458E-21   0.68608458E-21
 0.22240000E+02   0.65788292E-21   0.65788292E-21
 0.22260000E+02   0.63084151E-21   0.63084151E-21
 0.22280000E+02   0.60491258E-21   0.60491258E-21
 0.22300000E+02   0.58005032E-21   0.58005032E-21
 0.22320000E+02   0.55621080E-21   0.55621080E-21
 0.22340000E+02   0.53335193E-21   0.53335193E-21
 0.22360000E+02   0.51143332E-21   0.51143332E-21
 0.22380000E+02   0.49041626E-21   0.49041626E-21
 0.22400000E+02   0.47026363E-21   0.47026363E-21
 0.22420000E+02   0.45093985E-21   0.45093985E-21
 0.22440000E+02   0.43241080E-21   0.43241080E-21
 0.22460000E+02   0.41464377E-21   0.41464377E-21
 0.22480000E+02   0.39760738E-21   0.39760738E-21
 0.22500000E+02   0.38127157E-21   0.38127157E-21
 0.22520000E+02   0.36560750E-21   0.36560750E-21
 0.22540000E+02   0.35058752E-21   0.35058752E-21
 0.22560000E+02   0.33618512E-21   0.33618512E-21
 0.22580000E+02   0.32237489E-21   0.32237489E-21
 0.22600000E+02   0.30913246E-21   0.30913246E-21
 0.22620000E+02   0.29643447E-21   0.29643447E-21
 0.22640000E+02   0.28425850E-21   0.28425850E-21
 0.22660000E+02   0.27258309E-21   0.27258309E-21
 0.22680000E+02   0.26138762E-21   0.26138762E-21
 0.22700000E+02   0.25065237E-21   0.25065237E-21
 0.22720000E+02   0.24035839E-21   0.24035839E-21
 0.22740000E+02   0.23048752E-21   0.23048752E-21
 0.22760000E+02   0.22102237E-21   0.22102237E-21
 0.22780000E+02   0.21194624E-21   0.21194624E-21
 0.22800000E+02   0.20324313E-21   0.20324313E-21
 0.22820000E+02   0.19489769E-21   0.19489769E-21
 0.22840000E+02   0.18689521E-21   0.18689521E-21
 0.22860000E+02   0.17922159E-21   0.17922159E-21
 0.22880000E+02   0.17186330E-21   0.17186330E-21
 0.22900000E+02   0.16480737E-21   0.16480737E-21
 0.22920000E+02   0.15804137E-21   0.15804137E-21
 0.22940000E+02   0.15155336E-21   0.15155336E-21
 0.22960000E+02   0.14533193E-21   0.14533193E-21
 0.22980000E+02   0.13936611E-21   0.13936611E-21
 0.23000000E+02   0.13364538E-21   0.13364538E-21
 0.23020000E+02   0.12815967E-21   0.12815967E-21
 0.23040000E+02   0.12289932E-21   0.12289932E-21
 0.23060000E+02   0.11785506E-21   0.11785506E-21
 0.23080000E+02   0.11301801E-21   0.11301801E-21
 0.23100000E+02   0.10837964E-21   0.10837964E-21
 0.23120000E+02   0.10393179E-21   0.10393179E-21
 0.23140000E+02   0.99666628E-22   0.99666628E-22
 0.23160000E+02   0.95576642E-22   0.95576642E-22
 0.23180000E+02   0.91654633E-22   0.91654633E-22
 0.23200000E+02   0.87893695E-22   0.87893695E-22
 0.23220000E+02   0.84287208E-22   0.84287208E-22
 0.23240000E+02   0.80828824E-22   0.80828824E-22
 0.23260000E+02   0.77512455E-22   0.77512455E-22
 0.23280000E+02   0.74332265E-22   0.74332265E-22
 0.23300000E+02   0.71282658E-22   0.71282658E-22
 0.23320000E+02   0.68358266E-22   0.68358266E-22
 0.23340000E+02   0.65553945E-22   0.65553945E-22
 0.23360000E+02   0.62864761E-22   0.62864761E-22
 0.23380000E+02   0.60285982E-22   0.60285982E-22
 0.23400000E+02   0.57813072E-22   0.57813072E-22
 0.23420000E+02   0.55441680E-22   0.55441680E-22
 0.23440000E+02   0.53167637E-22   0.53167637E-22
 0.23460000E+02   0.50986942E-22   0.50986942E-22
 0.23480000E+02   0.48895760E-22   0.48895760E-22
 0.23500000E+02   0.46890414E-22   0.46890414E-22
 0.23520000E+02   0.44967378E-22   0.44967378E-22
 0.23540000E+02   0.43123270E-22   0.43123270E-22
 0.23560000E+02   0.41354849E-22   0.41354849E-22
 0.23580000E+02   0.39659005E-22   0.39659005E-22
 0.23600000E+02   0.38032758E-22   0.38032758E-22
 0.23620000E+02   0.36473248E-22   0.36473248E-22
 0.23640000E+02   0.34977736E-22   0.34977736E-22
 0.23660000E+02   0.33543592E-22   0.33543592E-22
 0.23680000E+02   0.32168296E-22   0.32168296E-22
 0.23700000E+02   0.30849431E-22   0.30849431E-22
 0.23720000E+02   0.29584681E-22   0.29584681E-22
 0.23740000E+02   0.28371823E-22   0.28371823E-22
 0.23760000E+02   0.27208726E-22   0.27208726E-22
 0.23780000E+02   0.26093347E-22   0.26093347E-22
 0.23800000E+02   0.25023726E-22   0.25023726E-22
 0.23820000E+02   0.23997985E-22   0.23997985E-22
 0.23840000E+02   0.23014323E-22   0.23014323E-22
 0.23860000E+02   0.22071011E-22   0.22071011E-22
 0.23880000E+02   0.21166394E-22   0.21166394E-22
 0.23900000E+02   0.20298882E-22   0.20298882E-22
 0.23920000E+02   0.19466953E-22   0.19466953E-22
 0.23940000E+02   0.18669146E-22   0.18669146E-22
 0.23960000E+02   0.17904060E-22   0.17904060E-22
 0.23980000E+02   0.17170352E-22   0.17170352E-22
 0.24000000E+02   0.16466734E-22   0.16466734E-22
 0.24020000E+02   0.15791972E-22   0.15791972E-22
 0.24040000E+02   0.15144880E-22   0.15144880E-22
 0.24060000E+02   0.14524324E-22   0.14524324E-22
 0.24080000E+02   0.13929214E-22   0.13929214E-22
 0.24100000E+02   0.13358506E-22   0.13358506E-22
 0.24120000E+02   0.12811199E-22   0.12811199E-22
 0.24140000E+02   0.12286333E-22   0.12286333E-22
 0.24160000E+02   0.11782986E-22   0.11782986E-22
 0.24180000E+02   0.11300275E-22   0.11300275E-22
 0.24200000E+02   0.10837355E-22   0.10837355E-22
 0.24220000E+02   0.10393412E-22   0.10393412E-22
 0.24240000E+02   0.99676689E-23   0.99676689E-23
 0.24260000E+02   0.95593783E-23   0.95593783E-23
 0.24280000E+02   0.91678243E-23   0.91678243E-23
 0.24300000E+02   0.87923204E-23   0.87923204E-23
 0.24320000E+02   0.84322082E-23   0.84322082E-23
 0.24340000E+02   0.80868562E-23   0.80868562E-23
 0.24360000E+02   0.77556590E-23   0.77556590E-23
 0.24380000E+02   0.74380361E-23   0.74380361E-23
 0.24400000E+02   0.71334305E-23   0.71334305E-23
 0.24420000E+02   0.68413085E-23   0.68413085E-23
 0.24440000E+02   0.65611580E-23   0.65611580E-23
 0.24460000E+02   0.62924881E-23   0.62924881E-23
 0.24480000E+02   0.60348279E-23   0.60348279E-23
 0.24500000E+02   0.57877259E-23   0.57877259E-23
 0.24520000E+02   0.55507491E-23   0.55507491E-23
 0.24540000E+02   0.53234823E-23   0.53234823E-23
 0.24560000E+02   0.51055275E-23   0.51055275E-23
 0.24580000E+02   0.48965026E-23   0.48965026E-23
 0.24600000E+02   0.46960417E-23   0.46960417E-23
 0.24620000E+02   0.45037934E-23   0.45037934E-23
 0.24640000E+02   0.43194212E-23   0.43194212E-23
 0.24660000E+02   0.41426022E-23   0.41426022E-23
 0.24680000E+02   0.39730266E-23   0.39730266E-23
 0.24700000E+02   0.38103975E-23   0.38103975E-23
 0.24720000E+02   0.36544301E-23   0.36544301E-23
 0.24740000E+02   0.35048514E-23   0.35048514E-23
 0.24760000E+02   0.33613995E-23   0.33613995E-23
 0.24780000E+02   0.32238232E-23   0.32238232E-23
 0.24800000E+02   0.30918816E-23   0.30918816E-23
 0.24820000E+02   0.29653439E-23   0.29653439E-23
 0.24840000E+02   0.28439886E-23   0.28439886E-23
 0.24860000E+02   0.27276032E-23   0.27276032E-23
 0.24880000E+02   0.26159841E-23   0.26159841E-23
 0.24900000E+02   0.25089359E-23   0.25089359E-23
 0.24920000E+02   0.24062713E-23   0.24062713E-23
 0.24940000E+02   0.23078106E-23   0.23078106E-23
 0.24960000E+02   0.22133817E-23   0.22133817E-23
 0.24980000E+02   0.21228192E-23   0.21228192E-23
 0.25000000E+02   0.20359648E-23   0.20359648E-23
 0.25020000E+02   0.19526665E-23   0.19526665E-23
 0.25040000E+02   0.18727787E-23   0.18727787E-23
 0.25060000E+02   0.17961615E-23   0.17961615E-23
 0.25080000E+02   0.17226809E-23   0.17226809E-23
 0.25100000E+02   0.16522086E-23   0.16522086E-23
 0.25120000E+02   0.15846212E-23   0.15846212E-23
 0.25140000E+02   0.15198005E-23   0.15198005E-23
 0.25160000E+02   0.14576332E-23   0.14576332E-23
 0.25180000E+02   0.13980107E-23   0.13980107E-23
 0.25200000E+02   0.13408286E-23   0.13408286E-23
 0.25220000E+02   0.12859870E-23   0.12859870E-23
 0.25240000E+02   0.12333901E-23   0.12333901E-23
 0.25260000E+02   0.11829459E-23   0.11829459E-23
 0.25280000E+02   0.11345662E-23   0.11345662E-23
 0.25300000E+02   0.10881665E-23   0.10881665E-23
 0.25320000E+02   0.10436656E-23   0.10436656E-23
 0.25340000E+02   0.10009859E-23   0.10009859E-23
 0.25360000E+02   0.96005277E-24   0.96005277E-24
 0.25380000E+02   0.92079463E-24   0.92079463E-24
 0.25400000E+02   0.88314291E-24   0.88314291E-24
 0.25420000E+02   0.84703183E-24   0.84703183E-24
 0.25440000E+02   0.81239832E-24   0.81239832E-24
 0.25460000E+02   0.77918187E-24   0.77918187E-24
 0.25480000E+02   0.74732446E-24   0.74732446E-24
 0.25500000E+02   0.71677045E-24   0.71677045E-24
 0.25520000E+02   0.68746647E-24   0.68746647E-24
 0.25540000E+02   0.65936134E-24   0.65936134E-24
 0.25560000E+02   0.63240599E-24   0.63240599E-24
 0.25580000E+02   0.60655334E-24   0.60655334E-24
 0.25600000E+02   0.58175825E-24   0.58175825E-24
 0.25620000E+02   0.55797744E-24   0.55797744E-24
 0.25640000E+02   0.53516938E-24   0.53516938E-24
 0.25660000E+02   0.51329425E-24   0.51329425E-24
 0.25680000E+02   0.49231387E-24   0.49231387E-24
 0.25700000E+02   0.47219162E-24   0.47219162E-24
 0.25720000E+02   0.45289236E-24   0.45289236E-24
 0.25740000E+02   0.43438243E-24   0.43438243E-24
 0.25760000E+02   0.41662950E-24   0.41662950E-24
 0.25780000E+02   0.39960261E-24   0.39960261E-24
 0.25800000E+02   0.38327204E-24   0.38327204E-24
 0.25820000E+02   0.36760929E-24   0.36760929E-24
 0.25840000E+02   0.35258704E-24   0.35258704E-24
 0.25860000E+02   0.33817907E-24   0.33817907E-24
 0.25880000E+02   0.32436025E-24   0.32436025E-24
 0.25900000E+02   0.31110648E-24   0.31110648E-24
 0.25920000E+02   0.29839462E-24   0.29839462E-24
 0.25940000E+02   0.28620252E-24   0.28620252E-24
 0.25960000E+02   0.27450890E-24   0.27450890E-24
 0.25980000E+02   0.26329337E-24   0.26329337E-24
 0.26000000E+02   0.25253636E-24   0.25253636E-24
 0.26020000E+02   0.24221913E-24   0.24221913E-24
 0.26040000E+02   0.23232368E-24   0.23232368E-24
 0.26060000E+02   0.22283275E-24   0.22283275E-24
 0.26080000E+02   0.21372979E-24   0.21372979E-24
 0.26100000E+02   0.20499895E-24   0.20499895E-24
 0.26120000E+02   0.19662499E-24   0.19662499E-24
 0.26140000E+02   0.18859332E-24   0.18859332E-24
 0.26160000E+02   0.18088993E-24   0.18088993E-24
 0.26180000E+02   0.17350140E-24   0.17350140E-24
 0.26200000E+02   0.16641486E-24   0.16641486E-24
 0.26220000E+02   0.15961794E-24   0.15961794E-24
 0.26240000E+02   0.15309882E-24   0.15309882E-24
 0.26260000E+02   0.14684611E-24   0.14684611E-24
 0.26280000E+02   0.14084894E-24   0.14084894E-24
 0.26300000E+02   0.13509685E-24   0.13509685E-24
 0.26320000E+02   0.12957981E-24   0.12957981E-24
 0.26340000E+02   0.12428823E-24   0.12428823E-24
 0.26360000E+02   0.11921286E-24   0.11921286E-24
 0.26380000E+02   0.11434489E-24   0.11434489E-24
 0.26400000E+02   0.10967582E-24   0.10967582E-24
 0.26420000E+02   0.10519753E-24   0.10519753E-24
 0.26440000E+02   0.10090221E-24   0.10090221E-24
 0.26460000E+02   0.96782378E-25   0.96782378E-25
 0.26480000E+02   0.92830868E-25   0.92830868E-25
 0.26500000E+02   0.89040796E-25   0.89040796E-25
 0.26520000E+02   0.85405561E-25   0.85405561E-25
 0.26540000E+02   0.81918833E-25   0.81918833E-25
 0.26560000E+02   0.78574542E-25   0.78574542E-25
 0.26580000E+02   0.75366866E-25   0.75366866E-25
 0.26600000E+02   0.72290219E-25   0.72290219E-25
 0.26620000E+02   0.69339247E-25   0.69339247E-25
 0.26640000E+02   0.66508811E-25   0.66508811E-25
 0.26660000E+02   0.63793987E-25   0.63793987E-25
 0.26680000E+02   0.61190048E-25   0.61190048E-25
 0.26700000E+02   0.58692462E-25   0.58692462E-25
 0.26720000E+02   0.56296883E-25   0.56296883E-25
 0.26740000E+02   0.53999141E-25   0.53999141E-25
 0.26760000E+02   0.51795240E-25   0.51795240E-25
 0.26780000E+02   0.49681343E-25   0.49681343E-25
 0.26800000E+02   0.47653773E-25   0.47653773E-25
 0.26820000E+02   0.45709002E-25   0.45709002E-25
 0.26840000E+02   0.43843647E-25   0.43843647E-25
 0.26860000E+02   0.42054462E-25   0.42054462E-25
 0.26880000E+02   0.40338336E-25   0.40338336E-25
 0.26900000E+02   0.38692283E-25   0.38692283E-25
 0.26920000E+02   0.37113440E-25   0.37113440E-25
 0.26940000E+02   0.35599061E-25   0.35599061E-25
 0.26960000E+02   0.34146513E-25   0.34146513E-25
 0.26980000E+02   0.32753269E-25   0.32753269E-25
 0.27000000E+02   0.31416906E-25   0.31416906E-25
 0.27020000E+02   0.30135102E-25   0.30135102E-25
 0.27040000E+02   0.28905626E-25   0.28905626E-25
 0.27060000E+02   0.27726342E-25   0.27726342E-25
 0.27080000E+02   0.26595200E-25   0.26595200E-25
 0.27100000E+02   0.25510231E-25   0.25510231E-25
 0.27120000E+02   0.24469552E-25   0.24469552E-25
 0.27140000E+02   0.23471352E-25   0.23471352E-25
 0.27160000E+02   0.22513897E-25   0.22513897E-25
 0.27180000E+02   0.21595522E-25   0.21595522E-25
 0.27200000E+02   0.20714631E-25   0.20714631E-25
 0.27220000E+02   0.19869694E-25   0.19869694E-25
 0.27240000E+02   0.19059242E-25   0.19059242E-25
 0.27260000E+02   0.18281866E-25   0.18281866E-25
 0.27280000E+02   0.17536217E-25   0.17536217E-25
 0.27300000E+02   0.16820998E-25   0.16820998E-25
 0.27320000E+02   0.16134966E-25   0.16134966E-25
 0.27340000E+02   0.15476931E-25   0.15476931E-25
 0.27360000E+02   0.14845748E-25   0.14845748E-25
 0.27380000E+02   0.14240321E-25   0.14240321E-25
 0.27400000E+02   0.13659599E-25   0.13659599E-25
 0.27420000E+02   0.13102573E-25   0.13102573E-25
 0.27440000E+02   0.12568275E-25   0.12568275E-25
 0.27460000E+02   0.12055778E-25   0.12055778E-25
 0.27480000E+02   0.11564191E-25   0.11564191E-25
 0.27500000E+02   0.11092661E-25   0.11092661E-25
 0.27520000E+02   0.10640368E-25   0.10640368E-25
 0.27540000E+02   0.10206529E-25   0.10206529E-25
 0.27560000E+02   0.97903880E-26   0.97903880E-26
 0.27580000E+02   0.93912243E-26   0.93912243E-26
 0.27600000E+02   0.90083444E-26   0.90083444E-26
 0.27620000E+02   0.86410835E-26   0.86410835E-26
 0.27640000E+02   0.82888042E-26   0.82888042E-26
 0.27660000E+02   0.79508949E-26   0.79508949E-26
 0.27680000E+02   0.76267691E-26   0.76267691E-26
 0.27700000E+02   0.73158643E-26   0.73158643E-26
 0.27720000E+02   0.70176408E-26   0.70176408E-26
 0.27740000E+02   0.67315810E-26   0.67315810E-26
 0.27760000E+02   0.64571886E-26   0.64571886E-26
 0.27780000E+02   0.61939875E-26   0.61939875E-26
 0.27800000E+02   0.59415208E-26   0.59415208E-26
 0.27820000E+02   0.56993505E-26   0.56993505E-26
 0.27840000E+02   0.54670565E-26   0.54670565E-26
 0.27860000E+02   0.52442357E-26   0.52442357E-26
 0.27880000E+02   0.50305017E-26   0.50305017E-26
 0.27900000E+02   0.48254835E-26   0.48254835E-26
 0.27920000E+02   0.46288256E-26   0.46288256E-26
 0.27940000E+02   0.44401869E-26   0.44401869E-26
 0.27960000E+02   0.42592402E-26   0.42592402E-26
 0.27980000E+02   0.40856715E-26   0.40856715E-26
 0.28000000E+02   0.39191800E-26   0.39191800E-26
 0.28020000E+02   0.37594769E-26   0.37594769E-26
 0.28040000E+02   0.36062852E-26   0.36062852E-26
 0.28060000E+02   0.34593393E-26   0.34593393E-26
 0.28080000E+02   0.33183844E-26   0.33183844E-26
 0.28100000E+02   0.31831761E-26   0.31831761E-26
 0.28120000E+02   0.30534800E-26   0.30534800E-26
 0.28140000E+02   0.29290713E-26   0.29290713E-26
 0.28160000E+02   0.28097341E-26   0.28097341E-26
 0.28180000E+02   0.26952618E-26   0.26952618E-26
 0.28200000E+02   0.25854559E-26   0.25854559E-26
 0.28220000E+02   0.24801259E-26   0.24801259E-26
 0.28240000E+02   0.23790895E-26   0.23790895E-26
 0.28260000E+02   0.22821713E-26   0.22821713E-26
 0.28280000E+02   0.21892036E-26   0.21892036E-26
 0.28300000E+02   0.21000252E-26   0.21000252E-26
 0.28320000E+02   0.20144815E-26   0.20144815E-26
 0.28340000E+02   0.19324243E-26   0.19324243E-26
 0.28360000E+02   0.18537115E-26   0.18537115E-26
 0.28380000E+02   0.17782066E-26   0.17782066E-26
 0.28400000E+02   0.17057789E-26   0.17057789E-26
 0.28420000E+02   0.16363028E-26   0.16363028E-26
 0.28440000E+02   0.15696580E-26   0.15696580E-26
 0.28460000E+02   0.15057291E-26   0.15057291E-26
 0.28480000E+02   0.14444053E-26   0.14444053E-26
 0.28500000E+02   0.13855804E-26   0.13855804E-26
 0.28520000E+02   0.13291525E-26   0.13291525E-26
 0.28540000E+02   0.12750239E-26   0.12750239E-26
 0.28560000E+02   0.12231008E-26   0.12231008E-26
 0.28580000E+02   0.11732934E-26   0.11732934E-26
 0.28600000E+02   0.11255153E-26   0.11255153E-26
 0.28620000E+02   0.10796839E-26   0.10796839E-26
 0.28640000E+02   0.10357198E-26   0.10357198E-26
 0.28660000E+02   0.99354679E-27   0.99354679E-27
 0.28680000E+02   0.95309196E-27   0.95309196E-27
 0.28700000E+02   0.91428525E-27   0.91428525E-27
 0.28720000E+02   0.87705947E-27   0.87705947E-27
 0.28740000E+02   0.84135018E-27   0.84135018E-27
 0.28760000E+02   0.80709557E-27   0.80709557E-27
 0.28780000E+02   0.77423635E-27   0.77423635E-27
 0.28800000E+02   0.74271563E-27   0.74271563E-27
 0.28820000E+02   0.71247888E-27   0.71247888E-27
 0.28840000E+02   0.68347375E-27   0.68347375E-27
 0.28860000E+02   0.65565006E-27   0.65565006E-27
 0.28880000E+02   0.62895966E-27   0.62895966E-27
 0.28900000E+02   0.60335635E-27   0.60335635E-27
 0.28920000E+02   0.57879584E-27   0.57879584E-27
 0.28940000E+02   0.55523564E-27   0.55523564E-27
 0.28960000E+02   0.53263497E-27   0.53263497E-27
 0.28980000E+02   0.51095475E-27   0.51095475E-27
 0.29000000E+02   0.49015745E-27   0.49015745E-27
 0.29020000E+02   0.47020712E-27   0.47020712E-27
 0.29040000E+02   0.45106922E-27   0.45106922E-27
 0.29060000E+02   0.43271067E-27   0.43271067E-27
 0.29080000E+02   0.41509971E-27   0.41509971E-27
 0.29100000E+02   0.39820587E-27   0.39820587E-27
 0.29120000E+02   0.38199995E-27   0.38199995E-27
 0.29140000E+02   0.36645391E-27   0.36645391E-27
 0.29160000E+02   0.35154087E-27   0.35154087E-27
 0.29180000E+02   0.33723504E-27   0.33723504E-27
 0.29200000E+02   0.32351168E-27   0.32351168E-27
 0.29220000E+02   0.31034707E-27   0.31034707E-27
 0.29240000E+02   0.29771845E-27   0.29771845E-27
 0.29260000E+02   0.28560398E-27   0.28560398E-27
 0.29280000E+02   0.27398271E-27   0.27398271E-27
 0.29300000E+02   0.26283456E-27   0.26283456E-27
 0.29320000E+02   0.25214025E-27   0.25214025E-27
 0.29340000E+02   0.24188130E-27   0.24188130E-27
 0.29360000E+02   0.23203998E-27   0.23203998E-27
 0.29380000E+02   0.22259928E-27   0.22259928E-27
 0.29400000E+02   0.21354287E-27   0.21354287E-27
 0.29420000E+02   0.20485511E-27   0.20485511E-27
 0.29440000E+02   0.19652099E-27   0.19652099E-27
 0.29460000E+02   0.18852610E-27   0.18852610E-27
 0.29480000E+02   0.18085662E-27   0.18085662E-27
 0.29500000E+02   0.17349931E-27   0.17349931E-27
 0.29520000E+02   0.16644144E-27   0.16644144E-27
 0.29540000E+02   0.15967084E-27   0.15967084E-27
 0.29560000E+02   0.15317579E-27   0.15317579E-27
 0.29580000E+02   0.14694508E-27   0.14694508E-27
 0.29600000E+02   0.14096795E-27   0.14096795E-27
 0.29620000E+02   0.13523407E-27   0.13523407E-27
 0.29640000E+02   0.12973353E-27   0.12973353E-27
 0.29660000E+02   0.12445683E-27   0.12445683E-27
 0.29680000E+02   0.11939486E-27   0.11939486E-27
 0.29700000E+02   0.11453888E-27   0.11453888E-27
 0.29720000E+02   0.10988050E-27   0.10988050E-27
 0.29740000E+02   0.10541168E-27   0.10541168E-27
 0.29760000E+02   0.10112469E-27   0.10112469E-27
 0.29780000E+02   0.97012138E-28   0.97012138E-28
 0.29800000E+02   0.93066920E-28   0.93066920E-28
 0.29820000E+02   0.89282224E-28   0.89282224E-28
 0.29840000E+02   0.85651515E-28   0.85651515E-28
 0.29860000E+02   0.82168524E-28   0.82168524E-28
 0.29880000E+02   0.78827238E-28   0.78827238E-28
 0.29900000E+02   0.75621890E-28   0.75621890E-28
 0.29920000E+02   0.72546946E-28   0.72546946E-28
 0.29940000E+02   0.69597097E-28   0.69597097E-28
 0.29960000E+02   0.66767253E-28   0.66767253E-28
 0.29980000E+02   0.64052528E-28   0.64052528E-28
 0.30000000E+02   0.61448237E-28   0.61448237E-28
 0.30020000E+02   0.58949886E-28   0.58949886E-28
 0.30040000E+02   0.56553162E-28   0.56553162E-28
 0.30060000E+02   0.54253930E-28   0.54253930E-28
 0.30080000E+02   0.52048222E-28   0.52048222E-28
 0.30100000E+02   0.49932232E-28   0.49932232E-28
 0.30120000E+02   0.47902308E-28   0.47902308E-28
 0.30140000E+02   0.45954949E-28   0.45954949E-28
 0.30160000E+02   0.44086794E-28   0.44086794E-28
 0.30180000E+02   0.42294620E-28   0.42294620E-28
 0.30200000E+02   0.40575335E-28   0.40575335E-28
 0.30220000E+02   0.38925974E-28   0.38925974E-28
 0.30240000E+02   0.37343691E-28   0.37343691E-28
 0.30260000E+02   0.35825757E-28   0.35825757E-28
 0.30280000E+02   0.34369553E-28   0.34369553E-28
 0.30300000E+02   0.32972568E-28   0.32972568E-28
 0.30320000E+02   0.31632393E-28   0.31632393E-28
 0.30340000E+02   0.30346716E-28   0.30346716E-28
 0.30360000E+02   0.29113319E-28   0.29113319E-28
 0.30380000E+02   0.27930076E-28   0.27930076E-28
 0.30400000E+02   0.26794947E-28   0.26794947E-28
 0.30420000E+02   0.25705974E-28   0.25705974E-28
 0.30440000E+02   0.24661278E-28   0.24661278E-28
 0.30460000E+02   0.23659060E-28   0.23659060E-28
 0.30480000E+02   0.22697591E-28   0.22697591E-28
 0.30500000E+02   0.21775214E-28   0.21775214E-28
 0.30520000E+02   0.20890337E-28   0.20890337E-28
 0.30540000E+02   0.20041437E-28   0.20041437E-28
 0.30560000E+02   0.19227049E-28   0.19227049E-28
 0.30580000E+02   0.18445769E-28   0.18445769E-28
 0.30600000E+02   0.17696252E-28   0.17696252E-28
 0.30620000E+02   0.16977204E-28   0.16977204E-28
 0.30640000E+02   0.16287387E-28   0.16287387E-28
 0.30660000E+02   0.15625613E-28   0.15625613E-28
 0.30680000E+02   0.14990739E-28   0.14990739E-28
 0.30700000E+02   0.14381673E-28   0.14381673E-28
 0.30720000E+02   0.13797365E-28   0.13797365E-28
 0.30740000E+02   0.13236808E-28   0.13236808E-28
 0.30760000E+02   0.12699035E-28   0.12699035E-28
 0.30780000E+02   0.12183121E-28   0.12183121E-28
 0.30800000E+02   0.11688177E-28   0.11688177E-28
 0.30820000E+02   0.11213349E-28   0.11213349E-28
 0.30840000E+02   0.10757820E-28   0.10757820E-28
 0.30860000E+02   0.10320805E-28   0.10320805E-28
 0.30880000E+02   0.99015514E-29   0.99015514E-29
 0.30900000E+02   0.94993366E-29   0.94993366E-29
 0.30920000E+02   0.91134679E-29   0.91134679E-29
 0.30940000E+02   0.87432808E-29   0.87432808E-29
 0.30960000E+02   0.83881377E-29   0.83881377E-29
 0.30980000E+02   0.80474268E-29   0.80474268E-29
 0.31000000E+02   0.77205614E-29   0.77205614E-29
 0.31020000E+02   0.74069785E-29   0.74069785E-29
 0.31040000E+02   0.71061383E-29   0.71061383E-29
 0.31060000E+02   0.68175226E-29   0.68175226E-29
 0.31080000E+02   0.65406344E-29   0.65406344E-29
 0.31100000E+02   0.62749970E-29   0.62749970E-29
 0.31120000E+02   0.60201530E-29   0.60201530E-29
 0.31140000E+02   0.57756637E-29   0.57756637E-29
 0.31160000E+02   0.55411081E-29   0.55411081E-29
 0.31180000E+02   0.53160824E-29   0.53160824E-29
 0.31200000E+02   0.51001993E-29   0.51001993E-29
 0.31220000E+02   0.48930871E-29   0.48930871E-29
 0.31240000E+02   0.46943892E-29   0.46943892E-29
 0.31260000E+02   0.45037638E-29   0.45037638E-29
 0.31280000E+02   0.43208826E-29   0.43208826E-29
 0.31300000E+02   0.41454310E-29   0.41454310E-29
 0.31320000E+02   0.39771069E-29   0.39771069E-29
 0.31340000E+02   0.38156207E-29   0.38156207E-29
 0.31360000E+02   0.36606944E-29   0.36606944E-29
 0.31380000E+02   0.35120615E-29   0.35120615E-29
 0.31400000E+02   0.33694662E-29   0.33694662E-29
 0.31420000E+02   0.32326631E-29   0.32326631E-29
 0.31440000E+02   0.31014168E-29   0.31014168E-29
 0.31460000E+02   0.29755016E-29   0.29755016E-29
 0.31480000E+02   0.28547007E-29   0.28547007E-29
 0.31500000E+02   0.27388063E-29   0.27388063E-29
 0.31520000E+02   0.26276192E-29   0.26276192E-29
 0.31540000E+02   0.25209479E-29   0.25209479E-29
 0.31560000E+02   0.24186090E-29   0.24186090E-29
 0.31580000E+02   0.23204265E-29   0.23204265E-29
 0.31600000E+02   0.22262314E-29   0.22262314E-29
 0.31620000E+02   0.21358618E-29   0.21358618E-29
 0.31640000E+02   0.20491622E-29   0.20491622E-29
 0.31660000E+02   0.19659835E-29   0.19659835E-29
 0.31680000E+02   0.18861827E-29   0.18861827E-29
 0.31700000E+02   0.18096224E-29   0.18096224E-29
 0.31720000E+02   0.17361712E-29   0.17361712E-29
 0.31740000E+02   0.16657026E-29   0.16657026E-29
 0.31760000E+02   0.15980955E-29   0.15980955E-29
 0.31780000E+02   0.15332336E-29   0.15332336E-29
 0.31800000E+02   0.14710055E-29   0.14710055E-29
 0.31820000E+02   0.14113040E-29   0.14113040E-29
 0.31840000E+02   0.13540267E-29   0.13540267E-29
 0.31860000E+02   0.12990749E-29   0.12990749E-29
 0.31880000E+02   0.12463543E-29   0.12463543E-29
 0.31900000E+02   0.11957743E-29   0.11957743E-29
 0.31920000E+02   0.11472477E-29   0.11472477E-29
 0.31940000E+02   0.11006914E-29   0.11006914E-29
 0.31960000E+02   0.10560251E-29   0.10560251E-29
 0.31980000E+02   0.10131722E-29   0.10131722E-29
 0.32000000E+02   0.97205903E-30   0.97205903E-30
 0.32020000E+02   0.93261490E-30   0.93261490E-30
 0.32040000E+02   0.89477202E-30   0.89477202E-30
 0.32060000E+02   0.85846537E-30   0.85846537E-30
 0.32080000E+02   0.82363256E-30   0.82363256E-30
 0.32100000E+02   0.79021372E-30   0.79021372E-30
 0.32120000E+02   0.75815144E-30   0.75815144E-30
 0.32140000E+02   0.72739062E-30   0.72739062E-30
 0.32160000E+02   0.69787842E-30   0.69787842E-30
 0.32180000E+02   0.66956413E-30   0.66956413E-30
 0.32200000E+02   0.64239909E-30   0.64239909E-30
 0.32220000E+02   0.61633666E-30   0.61633666E-30
 0.32240000E+02   0.59133204E-30   0.59133204E-30
 0.32260000E+02   0.56734229E-30   0.56734229E-30
 0.32280000E+02   0.54432620E-30   0.54432620E-30
 0.32300000E+02   0.52224423E-30   0.52224423E-30
 0.32320000E+02   0.50105846E-30   0.50105846E-30
 0.32340000E+02   0.48073249E-30   0.48073249E-30
 0.32360000E+02   0.46123143E-30   0.46123143E-30
 0.32380000E+02   0.44252176E-30   0.44252176E-30
 0.32400000E+02   0.42457137E-30   0.42457137E-30
 0.32420000E+02   0.40734943E-30   0.40734943E-30
 0.32440000E+02   0.39082636E-30   0.39082636E-30
 0.32460000E+02   0.37497380E-30   0.37497380E-30
 0.32480000E+02   0.35976451E-30   0.35976451E-30
 0.32500000E+02   0.34517238E-30   0.34517238E-30
 0.32520000E+02   0.33117237E-30   0.33117237E-30
 0.32540000E+02   0.31774043E-30   0.31774043E-30
 0.32560000E+02   0.30485350E-30   0.30485350E-30
 0.32580000E+02   0.29248947E-30   0.29248947E-30
 0.32600000E+02   0.28062709E-30   0.28062709E-30
 0.32620000E+02   0.26924602E-30   0.26924602E-30
 0.32640000E+02   0.25832671E-30   0.25832671E-30
 0.32660000E+02   0.24785042E-30   0.24785042E-30
 0.32680000E+02   0.23779917E-30   0.23779917E-30
 0.32700000E+02   0.22815570E-30   0.22815570E-30
 0.32720000E+02   0.21890347E-30   0.21890347E-30
 0.32740000E+02   0.21002659E-30   0.21002659E-30
 0.32760000E+02   0.20150984E-30   0.20150984E-30
 0.32780000E+02   0.19333859E-30   0.19333859E-30
 0.32800000E+02   0.18549883E-30   0.18549883E-30
 0.32820000E+02   0.17797710E-30   0.17797710E-30
 0.32840000E+02   0.17076048E-30   0.17076048E-30
 0.32860000E+02   0.16383661E-30   0.16383661E-30
 0.32880000E+02   0.15719360E-30   0.15719360E-30
 0.32900000E+02   0.15082006E-30   0.15082006E-30
 0.32920000E+02   0.14470504E-30   0.14470504E-30
 0.32940000E+02   0.13883805E-30   0.13883805E-30
 0.32960000E+02   0.13320904E-30   0.13320904E-30
 0.32980000E+02   0.12780835E-30   0.12780835E-30
 0.33000000E+02   0.12262670E-30   0.12262670E-30
 0.33020000E+02   0.11765522E-30   0.11765522E-30
 0.33040000E+02   0.11288537E-30   0.11288537E-30
 0.33060000E+02   0.10830898E-30   0.10830898E-30
 0.33080000E+02   0.10391818E-30   0.10391818E-30
 0.33100000E+02   0.99705467E-31   0.99705467E-31
 0.33120000E+02   0.95663598E-31   0.95663598E-31
 0.33140000E+02   0.91785645E-31   0.91785645E-31
 0.33160000E+02   0.88064959E-31   0.88064959E-31
 0.33180000E+02   0.84495158E-31   0.84495158E-31
 0.33200000E+02   0.81070122E-31   0.81070122E-31
 0.33220000E+02   0.77783977E-31   0.77783977E-31
 0.33240000E+02   0.74631089E-31   0.74631089E-31
 0.33260000E+02   0.71606051E-31   0.71606051E-31
 0.33280000E+02   0.68703678E-31   0.68703678E-31
 0.33300000E+02   0.65918992E-31   0.65918992E-31
 0.33320000E+02   0.63247221E-31   0.63247221E-31
 0.33340000E+02   0.60683783E-31   0.60683783E-31
 0.33360000E+02   0.58224285E-31   0.58224285E-31
 0.33380000E+02   0.55864509E-31   0.55864509E-31
 0.33400000E+02   0.53600412E-31   0.53600412E-31
 0.33420000E+02   0.51428111E-31   0.51428111E-31
 0.33440000E+02   0.49343884E-31   0.49343884E-31
 0.33460000E+02   0.47344159E-31   0.47344159E-31
 0.33480000E+02   0.45425507E-31   0.45425507E-31
 0.33500000E+02   0.43584642E-31   0.43584642E-31
 0.33520000E+02   0.41818406E-31   0.41818406E-31
 0.33540000E+02   0.40123775E-31   0.40123775E-31
 0.33560000E+02   0.38497844E-31   0.38497844E-31
 0.33580000E+02   0.36937826E-31   0.36937826E-31
 0.33600000E+02   0.35441049E-31   0.35441049E-31
 0.33620000E+02   0.34004948E-31   0.34004948E-31
 0.33640000E+02   0.32627062E-31   0.32627062E-31
 0.33660000E+02   0.31305030E-31   0.31305030E-31
 0.33680000E+02   0.30036587E-31   0.30036587E-31
 0.33700000E+02   0.28819561E-31   0.28819561E-31
 0.33720000E+02   0.27651865E-31   0.27651865E-31
 0.33740000E+02   0.26531501E-31   0.26531501E-31
 0.33760000E+02   0.25456547E-31   0.25456547E-31
 0.33780000E+02   0.24425164E-31   0.24425164E-31
 0.33800000E+02   0.23435585E-31   0.23435585E-31
 0.33820000E+02   0.22486113E-31   0.22486113E-31
 0.33840000E+02   0.21575124E-31   0.21575124E-31
 0.33860000E+02   0.20701056E-31   0.20701056E-31
 0.33880000E+02   0.19862413E-31   0.19862413E-31
 0.33900000E+02   0.19057759E-31   0.19057759E-31
 0.33920000E+02   0.18285715E-31   0.18285715E-31
 0.33940000E+02   0.17544959E-31   0.17544959E-31
 0.33960000E+02   0.16834223E-31   0.16834223E-31
 0.33980000E+02   0.16152290E-31   0.16152290E-31
 0.34000000E+02   0.15497992E-31   0.15497992E-31
 0.34020000E+02   0.14870208E-31   0.14870208E-31
 0.34040000E+02   0.14267864E-31   0.14267864E-31
 0.34060000E+02   0.13689929E-31   0.13689929E-31
 0.34080000E+02   0.13135412E-31   0.13135412E-31
 0.34100000E+02   0.12603366E-31   0.12603366E-31
 0.34120000E+02   0.12092877E-31   0.12092877E-31
 0.34140000E+02   0.11603074E-31   0.11603074E-31
 0.34160000E+02   0.11133117E-31   0.11133117E-31
 0.34180000E+02   0.10682202E-31   0.10682202E-31
 0.34200000E+02   0.10249557E-31   0.10249557E-31
 0.34220000E+02   0.98344419E-32   0.98344419E-32
 0.34240000E+02   0.94361454E-32   0.94361454E-32
 0.34260000E+02   0.90539862E-32   0.90539862E-32
 0.34280000E+02   0.86873101E-32   0.86873101E-32
 0.34300000E+02   0.83354896E-32   0.83354896E-32
 0.34320000E+02   0.79979227E-32   0.79979227E-32
 0.34340000E+02   0.76740317E-32   0.76740317E-32
 0.34360000E+02   0.73632622E-32   0.73632622E-32
 0.34380000E+02   0.70650825E-32   0.70650825E-32
 0.34400000E+02   0.67789824E-32   0.67789824E-32
 0.34420000E+02   0.65044722E-32   0.65044722E-32
 0.34440000E+02   0.62410824E-32   0.62410824E-32
 0.34460000E+02   0.59883622E-32   0.59883622E-32
 0.34480000E+02   0.57458793E-32   0.57458793E-32
 0.34500000E+02   0.55132189E-32   0.55132189E-32
 0.34520000E+02   0.52899827E-32   0.52899827E-32
 0.34540000E+02   0.50757891E-32   0.50757891E-32
 0.34560000E+02   0.48702715E-32   0.48702715E-32
 0.34580000E+02   0.46730784E-32   0.46730784E-32
 0.34600000E+02   0.44838725E-32   0.44838725E-32
 0.34620000E+02   0.43023302E-32   0.43023302E-32
 0.34640000E+02   0.41281408E-32   0.41281408E-32
 0.34660000E+02   0.39610065E-32   0.39610065E-32
 0.34680000E+02   0.38006415E-32   0.38006415E-32
 0.34700000E+02   0.36467714E-32   0.36467714E-32
 0.34720000E+02   0.34991331E-32   0.34991331E-32
 0.34740000E+02   0.33574741E-32   0.33574741E-32
 0.34760000E+02   0.32215522E-32   0.32215522E-32
 0.34780000E+02   0.30911349E-32   0.30911349E-32
 0.34800000E+02   0.29659992E-32   0.29659992E-32
 0.34820000E+02   0.28459312E-32   0.28459312E-32
 0.34840000E+02   0.27307255E-32   0.27307255E-32
 0.34860000E+02   0.26201851E-32   0.26201851E-32
 0.34880000E+02   0.25141211E-32   0.25141211E-32
 0.34900000E+02   0.24123521E-32   0.24123521E-32
 0.34920000E+02   0.23147042E-32   0.23147042E-32
 0.34940000E+02   0.22210103E-32   0.22210103E-32
 0.34960000E+02   0.21311103E-32   0.21311103E-32
 0.34980000E+02   0.20448505E-32   0.20448505E-32
 0.35000000E+02   0.19620836E-32   0.19620836E-32
 0.35020000E+02   0.18826679E-32   0.18826679E-32
 0.35040000E+02   0.18064677E-32   0.18064677E-32
 0.35060000E+02   0.17333529E-32   0.17333529E-32
 0.35080000E+02   0.16631983E-32   0.16631983E-32
 0.35100000E+02   0.15958842E-32   0.15958842E-32
 0.35120000E+02   0.15312955E-32   0.15312955E-32
 0.35140000E+02   0.14693218E-32   0.14693218E-32
 0.35160000E+02   0.14098571E-32   0.14098571E-32
 0.35180000E+02   0.13527999E-32   0.13527999E-32
 0.35200000E+02   0.12980527E-32   0.12980527E-32
 0.35220000E+02   0.12455219E-32   0.12455219E-32
 0.35240000E+02   0.11951177E-32   0.11951177E-32
 0.35260000E+02   0.11467540E-32   0.11467540E-32
 0.35280000E+02   0.11003482E-32   0.11003482E-32
 0.35300000E+02   0.10558210E-32   0.10558210E-32
 0.35320000E+02   0.10130962E-32   0.10130962E-32
 0.35340000E+02   0.97210104E-33   0.97210104E-33
 0.35360000E+02   0.93276533E-33   0.93276533E-33
 0.35380000E+02   0.89502189E-33   0.89502189E-33
 0.35400000E+02   0.85880625E-33   0.85880625E-33
 0.35420000E+02   0.82405654E-33   0.82405654E-33
 0.35440000E+02   0.79071341E-33   0.79071341E-33
 0.35460000E+02   0.75871990E-33   0.75871990E-33
 0.35480000E+02   0.72802136E-33   0.72802136E-33
 0.35500000E+02   0.69856536E-33   0.69856536E-33
 0.35520000E+02   0.67030158E-33   0.67030158E-33
 0.35540000E+02   0.64318176E-33   0.64318176E-33
 0.35560000E+02   0.61715957E-33   0.61715957E-33
 0.35580000E+02   0.59219058E-33   0.59219058E-33
 0.35600000E+02   0.56823213E-33   0.56823213E-33
 0.35620000E+02   0.54524333E-33   0.54524333E-33
 0.35640000E+02   0.52318491E-33   0.52318491E-33
 0.35660000E+02   0.50201920E-33   0.50201920E-33
 0.35680000E+02   0.48171007E-33   0.48171007E-33
 0.35700000E+02   0.46222282E-33   0.46222282E-33
 0.35720000E+02   0.44352420E-33   0.44352420E-33
 0.35740000E+02   0.42558228E-33   0.42558228E-33
 0.35760000E+02   0.40836642E-33   0.40836642E-33
 0.35780000E+02   0.39184722E-33   0.39184722E-33
 0.35800000E+02   0.37599650E-33   0.37599650E-33
 0.35820000E+02   0.36078718E-33   0.36078718E-33
 0.35840000E+02   0.34619330E-33   0.34619330E-33
 0.35860000E+02   0.33218996E-33   0.33218996E-33
 0.35880000E+02   0.31875324E-33   0.31875324E-33
 0.35900000E+02   0.30586021E-33   0.30586021E-33
 0.35920000E+02   0.29348887E-33   0.29348887E-33
 0.35940000E+02   0.28161809E-33   0.28161809E-33
 0.35960000E+02   0.27022762E-33   0.27022762E-33
 0.35980000E+02   0.25929802E-33   0.25929802E-33
 0.36000000E+02   0.24881062E-33   0.24881062E-33
 0.36020000E+02   0.23874754E-33   0.23874754E-33
 0.36040000E+02   0.22909160E-33   0.22909160E-33
 0.36060000E+02   0.21982632E-33   0.21982632E-33
 0.36080000E+02   0.21093589E-33   0.21093589E-33
 0.36100000E+02   0.20240514E-33   0.20240514E-33
 0.36120000E+02   0.19421952E-33   0.19421952E-33
 0.36140000E+02   0.18636505E-33   0.18636505E-33
 0.36160000E+02   0.17882833E-33   0.17882833E-33
 0.36180000E+02   0.17159651E-33   0.17159651E-33
 0.36200000E+02   0.16465724E-33   0.16465724E-33
 0.36220000E+02   0.15799869E-33   0.15799869E-33
 0.36240000E+02   0.15160950E-33   0.15160950E-33
 0.36260000E+02   0.14547876E-33   0.14547876E-33
 0.36280000E+02   0.13959603E-33   0.13959603E-33
 0.36300000E+02   0.13395125E-33   0.13395125E-33
 0.36320000E+02   0.12853481E-33   0.12853481E-33
 0.36340000E+02   0.12333746E-33   0.12333746E-33
 0.36360000E+02   0.11835033E-33   0.11835033E-33
 0.36380000E+02   0.11356493E-33   0.11356493E-33
 0.36400000E+02   0.10897309E-33   0.10897309E-33
 0.36420000E+02   0.10456698E-33   0.10456698E-33
 0.36440000E+02   0.10033908E-33   0.10033908E-33
 0.36460000E+02   0.96282186E-34   0.96282186E-34
 0.36480000E+02   0.92389372E-34   0.92389372E-34
 0.36500000E+02   0.88654004E-34   0.88654004E-34
 0.36520000E+02   0.85069710E-34   0.85069710E-34
 0.36540000E+02   0.81630378E-34   0.81630378E-34
 0.36560000E+02   0.78330145E-34   0.78330145E-34
 0.36580000E+02   0.75163381E-34   0.75163381E-34
 0.36600000E+02   0.72124688E-34   0.72124688E-34
 0.36620000E+02   0.69208883E-34   0.69208883E-34
 0.36640000E+02   0.66410997E-34   0.66410997E-34
 0.36660000E+02   0.63726258E-34   0.63726258E-34
 0.36680000E+02   0.61150088E-34   0.61150088E-34
 0.36700000E+02   0.58678097E-34   0.58678097E-34
 0.36720000E+02   0.56306069E-34   0.56306069E-34
 0.36740000E+02   0.54029962E-34   0.54029962E-34
 0.36760000E+02   0.51845893E-34   0.51845893E-34
 0.36780000E+02   0.49750142E-34   0.49750142E-34
 0.36800000E+02   0.47739135E-34   0.47739135E-34
 0.36820000E+02   0.45809444E-34   0.45809444E-34
 0.36840000E+02   0.43957780E-34   0.43957780E-34
 0.36860000E+02   0.42180987E-34   0.42180987E-34
 0.36880000E+02   0.40476037E-34   0.40476037E-34
 0.36900000E+02   0.38840023E-34   0.38840023E-34
 0.36920000E+02   0.37270158E-34   0.37270158E-34
 0.36940000E+02   0.35763766E-34   0.35763766E-34
 0.36960000E+02   0.34318280E-34   0.34318280E-34
 0.36980000E+02   0.32931236E-34   0.32931236E-34
 0.37000000E+02   0.31600270E-34   0.31600270E-34
 0.37020000E+02   0.30323116E-34   0.30323116E-34
 0.37040000E+02   0.29097596E-34   0.29097596E-34
 0.37060000E+02   0.27921622E-34   0.27921622E-34
 0.37080000E+02   0.26793190E-34   0.26793190E-34
 0.37100000E+02   0.25710378E-34   0.25710378E-34
 0.37120000E+02   0.24671341E-34   0.24671341E-34
 0.37140000E+02   0.23674308E-34   0.23674308E-34
 0.37160000E+02   0.22717581E-34   0.22717581E-34
 0.37180000E+02   0.21799530E-34   0.21799530E-34
 0.37200000E+02   0.20918591E-34   0.20918591E-34
 0.37220000E+02   0.20073263E-34   0.20073263E-34
 0.37240000E+02   0.19262107E-34   0.19262107E-34
 0.37260000E+02   0.18483739E-34   0.18483739E-34
 0.37280000E+02   0.17736835E-34   0.17736835E-34
 0.37300000E+02   0.17020123E-34   0.17020123E-34
 0.37320000E+02   0.16332380E-34   0.16332380E-34
 0.37340000E+02   0.15672437E-34   0.15672437E-34
 0.37360000E+02   0.15039169E-34   0.15039169E-34
 0.37380000E+02   0.14431497E-34   0.14431497E-34
 0.37400000E+02   0.13848386E-34   0.13848386E-34
 0.37420000E+02   0.13288845E-34   0.13288845E-34
 0.37440000E+02   0.12751918E-34   0.12751918E-34
 0.37460000E+02   0.12236693E-34   0.12236693E-34
 0.37480000E+02   0.11742291E-34   0.11742291E-34
 0.37500000E+02   0.11267871E-34   0.11267871E-34
 0.37520000E+02   0.10812625E-34   0.10812625E-34
 0.37540000E+02   0.10375778E-34   0.10375778E-34
 0.37560000E+02   0.99565864E-35   0.99565864E-35
 0.37580000E+02   0.95543355E-35   0.95543355E-35
 0.37600000E+02   0.91683410E-35   0.91683410E-35
 0.37620000E+02   0.87979456E-35   0.87979456E-35
 0.37640000E+02   0.84425187E-35   0.84425187E-35
 0.37660000E+02   0.81014552E-35   0.81014552E-35
 0.37680000E+02   0.77741745E-35   0.77741745E-35
 0.37700000E+02   0.74601194E-35   0.74601194E-35
 0.37720000E+02   0.71587553E-35   0.71587553E-35
 0.37740000E+02   0.68695692E-35   0.68695692E-35
 0.37760000E+02   0.65920687E-35   0.65920687E-35
 0.37780000E+02   0.63257817E-35   0.63257817E-35
 0.37800000E+02   0.60702547E-35   0.60702547E-35
 0.37820000E+02   0.58250528E-35   0.58250528E-35
 0.37840000E+02   0.55897588E-35   0.55897588E-35
 0.37860000E+02   0.53639721E-35   0.53639721E-35
 0.37880000E+02   0.51473085E-35   0.51473085E-35
 0.37900000E+02   0.49393992E-35   0.49393992E-35
 0.37920000E+02   0.47398903E-35   0.47398903E-35
 0.37940000E+02   0.45484425E-35   0.45484425E-35
 0.37960000E+02   0.43647297E-35   0.43647297E-35
 0.37980000E+02   0.41884395E-35   0.41884395E-35
 0.38000000E+02   0.40192719E-35   0.40192719E-35
 0.38020000E+02   0.38569389E-35   0.38569389E-35
 0.38040000E+02   0.37011644E-35   0.37011644E-35
 0.38060000E+02   0.35516833E-35   0.35516833E-35
 0.38080000E+02   0.34082412E-35   0.34082412E-35
 0.38100000E+02   0.32705942E-35   0.32705942E-35
 0.38120000E+02   0.31385080E-35   0.31385080E-35
 0.38140000E+02   0.30117578E-35   0.30117578E-35
 0.38160000E+02   0.28901281E-35   0.28901281E-35
 0.38180000E+02   0.27734120E-35   0.27734120E-35
 0.38200000E+02   0.26614108E-35   0.26614108E-35
 0.38220000E+02   0.25539341E-35   0.25539341E-35
 0.38240000E+02   0.24507990E-35   0.24507990E-35
 0.38260000E+02   0.23518300E-35   0.23518300E-35
 0.38280000E+02   0.22568589E-35   0.22568589E-35
 0.38300000E+02   0.21657241E-35   0.21657241E-35
 0.38320000E+02   0.20782705E-35   0.20782705E-35
 0.38340000E+02   0.19943495E-35   0.19943495E-35
 0.38360000E+02   0.19138183E-35   0.19138183E-35
 0.38380000E+02   0.18365399E-35   0.18365399E-35
 0.38400000E+02   0.17623829E-35   0.17623829E-35
 0.38420000E+02   0.16912211E-35   0.16912211E-35
 0.38440000E+02   0.16229337E-35   0.16229337E-35
 0.38460000E+02   0.15574043E-35   0.15574043E-35
 0.38480000E+02   0.14945216E-35   0.14945216E-35
 0.38500000E+02   0.14341788E-35   0.14341788E-35
 0.38520000E+02   0.13762730E-35   0.13762730E-35
 0.38540000E+02   0.13207060E-35   0.13207060E-35
 0.38560000E+02   0.12673831E-35   0.12673831E-35
 0.38580000E+02   0.12162138E-35   0.12162138E-35
 0.38600000E+02   0.11671110E-35   0.11671110E-35
 0.38620000E+02   0.11199913E-35   0.11199913E-35
 0.38640000E+02   0.10747745E-35   0.10747745E-35
 0.38660000E+02   0.10313838E-35   0.10313838E-35
 0.38680000E+02   0.98974535E-36   0.98974535E-36
 0.38700000E+02   0.94978844E-36   0.94978844E-36
 0.38720000E+02   0.91144511E-36   0.91144511E-36
 0.38740000E+02   0.87465018E-36   0.87465018E-36
 0.38760000E+02   0.83934111E-36   0.83934111E-36
 0.38780000E+02   0.80545786E-36   0.80545786E-36
 0.38800000E+02   0.77294286E-36   0.77294286E-36
 0.38820000E+02   0.74174083E-36   0.74174083E-36
 0.38840000E+02   0.71179874E-36   0.71179874E-36
 0.38860000E+02   0.68306569E-36   0.68306569E-36
 0.38880000E+02   0.65549285E-36   0.65549285E-36
 0.38900000E+02   0.62903335E-36   0.62903335E-36
 0.38920000E+02   0.60364224E-36   0.60364224E-36
 0.38940000E+02   0.57927634E-36   0.57927634E-36
 0.38960000E+02   0.55589427E-36   0.55589427E-36
 0.38980000E+02   0.53345628E-36   0.53345628E-36
 0.39000000E+02   0.51192424E-36   0.51192424E-36
 0.39020000E+02   0.49126156E-36   0.49126156E-36
 0.39040000E+02   0.47143313E-36   0.47143313E-36
 0.39060000E+02   0.45240526E-36   0.45240526E-36
 0.39080000E+02   0.43414562E-36   0.43414562E-36
 0.39100000E+02   0.41662318E-36   0.41662318E-36
 0.39120000E+02   0.39980816E-36   0.39980816E-36
 0.39140000E+02   0.38367201E-36   0.38367201E-36
 0.39160000E+02   0.36818729E-36   0.36818729E-36
 0.39180000E+02   0.35332771E-36   0.35332771E-36
 0.39200000E+02   0.33906803E-36   0.33906803E-36
 0.39220000E+02   0.32538401E-36   0.32538401E-36
 0.39240000E+02   0.31225240E-36   0.31225240E-36
 0.39260000E+02   0.29965091E-36   0.29965091E-36
 0.39280000E+02   0.28755812E-36   0.28755812E-36
 0.39300000E+02   0.27595350E-36   0.27595350E-36
 0.39320000E+02   0.26481733E-36   0.26481733E-36
 0.39340000E+02   0.25413069E-36   0.25413069E-36
 0.39360000E+02   0.24387543E-36   0.24387543E-36
 0.39380000E+02   0.23403414E-36   0.23403414E-36
 0.39400000E+02   0.22459009E-36   0.22459009E-36
 0.39420000E+02   0.21552726E-36   0.21552726E-36
 0.39440000E+02   0.20683024E-36   0.20683024E-36
 0.39460000E+02   0.19848427E-36   0.19848427E-36
 0.39480000E+02   0.19047517E-36   0.19047517E-36
 0.39500000E+02   0.18278935E-36   0.18278935E-36
 0.39520000E+02   0.17541374E-36   0.17541374E-36
 0.39540000E+02   0.16833583E-36   0.16833583E-36
 0.39560000E+02   0.16154359E-36   0.16154359E-36
 0.39580000E+02   0.15502549E-36   0.15502549E-36
 0.39600000E+02   0.14877047E-36   0.14877047E-36
 0.39620000E+02   0.14276790E-36   0.14276790E-36
 0.39640000E+02   0.13700759E-36   0.13700759E-36
 0.39660000E+02   0.13147976E-36   0.13147976E-36
 0.39680000E+02   0.12617503E-36   0.12617503E-36
 0.39700000E+02   0.12108438E-36   0.12108438E-36
 0.39720000E+02   0.11619918E-36   0.11619918E-36
 0.39740000E+02   0.11151113E-36   0.11151113E-36
 0.39760000E+02   0.10701228E-36   0.10701228E-36
 0.39780000E+02   0.10269498E-36   0.10269498E-36
 0.39800000E+02   0.98551906E-37   0.98551906E-37
 0.39820000E+02   0.94576027E-37   0.94576027E-37
 0.39840000E+02   0.90760593E-37   0.90760593E-37
 0.39860000E+02   0.87099127E-37   0.87099127E-37
 0.39880000E+02   0.83585414E-37   0.83585414E-37
 0.39900000E+02   0.80213490E-37   0.80213490E-37
 0.39920000E+02   0.76977632E-37   0.76977632E-37
 0.39940000E+02   0.73872347E-37   0.73872347E-37
 0.39960000E+02   0.70892365E-37   0.70892365E-37
 0.39980000E+02   0.68032629E-37   0.68032629E-37
 0.40000000E+02   0.65288284E-37   0.65288284E-37

