#       k             kp                  V           
   0.001580       0.001580         -6.208944e-06     
   0.001580       0.008319         -3.269412e-05     
   0.001580       0.020424         -8.017390e-05     
   0.001580       0.037866         -1.480681e-04     
   0.001580       0.060596         -2.350108e-04     
   0.001580       0.088555         -3.383295e-04     
   0.001580       0.121667         -4.535488e-04     
   0.001580       0.159843         -5.742232e-04     
   0.001580       0.202979         -6.923302e-04     
   0.001580       0.250960         -7.993265e-04     
   0.001580       0.303656         -8.876526e-04     
   0.001580       0.360925         -9.520573e-04     
   0.001580       0.422613         -9.899798e-04     
   0.001580       0.488552         -1.000792e-03     
   0.001580       0.558567         -9.847213e-04     
   0.001580       0.632467         -9.427501e-04     
   0.001580       0.710054         -8.777033e-04     
   0.001580       0.791119         -7.949450e-04     
   0.001580       0.875442         -7.010019e-04     
   0.001580       0.962797         -6.010128e-04     
   0.001580       1.052948         -4.979133e-04     
   0.001580       1.145653         -3.941301e-04     
   0.001580       1.240660         -2.928729e-04     
   0.001580       1.337714         -1.969950e-04     
   0.001580       1.436554         -1.077217e-04     
   0.001580       1.536913         -2.563048e-05     
   0.001580       1.638520         4.807987e-05      
   0.001580       1.741102         1.123504e-04      
   0.001580       1.844381         1.672236e-04      
   0.001580       1.948080         2.130557e-04      
   0.001580       2.051920         2.497699e-04      
   0.001580       2.155619         2.775584e-04      
   0.001580       2.258898         2.973076e-04      
   0.001580       2.361480         3.098970e-04      
   0.001580       2.463087         3.159143e-04      
   0.001580       2.563446         3.161710e-04      
   0.001580       2.662286         3.117736e-04      
   0.001580       2.759340         3.036605e-04      
   0.001580       2.854347         2.925345e-04      
   0.001580       2.947052         2.791523e-04      
   0.001580       3.037203         2.643341e-04      
   0.001580       3.124558         2.487376e-04      
   0.001580       3.208881         2.328176e-04      
   0.001580       3.289946         2.169613e-04      
   0.001580       3.367533         2.015442e-04      
   0.001580       3.441433         1.868690e-04      
   0.001580       3.511448         1.731206e-04      
   0.001580       3.577387         1.603946e-04      
   0.001580       3.639075         1.487465e-04      
   0.001580       3.696344         1.382124e-04      
   0.001580       3.749040         1.288059e-04      
   0.001580       3.797021         1.205132e-04      
   0.001580       3.840157         1.132978e-04      
   0.001580       3.878333         1.071101e-04      
   0.001580       3.911445         1.018970e-04      
   0.001580       3.939404         9.760788e-05      
   0.001580       3.962134         9.419757e-05      
   0.001580       3.979576         9.162788e-05      
   0.001580       3.991681         8.986854e-05      
   0.001580       3.998420         8.889772e-05      
   0.001580       4.008294         8.748658e-05      
   0.001580       4.043674         8.254004e-05      
   0.001580       4.107227         7.409536e-05      
   0.001580       4.198794         6.294793e-05      
   0.001580       4.318131         5.022222e-05      
   0.001580       4.464916         3.720993e-05      
   0.001580       4.638754         2.525256e-05      
   0.001580       4.839176         1.544758e-05      
   0.001580       5.065642         8.349903e-06      
   0.001580       5.317541         3.915336e-06      
   0.001580       5.594194         1.576741e-06      
   0.001580       5.894856         5.544625e-07      
   0.001580       6.218716         1.818704e-07      
   0.001580       6.564900         5.930824e-08      
   0.001580       6.932477         1.793701e-08      
   0.001580       7.320454         4.137189e-09      
   0.001580       7.727785         5.427353e-10      
   0.001580       8.153374         -3.054151e-12     
   0.001580       8.596072         -1.297726e-11     
   0.001580       9.054685         -1.350826e-12     
   0.001580       9.527979         1.262928e-13      
   0.001580       10.014676        3.268521e-14      
   0.001580       10.513464        9.623858e-16      
   0.001580       11.023000        -2.062920e-16     
   0.001580       11.541909        -1.412096e-17     
   0.001580       12.068793        3.193381e-19      
   0.001580       12.602230        4.165907e-20      
   0.001580       13.140784        9.302720e-23      
   0.001580       13.683002        -4.300841e-23     
   0.001580       14.227422        -3.190223e-25     
   0.001580       14.772578        1.876231e-26      
   0.001580       15.316998        1.620865e-28      
   0.001580       15.859216        -4.163694e-30     
   0.001580       16.397770        -3.496610e-32     
   0.001580       16.931207        5.736088e-34      
   0.001580       17.458091        4.792930e-36      
   0.001580       17.977000        -8.208030e-38     
   0.001580       18.486536        -6.592771e-40     
   0.001580       18.985324        -8.715503e-40     
   0.001580       19.472021        -1.165929e-37     
   0.001580       19.945315        -1.440868e-35     
   0.001580       20.403928        -1.640363e-33     
   0.001580       20.846626        -1.677385e-31     
   0.001580       21.272215        -1.502682e-29     
   0.001580       21.679546        -1.150628e-27     
   0.001580       22.067523        -7.352765e-26     
   0.001580       22.435100        -3.828536e-24     
   0.001580       22.781284        -1.589810e-22     
   0.001580       23.105144        -5.143731e-21     
   0.001580       23.405806        -1.273091e-19     
   0.001580       23.682459        -2.375872e-18     
   0.001580       23.934358        -3.233186e-17     
   0.001580       24.160824        -3.258348e-16     
   0.001580       24.361246        -2.439862e-15     
   0.001580       24.535084        -1.231570e-14     
   0.001580       24.681869        -4.116556e-14     
   0.001580       24.801206        -1.020735e-13     
   0.001580       24.892773        -2.251535e-13     
   0.001580       24.956326        -6.112101e-13     
   0.001580       24.991706        -2.139819e-12     
   0.008319       0.001580         -3.269412e-05     
   0.008319       0.008319         -1.721558e-04     
   0.008319       0.020424         -4.221678e-04     
   0.008319       0.037866         -7.796759e-04     
   0.008319       0.060596         -1.237489e-03     
   0.008319       0.088555         -1.781539e-03     
   0.008319       0.121667         -2.388263e-03     
   0.008319       0.159843         -3.023729e-03     
   0.008319       0.202979         -3.645696e-03     
   0.008319       0.250960         -4.209174e-03     
   0.008319       0.303656         -4.674346e-03     
   0.008319       0.360925         -5.013540e-03     
   0.008319       0.422613         -5.213255e-03     
   0.008319       0.488552         -5.270176e-03     
   0.008319       0.558567         -5.185521e-03     
   0.008319       0.632467         -4.964483e-03     
   0.008319       0.710054         -4.621953e-03     
   0.008319       0.791119         -4.186167e-03     
   0.008319       0.875442         -3.691475e-03     
   0.008319       0.962797         -3.164928e-03     
   0.008319       1.052948         -2.621999e-03     
   0.008319       1.145653         -2.075477e-03     
   0.008319       1.240660         -1.542264e-03     
   0.008319       1.337714         -1.037375e-03     
   0.008319       1.436554         -5.672611e-04     
   0.008319       1.536913         -1.349697e-04     
   0.008319       1.638520         2.531883e-04      
   0.008319       1.741102         5.916377e-04      
   0.008319       1.844381         8.805991e-04      
   0.008319       1.948080         1.121948e-03      
   0.008319       2.051920         1.315285e-03      
   0.008319       2.155619         1.461622e-03      
   0.008319       2.258898         1.565622e-03      
   0.008319       2.361480         1.631917e-03      
   0.008319       2.463087         1.663603e-03      
   0.008319       2.563446         1.664956e-03      
   0.008319       2.662286         1.641801e-03      
   0.008319       2.759340         1.599078e-03      
   0.008319       2.854347         1.540488e-03      
   0.008319       2.947052         1.470018e-03      
   0.008319       3.037203         1.391985e-03      
   0.008319       3.124558         1.309855e-03      
   0.008319       3.208881         1.226020e-03      
   0.008319       3.289946         1.142521e-03      
   0.008319       3.367533         1.061335e-03      
   0.008319       3.441433         9.840554e-04      
   0.008319       3.511448         9.116561e-04      
   0.008319       3.577387         8.446413e-04      
   0.008319       3.639075         7.833025e-04      
   0.008319       3.696344         7.278302e-04      
   0.008319       3.749040         6.782955e-04      
   0.008319       3.797021         6.346264e-04      
   0.008319       3.840157         5.966298e-04      
   0.008319       3.878333         5.640451e-04      
   0.008319       3.911445         5.365927e-04      
   0.008319       3.939404         5.140061e-04      
   0.008319       3.962134         4.960474e-04      
   0.008319       3.979576         4.825153e-04      
   0.008319       3.991681         4.732506e-04      
   0.008319       3.998420         4.681382e-04      
   0.008319       4.008294         4.607072e-04      
   0.008319       4.043674         4.346586e-04      
   0.008319       4.107227         3.901889e-04      
   0.008319       4.198794         3.314865e-04      
   0.008319       4.318131         2.644726e-04      
   0.008319       4.464916         1.959494e-04      
   0.008319       4.638754         1.329815e-04      
   0.008319       4.839176         8.134807e-05      
   0.008319       5.065642         4.397127e-05      
   0.008319       5.317541         2.061857e-05      
   0.008319       5.594194         8.303291e-06      
   0.008319       5.894856         2.919871e-06      
   0.008319       6.218716         9.577510e-07      
   0.008319       6.564900         3.123224e-07      
   0.008319       6.932477         9.445739e-08      
   0.008319       7.320454         2.178663e-08      
   0.008319       7.727785         2.858080e-09      
   0.008319       8.153374         -1.607759e-11     
   0.008319       8.596072         -6.833760e-11     
   0.008319       9.054685         -7.113401e-12     
   0.008319       9.527979         6.650565e-13      
   0.008319       10.014676        1.721196e-13      
   0.008319       10.513464        5.067868e-15      
   0.008319       11.023000        -1.086334e-15     
   0.008319       11.541909        -7.436086e-17     
   0.008319       12.068793        1.681638e-18      
   0.008319       12.602230        2.193767e-19      
   0.008319       13.140784        4.898878e-22      
   0.008319       13.683002        -2.264824e-22     
   0.008319       14.227422        -1.679986e-24     
   0.008319       14.772578        9.880223e-26      
   0.008319       15.316998        8.535577e-28      
   0.008319       15.859216        -2.192597e-29     
   0.008319       16.397770        -1.841343e-31     
   0.008319       16.931207        3.020624e-33      
   0.008319       17.458091        2.524003e-35      
   0.008319       17.977000        -4.322379e-37     
   0.008319       18.486536        -3.471702e-39     
   0.008319       18.985324        -4.574423e-39     
   0.008319       19.472021        -6.119988e-37     
   0.008319       19.945315        -7.563164e-35     
   0.008319       20.403928        -8.610331e-33     
   0.008319       20.846626        -8.804660e-31     
   0.008319       21.272215        -7.887636e-29     
   0.008319       21.679546        -6.039688e-27     
   0.008319       22.067523        -3.859488e-25     
   0.008319       22.435100        -2.009608e-23     
   0.008319       22.781284        -8.344941e-22     
   0.008319       23.105144        -2.699949e-20     
   0.008319       23.405806        -6.682456e-19     
   0.008319       23.682459        -1.247093e-17     
   0.008319       23.934358        -1.697092e-16     
   0.008319       24.160824        -1.710298e-15     
   0.008319       24.361246        -1.280673e-14     
   0.008319       24.535084        -6.464418e-14     
   0.008319       24.681869        -2.160737e-13     
   0.008319       24.801206        -5.357740e-13     
   0.008319       24.892773        -1.181839e-12     
   0.008319       24.956326        -3.209064e-12     
   0.008319       24.991706        -1.122846e-11     
   0.020424       0.001580         -8.017390e-05     
   0.020424       0.008319         -4.221678e-04     
   0.020424       0.020424         -1.035262e-03     
   0.020424       0.037866         -1.911976e-03     
   0.020424       0.060596         -3.034711e-03     
   0.020424       0.088555         -4.369034e-03     
   0.020424       0.121667         -5.857270e-03     
   0.020424       0.159843         -7.416336e-03     
   0.020424       0.202979         -8.942768e-03     
   0.020424       0.250960         -1.032628e-02     
   0.020424       0.303656         -1.146912e-02     
   0.020424       0.360925         -1.230317e-02     
   0.020424       0.422613         -1.279497e-02     
   0.020424       0.488552         -1.293610e-02     
   0.020424       0.558567         -1.272944e-02     
   0.020424       0.632467         -1.218778e-02     
   0.020424       0.710054         -1.134770e-02     
   0.020424       0.791119         -1.027844e-02     
   0.020424       0.875442         -9.064179e-03     
   0.020424       0.962797         -7.771351e-03     
   0.020424       1.052948         -6.438138e-03     
   0.020424       1.145653         -5.096094e-03     
   0.020424       1.240660         -3.786706e-03     
   0.020424       1.337714         -2.546828e-03     
   0.020424       1.436554         -1.392405e-03     
   0.020424       1.536913         -3.310070e-04     
   0.020424       1.638520         6.219276e-04      
   0.020424       1.741102         1.452800e-03      
   0.020424       1.844381         2.162148e-03      
   0.020424       1.948080         2.754566e-03      
   0.020424       2.051920         3.229135e-03      
   0.020424       2.155619         3.588384e-03      
   0.020424       2.258898         3.843735e-03      
   0.020424       2.361480         4.006531e-03      
   0.020424       2.463087         4.084387e-03      
   0.020424       2.563446         4.087787e-03      
   0.020424       2.662286         4.030994e-03      
   0.020424       2.759340         3.926128e-03      
   0.020424       2.854347         3.782292e-03      
   0.020424       2.947052         3.609279e-03      
   0.020424       3.037203         3.417681e-03      
   0.020424       3.124558         3.216007e-03      
   0.020424       3.208881         3.010151e-03      
   0.020424       3.289946         2.805128e-03      
   0.020424       3.367533         2.605793e-03      
   0.020424       3.441433         2.416053e-03      
   0.020424       3.511448         2.238296e-03      
   0.020424       3.577387         2.073764e-03      
   0.020424       3.639075         1.923172e-03      
   0.020424       3.696344         1.786985e-03      
   0.020424       3.749040         1.665376e-03      
   0.020424       3.797021         1.558167e-03      
   0.020424       3.840157         1.464883e-03      
   0.020424       3.878333         1.384885e-03      
   0.020424       3.911445         1.317486e-03      
   0.020424       3.939404         1.262033e-03      
   0.020424       3.962134         1.217942e-03      
   0.020424       3.979576         1.184719e-03      
   0.020424       3.991681         1.161973e-03      
   0.020424       3.998420         1.149421e-03      
   0.020424       4.008294         1.131177e-03      
   0.020424       4.043674         1.067224e-03      
   0.020424       4.107227         9.580423e-04      
   0.020424       4.198794         8.139130e-04      
   0.020424       4.318131         6.493701e-04      
   0.020424       4.464916         4.811199e-04      
   0.020424       4.638754         3.265109e-04      
   0.020424       4.839176         1.997345e-04      
   0.020424       5.065642         1.079661e-04      
   0.020424       5.317541         5.062867e-05      
   0.020424       5.594194         2.038899e-05      
   0.020424       5.894856         7.169607e-06      
   0.020424       6.218716         2.351684e-06      
   0.020424       6.564900         7.668885e-07      
   0.020424       6.932477         2.319258e-07      
   0.020424       7.320454         5.349273e-08      
   0.020424       7.727785         7.017618e-09      
   0.020424       8.153374         -3.940079e-11     
   0.020424       8.596072         -1.677742e-10     
   0.020424       9.054685         -1.746425e-11     
   0.020424       9.527979         1.632829e-12      
   0.020424       10.014676        4.225793e-13      
   0.020424       10.513464        1.244193e-14      
   0.020424       11.023000        -2.667169e-15     
   0.020424       11.541909        -1.825689e-16     
   0.020424       12.068793        4.128805e-18      
   0.020424       12.602230        5.386140e-19      
   0.020424       13.140784        1.202846e-21      
   0.020424       13.683002        -5.560596e-22     
   0.020424       14.227422        -4.124878e-24     
   0.020424       14.772578        2.425777e-25      
   0.020424       15.316998        2.095775e-27      
   0.020424       15.859216        -5.383208e-29     
   0.020424       16.397770        -4.521213e-31     
   0.020424       16.931207        7.416222e-33      
   0.020424       17.458091        6.197500e-35      
   0.020424       17.977000        -1.061267e-36     
   0.020424       18.486536        -8.523730e-39     
   0.020424       18.985324        -1.112952e-38     
   0.020424       19.472021        -1.489305e-36     
   0.020424       19.945315        -1.840508e-34     
   0.020424       20.403928        -2.095340e-32     
   0.020424       20.846626        -2.142630e-30     
   0.020424       21.272215        -1.919470e-28     
   0.020424       21.679546        -1.469768e-26     
   0.020424       22.067523        -9.392116e-25     
   0.020424       22.435100        -4.890401e-23     
   0.020424       22.781284        -2.030747e-21     
   0.020424       23.105144        -6.570331e-20     
   0.020424       23.405806        -1.626174e-18     
   0.020424       23.682459        -3.034792e-17     
   0.020424       23.934358        -4.129849e-16     
   0.020424       24.160824        -4.161981e-15     
   0.020424       24.361246        -3.116488e-14     
   0.020424       24.535084        -1.573089e-13     
   0.020424       24.681869        -5.258030e-13     
   0.020424       24.801206        -1.303776e-12     
   0.020424       24.892773        -2.876025e-12     
   0.020424       24.956326        -7.811531e-12     
   0.020424       24.991706        -2.731486e-11     
   0.037866       0.001580         -1.480681e-04     
   0.037866       0.008319         -7.796759e-04     
   0.037866       0.020424         -1.911976e-03     
   0.037866       0.037866         -3.531213e-03     
   0.037866       0.060596         -5.605031e-03     
   0.037866       0.088555         -8.070150e-03     
   0.037866       0.121667         -1.082054e-02     
   0.037866       0.159843         -1.370334e-02     
   0.037866       0.202979         -1.652799e-02     
   0.037866       0.250960         -1.909091e-02     
   0.037866       0.303656         -2.121100e-02     
   0.037866       0.360925         -2.276112e-02     
   0.037866       0.422613         -2.367786e-02     
   0.037866       0.488552         -2.394449e-02     
   0.037866       0.558567         -2.356619e-02     
   0.037866       0.632467         -2.256724e-02     
   0.037866       0.710054         -2.101581e-02     
   0.037866       0.791119         -1.903956e-02     
   0.037866       0.875442         -1.679352e-02     
   0.037866       0.962797         -1.440057e-02     
   0.037866       1.052948         -1.193213e-02     
   0.037866       1.145653         -9.447119e-03     
   0.037866       1.240660         -7.022034e-03     
   0.037866       1.337714         -4.724761e-03     
   0.037866       1.436554         -2.585180e-03     
   0.037866       1.536913         -6.177705e-04     
   0.037866       1.638520         1.148974e-03      
   0.037866       1.741102         2.690008e-03      
   0.037866       1.844381         4.005975e-03      
   0.037866       1.948080         5.105051e-03      
   0.037866       2.051920         5.985620e-03      
   0.037866       2.155619         6.652434e-03      
   0.037866       2.258898         7.126446e-03      
   0.037866       2.361480         7.428600e-03      
   0.037866       2.463087         7.573183e-03      
   0.037866       2.563446         7.579703e-03      
   0.037866       2.662286         7.474508e-03      
   0.037866       2.759340         7.280072e-03      
   0.037866       2.854347         7.013385e-03      
   0.037866       2.947052         6.692630e-03      
   0.037866       3.037203         6.337382e-03      
   0.037866       3.124558         5.963396e-03      
   0.037866       3.208881         5.581649e-03      
   0.037866       3.289946         5.201468e-03      
   0.037866       3.367533         4.831833e-03      
   0.037866       3.441433         4.479965e-03      
   0.037866       3.511448         4.150303e-03      
   0.037866       3.577387         3.845165e-03      
   0.037866       3.639075         3.565893e-03      
   0.037866       3.696344         3.313348e-03      
   0.037866       3.749040         3.087842e-03      
   0.037866       3.797021         2.889038e-03      
   0.037866       3.840157         2.716055e-03      
   0.037866       3.878333         2.567709e-03      
   0.037866       3.911445         2.442730e-03      
   0.037866       3.939404         2.339904e-03      
   0.037866       3.962134         2.258148e-03      
   0.037866       3.979576         2.196545e-03      
   0.037866       3.991681         2.154370e-03      
   0.037866       3.998420         2.131097e-03      
   0.037866       4.008294         2.097269e-03      
   0.037866       4.043674         1.978694e-03      
   0.037866       4.107227         1.776272e-03      
   0.037866       4.198794         1.509064e-03      
   0.037866       4.318131         1.204012e-03      
   0.037866       4.464916         8.921008e-04      
   0.037866       4.638754         6.054743e-04      
   0.037866       4.839176         3.704179e-04      
   0.037866       5.065642         2.002481e-04      
   0.037866       5.317541         9.390850e-05      
   0.037866       5.594194         3.781869e-05      
   0.037866       5.894856         1.329772e-05      
   0.037866       6.218716         4.360929e-06      
   0.037866       6.564900         1.421887e-06      
   0.037866       6.932477         4.300330e-07      
   0.037866       7.320454         9.920128e-08      
   0.037866       7.727785         1.301881e-08      
   0.037866       8.153374         -7.178095e-11     
   0.037866       8.596072         -3.110459e-10     
   0.037866       9.054685         -3.240403e-11     
   0.037866       9.527979         3.024712e-12      
   0.037866       10.014676        7.835904e-13      
   0.037866       10.513464        2.309891e-14      
   0.037866       11.023000        -4.944515e-15     
   0.037866       11.541909        -3.386263e-16     
   0.037866       12.068793        7.650402e-18      
   0.037866       12.602230        9.988658e-19      
   0.037866       13.140784        2.239451e-21      
   0.037866       13.683002        -1.031173e-21     
   0.037866       14.227422        -7.654766e-24     
   0.037866       14.772578        4.498428e-25      
   0.037866       15.316998        3.888044e-27      
   0.037866       15.859216        -9.983051e-29     
   0.037866       16.397770        -8.386476e-31     
   0.037866       16.931207        1.375364e-32      
   0.037866       17.458091        1.149445e-34      
   0.037866       17.977000        -1.968138e-36     
   0.037866       18.486536        -1.580293e-38     
   0.037866       18.985324        -2.001303e-38     
   0.037866       19.472021        -2.680044e-36     
   0.037866       19.945315        -3.312082e-34     
   0.037866       20.403928        -3.770684e-32     
   0.037866       20.846626        -3.855791e-30     
   0.037866       21.272215        -3.454195e-28     
   0.037866       21.679546        -2.644921e-26     
   0.037866       22.067523        -1.690150e-24     
   0.037866       22.435100        -8.800424e-23     
   0.037866       22.781284        -3.654364e-21     
   0.037866       23.105144        -1.182333e-19     
   0.037866       23.405806        -2.926280e-18     
   0.037866       23.682459        -5.461012e-17     
   0.037866       23.934358        -7.431435e-16     
   0.037866       24.160824        -7.489214e-15     
   0.037866       24.361246        -5.607840e-14     
   0.037866       24.535084        -2.830537e-13     
   0.037866       24.681869        -9.460743e-13     
   0.037866       24.801206        -2.345888e-12     
   0.037866       24.892773        -5.175559e-12     
   0.037866       24.956326        -1.407607e-11     
   0.037866       24.991706        -4.907160e-11     
   0.060596       0.001580         -2.350108e-04     
   0.060596       0.008319         -1.237489e-03     
   0.060596       0.020424         -3.034711e-03     
   0.060596       0.037866         -5.605031e-03     
   0.060596       0.060596         -8.897630e-03     
   0.060596       0.088555         -1.281314e-02     
   0.060596       0.121667         -1.718492e-02     
   0.060596       0.159843         -2.177245e-02     
   0.060596       0.202979         -2.627498e-02     
   0.060596       0.250960         -3.036978e-02     
   0.060596       0.303656         -3.376732e-02     
   0.060596       0.360925         -3.626119e-02     
   0.060596       0.422613         -3.774499e-02     
   0.060596       0.488552         -3.818797e-02     
   0.060596       0.558567         -3.759768e-02     
   0.060596       0.632467         -3.601487e-02     
   0.060596       0.710054         -3.354970e-02     
   0.060596       0.791119         -3.040443e-02     
   0.060596       0.875442         -2.682373e-02     
   0.060596       0.962797         -2.300360e-02     
   0.060596       1.052948         -1.906089e-02     
   0.060596       1.145653         -1.509179e-02     
   0.060596       1.240660         -1.121763e-02     
   0.060596       1.337714         -7.545788e-03     
   0.060596       1.436554         -4.125247e-03     
   0.060596       1.536913         -9.806017e-04     
   0.060596       1.638520         1.843242e-03      
   0.060596       1.741102         4.307155e-03      
   0.060596       1.844381         6.411414e-03      
   0.060596       1.948080         8.168355e-03      
   0.060596       2.051920         9.576051e-03      
   0.060596       2.155619         1.064256e-02      
   0.060596       2.258898         1.140075e-02      
   0.060596       2.361480         1.188385e-02      
   0.060596       2.463087         1.211520e-02      
   0.060596       2.563446         1.212611e-02      
   0.060596       2.662286         1.195827e-02      
   0.060596       2.759340         1.164752e-02      
   0.060596       2.854347         1.122132e-02      
   0.060596       2.947052         1.070879e-02      
   0.060596       3.037203         1.014097e-02      
   0.060596       3.124558         9.542997e-03      
   0.060596       3.208881         8.932553e-03      
   0.060596       3.289946         8.324645e-03      
   0.060596       3.367533         7.733566e-03      
   0.060596       3.441433         7.170783e-03      
   0.060596       3.511448         6.643409e-03      
   0.060596       3.577387         6.155223e-03      
   0.060596       3.639075         5.708416e-03      
   0.060596       3.696344         5.304364e-03      
   0.060596       3.749040         4.943549e-03      
   0.060596       3.797021         4.625422e-03      
   0.060596       3.840157         4.348582e-03      
   0.060596       3.878333         4.111148e-03      
   0.060596       3.911445         3.911101e-03      
   0.060596       3.939404         3.746508e-03      
   0.060596       3.962134         3.615640e-03      
   0.060596       3.979576         3.517032e-03      
   0.060596       3.991681         3.449521e-03      
   0.060596       3.998420         3.412268e-03      
   0.060596       4.008294         3.358119e-03      
   0.060596       4.043674         3.168314e-03      
   0.060596       4.107227         2.844286e-03      
   0.060596       4.198794         2.416507e-03      
   0.060596       4.318131         1.928053e-03      
   0.060596       4.464916         1.428594e-03      
   0.060596       4.638754         9.695990e-04      
   0.060596       4.839176         5.931540e-04      
   0.060596       5.065642         3.206426e-04      
   0.060596       5.317541         1.503605e-04      
   0.060596       5.594194         6.055142e-05      
   0.060596       5.894856         2.129348e-05      
   0.060596       6.218716         6.984772e-06      
   0.060596       6.564900         2.277803e-06      
   0.060596       6.932477         6.888991e-07      
   0.060596       7.320454         1.588928e-07      
   0.060596       7.727785         2.084258e-08      
   0.060596       8.153374         -1.177545e-10     
   0.060596       8.596072         -4.983655e-10     
   0.060596       9.054685         -5.184565e-11     
   0.060596       9.527979         4.854797e-12      
   0.060596       10.014676        1.255182e-12      
   0.060596       10.513464        3.690104e-14      
   0.060596       11.023000        -7.924738e-15     
   0.060596       11.541909        -5.420514e-16     
   0.060596       12.068793        1.227764e-17      
   0.060596       12.602230        1.599399e-18      
   0.060596       13.140784        3.545144e-21      
   0.060596       13.683002        -1.651238e-21     
   0.060596       14.227422        -1.222939e-23     
   0.060596       14.772578        7.203014e-25      
   0.060596       15.316998        6.216670e-27      
   0.060596       15.859216        -1.598242e-28     
   0.060596       16.397770        -1.341452e-30     
   0.060596       16.931207        2.201476e-32      
   0.060596       17.458091        1.839431e-34      
   0.060596       17.977000        -3.150543e-36     
   0.060596       18.486536        -2.526265e-38     
   0.060596       18.985324        -2.695632e-38     
   0.060596       19.472021        -3.626807e-36     
   0.060596       19.945315        -4.482659e-34     
   0.060596       20.403928        -5.103614e-32     
   0.060596       20.846626        -5.218861e-30     
   0.060596       21.272215        -4.675212e-28     
   0.060596       21.679546        -3.579736e-26     
   0.060596       22.067523        -2.287395e-24     
   0.060596       22.435100        -1.190946e-22     
   0.060596       22.781284        -4.945030e-21     
   0.060596       23.105144        -1.599776e-19     
   0.060596       23.405806        -3.959121e-18     
   0.060596       23.682459        -7.387711e-17     
   0.060596       23.934358        -1.005195e-15     
   0.060596       24.160824        -1.012956e-14     
   0.060596       24.361246        -7.583803e-14     
   0.060596       24.535084        -3.826562e-13     
   0.060596       24.681869        -1.278588e-12     
   0.060596       24.801206        -3.170603e-12     
   0.060596       24.892773        -7.004764e-12     
   0.060596       24.956326        -1.931098e-11     
   0.060596       24.991706        -6.526930e-11     
   0.088555       0.001580         -3.383295e-04     
   0.088555       0.008319         -1.781539e-03     
   0.088555       0.020424         -4.369034e-03     
   0.088555       0.037866         -8.070150e-03     
   0.088555       0.060596         -1.281314e-02     
   0.088555       0.088555         -1.845776e-02     
   0.088555       0.121667         -2.476859e-02     
   0.088555       0.159843         -3.140477e-02     
   0.088555       0.202979         -3.793810e-02     
   0.088555       0.250960         -4.390504e-02     
   0.088555       0.303656         -4.888347e-02     
   0.088555       0.360925         -5.256416e-02     
   0.088555       0.422613         -5.477879e-02     
   0.088555       0.488552         -5.547183e-02     
   0.088555       0.558567         -5.465201e-02     
   0.088555       0.632467         -5.238335e-02     
   0.088555       0.710054         -4.882943e-02     
   0.088555       0.791119         -4.428030e-02     
   0.088555       0.875442         -3.908467e-02     
   0.088555       0.962797         -3.352711e-02     
   0.088555       1.052948         -2.778500e-02     
   0.088555       1.145653         -2.200384e-02     
   0.088555       1.240660         -1.635825e-02     
   0.088555       1.337714         -1.100201e-02     
   0.088555       1.436554         -6.009762e-03     
   0.088555       1.536913         -1.421283e-03     
   0.088555       1.638520         2.699419e-03      
   0.088555       1.741102         6.297456e-03      
   0.088555       1.844381         9.371153e-03      
   0.088555       1.948080         1.193647e-02      
   0.088555       2.051920         1.399215e-02      
   0.088555       2.155619         1.555104e-02      
   0.088555       2.258898         1.665948e-02      
   0.088555       2.361480         1.736518e-02      
   0.088555       2.463087         1.770353e-02      
   0.088555       2.563446         1.772057e-02      
   0.088555       2.662286         1.747607e-02      
   0.088555       2.759340         1.702218e-02      
   0.088555       2.854347         1.639982e-02      
   0.088555       2.947052         1.565166e-02      
   0.088555       3.037203         1.482247e-02      
   0.088555       3.124558         1.394877e-02      
   0.088555       3.208881         1.305681e-02      
   0.088555       3.289946         1.216876e-02      
   0.088555       3.367533         1.130530e-02      
   0.088555       3.441433         1.048299e-02      
   0.088555       3.511448         9.712228e-03      
   0.088555       3.577387         8.998712e-03      
   0.088555       3.639075         8.345738e-03      
   0.088555       3.696344         7.755298e-03      
   0.088555       3.749040         7.228029e-03      
   0.088555       3.797021         6.763091e-03      
   0.088555       3.840157         6.358440e-03      
   0.088555       3.878333         6.011353e-03      
   0.088555       3.911445         5.718904e-03      
   0.088555       3.939404         5.478284e-03      
   0.088555       3.962134         5.286970e-03      
   0.088555       3.979576         5.142819e-03      
   0.088555       3.991681         5.044130e-03      
   0.088555       3.998420         4.989673e-03      
   0.088555       4.008294         4.910519e-03      
   0.088555       4.043674         4.633072e-03      
   0.088555       4.107227         4.159437e-03      
   0.088555       4.198794         3.534091e-03      
   0.088555       4.318131         2.819890e-03      
   0.088555       4.464916         2.089594e-03      
   0.088555       4.638754         1.418416e-03      
   0.088555       4.839176         8.678253e-04      
   0.088555       5.065642         4.692092e-04      
   0.088555       5.317541         2.200706e-04      
   0.088555       5.594194         8.863397e-05      
   0.088555       5.894856         3.116880e-05      
   0.088555       6.218716         1.022126e-05      
   0.088555       6.564900         3.331804e-06      
   0.088555       6.932477         1.007493e-06      
   0.088555       7.320454         2.324280e-07      
   0.088555       7.727785         3.051411e-08      
   0.088555       8.153374         -1.644319e-10     
   0.088555       8.596072         -7.281423e-10     
   0.088555       9.054685         -7.588055e-11     
   0.088555       9.527979         7.081989e-12      
   0.088555       10.014676        1.834829e-12      
   0.088555       10.513464        5.407680e-14      
   0.088555       11.023000        -1.157915e-14     
   0.088555       11.541909        -7.929026e-16     
   0.088555       12.068793        1.791826e-17      
   0.088555       12.602230        2.338919e-18      
   0.088555       13.140784        5.239433e-21      
   0.088555       13.683002        -2.414453e-21     
   0.088555       14.227422        -1.792188e-23     
   0.088555       14.772578        1.053185e-24      
   0.088555       15.316998        9.104233e-27      
   0.088555       15.859216        -2.336998e-28     
   0.088555       16.397770        -1.964094e-30     
   0.088555       16.931207        3.219592e-32      
   0.088555       17.458091        2.692566e-34      
   0.088555       17.977000        -4.608625e-36     
   0.088555       18.486536        -3.689987e-38     
   0.088555       18.985324        -3.013607e-38     
   0.088555       19.472021        -4.091273e-36     
   0.088555       19.945315        -5.057766e-34     
   0.088555       20.403928        -5.758907e-32     
   0.088555       20.846626        -5.889054e-30     
   0.088555       21.272215        -5.275429e-28     
   0.088555       21.679546        -4.039055e-26     
   0.088555       22.067523        -2.580663e-24     
   0.088555       22.435100        -1.343491e-22     
   0.088555       22.781284        -5.577734e-21     
   0.088555       23.105144        -1.804196e-19     
   0.088555       23.405806        -4.464367e-18     
   0.088555       23.682459        -8.328976e-17     
   0.088555       23.934358        -1.133002e-15     
   0.088555       24.160824        -1.141642e-14     
   0.088555       24.361246        -8.545134e-14     
   0.088555       24.535084        -4.309038e-13     
   0.088555       24.681869        -1.439031e-12     
   0.088555       24.801206        -3.568876e-12     
   0.088555       24.892773        -7.903461e-12     
   0.088555       24.956326        -2.229137e-11     
   0.088555       24.991706        -7.142704e-11     
   0.121667       0.001580         -4.535488e-04     
   0.121667       0.008319         -2.388263e-03     
   0.121667       0.020424         -5.857270e-03     
   0.121667       0.037866         -1.082054e-02     
   0.121667       0.060596         -1.718492e-02     
   0.121667       0.088555         -2.476859e-02     
   0.121667       0.121667         -3.326553e-02     
   0.121667       0.159843         -4.223073e-02     
   0.121667       0.202979         -5.110057e-02     
   0.121667       0.250960         -5.925638e-02     
   0.121667       0.303656         -6.612136e-02     
   0.121667       0.360925         -7.125524e-02     
   0.121667       0.422613         -7.439973e-02     
   0.121667       0.488552         -7.545544e-02     
   0.121667       0.558567         -7.442819e-02     
   0.121667       0.632467         -7.141412e-02     
   0.121667       0.710054         -6.664266e-02     
   0.121667       0.791119         -6.050043e-02     
   0.121667       0.875442         -5.344776e-02     
   0.121667       0.962797         -4.587154e-02     
   0.121667       1.052948         -3.802913e-02     
   0.121667       1.145653         -3.013088e-02     
   0.121667       1.240660         -2.241143e-02     
   0.121667       1.337714         -1.507562e-02     
   0.121667       1.436554         -8.232441e-03     
   0.121667       1.536913         -1.944541e-03     
   0.121667       1.638520         3.703325e-03      
   0.121667       1.741102         8.640453e-03      
   0.121667       1.844381         1.286022e-02      
   0.121667       1.948080         1.638019e-02      
   0.121667       2.051920         1.920183e-02      
   0.121667       2.155619         2.134492e-02      
   0.121667       2.258898         2.286956e-02      
   0.121667       2.361480         2.383958e-02      
   0.121667       2.463087         2.430613e-02      
   0.121667       2.563446         2.433301e-02      
   0.121667       2.662286         2.399997e-02      
   0.121667       2.759340         2.337808e-02      
   0.121667       2.854347         2.252517e-02      
   0.121667       2.947052         2.150015e-02      
   0.121667       3.037203         2.036324e-02      
   0.121667       3.124558         1.916418e-02      
   0.121667       3.208881         1.793986e-02      
   0.121667       3.289946         1.672120e-02      
   0.121667       3.367533         1.553627e-02      
   0.121667       3.441433         1.440733e-02      
   0.121667       3.511448         1.334875e-02      
   0.121667       3.577387         1.236869e-02      
   0.121667       3.639075         1.147188e-02      
   0.121667       3.696344         1.066104e-02      
   0.121667       3.749040         9.936905e-03      
   0.121667       3.797021         9.298256e-03      
   0.121667       3.840157         8.742296e-03      
   0.121667       3.878333         8.265344e-03      
   0.121667       3.911445         7.863437e-03      
   0.121667       3.939404         7.532748e-03      
   0.121667       3.962134         7.269824e-03      
   0.121667       3.979576         7.071722e-03      
   0.121667       3.991681         6.936100e-03      
   0.121667       3.998420         6.861265e-03      
   0.121667       4.008294         6.752492e-03      
   0.121667       4.043674         6.371238e-03      
   0.121667       4.107227         5.720408e-03      
   0.121667       4.198794         4.860960e-03      
   0.121667       4.318131         3.879026e-03      
   0.121667       4.464916         2.874909e-03      
   0.121667       4.638754         1.951936e-03      
   0.121667       4.839176         1.194490e-03      
   0.121667       5.065642         6.460104e-04      
   0.121667       5.317541         3.030747e-04      
   0.121667       5.594194         1.220761e-04      
   0.121667       5.894856         4.292370e-05      
   0.121667       6.218716         1.406850e-05      
   0.121667       6.564900         4.582873e-06      
   0.121667       6.932477         1.385643e-06      
   0.121667       7.320454         3.198591e-07      
   0.121667       7.727785         4.206465e-08      
   0.121667       8.153374         -2.059667e-10     
   0.121667       8.596072         -1.000185e-09     
   0.121667       9.054685         -1.046155e-10     
   0.121667       9.527979         9.689899e-12      
   0.121667       10.014676        2.522411e-12      
   0.121667       10.513464        7.477671e-14      
   0.121667       11.023000        -1.589867e-14     
   0.121667       11.541909        -1.091518e-15     
   0.121667       12.068793        2.453434e-17      
   0.121667       12.602230        3.217416e-18      
   0.121667       13.140784        7.375055e-21      
   0.121667       13.683002        -3.320412e-21     
   0.121667       14.227422        -2.476299e-23     
   0.121667       14.772578        1.448272e-24      
   0.121667       15.316998        1.255904e-26      
   0.121667       15.859216        -3.214173e-28     
   0.121667       16.397770        -2.707654e-30     
   0.121667       16.931207        4.429371e-32      
   0.121667       17.458091        3.709500e-34      
   0.121667       17.977000        -6.341936e-36     
   0.121667       18.486536        -5.048462e-38     
   0.121667       18.985324        1.443602e-39      
   0.121667       19.472021        -2.696227e-38     
   0.121667       19.945315        -4.059071e-36     
   0.121667       20.403928        -4.984391e-34     
   0.121667       20.846626        -5.167130e-32     
   0.121667       21.272215        -4.513205e-30     
   0.121667       21.679546        -3.273198e-28     
   0.121667       22.067523        -1.929659e-26     
   0.121667       22.435100        -9.014693e-25     
   0.121667       22.781284        -3.257024e-23     
   0.121667       23.105144        -8.651158e-22     
   0.121667       23.405806        -1.683872e-20     
   0.121667       23.682459        -2.070857e-19     
   0.121667       23.934358        -9.565500e-19     
   0.121667       24.160824        -2.144595e-18     
   0.121667       24.361246        1.334506e-16      
   0.121667       24.535084        2.490601e-15      
   0.121667       24.681869        1.370629e-14      
   0.121667       24.801206        3.088270e-14      
   0.121667       24.892773        -6.273444e-14     
   0.121667       24.956326        -3.703484e-12     
   0.121667       24.991706        1.497216e-11      
   0.159843       0.001580         -5.742232e-04     
   0.159843       0.008319         -3.023729e-03     
   0.159843       0.020424         -7.416336e-03     
   0.159843       0.037866         -1.370334e-02     
   0.159843       0.060596         -2.177245e-02     
   0.159843       0.088555         -3.140477e-02     
   0.159843       0.121667         -4.223073e-02     
   0.159843       0.159843         -5.370912e-02     
   0.159843       0.202979         -6.514616e-02     
   0.159843       0.250960         -7.576464e-02     
   0.159843       0.303656         -8.481550e-02     
   0.159843       0.360925         -9.169517e-02     
   0.159843       0.422613         -9.601653e-02     
   0.159843       0.488552         -9.760582e-02     
   0.159843       0.558567         -9.645596e-02     
   0.159843       0.632467         -9.270371e-02     
   0.159843       0.710054         -8.665632e-02     
   0.159843       0.791119         -7.879995e-02     
   0.159843       0.875442         -6.970597e-02     
   0.159843       0.962797         -5.987481e-02     
   0.159843       1.052948         -4.966800e-02     
   0.159843       1.145653         -3.938068e-02     
   0.159843       1.240660         -2.931297e-02     
   0.159843       1.337714         -1.972336e-02     
   0.159843       1.436554         -1.076617e-02     
   0.159843       1.536913         -2.537893e-03     
   0.159843       1.638520         4.855142e-03      
   0.159843       1.741102         1.132795e-02      
   0.159843       1.844381         1.686439e-02      
   0.159843       1.948080         2.147987e-02      
   0.159843       2.051920         2.518150e-02      
   0.159843       2.155619         2.799896e-02      
   0.159843       2.258898         3.000503e-02      
   0.159843       2.361480         3.128045e-02      
   0.159843       2.463087         3.189667e-02      
   0.159843       2.563446         3.193845e-02      
   0.159843       2.662286         3.150641e-02      
   0.159843       2.759340         3.069293e-02      
   0.159843       2.854347         2.957672e-02      
   0.159843       2.947052         2.823556e-02      
   0.159843       3.037203         2.674640e-02      
   0.159843       3.124558         2.517387e-02      
   0.159843       3.208881         2.356777e-02      
   0.159843       3.289946         2.196958e-02      
   0.159843       3.367533         2.041553e-02      
   0.159843       3.441433         1.893410e-02      
   0.159843       3.511448         1.754424e-02      
   0.159843       3.577387         1.625726e-02      
   0.159843       3.639075         1.507978e-02      
   0.159843       3.696344         1.401528e-02      
   0.159843       3.749040         1.306454e-02      
   0.159843       3.797021         1.222583e-02      
   0.159843       3.840157         1.149550e-02      
   0.159843       3.878333         1.086881e-02      
   0.159843       3.911445         1.034066e-02      
   0.159843       3.939404         9.906085e-03      
   0.159843       3.962134         9.560566e-03      
   0.159843       3.979576         9.300239e-03      
   0.159843       3.991681         9.122023e-03      
   0.159843       3.998420         9.023688e-03      
   0.159843       4.008294         8.880759e-03      
   0.159843       4.043674         8.379808e-03      
   0.159843       4.107227         7.524666e-03      
   0.159843       4.198794         6.395156e-03      
   0.159843       4.318131         5.104039e-03      
   0.159843       4.464916         3.783653e-03      
   0.159843       4.638754         2.569722e-03      
   0.159843       4.839176         1.572988e-03      
   0.159843       5.065642         8.510530e-04      
   0.159843       5.317541         3.994341e-04      
   0.159843       5.594194         1.609302e-04      
   0.159843       5.894856         5.658755e-05      
   0.159843       6.218716         1.853725e-05      
   0.159843       6.564900         6.033112e-06      
   0.159843       6.932477         1.823280e-06      
   0.159843       7.320454         4.210308e-07      
   0.159843       7.727785         5.546147e-08      
   0.159843       8.153374         -2.410625e-10     
   0.159843       8.596072         -1.312698e-09     
   0.159843       9.054685         -1.377543e-10     
   0.159843       9.527979         1.268242e-11      
   0.159843       10.014676        3.314029e-12      
   0.159843       10.513464        9.867446e-14      
   0.159843       11.023000        -2.087254e-14     
   0.159843       11.541909        -1.435903e-15     
   0.159843       12.068793        3.213804e-17      
   0.159843       12.602230        4.230548e-18      
   0.159843       13.140784        9.893990e-21      
   0.159843       13.683002        -4.364911e-21     
   0.159843       14.227422        -3.270444e-23     
   0.159843       14.772578        1.903561e-24      
   0.159843       15.316998        1.656756e-26      
   0.159843       15.859216        -4.224875e-28     
   0.159843       16.397770        -3.570932e-30     
   0.159843       16.931207        5.824468e-32      
   0.159843       17.458091        4.890548e-34      
   0.159843       17.977000        -8.345739e-36     
   0.159843       18.486536        -6.651232e-38     
   0.159843       18.985324        2.951908e-39      
   0.159843       19.472021        1.040136e-37      
   0.159843       19.945315        1.203239e-35      
   0.159843       20.403928        1.328986e-33      
   0.159843       20.846626        1.351405e-31      
   0.159843       21.272215        1.224142e-29      
   0.159843       21.679546        9.583354e-28      
   0.159843       22.067523        6.309438e-26      
   0.159843       22.435100        3.403328e-24      
   0.159843       22.781284        1.468766e-22      
   0.159843       23.105144        4.967252e-21      
   0.159843       23.405806        1.281556e-19      
   0.159843       23.682459        2.513729e-18      
   0.159843       23.934358        3.632625e-17      
   0.159843       24.160824        3.746468e-16      
   0.159843       24.361246        2.975463e-15      
   0.159843       24.535084        1.708365e-14      
   0.159843       24.681869        6.321648e-14      
   0.159843       24.801206        1.532376e-13      
   0.159843       24.892773        1.893975e-13      
   0.159843       24.956326        -3.497506e-12     
   0.159843       24.991706        1.947883e-11      
   0.202979       0.001580         -6.923302e-04     
   0.202979       0.008319         -3.645696e-03     
   0.202979       0.020424         -8.942768e-03     
   0.202979       0.037866         -1.652799e-02     
   0.202979       0.060596         -2.627498e-02     
   0.202979       0.088555         -3.793810e-02     
   0.202979       0.121667         -5.110057e-02     
   0.202979       0.159843         -6.514616e-02     
   0.202979       0.202979         -7.927159e-02     
   0.202979       0.250960         -9.255222e-02     
   0.202979       0.303656         -1.040584e-01     
   0.202979       0.360925         -1.129915e-01     
   0.202979       0.422613         -1.187890e-01     
   0.202979       0.488552         -1.211599e-01     
   0.202979       0.558567         -1.200630e-01     
   0.202979       0.632467         -1.156774e-01     
   0.202979       0.710054         -1.083951e-01     
   0.202979       0.791119         -9.879812e-02     
   0.202979       0.875442         -8.756135e-02     
   0.202979       0.962797         -7.530676e-02     
   0.202979       1.052948         -6.252668e-02     
   0.202979       1.145653         -4.962488e-02     
   0.202979       1.240660         -3.697321e-02     
   0.202979       1.337714         -2.488589e-02     
   0.202979       1.436554         -1.357530e-02     
   0.202979       1.536913         -3.185248e-03     
   0.202979       1.638520         6.155165e-03      
   0.202979       1.741102         1.434877e-02      
   0.202979       1.844381         2.136430e-02      
   0.202979       1.948080         2.720996e-02      
   0.202979       2.051920         3.190157e-02      
   0.202979       2.155619         3.548178e-02      
   0.202979       2.258898         3.803415e-02      
   0.202979       2.361480         3.965646e-02      
   0.202979       2.463087         4.044517e-02      
   0.202979       2.563446         4.050915e-02      
   0.202979       2.662286         3.997023e-02      
   0.202979       2.759340         3.894415e-02      
   0.202979       2.854347         3.753453e-02      
   0.202979       2.947052         3.584079e-02      
   0.202979       3.037203         3.395751e-02      
   0.202979       3.124558         3.196571e-02      
   0.202979       3.208881         2.993052e-02      
   0.202979       3.289946         2.790582e-02      
   0.202979       3.367533         2.593677e-02      
   0.202979       3.441433         2.405842e-02      
   0.202979       3.511448         2.229501e-02      
   0.202979       3.577387         2.066176e-02      
   0.202979       3.639075         1.916760e-02      
   0.202979       3.696344         1.781693e-02      
   0.202979       3.749040         1.661044e-02      
   0.202979       3.797021         1.554577e-02      
   0.202979       3.840157         1.461836e-02      
   0.202979       3.878333         1.382233e-02      
   0.202979       3.911445         1.315136e-02      
   0.202979       3.939404         1.259923e-02      
   0.202979       3.962134         1.216025e-02      
   0.202979       3.979576         1.182951e-02      
   0.202979       3.991681         1.160310e-02      
   0.202979       3.998420         1.147817e-02      
   0.202979       4.008294         1.129659e-02      
   0.202979       4.043674         1.066019e-02      
   0.202979       4.107227         9.573839e-03      
   0.202979       4.198794         8.138502e-03      
   0.202979       4.318131         6.496804e-03      
   0.202979       4.464916         4.817607e-03      
   0.202979       4.638754         3.273311e-03      
   0.202979       4.839176         2.004467e-03      
   0.202979       5.065642         1.085082e-03      
   0.202979       5.317541         5.095509e-04      
   0.202979       5.594194         2.053696e-04      
   0.202979       5.894856         7.221904e-05      
   0.202979       6.218716         2.364324e-05      
   0.202979       6.564900         7.686553e-06      
   0.202979       6.932477         2.321692e-06      
   0.202979       7.320454         5.363448e-07      
   0.202979       7.727785         7.078575e-08      
   0.202979       8.153374         -2.631634e-10     
   0.202979       8.596072         -1.666416e-09     
   0.202979       9.054685         -1.754749e-10     
   0.202979       9.527979         1.606059e-11      
   0.202979       10.014676        4.212402e-12      
   0.202979       10.513464        1.259150e-13      
   0.202979       11.023000        -2.651496e-14     
   0.202979       11.541909        -1.827295e-15     
   0.202979       12.068793        4.074817e-17      
   0.202979       12.602230        5.381443e-18      
   0.202979       13.140784        1.280122e-20      
   0.202979       13.683002        -5.550911e-21     
   0.202979       14.227422        -4.175875e-23     
   0.202979       14.772578        2.420242e-24      
   0.202979       15.316998        2.113471e-26      
   0.202979       15.859216        -5.371382e-28     
   0.202979       16.397770        -4.554834e-30     
   0.202979       16.931207        7.407351e-32      
   0.202979       17.458091        6.237401e-34      
   0.202979       17.977000        -1.062370e-35     
   0.202979       18.486536        -8.451573e-38     
   0.202979       18.985324        4.219746e-38      
   0.202979       19.472021        5.153280e-36      
   0.202979       19.945315        6.355131e-34      
   0.202979       20.403928        7.228456e-32      
   0.202979       20.846626        7.390462e-30      
   0.202979       21.272215        6.623027e-28      
   0.202979       21.679546        5.074859e-26      
   0.202979       22.067523        3.246018e-24      
   0.202979       22.435100        1.692130e-22      
   0.202979       22.781284        7.035777e-21      
   0.202979       23.105144        2.279925e-19      
   0.202979       23.405806        5.651475e-18      
   0.202979       23.682459        1.056700e-16      
   0.202979       23.934358        1.441479e-15      
   0.202979       24.160824        1.454106e-14      
   0.202979       24.361246        1.091639e-13      
   0.202979       24.535084        5.544130e-13      
   0.202979       24.681869        1.863137e-12      
   0.202979       24.801206        4.613710e-12      
   0.202979       24.892773        9.935279e-12      
   0.202979       24.956326        2.040566e-11      
   0.202979       24.991706        1.233522e-10      
   0.250960       0.001580         -7.993265e-04     
   0.250960       0.008319         -4.209174e-03     
   0.250960       0.020424         -1.032628e-02     
   0.250960       0.037866         -1.909091e-02     
   0.250960       0.060596         -3.036978e-02     
   0.250960       0.088555         -4.390504e-02     
   0.250960       0.121667         -5.925638e-02     
   0.250960       0.159843         -7.576464e-02     
   0.250960       0.202979         -9.255222e-02     
   0.250960       0.250960         -1.085748e-01     
   0.250960       0.303656         -1.227298e-01     
   0.250960       0.360925         -1.340035e-01     
   0.250960       0.422613         -1.416132e-01     
   0.250960       0.488552         -1.450993e-01     
   0.250960       0.558567         -1.443485e-01     
   0.250960       0.632467         -1.395644e-01     
   0.250960       0.710054         -1.312169e-01     
   0.250960       0.791119         -1.199742e-01     
   0.250960       0.875442         -1.066039e-01     
   0.250960       0.962797         -9.185395e-02     
   0.250960       1.052948         -7.637104e-02     
   0.250960       1.145653         -6.069219e-02     
   0.250960       1.240660         -4.527202e-02     
   0.250960       1.337714         -3.048588e-02     
   0.250960       1.436554         -1.661678e-02     
   0.250960       1.536913         -3.869450e-03     
   0.250960       1.638520         7.600470e-03      
   0.250960       1.741102         1.768382e-02      
   0.250960       1.844381         2.632911e-02      
   0.250960       1.948080         3.353219e-02      
   0.250960       2.051920         3.931908e-02      
   0.250960       2.155619         4.374761e-02      
   0.250960       2.258898         4.691060e-02      
   0.250960       2.361480         4.892273e-02      
   0.250960       2.463087         4.990907e-02      
   0.250960       2.563446         5.000537e-02      
   0.250960       2.662286         4.935524e-02      
   0.250960       2.759340         4.809957e-02      
   0.250960       2.854347         4.637043e-02      
   0.250960       2.947052         4.429135e-02      
   0.250960       3.037203         4.197569e-02      
   0.250960       3.124558         3.952232e-02      
   0.250960       3.208881         3.701389e-02      
   0.250960       3.289946         3.451838e-02      
   0.250960       3.367533         3.209074e-02      
   0.250960       3.441433         2.977314e-02      
   0.250960       3.511448         2.759574e-02      
   0.250960       3.577387         2.557836e-02      
   0.250960       3.639075         2.373274e-02      
   0.250960       3.696344         2.206433e-02      
   0.250960       3.749040         2.057372e-02      
   0.250960       3.797021         1.925787e-02      
   0.250960       3.840157         1.811120e-02      
   0.250960       3.878333         1.712667e-02      
   0.250960       3.911445         1.629664e-02      
   0.250960       3.939404         1.561356e-02      
   0.250960       3.962134         1.507043e-02      
   0.250960       3.979576         1.466122e-02      
   0.250960       3.991681         1.438109e-02      
   0.250960       3.998420         1.422652e-02      
   0.250960       4.008294         1.400186e-02      
   0.250960       4.043674         1.321448e-02      
   0.250960       4.107227         1.187029e-02      
   0.250960       4.198794         1.009363e-02      
   0.250960       4.318131         8.060118e-03      
   0.250960       4.464916         5.979474e-03      
   0.250960       4.638754         4.065045e-03      
   0.250960       4.839176         2.490740e-03      
   0.250960       5.065642         1.349303e-03      
   0.250960       5.317541         6.340976e-04      
   0.250960       5.594194         2.556985e-04      
   0.250960       5.894856         8.992232e-05      
   0.250960       6.218716         2.941175e-05      
   0.250960       6.564900         9.547548e-06      
   0.250960       6.932477         2.881814e-06      
   0.250960       7.320454         6.661967e-07      
   0.250960       7.727785         8.816882e-08      
   0.250960       8.153374         -2.488268e-10     
   0.250960       8.596072         -2.060044e-09     
   0.250960       9.054685         -2.180476e-10     
   0.250960       9.527979         1.977578e-11      
   0.250960       10.014676        5.216895e-12      
   0.250960       10.513464        1.569042e-13      
   0.250960       11.023000        -3.280410e-14     
   0.250960       11.541909        -2.266977e-15     
   0.250960       12.068793        5.026398e-17      
   0.250960       12.602230        6.671677e-18      
   0.250960       13.140784        1.627063e-20      
   0.250960       13.683002        -6.879089e-21     
   0.250960       14.227422        -5.205311e-23     
   0.250960       14.772578        2.998445e-24      
   0.250960       15.316998        2.630563e-26      
   0.250960       15.859216        -6.654340e-28     
   0.250960       16.397770        -5.667652e-30     
   0.250960       16.931207        9.180411e-32      
   0.250960       17.458091        7.759416e-34      
   0.250960       17.977000        -1.318232e-35     
   0.250960       18.486536        -1.048421e-37     
   0.250960       18.985324        8.553068e-38      
   0.250960       19.472021        1.072723e-35      
   0.250960       19.945315        1.323809e-33      
   0.250960       20.403928        1.506184e-31      
   0.250960       20.846626        1.540034e-29      
   0.250960       21.272215        1.379977e-27      
   0.250960       21.679546        1.057177e-25      
   0.250960       22.067523        6.760002e-24      
   0.250960       22.435100        3.522681e-22      
   0.250960       22.781284        1.464111e-20      
   0.250960       23.105144        4.742095e-19      
   0.250960       23.405806        1.174909e-17      
   0.250960       23.682459        2.195503e-16      
   0.250960       23.934358        2.992676e-15      
   0.250960       24.160824        3.017976e-14      
   0.250960       24.361246        2.263861e-13      
   0.250960       24.535084        1.147538e-12      
   0.250960       24.681869        3.849815e-12      
   0.250960       24.801206        9.536707e-12      
   0.250960       24.892773        2.069659e-11      
   0.250960       24.956326        4.688679e-11      
   0.250960       24.991706        2.376603e-10      
   0.303656       0.001580         -8.876526e-04     
   0.303656       0.008319         -4.674346e-03     
   0.303656       0.020424         -1.146912e-02     
   0.303656       0.037866         -2.121100e-02     
   0.303656       0.060596         -3.376732e-02     
   0.303656       0.088555         -4.888347e-02     
   0.303656       0.121667         -6.612136e-02     
   0.303656       0.159843         -8.481550e-02     
   0.303656       0.202979         -1.040584e-01     
   0.303656       0.250960         -1.227298e-01     
   0.303656       0.303656         -1.395855e-01     
   0.303656       0.360925         -1.534022e-01     
   0.303656       0.422613         -1.631524e-01     
   0.303656       0.488552         -1.681583e-01     
   0.303656       0.558567         -1.681754e-01     
   0.303656       0.632467         -1.633821e-01     
   0.303656       0.710054         -1.542931e-01     
   0.303656       0.791119         -1.416447e-01     
   0.303656       0.875442         -1.262888e-01     
   0.303656       0.962797         -1.091002e-01     
   0.303656       1.052948         -9.089226e-02     
   0.303656       1.145653         -7.235596e-02     
   0.303656       1.240660         -5.404835e-02     
   0.303656       1.337714         -3.641954e-02     
   0.303656       1.436554         -1.983369e-02     
   0.303656       1.536913         -4.567027e-03     
   0.303656       1.638520         9.189573e-03      
   0.303656       1.741102         2.131006e-02      
   0.303656       1.844381         3.171956e-02      
   0.303656       1.948080         4.039842e-02      
   0.303656       2.051920         4.738065e-02      
   0.303656       2.155619         5.273901e-02      
   0.303656       2.258898         5.657593e-02      
   0.303656       2.361480         5.902329e-02      
   0.303656       2.463087         6.023575e-02      
   0.303656       2.563446         6.037776e-02      
   0.303656       2.662286         5.961657e-02      
   0.303656       2.759340         5.811999e-02      
   0.303656       2.854347         5.605047e-02      
   0.303656       2.947052         5.355775e-02      
   0.303656       3.037203         5.077594e-02      
   0.303656       3.124558         4.782336e-02      
   0.303656       3.208881         4.480165e-02      
   0.303656       3.289946         4.179433e-02      
   0.303656       3.367533         3.886724e-02      
   0.303656       3.441433         3.607059e-02      
   0.303656       3.511448         3.344110e-02      
   0.303656       3.577387         3.100372e-02      
   0.303656       3.639075         2.877335e-02      
   0.303656       3.696344         2.675675e-02      
   0.303656       3.749040         2.495453e-02      
   0.303656       3.797021         2.336298e-02      
   0.303656       3.840157         2.197552e-02      
   0.303656       3.878333         2.078386e-02      
   0.303656       3.911445         1.977896e-02      
   0.303656       3.939404         1.895183e-02      
   0.303656       3.962134         1.829411e-02      
   0.303656       3.979576         1.779853e-02      
   0.303656       3.991681         1.745926e-02      
   0.303656       3.998420         1.727206e-02      
   0.303656       4.008294         1.699996e-02      
   0.303656       4.043674         1.604626e-02      
   0.303656       4.107227         1.441784e-02      
   0.303656       4.198794         1.226455e-02      
   0.303656       4.318131         9.798146e-03      
   0.303656       4.464916         7.273164e-03      
   0.303656       4.638754         4.948222e-03      
   0.303656       4.839176         3.034346e-03      
   0.303656       5.065642         1.645380e-03      
   0.303656       5.317541         7.739995e-04      
   0.303656       5.594194         3.123425e-04      
   0.303656       5.894856         1.098476e-04      
   0.303656       6.218716         3.588198e-05      
   0.303656       6.564900         1.162394e-05      
   0.303656       6.932477         3.505364e-06      
   0.303656       7.320454         8.111465e-07      
   0.303656       7.727785         1.077717e-07      
   0.303656       8.153374         -1.707659e-10     
   0.303656       8.596072         -2.491982e-09     
   0.303656       9.054685         -2.657282e-10     
   0.303656       9.527979         2.377961e-11      
   0.303656       10.014676        6.326737e-12      
   0.303656       10.513464        1.920195e-13      
   0.303656       11.023000        -3.972004e-14     
   0.303656       11.541909        -2.756219e-15     
   0.303656       12.068793        6.059095e-17      
   0.303656       12.602230        8.103038e-18      
   0.303656       13.140784        2.047532e-20      
   0.303656       13.683002        -8.350293e-21     
   0.303656       14.227422        -6.372006e-23     
   0.303656       14.772578        3.638278e-24      
   0.303656       15.316998        3.213004e-26      
   0.303656       15.859216        -8.074143e-28     
   0.303656       16.397770        -6.919116e-30     
   0.303656       16.931207        1.114586e-31      
   0.303656       17.458091        9.468513e-34      
   0.303656       17.977000        -1.602977e-35     
   0.303656       18.486536        -1.286195e-37     
   0.303656       18.985324        -3.988265e-40     
   0.303656       19.472021        -5.739792e-37     
   0.303656       19.945315        -7.112813e-35     
   0.303656       20.403928        -8.105309e-33     
   0.303656       20.846626        -8.286627e-31     
   0.303656       21.272215        -7.416549e-29     
   0.303656       21.679546        -5.670714e-27     
   0.303656       22.067523        -3.617056e-25     
   0.303656       22.435100        -1.879345e-23     
   0.303656       22.781284        -7.785598e-22     
   0.303656       23.105144        -2.512076e-20     
   0.303656       23.405806        -6.200785e-19     
   0.303656       23.682459        -1.153427e-17     
   0.303656       23.934358        -1.563243e-16     
   0.303656       24.160824        -1.572558e-15     
   0.303656       24.361246        -1.172493e-14     
   0.303656       24.535084        -5.859416e-14     
   0.303656       24.681869        -1.940885e-13     
   0.303656       24.801206        -4.819112e-13     
   0.303656       24.892773        -1.106090e-12     
   0.303656       24.956326        -4.130935e-12     
   0.303656       24.991706        -5.518571e-12     
   0.360925       0.001580         -9.520573e-04     
   0.360925       0.008319         -5.013540e-03     
   0.360925       0.020424         -1.230317e-02     
   0.360925       0.037866         -2.276112e-02     
   0.360925       0.060596         -3.626119e-02     
   0.360925       0.088555         -5.256416e-02     
   0.360925       0.121667         -7.125524e-02     
   0.360925       0.159843         -9.169517e-02     
   0.360925       0.202979         -1.129915e-01     
   0.360925       0.250960         -1.340035e-01     
   0.360925       0.303656         -1.534022e-01     
   0.360925       0.360925         -1.697997e-01     
   0.360925       0.422613         -1.819370e-01     
   0.360925       0.488552         -1.888863e-01     
   0.360925       0.558567         -1.901997e-01     
   0.360925       0.632467         -1.859415e-01     
   0.360925       0.710054         -1.766017e-01     
   0.360925       0.791119         -1.629522e-01     
   0.360925       0.875442         -1.459224e-01     
   0.360925       0.962797         -1.265103e-01     
   0.360925       1.052948         -1.056919e-01     
   0.360925       1.145653         -8.432339e-02     
   0.360925       1.240660         -6.309286e-02     
   0.360925       1.337714         -4.255039e-02     
   0.360925       1.436554         -2.314994e-02     
   0.360925       1.536913         -5.245007e-03     
   0.360925       1.638520         1.092390e-02      
   0.360925       1.741102         2.520172e-02      
   0.360925       1.844381         3.748925e-02      
   0.360925       1.948080         4.775089e-02      
   0.360925       2.051920         5.602211e-02      
   0.360925       2.155619         6.238681e-02      
   0.360925       2.258898         6.695967e-02      
   0.360925       2.361480         6.989088e-02      
   0.360925       2.463087         7.136234e-02      
   0.360925       2.563446         7.156758e-02      
   0.360925       2.662286         7.070110e-02      
   0.360925       2.759340         6.895940e-02      
   0.360925       2.854347         6.653527e-02      
   0.360925       2.947052         6.360622e-02      
   0.360925       3.037203         6.032999e-02      
   0.360925       3.124558         5.684633e-02      
   0.360925       3.208881         5.327649e-02      
   0.360925       3.289946         4.972038e-02      
   0.360925       3.367533         4.625630e-02      
   0.360925       3.441433         4.294385e-02      
   0.360925       3.511448         3.982701e-02      
   0.360925       3.577387         3.693613e-02      
   0.360925       3.639075         3.428949e-02      
   0.360925       3.696344         3.189551e-02      
   0.360925       3.749040         2.975516e-02      
   0.360925       3.797021         2.786424e-02      
   0.360925       3.840157         2.621516e-02      
   0.360925       3.878333         2.479833e-02      
   0.360925       3.911445         2.360324e-02      
   0.360925       3.939404         2.261934e-02      
   0.360925       3.962134         2.183683e-02      
   0.360925       3.979576         2.124715e-02      
   0.360925       3.991681         2.084342e-02      
   0.360925       3.998420         2.062064e-02      
   0.360925       4.008294         2.029681e-02      
   0.360925       4.043674         1.916163e-02      
   0.360925       4.107227         1.722276e-02      
   0.360925       4.198794         1.465760e-02      
   0.360925       4.318131         1.171721e-02      
   0.360925       4.464916         8.704453e-03      
   0.360925       4.638754         5.927609e-03      
   0.360925       4.839176         3.638888e-03      
   0.360925       5.065642         1.975648e-03      
   0.360925       5.317541         9.305468e-04      
   0.360925       5.594194         3.758933e-04      
   0.360925       5.894856         1.322052e-04      
   0.360925       6.218716         4.311029e-05      
   0.360925       6.564900         1.392777e-05      
   0.360925       6.932477         4.195106e-06      
   0.360925       7.320454         9.720305e-07      
   0.360925       7.727785         1.298139e-07      
   0.360925       8.153374         5.329640e-12      
   0.360925       8.596072         -2.960542e-09     
   0.360925       9.054685         -3.188583e-10     
   0.360925       9.527979         2.801769e-11      
   0.360925       10.014676        7.541920e-12      
   0.360925       10.513464        2.317319e-13      
   0.360925       11.023000        -4.724555e-14     
   0.360925       11.541909        -3.296927e-15     
   0.360925       12.068793        7.162825e-17      
   0.360925       12.602230        9.678850e-18      
   0.360925       13.140784        2.562039e-20      
   0.360925       13.683002        -9.966727e-21     
   0.360925       14.227422        -7.692382e-23     
   0.360925       14.772578        4.340351e-24      
   0.360925       15.316998        3.867099e-26      
   0.360925       15.859216        -9.632211e-28     
   0.360925       16.397770        -8.321776e-30     
   0.360925       16.931207        1.330755e-31      
   0.360925       17.458091        1.138049e-33      
   0.360925       17.977000        -1.917805e-35     
   0.360925       18.486536        -1.557878e-37     
   0.360925       18.985324        -1.827022e-37     
   0.360925       19.472021        -2.446747e-35     
   0.360925       19.945315        -3.021117e-33     
   0.360925       20.403928        -3.438145e-31     
   0.360925       20.846626        -3.515547e-29     
   0.360925       21.272215        -3.149870e-27     
   0.360925       21.679546        -2.412609e-25     
   0.360925       22.067523        -1.542321e-23     
   0.360925       22.435100        -8.034632e-22     
   0.360925       22.781284        -3.338216e-20     
   0.360925       23.105144        -1.080760e-18     
   0.360925       23.405806        -2.676611e-17     
   0.360925       23.682459        -4.999137e-16     
   0.360925       23.934358        -6.809896e-15     
   0.360925       24.160824        -6.865653e-14     
   0.360925       24.361246        -5.146641e-13     
   0.360925       24.535084        -2.604596e-12     
   0.360925       24.681869        -8.725385e-12     
   0.360925       24.801206        -2.161872e-11     
   0.360925       24.892773        -4.723142e-11     
   0.360925       24.956326        -1.152942e-10     
   0.360925       24.991706        -5.057429e-10     
   0.422613       0.001580         -9.899798e-04     
   0.422613       0.008319         -5.213255e-03     
   0.422613       0.020424         -1.279497e-02     
   0.422613       0.037866         -2.367786e-02     
   0.422613       0.060596         -3.774499e-02     
   0.422613       0.088555         -5.477879e-02     
   0.422613       0.121667         -7.439973e-02     
   0.422613       0.159843         -9.601653e-02     
   0.422613       0.202979         -1.187890e-01     
   0.422613       0.250960         -1.416132e-01     
   0.422613       0.303656         -1.631524e-01     
   0.422613       0.360925         -1.819370e-01     
   0.422613       0.422613         -1.965368e-01     
   0.422613       0.488552         -2.057797e-01     
   0.422613       0.558567         -2.089488e-01     
   0.422613       0.632467         -2.058825e-01     
   0.422613       0.710054         -1.969400e-01     
   0.422613       0.791119         -1.828694e-01     
   0.422613       0.875442         -1.646594e-01     
   0.422613       0.962797         -1.434185e-01     
   0.422613       1.052948         -1.202666e-01     
   0.422613       1.145653         -9.622433e-02     
   0.422613       1.240660         -7.214204e-02     
   0.422613       1.337714         -4.870365e-02     
   0.422613       1.436554         -2.646393e-02     
   0.422613       1.536913         -5.857310e-03     
   0.422613       1.638520         1.280838e-02      
   0.422613       1.741102         2.933123e-02      
   0.422613       1.844381         4.358600e-02      
   0.422613       1.948080         5.552203e-02      
   0.422613       2.051920         6.516713e-02      
   0.422613       2.155619         7.260949e-02      
   0.422613       2.258898         7.797904e-02      
   0.422613       2.361480         8.144568e-02      
   0.422613       2.463087         8.321412e-02      
   0.422613       2.563446         8.350593e-02      
   0.422613       2.662286         8.254688e-02      
   0.422613       2.759340         8.056396e-02      
   0.422613       2.854347         7.777903e-02      
   0.422613       2.947052         7.439820e-02      
   0.422613       3.037203         7.060619e-02      
   0.422613       3.124558         6.656626e-02      
   0.422613       3.208881         6.241948e-02      
   0.422613       3.289946         5.828266e-02      
   0.422613       3.367533         5.424826e-02      
   0.422613       3.441433         5.038694e-02      
   0.422613       3.511448         4.675075e-02      
   0.422613       3.577387         4.337554e-02      
   0.422613       3.639075         4.028321e-02      
   0.422613       3.696344         3.748426e-02      
   0.422613       3.749040         3.498048e-02      
   0.422613       3.797021         3.276747e-02      
   0.422613       3.840157         3.083675e-02      
   0.422613       3.878333         2.917736e-02      
   0.422613       3.911445         2.777721e-02      
   0.422613       3.939404         2.662417e-02      
   0.422613       3.962134         2.570692e-02      
   0.422613       3.979576         2.501556e-02      
   0.422613       3.991681         2.454216e-02      
   0.422613       3.998420         2.428090e-02      
   0.422613       4.008294         2.390112e-02      
   0.422613       4.043674         2.256952e-02      
   0.422613       4.107227         2.029415e-02      
   0.422613       4.198794         1.728188e-02      
   0.422613       4.318131         1.382610e-02      
   0.422613       4.464916         1.028128e-02      
   0.422613       4.638754         7.009731e-03      
   0.422613       4.839176         4.309228e-03      
   0.422613       5.065642         2.343253e-03      
   0.422613       5.317541         1.105476e-03      
   0.422613       5.594194         4.471425e-04      
   0.422613       5.894856         1.572783e-04      
   0.422613       6.218716         5.117427e-05      
   0.422613       6.564900         1.647618e-05      
   0.422613       6.932477         4.955049e-06      
   0.422613       7.320454         1.150014e-06      
   0.422613       7.727785         1.545862e-07      
   0.422613       8.153374         3.227188e-10      
   0.422613       8.596072         -3.463862e-09     
   0.422613       9.054685         -3.778828e-10     
   0.422613       9.527979         3.242690e-11      
   0.422613       10.014676        8.863222e-12      
   0.422613       10.513464        2.766313e-13      
   0.422613       11.023000        -5.536545e-14     
   0.422613       11.541909        -3.891767e-15     
   0.422613       12.068793        8.326376e-17      
   0.422613       12.602230        1.140422e-17      
   0.422613       13.140784        3.195451e-20      
   0.422613       13.683002        -1.173215e-20     
   0.422613       14.227422        -9.187006e-23     
   0.422613       14.772578        5.105839e-24      
   0.422613       15.316998        4.600874e-26      
   0.422613       15.859216        -1.133114e-27     
   0.422613       16.397770        -9.891770e-30     
   0.422613       16.931207        1.567130e-31      
   0.422613       17.458091        1.351600e-33      
   0.422613       17.977000        -2.264377e-35     
   0.422613       18.486536        -1.841397e-37     
   0.422613       18.985324        -1.316614e-37     
   0.422613       19.472021        -1.791878e-35     
   0.422613       19.945315        -2.212515e-33     
   0.422613       20.403928        -2.517933e-31     
   0.422613       20.846626        -2.574631e-29     
   0.422613       21.272215        -2.306838e-27     
   0.422613       21.679546        -1.766908e-25     
   0.422613       22.067523        -1.129548e-23     
   0.422613       22.435100        -5.884352e-22     
   0.422613       22.781284        -2.444838e-20     
   0.422613       23.105144        -7.915310e-19     
   0.422613       23.405806        -1.960320e-17     
   0.422613       23.682459        -3.661348e-16     
   0.422613       23.934358        -4.987589e-15     
   0.422613       24.160824        -5.028442e-14     
   0.422613       24.361246        -3.769491e-13     
   0.422613       24.535084        -1.907709e-12     
   0.422613       24.681869        -6.390883e-12     
   0.422613       24.801206        -1.583337e-11     
   0.422613       24.892773        -3.459394e-11     
   0.422613       24.956326        -8.436497e-11     
   0.422613       24.991706        -3.707610e-10     
   0.488552       0.001580         -1.000792e-03     
   0.488552       0.008319         -5.270176e-03     
   0.488552       0.020424         -1.293610e-02     
   0.488552       0.037866         -2.394449e-02     
   0.488552       0.060596         -3.818797e-02     
   0.488552       0.088555         -5.547183e-02     
   0.488552       0.121667         -7.545544e-02     
   0.488552       0.159843         -9.760582e-02     
   0.488552       0.202979         -1.211599e-01     
   0.488552       0.250960         -1.450993e-01     
   0.488552       0.303656         -1.681583e-01     
   0.488552       0.360925         -1.888863e-01     
   0.488552       0.422613         -2.057797e-01     
   0.488552       0.488552         -2.174744e-01     
   0.488552       0.558567         -2.229614e-01     
   0.488552       0.632467         -2.217580e-01     
   0.488552       0.710054         -2.139699e-01     
   0.488552       0.791119         -2.002238e-01     
   0.488552       0.875442         -1.815130e-01     
   0.488552       0.962797         -1.590244e-01     
   0.488552       1.052948         -1.339949e-01     
   0.488552       1.145653         -1.075996e-01     
   0.488552       1.240660         -8.087112e-02     
   0.488552       1.337714         -5.466002e-02     
   0.488552       1.436554         -2.964116e-02     
   0.488552       1.536913         -6.339460e-03     
   0.488552       1.638520         1.485364e-02      
   0.488552       1.741102         3.367109e-02      
   0.488552       1.844381         4.995444e-02      
   0.488552       1.948080         6.363566e-02      
   0.488552       2.051920         7.472694e-02      
   0.488552       2.155619         8.331328e-02      
   0.488552       2.258898         8.953938e-02      
   0.488552       2.361480         9.359486e-02      
   0.488552       2.463087         9.570359e-02      
   0.488552       2.563446         9.611333e-02      
   0.488552       2.662286         9.508305e-02      
   0.488552       2.759340         9.287143e-02      
   0.488552       2.854347         8.972871e-02      
   0.488552       2.947052         8.589007e-02      
   0.488552       3.037203         8.156950e-02      
   0.488552       3.124558         7.695559e-02      
   0.488552       3.208881         7.220985e-02      
   0.488552       3.289946         6.746666e-02      
   0.488552       3.367533         6.283405e-02      
   0.488552       3.441433         5.839524e-02      
   0.488552       3.511448         5.421121e-02      
   0.488552       3.577387         5.032377e-02      
   0.488552       3.639075         4.675879e-02      
   0.488552       3.696344         4.352932e-02      
   0.488552       3.749040         4.063841e-02      
   0.488552       3.797021         3.808181e-02      
   0.488552       3.840157         3.585026e-02      
   0.488552       3.878333         3.393150e-02      
   0.488552       3.911445         3.231188e-02      
   0.488552       3.939404         3.097765e-02      
   0.488552       3.962134         2.991592e-02      
   0.488552       3.979576         2.911549e-02      
   0.488552       3.991681         2.856729e-02      
   0.488552       3.998420         2.826472e-02      
   0.488552       4.008294         2.782484e-02      
   0.488552       4.043674         2.628210e-02      
   0.488552       4.107227         2.364445e-02      
   0.488552       4.198794         2.014979e-02      
   0.488552       4.318131         1.613659e-02      
   0.488552       4.464916         1.201416e-02      
   0.488552       4.638754         8.203243e-03      
   0.488552       4.839176         5.051739e-03      
   0.488552       5.065642         2.752332e-03      
   0.488552       5.317541         1.301077e-03      
   0.488552       5.594194         5.271282e-04      
   0.488552       5.894856         1.854413e-04      
   0.488552       6.218716         6.017802e-05      
   0.488552       6.564900         1.929254e-05      
   0.488552       6.932477         5.790636e-06      
   0.488552       7.320454         1.346644e-06      
   0.488552       7.727785         1.824676e-07      
   0.488552       8.153374         8.371460e-10      
   0.488552       8.596072         -3.999598e-09     
   0.488552       9.054685         -4.433742e-10     
   0.488552       9.527979         3.692807e-11      
   0.488552       10.014676        1.029191e-11      
   0.488552       10.513464        3.274769e-13      
   0.488552       11.023000        -6.406250e-14     
   0.488552       11.541909        -4.544290e-15     
   0.488552       12.068793        9.535713e-17      
   0.488552       12.602230        1.328614e-17      
   0.488552       13.140784        3.979872e-20      
   0.488552       13.683002        -1.365184e-20     
   0.488552       14.227422        -1.088275e-22     
   0.488552       14.772578        5.936450e-24      
   0.488552       15.316998        5.424881e-26      
   0.488552       15.859216        -1.317469e-27     
   0.488552       16.397770        -1.165038e-29     
   0.488552       16.931207        1.824523e-31      
   0.488552       17.458091        1.590231e-33      
   0.488552       17.977000        -2.644937e-35     
   0.488552       18.486536        -2.141645e-37     
   0.488552       18.985324        1.313165e-37      
   0.488552       19.472021        1.628123e-35      
   0.488552       19.945315        2.010434e-33      
   0.488552       20.403928        2.288101e-31      
   0.488552       20.846626        2.339781e-29      
   0.488552       21.272215        2.096558e-27      
   0.488552       21.679546        1.605955e-25      
   0.488552       22.067523        1.026723e-23      
   0.488552       22.435100        5.349039e-22      
   0.488552       22.781284        2.222567e-20      
   0.488552       23.105144        7.196151e-19      
   0.488552       23.405806        1.782319e-17      
   0.488552       23.682459        3.329095e-16      
   0.488552       23.934358        4.535264e-15      
   0.488552       24.160824        4.572622e-14      
   0.488552       24.361246        3.428015e-13      
   0.488552       24.535084        1.735049e-12      
   0.488552       24.681869        5.812859e-12      
   0.488552       24.801206        1.440093e-11      
   0.488552       24.892773        3.145883e-11      
   0.488552       24.956326        7.651894e-11      
   0.488552       24.991706        3.380959e-10      
   0.558567       0.001580         -9.847213e-04     
   0.558567       0.008319         -5.185521e-03     
   0.558567       0.020424         -1.272944e-02     
   0.558567       0.037866         -2.356619e-02     
   0.558567       0.060596         -3.759768e-02     
   0.558567       0.088555         -5.465201e-02     
   0.558567       0.121667         -7.442819e-02     
   0.558567       0.159843         -9.645596e-02     
   0.558567       0.202979         -1.200630e-01     
   0.558567       0.250960         -1.443485e-01     
   0.558567       0.303656         -1.681754e-01     
   0.558567       0.360925         -1.901997e-01     
   0.558567       0.422613         -2.089488e-01     
   0.558567       0.488552         -2.229614e-01     
   0.558567       0.558567         -2.309833e-01     
   0.558567       0.632467         -2.321824e-01     
   0.558567       0.710054         -2.263124e-01     
   0.558567       0.791119         -2.137499e-01     
   0.558567       0.875442         -1.953812e-01     
   0.558567       0.962797         -1.724034e-01     
   0.558567       1.052948         -1.461359e-01     
   0.558567       1.145653         -1.178916e-01     
   0.558567       1.240660         -8.888389e-02     
   0.558567       1.337714         -6.014812e-02     
   0.558567       1.436554         -3.250834e-02     
   0.558567       1.536913         -6.602592e-03     
   0.558567       1.638520         1.708097e-02      
   0.558567       1.741102         3.819681e-02      
   0.558567       1.844381         5.653793e-02      
   0.558567       1.948080         7.200883e-02      
   0.558567       2.051920         8.460157e-02      
   0.558567       2.155619         9.439240e-02      
   0.558567       2.258898         1.015340e-01      
   0.558567       2.361480         1.062326e-01      
   0.558567       2.463087         1.087301e-01      
   0.558567       2.563446         1.092989e-01      
   0.558567       2.662286         1.082289e-01      
   0.558567       2.759340         1.058105e-01      
   0.558567       2.854347         1.023234e-01      
   0.558567       2.947052         9.803228e-02      
   0.558567       3.037203         9.318068e-02      
   0.558567       3.124558         8.798355e-02      
   0.558567       3.208881         8.262447e-02      
   0.558567       3.289946         7.725671e-02      
   0.558567       3.367533         7.200468e-02      
   0.558567       3.441433         6.696504e-02      
   0.558567       3.511448         6.220869e-02      
   0.558567       3.577387         5.778437e-02      
   0.558567       3.639075         5.372266e-02      
   0.558567       3.696344         5.003959e-02      
   0.558567       3.749040         4.673985e-02      
   0.558567       3.797021         4.381959e-02      
   0.558567       3.840157         4.126903e-02      
   0.558567       3.878333         3.907477e-02      
   0.558567       3.911445         3.722170e-02      
   0.558567       3.939404         3.569451e-02      
   0.558567       3.962134         3.447881e-02      
   0.558567       3.979576         3.356204e-02      
   0.558567       3.991681         3.293402e-02      
   0.558567       3.998420         3.258736e-02      
   0.558567       4.008294         3.208332e-02      
   0.558567       4.043674         3.031499e-02      
   0.558567       4.107227         2.728962e-02      
   0.558567       4.198794         2.327725e-02      
   0.558567       4.318131         1.866360e-02      
   0.558567       4.464916         1.391641e-02      
   0.558567       4.638754         9.519150e-03      
   0.558567       4.839176         5.874490e-03      
   0.558567       5.065642         3.208149e-03      
   0.558567       5.317541         1.520274e-03      
   0.558567       5.594194         6.171792e-04      
   0.558567       5.894856         2.171779e-04      
   0.558567       6.218716         7.025790e-05      
   0.558567       6.564900         2.240778e-05      
   0.558567       6.932477         6.709025e-06      
   0.558567       7.320454         1.563908e-06      
   0.558567       7.727785         2.139383e-07      
   0.558567       8.153374         1.618789e-09      
   0.558567       8.596072         -4.564770e-09     
   0.558567       9.054685         -5.160344e-10     
   0.558567       9.527979         4.142481e-11      
   0.558567       10.014676        1.182975e-11      
   0.558567       10.513464        3.852038e-13      
   0.558567       11.023000        -7.331764e-14     
   0.558567       11.541909        -5.259003e-15     
   0.558567       12.068793        1.077390e-16      
   0.558567       12.602230        1.533369e-17      
   0.558567       13.140784        4.955129e-20      
   0.558567       13.683002        -1.573276e-20     
   0.558567       14.227422        -1.281334e-22     
   0.558567       14.772578        6.834460e-24      
   0.558567       15.316998        6.352442e-26      
   0.558567       15.859216        -1.516787e-27     
   0.558567       16.397770        -1.362458e-29     
   0.558567       16.931207        2.103990e-31      
   0.558567       17.458091        1.857423e-33      
   0.558567       17.977000        -3.062383e-35     
   0.558567       18.486536        -2.476787e-37     
   0.558567       18.985324        4.191564e-37      
   0.558567       19.472021        5.371614e-35      
   0.558567       19.945315        6.633107e-33      
   0.558567       20.403928        7.549305e-31      
   0.558567       20.846626        7.719832e-29      
   0.558567       21.272215        6.917323e-27      
   0.558567       21.679546        5.298599e-25      
   0.558567       22.067523        3.387474e-23      
   0.558567       22.435100        1.764788e-21      
   0.558567       22.781284        7.332719e-20      
   0.558567       23.105144        2.374120e-18      
   0.558567       23.405806        5.880036e-17      
   0.558567       23.682459        1.098278e-15      
   0.558567       23.934358        1.496157e-14      
   0.558567       24.160824        1.508460e-13      
   0.558567       24.361246        1.130844e-12      
   0.558567       24.535084        5.723338e-12      
   0.558567       24.681869        1.917339e-11      
   0.558567       24.801206        4.749702e-11      
   0.558567       24.892773        1.037996e-10      
   0.558567       24.956326        2.531233e-10      
   0.558567       24.991706        1.112616e-09      
   0.632467       0.001580         -9.427501e-04     
   0.632467       0.008319         -4.964483e-03     
   0.632467       0.020424         -1.218778e-02     
   0.632467       0.037866         -2.256724e-02     
   0.632467       0.060596         -3.601487e-02     
   0.632467       0.088555         -5.238335e-02     
   0.632467       0.121667         -7.141412e-02     
   0.632467       0.159843         -9.270371e-02     
   0.632467       0.202979         -1.156774e-01     
   0.632467       0.250960         -1.395644e-01     
   0.632467       0.303656         -1.633821e-01     
   0.632467       0.360925         -1.859415e-01     
   0.632467       0.422613         -2.058825e-01     
   0.632467       0.488552         -2.217580e-01     
   0.632467       0.558567         -2.321824e-01     
   0.632467       0.632467         -2.360399e-01     
   0.632467       0.710054         -2.327047e-01     
   0.632467       0.791119         -2.221817e-01     
   0.632467       0.875442         -2.050953e-01     
   0.632467       0.962797         -1.825347e-01     
   0.632467       1.052948         -1.558432e-01     
   0.632467       1.145653         -1.264418e-01     
   0.632467       1.240660         -9.569989e-02     
   0.632467       1.337714         -6.483476e-02     
   0.632467       1.436554         -3.484878e-02     
   0.632467       1.536913         -6.527038e-03     
   0.632467       1.638520         1.953104e-02      
   0.632467       1.741102         4.289212e-02      
   0.632467       1.844381         6.328035e-02      
   0.632467       1.948080         8.055504e-02      
   0.632467       2.051920         9.468383e-02      
   0.632467       2.155619         1.057303e-01      
   0.632467       2.258898         1.138442e-01      
   0.632467       2.361480         1.192409e-01      
   0.632467       2.463087         1.221812e-01      
   0.632467       2.563446         1.229598e-01      
   0.632467       2.662286         1.218929e-01      
   0.632467       2.759340         1.193007e-01      
   0.632467       2.854347         1.154943e-01      
   0.632467       2.947052         1.107685e-01      
   0.632467       3.037203         1.053951e-01      
   0.632467       3.124558         9.961559e-02      
   0.632467       3.208881         9.363781e-02      
   0.632467       3.289946         8.763567e-02      
   0.632467       3.367533         8.175057e-02      
   0.632467       3.441433         7.609293e-02      
   0.632467       3.511448         7.074465e-02      
   0.632467       3.577387         6.576274e-02      
   0.632467       3.639075         6.118350e-02      
   0.632467       3.696344         5.702657e-02      
   0.632467       3.749040         5.329853e-02      
   0.632467       3.797021         4.999622e-02      
   0.632467       3.840157         4.710964e-02      
   0.632467       3.878333         4.462456e-02      
   0.632467       3.911445         4.252463e-02      
   0.632467       3.939404         4.079313e-02      
   0.632467       3.962134         3.941423e-02      
   0.632467       3.979576         3.837405e-02      
   0.632467       3.991681         3.766134e-02      
   0.632467       3.998420         3.726786e-02      
   0.632467       4.008294         3.669567e-02      
   0.632467       4.043674         3.468757e-02      
   0.632467       4.107227         3.124933e-02      
   0.632467       4.198794         2.668385e-02      
   0.632467       4.318131         2.142561e-02      
   0.632467       4.464916         1.600449e-02      
   0.632467       4.638754         1.097105e-02      
   0.632467       4.839176         6.787519e-03      
   0.632467       5.065642         3.717272e-03      
   0.632467       5.317541         1.766732e-03      
   0.632467       5.594194         7.189780e-04      
   0.632467       5.894856         2.531058e-04      
   0.632467       6.218716         8.158949e-05      
   0.632467       6.564900         2.586194e-05      
   0.632467       6.932477         7.719366e-06      
   0.632467       7.320454         1.804299e-06      
   0.632467       7.727785         2.495989e-07      
   0.632467       8.153374         2.756179e-09      
   0.632467       8.596072         -5.155431e-09     
   0.632467       9.054685         -5.967157e-10     
   0.632467       9.527979         4.579714e-11      
   0.632467       10.014676        1.347876e-11      
   0.632467       10.513464        4.509681e-13      
   0.632467       11.023000        -8.310701e-14     
   0.632467       11.541909        -6.041521e-15     
   0.632467       12.068793        1.201977e-16      
   0.632467       12.602230        1.755823e-17      
   0.632467       13.140784        6.171228e-20      
   0.632467       13.683002        -1.798364e-20     
   0.632467       14.227422        -1.502118e-22     
   0.632467       14.772578        7.802735e-24      
   0.632467       15.316998        7.400351e-26      
   0.632467       15.859216        -1.731699e-27     
   0.632467       16.397770        -1.584844e-29     
   0.632467       16.931207        2.406864e-31      
   0.632467       17.458091        2.157565e-33      
   0.632467       17.977000        -3.520376e-35     
   0.632467       18.486536        -2.868461e-37     
   0.632467       18.985324        5.131168e-37      
   0.632467       19.472021        6.583147e-35      
   0.632467       19.945315        8.129500e-33      
   0.632467       20.403928        9.252672e-31      
   0.632467       20.846626        9.461893e-29      
   0.632467       21.272215        8.478432e-27      
   0.632467       21.679546        6.494473e-25      
   0.632467       22.067523        4.152051e-23      
   0.632467       22.435100        2.163125e-21      
   0.632467       22.781284        8.987841e-20      
   0.632467       23.105144        2.910001e-18      
   0.632467       23.405806        7.207255e-17      
   0.632467       23.682459        1.346173e-15      
   0.632467       23.934358        1.833841e-14      
   0.632467       24.160824        1.848919e-13      
   0.632467       24.361246        1.386071e-12      
   0.632467       24.535084        7.014855e-12      
   0.632467       24.681869        2.349894e-11      
   0.632467       24.801206        5.820884e-11      
   0.632467       24.892773        1.272508e-10      
   0.632467       24.956326        3.109103e-10      
   0.632467       24.991706        1.361306e-09      
   0.710054       0.001580         -8.777033e-04     
   0.710054       0.008319         -4.621953e-03     
   0.710054       0.020424         -1.134770e-02     
   0.710054       0.037866         -2.101581e-02     
   0.710054       0.060596         -3.354970e-02     
   0.710054       0.088555         -4.882943e-02     
   0.710054       0.121667         -6.664266e-02     
   0.710054       0.159843         -8.665632e-02     
   0.710054       0.202979         -1.083951e-01     
   0.710054       0.250960         -1.312169e-01     
   0.710054       0.303656         -1.542931e-01     
   0.710054       0.360925         -1.766017e-01     
   0.710054       0.422613         -1.969400e-01     
   0.710054       0.488552         -2.139699e-01     
   0.710054       0.558567         -2.263124e-01     
   0.710054       0.632467         -2.327047e-01     
   0.710054       0.710054         -2.322061e-01     
   0.710054       0.791119         -2.243999e-01     
   0.710054       0.875442         -2.095081e-01     
   0.710054       0.962797         -1.883554e-01     
   0.710054       1.052948         -1.621984e-01     
   0.710054       1.145653         -1.325010e-01     
   0.710054       1.240660         -1.007467e-01     
   0.710054       1.337714         -6.831421e-02     
   0.710054       1.436554         -3.639623e-02     
   0.710054       1.536913         -5.955736e-03     
   0.710054       1.638520         2.227348e-02      
   0.710054       1.741102         4.775627e-02      
   0.710054       1.844381         7.012959e-02      
   0.710054       1.948080         8.918798e-02      
   0.710054       2.051920         1.048640e-01      
   0.710054       2.155619         1.172022e-01      
   0.710054       2.258898         1.263393e-01      
   0.710054       2.361480         1.324911e-01      
   0.710054       2.463087         1.359334e-01      
   0.710054       2.563446         1.369811e-01      
   0.710054       2.662286         1.359715e-01      
   0.710054       2.759340         1.332518e-01      
   0.710054       2.854347         1.291644e-01      
   0.710054       2.947052         1.240345e-01      
   0.710054       3.037203         1.181611e-01      
   0.710054       3.124558         1.118123e-01      
   0.710054       3.208881         1.052213e-01      
   0.710054       3.289946         9.858428e-02      
   0.710054       3.367533         9.206042e-02      
   0.710054       3.441433         8.577467e-02      
   0.710054       3.511448         7.982092e-02      
   0.710054       3.577387         7.426565e-02      
   0.710054       3.639075         6.915200e-02      
   0.710054       3.696344         6.450392e-02      
   0.710054       3.749040         6.033047e-02      
   0.710054       3.797021         5.662959e-02      
   0.710054       3.840157         5.339147e-02      
   0.710054       3.878333         5.060138e-02      
   0.710054       3.911445         4.824203e-02      
   0.710054       3.939404         4.629544e-02      
   0.710054       3.962134         4.474452e-02      
   0.710054       3.979576         4.357413e-02      
   0.710054       3.991681         4.277198e-02      
   0.710054       3.998420         4.232904e-02      
   0.710054       4.008294         4.168485e-02      
   0.710054       4.043674         3.942308e-02      
   0.710054       4.107227         3.554702e-02      
   0.710054       4.198794         3.039277e-02      
   0.710054       4.318131         2.444480e-02      
   0.710054       4.464916         1.829825e-02      
   0.710054       4.638754         1.257533e-02      
   0.710054       4.839176         7.803053e-03      
   0.710054       5.065642         4.287725e-03      
   0.710054       5.317541         2.044959e-03      
   0.710054       5.594194         8.346263e-04      
   0.710054       5.894856         2.940042e-04      
   0.710054       6.218716         9.439602e-05      
   0.710054       6.564900         2.970618e-05      
   0.710054       6.932477         8.833205e-06      
   0.710054       7.320454         2.070901e-06      
   0.710054       7.727785         2.901895e-07      
   0.710054       8.153374         4.359436e-09      
   0.710054       8.596072         -5.766384e-09     
   0.710054       9.054685         -6.864252e-10     
   0.710054       9.527979         4.989888e-11      
   0.710054       10.014676        1.524122e-11      
   0.710054       10.513464        5.261655e-13      
   0.710054       11.023000        -9.340181e-14     
   0.710054       11.541909        -6.898690e-15     
   0.710054       12.068793        1.324758e-16      
   0.710054       12.602230        1.997371e-17      
   0.710054       13.140784        7.689379e-20      
   0.710054       13.683002        -2.041524e-20     
   0.710054       14.227422        -1.755835e-22     
   0.710054       14.772578        8.844793e-24      
   0.710054       15.316998        8.589256e-26      
   0.710054       15.859216        -1.962975e-27     
   0.710054       16.397770        -1.836387e-29     
   0.710054       16.931207        2.734781e-31      
   0.710054       17.458091        2.496080e-33      
   0.710054       17.977000        -4.023440e-35     
   0.710054       18.486536        -3.327059e-37     
   0.710054       18.985324        3.625996e-37      
   0.710054       19.472021        4.601606e-35      
   0.710054       19.945315        5.682824e-33      
   0.710054       20.403928        6.468234e-31      
   0.710054       20.846626        6.614702e-29      
   0.710054       21.272215        5.927317e-27      
   0.710054       21.679546        4.540402e-25      
   0.710054       22.067523        2.902810e-23      
   0.710054       22.435100        1.512312e-21      
   0.710054       22.781284        6.283730e-20      
   0.710054       23.105144        2.034491e-18      
   0.710054       23.405806        5.038864e-17      
   0.710054       23.682459        9.411573e-16      
   0.710054       23.934358        1.282089e-14      
   0.710054       24.160824        1.292631e-13      
   0.710054       24.361246        9.690352e-13      
   0.710054       24.535084        4.904047e-12      
   0.710054       24.681869        1.642705e-11      
   0.710054       24.801206        4.068907e-11      
   0.710054       24.892773        8.898380e-11      
   0.710054       24.956326        2.179571e-10      
   0.710054       24.991706        9.495206e-10      
   0.791119       0.001580         -7.949450e-04     
   0.791119       0.008319         -4.186167e-03     
   0.791119       0.020424         -1.027844e-02     
   0.791119       0.037866         -1.903956e-02     
   0.791119       0.060596         -3.040443e-02     
   0.791119       0.088555         -4.428030e-02     
   0.791119       0.121667         -6.050043e-02     
   0.791119       0.159843         -7.879995e-02     
   0.791119       0.202979         -9.879812e-02     
   0.791119       0.250960         -1.199742e-01     
   0.791119       0.303656         -1.416447e-01     
   0.791119       0.360925         -1.629522e-01     
   0.791119       0.422613         -1.828694e-01     
   0.791119       0.488552         -2.002238e-01     
   0.791119       0.558567         -2.137499e-01     
   0.791119       0.632467         -2.221817e-01     
   0.791119       0.710054         -2.243999e-01     
   0.791119       0.791119         -2.196304e-01     
   0.791119       0.875442         -2.076420e-01     
   0.791119       0.962797         -1.888515e-01     
   0.791119       1.052948         -1.642618e-01     
   0.791119       1.145653         -1.352569e-01     
   0.791119       1.240660         -1.033685e-01     
   0.791119       1.337714         -7.010155e-02     
   0.791119       1.436554         -3.682364e-02     
   0.791119       1.536913         -4.685782e-03     
   0.791119       1.638520         2.541414e-02      
   0.791119       1.741102         5.281299e-02      
   0.791119       1.844381         7.704573e-02      
   0.791119       1.948080         9.782665e-02      
   0.791119       2.051920         1.150340e-01      
   0.791119       2.155619         1.286796e-01      
   0.791119       2.258898         1.388807e-01      
   0.791119       2.361480         1.458451e-01      
   0.791119       2.463087         1.498541e-01      
   0.791119       2.563446         1.512368e-01      
   0.791119       2.662286         1.503497e-01      
   0.791119       2.759340         1.475634e-01      
   0.791119       2.854347         1.432482e-01      
   0.791119       2.947052         1.377580e-01      
   0.791119       3.037203         1.314199e-01      
   0.791119       3.124558         1.245284e-01      
   0.791119       3.208881         1.173423e-01      
   0.791119       3.289946         1.100801e-01      
   0.791119       3.367533         1.029205e-01      
   0.791119       3.441433         9.600450e-02      
   0.791119       3.511448         8.943887e-02      
   0.791119       3.577387         8.330045e-02      
   0.791119       3.639075         7.764005e-02      
   0.791119       3.696344         7.248698e-02      
   0.791119       3.749040         6.785365e-02      
   0.791119       3.797021         6.373983e-02      
   0.791119       3.840157         6.013641e-02      
   0.791119       3.878333         5.702855e-02      
   0.791119       3.911445         5.439827e-02      
   0.791119       3.939404         5.222664e-02      
   0.791119       3.962134         5.049540e-02      
   0.791119       3.979576         4.918835e-02      
   0.791119       3.991681         4.829224e-02      
   0.791119       3.998420         4.779732e-02      
   0.791119       4.008294         4.707738e-02      
   0.791119       4.043674         4.454844e-02      
   0.791119       4.107227         4.020985e-02      
   0.791119       4.198794         3.443092e-02      
   0.791119       4.318131         2.774713e-02      
   0.791119       4.464916         2.082113e-02      
   0.791119       4.638754         1.435138e-02      
   0.791119       4.839176         8.935752e-03      
   0.791119       5.065642         4.929196e-03      
   0.791119       5.317541         2.360451e-03      
   0.791119       5.594194         9.667214e-04      
   0.791119       5.894856         3.408475e-04      
   0.791119       6.218716         1.089597e-04      
   0.791119       6.564900         3.400545e-05      
   0.791119       6.932477         1.006494e-05      
   0.791119       7.320454         2.367475e-06      
   0.791119       7.727785         3.366115e-07      
   0.791119       8.153374         6.565006e-09      
   0.791119       8.596072         -6.390648e-09     
   0.791119       9.054685         -7.863206e-10     
   0.791119       9.527979         5.355187e-11      
   0.791119       10.014676        1.711923e-11      
   0.791119       10.513464        6.124547e-13      
   0.791119       11.023000        -1.041650e-13     
   0.791119       11.541909        -7.838642e-15     
   0.791119       12.068793        1.442579e-16      
   0.791119       12.602230        2.259673e-17      
   0.791119       13.140784        9.584201e-20      
   0.791119       13.683002        -2.304024e-20     
   0.791119       14.227422        -2.048829e-22     
   0.791119       14.772578        9.964713e-24      
   0.791119       15.316998        9.944358e-26      
   0.791119       15.859216        -2.211508e-27     
   0.791119       16.397770        -2.122214e-29     
   0.791119       16.931207        3.089677e-31      
   0.791119       17.458091        2.879612e-33      
   0.791119       17.977000        -4.577073e-35     
   0.791119       18.486536        -3.847574e-37     
   0.791119       18.985324        1.442612e-37      
   0.791119       19.472021        1.732444e-35      
   0.791119       19.945315        2.139708e-33      
   0.791119       20.403928        2.435597e-31      
   0.791119       20.846626        2.490876e-29      
   0.791119       21.272215        2.232115e-27      
   0.791119       21.679546        1.709877e-25      
   0.791119       22.067523        1.093197e-23      
   0.791119       22.435100        5.695436e-22      
   0.791119       22.781284        2.366503e-20      
   0.791119       23.105144        7.662071e-19      
   0.791119       23.405806        1.897680e-17      
   0.791119       23.682459        3.544456e-16      
   0.791119       23.934358        4.828331e-15      
   0.791119       24.160824        4.868044e-14      
   0.791119       24.361246        3.649320e-13      
   0.791119       24.535084        1.846680e-12      
   0.791119       24.681869        6.185254e-12      
   0.791119       24.801206        1.532018e-11      
   0.791119       24.892773        3.352177e-11      
   0.791119       24.956326        8.247277e-11      
   0.791119       24.991706        3.561020e-10      
   0.875442       0.001580         -7.010019e-04     
   0.875442       0.008319         -3.691475e-03     
   0.875442       0.020424         -9.064179e-03     
   0.875442       0.037866         -1.679352e-02     
   0.875442       0.060596         -2.682373e-02     
   0.875442       0.088555         -3.908467e-02     
   0.875442       0.121667         -5.344776e-02     
   0.875442       0.159843         -6.970597e-02     
   0.875442       0.202979         -8.756135e-02     
   0.875442       0.250960         -1.066039e-01     
   0.875442       0.303656         -1.262888e-01     
   0.875442       0.360925         -1.459224e-01     
   0.875442       0.422613         -1.646594e-01     
   0.875442       0.488552         -1.815130e-01     
   0.875442       0.558567         -1.953812e-01     
   0.875442       0.632467         -2.050953e-01     
   0.875442       0.710054         -2.095081e-01     
   0.875442       0.791119         -2.076420e-01     
   0.875442       0.875442         -1.988889e-01     
   0.875442       0.962797         -1.831978e-01     
   0.875442       1.052948         -1.611526e-01     
   0.875442       1.145653         -1.338840e-01     
   0.875442       1.240660         -1.028564e-01     
   0.875442       1.337714         -6.963840e-02     
   0.875442       1.436554         -3.573092e-02     
   0.875442       1.536913         -2.457273e-03     
   0.875442       1.638520         2.910049e-02      
   0.875442       1.741102         5.811914e-02      
   0.875442       1.844381         8.401310e-02      
   0.875442       1.948080         1.064028e-01      
   0.875442       2.051920         1.250904e-01      
   0.875442       2.155619         1.400356e-01      
   0.875442       2.258898         1.513273e-01      
   0.875442       2.361480         1.591577e-01      
   0.875442       2.463087         1.638010e-01      
   0.875442       2.563446         1.655918e-01      
   0.875442       2.662286         1.649028e-01      
   0.875442       2.759340         1.621245e-01      
   0.875442       2.854347         1.576494e-01      
   0.875442       2.947052         1.518577e-01      
   0.875442       3.037203         1.451045e-01      
   0.875442       3.124558         1.377114e-01      
   0.875442       3.208881         1.299614e-01      
   0.875442       3.289946         1.220958e-01      
   0.875442       3.367533         1.143139e-01      
   0.875442       3.441433         1.067743e-01      
   0.875442       3.511448         9.959821e-02      
   0.875442       3.577387         9.287341e-02      
   0.875442       3.639075         8.665934e-02      
   0.875442       3.696344         8.099170e-02      
   0.875442       3.749040         7.588736e-02      
   0.875442       3.797021         7.134886e-02      
   0.875442       3.840157         6.736845e-02      
   0.875442       3.878333         6.393165e-02      
   0.875442       3.911445         6.102019e-02      
   0.875442       3.939404         5.861443e-02      
   0.875442       3.962134         5.669526e-02      
   0.875442       3.979576         5.524554e-02      
   0.875442       3.991681         5.425123e-02      
   0.875442       3.998420         5.370194e-02      
   0.875442       4.008294         5.290273e-02      
   0.875442       4.043674         5.009369e-02      
   0.875442       4.107227         4.526847e-02      
   0.875442       4.198794         3.882900e-02      
   0.875442       4.318131         3.136229e-02      
   0.875442       4.464916         2.360017e-02      
   0.875442       4.638754         1.632191e-02      
   0.875442       4.839176         1.020289e-02      
   0.875442       5.065642         5.653242e-03      
   0.875442       5.317541         2.719851e-03      
   0.875442       5.594194         1.118436e-03      
   0.875442       5.894856         3.948437e-04      
   0.875442       6.218716         1.256363e-04      
   0.875442       6.564900         3.884218e-05      
   0.875442       6.932477         1.143248e-05      
   0.875442       7.320454         2.698556e-06      
   0.875442       7.727785         3.899488e-07      
   0.875442       8.153374         9.539996e-09      
   0.875442       8.596072         -7.018864e-09     
   0.875442       9.054685         -8.976741e-10     
   0.875442       9.527979         5.654383e-11      
   0.875442       10.014676        1.911418e-11      
   0.875442       10.513464        7.117401e-13      
   0.875442       11.023000        -1.153503e-13     
   0.875442       11.541909        -8.870730e-15     
   0.875442       12.068793        1.551672e-16      
   0.875442       12.602230        2.544640e-17      
   0.875442       13.140784        1.194461e-19      
   0.875442       13.683002        -2.587308e-20     
   0.875442       14.227422        -2.388669e-22     
   0.875442       14.772578        1.116700e-23      
   0.875442       15.316998        1.149584e-25      
   0.875442       15.859216        -2.478270e-27     
   0.875442       16.397770        -2.448499e-29     
   0.875442       16.931207        3.473752e-31      
   0.875442       17.458091        3.316206e-33      
   0.875442       17.977000        -5.187835e-35     
   0.875442       18.486536        -4.427014e-37     
   0.875442       18.985324        3.154869e-38      
   0.875442       19.472021        2.397201e-36      
   0.875442       19.945315        2.961833e-34      
   0.875442       20.403928        3.372311e-32      
   0.875442       20.846626        3.449571e-30      
   0.875442       21.272215        3.091733e-28      
   0.875442       21.679546        2.368694e-26      
   0.875442       22.067523        1.514570e-24      
   0.875442       22.435100        7.891421e-23      
   0.875442       22.781284        3.279173e-21      
   0.875442       23.105144        1.061748e-19      
   0.875442       23.405806        2.629745e-18      
   0.875442       23.682459        4.911814e-17      
   0.875442       23.934358        6.690689e-16      
   0.875442       24.160824        6.746030e-15      
   0.875442       24.361246        5.056862e-14      
   0.875442       24.535084        2.558163e-13      
   0.875442       24.681869        8.565875e-13      
   0.875442       24.801206        2.121973e-12      
   0.875442       24.892773        4.650101e-12      
   0.875442       24.956326        1.163149e-11      
   0.875442       24.991706        4.857598e-11      
   0.962797       0.001580         -6.010128e-04     
   0.962797       0.008319         -3.164928e-03     
   0.962797       0.020424         -7.771351e-03     
   0.962797       0.037866         -1.440057e-02     
   0.962797       0.060596         -2.300360e-02     
   0.962797       0.088555         -3.352711e-02     
   0.962797       0.121667         -4.587154e-02     
   0.962797       0.159843         -5.987481e-02     
   0.962797       0.202979         -7.530676e-02     
   0.962797       0.250960         -9.185395e-02     
   0.962797       0.303656         -1.091002e-01     
   0.962797       0.360925         -1.265103e-01     
   0.962797       0.422613         -1.434185e-01     
   0.962797       0.488552         -1.590244e-01     
   0.962797       0.558567         -1.724034e-01     
   0.962797       0.632467         -1.825347e-01     
   0.962797       0.710054         -1.883554e-01     
   0.962797       0.791119         -1.888515e-01     
   0.962797       0.875442         -1.831978e-01     
   0.962797       0.962797         -1.709424e-01     
   0.962797       1.052948         -1.521809e-01     
   0.962797       1.145653         -1.276244e-01     
   0.962797       1.240660         -9.849877e-02     
   0.962797       1.337714         -6.631694e-02     
   0.962797       1.436554         -3.264510e-02     
   0.962797       1.536913         1.057188e-03      
   0.962797       1.638520         3.353075e-02      
   0.962797       1.741102         6.377315e-02      
   0.962797       1.844381         9.105125e-02      
   0.962797       1.948080         1.148711e-01      
   0.962797       2.051920         1.349413e-01      
   0.962797       2.155619         1.511503e-01      
   0.962797       2.258898         1.635420e-01      
   0.962797       2.361480         1.722810e-01      
   0.962797       2.463087         1.776248e-01      
   0.962797       2.563446         1.799036e-01      
   0.962797       2.662286         1.794980e-01      
   0.962797       2.759340         1.768134e-01      
   0.962797       2.854347         1.722607e-01      
   0.962797       2.947052         1.662425e-01      
   0.962797       3.037203         1.591398e-01      
   0.962797       3.124558         1.513005e-01      
   0.962797       3.208881         1.430317e-01      
   0.962797       3.289946         1.345976e-01      
   0.962797       3.367533         1.262188e-01      
   0.962797       3.441433         1.180725e-01      
   0.962797       3.511448         1.102956e-01      
   0.962797       3.577387         1.029883e-01      
   0.962797       3.639075         9.621978e-02      
   0.962797       3.696344         9.003326e-02      
   0.962797       3.749040         8.445109e-02      
   0.962797       3.797021         7.947947e-02      
   0.962797       3.840157         7.511285e-02      
   0.962797       3.878333         7.133778e-02      
   0.962797       3.911445         6.813624e-02      
   0.962797       3.939404         6.548831e-02      
   0.962797       3.962134         6.337431e-02      
   0.962797       3.979576         6.177646e-02      
   0.962797       3.991681         6.068005e-02      
   0.962797       3.998420         6.007419e-02      
   0.962797       4.008294         5.919246e-02      
   0.962797       4.043674         5.609127e-02      
   0.962797       4.107227         5.075649e-02      
   0.962797       4.198794         4.362124e-02      
   0.962797       4.318131         3.532354e-02      
   0.962797       4.464916         2.666605e-02      
   0.962797       4.638754         1.851308e-02      
   0.962797       4.839176         1.162454e-02      
   0.962797       5.065642         6.473522e-03      
   0.962797       5.317541         3.131132e-03      
   0.962797       5.594194         1.293619e-03      
   0.962797       5.894856         4.574836e-04      
   0.962797       6.218716         1.448726e-04      
   0.962797       6.564900         4.432068e-05      
   0.962797       6.932477         1.295801e-05      
   0.962797       7.320454         3.069580e-06      
   0.962797       7.727785         4.514952e-07      
   0.962797       8.153374         1.348827e-08      
   0.962797       8.596072         -7.638466e-09     
   0.962797       9.054685         -1.021833e-09     
   0.962797       9.527979         5.862333e-11      
   0.962797       10.014676        2.122613e-11      
   0.962797       10.513464        8.261703e-13      
   0.962797       11.023000        -1.268983e-13     
   0.962797       11.541909        -1.000549e-14     
   0.962797       12.068793        1.647549e-16      
   0.962797       12.602230        2.854423e-17      
   0.962797       13.140784        1.487577e-19      
   0.962797       13.683002        -2.892968e-20     
   0.962797       14.227422        -2.784307e-22     
   0.962797       14.772578        1.245637e-23      
   0.962797       15.316998        1.327957e-25      
   0.962797       15.859216        -2.764261e-27     
   0.962797       16.397770        -2.822615e-29     
   0.962797       16.931207        3.889433e-31      
   0.962797       17.458091        3.815538e-33      
   0.962797       17.977000        -5.863464e-35     
   0.962797       18.486536        -5.078153e-37     
   0.962797       18.985324        1.429870e-38      
   0.962797       19.472021        -9.319319e-38     
   0.962797       19.945315        -1.143412e-35     
   0.962797       20.403928        -1.294825e-33     
   0.962797       20.846626        -1.318179e-31     
   0.962797       21.272215        -1.176411e-29     
   0.962797       21.679546        -8.978299e-28     
   0.962797       22.067523        -5.720834e-26     
   0.962797       22.435100        -2.971358e-24     
   0.962797       22.781284        -1.231167e-22     
   0.962797       23.105144        -3.976487e-21     
   0.962797       23.405806        -9.826009e-20     
   0.962797       23.682459        -1.831907e-18     
   0.962797       23.934358        -2.492457e-17     
   0.962797       24.160824        -2.507554e-16     
   0.962797       24.361246        -1.878227e-15     
   0.962797       24.535084        -9.524660e-15     
   0.962797       24.681869        -3.195569e-14     
   0.962797       24.801206        -7.883316e-14     
   0.962797       24.892773        -1.703958e-13     
   0.962797       24.956326        -3.453893e-13     
   0.962797       24.991706        -2.112565e-12     
   1.052948       0.001580         -4.979133e-04     
   1.052948       0.008319         -2.621999e-03     
   1.052948       0.020424         -6.438138e-03     
   1.052948       0.037866         -1.193213e-02     
   1.052948       0.060596         -1.906089e-02     
   1.052948       0.088555         -2.778500e-02     
   1.052948       0.121667         -3.802913e-02     
   1.052948       0.159843         -4.966800e-02     
   1.052948       0.202979         -6.252668e-02     
   1.052948       0.250960         -7.637104e-02     
   1.052948       0.303656         -9.089226e-02     
   1.052948       0.360925         -1.056919e-01     
   1.052948       0.422613         -1.202666e-01     
   1.052948       0.488552         -1.339949e-01     
   1.052948       0.558567         -1.461359e-01     
   1.052948       0.632467         -1.558432e-01     
   1.052948       0.710054         -1.621984e-01     
   1.052948       0.791119         -1.642618e-01     
   1.052948       0.875442         -1.611526e-01     
   1.052948       0.962797         -1.521809e-01     
   1.052948       1.052948         -1.370281e-01     
   1.052948       1.145653         -1.159156e-01     
   1.052948       1.240660         -8.965462e-02     
   1.052948       1.337714         -5.952484e-02     
   1.052948       1.436554         -2.704425e-02     
   1.052948       1.536913         6.252897e-03      
   1.052948       1.638520         3.896733e-02      
   1.052948       1.741102         6.992507e-02      
   1.052948       1.844381         9.822162e-02      
   1.052948       1.948080         1.232199e-01      
   1.052948       2.051920         1.445184e-01      
   1.052948       2.155619         1.619181e-01      
   1.052948       2.258898         1.753954e-01      
   1.052948       2.361480         1.850704e-01      
   1.052948       2.463087         1.911746e-01      
   1.052948       2.563446         1.940239e-01      
   1.052948       2.662286         1.939948e-01      
   1.052948       2.759340         1.914999e-01      
   1.052948       2.854347         1.869649e-01      
   1.052948       2.947052         1.808109e-01      
   1.052948       3.037203         1.734406e-01      
   1.052948       3.124558         1.652253e-01      
   1.052948       3.208881         1.564971e-01      
   1.052948       3.289946         1.475435e-01      
   1.052948       3.367533         1.386062e-01      
   1.052948       3.441433         1.298815e-01      
   1.052948       3.511448         1.215230e-01      
   1.052948       3.577387         1.136451e-01      
   1.052948       3.639075         1.063283e-01      
   1.052948       3.696344         9.962460e-02      
   1.052948       3.749040         9.356274e-02      
   1.052948       3.797021         8.815354e-02      
   1.052948       3.840157         8.339456e-02      
   1.052948       3.878333         7.927423e-02      
   1.052948       3.911445         7.577546e-02      
   1.052948       3.939404         7.287862e-02      
   1.052948       3.962134         7.056389e-02      
   1.052948       3.979576         6.881312e-02      
   1.052948       3.991681         6.761119e-02      
   1.052948       3.998420         6.694681e-02      
   1.052948       4.008294         6.597964e-02      
   1.052948       4.043674         6.257539e-02      
   1.052948       4.107227         5.670975e-02      
   1.052948       4.198794         4.884467e-02      
   1.052948       4.318131         3.966749e-02      
   1.052948       4.464916         3.005299e-02      
   1.052948       4.638754         2.095456e-02      
   1.052948       4.839176         1.322383e-02      
   1.052948       5.065642         7.406013e-03      
   1.052948       5.317541         3.603760e-03      
   1.052948       5.594194         1.496924e-03      
   1.052948       5.894856         5.306032e-04      
   1.052948       6.218716         1.672278e-04      
   1.052948       6.564900         5.057245e-05      
   1.052948       6.932477         1.466891e-05      
   1.052948       7.320454         3.487033e-06      
   1.052948       7.727785         5.227897e-07      
   1.052948       8.153374         1.865869e-08      
   1.052948       8.596072         -8.232620e-09     
   1.052948       9.054685         -1.160191e-09     
   1.052948       9.527979         5.949150e-11      
   1.052948       10.014676        2.345298e-11      
   1.052948       10.513464        9.581632e-13      
   1.052948       11.023000        -1.387323e-13     
   1.052948       11.541909        -1.125470e-14     
   1.052948       12.068793        1.724831e-16      
   1.052948       12.602230        3.191418e-17      
   1.052948       13.140784        1.850226e-19      
   1.052948       13.683002        -3.222729e-20     
   1.052948       14.227422        -3.246328e-22     
   1.052948       14.772578        1.383764e-23      
   1.052948       15.316998        1.533806e-25      
   1.052948       15.859216        -3.070477e-27     
   1.052948       16.397770        -3.253345e-29     
   1.052948       16.931207        4.339356e-31      
   1.052948       17.458091        4.389193e-33      
   1.052948       17.977000        -6.613027e-35     
   1.052948       18.486536        -5.820729e-37     
   1.052948       18.985324        2.171003e-38      
   1.052948       19.472021        6.064296e-37      
   1.052948       19.945315        7.495989e-35      
   1.052948       20.403928        8.538476e-33      
   1.052948       20.846626        8.738103e-31      
   1.052948       21.272215        7.835363e-29      
   1.052948       21.679546        6.005811e-27      
   1.052948       22.067523        3.841986e-25      
   1.052948       22.435100        2.002728e-23      
   1.052948       22.781284        8.325829e-22      
   1.052948       23.105144        2.696988e-20      
   1.052948       23.405806        6.682766e-19      
   1.052948       23.682459        1.248748e-17      
   1.052948       23.934358        1.701753e-16      
   1.052948       24.160824        1.716389e-15      
   1.052948       24.361246        1.287191e-14      
   1.052948       24.535084        6.515972e-14      
   1.052948       24.681869        2.183042e-13      
   1.052948       24.801206        5.407970e-13      
   1.052948       24.892773        1.182925e-12      
   1.052948       24.956326        2.898482e-12      
   1.052948       24.991706        1.263711e-11      
   1.145653       0.001580         -3.941301e-04     
   1.145653       0.008319         -2.075477e-03     
   1.145653       0.020424         -5.096094e-03     
   1.145653       0.037866         -9.447119e-03     
   1.145653       0.060596         -1.509179e-02     
   1.145653       0.088555         -2.200384e-02     
   1.145653       0.121667         -3.013088e-02     
   1.145653       0.159843         -3.938068e-02     
   1.145653       0.202979         -4.962488e-02     
   1.145653       0.250960         -6.069219e-02     
   1.145653       0.303656         -7.235596e-02     
   1.145653       0.360925         -8.432339e-02     
   1.145653       0.422613         -9.622433e-02     
   1.145653       0.488552         -1.075996e-01     
   1.145653       0.558567         -1.178916e-01     
   1.145653       0.632467         -1.264418e-01     
   1.145653       0.710054         -1.325010e-01     
   1.145653       0.791119         -1.352569e-01     
   1.145653       0.875442         -1.338840e-01     
   1.145653       0.962797         -1.276244e-01     
   1.145653       1.052948         -1.159156e-01     
   1.145653       1.145653         -9.855841e-02     
   1.145653       1.240660         -7.586866e-02     
   1.145653       1.337714         -4.871712e-02     
   1.145653       1.436554         -1.840387e-02     
   1.145653       1.536913         1.357417e-02      
   1.145653       1.638520         4.574243e-02      
   1.145653       1.741102         7.678797e-02      
   1.145653       1.844381         1.056349e-01      
   1.145653       1.948080         1.314805e-01      
   1.145653       2.051920         1.537892e-01      
   1.145653       2.155619         1.722565e-01      
   1.145653       2.258898         1.867718e-01      
   1.145653       2.361480         1.973907e-01      
   1.145653       2.463087         2.043040e-01      
   1.145653       2.563446         2.078022e-01      
   1.145653       2.662286         2.082466e-01      
   1.145653       2.759340         2.060466e-01      
   1.145653       2.854347         2.016362e-01      
   1.145653       2.947052         1.954505e-01      
   1.145653       3.037203         1.879093e-01      
   1.145653       3.124558         1.794049e-01      
   1.145653       3.208881         1.702922e-01      
   1.145653       3.289946         1.608821e-01      
   1.145653       3.367533         1.514378e-01      
   1.145653       3.441433         1.421751e-01      
   1.145653       3.511448         1.332653e-01      
   1.145653       3.577387         1.248383e-01      
   1.145653       3.639075         1.169874e-01      
   1.145653       3.696344         1.097747e-01      
   1.145653       3.749040         1.032367e-01      
   1.145653       3.797021         9.739004e-02      
   1.145653       3.840157         9.223630e-02      
   1.145653       3.878333         8.776674e-02      
   1.145653       3.911445         8.396599e-02      
   1.145653       3.939404         8.081533e-02      
   1.145653       3.962134         7.829530e-02      
   1.145653       3.979576         7.638779e-02      
   1.145653       3.991681         7.507751e-02      
   1.145653       3.998420         7.435298e-02      
   1.145653       4.008294         7.329792e-02      
   1.145653       4.043674         6.958117e-02      
   1.145653       4.107227         6.316535e-02      
   1.145653       4.198794         5.453817e-02      
   1.145653       4.318131         4.443366e-02      
   1.145653       4.464916         3.379863e-02      
   1.145653       4.638754         2.367947e-02      
   1.145653       4.839176         1.502712e-02      
   1.145653       5.065642         8.469237e-03      
   1.145653       5.317541         4.148907e-03      
   1.145653       5.594194         1.733965e-03      
   1.145653       5.894856         6.164572e-04      
   1.145653       6.218716         1.934002e-04      
   1.145653       6.564900         5.776303e-05      
   1.145653       6.932477         1.659904e-05      
   1.145653       7.320454         3.958640e-06      
   1.145653       7.727785         6.056602e-07      
   1.145653       8.153374         2.535515e-08      
   1.145653       8.596072         -8.778885e-09     
   1.145653       9.054685         -1.314137e-09     
   1.145653       9.527979         5.879244e-11      
   1.145653       10.014676        2.578945e-11      
   1.145653       10.513464        1.110430e-12      
   1.145653       11.023000        -1.507521e-13     
   1.145653       11.541909        -1.263140e-14     
   1.145653       12.068793        1.777026e-16      
   1.145653       12.602230        3.558257e-17      
   1.145653       13.140784        2.297193e-19      
   1.145653       13.683002        -3.578421e-20     
   1.145653       14.227422        -3.787239e-22     
   1.145653       14.772578        1.531543e-23      
   1.145653       15.316998        1.772163e-25      
   1.145653       15.859216        -3.397845e-27     
   1.145653       16.397770        -3.751120e-29     
   1.145653       16.931207        4.826339e-31      
   1.145653       17.458091        5.050992e-33      
   1.145653       17.977000        -7.447104e-35     
   1.145653       18.486536        -6.674331e-37     
   1.145653       18.985324        2.387864e-38      
   1.145653       19.472021        5.864062e-37      
   1.145653       19.945315        7.248342e-35      
   1.145653       20.403928        8.256069e-33      
   1.145653       20.846626        8.448767e-31      
   1.145653       21.272215        7.575622e-29      
   1.145653       21.679546        5.806491e-27      
   1.145653       22.067523        3.714333e-25      
   1.145653       22.435100        1.936111e-23      
   1.145653       22.781284        8.048576e-22      
   1.145653       23.105144        2.607084e-20      
   1.145653       23.405806        6.459762e-19      
   1.145653       23.682459        1.207041e-17      
   1.145653       23.934358        1.644871e-16      
   1.145653       24.160824        1.658958e-15      
   1.145653       24.361246        1.244102e-14      
   1.145653       24.535084        6.297917e-14      
   1.145653       24.681869        2.109958e-13      
   1.145653       24.801206        5.226320e-13      
   1.145653       24.892773        1.143280e-12      
   1.145653       24.956326        2.797402e-12      
   1.145653       24.991706        1.222763e-11      
   1.240660       0.001580         -2.928729e-04     
   1.240660       0.008319         -1.542264e-03     
   1.240660       0.020424         -3.786706e-03     
   1.240660       0.037866         -7.022034e-03     
   1.240660       0.060596         -1.121763e-02     
   1.240660       0.088555         -1.635825e-02     
   1.240660       0.121667         -2.241143e-02     
   1.240660       0.159843         -2.931297e-02     
   1.240660       0.202979         -3.697321e-02     
   1.240660       0.250960         -4.527202e-02     
   1.240660       0.303656         -5.404835e-02     
   1.240660       0.360925         -6.309286e-02     
   1.240660       0.422613         -7.214204e-02     
   1.240660       0.488552         -8.087112e-02     
   1.240660       0.558567         -8.888389e-02     
   1.240660       0.632467         -9.569989e-02     
   1.240660       0.710054         -1.007467e-01     
   1.240660       0.791119         -1.033685e-01     
   1.240660       0.875442         -1.028564e-01     
   1.240660       0.962797         -9.849877e-02     
   1.240660       1.052948         -8.965462e-02     
   1.240660       1.145653         -7.586866e-02     
   1.240660       1.240660         -5.703198e-02     
   1.240660       1.337714         -3.352869e-02     
   1.240660       1.436554         -6.263903e-03     
   1.240660       1.536913         2.347353e-02      
   1.240660       1.638520         5.424027e-02      
   1.240660       1.741102         8.464223e-02      
   1.240660       1.844381         1.134633e-01      
   1.240660       1.948080         1.397356e-01      
   1.240660       2.051920         1.627655e-01      
   1.240660       2.155619         1.821177e-01      
   1.240660       2.258898         1.975788e-01      
   1.240660       2.361480         2.091222e-01      
   1.240660       2.463087         2.168767e-01      
   1.240660       2.563446         2.210919e-01      
   1.240660       2.662286         2.221045e-01      
   1.240660       2.759340         2.203106e-01      
   1.240660       2.854347         2.161414e-01      
   1.240660       2.947052         2.100391e-01      
   1.240660       3.037203         2.024374e-01      
   1.240660       3.124558         1.937459e-01      
   1.240660       3.208881         1.843396e-01      
   1.240660       3.289946         1.745508e-01      
   1.240660       3.367533         1.646645e-01      
   1.240660       3.441433         1.549172e-01      
   1.240660       3.511448         1.454984e-01      
   1.240660       3.577387         1.365544e-01      
   1.240660       3.639075         1.281925e-01      
   1.240660       3.696344         1.204865e-01      
   1.240660       3.749040         1.134822e-01      
   1.240660       3.797021         1.072033e-01      
   1.240660       3.840157         1.016568e-01      
   1.240660       3.878333         9.683771e-02      
   1.240660       3.911445         9.273315e-02      
   1.240660       3.939404         8.932605e-02      
   1.240660       3.962134         8.659788e-02      
   1.240660       3.979576         8.453101e-02      
   1.240660       3.991681         8.311037e-02      
   1.240660       3.998420         8.232450e-02      
   1.240660       4.008294         8.117970e-02      
   1.240660       4.043674         7.714297e-02      
   1.240660       4.107227         7.016045e-02      
   1.240660       4.198794         6.074157e-02      
   1.240660       4.318131         4.966356e-02      
   1.240660       4.464916         3.794360e-02      
   1.240660       4.638754         2.672427e-02      
   1.240660       4.839176         1.706416e-02      
   1.240660       5.065642         9.684466e-03      
   1.240660       5.317541         4.779670e-03      
   1.240660       5.594194         2.011466e-03      
   1.240660       5.894856         7.178029e-04      
   1.240660       6.218716         2.242601e-04      
   1.240660       6.564900         6.610121e-05      
   1.240660       6.932477         1.879035e-05      
   1.240660       7.320454         4.493596e-06      
   1.240660       7.727785         7.022648e-07      
   1.240660       8.153374         3.394647e-08      
   1.240660       8.596072         -9.247618e-09     
   1.240660       9.054685         -1.484938e-09     
   1.240660       9.527979         5.610909e-11      
   1.240660       10.014676        2.822583e-11      
   1.240660       10.513464        1.285927e-12      
   1.240660       11.023000        -1.628300e-13     
   1.240660       11.541909        -1.414971e-14     
   1.240660       12.068793        1.796431e-16      
   1.240660       12.602230        3.957764e-17      
   1.240660       13.140784        2.845797e-19      
   1.240660       13.683002        -3.961912e-20     
   1.240660       14.227422        -4.421651e-22     
   1.240660       14.772578        1.689381e-23      
   1.240660       15.316998        2.048928e-25      
   1.240660       15.859216        -3.747119e-27     
   1.240660       16.397770        -4.328235e-29     
   1.240660       16.931207        5.353267e-31      
   1.240660       17.458091        5.817335e-33      
   1.240660       17.977000        -8.377919e-35     
   1.240660       18.486536        -7.659459e-37     
   1.240660       18.985324        2.424537e-38      
   1.240660       19.472021        2.896335e-37      
   1.240660       19.945315        3.582046e-35      
   1.240660       20.403928        4.081540e-33      
   1.240660       20.846626        4.178239e-31      
   1.240660       21.272215        3.747645e-29      
   1.240660       21.679546        2.873331e-27      
   1.240660       22.067523        1.838554e-25      
   1.240660       22.435100        9.586088e-24      
   1.240660       22.781284        3.986017e-22      
   1.240660       23.105144        1.291445e-20      
   1.240660       23.405806        3.200607e-19      
   1.240660       23.682459        5.981721e-18      
   1.240660       23.934358        8.152916e-17      
   1.240660       24.160824        8.224220e-16      
   1.240660       24.361246        6.168619e-15      
   1.240660       24.535084        3.123031e-14      
   1.240660       24.681869        1.046374e-13      
   1.240660       24.801206        2.592128e-13      
   1.240660       24.892773        5.671011e-13      
   1.240660       24.956326        1.389050e-12      
   1.240660       24.991706        6.063034e-12      
   1.337714       0.001580         -1.969950e-04     
   1.337714       0.008319         -1.037375e-03     
   1.337714       0.020424         -2.546828e-03     
   1.337714       0.037866         -4.724761e-03     
   1.337714       0.060596         -7.545788e-03     
   1.337714       0.088555         -1.100201e-02     
   1.337714       0.121667         -1.507562e-02     
   1.337714       0.159843         -1.972336e-02     
   1.337714       0.202979         -2.488589e-02     
   1.337714       0.250960         -3.048588e-02     
   1.337714       0.303656         -3.641954e-02     
   1.337714       0.360925         -4.255039e-02     
   1.337714       0.422613         -4.870365e-02     
   1.337714       0.488552         -5.466002e-02     
   1.337714       0.558567         -6.014812e-02     
   1.337714       0.632467         -6.483476e-02     
   1.337714       0.710054         -6.831421e-02     
   1.337714       0.791119         -7.010155e-02     
   1.337714       0.875442         -6.963840e-02     
   1.337714       0.962797         -6.631694e-02     
   1.337714       1.052948         -5.952484e-02     
   1.337714       1.145653         -4.871712e-02     
   1.337714       1.240660         -3.352869e-02     
   1.337714       1.337714         -1.392429e-02     
   1.337714       1.436554         9.669903e-03      
   1.337714       1.536913         3.634686e-02      
   1.337714       1.638520         6.485484e-02      
   1.337714       1.741102         9.382106e-02      
   1.337714       1.844381         1.219479e-01      
   1.337714       1.948080         1.481294e-01      
   1.337714       2.051920         1.715091e-01      
   1.337714       2.155619         1.914986e-01      
   1.337714       2.258898         2.077605e-01      
   1.337714       2.361480         2.201687e-01      
   1.337714       2.463087         2.287707e-01      
   1.337714       2.563446         2.337564e-01      
   1.337714       2.662286         2.354241e-01      
   1.337714       2.759340         2.341461e-01      
   1.337714       2.854347         2.303400e-01      
   1.337714       2.947052         2.244462e-01      
   1.337714       3.037203         2.169061e-01      
   1.337714       3.124558         2.081430e-01      
   1.337714       3.208881         1.985484e-01      
   1.337714       3.289946         1.884739e-01      
   1.337714       3.367533         1.782252e-01      
   1.337714       3.441433         1.680598e-01      
   1.337714       3.511448         1.581865e-01      
   1.337714       3.577387         1.487688e-01      
   1.337714       3.639075         1.399291e-01      
   1.337714       3.696344         1.317542e-01      
   1.337714       3.749040         1.243008e-01      
   1.337714       3.797021         1.176013e-01      
   1.337714       3.840157         1.116691e-01      
   1.337714       3.878333         1.065043e-01      
   1.337714       3.911445         1.020974e-01      
   1.337714       3.939404         9.843388e-02      
   1.337714       3.962134         9.549675e-02      
   1.337714       3.979576         9.326941e-02      
   1.337714       3.991681         9.173738e-02      
   1.337714       3.998420         9.088951e-02      
   1.337714       4.008294         8.965390e-02      
   1.337714       4.043674         8.529235e-02      
   1.337714       4.107227         7.773061e-02      
   1.337714       4.198794         6.749461e-02      
   1.337714       4.318131         5.539972e-02      
   1.337714       4.464916         4.253073e-02      
   1.337714       4.638754         3.012858e-02      
   1.337714       4.839176         1.936792e-02      
   1.337714       5.065642         1.107593e-02      
   1.337714       5.317541         5.511328e-03      
   1.337714       5.594194         2.337425e-03      
   1.337714       5.894856         8.379974e-04      
   1.337714       6.218716         2.608923e-04      
   1.337714       6.564900         7.585086e-05      
   1.337714       6.932477         2.129514e-05      
   1.337714       7.320454         5.102854e-06      
   1.337714       7.727785         8.151387e-07      
   1.337714       8.153374         4.487786e-08      
   1.337714       8.596072         -9.599928e-09     
   1.337714       9.054685         -1.673571e-09     
   1.337714       9.527979         5.096026e-11      
   1.337714       10.014676        3.074617e-11      
   1.337714       10.513464        1.487775e-12      
   1.337714       11.023000        -1.748051e-13     
   1.337714       11.541909        -1.582442e-14     
   1.337714       12.068793        1.774007e-16      
   1.337714       12.602230        4.392872e-17      
   1.337714       13.140784        3.516096e-19      
   1.337714       13.683002        -4.375005e-20     
   1.337714       14.227422        -5.166459e-22     
   1.337714       14.772578        1.857561e-23      
   1.337714       15.316998        2.370956e-25      
   1.337714       15.859216        -4.118713e-27     
   1.337714       16.397770        -4.999088e-29     
   1.337714       16.931207        5.922920e-31      
   1.337714       17.458091        6.707599e-33      
   1.337714       17.977000        -9.419475e-35     
   1.337714       18.486536        -8.800630e-37     
   1.337714       18.985324        2.596690e-38      
   1.337714       19.472021        1.210402e-37      
   1.337714       19.945315        1.498777e-35      
   1.337714       20.403928        1.708889e-33      
   1.337714       20.846626        1.750468e-31      
   1.337714       21.272215        1.571001e-29      
   1.337714       21.679546        1.205166e-27      
   1.337714       22.067523        7.715568e-26      
   1.337714       22.435100        4.024854e-24      
   1.337714       22.781284        1.674377e-22      
   1.337714       23.105144        5.427274e-21      
   1.337714       23.405806        1.345610e-19      
   1.337714       23.682459        2.515838e-18      
   1.337714       23.934358        3.430199e-17      
   1.337714       24.160824        3.461394e-16      
   1.337714       24.361246        2.597077e-15      
   1.337714       24.535084        1.315146e-14      
   1.337714       24.681869        4.407207e-14      
   1.337714       24.801206        1.092028e-13      
   1.337714       24.892773        2.389170e-13      
   1.337714       24.956326        5.856459e-13      
   1.337714       24.991706        2.555782e-12      
   1.436554       0.001580         -1.077217e-04     
   1.436554       0.008319         -5.672611e-04     
   1.436554       0.020424         -1.392405e-03     
   1.436554       0.037866         -2.585180e-03     
   1.436554       0.060596         -4.125247e-03     
   1.436554       0.088555         -6.009762e-03     
   1.436554       0.121667         -8.232441e-03     
   1.436554       0.159843         -1.076617e-02     
   1.436554       0.202979         -1.357530e-02     
   1.436554       0.250960         -1.661678e-02     
   1.436554       0.303656         -1.983369e-02     
   1.436554       0.360925         -2.314994e-02     
   1.436554       0.422613         -2.646393e-02     
   1.436554       0.488552         -2.964116e-02     
   1.436554       0.558567         -3.250834e-02     
   1.436554       0.632467         -3.484878e-02     
   1.436554       0.710054         -3.639623e-02     
   1.436554       0.791119         -3.682364e-02     
   1.436554       0.875442         -3.573092e-02     
   1.436554       0.962797         -3.264510e-02     
   1.436554       1.052948         -2.704425e-02     
   1.436554       1.145653         -1.840387e-02     
   1.436554       1.240660         -6.263903e-03     
   1.436554       1.337714         9.669903e-03      
   1.436554       1.436554         2.938463e-02      
   1.436554       1.536913         5.243432e-02      
   1.436554       1.638520         7.792850e-02      
   1.436554       1.741102         1.046730e-01      
   1.436554       1.844381         1.313849e-01      
   1.436554       1.948080         1.568725e-01      
   1.436554       2.051920         1.801416e-01      
   1.436554       2.155619         2.004473e-01      
   1.436554       2.258898         2.173054e-01      
   1.436554       2.361480         2.304685e-01      
   1.436554       2.463087         2.398872e-01      
   1.436554       2.563446         2.456742e-01      
   1.436554       2.662286         2.480704e-01      
   1.436554       2.759340         2.474103e-01      
   1.436554       2.854347         2.440886e-01      
   1.436554       2.947052         2.385344e-01      
   1.436554       3.037203         2.311877e-01      
   1.436554       3.124558         2.224792e-01      
   1.436554       3.208881         2.128142e-01      
   1.436554       3.289946         2.025611e-01      
   1.436554       3.367533         1.920445e-01      
   1.436554       3.441433         1.815415e-01      
   1.436554       3.511448         1.712807e-01      
   1.436554       3.577387         1.614441e-01      
   1.436554       3.639075         1.521705e-01      
   1.436554       3.696344         1.435609e-01      
   1.436554       3.749040         1.356842e-01      
   1.436554       3.797021         1.285827e-01      
   1.436554       3.840157         1.222779e-01      
   1.436554       3.878333         1.167760e-01      
   1.436554       3.911445         1.120722e-01      
   1.436554       3.939404         1.081553e-01      
   1.436554       3.962134         1.050108e-01      
   1.436554       3.979576         1.026236e-01      
   1.436554       3.991681         1.009804e-01      
   1.436554       3.998420         1.000705e-01      
   1.436554       4.008294         9.874399e-02      
   1.436554       4.043674         9.405601e-02      
   1.436554       4.107227         8.590779e-02      
   1.436554       4.198794         7.483506e-02      
   1.436554       4.318131         6.168433e-02      
   1.436554       4.464916         4.760414e-02      
   1.436554       4.638754         3.393473e-02      
   1.436554       4.839176         2.197461e-02      
   1.436554       5.065642         1.267095e-02      
   1.436554       5.317541         6.361538e-03      
   1.436554       5.594194         2.721313e-03      
   1.436554       5.894856         9.811148e-04      
   1.436554       6.218716         3.046444e-04      
   1.436554       6.564900         8.734521e-05      
   1.436554       6.932477         2.417874e-05      
   1.436554       7.320454         5.799487e-06      
   1.436554       7.727785         9.472546e-07      
   1.436554       8.153374         5.868565e-08      
   1.436554       8.596072         -9.785183e-09     
   1.436554       9.054685         -1.880530e-09     
   1.436554       9.527979         4.279462e-11      
   1.436554       10.014676        3.332632e-11      
   1.436554       10.513464        1.719193e-12      
   1.436554       11.023000        -1.864766e-13     
   1.436554       11.541909        -1.767070e-14     
   1.436554       12.068793        1.699185e-16      
   1.436554       12.602230        4.866559e-17      
   1.436554       13.140784        4.331260e-19      
   1.436554       13.683002        -4.819339e-20     
   1.436554       14.227422        -6.041136e-22     
   1.436554       14.772578        2.036181e-23      
   1.436554       15.316998        2.746194e-25      
   1.436554       15.859216        -4.512539e-27     
   1.436554       16.397770        -5.780489e-29     
   1.436554       16.931207        6.537816e-31      
   1.436554       17.458091        7.744605e-33      
   1.436554       17.977000        -1.058774e-34     
   1.436554       18.486536        -1.012729e-36     
   1.436554       18.985324        2.891854e-38      
   1.436554       19.472021        5.580916e-38      
   1.436554       19.945315        6.922963e-36      
   1.436554       20.403928        7.897809e-34      
   1.436554       20.846626        8.094191e-32      
   1.436554       21.272215        7.267933e-30      
   1.436554       21.679546        5.578085e-28      
   1.436554       22.067523        3.572717e-26      
   1.436554       22.435100        1.864500e-24      
   1.436554       22.781284        7.759565e-23      
   1.436554       23.105144        2.516091e-21      
   1.436554       23.405806        6.240446e-20      
   1.436554       23.682459        1.167137e-18      
   1.436554       23.934358        1.591785e-17      
   1.436554       24.160824        1.606724e-16      
   1.436554       24.361246        1.205859e-15      
   1.436554       24.535084        6.107675e-15      
   1.436554       24.681869        2.047060e-14      
   1.436554       24.801206        5.073016e-14      
   1.436554       24.892773        1.109964e-13      
   1.436554       24.956326        2.721219e-13      
   1.436554       24.991706        1.188479e-12      
   1.536913       0.001580         -2.563048e-05     
   1.536913       0.008319         -1.349697e-04     
   1.536913       0.020424         -3.310070e-04     
   1.536913       0.037866         -6.177705e-04     
   1.536913       0.060596         -9.806017e-04     
   1.536913       0.088555         -1.421283e-03     
   1.536913       0.121667         -1.944541e-03     
   1.536913       0.159843         -2.537893e-03     
   1.536913       0.202979         -3.185248e-03     
   1.536913       0.250960         -3.869450e-03     
   1.536913       0.303656         -4.567027e-03     
   1.536913       0.360925         -5.245007e-03     
   1.536913       0.422613         -5.857310e-03     
   1.536913       0.488552         -6.339460e-03     
   1.536913       0.558567         -6.602592e-03     
   1.536913       0.632467         -6.527038e-03     
   1.536913       0.710054         -5.955736e-03     
   1.536913       0.791119         -4.685782e-03     
   1.536913       0.875442         -2.457273e-03     
   1.536913       0.962797         1.057188e-03      
   1.536913       1.052948         6.252897e-03      
   1.536913       1.145653         1.357417e-02      
   1.536913       1.240660         2.347353e-02      
   1.536913       1.337714         3.634686e-02      
   1.536913       1.436554         5.243432e-02      
   1.536913       1.536913         7.168853e-02      
   1.536913       1.638520         9.366210e-02      
   1.536913       1.741102         1.175023e-01      
   1.536913       1.844381         1.420869e-01      
   1.536913       1.948080         1.662300e-01      
   1.536913       2.051920         1.888513e-01      
   1.536913       2.155619         2.090710e-01      
   1.536913       2.258898         2.262514e-01      
   1.536913       2.361480         2.400033e-01      
   1.536913       2.463087         2.501620e-01      
   1.536913       2.563446         2.567464e-01      
   1.536913       2.662286         2.599222e-01      
   1.536913       2.759340         2.599689e-01      
   1.536913       2.854347         2.572463e-01      
   1.536913       2.947052         2.521620e-01      
   1.536913       3.037203         2.451455e-01      
   1.536913       3.124558         2.366272e-01      
   1.536913       3.208881         2.270207e-01      
   1.536913       3.289946         2.167083e-01      
   1.536913       3.367533         2.060312e-01      
   1.536913       3.441433         1.952848e-01      
   1.536913       3.511448         1.847170e-01      
   1.536913       3.577387         1.745286e-01      
   1.536913       3.639075         1.648761e-01      
   1.536913       3.696344         1.558761e-01      
   1.536913       3.749040         1.476108e-01      
   1.536913       3.797021         1.401340e-01      
   1.536913       3.840157         1.334764e-01      
   1.536913       3.878333         1.276517e-01      
   1.536913       3.911445         1.226611e-01      
   1.536913       3.939404         1.184978e-01      
   1.536913       3.962134         1.151504e-01      
   1.536913       3.979576         1.126062e-01      
   1.536913       3.991681         1.108534e-01      
   1.536913       3.998420         1.098823e-01      
   1.536913       4.008294         1.084659e-01      
   1.536913       4.043674         1.034538e-01      
   1.536913       4.107227         9.471807e-02      
   1.536913       4.198794         8.279642e-02      
   1.536913       4.318131         6.855776e-02      
   1.536913       4.464916         5.320818e-02      
   1.536913       4.638754         3.818684e-02      
   1.536913       4.839176         2.492341e-02      
   1.536913       5.065642         1.449997e-02      
   1.536913       5.317541         7.350516e-03      
   1.536913       5.594194         3.174284e-03      
   1.536913       5.894856         1.152080e-03      
   1.536913       6.218716         3.571844e-04      
   1.536913       6.564900         1.010043e-04      
   1.536913       6.932477         2.752307e-05      
   1.536913       7.320454         6.599178e-06      
   1.536913       7.727785         1.102099e-06      
   1.536913       8.153374         7.601491e-08      
   1.536913       8.596072         -9.738055e-09     
   1.536913       9.054685         -2.105608e-09     
   1.536913       9.527979         3.098438e-11      
   1.536913       10.014676        3.593184e-11      
   1.536913       10.513464        1.983449e-12      
   1.536913       11.023000        -1.975957e-13     
   1.536913       11.541909        -1.970383e-14     
   1.536913       12.068793        1.559609e-16      
   1.536913       12.602230        5.381781e-17      
   1.536913       13.140784        5.318029e-19      
   1.536913       13.683002        -5.296287e-20     
   1.536913       14.227422        -7.068089e-22     
   1.536913       14.772578        2.225091e-23      
   1.536913       15.316998        3.183824e-25      
   1.536913       15.859216        -4.927845e-27     
   1.536913       16.397770        -6.692001e-29     
   1.536913       16.931207        7.200053e-31      
   1.536913       17.458091        8.955143e-33      
   1.536913       17.977000        -1.190087e-34     
   1.536913       18.486536        -1.167440e-36     
   1.536913       18.985324        3.259355e-38      
   1.536913       19.472021        1.767241e-38      
   1.536913       19.945315        2.205477e-36      
   1.536913       20.403928        2.517753e-34      
   1.536913       20.846626        2.582055e-32      
   1.536913       21.272215        2.319938e-30      
   1.536913       21.679546        1.781607e-28      
   1.536913       22.067523        1.141759e-26      
   1.536913       22.435100        5.961762e-25      
   1.536913       22.781284        2.482420e-23      
   1.536913       23.105144        8.053352e-22      
   1.536913       23.405806        1.998333e-20      
   1.536913       23.682459        3.739106e-19      
   1.536913       23.934358        5.101529e-18      
   1.536913       24.160824        5.151421e-17      
   1.536913       24.361246        3.867731e-16      
   1.536913       24.535084        1.959590e-15      
   1.536913       24.681869        6.569035e-15      
   1.536913       24.801206        1.628172e-14      
   1.536913       24.892773        3.562838e-14      
   1.536913       24.956326        8.735882e-14      
   1.536913       24.991706        3.821477e-13      
   1.638520       0.001580         4.807987e-05      
   1.638520       0.008319         2.531883e-04      
   1.638520       0.020424         6.219276e-04      
   1.638520       0.037866         1.148974e-03      
   1.638520       0.060596         1.843242e-03      
   1.638520       0.088555         2.699419e-03      
   1.638520       0.121667         3.703325e-03      
   1.638520       0.159843         4.855142e-03      
   1.638520       0.202979         6.155165e-03      
   1.638520       0.250960         7.600470e-03      
   1.638520       0.303656         9.189573e-03      
   1.638520       0.360925         1.092390e-02      
   1.638520       0.422613         1.280838e-02      
   1.638520       0.488552         1.485364e-02      
   1.638520       0.558567         1.708097e-02      
   1.638520       0.632467         1.953104e-02      
   1.638520       0.710054         2.227348e-02      
   1.638520       0.791119         2.541414e-02      
   1.638520       0.875442         2.910049e-02      
   1.638520       0.962797         3.353075e-02      
   1.638520       1.052948         3.896733e-02      
   1.638520       1.145653         4.574243e-02      
   1.638520       1.240660         5.424027e-02      
   1.638520       1.337714         6.485484e-02      
   1.638520       1.436554         7.792850e-02      
   1.638520       1.536913         9.366210e-02      
   1.638520       1.638520         1.119915e-01      
   1.638520       1.741102         1.324816e-01      
   1.638520       1.844381         1.543268e-01      
   1.638520       1.948080         1.764871e-01      
   1.638520       2.051920         1.978811e-01      
   1.638520       2.155619         2.175400e-01      
   1.638520       2.258898         2.346931e-01      
   1.638520       2.361480         2.488046e-01      
   1.638520       2.463087         2.595735e-01      
   1.638520       2.563446         2.669066e-01      
   1.638520       2.662286         2.708799e-01      
   1.638520       2.759340         2.717018e-01      
   1.638520       2.854347         2.696802e-01      
   1.638520       2.947052         2.651890e-01      
   1.638520       3.037203         2.586385e-01      
   1.638520       3.124558         2.504507e-01      
   1.638520       3.208881         2.410402e-01      
   1.638520       3.289946         2.307978e-01      
   1.638520       3.367533         2.200789e-01      
   1.638520       3.441433         2.091957e-01      
   1.638520       3.511448         1.984143e-01      
   1.638520       3.577387         1.879541e-01      
   1.638520       3.639075         1.779894e-01      
   1.638520       3.696344         1.686537e-01      
   1.638520       3.749040         1.600440e-01      
   1.638520       3.797021         1.522268e-01      
   1.638520       3.840157         1.452438e-01      
   1.638520       3.878333         1.391172e-01      
   1.638520       3.911445         1.338554e-01      
   1.638520       3.939404         1.294569e-01      
   1.638520       3.962134         1.259146e-01      
   1.638520       3.979576         1.232188e-01      
   1.638520       3.991681         1.213598e-01      
   1.638520       3.998420         1.203293e-01      
   1.638520       4.008294         1.188253e-01      
   1.638520       4.043674         1.134960e-01      
   1.638520       4.107227         1.041793e-01      
   1.638520       4.198794         9.140571e-02      
   1.638520       4.318131         7.605635e-02      
   1.638520       4.464916         5.938585e-02      
   1.638520       4.638754         4.292987e-02      
   1.638520       4.839176         2.825600e-02      
   1.638520       5.065642         1.659647e-02      
   1.638520       5.317541         8.501205e-03      
   1.638520       5.594194         3.709381e-03      
   1.638520       5.894856         1.356808e-03      
   1.638520       6.218716         4.205695e-04      
   1.638520       6.564900         1.173573e-04      
   1.638520       6.932477         3.143123e-05      
   1.638520       7.320454         7.520832e-06      
   1.638520       7.727785         1.283748e-06      
   1.638520       8.153374         9.763695e-08      
   1.638520       8.596072         -9.375090e-09     
   1.638520       9.054685         -2.347552e-09     
   1.638520       9.527979         1.482949e-11      
   1.638520       10.014676        3.851558e-11      
   1.638520       10.513464        2.283688e-12      
   1.638520       11.023000        -2.078611e-13     
   1.638520       11.541909        -2.193867e-14     
   1.638520       12.068793        1.341054e-16      
   1.638520       12.602230        5.941360e-17      
   1.638520       13.140784        6.506915e-19      
   1.638520       13.683002        -5.806806e-20     
   1.638520       14.227422        -8.272850e-22     
   1.638520       14.772578        2.423791e-23      
   1.638520       15.316998        3.694377e-25      
   1.638520       15.859216        -5.362957e-27     
   1.638520       16.397770        -7.756243e-29     
   1.638520       16.931207        7.911021e-31      
   1.638520       17.458091        1.037050e-32      
   1.638520       17.977000        -1.337937e-34     
   1.638520       18.486536        -1.348322e-36     
   1.638520       18.985324        3.697050e-38      
   1.638520       19.472021        -8.038475e-39     
   1.638520       19.945315        -9.763242e-37     
   1.638520       20.403928        -1.113446e-34     
   1.638520       20.846626        -1.140717e-32     
   1.638520       21.272215        -1.023869e-30     
   1.638520       21.679546        -7.854860e-29     
   1.638520       22.067523        -5.028809e-27     
   1.638520       22.435100        -2.623243e-25     
   1.638520       22.781284        -1.091236e-23     
   1.638520       23.105144        -3.536824e-22     
   1.638520       23.405806        -8.768157e-21     
   1.638520       23.682459        -1.639128e-19     
   1.638520       23.934358        -2.234589e-18     
   1.638520       24.160824        -2.254594e-17     
   1.638520       24.361246        -1.691209e-16     
   1.638520       24.535084        -8.562593e-16     
   1.638520       24.681869        -2.869369e-15     
   1.638520       24.801206        -7.110646e-15     
   1.638520       24.892773        -1.556057e-14     
   1.638520       24.956326        -3.815217e-14     
   1.638520       24.991706        -1.658697e-13     
   1.741102       0.001580         1.123504e-04      
   1.741102       0.008319         5.916377e-04      
   1.741102       0.020424         1.452800e-03      
   1.741102       0.037866         2.690008e-03      
   1.741102       0.060596         4.307155e-03      
   1.741102       0.088555         6.297456e-03      
   1.741102       0.121667         8.640453e-03      
   1.741102       0.159843         1.132795e-02      
   1.741102       0.202979         1.434877e-02      
   1.741102       0.250960         1.768382e-02      
   1.741102       0.303656         2.131006e-02      
   1.741102       0.360925         2.520172e-02      
   1.741102       0.422613         2.933123e-02      
   1.741102       0.488552         3.367109e-02      
   1.741102       0.558567         3.819681e-02      
   1.741102       0.632467         4.289212e-02      
   1.741102       0.710054         4.775627e-02      
   1.741102       0.791119         5.281299e-02      
   1.741102       0.875442         5.811914e-02      
   1.741102       0.962797         6.377315e-02      
   1.741102       1.052948         6.992507e-02      
   1.741102       1.145653         7.678797e-02      
   1.741102       1.240660         8.464223e-02      
   1.741102       1.337714         9.382106e-02      
   1.741102       1.436554         1.046730e-01      
   1.741102       1.536913         1.175023e-01      
   1.741102       1.638520         1.324816e-01      
   1.741102       1.741102         1.495376e-01      
   1.741102       1.844381         1.682576e-01      
   1.741102       1.948080         1.878939e-01      
   1.741102       2.051920         2.074929e-01      
   1.741102       2.155619         2.260770e-01      
   1.741102       2.258898         2.427872e-01      
   1.741102       2.361480         2.569582e-01      
   1.741102       2.463087         2.681468e-01      
   1.741102       2.563446         2.761297e-01      
   1.741102       2.662286         2.808763e-01      
   1.741102       2.759340         2.825096e-01      
   1.741102       2.854347         2.812698e-01      
   1.741102       2.947052         2.774823e-01      
   1.741102       3.037203         2.715267e-01      
   1.741102       3.124558         2.638084e-01      
   1.741102       3.208881         2.547350e-01      
   1.741102       3.289946         2.446997e-01      
   1.741102       3.367533         2.340672e-01      
   1.741102       3.441433         2.231644e-01      
   1.741102       3.511448         2.122743e-01      
   1.741102       3.577387         2.016339e-01      
   1.741102       3.639075         1.914356e-01      
   1.741102       3.696344         1.818301e-01      
   1.741102       3.749040         1.729303e-01      
   1.741102       3.797021         1.648169e-01      
   1.741102       3.840157         1.575435e-01      
   1.741102       3.878333         1.511428e-01      
   1.741102       3.911445         1.456310e-01      
   1.741102       3.939404         1.410134e-01      
   1.741102       3.962134         1.372880e-01      
   1.741102       3.979576         1.344489e-01      
   1.741102       3.991681         1.324890e-01      
   1.741102       3.998420         1.314018e-01      
   1.741102       4.008294         1.298144e-01      
   1.741102       4.043674         1.241804e-01      
   1.741102       4.107227         1.142982e-01      
   1.741102       4.198794         1.006812e-01      
   1.741102       4.318131         8.421002e-02      
   1.741102       4.464916         6.617675e-02      
   1.741102       4.638754         4.820839e-02      
   1.741102       4.839176         3.201572e-02      
   1.741102       5.065642         1.899675e-02      
   1.741102       5.317541         9.839363e-03      
   1.741102       5.594194         4.341687e-03      
   1.741102       5.894856         1.602354e-03      
   1.741102       6.218716         4.973254e-04      
   1.741102       6.564900         1.370697e-04      
   1.741102       6.932477         3.603347e-05      
   1.741102       7.320454         8.587357e-06      
   1.741102       7.727785         1.496957e-06      
   1.741102       8.153374         1.244676e-07      
   1.741102       8.596072         -8.590654e-09     
   1.741102       9.054685         -2.603586e-09     
   1.741102       9.527979         -6.429697e-12     
   1.741102       10.014676        4.101457e-11      
   1.741102       10.513464        2.622663e-12      
   1.741102       11.023000        -2.169153e-13     
   1.741102       11.541909        -2.438856e-14     
   1.741102       12.068793        1.027429e-16      
   1.741102       12.602230        6.547790e-17      
   1.741102       13.140784        7.932248e-19      
   1.741102       13.683002        -6.351209e-20     
   1.741102       14.227422        -9.684153e-22     
   1.741102       14.772578        2.631305e-23      
   1.741102       15.316998        4.289806e-25      
   1.741102       15.859216        -5.814927e-27     
   1.741102       16.397770        -8.999162e-29     
   1.741102       16.931207        8.670989e-31      
   1.741102       17.458091        1.202701e-32      
   1.741102       17.977000        -1.504620e-34     
   1.741102       18.486536        -1.560238e-36     
   1.741102       18.985324        4.212913e-38      
   1.741102       19.472021        -2.482197e-38     
   1.741102       19.945315        -3.054256e-36     
   1.741102       20.403928        -3.487084e-34     
   1.741102       20.846626        -3.576356e-32     
   1.741102       21.272215        -3.213368e-30     
   1.741102       21.679546        -2.467690e-28     
   1.741102       22.067523        -1.581379e-26     
   1.741102       22.435100        -8.256764e-25     
   1.741102       22.781284        -3.437752e-23     
   1.741102       23.105144        -1.115151e-21     
   1.741102       23.405806        -2.766794e-20     
   1.741102       23.682459        -5.176282e-19     
   1.741102       23.934358        -7.061527e-18     
   1.741102       24.160824        -7.129630e-17     
   1.741102       24.361246        -5.351882e-16     
   1.741102       24.535084        -2.711105e-15     
   1.741102       24.681869        -9.087999e-15     
   1.741102       24.801206        -2.252649e-14     
   1.741102       24.892773        -4.930380e-14     
   1.741102       24.956326        -1.209124e-13     
   1.741102       24.991706        -5.273748e-13     
   1.844381       0.001580         1.672236e-04      
   1.844381       0.008319         8.805991e-04      
   1.844381       0.020424         2.162148e-03      
   1.844381       0.037866         4.005975e-03      
   1.844381       0.060596         6.411414e-03      
   1.844381       0.088555         9.371153e-03      
   1.844381       0.121667         1.286022e-02      
   1.844381       0.159843         1.686439e-02      
   1.844381       0.202979         2.136430e-02      
   1.844381       0.250960         2.632911e-02      
   1.844381       0.303656         3.171956e-02      
   1.844381       0.360925         3.748925e-02      
   1.844381       0.422613         4.358600e-02      
   1.844381       0.488552         4.995444e-02      
   1.844381       0.558567         5.653793e-02      
   1.844381       0.632467         6.328035e-02      
   1.844381       0.710054         7.012959e-02      
   1.844381       0.791119         7.704573e-02      
   1.844381       0.875442         8.401310e-02      
   1.844381       0.962797         9.105125e-02      
   1.844381       1.052948         9.822162e-02      
   1.844381       1.145653         1.056349e-01      
   1.844381       1.240660         1.134633e-01      
   1.844381       1.337714         1.219479e-01      
   1.844381       1.436554         1.313849e-01      
   1.844381       1.536913         1.420869e-01      
   1.844381       1.638520         1.543268e-01      
   1.844381       1.741102         1.682576e-01      
   1.844381       1.844381         1.838065e-01      
   1.844381       1.948080         2.005886e-01      
   1.844381       2.051920         2.179163e-01      
   1.844381       2.155619         2.349249e-01      
   1.844381       2.258898         2.507404e-01      
   1.844381       2.361480         2.646079e-01      
   1.844381       2.463087         2.759591e-01      
   1.844381       2.563446         2.844357e-01      
   1.844381       2.662286         2.898834e-01      
   1.844381       2.759340         2.923232e-01      
   1.844381       2.854347         2.919148e-01      
   1.844381       2.947052         2.889211e-01      
   1.844381       3.037203         2.836769e-01      
   1.844381       3.124558         2.765595e-01      
   1.844381       3.208881         2.679622e-01      
   1.844381       3.289946         2.582739e-01      
   1.844381       3.367533         2.478631e-01      
   1.844381       3.441433         2.370667e-01      
   1.844381       3.511448         2.261822e-01      
   1.844381       3.577387         2.154635e-01      
   1.844381       3.639075         2.051209e-01      
   1.844381       3.696344         1.953223e-01      
   1.844381       3.749040         1.861971e-01      
   1.844381       3.797021         1.778410e-01      
   1.844381       3.840157         1.703210e-01      
   1.844381       3.878333         1.636809e-01      
   1.844381       3.911445         1.579467e-01      
   1.844381       3.939404         1.531313e-01      
   1.844381       3.962134         1.492387e-01      
   1.844381       3.979576         1.462675e-01      
   1.844381       3.991681         1.442143e-01      
   1.844381       3.998420         1.430745e-01      
   1.844381       4.008294         1.414092e-01      
   1.844381       4.043674         1.354891e-01      
   1.844381       4.107227         1.250679e-01      
   1.844381       4.198794         1.106297e-01      
   1.844381       4.318131         9.303988e-02      
   1.844381       4.464916         7.361486e-02      
   1.844381       4.638754         5.406485e-02      
   1.844381       4.839176         3.624649e-02      
   1.844381       5.065642         2.173945e-02      
   1.844381       5.317541         1.139351e-02      
   1.844381       5.594194         5.088485e-03      
   1.844381       5.894856         1.897066e-03      
   1.844381       6.218716         5.905343e-04      
   1.844381       6.564900         1.609754e-04      
   1.844381       6.932477         4.149441e-05      
   1.844381       7.320454         9.826682e-06      
   1.844381       7.727785         1.747265e-06      
   1.844381       8.153374         1.575889e-07      
   1.844381       8.596072         -7.252270e-09     
   1.844381       9.054685         -2.868883e-09     
   1.844381       9.527979         -3.359835e-11     
   1.844381       10.014676        4.334708e-11      
   1.844381       10.513464        3.002486e-12      
   1.844381       11.023000        -2.243408e-13     
   1.844381       11.541909        -2.706459e-14     
   1.844381       12.068793        6.007073e-17      
   1.844381       12.602230        7.203075e-17      
   1.844381       13.140784        9.632369e-19      
   1.844381       13.683002        -6.928953e-20     
   1.844381       14.227422        -1.133411e-21     
   1.844381       14.772578        2.846049e-23      
   1.844381       15.316998        4.983591e-25      
   1.844381       15.859216        -6.279197e-27     
   1.844381       16.397770        -1.045036e-28     
   1.844381       16.931207        9.478705e-31      
   1.844381       17.458091        1.396669e-32      
   1.844381       17.977000        -1.692695e-34     
   1.844381       18.486536        -1.808891e-36     
   1.844381       18.985324        4.817399e-38      
   1.844381       19.472021        -3.526701e-38     
   1.844381       19.945315        -4.347879e-36     
   1.844381       20.403928        -4.966780e-34     
   1.844381       20.846626        -5.096606e-32     
   1.844381       21.272215        -4.581584e-30     
   1.844381       21.679546        -3.520045e-28     
   1.844381       22.067523        -2.256752e-26     
   1.844381       22.435100        -1.178790e-24     
   1.844381       22.781284        -4.909861e-23     
   1.844381       23.105144        -1.593253e-21     
   1.844381       23.405806        -3.954351e-20     
   1.844381       23.682459        -7.400387e-19     
   1.844381       23.934358        -1.009849e-17     
   1.844381       24.160824        -1.019871e-16     
   1.844381       24.361246        -7.657742e-16     
   1.844381       24.535084        -3.879953e-15     
   1.844381       24.681869        -1.300797e-14     
   1.844381       24.801206        -3.224712e-14     
   1.844381       24.892773        -7.058927e-14     
   1.844381       24.956326        -1.731398e-13     
   1.844381       24.991706        -7.556057e-13     
   1.948080       0.001580         2.130557e-04      
   1.948080       0.008319         1.121948e-03      
   1.948080       0.020424         2.754566e-03      
   1.948080       0.037866         5.105051e-03      
   1.948080       0.060596         8.168355e-03      
   1.948080       0.088555         1.193647e-02      
   1.948080       0.121667         1.638019e-02      
   1.948080       0.159843         2.147987e-02      
   1.948080       0.202979         2.720996e-02      
   1.948080       0.250960         3.353219e-02      
   1.948080       0.303656         4.039842e-02      
   1.948080       0.360925         4.775089e-02      
   1.948080       0.422613         5.552203e-02      
   1.948080       0.488552         6.363566e-02      
   1.948080       0.558567         7.200883e-02      
   1.948080       0.632467         8.055504e-02      
   1.948080       0.710054         8.918798e-02      
   1.948080       0.791119         9.782665e-02      
   1.948080       0.875442         1.064028e-01      
   1.948080       0.962797         1.148711e-01      
   1.948080       1.052948         1.232199e-01      
   1.948080       1.145653         1.314805e-01      
   1.948080       1.240660         1.397356e-01      
   1.948080       1.337714         1.481294e-01      
   1.948080       1.436554         1.568725e-01      
   1.948080       1.536913         1.662300e-01      
   1.948080       1.638520         1.764871e-01      
   1.948080       1.741102         1.878939e-01      
   1.948080       1.844381         2.005886e-01      
   1.948080       1.948080         2.145014e-01      
   1.948080       2.051920         2.292789e-01      
   1.948080       2.155619         2.442968e-01      
   1.948080       2.258898         2.587772e-01      
   1.948080       2.361480         2.719447e-01      
   1.948080       2.463087         2.831434e-01      
   1.948080       2.563446         2.918949e-01      
   1.948080       2.662286         2.979160e-01      
   1.948080       2.759340         3.011112e-01      
   1.948080       2.854347         3.015448e-01      
   1.948080       2.947052         2.994045e-01      
   1.948080       3.037203         2.949671e-01      
   1.948080       3.124558         2.885692e-01      
   1.948080       3.208881         2.805797e-01      
   1.948080       3.289946         2.713757e-01      
   1.948080       3.367533         2.613234e-01      
   1.948080       3.441433         2.507648e-01      
   1.948080       3.511448         2.400081e-01      
   1.948080       3.577387         2.293223e-01      
   1.948080       3.639075         2.189340e-01      
   1.948080       3.696344         2.090286e-01      
   1.948080       3.749040         1.997523e-01      
   1.948080       3.797021         1.912162e-01      
   1.948080       3.840157         1.835016e-01      
   1.948080       3.878333         1.766647e-01      
   1.948080       3.911445         1.707422e-01      
   1.948080       3.939404         1.657556e-01      
   1.948080       3.962134         1.617161e-01      
   1.948080       3.979576         1.586278e-01      
   1.948080       3.991681         1.564910e-01      
   1.948080       3.998420         1.553039e-01      
   1.948080       4.008294         1.535683e-01      
   1.948080       4.043674         1.473873e-01      
   1.948080       4.107227         1.364648e-01      
   1.948080       4.198794         1.212429e-01      
   1.948080       4.318131         1.025554e-01      
   1.948080       4.464916         8.172614e-02      
   1.948080       4.638754         6.053740e-02      
   1.948080       4.839176         4.099158e-02      
   1.948080       5.065642         2.486486e-02      
   1.948080       5.317541         1.319472e-02      
   1.948080       5.594194         5.969365e-03      
   1.948080       5.894856         2.250734e-03      
   1.948080       6.218716         7.039275e-04      
   1.948080       6.564900         1.901131e-04      
   1.948080       6.932477         4.802210e-05      
   1.948080       7.320454         1.127307e-05      
   1.948080       7.727785         2.041137e-06      
   1.948080       8.153374         1.982736e-07      
   1.948080       8.596072         -5.195560e-09     
   1.948080       9.054685         -3.135967e-09     
   1.948080       9.527979         -6.750488e-11     
   1.948080       10.014676        4.540998e-11      
   1.948080       10.513464        3.424355e-12      
   1.948080       11.023000        -2.296590e-13     
   1.948080       11.541909        -2.997473e-14     
   1.948080       12.068793        4.091606e-18      
   1.948080       12.602230        7.908589e-17      
   1.948080       13.140784        1.164978e-18      
   1.948080       13.683002        -7.538442e-20     
   1.948080       14.227422        -1.325836e-21     
   1.948080       14.772578        3.065703e-23      
   1.948080       15.316998        5.790841e-25      
   1.948080       15.859216        -6.749255e-27     
   1.948080       16.397770        -1.214336e-28     
   1.948080       16.931207        1.033100e-30      
   1.948080       17.458091        1.623777e-32      
   1.948080       17.977000        -1.904996e-34     
   1.948080       18.486536        -2.100941e-36     
   1.948080       18.985324        5.523614e-38      
   1.948080       19.472021        -4.116218e-38     
   1.948080       19.945315        -5.077961e-36     
   1.948080       20.403928        -5.803759e-34     
   1.948080       20.846626        -5.958335e-32     
   1.948080       21.272215        -5.358654e-30     
   1.948080       21.679546        -4.118808e-28     
   1.948080       22.067523        -2.641671e-26     
   1.948080       22.435100        -1.380356e-24     
   1.948080       22.781284        -5.751403e-23     
   1.948080       23.105144        -1.866929e-21     
   1.948080       23.405806        -4.634979e-20     
   1.948080       23.682459        -8.676556e-19     
   1.948080       23.934358        -1.184283e-17     
   1.948080       24.160824        -1.196321e-16     
   1.948080       24.361246        -8.984643e-16     
   1.948080       24.535084        -4.553010e-15     
   1.948080       24.681869        -1.526638e-14     
   1.948080       24.801206        -3.785047e-14     
   1.948080       24.892773        -8.286682e-14     
   1.948080       24.956326        -2.032840e-13     
   1.948080       24.991706        -8.874086e-13     
   2.051920       0.001580         2.497699e-04      
   2.051920       0.008319         1.315285e-03      
   2.051920       0.020424         3.229135e-03      
   2.051920       0.037866         5.985620e-03      
   2.051920       0.060596         9.576051e-03      
   2.051920       0.088555         1.399215e-02      
   2.051920       0.121667         1.920183e-02      
   2.051920       0.159843         2.518150e-02      
   2.051920       0.202979         3.190157e-02      
   2.051920       0.250960         3.931908e-02      
   2.051920       0.303656         4.738065e-02      
   2.051920       0.360925         5.602211e-02      
   2.051920       0.422613         6.516713e-02      
   2.051920       0.488552         7.472694e-02      
   2.051920       0.558567         8.460157e-02      
   2.051920       0.632467         9.468383e-02      
   2.051920       0.710054         1.048640e-01      
   2.051920       0.791119         1.150340e-01      
   2.051920       0.875442         1.250904e-01      
   2.051920       0.962797         1.349413e-01      
   2.051920       1.052948         1.445184e-01      
   2.051920       1.145653         1.537892e-01      
   2.051920       1.240660         1.627655e-01      
   2.051920       1.337714         1.715091e-01      
   2.051920       1.436554         1.801416e-01      
   2.051920       1.536913         1.888513e-01      
   2.051920       1.638520         1.978811e-01      
   2.051920       1.741102         2.074929e-01      
   2.051920       1.844381         2.179163e-01      
   2.051920       1.948080         2.292789e-01      
   2.051920       2.051920         2.415175e-01      
   2.051920       2.155619         2.543101e-01      
   2.051920       2.258898         2.670940e-01      
   2.051920       2.361480         2.791764e-01      
   2.051920       2.463087         2.898762e-01      
   2.051920       2.563446         2.986286e-01      
   2.051920       2.662286         3.050364e-01      
   2.051920       2.759340         3.088837e-01      
   2.051920       2.854347         3.101255e-01      
   2.051920       2.947052         3.088601e-01      
   2.051920       3.037203         3.052950e-01      
   2.051920       3.124558         2.997147e-01      
   2.051920       3.208881         2.924515e-01      
   2.051920       3.289946         2.838611e-01      
   2.051920       3.367533         2.743006e-01      
   2.051920       3.441433         2.641119e-01      
   2.051920       3.511448         2.536097e-01      
   2.051920       3.577387         2.430742e-01      
   2.051920       3.639075         2.327469e-01      
   2.051920       3.696344         2.228294e-01      
   2.051920       3.749040         2.134844e-01      
   2.051920       3.797021         2.048393e-01      
   2.051920       3.840157         1.969901e-01      
   2.051920       3.878333         1.900065e-01      
   2.051920       3.911445         1.839364e-01      
   2.051920       3.939404         1.788111e-01      
   2.051920       3.962134         1.746497e-01      
   2.051920       3.979576         1.714625e-01      
   2.051920       3.991681         1.692543e-01      
   2.051920       3.998420         1.680266e-01      
   2.051920       4.008294         1.662304e-01      
   2.051920       4.043674         1.598207e-01      
   2.051920       4.107227         1.484469e-01      
   2.051920       4.198794         1.324958e-01      
   2.051920       4.318131         1.127517e-01      
   2.051920       4.464916         9.052581e-02      
   2.051920       4.638754         6.765755e-02      
   2.051920       4.839176         4.629179e-02      
   2.051920       5.065642         2.841385e-02      
   2.051920       5.317541         1.527625e-02      
   2.051920       5.594194         7.006209e-03      
   2.051920       5.894856         2.674709e-03      
   2.051920       6.218716         8.419830e-04      
   2.051920       6.564900         2.257690e-04      
   2.051920       6.932477         5.587909e-05      
   2.051920       7.320454         1.296879e-05      
   2.051920       7.727785         2.386114e-06      
   2.051920       8.153374         2.480058e-07      
   2.051920       8.596072         -2.218860e-09     
   2.051920       9.054685         -3.393901e-09     
   2.051920       9.527979         -1.089557e-10     
   2.051920       10.014676        4.707617e-11      
   2.051920       10.513464        3.888103e-12      
   2.051920       11.023000        -2.323378e-13     
   2.051920       11.541909        -3.312267e-14     
   2.051920       12.068793        -6.735556e-17     
   2.051920       12.602230        8.664857e-17      
   2.051920       13.140784        1.403081e-18      
   2.051920       13.683002        -8.176767e-20     
   2.051920       14.227422        -1.549586e-21     
   2.051920       14.772578        3.287052e-23      
   2.051920       15.316998        6.728270e-25      
   2.051920       15.859216        -7.216179e-27     
   2.051920       16.397770        -1.411578e-28     
   2.051920       16.931207        1.122218e-30      
   2.051920       17.458091        1.889520e-32      
   2.051920       17.977000        -2.144639e-34     
   2.051920       18.486536        -2.444117e-36     
   2.051920       18.985324        6.347303e-38      
   2.051920       19.472021        -4.382128e-38     
   2.051920       19.945315        -5.406670e-36     
   2.051920       20.403928        -6.182611e-34     
   2.051920       20.846626        -6.350319e-32     
   2.051920       21.272215        -5.713741e-30     
   2.051920       21.679546        -4.393570e-28     
   2.051920       22.067523        -2.818990e-26     
   2.051920       22.435100        -1.473543e-24     
   2.051920       22.781284        -6.141748e-23     
   2.051920       23.105144        -1.994257e-21     
   2.051920       23.405806        -4.952528e-20     
   2.051920       23.682459        -9.273485e-19     
   2.051920       23.934358        -1.266057e-17     
   2.051920       24.160824        -1.279222e-16     
   2.051920       24.361246        -9.609291e-16     
   2.051920       24.535084        -4.870318e-15     
   2.051920       24.681869        -1.633233e-14     
   2.051920       24.801206        -4.049842e-14     
   2.051920       24.892773        -8.867681e-14     
   2.051920       24.956326        -2.175678e-13     
   2.051920       24.991706        -9.499322e-13     
   2.155619       0.001580         2.775584e-04      
   2.155619       0.008319         1.461622e-03      
   2.155619       0.020424         3.588384e-03      
   2.155619       0.037866         6.652434e-03      
   2.155619       0.060596         1.064256e-02      
   2.155619       0.088555         1.555104e-02      
   2.155619       0.121667         2.134492e-02      
   2.155619       0.159843         2.799896e-02      
   2.155619       0.202979         3.548178e-02      
   2.155619       0.250960         4.374761e-02      
   2.155619       0.303656         5.273901e-02      
   2.155619       0.360925         6.238681e-02      
   2.155619       0.422613         7.260949e-02      
   2.155619       0.488552         8.331328e-02      
   2.155619       0.558567         9.439240e-02      
   2.155619       0.632467         1.057303e-01      
   2.155619       0.710054         1.172022e-01      
   2.155619       0.791119         1.286796e-01      
   2.155619       0.875442         1.400356e-01      
   2.155619       0.962797         1.511503e-01      
   2.155619       1.052948         1.619181e-01      
   2.155619       1.145653         1.722565e-01      
   2.155619       1.240660         1.821177e-01      
   2.155619       1.337714         1.914986e-01      
   2.155619       1.436554         2.004473e-01      
   2.155619       1.536913         2.090710e-01      
   2.155619       1.638520         2.175400e-01      
   2.155619       1.741102         2.260770e-01      
   2.155619       1.844381         2.349249e-01      
   2.155619       1.948080         2.442968e-01      
   2.155619       2.051920         2.543101e-01      
   2.155619       2.155619         2.649077e-01      
   2.155619       2.258898         2.757999e-01      
   2.155619       2.361480         2.864843e-01      
   2.155619       2.463087         2.963482e-01      
   2.155619       2.563446         3.047987e-01      
   2.155619       2.662286         3.113559e-01      
   2.155619       2.759340         3.156961e-01      
   2.155619       2.854347         3.176619e-01      
   2.155619       2.947052         3.172503e-01      
   2.155619       3.037203         3.145870e-01      
   2.155619       3.124558         3.098930e-01      
   2.155619       3.208881         3.034536e-01      
   2.155619       3.289946         2.955927e-01      
   2.155619       3.367533         2.866492e-01      
   2.155619       3.441433         2.769584e-01      
   2.155619       3.511448         2.668367e-01      
   2.155619       3.577387         2.565719e-01      
   2.155619       3.639075         2.464172e-01      
   2.155619       3.696344         2.365886e-01      
   2.155619       3.749040         2.272648e-01      
   2.155619       3.797021         2.185891e-01      
   2.155619       3.840157         2.106726e-01      
   2.155619       3.878333         2.035988e-01      
   2.155619       3.911445         1.974278e-01      
   2.155619       3.939404         1.922015e-01      
   2.155619       3.962134         1.879475e-01      
   2.155619       3.979576         1.846831e-01      
   2.155619       3.991681         1.824183e-01      
   2.155619       3.998420         1.811580e-01      
   2.155619       4.008294         1.793126e-01      
   2.155619       4.043674         1.727137e-01      
   2.155619       4.107227         1.609517e-01      
   2.155619       4.198794         1.443441e-01      
   2.155619       4.318131         1.236067e-01      
   2.155619       4.464916         1.000155e-01      
   2.155619       4.638754         7.544772e-02      
   2.155619       4.839176         5.218328e-02      
   2.155619       5.065642         3.242657e-02      
   2.155619       5.317541         1.767293e-02      
   2.155619       5.594194         8.223034e-03      
   2.155619       5.894856         3.181976e-03      
   2.155619       6.218716         1.010021e-03      
   2.155619       6.564900         2.695237e-04      
   2.155619       6.932477         6.539555e-05      
   2.155619       7.320454         1.496615e-05      
   2.155619       7.727785         2.790987e-06      
   2.155619       8.153374         3.085015e-07      
   2.155619       8.596072         1.922529e-09      
   2.155619       9.054685         -3.627332e-09     
   2.155619       9.527979         -1.586716e-10     
   2.155619       10.014676        4.819208e-11      
   2.155619       10.513464        4.391638e-12      
   2.155619       11.023000        -2.318032e-13     
   2.155619       11.541909        -3.650609e-14     
   2.155619       12.068793        -1.565476e-16     
   2.155619       12.602230        9.471272e-17      
   2.155619       13.140784        1.682493e-18      
   2.155619       13.683002        -8.839365e-20     
   2.155619       14.227422        -1.808847e-21     
   2.155619       14.772578        3.505789e-23      
   2.155619       15.316998        7.814113e-25      
   2.155619       15.859216        -7.668097e-27     
   2.155619       16.397770        -1.640930e-28     
   2.155619       16.931207        1.214333e-30      
   2.155619       17.458091        2.200102e-32      
   2.155619       17.977000        -2.415008e-34     
   2.155619       18.486536        -2.847331e-36     
   2.155619       18.985324        7.306998e-38      
   2.155619       19.472021        -4.421874e-38     
   2.155619       19.945315        -5.454294e-36     
   2.155619       20.403928        -6.240299e-34     
   2.155619       20.846626        -6.412674e-32     
   2.155619       21.272215        -5.772445e-30     
   2.155619       21.679546        -4.440571e-28     
   2.155619       22.067523        -2.850258e-26     
   2.155619       22.435100        -1.490427e-24     
   2.155619       22.781284        -6.214213e-23     
   2.155619       23.105144        -2.018412e-21     
   2.155619       23.405806        -5.013963e-20     
   2.155619       23.682459        -9.391016e-19     
   2.155619       23.934358        -1.282403e-17     
   2.155619       24.160824        -1.296034e-16     
   2.155619       24.361246        -9.737595e-16     
   2.155619       24.535084        -4.936108e-15     
   2.155619       24.681869        -1.655500e-14     
   2.155619       24.801206        -4.105582e-14     
   2.155619       24.892773        -8.991037e-14     
   2.155619       24.956326        -2.206243e-13     
   2.155619       24.991706        -9.633993e-13     
   2.258898       0.001580         2.973076e-04      
   2.258898       0.008319         1.565622e-03      
   2.258898       0.020424         3.843735e-03      
   2.258898       0.037866         7.126446e-03      
   2.258898       0.060596         1.140075e-02      
   2.258898       0.088555         1.665948e-02      
   2.258898       0.121667         2.286956e-02      
   2.258898       0.159843         3.000503e-02      
   2.258898       0.202979         3.803415e-02      
   2.258898       0.250960         4.691060e-02      
   2.258898       0.303656         5.657593e-02      
   2.258898       0.360925         6.695967e-02      
   2.258898       0.422613         7.797904e-02      
   2.258898       0.488552         8.953938e-02      
   2.258898       0.558567         1.015340e-01      
   2.258898       0.632467         1.138442e-01      
   2.258898       0.710054         1.263393e-01      
   2.258898       0.791119         1.388807e-01      
   2.258898       0.875442         1.513273e-01      
   2.258898       0.962797         1.635420e-01      
   2.258898       1.052948         1.753954e-01      
   2.258898       1.145653         1.867718e-01      
   2.258898       1.240660         1.975788e-01      
   2.258898       1.337714         2.077605e-01      
   2.258898       1.436554         2.173054e-01      
   2.258898       1.536913         2.262514e-01      
   2.258898       1.638520         2.346931e-01      
   2.258898       1.741102         2.427872e-01      
   2.258898       1.844381         2.507404e-01      
   2.258898       1.948080         2.587772e-01      
   2.258898       2.051920         2.670940e-01      
   2.258898       2.155619         2.757999e-01      
   2.258898       2.258898         2.848443e-01      
   2.258898       2.361480         2.939679e-01      
   2.258898       2.463087         3.027251e-01      
   2.258898       2.563446         3.105801e-01      
   2.258898       2.662286         3.170224e-01      
   2.258898       2.759340         3.216490e-01      
   2.258898       2.854347         3.242023e-01      
   2.258898       2.947052         3.245763e-01      
   2.258898       3.037203         3.228034e-01      
   2.258898       3.124558         3.190294e-01      
   2.258898       3.208881         3.134828e-01      
   2.258898       3.289946         3.064461e-01      
   2.258898       3.367533         2.982309e-01      
   2.258898       3.441433         2.891573e-01      
   2.258898       3.511448         2.795372e-01      
   2.258898       3.577387         2.696617e-01      
   2.258898       3.639075         2.597925e-01      
   2.258898       3.696344         2.501577e-01      
   2.258898       3.749040         2.409501e-01      
   2.258898       3.797021         2.323280e-01      
   2.258898       3.840157         2.244173e-01      
   2.258898       3.878333         2.173155e-01      
   2.258898       3.911445         2.110958e-01      
   2.258898       3.939404         2.058108e-01      
   2.258898       3.962134         2.014977e-01      
   2.258898       3.979576         1.981810e-01      
   2.258898       3.991681         1.958764e-01      
   2.258898       3.998420         1.945928e-01      
   2.258898       4.008294         1.927116e-01      
   2.258898       4.043674         1.859698e-01      
   2.258898       4.107227         1.738954e-01      
   2.258898       4.198794         1.567232e-01      
   2.258898       4.318131         1.350791e-01      
   2.258898       4.464916         1.101804e-01      
   2.258898       4.638754         8.391850e-02      
   2.258898       4.839176         5.869522e-02      
   2.258898       5.065642         3.694079e-02      
   2.258898       5.317541         2.042024e-02      
   2.258898       5.594194         9.645715e-03      
   2.258898       5.894856         3.787175e-03      
   2.258898       6.218716         1.214282e-03      
   2.258898       6.564900         3.233001e-04      
   2.258898       6.932477         7.698421e-05      
   2.258898       7.320454         1.733009e-05      
   2.258898       7.727785         3.266028e-06      
   2.258898       8.153374         3.817303e-07      
   2.258898       8.596072         7.521981e-09      
   2.258898       9.054685         -3.815502e-09     
   2.258898       9.527979         -2.172153e-10     
   2.258898       10.014676        4.857661e-11      
   2.258898       10.513464        4.930439e-12      
   2.258898       11.023000        -2.274555e-13     
   2.258898       11.541909        -4.011561e-14     
   2.258898       12.068793        -2.658301e-16     
   2.258898       12.602230        1.032591e-16      
   2.258898       13.140784        2.008426e-18      
   2.258898       13.683002        -9.519780e-20     
   2.258898       14.227422        -2.108056e-21     
   2.258898       14.772578        3.716355e-23      
   2.258898       15.316998        9.068027e-25      
   2.258898       15.859216        -8.089736e-27     
   2.258898       16.397770        -1.906963e-28     
   2.258898       16.931207        1.308167e-30      
   2.258898       17.458091        2.562463e-32      
   2.258898       17.977000        -2.719749e-34     
   2.258898       18.486536        -3.320776e-36     
   2.258898       18.985324        8.424172e-38      
   2.258898       19.472021        -4.307815e-38     
   2.258898       19.945315        -5.310167e-36     
   2.258898       20.403928        -6.078591e-34     
   2.258898       20.846626        -6.249558e-32     
   2.258898       21.272215        -5.628175e-30     
   2.258898       21.679546        -4.331419e-28     
   2.258898       22.067523        -2.781288e-26     
   2.258898       22.435100        -1.454891e-24     
   2.258898       22.781284        -6.068099e-23     
   2.258898       23.105144        -1.971566e-21     
   2.258898       23.405806        -4.899005e-20     
   2.258898       23.682459        -9.178132e-19     
   2.258898       23.934358        -1.253625e-17     
   2.258898       24.160824        -1.267237e-16     
   2.258898       24.361246        -9.523179e-16     
   2.258898       24.535084        -4.828151e-15     
   2.258898       24.681869        -1.619496e-14     
   2.258898       24.801206        -4.016815e-14     
   2.258898       24.892773        -8.797915e-14     
   2.258898       24.956326        -2.159132e-13     
   2.258898       24.991706        -9.429154e-13     
   2.361480       0.001580         3.098970e-04      
   2.361480       0.008319         1.631917e-03      
   2.361480       0.020424         4.006531e-03      
   2.361480       0.037866         7.428600e-03      
   2.361480       0.060596         1.188385e-02      
   2.361480       0.088555         1.736518e-02      
   2.361480       0.121667         2.383958e-02      
   2.361480       0.159843         3.128045e-02      
   2.361480       0.202979         3.965646e-02      
   2.361480       0.250960         4.892273e-02      
   2.361480       0.303656         5.902329e-02      
   2.361480       0.360925         6.989088e-02      
   2.361480       0.422613         8.144568e-02      
   2.361480       0.488552         9.359486e-02      
   2.361480       0.558567         1.062326e-01      
   2.361480       0.632467         1.192409e-01      
   2.361480       0.710054         1.324911e-01      
   2.361480       0.791119         1.458451e-01      
   2.361480       0.875442         1.591577e-01      
   2.361480       0.962797         1.722810e-01      
   2.361480       1.052948         1.850704e-01      
   2.361480       1.145653         1.973907e-01      
   2.361480       1.240660         2.091222e-01      
   2.361480       1.337714         2.201687e-01      
   2.361480       1.436554         2.304685e-01      
   2.361480       1.536913         2.400033e-01      
   2.361480       1.638520         2.488046e-01      
   2.361480       1.741102         2.569582e-01      
   2.361480       1.844381         2.646079e-01      
   2.361480       1.948080         2.719447e-01      
   2.361480       2.051920         2.791764e-01      
   2.361480       2.155619         2.864843e-01      
   2.361480       2.258898         2.939679e-01      
   2.361480       2.361480         3.015822e-01      
   2.361480       2.463087         3.090977e-01      
   2.361480       2.563446         3.161234e-01      
   2.361480       2.662286         3.221945e-01      
   2.361480       2.759340         3.268767e-01      
   2.361480       2.854347         3.298382e-01      
   2.361480       2.947052         3.308804e-01      
   2.361480       3.037203         3.299413e-01      
   2.361480       3.124558         3.270824e-01      
   2.361480       3.208881         3.224645e-01      
   2.361480       3.289946         3.163192e-01      
   2.361480       3.367533         3.089222e-01      
   2.361480       3.441433         3.005704e-01      
   2.361480       3.511448         2.915637e-01      
   2.361480       3.577387         2.821907e-01      
   2.361480       3.639075         2.727174e-01      
   2.361480       3.696344         2.633810e-01      
   2.361480       3.749040         2.543863e-01      
   2.361480       3.797021         2.459051e-01      
   2.361480       3.840157         2.380775e-01      
   2.361480       3.878333         2.310148e-01      
   2.361480       3.911445         2.248027e-01      
   2.361480       3.939404         2.195056e-01      
   2.361480       3.962134         2.151701e-01      
   2.361480       3.979576         2.118288e-01      
   2.361480       3.991681         2.095034e-01      
   2.361480       3.998420         2.082068e-01      
   2.361480       4.008294         2.063050e-01      
   2.361480       4.043674         1.994727e-01      
   2.361480       4.107227         1.871735e-01      
   2.361480       4.198794         1.695464e-01      
   2.361480       4.318131         1.471073e-01      
   2.361480       4.464916         1.209874e-01      
   2.361480       4.638754         9.306577e-02      
   2.361480       4.839176         6.584737e-02      
   2.361480       5.065642         4.198983e-02      
   2.361480       5.317541         2.355308e-02      
   2.361480       5.594194         1.130151e-02      
   2.361480       5.894856         4.506521e-03      
   2.361480       6.218716         1.461983e-03      
   2.361480       6.564900         3.894096e-04      
   2.361480       6.932477         9.115686e-05      
   2.361480       7.320454         2.014120e-05      
   2.361480       7.727785         3.823270e-06      
   2.361480       8.153374         4.699350e-07      
   2.361480       8.596072         1.492644e-08      
   2.361480       9.054685         -3.931226e-09     
   2.361480       9.527979         -2.848963e-10     
   2.361480       10.014676        4.802212e-11      
   2.361480       10.513464        5.497048e-12      
   2.361480       11.023000        -2.186969e-13     
   2.361480       11.541909        -4.393389e-14     
   2.361480       12.068793        -3.975437e-16     
   2.361480       12.602230        1.122541e-16      
   2.361480       13.140784        2.386259e-18      
   2.361480       13.683002        -1.020949e-19     
   2.361480       14.227422        -2.451832e-21     
   2.361480       14.772578        3.911825e-23      
   2.361480       15.316998        1.051088e-24      
   2.361480       15.859216        -8.462051e-27     
   2.361480       16.397770        -2.214621e-28     
   2.361480       16.931207        1.401999e-30      
   2.361480       17.458091        2.984270e-32      
   2.361480       17.977000        -3.062751e-34     
   2.361480       18.486536        -3.876003e-36     
   2.361480       18.985324        9.723385e-38      
   2.361480       19.472021        -4.093660e-38     
   2.361480       19.945315        -5.040597e-36     
   2.361480       20.403928        -5.773072e-34     
   2.361480       20.846626        -5.938380e-32     
   2.361480       21.272215        -5.350390e-30     
   2.361480       21.679546        -4.119389e-28     
   2.361480       22.067523        -2.646182e-26     
   2.361480       22.435100        -1.384723e-24     
   2.361480       22.781284        -5.777391e-23     
   2.361480       23.105144        -1.877696e-21     
   2.361480       23.405806        -4.667097e-20     
   2.361480       23.682459        -8.745966e-19     
   2.361480       23.934358        -1.194874e-17     
   2.361480       24.160824        -1.208119e-16     
   2.361480       24.361246        -9.080744e-16     
   2.361480       24.535084        -4.604534e-15     
   2.361480       24.681869        -1.544682e-14     
   2.361480       24.801206        -3.831762e-14     
   2.361480       24.892773        -8.393798e-14     
   2.361480       24.956326        -2.060203e-13     
   2.361480       24.991706        -8.997755e-13     
   2.463087       0.001580         3.159143e-04      
   2.463087       0.008319         1.663603e-03      
   2.463087       0.020424         4.084387e-03      
   2.463087       0.037866         7.573183e-03      
   2.463087       0.060596         1.211520e-02      
   2.463087       0.088555         1.770353e-02      
   2.463087       0.121667         2.430613e-02      
   2.463087       0.159843         3.189667e-02      
   2.463087       0.202979         4.044517e-02      
   2.463087       0.250960         4.990907e-02      
   2.463087       0.303656         6.023575e-02      
   2.463087       0.360925         7.136234e-02      
   2.463087       0.422613         8.321412e-02      
   2.463087       0.488552         9.570359e-02      
   2.463087       0.558567         1.087301e-01      
   2.463087       0.632467         1.221812e-01      
   2.463087       0.710054         1.359334e-01      
   2.463087       0.791119         1.498541e-01      
   2.463087       0.875442         1.638010e-01      
   2.463087       0.962797         1.776248e-01      
   2.463087       1.052948         1.911746e-01      
   2.463087       1.145653         2.043040e-01      
   2.463087       1.240660         2.168767e-01      
   2.463087       1.337714         2.287707e-01      
   2.463087       1.436554         2.398872e-01      
   2.463087       1.536913         2.501620e-01      
   2.463087       1.638520         2.595735e-01      
   2.463087       1.741102         2.681468e-01      
   2.463087       1.844381         2.759591e-01      
   2.463087       1.948080         2.831434e-01      
   2.463087       2.051920         2.898762e-01      
   2.463087       2.155619         2.963482e-01      
   2.463087       2.258898         3.027251e-01      
   2.463087       2.361480         3.090977e-01      
   2.463087       2.463087         3.154269e-01      
   2.463087       2.563446         3.215102e-01      
   2.463087       2.662286         3.270080e-01      
   2.463087       2.759340         3.315229e-01      
   2.463087       2.854347         3.346912e-01      
   2.463087       2.947052         3.362448e-01      
   2.463087       3.037203         3.360379e-01      
   2.463087       3.124558         3.340468e-01      
   2.463087       3.208881         3.303566e-01      
   2.463087       3.289946         3.251384e-01      
   2.463087       3.367533         3.186230e-01      
   2.463087       3.441433         3.110765e-01      
   2.463087       3.511448         3.027799e-01      
   2.463087       3.577387         2.940123e-01      
   2.463087       3.639075         2.850388e-01      
   2.463087       3.696344         2.761018e-01      
   2.463087       3.749040         2.674152e-01      
   2.463087       3.797021         2.591626e-01      
   2.463087       3.840157         2.514970e-01      
   2.463087       3.878333         2.445427e-01      
   2.463087       3.911445         2.383978e-01      
   2.463087       3.939404         2.331380e-01      
   2.463087       3.962134         2.288196e-01      
   2.463087       3.979576         2.254835e-01      
   2.463087       3.991681         2.231578e-01      
   2.463087       3.998420         2.218596e-01      
   2.463087       4.008294         2.199535e-01      
   2.463087       4.043674         2.130884e-01      
   2.463087       4.107227         2.006622e-01      
   2.463087       4.198794         1.827068e-01      
   2.463087       4.318131         1.596083e-01      
   2.463087       4.464916         1.323837e-01      
   2.463087       4.638754         1.028685e-01      
   2.463087       4.839176         7.364741e-02      
   2.463087       5.065642         4.760033e-02      
   2.463087       5.317541         2.710429e-02      
   2.463087       5.594194         1.321829e-02      
   2.463087       5.894856         5.357598e-03      
   2.463087       6.218716         1.761333e-03      
   2.463087       6.564900         4.705933e-04      
   2.463087       6.932477         1.085420e-04      
   2.463087       7.320454         2.349928e-05      
   2.463087       7.727785         4.476827e-06      
   2.463087       8.153374         5.756420e-07      
   2.463087       8.596072         2.454027e-08      
   2.463087       9.054685         -3.939735e-09     
   2.463087       9.527979         -3.616424e-10     
   2.463087       10.014676        4.629670e-11      
   2.463087       10.513464        6.080391e-12      
   2.463087       11.023000        -2.049717e-13     
   2.463087       11.541909        -4.793435e-14     
   2.463087       12.068793        -5.539058e-16     
   2.463087       12.602230        1.216479e-16      
   2.463087       13.140784        2.821373e-18      
   2.463087       13.683002        -1.089768e-19     
   2.463087       14.227422        -2.844855e-21     
   2.463087       14.772578        4.083760e-23      
   2.463087       15.316998        1.216432e-24      
   2.463087       15.859216        -8.761764e-27     
   2.463087       16.397770        -2.569155e-28     
   2.463087       16.931207        1.493591e-30      
   2.463087       17.458091        3.473878e-32      
   2.463087       17.977000        -3.448098e-34     
   2.463087       18.486536        -4.525958e-36     
   2.463087       18.985324        1.123235e-37      
   2.463087       19.472021        -3.819076e-38     
   2.463087       19.945315        -4.694549e-36     
   2.463087       20.403928        -5.379609e-34     
   2.463087       20.846626        -5.536399e-32     
   2.463087       21.272215        -4.990506e-30     
   2.463087       21.679546        -3.843943e-28     
   2.463087       22.067523        -2.470217e-26     
   2.463087       22.435100        -1.293113e-24     
   2.463087       22.781284        -5.396993e-23     
   2.463087       23.105144        -1.754606e-21     
   2.463087       23.405806        -4.362401e-20     
   2.463087       23.682459        -8.177115e-19     
   2.463087       23.934358        -1.117415e-17     
   2.463087       24.160824        -1.130053e-16     
   2.463087       24.361246        -8.495642e-16     
   2.463087       24.535084        -4.308487e-15     
   2.463087       24.681869        -1.445550e-14     
   2.463087       24.801206        -3.586326e-14     
   2.463087       24.892773        -7.857249e-14     
   2.463087       24.956326        -1.928725e-13     
   2.463087       24.991706        -8.423976e-13     
   2.563446       0.001580         3.161710e-04      
   2.563446       0.008319         1.664956e-03      
   2.563446       0.020424         4.087787e-03      
   2.563446       0.037866         7.579703e-03      
   2.563446       0.060596         1.212611e-02      
   2.563446       0.088555         1.772057e-02      
   2.563446       0.121667         2.433301e-02      
   2.563446       0.159843         3.193845e-02      
   2.563446       0.202979         4.050915e-02      
   2.563446       0.250960         5.000537e-02      
   2.563446       0.303656         6.037776e-02      
   2.563446       0.360925         7.156758e-02      
   2.563446       0.422613         8.350593e-02      
   2.563446       0.488552         9.611333e-02      
   2.563446       0.558567         1.092989e-01      
   2.563446       0.632467         1.229598e-01      
   2.563446       0.710054         1.369811e-01      
   2.563446       0.791119         1.512368e-01      
   2.563446       0.875442         1.655918e-01      
   2.563446       0.962797         1.799036e-01      
   2.563446       1.052948         1.940239e-01      
   2.563446       1.145653         2.078022e-01      
   2.563446       1.240660         2.210919e-01      
   2.563446       1.337714         2.337564e-01      
   2.563446       1.436554         2.456742e-01      
   2.563446       1.536913         2.567464e-01      
   2.563446       1.638520         2.669066e-01      
   2.563446       1.741102         2.761297e-01      
   2.563446       1.844381         2.844357e-01      
   2.563446       1.948080         2.918949e-01      
   2.563446       2.051920         2.986286e-01      
   2.563446       2.155619         3.047987e-01      
   2.563446       2.258898         3.105801e-01      
   2.563446       2.361480         3.161234e-01      
   2.563446       2.463087         3.215102e-01      
   2.563446       2.563446         3.267065e-01      
   2.563446       2.662286         3.315369e-01      
   2.563446       2.759340         3.357100e-01      
   2.563446       2.854347         3.388906e-01      
   2.563446       2.947052         3.407798e-01      
   2.563446       3.037203         3.411682e-01      
   2.563446       3.124558         3.399562e-01      
   2.563446       3.208881         3.371530e-01      
   2.563446       3.289946         3.328626e-01      
   2.563446       3.367533         3.272623e-01      
   2.563446       3.441433         3.205795e-01      
   2.563446       3.511448         3.130688e-01      
   2.563446       3.577387         3.049938e-01      
   2.563446       3.639075         2.966129e-01      
   2.563446       3.696344         2.881688e-01      
   2.563446       3.749040         2.798810e-01      
   2.563446       3.797021         2.719423e-01      
   2.563446       3.840157         2.645166e-01      
   2.563446       3.878333         2.577400e-01      
   2.563446       3.911445         2.517225e-01      
   2.563446       3.939404         2.465506e-01      
   2.563446       3.962134         2.422903e-01      
   2.563446       3.979576         2.389906e-01      
   2.563446       3.991681         2.366859e-01      
   2.563446       3.998420         2.353980e-01      
   2.563446       4.008294         2.335051e-01      
   2.563446       4.043674         2.266685e-01      
   2.563446       4.107227         2.142216e-01      
   2.563446       4.198794         1.960787e-01      
   2.563446       4.318131         1.724781e-01      
   2.563446       4.464916         1.442950e-01      
   2.563446       4.638754         1.132868e-01      
   2.563446       4.839176         8.208836e-02      
   2.563446       5.065642         5.378993e-02      
   2.563446       5.317541         3.110291e-02      
   2.563446       5.594194         1.542357e-02      
   2.563446       5.894856         6.359003e-03      
   2.563446       6.218716         2.121486e-03      
   2.563446       6.564900         5.700514e-04      
   2.563446       6.932477         1.299016e-04      
   2.563446       7.320454         2.752724e-05      
   2.563446       7.727785         5.243249e-06      
   2.563446       8.153374         7.016673e-07      
   2.563446       8.596072         3.682766e-08      
   2.563446       9.054685         -3.797556e-09     
   2.563446       9.527979         -4.468550e-10     
   2.563446       10.014676        4.314866e-11      
   2.563446       10.513464        6.665149e-12      
   2.563446       11.023000        -1.858126e-13     
   2.563446       11.541909        -5.208007e-14     
   2.563446       12.068793        -7.368796e-16     
   2.563446       12.602230        1.313730e-16      
   2.563446       13.140784        3.318954e-18      
   2.563446       13.683002        -1.157104e-19     
   2.563446       14.227422        -3.291713e-21     
   2.563446       14.772578        4.222098e-23      
   2.563446       15.316998        1.405028e-24      
   2.563446       15.859216        -8.960999e-27     
   2.563446       16.397770        -2.976028e-28     
   2.563446       16.931207        1.580119e-30      
   2.563446       17.458091        4.040243e-32      
   2.563446       17.977000        -3.880003e-34     
   2.563446       18.486536        -5.284962e-36     
   2.563446       18.985324        1.298191e-37      
   2.563446       19.472021        -3.513140e-38     
   2.563446       19.945315        -4.307905e-36     
   2.563446       20.403928        -4.939181e-34     
   2.563446       20.846626        -5.085658e-32     
   2.563446       21.272215        -4.586314e-30     
   2.563446       21.679546        -3.534113e-28     
   2.563446       22.067523        -2.272003e-26     
   2.563446       22.435100        -1.189782e-24     
   2.563446       22.781284        -4.967391e-23     
   2.563446       23.105144        -1.615433e-21     
   2.563446       23.405806        -4.017520e-20     
   2.563446       23.682459        -7.532594e-19     
   2.563446       23.934358        -1.029574e-17     
   2.563446       24.160824        -1.041448e-16     
   2.563446       24.361246        -7.831019e-16     
   2.563446       24.535084        -3.972006e-15     
   2.563446       24.681869        -1.332824e-14     
   2.563446       24.801206        -3.307095e-14     
   2.563446       24.892773        -7.246467e-14     
   2.563446       24.956326        -1.778978e-13     
   2.563446       24.991706        -7.770221e-13     
   2.662286       0.001580         3.117736e-04      
   2.662286       0.008319         1.641801e-03      
   2.662286       0.020424         4.030994e-03      
   2.662286       0.037866         7.474508e-03      
   2.662286       0.060596         1.195827e-02      
   2.662286       0.088555         1.747607e-02      
   2.662286       0.121667         2.399997e-02      
   2.662286       0.159843         3.150641e-02      
   2.662286       0.202979         3.997023e-02      
   2.662286       0.250960         4.935524e-02      
   2.662286       0.303656         5.961657e-02      
   2.662286       0.360925         7.070110e-02      
   2.662286       0.422613         8.254688e-02      
   2.662286       0.488552         9.508305e-02      
   2.662286       0.558567         1.082289e-01      
   2.662286       0.632467         1.218929e-01      
   2.662286       0.710054         1.359715e-01      
   2.662286       0.791119         1.503497e-01      
   2.662286       0.875442         1.649028e-01      
   2.662286       0.962797         1.794980e-01      
   2.662286       1.052948         1.939948e-01      
   2.662286       1.145653         2.082466e-01      
   2.662286       1.240660         2.221045e-01      
   2.662286       1.337714         2.354241e-01      
   2.662286       1.436554         2.480704e-01      
   2.662286       1.536913         2.599222e-01      
   2.662286       1.638520         2.708799e-01      
   2.662286       1.741102         2.808763e-01      
   2.662286       1.844381         2.898834e-01      
   2.662286       1.948080         2.979160e-01      
   2.662286       2.051920         3.050364e-01      
   2.662286       2.155619         3.113559e-01      
   2.662286       2.258898         3.170224e-01      
   2.662286       2.361480         3.221945e-01      
   2.662286       2.463087         3.270080e-01      
   2.662286       2.563446         3.315369e-01      
   2.662286       2.662286         3.357523e-01      
   2.662286       2.759340         3.395041e-01      
   2.662286       2.854347         3.425464e-01      
   2.662286       2.947052         3.446023e-01      
   2.662286       3.037203         3.454324e-01      
   2.662286       3.124558         3.448794e-01      
   2.662286       3.208881         3.428850e-01      
   2.662286       3.289946         3.394864e-01      
   2.662286       3.367533         3.348021e-01      
   2.662286       3.441433         3.290129e-01      
   2.662286       3.511448         3.223397e-01      
   2.662286       3.577387         3.150243e-01      
   2.662286       3.639075         3.073130e-01      
   2.662286       3.696344         2.994435e-01      
   2.662286       3.749040         2.916369e-01      
   2.662286       3.797021         2.840915e-01      
   2.662286       3.840157         2.769799e-01      
   2.662286       3.878333         2.704483e-01      
   2.662286       3.911445         2.646172e-01      
   2.662286       3.939404         2.595833e-01      
   2.662286       3.962134         2.554220e-01      
   2.662286       3.979576         2.521902e-01      
   2.662286       3.991681         2.499284e-01      
   2.662286       3.998420         2.486628e-01      
   2.662286       4.008294         2.468008e-01      
   2.662286       4.043674         2.400559e-01      
   2.662286       4.107227         2.276994e-01      
   2.662286       4.198794         2.095210e-01      
   2.662286       4.318131         1.855946e-01      
   2.662286       4.464916         1.566268e-01      
   2.662286       4.638754         1.242611e-01      
   2.662286       4.839176         9.114656e-02      
   2.662286       5.065642         6.056481e-02      
   2.662286       5.317541         3.557210e-02      
   2.662286       5.594194         1.794328e-02      
   2.662286       5.894856         7.529824e-03      
   2.662286       6.218716         2.552423e-03      
   2.662286       6.564900         6.914487e-04      
   2.662286       6.932477         1.561456e-04      
   2.662286       7.320454         3.237511e-05      
   2.662286       7.727785         6.141958e-06      
   2.662286       8.153374         8.511185e-07      
   2.662286       8.596072         5.231218e-08      
   2.662286       9.054685         -3.451730e-09     
   2.662286       9.527979         -5.392621e-10     
   2.662286       10.014676        3.831492e-11      
   2.662286       10.513464        7.231415e-12      
   2.662286       11.023000        -1.608944e-13     
   2.662286       11.541909        -5.632406e-14     
   2.662286       12.068793        -9.480461e-16     
   2.662286       12.602230        1.413446e-16      
   2.662286       13.140784        3.883806e-18      
   2.662286       13.683002        -1.221388e-19     
   2.662286       14.227422        -3.796753e-21     
   2.662286       14.772578        4.315175e-23      
   2.662286       15.316998        1.619033e-24      
   2.662286       15.859216        -9.027258e-27     
   2.662286       16.397770        -3.440796e-28     
   2.662286       16.931207        1.658146e-30      
   2.662286       17.458091        4.692784e-32      
   2.662286       17.977000        -4.362731e-34     
   2.662286       18.486536        -6.168616e-36     
   2.662286       18.985324        1.500587e-37      
   2.662286       19.472021        -3.196879e-38     
   2.662286       19.945315        -3.906590e-36     
   2.662286       20.403928        -4.481439e-34     
   2.662286       20.846626        -4.616617e-32     
   2.662286       21.272215        -4.165224e-30     
   2.662286       21.679546        -3.210980e-28     
   2.662286       22.067523        -2.065069e-26     
   2.662286       22.435100        -1.081804e-24     
   2.662286       22.781284        -4.518067e-23     
   2.662286       23.105144        -1.469753e-21     
   2.662286       23.405806        -3.656238e-20     
   2.662286       23.682459        -6.856946e-19     
   2.662286       23.934358        -9.374344e-18     
   2.662286       24.160824        -9.484482e-17     
   2.662286       24.361246        -7.133056e-16     
   2.662286       24.535084        -3.618503e-15     
   2.662286       24.681869        -1.214355e-14     
   2.662286       24.801206        -3.013535e-14     
   2.662286       24.892773        -6.604080e-14     
   2.662286       24.956326        -1.621424e-13     
   2.662286       24.991706        -7.082234e-13     
   2.759340       0.001580         3.036605e-04      
   2.759340       0.008319         1.599078e-03      
   2.759340       0.020424         3.926128e-03      
   2.759340       0.037866         7.280072e-03      
   2.759340       0.060596         1.164752e-02      
   2.759340       0.088555         1.702218e-02      
   2.759340       0.121667         2.337808e-02      
   2.759340       0.159843         3.069293e-02      
   2.759340       0.202979         3.894415e-02      
   2.759340       0.250960         4.809957e-02      
   2.759340       0.303656         5.811999e-02      
   2.759340       0.360925         6.895940e-02      
   2.759340       0.422613         8.056396e-02      
   2.759340       0.488552         9.287143e-02      
   2.759340       0.558567         1.058105e-01      
   2.759340       0.632467         1.193007e-01      
   2.759340       0.710054         1.332518e-01      
   2.759340       0.791119         1.475634e-01      
   2.759340       0.875442         1.621245e-01      
   2.759340       0.962797         1.768134e-01      
   2.759340       1.052948         1.914999e-01      
   2.759340       1.145653         2.060466e-01      
   2.759340       1.240660         2.203106e-01      
   2.759340       1.337714         2.341461e-01      
   2.759340       1.436554         2.474103e-01      
   2.759340       1.536913         2.599689e-01      
   2.759340       1.638520         2.717018e-01      
   2.759340       1.741102         2.825096e-01      
   2.759340       1.844381         2.923232e-01      
   2.759340       1.948080         3.011112e-01      
   2.759340       2.051920         3.088837e-01      
   2.759340       2.155619         3.156961e-01      
   2.759340       2.258898         3.216490e-01      
   2.759340       2.361480         3.268767e-01      
   2.759340       2.463087         3.315229e-01      
   2.759340       2.563446         3.357100e-01      
   2.759340       2.662286         3.395041e-01      
   2.759340       2.759340         3.428823e-01      
   2.759340       2.854347         3.457190e-01      
   2.759340       2.947052         3.478115e-01      
   2.759340       3.037203         3.489363e-01      
   2.759340       3.124558         3.489082e-01      
   2.759340       3.208881         3.476171e-01      
   2.759340       3.289946         3.450407e-01      
   2.759340       3.367533         3.412395e-01      
   2.759340       3.441433         3.363431e-01      
   2.759340       3.511448         3.305325e-01      
   2.759340       3.577387         3.240212e-01      
   2.759340       3.639075         3.170369e-01      
   2.759340       3.696344         3.098080e-01      
   2.759340       3.749040         3.025524e-01      
   2.759340       3.797021         2.954705e-01      
   2.759340       3.840157         2.887405e-01      
   2.759340       3.878333         2.825164e-01      
   2.759340       3.911445         2.769276e-01      
   2.759340       3.939404         2.720799e-01      
   2.759340       3.962134         2.680573e-01      
   2.759340       3.979576         2.649239e-01      
   2.759340       3.991681         2.627263e-01      
   2.759340       3.998420         2.614950e-01      
   2.759340       4.008294         2.596813e-01      
   2.759340       4.043674         2.530910e-01      
   2.759340       4.107227         2.409374e-01      
   2.759340       4.198794         2.228816e-01      
   2.759340       4.318131         1.988202e-01      
   2.759340       4.464916         1.692658e-01      
   2.759340       4.638754         1.357117e-01      
   2.759340       4.839176         1.007803e-01      
   2.759340       5.065642         6.791751e-02      
   2.759340       5.317541         4.052704e-02      
   2.759340       5.594194         2.080031e-02      
   2.759340       5.894856         8.888924e-03      
   2.759340       6.218716         3.064725e-03      
   2.759340       6.564900         8.388899e-04      
   2.759340       6.932477         1.883412e-04      
   2.759340       7.320454         3.822391e-05      
   2.759340       7.727785         7.195702e-06      
   2.759340       8.153374         1.027385e-06      
   2.759340       8.596072         7.157261e-08      
   2.759340       9.054685         -2.839355e-09     
   2.759340       9.527979         -6.367590e-10     
   2.759340       10.014676        3.153353e-11      
   2.759340       10.513464        7.754518e-12      
   2.759340       11.023000        -1.300997e-13     
   2.759340       11.541909        -6.061020e-14     
   2.759340       12.068793        -1.188448e-15     
   2.759340       12.602230        1.514637e-16      
   2.759340       13.140784        4.520111e-18      
   2.759340       13.683002        -1.280831e-19     
   2.759340       14.227422        -4.363880e-21     
   2.759340       14.772578        4.349864e-23      
   2.759340       15.316998        1.860489e-24      
   2.759340       15.859216        -8.923663e-27     
   2.759340       16.397770        -3.968932e-28     
   2.759340       16.931207        1.723618e-30      
   2.759340       17.458091        5.441167e-32      
   2.759340       17.977000        -4.900503e-34     
   2.759340       18.486536        -7.193601e-36     
   2.759340       18.985324        1.734058e-37      
   2.759340       19.472021        -2.885128e-38     
   2.759340       19.945315        -3.508866e-36     
   2.759340       20.403928        -4.027306e-34     
   2.759340       20.846626        -4.150807e-32     
   2.759340       21.272215        -3.746641e-30     
   2.759340       21.679546        -2.889489e-28     
   2.759340       22.067523        -1.859019e-26     
   2.759340       22.435100        -9.742048e-25     
   2.759340       22.781284        -4.070004e-23     
   2.759340       23.105144        -1.324387e-21     
   2.759340       23.405806        -3.295513e-20     
   2.759340       23.682459        -6.181963e-19     
   2.759340       23.934358        -8.453395e-18     
   2.759340       24.160824        -8.554492e-17     
   2.759340       24.361246        -6.434792e-16     
   2.759340       24.535084        -3.264733e-15     
   2.759340       24.681869        -1.095765e-14     
   2.759340       24.801206        -2.719589e-14     
   2.759340       24.892773        -5.960645e-14     
   2.759340       24.956326        -1.463570e-13     
   2.759340       24.991706        -6.392829e-13     
   2.854347       0.001580         2.925345e-04      
   2.854347       0.008319         1.540488e-03      
   2.854347       0.020424         3.782292e-03      
   2.854347       0.037866         7.013385e-03      
   2.854347       0.060596         1.122132e-02      
   2.854347       0.088555         1.639982e-02      
   2.854347       0.121667         2.252517e-02      
   2.854347       0.159843         2.957672e-02      
   2.854347       0.202979         3.753453e-02      
   2.854347       0.250960         4.637043e-02      
   2.854347       0.303656         5.605047e-02      
   2.854347       0.360925         6.653527e-02      
   2.854347       0.422613         7.777903e-02      
   2.854347       0.488552         8.972871e-02      
   2.854347       0.558567         1.023234e-01      
   2.854347       0.632467         1.154943e-01      
   2.854347       0.710054         1.291644e-01      
   2.854347       0.791119         1.432482e-01      
   2.854347       0.875442         1.576494e-01      
   2.854347       0.962797         1.722607e-01      
   2.854347       1.052948         1.869649e-01      
   2.854347       1.145653         2.016362e-01      
   2.854347       1.240660         2.161414e-01      
   2.854347       1.337714         2.303400e-01      
   2.854347       1.436554         2.440886e-01      
   2.854347       1.536913         2.572463e-01      
   2.854347       1.638520         2.696802e-01      
   2.854347       1.741102         2.812698e-01      
   2.854347       1.844381         2.919148e-01      
   2.854347       1.948080         3.015448e-01      
   2.854347       2.051920         3.101255e-01      
   2.854347       2.155619         3.176619e-01      
   2.854347       2.258898         3.242023e-01      
   2.854347       2.361480         3.298382e-01      
   2.854347       2.463087         3.346912e-01      
   2.854347       2.563446         3.388906e-01      
   2.854347       2.662286         3.425464e-01      
   2.854347       2.759340         3.457190e-01      
   2.854347       2.854347         3.483919e-01      
   2.854347       2.947052         3.504632e-01      
   2.854347       3.037203         3.517703e-01      
   2.854347       3.124558         3.521394e-01      
   2.854347       3.208881         3.514345e-01      
   2.854347       3.289946         3.495874e-01      
   2.854347       3.367533         3.466065e-01      
   2.854347       3.441433         3.425717e-01      
   2.854347       3.511448         3.376208e-01      
   2.854347       3.577387         3.319328e-01      
   2.854347       3.639075         3.257118e-01      
   2.854347       3.696344         3.191710e-01      
   2.854347       3.749040         3.125210e-01      
   2.854347       3.797021         3.059603e-01      
   2.854347       3.840157         2.996696e-01      
   2.854347       3.878333         2.938081e-01      
   2.854347       3.911445         2.885121e-01      
   2.854347       3.939404         2.838948e-01      
   2.854347       3.962134         2.800476e-01      
   2.854347       3.979576         2.770414e-01      
   2.854347       3.991681         2.749282e-01      
   2.854347       3.998420         2.737426e-01      
   2.854347       4.008294         2.719938e-01      
   2.854347       4.043674         2.656183e-01      
   2.854347       4.107227         2.537776e-01      
   2.854347       4.198794         2.360033e-01      
   2.854347       4.318131         2.120063e-01      
   2.854347       4.464916         1.820829e-01      
   2.854347       4.638754         1.475397e-01      
   2.854347       4.839176         1.109290e-01      
   2.854347       5.065642         7.582502e-02      
   2.854347       5.317541         4.597288e-02      
   2.854347       5.594194         2.401282e-02      
   2.854347       5.894856         1.045402e-02      
   2.854347       6.218716         3.669242e-03      
   2.854347       6.564900         1.016856e-03      
   2.854347       6.932477         2.277130e-04      
   2.854347       7.320454         4.528865e-05      
   2.854347       7.727785         8.430947e-06      
   2.854347       8.153374         1.234108e-06      
   2.854347       8.596072         9.523448e-08      
   2.854347       9.054685         -1.887493e-09     
   2.854347       9.527979         -7.362478e-10     
   2.854347       10.014676        2.255842e-11      
   2.854347       10.513464        8.204939e-12      
   2.854347       11.023000        -9.358763e-14     
   2.854347       11.541909        -6.487418e-14     
   2.854347       12.068793        -1.458412e-15     
   2.854347       12.602230        1.616180e-16      
   2.854347       13.140784        5.231122e-18      
   2.854347       13.683002        -1.333455e-19     
   2.854347       14.227422        -4.996304e-21     
   2.854347       14.772578        4.311743e-23      
   2.854347       15.316998        2.131216e-24      
   2.854347       15.859216        -8.609336e-27     
   2.854347       16.397770        -4.565600e-28     
   2.854347       16.931207        1.771871e-30      
   2.854347       17.458091        6.295015e-32      
   2.854347       17.977000        -5.497340e-34     
   2.854347       18.486536        -8.377340e-36     
   2.854347       18.985324        2.002432e-37      
   2.854347       19.472021        -2.587991e-38     
   2.854347       19.945315        -3.127128e-36     
   2.854347       20.403928        -3.591017e-34     
   2.854347       20.846626        -3.702909e-32     
   2.854347       21.272215        -3.343826e-30     
   2.854347       21.679546        -2.579875e-28     
   2.854347       22.067523        -1.660440e-26     
   2.854347       22.435100        -8.704390e-25     
   2.854347       22.781284        -3.637640e-23     
   2.854347       23.105144        -1.184035e-21     
   2.854347       23.405806        -2.947048e-20     
   2.854347       23.682459        -5.529607e-19     
   2.854347       23.934358        -7.562941e-18     
   2.854347       24.160824        -7.654925e-17     
   2.854347       24.361246        -5.759121e-16     
   2.854347       24.535084        -2.922314e-15     
   2.854347       24.681869        -9.809544e-15     
   2.854347       24.801206        -2.434940e-14     
   2.854347       24.892773        -5.337390e-14     
   2.854347       24.956326        -1.310632e-13     
   2.854347       24.991706        -5.724824e-13     
   2.947052       0.001580         2.791523e-04      
   2.947052       0.008319         1.470018e-03      
   2.947052       0.020424         3.609279e-03      
   2.947052       0.037866         6.692630e-03      
   2.947052       0.060596         1.070879e-02      
   2.947052       0.088555         1.565166e-02      
   2.947052       0.121667         2.150015e-02      
   2.947052       0.159843         2.823556e-02      
   2.947052       0.202979         3.584079e-02      
   2.947052       0.250960         4.429135e-02      
   2.947052       0.303656         5.355775e-02      
   2.947052       0.360925         6.360622e-02      
   2.947052       0.422613         7.439820e-02      
   2.947052       0.488552         8.589007e-02      
   2.947052       0.558567         9.803228e-02      
   2.947052       0.632467         1.107685e-01      
   2.947052       0.710054         1.240345e-01      
   2.947052       0.791119         1.377580e-01      
   2.947052       0.875442         1.518577e-01      
   2.947052       0.962797         1.662425e-01      
   2.947052       1.052948         1.808109e-01      
   2.947052       1.145653         1.954505e-01      
   2.947052       1.240660         2.100391e-01      
   2.947052       1.337714         2.244462e-01      
   2.947052       1.436554         2.385344e-01      
   2.947052       1.536913         2.521620e-01      
   2.947052       1.638520         2.651890e-01      
   2.947052       1.741102         2.774823e-01      
   2.947052       1.844381         2.889211e-01      
   2.947052       1.948080         2.994045e-01      
   2.947052       2.051920         3.088601e-01      
   2.947052       2.155619         3.172503e-01      
   2.947052       2.258898         3.245763e-01      
   2.947052       2.361480         3.308804e-01      
   2.947052       2.463087         3.362448e-01      
   2.947052       2.563446         3.407798e-01      
   2.947052       2.662286         3.446023e-01      
   2.947052       2.759340         3.478115e-01      
   2.947052       2.854347         3.504632e-01      
   2.947052       2.947052         3.525481e-01      
   2.947052       3.037203         3.539876e-01      
   2.947052       3.124558         3.546568e-01      
   2.947052       3.208881         3.544272e-01      
   2.947052       3.289946         3.532066e-01      
   2.947052       3.367533         3.509638e-01      
   2.947052       3.441433         3.477340e-01      
   2.947052       3.511448         3.436122e-01      
   2.947052       3.577387         3.387413e-01      
   2.947052       3.639075         3.332966e-01      
   2.947052       3.696344         3.274715e-01      
   2.947052       3.749040         3.214645e-01      
   2.947052       3.797021         3.154684e-01      
   2.947052       3.840157         3.096627e-01      
   2.947052       3.878333         3.042092e-01      
   2.947052       3.911445         2.992486e-01      
   2.947052       3.939404         2.949000e-01      
   2.947052       3.962134         2.912608e-01      
   2.947052       3.979576         2.884074e-01      
   2.947052       3.991681         2.863968e-01      
   2.947052       3.998420         2.852670e-01      
   2.947052       4.008294         2.835984e-01      
   2.947052       4.043674         2.774931e-01      
   2.947052       4.107227         2.660691e-01      
   2.947052       4.198794         2.487307e-01      
   2.947052       4.318131         2.249992e-01      
   2.947052       4.464916         1.949372e-01      
   2.947052       4.638754         1.596298e-01      
   2.947052       4.839176         1.215134e-01      
   2.947052       5.065642         8.424769e-02      
   2.947052       5.317541         5.190280e-02      
   2.947052       5.594194         2.759254e-02      
   2.947052       5.894856         1.224059e-02      
   2.947052       6.218716         4.376637e-03      
   2.947052       6.564900         1.230085e-03      
   2.947052       6.932477         2.756313e-04      
   2.947052       7.320454         5.381957e-05      
   2.947052       7.727785         9.878184e-06      
   2.947052       8.153374         1.475142e-06      
   2.947052       8.596072         1.239564e-07      
   2.947052       9.054685         -5.138186e-10     
   2.947052       9.527979         -8.335124e-10     
   2.947052       10.014676        1.117698e-11      
   2.947052       10.513464        8.548653e-12      
   2.947052       11.023000        -5.185378e-14     
   2.947052       11.541909        -6.904531e-14     
   2.947052       12.068793        -1.757398e-15     
   2.947052       12.602230        1.716859e-16      
   2.947052       13.140784        6.018873e-18      
   2.947052       13.683002        -1.377135e-19     
   2.947052       14.227422        -5.696287e-21     
   2.947052       14.772578        4.185410e-23      
   2.947052       15.316998        2.432701e-24      
   2.947052       15.859216        -8.040168e-27     
   2.947052       16.397770        -5.235402e-28     
   2.947052       16.931207        1.797691e-30      
   2.947052       17.458091        7.263532e-32      
   2.947052       17.977000        -6.156889e-34     
   2.947052       18.486536        -9.737523e-36     
   2.947052       18.985324        2.309624e-37      
   2.947052       19.472021        -2.312004e-38     
   2.947052       19.945315        -2.769350e-36     
   2.947052       20.403928        -3.181766e-34     
   2.947052       20.846626        -3.282435e-32     
   2.947052       21.272215        -2.965396e-30     
   2.947052       21.679546        -2.288804e-28     
   2.947052       22.067523        -1.473636e-26     
   2.947052       22.435100        -7.727685e-25     
   2.947052       22.781284        -3.230450e-23     
   2.947052       23.105144        -1.051788e-21     
   2.947052       23.405806        -2.618554e-20     
   2.947052       23.682459        -4.914374e-19     
   2.947052       23.934358        -6.722840e-18     
   2.947052       24.160824        -6.805915e-17     
   2.947052       24.361246        -5.121214e-16     
   2.947052       24.535084        -2.598956e-15     
   2.947052       24.681869        -8.725115e-15     
   2.947052       24.801206        -2.166020e-14     
   2.947052       24.892773        -4.748433e-14     
   2.947052       24.956326        -1.166084e-13     
   2.947052       24.991706        -5.093412e-13     
   3.037203       0.001580         2.643341e-04      
   3.037203       0.008319         1.391985e-03      
   3.037203       0.020424         3.417681e-03      
   3.037203       0.037866         6.337382e-03      
   3.037203       0.060596         1.014097e-02      
   3.037203       0.088555         1.482247e-02      
   3.037203       0.121667         2.036324e-02      
   3.037203       0.159843         2.674640e-02      
   3.037203       0.202979         3.395751e-02      
   3.037203       0.250960         4.197569e-02      
   3.037203       0.303656         5.077594e-02      
   3.037203       0.360925         6.032999e-02      
   3.037203       0.422613         7.060619e-02      
   3.037203       0.488552         8.156950e-02      
   3.037203       0.558567         9.318068e-02      
   3.037203       0.632467         1.053951e-01      
   3.037203       0.710054         1.181611e-01      
   3.037203       0.791119         1.314199e-01      
   3.037203       0.875442         1.451045e-01      
   3.037203       0.962797         1.591398e-01      
   3.037203       1.052948         1.734406e-01      
   3.037203       1.145653         1.879093e-01      
   3.037203       1.240660         2.024374e-01      
   3.037203       1.337714         2.169061e-01      
   3.037203       1.436554         2.311877e-01      
   3.037203       1.536913         2.451455e-01      
   3.037203       1.638520         2.586385e-01      
   3.037203       1.741102         2.715267e-01      
   3.037203       1.844381         2.836769e-01      
   3.037203       1.948080         2.949671e-01      
   3.037203       2.051920         3.052950e-01      
   3.037203       2.155619         3.145870e-01      
   3.037203       2.258898         3.228034e-01      
   3.037203       2.361480         3.299413e-01      
   3.037203       2.463087         3.360379e-01      
   3.037203       2.563446         3.411682e-01      
   3.037203       2.662286         3.454324e-01      
   3.037203       2.759340         3.489363e-01      
   3.037203       2.854347         3.517703e-01      
   3.037203       2.947052         3.539876e-01      
   3.037203       3.037203         3.555871e-01      
   3.037203       3.124558         3.565124e-01      
   3.037203       3.208881         3.566738e-01      
   3.037203       3.289946         3.559835e-01      
   3.037203       3.367533         3.543891e-01      
   3.037203       3.441433         3.518910e-01      
   3.037203       3.511448         3.485464e-01      
   3.037203       3.577387         3.444624e-01      
   3.037203       3.639075         3.397840e-01      
   3.037203       3.696344         3.346814e-01      
   3.037203       3.749040         3.293366e-01      
   3.037203       3.797021         3.239324e-01      
   3.037203       3.840157         3.186440e-01      
   3.037203       3.878333         3.136325e-01      
   3.037203       3.911445         3.090408e-01      
   3.037203       3.939404         3.049918e-01      
   3.037203       3.962134         3.015873e-01      
   3.037203       3.979576         2.989084e-01      
   3.037203       3.991681         2.970158e-01      
   3.037203       3.998420         2.959506e-01      
   3.037203       4.008294         2.943751e-01      
   3.037203       4.043674         2.885886e-01      
   3.037203       4.107227         2.776746e-01      
   3.037203       4.198794         2.609166e-01      
   3.037203       4.318131         2.376463e-01      
   3.037203       4.464916         2.076810e-01      
   3.037203       4.638754         1.718536e-01      
   3.037203       4.839176         1.324372e-01      
   3.037203       5.065642         9.312878e-02      
   3.037203       5.317541         5.829646e-02      
   3.037203       5.594194         3.154303e-02      
   3.037203       5.894856         1.426068e-02      
   3.037203       6.218716         5.196797e-03      
   3.037203       6.564900         1.483394e-03      
   3.037203       6.932477         3.335821e-04      
   3.037203       7.320454         6.410089e-05      
   3.037203       7.727785         1.157203e-05      
   3.037203       8.153374         1.754485e-06      
   3.037203       8.596072         1.584100e-07      
   3.037203       9.054685         1.371627e-09      
   3.037203       9.527979         -9.231577e-10     
   3.037203       10.014676        -2.768439e-12     
   3.037203       10.513464        8.748138e-12      
   3.037203       11.023000        -5.779941e-15     
   3.037203       11.541909        -7.305035e-14     
   3.037203       12.068793        -2.083898e-15     
   3.037203       12.602230        1.815422e-16      
   3.037203       13.140784        6.883934e-18      
   3.037203       13.683002        -1.409687e-19     
   3.037203       14.227422        -6.464902e-21     
   3.037203       14.772578        3.955041e-23      
   3.037203       15.316998        2.765976e-24      
   3.037203       15.859216        -7.170299e-27     
   3.037203       16.397770        -5.982073e-28     
   3.037203       16.931207        1.795452e-30      
   3.037203       17.458091        8.355041e-32      
   3.037203       17.977000        -6.882230e-34     
   3.037203       18.486536        -1.129143e-35     
   3.037203       18.985324        2.659497e-37      
   3.037203       19.472021        -2.061038e-38     
   3.037203       19.945315        -2.440202e-36     
   3.037203       20.403928        -2.804968e-34     
   3.037203       20.846626        -2.895020e-32     
   3.037203       21.272215        -2.616484e-30     
   3.037203       21.679546        -2.020267e-28     
   3.037203       22.067523        -1.301193e-26     
   3.037203       22.435100        -6.825578e-25     
   3.037203       22.781284        -2.854171e-23     
   3.037203       23.105144        -9.295237e-22     
   3.037203       23.405806        -2.314726e-20     
   3.037203       23.682459        -4.345116e-19     
   3.037203       23.934358        -5.945251e-18     
   3.037203       24.160824        -6.019816e-17     
   3.037203       24.361246        -4.530402e-16     
   3.037203       24.535084        -2.299403e-15     
   3.037203       24.681869        -7.720330e-15     
   3.037203       24.801206        -1.916799e-14     
   3.037203       24.892773        -4.202504e-14     
   3.037203       24.956326        -1.032074e-13     
   3.037203       24.991706        -4.508004e-13     
   3.124558       0.001580         2.487376e-04      
   3.124558       0.008319         1.309855e-03      
   3.124558       0.020424         3.216007e-03      
   3.124558       0.037866         5.963396e-03      
   3.124558       0.060596         9.542997e-03      
   3.124558       0.088555         1.394877e-02      
   3.124558       0.121667         1.916418e-02      
   3.124558       0.159843         2.517387e-02      
   3.124558       0.202979         3.196571e-02      
   3.124558       0.250960         3.952232e-02      
   3.124558       0.303656         4.782336e-02      
   3.124558       0.360925         5.684633e-02      
   3.124558       0.422613         6.656626e-02      
   3.124558       0.488552         7.695559e-02      
   3.124558       0.558567         8.798355e-02      
   3.124558       0.632467         9.961559e-02      
   3.124558       0.710054         1.118123e-01      
   3.124558       0.791119         1.245284e-01      
   3.124558       0.875442         1.377114e-01      
   3.124558       0.962797         1.513005e-01      
   3.124558       1.052948         1.652253e-01      
   3.124558       1.145653         1.794049e-01      
   3.124558       1.240660         1.937459e-01      
   3.124558       1.337714         2.081430e-01      
   3.124558       1.436554         2.224792e-01      
   3.124558       1.536913         2.366272e-01      
   3.124558       1.638520         2.504507e-01      
   3.124558       1.741102         2.638084e-01      
   3.124558       1.844381         2.765595e-01      
   3.124558       1.948080         2.885692e-01      
   3.124558       2.051920         2.997147e-01      
   3.124558       2.155619         3.098930e-01      
   3.124558       2.258898         3.190294e-01      
   3.124558       2.361480         3.270824e-01      
   3.124558       2.463087         3.340468e-01      
   3.124558       2.563446         3.399562e-01      
   3.124558       2.662286         3.448794e-01      
   3.124558       2.759340         3.489082e-01      
   3.124558       2.854347         3.521394e-01      
   3.124558       2.947052         3.546568e-01      
   3.124558       3.037203         3.565124e-01      
   3.124558       3.124558         3.577140e-01      
   3.124558       3.208881         3.582271e-01      
   3.124558       3.289946         3.579941e-01      
   3.124558       3.367533         3.569642e-01      
   3.124558       3.441433         3.551190e-01      
   3.124558       3.511448         3.524862e-01      
   3.124558       3.577387         3.491411e-01      
   3.124558       3.639075         3.451991e-01      
   3.124558       3.696344         3.408056e-01      
   3.124558       3.749040         3.361232e-01      
   3.124558       3.797021         3.313218e-01      
   3.124558       3.840157         3.265685e-01      
   3.124558       3.878333         3.220210e-01      
   3.124558       3.911445         3.178216e-01      
   3.124558       3.939404         3.140949e-01      
   3.124558       3.962134         3.109456e-01      
   3.124558       3.979576         3.084579e-01      
   3.124558       3.991681         3.066954e-01      
   3.124558       3.998420         3.057017e-01      
   3.124558       4.008294         3.042298e-01      
   3.124558       4.043674         2.988019e-01      
   3.124558       4.107227         2.884772e-01      
   3.124558       4.198794         2.724283e-01      
   3.124558       4.318131         2.498030e-01      
   3.124558       4.464916         2.201663e-01      
   3.124558       4.638754         1.840739e-01      
   3.124558       4.839176         1.435896e-01      
   3.124558       5.065642         1.023949e-01      
   3.124558       5.317541         6.511894e-02      
   3.124558       5.594194         3.585812e-02      
   3.124558       5.894856         1.652161e-02      
   3.124558       6.218716         6.138143e-03      
   3.124558       6.564900         1.781437e-03      
   3.124558       6.932477         4.031163e-04      
   3.124558       7.320454         7.644564e-05      
   3.124558       7.727785         1.355098e-05      
   3.124558       8.153374         2.076183e-06      
   3.124558       8.596072         1.992517e-07      
   3.124558       9.054685         3.863543e-09      
   3.124558       9.527979         -9.986236e-10     
   3.124558       10.014676        -1.935753e-11     
   3.124558       10.513464        8.763873e-12      
   3.124558       11.023000        4.333081e-14      
   3.124558       11.541909        -7.681808e-14     
   3.124558       12.068793        -2.435353e-15     
   3.124558       12.602230        1.910659e-16      
   3.124558       13.140784        7.825165e-18      
   3.124558       13.683002        -1.428970e-19     
   3.124558       14.227422        -7.301791e-21     
   3.124558       14.772578        3.605133e-23      
   3.124558       15.316998        3.131493e-24      
   3.124558       15.859216        -5.954109e-27     
   3.124558       16.397770        -6.808150e-28     
   3.124558       16.931207        1.759327e-30      
   3.124558       17.458091        9.576423e-32      
   3.124558       17.977000        -7.675641e-34     
   3.124558       18.486536        -1.305507e-35     
   3.124558       18.985324        3.055677e-37      
   3.124558       19.472021        -1.836984e-38     
   3.124558       19.945315        -2.141901e-36     
   3.124558       20.403928        -2.463229e-34     
   3.124558       20.846626        -2.543413e-32     
   3.124558       21.272215        -2.299618e-30     
   3.124558       21.679546        -1.776252e-28     
   3.124558       22.067523        -1.144411e-26     
   3.124558       22.435100        -6.004986e-25     
   3.124558       22.781284        -2.511733e-23     
   3.124558       23.105144        -8.182080e-22     
   3.124558       23.405806        -2.037996e-20     
   3.124558       23.682459        -3.826441e-19     
   3.124558       23.934358        -5.236530e-18     
   3.124558       24.160824        -5.303119e-17     
   3.124558       24.361246        -3.991605e-16     
   3.124558       24.535084        -2.026168e-15     
   3.124558       24.681869        -6.803657e-15     
   3.124558       24.801206        -1.689390e-14     
   3.124558       24.892773        -3.704259e-14     
   3.124558       24.956326        -9.097527e-14     
   3.124558       24.991706        -3.973633e-13     
   3.208881       0.001580         2.328176e-04      
   3.208881       0.008319         1.226020e-03      
   3.208881       0.020424         3.010151e-03      
   3.208881       0.037866         5.581649e-03      
   3.208881       0.060596         8.932553e-03      
   3.208881       0.088555         1.305681e-02      
   3.208881       0.121667         1.793986e-02      
   3.208881       0.159843         2.356777e-02      
   3.208881       0.202979         2.993052e-02      
   3.208881       0.250960         3.701389e-02      
   3.208881       0.303656         4.480165e-02      
   3.208881       0.360925         5.327649e-02      
   3.208881       0.422613         6.241948e-02      
   3.208881       0.488552         7.220985e-02      
   3.208881       0.558567         8.262447e-02      
   3.208881       0.632467         9.363781e-02      
   3.208881       0.710054         1.052213e-01      
   3.208881       0.791119         1.173423e-01      
   3.208881       0.875442         1.299614e-01      
   3.208881       0.962797         1.430317e-01      
   3.208881       1.052948         1.564971e-01      
   3.208881       1.145653         1.702922e-01      
   3.208881       1.240660         1.843396e-01      
   3.208881       1.337714         1.985484e-01      
   3.208881       1.436554         2.128142e-01      
   3.208881       1.536913         2.270207e-01      
   3.208881       1.638520         2.410402e-01      
   3.208881       1.741102         2.547350e-01      
   3.208881       1.844381         2.679622e-01      
   3.208881       1.948080         2.805797e-01      
   3.208881       2.051920         2.924515e-01      
   3.208881       2.155619         3.034536e-01      
   3.208881       2.258898         3.134828e-01      
   3.208881       2.361480         3.224645e-01      
   3.208881       2.463087         3.303566e-01      
   3.208881       2.563446         3.371530e-01      
   3.208881       2.662286         3.428850e-01      
   3.208881       2.759340         3.476171e-01      
   3.208881       2.854347         3.514345e-01      
   3.208881       2.947052         3.544272e-01      
   3.208881       3.037203         3.566738e-01      
   3.208881       3.124558         3.582271e-01      
   3.208881       3.208881         3.591050e-01      
   3.208881       3.289946         3.592934e-01      
   3.208881       3.367533         3.587641e-01      
   3.208881       3.441433         3.574987e-01      
   3.208881       3.511448         3.555084e-01      
   3.208881       3.577387         3.528437e-01      
   3.208881       3.639075         3.495935e-01      
   3.208881       3.696344         3.458788e-01      
   3.208881       3.749040         3.418423e-01      
   3.208881       3.797021         3.376384e-01      
   3.208881       3.840157         3.334237e-01      
   3.208881       3.878333         3.293494e-01      
   3.208881       3.911445         3.255551e-01      
   3.208881       3.939404         3.221647e-01      
   3.208881       3.962134         3.192840e-01      
   3.208881       3.979576         3.169990e-01      
   3.208881       3.991681         3.153753e-01      
   3.208881       3.998420         3.144582e-01      
   3.208881       4.008294         3.130974e-01      
   3.208881       4.043674         3.080577e-01      
   3.208881       4.107227         2.983851e-01      
   3.208881       4.198794         2.831537e-01      
   3.208881       4.318131         2.613383e-01      
   3.208881       4.464916         2.322508e-01      
   3.208881       4.638754         1.961501e-01      
   3.208881       4.839176         1.548490e-01      
   3.208881       5.065642         1.119574e-01      
   3.208881       5.317541         7.232047e-02      
   3.208881       5.594194         4.052069e-02      
   3.208881       5.894856         1.902467e-02      
   3.208881       6.218716         7.206842e-03      
   3.208881       6.564900         2.128392e-03      
   3.208881       6.932477         4.857748e-04      
   3.208881       7.320454         9.118541e-05      
   3.208881       7.727785         1.585656e-05      
   3.208881       8.153374         2.444187e-06      
   3.208881       8.596072         2.470887e-07      
   3.208881       9.054685         7.057349e-09      
   3.208881       9.527979         -1.052295e-09     
   3.208881       10.014676        -3.857131e-11     
   3.208881       10.513464        8.556172e-12      
   3.208881       11.023000        9.374974e-14      
   3.208881       11.541909        -8.028344e-14     
   3.208881       12.068793        -2.808113e-15     
   3.208881       12.602230        2.001465e-16      
   3.208881       13.140784        8.839458e-18      
   3.208881       13.683002        -1.433004e-19     
   3.208881       14.227422        -8.204901e-21     
   3.208881       14.772578        3.121316e-23      
   3.208881       15.316998        3.528980e-24      
   3.208881       15.859216        -4.348516e-27     
   3.208881       16.397770        -7.714595e-28     
   3.208881       16.931207        1.683531e-30      
   3.208881       17.458091        1.093247e-31      
   3.208881       17.977000        -8.538314e-34     
   3.208881       18.486536        -1.504208e-35     
   3.208881       18.985324        3.501316e-37      
   3.208881       19.472021        -1.640288e-38     
   3.208881       19.945315        -1.874889e-36     
   3.208881       20.403928        -2.157121e-34     
   3.208881       20.846626        -2.228262e-32     
   3.208881       21.272215        -2.015438e-30     
   3.208881       21.679546        -1.557286e-28     
   3.208881       22.067523        -1.003651e-26     
   3.208881       22.435100        -5.267908e-25     
   3.208881       22.781284        -2.204012e-23     
   3.208881       23.105144        -7.181379e-22     
   3.208881       23.405806        -1.789130e-20     
   3.208881       23.682459        -3.359836e-19     
   3.208881       23.934358        -4.598768e-18     
   3.208881       24.160824        -4.657996e-17     
   3.208881       24.361246        -3.506495e-16     
   3.208881       24.535084        -1.780112e-15     
   3.208881       24.681869        -5.978031e-15     
   3.208881       24.801206        -1.484532e-14     
   3.208881       24.892773        -3.255344e-14     
   3.208881       24.956326        -7.995287e-14     
   3.208881       24.991706        -3.492099e-13     
   3.289946       0.001580         2.169613e-04      
   3.289946       0.008319         1.142521e-03      
   3.289946       0.020424         2.805128e-03      
   3.289946       0.037866         5.201468e-03      
   3.289946       0.060596         8.324645e-03      
   3.289946       0.088555         1.216876e-02      
   3.289946       0.121667         1.672120e-02      
   3.289946       0.159843         2.196958e-02      
   3.289946       0.202979         2.790582e-02      
   3.289946       0.250960         3.451838e-02      
   3.289946       0.303656         4.179433e-02      
   3.289946       0.360925         4.972038e-02      
   3.289946       0.422613         5.828266e-02      
   3.289946       0.488552         6.746666e-02      
   3.289946       0.558567         7.725671e-02      
   3.289946       0.632467         8.763567e-02      
   3.289946       0.710054         9.858428e-02      
   3.289946       0.791119         1.100801e-01      
   3.289946       0.875442         1.220958e-01      
   3.289946       0.962797         1.345976e-01      
   3.289946       1.052948         1.475435e-01      
   3.289946       1.145653         1.608821e-01      
   3.289946       1.240660         1.745508e-01      
   3.289946       1.337714         1.884739e-01      
   3.289946       1.436554         2.025611e-01      
   3.289946       1.536913         2.167083e-01      
   3.289946       1.638520         2.307978e-01      
   3.289946       1.741102         2.446997e-01      
   3.289946       1.844381         2.582739e-01      
   3.289946       1.948080         2.713757e-01      
   3.289946       2.051920         2.838611e-01      
   3.289946       2.155619         2.955927e-01      
   3.289946       2.258898         3.064461e-01      
   3.289946       2.361480         3.163192e-01      
   3.289946       2.463087         3.251384e-01      
   3.289946       2.563446         3.328626e-01      
   3.289946       2.662286         3.394864e-01      
   3.289946       2.759340         3.450407e-01      
   3.289946       2.854347         3.495874e-01      
   3.289946       2.947052         3.532066e-01      
   3.289946       3.037203         3.559835e-01      
   3.289946       3.124558         3.579941e-01      
   3.289946       3.208881         3.592934e-01      
   3.289946       3.289946         3.599093e-01      
   3.289946       3.367533         3.598473e-01      
   3.289946       3.441433         3.591056e-01      
   3.289946       3.511448         3.576940e-01      
   3.289946       3.577387         3.556485e-01      
   3.289946       3.639075         3.530374e-01      
   3.289946       3.696344         3.499600e-01      
   3.289946       3.749040         3.465394e-01      
   3.289946       3.797021         3.429139e-01      
   3.289946       3.840157         3.392278e-01      
   3.289946       3.878333         3.356240e-01      
   3.289946       3.911445         3.322368e-01      
   3.289946       3.939404         3.291878e-01      
   3.289946       3.962134         3.265819e-01      
   3.289946       3.979576         3.245057e-01      
   3.289946       3.991681         3.230257e-01      
   3.289946       3.998420         3.221881e-01      
   3.289946       4.008294         3.209431e-01      
   3.289946       4.043674         3.163109e-01      
   3.289946       4.107227         3.073349e-01      
   3.289946       4.198794         2.930060e-01      
   3.289946       4.318131         2.721407e-01      
   3.289946       4.464916         2.438036e-01      
   3.289946       4.638754         2.079437e-01      
   3.289946       4.839176         1.660868e-01      
   3.289946       5.065642         1.217149e-01      
   3.289946       5.317541         7.983692e-02      
   3.289946       5.594194         4.550175e-02      
   3.289946       5.894856         2.176400e-02      
   3.289946       6.218716         8.405995e-03      
   3.289946       6.564900         2.527598e-03      
   3.289946       6.932477         5.829868e-04      
   3.289946       7.320454         1.086540e-04      
   3.289946       7.727785         1.853174e-05      
   3.289946       8.153374         2.862152e-06      
   3.289946       8.596072         3.024366e-07      
   3.289946       9.054685         1.104382e-08      
   3.289946       9.527979         -1.075754e-09     
   3.289946       10.014676        -6.027568e-11     
   3.289946       10.513464        8.087542e-12      
   3.289946       11.023000        1.433636e-13      
   3.289946       11.541909        -8.339162e-14     
   3.289946       12.068793        -3.197489e-15     
   3.289946       12.602230        2.086891e-16      
   3.289946       13.140784        9.921567e-18      
   3.289946       13.683002        -1.420075e-19     
   3.289946       14.227422        -9.170275e-21     
   3.289946       14.772578        2.491282e-23      
   3.289946       15.316998        3.957322e-24      
   3.289946       15.859216        -2.315705e-27     
   3.289946       16.397770        -8.700435e-28     
   3.289946       16.931207        1.562639e-30      
   3.289946       17.458091        1.242522e-31      
   3.289946       17.977000        -9.470035e-34     
   3.289946       18.486536        -1.726248e-35     
   3.289946       18.985324        3.998807e-37      
   3.289946       19.472021        -1.470383e-38     
   3.289946       19.945315        -1.638378e-36     
   3.289946       20.403928        -1.885801e-34     
   3.289946       20.846626        -1.948756e-32     
   3.289946       21.272215        -1.763258e-30     
   3.289946       21.679546        -1.362876e-28     
   3.289946       22.067523        -8.786179e-27     
   3.289946       22.435100        -4.612888e-25     
   3.289946       22.781284        -1.930438e-23     
   3.289946       23.105144        -6.291388e-22     
   3.289946       23.405806        -1.567720e-20     
   3.289946       23.682459        -2.944580e-19     
   3.289946       23.934358        -4.031034e-18     
   3.289946       24.160824        -4.083556e-17     
   3.289946       24.361246        -3.074438e-16     
   3.289946       24.535084        -1.560927e-15     
   3.289946       24.681869        -5.242453e-15     
   3.289946       24.801206        -1.301988e-14     
   3.289946       24.892773        -2.855262e-14     
   3.289946       24.956326        -7.012846e-14     
   3.289946       24.991706        -3.062896e-13     
   3.367533       0.001580         2.015442e-04      
   3.367533       0.008319         1.061335e-03      
   3.367533       0.020424         2.605793e-03      
   3.367533       0.037866         4.831833e-03      
   3.367533       0.060596         7.733566e-03      
   3.367533       0.088555         1.130530e-02      
   3.367533       0.121667         1.553627e-02      
   3.367533       0.159843         2.041553e-02      
   3.367533       0.202979         2.593677e-02      
   3.367533       0.250960         3.209074e-02      
   3.367533       0.303656         3.886724e-02      
   3.367533       0.360925         4.625630e-02      
   3.367533       0.422613         5.424826e-02      
   3.367533       0.488552         6.283405e-02      
   3.367533       0.558567         7.200468e-02      
   3.367533       0.632467         8.175057e-02      
   3.367533       0.710054         9.206042e-02      
   3.367533       0.791119         1.029205e-01      
   3.367533       0.875442         1.143139e-01      
   3.367533       0.962797         1.262188e-01      
   3.367533       1.052948         1.386062e-01      
   3.367533       1.145653         1.514378e-01      
   3.367533       1.240660         1.646645e-01      
   3.367533       1.337714         1.782252e-01      
   3.367533       1.436554         1.920445e-01      
   3.367533       1.536913         2.060312e-01      
   3.367533       1.638520         2.200789e-01      
   3.367533       1.741102         2.340672e-01      
   3.367533       1.844381         2.478631e-01      
   3.367533       1.948080         2.613234e-01      
   3.367533       2.051920         2.743006e-01      
   3.367533       2.155619         2.866492e-01      
   3.367533       2.258898         2.982309e-01      
   3.367533       2.361480         3.089222e-01      
   3.367533       2.463087         3.186230e-01      
   3.367533       2.563446         3.272623e-01      
   3.367533       2.662286         3.348021e-01      
   3.367533       2.759340         3.412395e-01      
   3.367533       2.854347         3.466065e-01      
   3.367533       2.947052         3.509638e-01      
   3.367533       3.037203         3.543891e-01      
   3.367533       3.124558         3.569642e-01      
   3.367533       3.208881         3.587641e-01      
   3.367533       3.289946         3.598473e-01      
   3.367533       3.367533         3.602524e-01      
   3.367533       3.441433         3.600030e-01      
   3.367533       3.511448         3.591202e-01      
   3.367533       3.577387         3.576377e-01      
   3.367533       3.639075         3.556116e-01      
   3.367533       3.696344         3.531241e-01      
   3.367533       3.749040         3.502808e-01      
   3.367533       3.797021         3.472043e-01      
   3.367533       3.840157         3.440261e-01      
   3.367533       3.878333         3.408792e-01      
   3.367533       3.911445         3.378917e-01      
   3.367533       3.939404         3.351807e-01      
   3.367533       3.962134         3.328491e-01      
   3.367533       3.979576         3.309824e-01      
   3.367533       3.991681         3.296473e-01      
   3.367533       3.998420         3.288900e-01      
   3.367533       4.008294         3.277625e-01      
   3.367533       4.043674         3.235462e-01      
   3.367533       4.107227         3.152931e-01      
   3.367533       4.198794         3.019264e-01      
   3.367533       4.318131         2.821222e-01      
   3.367533       4.464916         2.547104e-01      
   3.367533       4.638754         2.193245e-01      
   3.367533       4.839176         1.771729e-01      
   3.367533       5.065642         1.315568e-01      
   3.367533       5.317541         8.759105e-02      
   3.367533       5.594194         5.076021e-02      
   3.367533       5.894856         2.472563e-02      
   3.367533       6.218716         9.734829e-03      
   3.367533       6.564900         2.981152e-03      
   3.367533       6.932477         6.959444e-04      
   3.367533       7.320454         1.291642e-04      
   3.367533       7.727785         2.161843e-05      
   3.367533       8.153374         3.333173e-06      
   3.367533       8.596072         3.656713e-07      
   3.367533       9.054685         1.590220e-08      
   3.367533       9.527979         -1.060203e-09     
   3.367533       10.014676        -8.420993e-11     
   3.367533       10.513464        7.325645e-12      
   3.367533       11.023000        1.897613e-13      
   3.367533       11.541909        -8.610287e-14     
   3.367533       12.068793        -3.597898e-15     
   3.367533       12.602230        2.166213e-16      
   3.367533       13.140784        1.106404e-17      
   3.367533       13.683002        -1.388880e-19     
   3.367533       14.227422        -1.019193e-20     
   3.367533       14.772578        1.705904e-23      
   3.367533       15.316998        4.414451e-24      
   3.367533       15.859216        1.735101e-28      
   3.367533       16.397770        -9.762420e-28     
   3.367533       16.931207        1.391986e-30      
   3.367533       17.458091        1.405319e-31      
   3.367533       17.977000        -1.046887e-33     
   3.367533       18.486536        -1.972124e-35     
   3.367533       18.985324        4.549458e-37      
   3.367533       19.472021        -1.326013e-38     
   3.367533       19.945315        -1.430772e-36     
   3.367533       20.403928        -1.647490e-34     
   3.367533       20.846626        -1.703115e-32     
   3.367533       21.272215        -1.541514e-30     
   3.367533       21.679546        -1.191846e-28     
   3.367533       22.067523        -7.685716e-27     
   3.367533       22.435100        -4.036144e-25     
   3.367533       22.781284        -1.689464e-23     
   3.367533       23.105144        -5.507179e-22     
   3.367533       23.405806        -1.372564e-20     
   3.367533       23.682459        -2.578456e-19     
   3.367533       23.934358        -3.530343e-18     
   3.367533       24.160824        -3.576828e-17     
   3.367533       24.361246        -2.693228e-16     
   3.367533       24.535084        -1.367505e-15     
   3.367533       24.681869        -4.593242e-15     
   3.367533       24.801206        -1.140852e-14     
   3.367533       24.892773        -2.502050e-14     
   3.367533       24.956326        -6.145423e-14     
   3.367533       24.991706        -2.683938e-13     
   3.441433       0.001580         1.868690e-04      
   3.441433       0.008319         9.840554e-04      
   3.441433       0.020424         2.416053e-03      
   3.441433       0.037866         4.479965e-03      
   3.441433       0.060596         7.170783e-03      
   3.441433       0.088555         1.048299e-02      
   3.441433       0.121667         1.440733e-02      
   3.441433       0.159843         1.893410e-02      
   3.441433       0.202979         2.405842e-02      
   3.441433       0.250960         2.977314e-02      
   3.441433       0.303656         3.607059e-02      
   3.441433       0.360925         4.294385e-02      
   3.441433       0.422613         5.038694e-02      
   3.441433       0.488552         5.839524e-02      
   3.441433       0.558567         6.696504e-02      
   3.441433       0.632467         7.609293e-02      
   3.441433       0.710054         8.577467e-02      
   3.441433       0.791119         9.600450e-02      
   3.441433       0.875442         1.067743e-01      
   3.441433       0.962797         1.180725e-01      
   3.441433       1.052948         1.298815e-01      
   3.441433       1.145653         1.421751e-01      
   3.441433       1.240660         1.549172e-01      
   3.441433       1.337714         1.680598e-01      
   3.441433       1.436554         1.815415e-01      
   3.441433       1.536913         1.952848e-01      
   3.441433       1.638520         2.091957e-01      
   3.441433       1.741102         2.231644e-01      
   3.441433       1.844381         2.370667e-01      
   3.441433       1.948080         2.507648e-01      
   3.441433       2.051920         2.641119e-01      
   3.441433       2.155619         2.769584e-01      
   3.441433       2.258898         2.891573e-01      
   3.441433       2.361480         3.005704e-01      
   3.441433       2.463087         3.110765e-01      
   3.441433       2.563446         3.205795e-01      
   3.441433       2.662286         3.290129e-01      
   3.441433       2.759340         3.363431e-01      
   3.441433       2.854347         3.425717e-01      
   3.441433       2.947052         3.477340e-01      
   3.441433       3.037203         3.518910e-01      
   3.441433       3.124558         3.551190e-01      
   3.441433       3.208881         3.574987e-01      
   3.441433       3.289946         3.591056e-01      
   3.441433       3.367533         3.600030e-01      
   3.441433       3.441433         3.602396e-01      
   3.441433       3.511448         3.598553e-01      
   3.441433       3.577387         3.588913e-01      
   3.441433       3.639075         3.574005e-01      
   3.441433       3.696344         3.554549e-01      
   3.441433       3.749040         3.531462e-01      
   3.441433       3.797021         3.505829e-01      
   3.441433       3.840157         3.478843e-01      
   3.441433       3.878333         3.451731e-01      
   3.441433       3.911445         3.425698e-01      
   3.441433       3.939404         3.401864e-01      
   3.441433       3.962134         3.381223e-01      
   3.441433       3.979576         3.364613e-01      
   3.441433       3.991681         3.352689e-01      
   3.441433       3.998420         3.345909e-01      
   3.441433       4.008294         3.335796e-01      
   3.441433       4.043674         3.297778e-01      
   3.441433       4.107227         3.222551e-01      
   3.441433       4.198794         3.098844e-01      
   3.441433       4.318131         2.912213e-01      
   3.441433       4.464916         2.648779e-01      
   3.441433       4.638754         2.301747e-01      
   3.441433       4.839176         1.879801e-01      
   3.441433       5.065642         1.413667e-01      
   3.441433       5.317541         9.549448e-02      
   3.441433       5.594194         5.624324e-02      
   3.441433       5.894856         2.788690e-02      
   3.441433       6.218716         1.118798e-02      
   3.441433       6.564900         3.489486e-03      
   3.441433       6.932477         8.254561e-04      
   3.441433       7.320454         1.529778e-04      
   3.441433       7.727785         2.515389e-05      
   3.441433       8.153374         3.859451e-06      
   3.441433       8.596072         4.369742e-07      
   3.441433       9.054685         2.169221e-08      
   3.441433       9.527979         -9.970366e-10     
   3.441433       10.014676        -1.099830e-10     
   3.441433       10.513464        6.246542e-12      
   3.441433       11.023000        2.303642e-13      
   3.441433       11.541909        -8.839664e-14     
   3.441433       12.068793        -4.003077e-15     
   3.441433       12.602230        2.238985e-16      
   3.441433       13.140784        1.225724e-17      
   3.441433       13.683002        -1.338670e-19     
   3.441433       14.227422        -1.126180e-20     
   3.441433       14.772578        7.604499e-24      
   3.441433       15.316998        4.897271e-24      
   3.441433       15.859216        3.135989e-27      
   3.441433       16.397770        -1.089471e-27     
   3.441433       16.931207        1.168128e-30      
   3.441433       17.458091        1.581070e-31      
   3.441433       17.977000        -1.153085e-33     
   3.441433       18.486536        -2.241670e-35     
   3.441433       18.985324        5.153136e-37      
   3.441433       19.472021        -1.205471e-38     
   3.441433       19.945315        -1.249974e-36     
   3.441433       20.403928        -1.439829e-34     
   3.441433       20.846626        -1.488952e-32     
   3.441433       21.272215        -1.348090e-30     
   3.441433       21.679546        -1.042591e-28     
   3.441433       22.067523        -6.724949e-27     
   3.441433       22.435100        -3.532418e-25     
   3.441433       22.781284        -1.478923e-23     
   3.441433       23.105144        -4.821787e-22     
   3.441433       23.405806        -1.201949e-20     
   3.441433       23.682459        -2.258284e-19     
   3.441433       23.934358        -3.092390e-18     
   3.441433       24.160824        -3.133492e-17     
   3.441433       24.361246        -2.359644e-16     
   3.441433       24.535084        -1.198223e-15     
   3.441433       24.681869        -4.024975e-15     
   3.441433       24.801206        -9.997859e-15     
   3.441433       24.892773        -2.192793e-14     
   3.441433       24.956326        -5.385886e-14     
   3.441433       24.991706        -2.352114e-13     
   3.511448       0.001580         1.731206e-04      
   3.511448       0.008319         9.116561e-04      
   3.511448       0.020424         2.238296e-03      
   3.511448       0.037866         4.150303e-03      
   3.511448       0.060596         6.643409e-03      
   3.511448       0.088555         9.712228e-03      
   3.511448       0.121667         1.334875e-02      
   3.511448       0.159843         1.754424e-02      
   3.511448       0.202979         2.229501e-02      
   3.511448       0.250960         2.759574e-02      
   3.511448       0.303656         3.344110e-02      
   3.511448       0.360925         3.982701e-02      
   3.511448       0.422613         4.675075e-02      
   3.511448       0.488552         5.421121e-02      
   3.511448       0.558567         6.220869e-02      
   3.511448       0.632467         7.074465e-02      
   3.511448       0.710054         7.982092e-02      
   3.511448       0.791119         8.943887e-02      
   3.511448       0.875442         9.959821e-02      
   3.511448       0.962797         1.102956e-01      
   3.511448       1.052948         1.215230e-01      
   3.511448       1.145653         1.332653e-01      
   3.511448       1.240660         1.454984e-01      
   3.511448       1.337714         1.581865e-01      
   3.511448       1.436554         1.712807e-01      
   3.511448       1.536913         1.847170e-01      
   3.511448       1.638520         1.984143e-01      
   3.511448       1.741102         2.122743e-01      
   3.511448       1.844381         2.261822e-01      
   3.511448       1.948080         2.400081e-01      
   3.511448       2.051920         2.536097e-01      
   3.511448       2.155619         2.668367e-01      
   3.511448       2.258898         2.795372e-01      
   3.511448       2.361480         2.915637e-01      
   3.511448       2.463087         3.027799e-01      
   3.511448       2.563446         3.130688e-01      
   3.511448       2.662286         3.223397e-01      
   3.511448       2.759340         3.305325e-01      
   3.511448       2.854347         3.376208e-01      
   3.511448       2.947052         3.436122e-01      
   3.511448       3.037203         3.485464e-01      
   3.511448       3.124558         3.524862e-01      
   3.511448       3.208881         3.555084e-01      
   3.511448       3.289946         3.576940e-01      
   3.511448       3.367533         3.591202e-01      
   3.511448       3.441433         3.598553e-01      
   3.511448       3.511448         3.599582e-01      
   3.511448       3.577387         3.594830e-01      
   3.511448       3.639075         3.584873e-01      
   3.511448       3.696344         3.570396e-01      
   3.511448       3.749040         3.552228e-01      
   3.511448       3.797021         3.531344e-01      
   3.511448       3.840157         3.508826e-01      
   3.511448       3.878333         3.485804e-01      
   3.511448       3.911445         3.463404e-01      
   3.511448       3.939404         3.442688e-01      
   3.511448       3.962134         3.424609e-01      
   3.511448       3.979576         3.409976e-01      
   3.511448       3.991681         3.399429e-01      
   3.511448       3.998420         3.393417e-01      
   3.511448       4.008294         3.384430e-01      
   3.511448       4.043674         3.350452e-01      
   3.511448       4.107227         3.282436e-01      
   3.511448       4.198794         3.168775e-01      
   3.511448       4.318131         2.994036e-01      
   3.511448       4.464916         2.742364e-01      
   3.511448       4.638754         2.403937e-01      
   3.511448       4.839176         1.983896e-01      
   3.511448       5.065642         1.510265e-01      
   3.511448       5.317541         1.034505e-01      
   3.511448       5.594194         6.188726e-02      
   3.511448       5.894856         3.121626e-02      
   3.511448       6.218716         1.275492e-02      
   3.511448       6.564900         4.050969e-03      
   3.511448       6.932477         9.717914e-04      
   3.511448       7.320454         1.802703e-04      
   3.511448       7.727785         2.916611e-05      
   3.511448       8.153374         4.441858e-06      
   3.511448       8.596072         5.162754e-07      
   3.511448       9.054685         2.844532e-08      
   3.511448       9.527979         -8.785533e-10     
   3.511448       10.014676        -1.370820e-10     
   3.511448       10.513464        4.837758e-12      
   3.511448       11.023000        2.625997e-13      
   3.511448       11.541909        -9.027369e-14     
   3.511448       12.068793        -4.406351e-15     
   3.511448       12.602230        2.305061e-16      
   3.511448       13.140784        1.348938e-17      
   3.511448       13.683002        -1.269373e-19     
   3.511448       14.227422        -1.236971e-20     
   3.511448       14.772578        -3.442951e-24     
   3.511448       15.316998        5.401600e-24      
   3.511448       15.859216        6.572696e-27      
   3.511448       16.397770        -1.208861e-27     
   3.511448       16.931207        8.893009e-31      
   3.511448       17.458091        1.768718e-31      
   3.511448       17.977000        -1.264964e-33     
   3.511448       18.486536        -2.533900e-35     
   3.511448       18.985324        5.807903e-37      
   3.511448       19.472021        -1.106763e-38     
   3.511448       19.945315        -1.093623e-36     
   3.511448       20.403928        -1.260147e-34     
   3.511448       20.846626        -1.303549e-32     
   3.511448       21.272215        -1.180564e-30     
   3.511448       21.679546        -9.132642e-29     
   3.511448       22.067523        -5.892139e-27     
   3.511448       22.435100        -3.095621e-25     
   3.511448       22.781284        -1.296296e-23     
   3.511448       23.105144        -4.227085e-22     
   3.511448       23.405806        -1.053867e-20     
   3.511448       23.682459        -1.980330e-19     
   3.511448       23.934358        -2.712100e-18     
   3.511448       24.160824        -2.748448e-17     
   3.511448       24.361246        -2.069869e-16     
   3.511448       24.535084        -1.051152e-15     
   3.511448       24.681869        -3.531205e-15     
   3.511448       24.801206        -8.771975e-15     
   3.511448       24.892773        -1.924012e-14     
   3.511448       24.956326        -4.725715e-14     
   3.511448       24.991706        -2.063703e-13     
   3.577387       0.001580         1.603946e-04      
   3.577387       0.008319         8.446413e-04      
   3.577387       0.020424         2.073764e-03      
   3.577387       0.037866         3.845165e-03      
   3.577387       0.060596         6.155223e-03      
   3.577387       0.088555         8.998712e-03      
   3.577387       0.121667         1.236869e-02      
   3.577387       0.159843         1.625726e-02      
   3.577387       0.202979         2.066176e-02      
   3.577387       0.250960         2.557836e-02      
   3.577387       0.303656         3.100372e-02      
   3.577387       0.360925         3.693613e-02      
   3.577387       0.422613         4.337554e-02      
   3.577387       0.488552         5.032377e-02      
   3.577387       0.558567         5.778437e-02      
   3.577387       0.632467         6.576274e-02      
   3.577387       0.710054         7.426565e-02      
   3.577387       0.791119         8.330045e-02      
   3.577387       0.875442         9.287341e-02      
   3.577387       0.962797         1.029883e-01      
   3.577387       1.052948         1.136451e-01      
   3.577387       1.145653         1.248383e-01      
   3.577387       1.240660         1.365544e-01      
   3.577387       1.337714         1.487688e-01      
   3.577387       1.436554         1.614441e-01      
   3.577387       1.536913         1.745286e-01      
   3.577387       1.638520         1.879541e-01      
   3.577387       1.741102         2.016339e-01      
   3.577387       1.844381         2.154635e-01      
   3.577387       1.948080         2.293223e-01      
   3.577387       2.051920         2.430742e-01      
   3.577387       2.155619         2.565719e-01      
   3.577387       2.258898         2.696617e-01      
   3.577387       2.361480         2.821907e-01      
   3.577387       2.463087         2.940123e-01      
   3.577387       2.563446         3.049938e-01      
   3.577387       2.662286         3.150243e-01      
   3.577387       2.759340         3.240212e-01      
   3.577387       2.854347         3.319328e-01      
   3.577387       2.947052         3.387413e-01      
   3.577387       3.037203         3.444624e-01      
   3.577387       3.124558         3.491411e-01      
   3.577387       3.208881         3.528437e-01      
   3.577387       3.289946         3.556485e-01      
   3.577387       3.367533         3.576377e-01      
   3.577387       3.441433         3.588913e-01      
   3.577387       3.511448         3.594830e-01      
   3.577387       3.577387         3.594808e-01      
   3.577387       3.639075         3.589512e-01      
   3.577387       3.696344         3.579646e-01      
   3.577387       3.749040         3.566005e-01      
   3.577387       3.797021         3.549491e-01      
   3.577387       3.840157         3.531098e-01      
   3.577387       3.878333         3.511872e-01      
   3.577387       3.911445         3.492862e-01      
   3.577387       3.939404         3.475070e-01      
   3.577387       3.962134         3.459404e-01      
   3.577387       3.979576         3.446642e-01      
   3.577387       3.991681         3.437400e-01      
   3.577387       3.998420         3.432119e-01      
   3.577387       4.008294         3.424203e-01      
   3.577387       4.043674         3.394089e-01      
   3.577387       4.107227         3.333048e-01      
   3.577387       4.198794         3.229287e-01      
   3.577387       4.318131         3.066610e-01      
   3.577387       4.464916         2.827414e-01      
   3.577387       4.638754         2.499005e-01      
   3.577387       4.839176         2.082942e-01      
   3.577387       5.065642         1.604211e-01      
   3.577387       5.317541         1.113571e-01      
   3.577387       5.594194         6.761952e-02      
   3.577387       5.894856         3.467351e-02      
   3.577387       6.218716         1.441964e-02      
   3.577387       6.564900         4.661568e-03      
   3.577387       6.932477         1.134525e-03      
   3.577387       7.320454         2.110909e-04      
   3.577387       7.727785         3.366816e-05      
   3.577387       8.153374         5.079442e-06      
   3.577387       8.596072         6.031964e-07      
   3.577387       9.054685         3.615605e-08      
   3.577387       9.527979         -6.987763e-10     
   3.577387       10.014676        -1.648937e-10     
   3.577387       10.513464        3.100936e-12      
   3.577387       11.023000        2.841164e-13      
   3.577387       11.541909        -9.175551e-14     
   3.577387       12.068793        -4.800944e-15     
   3.577387       12.602230        2.364575e-16      
   3.577387       13.140784        1.474668e-17      
   3.577387       13.683002        -1.181676e-19     
   3.577387       14.227422        -1.350344e-20     
   3.577387       14.772578        -1.601103e-23     
   3.577387       15.316998        5.922157e-24      
   3.577387       15.859216        1.046555e-26      
   3.577387       16.397770        -1.333244e-27     
   3.577387       16.931207        5.558463e-31      
   3.577387       17.458091        1.966663e-31      
   3.577387       17.977000        -1.381625e-33     
   3.577387       18.486536        -2.846865e-35     
   3.577387       18.985324        6.509658e-37      
   3.577387       19.472021        -1.027742e-38     
   3.577387       19.945315        -9.592674e-37     
   3.577387       20.403928        -1.105661e-34     
   3.577387       20.846626        -1.144070e-32     
   3.577387       21.272215        -1.036398e-30     
   3.577387       21.679546        -8.019275e-29     
   3.577387       22.067523        -5.174913e-27     
   3.577387       22.435100        -2.719320e-25     
   3.577387       22.781284        -1.138914e-23     
   3.577387       23.105144        -3.714449e-22     
   3.577387       23.405806        -9.261875e-21     
   3.577387       23.682459        -1.740615e-19     
   3.577387       23.934358        -2.384061e-18     
   3.577387       24.160824        -2.416244e-17     
   3.577387       24.361246        -1.819819e-16     
   3.577387       24.535084        -9.242270e-16     
   3.577387       24.681869        -3.105023e-15     
   3.577387       24.801206        -7.713762e-15     
   3.577387       24.892773        -1.691969e-14     
   3.577387       24.956326        -4.155747e-14     
   3.577387       24.991706        -1.814703e-13     
   3.639075       0.001580         1.487465e-04      
   3.639075       0.008319         7.833025e-04      
   3.639075       0.020424         1.923172e-03      
   3.639075       0.037866         3.565893e-03      
   3.639075       0.060596         5.708416e-03      
   3.639075       0.088555         8.345738e-03      
   3.639075       0.121667         1.147188e-02      
   3.639075       0.159843         1.507978e-02      
   3.639075       0.202979         1.916760e-02      
   3.639075       0.250960         2.373274e-02      
   3.639075       0.303656         2.877335e-02      
   3.639075       0.360925         3.428949e-02      
   3.639075       0.422613         4.028321e-02      
   3.639075       0.488552         4.675879e-02      
   3.639075       0.558567         5.372266e-02      
   3.639075       0.632467         6.118350e-02      
   3.639075       0.710054         6.915200e-02      
   3.639075       0.791119         7.764005e-02      
   3.639075       0.875442         8.665934e-02      
   3.639075       0.962797         9.621978e-02      
   3.639075       1.052948         1.063283e-01      
   3.639075       1.145653         1.169874e-01      
   3.639075       1.240660         1.281925e-01      
   3.639075       1.337714         1.399291e-01      
   3.639075       1.436554         1.521705e-01      
   3.639075       1.536913         1.648761e-01      
   3.639075       1.638520         1.779894e-01      
   3.639075       1.741102         1.914356e-01      
   3.639075       1.844381         2.051209e-01      
   3.639075       1.948080         2.189340e-01      
   3.639075       2.051920         2.327469e-01      
   3.639075       2.155619         2.464172e-01      
   3.639075       2.258898         2.597925e-01      
   3.639075       2.361480         2.727174e-01      
   3.639075       2.463087         2.850388e-01      
   3.639075       2.563446         2.966129e-01      
   3.639075       2.662286         3.073130e-01      
   3.639075       2.759340         3.170369e-01      
   3.639075       2.854347         3.257118e-01      
   3.639075       2.947052         3.332966e-01      
   3.639075       3.037203         3.397840e-01      
   3.639075       3.124558         3.451991e-01      
   3.639075       3.208881         3.495935e-01      
   3.639075       3.289946         3.530374e-01      
   3.639075       3.367533         3.556116e-01      
   3.639075       3.441433         3.574005e-01      
   3.639075       3.511448         3.584873e-01      
   3.639075       3.577387         3.589512e-01      
   3.639075       3.639075         3.588680e-01      
   3.639075       3.696344         3.583138e-01      
   3.639075       3.749040         3.573687e-01      
   3.639075       3.797021         3.561193e-01      
   3.639075       3.840157         3.546591e-01      
   3.639075       3.878333         3.530858e-01      
   3.639075       3.911445         3.514979e-01      
   3.639075       3.939404         3.499897e-01      
   3.639075       3.962134         3.486474e-01      
   3.639075       3.979576         3.475456e-01      
   3.639075       3.991681         3.467436e-01      
   3.639075       3.998420         3.462837e-01      
   3.639075       4.008294         3.455927e-01      
   3.639075       4.043674         3.429450e-01      
   3.639075       4.107227         3.375035e-01      
   3.639075       4.198794         3.280832e-01      
   3.639075       4.318131         3.130094e-01      
   3.639075       4.464916         2.903724e-01      
   3.639075       4.638754         2.586358e-01      
   3.639075       4.839176         2.176018e-01      
   3.639075       5.065642         1.694416e-01      
   3.639075       5.317541         1.191104e-01      
   3.639075       5.594194         7.336017e-02      
   3.639075       5.894856         3.821058e-02      
   3.639075       6.218716         1.616056e-02      
   3.639075       6.564900         5.314611e-03      
   3.639075       6.932477         1.312401e-03      
   3.639075       7.320454         2.453233e-04      
   3.639075       7.727785         3.865204e-05      
   3.639075       8.153374         5.768876e-06      
   3.639075       8.596072         6.969988e-07      
   3.639075       9.054685         4.477390e-08      
   3.639075       9.527979         -4.543224e-10     
   3.639075       10.014676        -1.927389e-10     
   3.639075       10.513464        1.053937e-12      
   3.639075       11.023000        2.930212e-13      
   3.639075       11.541909        -9.288186e-14     
   3.639075       12.068793        -5.180330e-15     
   3.639075       12.602230        2.417890e-16      
   3.639075       13.140784        1.601353e-17      
   3.639075       13.683002        -1.077074e-19     
   3.639075       14.227422        -1.464894e-20     
   3.639075       14.772578        -2.995591e-23     
   3.639075       15.316998        6.452602e-24      
   3.639075       15.859216        1.477485e-26      
   3.639075       16.397770        -1.461150e-27     
   3.639075       16.931207        1.705909e-31      
   3.639075       17.458091        2.172729e-31      
   3.639075       17.977000        -1.501883e-33     
   3.639075       18.486536        -3.177527e-35     
   3.639075       18.985324        7.251842e-37      
   3.639075       19.472021        -9.661884e-39     
   3.639075       19.945315        -8.444906e-37     
   3.639075       20.403928        -9.736225e-35     
   3.639075       20.846626        -1.007704e-32     
   3.639075       21.272215        -9.130774e-31     
   3.639075       21.679546        -7.066536e-29     
   3.639075       22.067523        -4.560958e-27     
   3.639075       22.435100        -2.397102e-25     
   3.639075       22.781284        -1.004113e-23     
   3.639075       23.105144        -3.275251e-22     
   3.639075       23.405806        -8.167732e-21     
   3.639075       23.682459        -1.535150e-19     
   3.639075       23.934358        -2.102839e-18     
   3.639075       24.160824        -2.131400e-17     
   3.639075       24.361246        -1.605386e-16     
   3.639075       24.535084        -8.153680e-16     
   3.639075       24.681869        -2.739461e-15     
   3.639075       24.801206        -6.805971e-15     
   3.639075       24.892773        -1.492892e-14     
   3.639075       24.956326        -3.666731e-14     
   3.639075       24.991706        -1.601071e-13     
   3.696344       0.001580         1.382124e-04      
   3.696344       0.008319         7.278302e-04      
   3.696344       0.020424         1.786985e-03      
   3.696344       0.037866         3.313348e-03      
   3.696344       0.060596         5.304364e-03      
   3.696344       0.088555         7.755298e-03      
   3.696344       0.121667         1.066104e-02      
   3.696344       0.159843         1.401528e-02      
   3.696344       0.202979         1.781693e-02      
   3.696344       0.250960         2.206433e-02      
   3.696344       0.303656         2.675675e-02      
   3.696344       0.360925         3.189551e-02      
   3.696344       0.422613         3.748426e-02      
   3.696344       0.488552         4.352932e-02      
   3.696344       0.558567         5.003959e-02      
   3.696344       0.632467         5.702657e-02      
   3.696344       0.710054         6.450392e-02      
   3.696344       0.791119         7.248698e-02      
   3.696344       0.875442         8.099170e-02      
   3.696344       0.962797         9.003326e-02      
   3.696344       1.052948         9.962460e-02      
   3.696344       1.145653         1.097747e-01      
   3.696344       1.240660         1.204865e-01      
   3.696344       1.337714         1.317542e-01      
   3.696344       1.436554         1.435609e-01      
   3.696344       1.536913         1.558761e-01      
   3.696344       1.638520         1.686537e-01      
   3.696344       1.741102         1.818301e-01      
   3.696344       1.844381         1.953223e-01      
   3.696344       1.948080         2.090286e-01      
   3.696344       2.051920         2.228294e-01      
   3.696344       2.155619         2.365886e-01      
   3.696344       2.258898         2.501577e-01      
   3.696344       2.361480         2.633810e-01      
   3.696344       2.463087         2.761018e-01      
   3.696344       2.563446         2.881688e-01      
   3.696344       2.662286         2.994435e-01      
   3.696344       2.759340         3.098080e-01      
   3.696344       2.854347         3.191710e-01      
   3.696344       2.947052         3.274715e-01      
   3.696344       3.037203         3.346814e-01      
   3.696344       3.124558         3.408056e-01      
   3.696344       3.208881         3.458788e-01      
   3.696344       3.289946         3.499600e-01      
   3.696344       3.367533         3.531241e-01      
   3.696344       3.441433         3.554549e-01      
   3.696344       3.511448         3.570396e-01      
   3.696344       3.577387         3.579646e-01      
   3.696344       3.639075         3.583138e-01      
   3.696344       3.696344         3.581696e-01      
   3.696344       3.749040         3.576152e-01      
   3.696344       3.797021         3.567368e-01      
   3.696344       3.840157         3.556244e-01      
   3.696344       3.878333         3.543712e-01      
   3.696344       3.911445         3.530701e-01      
   3.696344       3.939404         3.518106e-01      
   3.696344       3.962134         3.506748e-01      
   3.696344       3.979576         3.497337e-01      
   3.696344       3.991681         3.490444e-01      
   3.696344       3.998420         3.486477e-01      
   3.696344       4.008294         3.480497e-01      
   3.696344       4.043674         3.457395e-01      
   3.696344       4.107227         3.409177e-01      
   3.696344       4.198794         3.324033e-01      
   3.696344       4.318131         3.184856e-01      
   3.696344       4.464916         2.971313e-01      
   3.696344       4.638754         2.665618e-01      
   3.696344       4.839176         2.262376e-01      
   3.696344       5.065642         1.779888e-01      
   3.696344       5.317541         1.266081e-01      
   3.696344       5.594194         7.902467e-02      
   3.696344       5.894856         4.177267e-02      
   3.696344       6.218716         1.795083e-02      
   3.696344       6.564900         6.000683e-03      
   3.696344       6.932477         1.503228e-03      
   3.696344       7.320454         2.826498e-04      
   3.696344       7.727785         4.408253e-05      
   3.696344       8.153374         6.503916e-06      
   3.696344       8.596072         7.965422e-07      
   3.696344       9.054685         5.419659e-08      
   3.696344       9.527979         -1.452404e-10     
   3.696344       10.014676        -2.199157e-10     
   3.696344       10.513464        -1.267875e-12     
   3.696344       11.023000        2.881106e-13      
   3.696344       11.541909        -9.370680e-14     
   3.696344       12.068793        -5.538572e-15     
   3.696344       12.602230        2.465534e-16      
   3.696344       13.140784        1.727289e-17      
   3.696344       13.683002        -9.578852e-20     
   3.696344       14.227422        -1.579055e-20     
   3.696344       14.772578        -4.505777e-23     
   3.696344       15.316998        6.985628e-24      
   3.696344       15.859216        1.943742e-26      
   3.696344       16.397770        -1.590819e-27     
   3.696344       16.931207        -2.608590e-31     
   3.696344       17.458091        2.384154e-31      
   3.696344       17.977000        -1.624257e-33     
   3.696344       18.486536        -3.521683e-35     
   3.696344       18.985324        8.025227e-37      
   3.696344       19.472021        -9.198739e-39     
   3.696344       19.945315        -7.469985e-37     
   3.696344       20.403928        -8.614169e-35     
   3.696344       20.846626        -8.917740e-33     
   3.696344       21.272215        -8.081993e-31     
   3.696344       21.679546        -6.256007e-29     
   3.696344       22.067523        -4.038481e-27     
   3.696344       22.435100        -2.122817e-25     
   3.696344       22.781284        -8.893358e-24     
   3.696344       23.105144        -2.901204e-22     
   3.696344       23.405806        -7.235692e-21     
   3.696344       23.682459        -1.360092e-19     
   3.696344       23.934358        -1.863193e-18     
   3.696344       24.160824        -1.888631e-17     
   3.696344       24.361246        -1.422603e-16     
   3.696344       24.535084        -7.225664e-16     
   3.696344       24.681869        -2.427792e-15     
   3.696344       24.801206        -6.031930e-15     
   3.696344       24.892773        -1.323133e-14     
   3.696344       24.956326        -3.249715e-14     
   3.696344       24.991706        -1.418896e-13     
   3.749040       0.001580         1.288059e-04      
   3.749040       0.008319         6.782955e-04      
   3.749040       0.020424         1.665376e-03      
   3.749040       0.037866         3.087842e-03      
   3.749040       0.060596         4.943549e-03      
   3.749040       0.088555         7.228029e-03      
   3.749040       0.121667         9.936905e-03      
   3.749040       0.159843         1.306454e-02      
   3.749040       0.202979         1.661044e-02      
   3.749040       0.250960         2.057372e-02      
   3.749040       0.303656         2.495453e-02      
   3.749040       0.360925         2.975516e-02      
   3.749040       0.422613         3.498048e-02      
   3.749040       0.488552         4.063841e-02      
   3.749040       0.558567         4.673985e-02      
   3.749040       0.632467         5.329853e-02      
   3.749040       0.710054         6.033047e-02      
   3.749040       0.791119         6.785365e-02      
   3.749040       0.875442         7.588736e-02      
   3.749040       0.962797         8.445109e-02      
   3.749040       1.052948         9.356274e-02      
   3.749040       1.145653         1.032367e-01      
   3.749040       1.240660         1.134822e-01      
   3.749040       1.337714         1.243008e-01      
   3.749040       1.436554         1.356842e-01      
   3.749040       1.536913         1.476108e-01      
   3.749040       1.638520         1.600440e-01      
   3.749040       1.741102         1.729303e-01      
   3.749040       1.844381         1.861971e-01      
   3.749040       1.948080         1.997523e-01      
   3.749040       2.051920         2.134844e-01      
   3.749040       2.155619         2.272648e-01      
   3.749040       2.258898         2.409501e-01      
   3.749040       2.361480         2.543863e-01      
   3.749040       2.463087         2.674152e-01      
   3.749040       2.563446         2.798810e-01      
   3.749040       2.662286         2.916369e-01      
   3.749040       2.759340         3.025524e-01      
   3.749040       2.854347         3.125210e-01      
   3.749040       2.947052         3.214645e-01      
   3.749040       3.037203         3.293366e-01      
   3.749040       3.124558         3.361232e-01      
   3.749040       3.208881         3.418423e-01      
   3.749040       3.289946         3.465394e-01      
   3.749040       3.367533         3.502808e-01      
   3.749040       3.441433         3.531462e-01      
   3.749040       3.511448         3.552228e-01      
   3.749040       3.577387         3.566005e-01      
   3.749040       3.639075         3.573687e-01      
   3.749040       3.696344         3.576152e-01      
   3.749040       3.749040         3.574272e-01      
   3.749040       3.797021         3.568922e-01      
   3.749040       3.840157         3.560992e-01      
   3.749040       3.878333         3.551382e-01      
   3.749040       3.911445         3.540986e-01      
   3.749040       3.939404         3.530657e-01      
   3.749040       3.962134         3.521181e-01      
   3.749040       3.979576         3.513236e-01      
   3.749040       3.991681         3.507373e-01      
   3.749040       3.998420         3.503983e-01      
   3.749040       4.008294         3.498853e-01      
   3.749040       4.043674         3.478846e-01      
   3.749040       4.107227         3.436338e-01      
   3.749040       4.198794         3.359636e-01      
   3.749040       4.318131         3.231427e-01      
   3.749040       4.464916         3.030398e-01      
   3.749040       4.638754         2.736610e-01      
   3.749040       4.839176         2.341441e-01      
   3.749040       5.065642         1.859753e-01      
   3.749040       5.317541         1.337521e-01      
   3.749040       5.594194         8.452649e-02      
   3.749040       5.894856         4.529990e-02      
   3.749040       6.218716         1.975887e-02      
   3.749040       6.564900         6.707691e-03      
   3.749040       6.932477         1.703832e-03      
   3.749040       7.320454         3.225250e-04      
   3.749040       7.727785         4.989193e-05      
   3.749040       8.153374         7.274920e-06      
   3.749040       8.596072         9.002585e-07      
   3.749040       9.054685         6.426593e-08      
   3.749040       9.527979         2.242959e-10      
   3.749040       10.014676        -2.457475e-10     
   3.749040       10.513464        -3.811490e-12     
   3.749040       11.023000        2.690683e-13      
   3.749040       11.541909        -9.429324e-14     
   3.749040       12.068793        -5.870617e-15     
   3.749040       12.602230        2.508122e-16      
   3.749040       13.140784        1.850656e-17      
   3.749040       13.683002        -8.272325e-20     
   3.749040       14.227422        -1.691138e-20     
   3.749040       14.772578        -6.102032e-23     
   3.749040       15.316998        7.513106e-24      
   3.749040       15.859216        2.436606e-26      
   3.749040       16.397770        -1.720229e-27     
   3.749040       16.931207        -7.299650e-31     
   3.749040       17.458091        2.597611e-31      
   3.749040       17.977000        -1.746975e-33     
   3.749040       18.486536        -3.873937e-35     
   3.749040       18.985324        8.817839e-37      
   3.749040       19.472021        -8.865955e-39     
   3.749040       19.945315        -6.646719e-37     
   3.749040       20.403928        -7.666253e-35     
   3.749040       20.846626        -7.938004e-33     
   3.749040       21.272215        -7.195358e-31     
   3.749040       21.679546        -5.570577e-29     
   3.749040       22.067523        -3.596522e-27     
   3.749040       22.435100        -1.890741e-25     
   3.749040       22.781284        -7.921983e-24     
   3.749040       23.105144        -2.584577e-22     
   3.749040       23.405806        -6.446577e-21     
   3.749040       23.682459        -1.211852e-19     
   3.749040       23.934358        -1.660230e-18     
   3.749040       24.160824        -1.682992e-17     
   3.749040       24.361246        -1.267757e-16     
   3.749040       24.535084        -6.439416e-16     
   3.749040       24.681869        -2.163710e-15     
   3.749040       24.801206        -5.376017e-15     
   3.749040       24.892773        -1.179270e-14     
   3.749040       24.956326        -2.896304e-14     
   3.749040       24.991706        -1.264511e-13     
   3.797021       0.001580         1.205132e-04      
   3.797021       0.008319         6.346264e-04      
   3.797021       0.020424         1.558167e-03      
   3.797021       0.037866         2.889038e-03      
   3.797021       0.060596         4.625422e-03      
   3.797021       0.088555         6.763091e-03      
   3.797021       0.121667         9.298256e-03      
   3.797021       0.159843         1.222583e-02      
   3.797021       0.202979         1.554577e-02      
   3.797021       0.250960         1.925787e-02      
   3.797021       0.303656         2.336298e-02      
   3.797021       0.360925         2.786424e-02      
   3.797021       0.422613         3.276747e-02      
   3.797021       0.488552         3.808181e-02      
   3.797021       0.558567         4.381959e-02      
   3.797021       0.632467         4.999622e-02      
   3.797021       0.710054         5.662959e-02      
   3.797021       0.791119         6.373983e-02      
   3.797021       0.875442         7.134886e-02      
   3.797021       0.962797         7.947947e-02      
   3.797021       1.052948         8.815354e-02      
   3.797021       1.145653         9.739004e-02      
   3.797021       1.240660         1.072033e-01      
   3.797021       1.337714         1.176013e-01      
   3.797021       1.436554         1.285827e-01      
   3.797021       1.536913         1.401340e-01      
   3.797021       1.638520         1.522268e-01      
   3.797021       1.741102         1.648169e-01      
   3.797021       1.844381         1.778410e-01      
   3.797021       1.948080         1.912162e-01      
   3.797021       2.051920         2.048393e-01      
   3.797021       2.155619         2.185891e-01      
   3.797021       2.258898         2.323280e-01      
   3.797021       2.361480         2.459051e-01      
   3.797021       2.463087         2.591626e-01      
   3.797021       2.563446         2.719423e-01      
   3.797021       2.662286         2.840915e-01      
   3.797021       2.759340         2.954705e-01      
   3.797021       2.854347         3.059603e-01      
   3.797021       2.947052         3.154684e-01      
   3.797021       3.037203         3.239324e-01      
   3.797021       3.124558         3.313218e-01      
   3.797021       3.208881         3.376384e-01      
   3.797021       3.289946         3.429139e-01      
   3.797021       3.367533         3.472043e-01      
   3.797021       3.441433         3.505829e-01      
   3.797021       3.511448         3.531344e-01      
   3.797021       3.577387         3.549491e-01      
   3.797021       3.639075         3.561193e-01      
   3.797021       3.696344         3.567368e-01      
   3.797021       3.749040         3.568922e-01      
   3.797021       3.797021         3.566751e-01      
   3.797021       3.840157         3.561749e-01      
   3.797021       3.878333         3.554802e-01      
   3.797021       3.911445         3.546777e-01      
   3.797021       3.939404         3.538500e-01      
   3.797021       3.962134         3.530724e-01      
   3.797021       3.979576         3.524107e-01      
   3.797021       3.991681         3.519174e-01      
   3.797021       3.998420         3.516306e-01      
   3.797021       4.008294         3.511946e-01      
   3.797021       4.043674         3.494741e-01      
   3.797021       4.107227         3.457425e-01      
   3.797021       4.198794         3.388463e-01      
   3.797021       4.318131         3.270460e-01      
   3.797021       4.464916         3.081354e-01      
   3.797021       4.638754         2.799342e-01      
   3.797021       4.839176         2.412816e-01      
   3.797021       5.065642         1.933275e-01      
   3.797021       5.317541         1.404512e-01      
   3.797021       5.594194         8.977965e-02      
   3.797021       5.894856         4.872911e-02      
   3.797021       6.218716         2.154932e-02      
   3.797021       6.564900         7.421115e-03      
   3.797021       6.932477         1.910071e-03      
   3.797021       7.320454         3.641646e-04      
   3.797021       7.727785         5.597652e-05      
   3.797021       8.153374         8.068533e-06      
   3.797021       8.596072         1.006149e-06      
   3.797021       9.054685         7.476713e-08      
   3.797021       9.527979         6.455528e-10      
   3.797021       10.014676        -2.696325e-10     
   3.797021       10.513464        -6.507458e-12     
   3.797021       11.023000        2.366001e-13      
   3.797021       11.541909        -9.470618e-14     
   3.797021       12.068793        -6.172492e-15     
   3.797021       12.602230        2.546268e-16      
   3.797021       13.140784        1.969561e-17      
   3.797021       13.683002        -6.889580e-20     
   3.797021       14.227422        -1.799371e-20     
   3.797021       14.772578        -7.747542e-23     
   3.797021       15.316998        8.026274e-24      
   3.797021       15.859216        2.945052e-26      
   3.797021       16.397770        -1.847139e-27     
   3.797021       16.931207        -1.225300e-30     
   3.797021       17.458091        2.809262e-31      
   3.797021       17.977000        -1.867997e-33     
   3.797021       18.486536        -4.227758e-35     
   3.797021       18.985324        9.615052e-37      
   3.797021       19.472021        -8.642045e-39     
   3.797021       19.945315        -5.955967e-37     
   3.797021       20.403928        -6.870606e-35     
   3.797021       20.846626        -7.115374e-33     
   3.797021       21.272215        -6.450673e-31     
   3.797021       21.679546        -4.994726e-29     
   3.797021       22.067523        -3.225124e-27     
   3.797021       22.435100        -1.695672e-25     
   3.797021       22.781284        -7.105333e-24     
   3.797021       23.105144        -2.318332e-22     
   3.797021       23.405806        -5.782913e-21     
   3.797021       23.682459        -1.087160e-19     
   3.797021       23.934358        -1.489484e-18     
   3.797021       24.160824        -1.509972e-17     
   3.797021       24.361246        -1.137459e-16     
   3.797021       24.535084        -5.777760e-16     
   3.797021       24.681869        -1.941457e-15     
   3.797021       24.801206        -4.823953e-15     
   3.797021       24.892773        -1.058177e-14     
   3.797021       24.956326        -2.598821e-14     
   3.797021       24.991706        -1.134562e-13     
   3.840157       0.001580         1.132978e-04      
   3.840157       0.008319         5.966298e-04      
   3.840157       0.020424         1.464883e-03      
   3.840157       0.037866         2.716055e-03      
   3.840157       0.060596         4.348582e-03      
   3.840157       0.088555         6.358440e-03      
   3.840157       0.121667         8.742296e-03      
   3.840157       0.159843         1.149550e-02      
   3.840157       0.202979         1.461836e-02      
   3.840157       0.250960         1.811120e-02      
   3.840157       0.303656         2.197552e-02      
   3.840157       0.360925         2.621516e-02      
   3.840157       0.422613         3.083675e-02      
   3.840157       0.488552         3.585026e-02      
   3.840157       0.558567         4.126903e-02      
   3.840157       0.632467         4.710964e-02      
   3.840157       0.710054         5.339147e-02      
   3.840157       0.791119         6.013641e-02      
   3.840157       0.875442         6.736845e-02      
   3.840157       0.962797         7.511285e-02      
   3.840157       1.052948         8.339456e-02      
   3.840157       1.145653         9.223630e-02      
   3.840157       1.240660         1.016568e-01      
   3.840157       1.337714         1.116691e-01      
   3.840157       1.436554         1.222779e-01      
   3.840157       1.536913         1.334764e-01      
   3.840157       1.638520         1.452438e-01      
   3.840157       1.741102         1.575435e-01      
   3.840157       1.844381         1.703210e-01      
   3.840157       1.948080         1.835016e-01      
   3.840157       2.051920         1.969901e-01      
   3.840157       2.155619         2.106726e-01      
   3.840157       2.258898         2.244173e-01      
   3.840157       2.361480         2.380775e-01      
   3.840157       2.463087         2.514970e-01      
   3.840157       2.563446         2.645166e-01      
   3.840157       2.662286         2.769799e-01      
   3.840157       2.759340         2.887405e-01      
   3.840157       2.854347         2.996696e-01      
   3.840157       2.947052         3.096627e-01      
   3.840157       3.037203         3.186440e-01      
   3.840157       3.124558         3.265685e-01      
   3.840157       3.208881         3.334237e-01      
   3.840157       3.289946         3.392278e-01      
   3.840157       3.367533         3.440261e-01      
   3.840157       3.441433         3.478843e-01      
   3.840157       3.511448         3.508826e-01      
   3.840157       3.577387         3.531098e-01      
   3.840157       3.639075         3.546591e-01      
   3.840157       3.696344         3.556244e-01      
   3.840157       3.749040         3.560992e-01      
   3.840157       3.797021         3.561749e-01      
   3.840157       3.840157         3.559419e-01      
   3.840157       3.878333         3.554884e-01      
   3.840157       3.911445         3.548996e-01      
   3.840157       3.939404         3.542561e-01      
   3.840157       3.962134         3.536311e-01      
   3.840157       3.979576         3.530880e-01      
   3.840157       3.991681         3.526781e-01      
   3.840157       3.998420         3.524380e-01      
   3.840157       4.008294         3.520708e-01      
   3.840157       4.043674         3.506011e-01      
   3.840157       4.107227         3.473349e-01      
   3.840157       4.198794         3.411368e-01      
   3.840157       4.318131         3.302680e-01      
   3.840157       4.464916         3.124672e-01      
   3.840157       4.638754         2.853970e-01      
   3.840157       4.839176         2.476264e-01      
   3.840157       5.065642         1.999851e-01      
   3.840157       5.317541         1.466232e-01      
   3.840157       5.594194         9.470125e-02      
   3.840157       5.894856         5.199594e-02      
   3.840157       6.218716         2.328412e-02      
   3.840157       6.564900         8.124446e-03      
   3.840157       6.932477         2.116932e-03      
   3.840157       7.320454         4.065515e-04      
   3.840157       7.727785         6.219576e-05      
   3.840157       8.153374         8.867621e-06      
   3.840157       8.596072         1.111815e-06      
   3.840157       9.054685         8.543246e-08      
   3.840157       9.527979         1.105157e-09      
   3.840157       10.014676        -2.910871e-10     
   3.840157       10.513464        -9.272462e-12     
   3.840157       11.023000        1.924864e-13      
   3.840157       11.541909        -9.500570e-14     
   3.840157       12.068793        -6.441408e-15     
   3.840157       12.602230        2.580490e-16      
   3.840157       13.140784        2.082081e-17      
   3.840157       13.683002        -5.474884e-20     
   3.840157       14.227422        -1.901944e-20     
   3.840157       14.772578        -9.399325e-23     
   3.840157       15.316998        8.515973e-24      
   3.840157       15.859216        3.456032e-26      
   3.840157       16.397770        -1.969151e-27     
   3.840157       16.931207        -1.732817e-30     
   3.840157       17.458091        3.014854e-31      
   3.840157       17.977000        -1.985057e-33     
   3.840157       18.486536        -4.575611e-35     
   3.840157       18.985324        1.039988e-36      
   3.840157       19.472021        -8.506282e-39     
   3.840157       19.945315        -5.380780e-37     
   3.840157       20.403928        -6.207838e-35     
   3.840157       20.846626        -6.429927e-33     
   3.840157       21.272215        -5.830005e-31     
   3.840157       21.679546        -4.514657e-29     
   3.840157       22.067523        -2.915430e-27     
   3.840157       22.435100        -1.532979e-25     
   3.840157       22.781284        -6.424095e-24     
   3.840157       23.105144        -2.096197e-22     
   3.840157       23.405806        -5.229115e-21     
   3.840157       23.682459        -9.830955e-20     
   3.840157       23.934358        -1.346967e-18     
   3.840157       24.160824        -1.365542e-17     
   3.840157       24.361246        -1.028681e-16     
   3.840157       24.535084        -5.225338e-16     
   3.840157       24.681869        -1.755884e-15     
   3.840157       24.801206        -4.362965e-15     
   3.840157       24.892773        -9.570559e-15     
   3.840157       24.956326        -2.350398e-14     
   3.840157       24.991706        -1.026045e-13     
   3.878333       0.001580         1.071101e-04      
   3.878333       0.008319         5.640451e-04      
   3.878333       0.020424         1.384885e-03      
   3.878333       0.037866         2.567709e-03      
   3.878333       0.060596         4.111148e-03      
   3.878333       0.088555         6.011353e-03      
   3.878333       0.121667         8.265344e-03      
   3.878333       0.159843         1.086881e-02      
   3.878333       0.202979         1.382233e-02      
   3.878333       0.250960         1.712667e-02      
   3.878333       0.303656         2.078386e-02      
   3.878333       0.360925         2.479833e-02      
   3.878333       0.422613         2.917736e-02      
   3.878333       0.488552         3.393150e-02      
   3.878333       0.558567         3.907477e-02      
   3.878333       0.632467         4.462456e-02      
   3.878333       0.710054         5.060138e-02      
   3.878333       0.791119         5.702855e-02      
   3.878333       0.875442         6.393165e-02      
   3.878333       0.962797         7.133778e-02      
   3.878333       1.052948         7.927423e-02      
   3.878333       1.145653         8.776674e-02      
   3.878333       1.240660         9.683771e-02      
   3.878333       1.337714         1.065043e-01      
   3.878333       1.436554         1.167760e-01      
   3.878333       1.536913         1.276517e-01      
   3.878333       1.638520         1.391172e-01      
   3.878333       1.741102         1.511428e-01      
   3.878333       1.844381         1.636809e-01      
   3.878333       1.948080         1.766647e-01      
   3.878333       2.051920         1.900065e-01      
   3.878333       2.155619         2.035988e-01      
   3.878333       2.258898         2.173155e-01      
   3.878333       2.361480         2.310148e-01      
   3.878333       2.463087         2.445427e-01      
   3.878333       2.563446         2.577400e-01      
   3.878333       2.662286         2.704483e-01      
   3.878333       2.759340         2.825164e-01      
   3.878333       2.854347         2.938081e-01      
   3.878333       2.947052         3.042092e-01      
   3.878333       3.037203         3.136325e-01      
   3.878333       3.124558         3.220210e-01      
   3.878333       3.208881         3.293494e-01      
   3.878333       3.289946         3.356240e-01      
   3.878333       3.367533         3.408792e-01      
   3.878333       3.441433         3.451731e-01      
   3.878333       3.511448         3.485804e-01      
   3.878333       3.577387         3.511872e-01      
   3.878333       3.639075         3.530858e-01      
   3.878333       3.696344         3.543712e-01      
   3.878333       3.749040         3.551382e-01      
   3.878333       3.797021         3.554802e-01      
   3.878333       3.840157         3.554884e-01      
   3.878333       3.878333         3.552511e-01      
   3.878333       3.911445         3.548530e-01      
   3.878333       3.939404         3.543731e-01      
   3.878333       3.962134         3.538832e-01      
   3.878333       3.979576         3.534452e-01      
   3.878333       3.991681         3.531090e-01      
   3.878333       3.998420         3.529102e-01      
   3.878333       4.008294         3.526037e-01      
   3.878333       4.043674         3.513553e-01      
   3.878333       4.107227         3.484999e-01      
   3.878333       4.198794         3.429200e-01      
   3.878333       4.318131         3.328840e-01      
   3.878333       4.464916         3.160917e-01      
   3.878333       4.638754         2.900763e-01      
   3.878333       4.839176         2.531684e-01      
   3.878333       5.065642         2.059014e-01      
   3.878333       5.317541         1.521960e-01      
   3.878333       5.594194         9.921357e-02      
   3.878333       5.894856         5.503688e-02      
   3.878333       6.218716         2.492397e-02      
   3.878333       6.564900         8.799789e-03      
   3.878333       6.932477         2.318701e-03      
   3.878333       7.320454         4.484660e-04      
   3.878333       7.727785         6.837498e-05      
   3.878333       8.153374         9.651555e-06      
   3.878333       8.596072         1.214518e-06      
   3.878333       9.054685         9.594959e-08      
   3.878333       9.527979         1.585447e-09      
   3.878333       10.014676        -3.097768e-10     
   3.878333       10.513464        -1.201306e-11     
   3.878333       11.023000        1.395325e-13      
   3.878333       11.541909        -9.524080e-14     
   3.878333       12.068793        -6.675754e-15     
   3.878333       12.602230        2.611138e-16      
   3.878333       13.140784        2.186304e-17      
   3.878333       13.683002        -4.076515e-20     
   3.878333       14.227422        -1.997058e-20     
   3.878333       14.772578        -1.100978e-22     
   3.878333       15.316998        8.972917e-24      
   3.878333       15.859216        3.954927e-26      
   3.878333       16.397770        -2.083779e-27     
   3.878333       16.931207        -2.236348e-30     
   3.878333       17.458091        3.209852e-31      
   3.878333       17.977000        -2.095726e-33     
   3.878333       18.486536        -4.909189e-35     
   3.878333       18.985324        1.115349e-36      
   3.878333       19.472021        -8.438929e-39     
   3.878333       19.945315        -4.906426e-37     
   3.878333       20.403928        -5.661083e-35     
   3.878333       20.846626        -5.864315e-33     
   3.878333       21.272215        -5.317725e-31     
   3.878333       21.679546        -4.118335e-29     
   3.878333       22.067523        -2.659712e-27     
   3.878333       22.435100        -1.398617e-25     
   3.878333       22.781284        -5.861395e-24     
   3.878333       23.105144        -1.912687e-22     
   3.878333       23.405806        -4.771550e-21     
   3.878333       23.682459        -8.971040e-20     
   3.878333       23.934358        -1.229188e-18     
   3.878333       24.160824        -1.246170e-17     
   3.878333       24.361246        -9.387692e-17     
   3.878333       24.535084        -4.768696e-16     
   3.878333       24.681869        -1.602475e-15     
   3.878333       24.801206        -3.981855e-15     
   3.878333       24.892773        -8.734530e-15     
   3.878333       24.956326        -2.145008e-14     
   3.878333       24.991706        -9.363282e-14     
   3.911445       0.001580         1.018970e-04      
   3.911445       0.008319         5.365927e-04      
   3.911445       0.020424         1.317486e-03      
   3.911445       0.037866         2.442730e-03      
   3.911445       0.060596         3.911101e-03      
   3.911445       0.088555         5.718904e-03      
   3.911445       0.121667         7.863437e-03      
   3.911445       0.159843         1.034066e-02      
   3.911445       0.202979         1.315136e-02      
   3.911445       0.250960         1.629664e-02      
   3.911445       0.303656         1.977896e-02      
   3.911445       0.360925         2.360324e-02      
   3.911445       0.422613         2.777721e-02      
   3.911445       0.488552         3.231188e-02      
   3.911445       0.558567         3.722170e-02      
   3.911445       0.632467         4.252463e-02      
   3.911445       0.710054         4.824203e-02      
   3.911445       0.791119         5.439827e-02      
   3.911445       0.875442         6.102019e-02      
   3.911445       0.962797         6.813624e-02      
   3.911445       1.052948         7.577546e-02      
   3.911445       1.145653         8.396599e-02      
   3.911445       1.240660         9.273315e-02      
   3.911445       1.337714         1.020974e-01      
   3.911445       1.436554         1.120722e-01      
   3.911445       1.536913         1.226611e-01      
   3.911445       1.638520         1.338554e-01      
   3.911445       1.741102         1.456310e-01      
   3.911445       1.844381         1.579467e-01      
   3.911445       1.948080         1.707422e-01      
   3.911445       2.051920         1.839364e-01      
   3.911445       2.155619         1.974278e-01      
   3.911445       2.258898         2.110958e-01      
   3.911445       2.361480         2.248027e-01      
   3.911445       2.463087         2.383978e-01      
   3.911445       2.563446         2.517225e-01      
   3.911445       2.662286         2.646172e-01      
   3.911445       2.759340         2.769276e-01      
   3.911445       2.854347         2.885121e-01      
   3.911445       2.947052         2.992486e-01      
   3.911445       3.037203         3.090408e-01      
   3.911445       3.124558         3.178216e-01      
   3.911445       3.208881         3.255551e-01      
   3.911445       3.289946         3.322368e-01      
   3.911445       3.367533         3.378917e-01      
   3.911445       3.441433         3.425698e-01      
   3.911445       3.511448         3.463404e-01      
   3.911445       3.577387         3.492862e-01      
   3.911445       3.639075         3.514979e-01      
   3.911445       3.696344         3.530701e-01      
   3.911445       3.749040         3.540986e-01      
   3.911445       3.797021         3.546777e-01      
   3.911445       3.840157         3.548996e-01      
   3.911445       3.878333         3.548530e-01      
   3.911445       3.911445         3.546220e-01      
   3.911445       3.939404         3.542852e-01      
   3.911445       3.962134         3.539131e-01      
   3.911445       3.979576         3.535665e-01      
   3.911445       3.991681         3.532942e-01      
   3.911445       3.998420         3.531312e-01      
   3.911445       4.008294         3.528776e-01      
   3.911445       4.043674         3.518209e-01      
   3.911445       4.107227         3.493212e-01      
   3.911445       4.198794         3.442775e-01      
   3.911445       4.318131         3.349687e-01      
   3.911445       4.464916         3.190687e-01      
   3.911445       4.638754         2.940065e-01      
   3.911445       4.839176         2.579087e-01      
   3.911445       5.065642         2.110419e-01      
   3.911445       5.317541         1.571081e-01      
   3.911445       5.594194         1.032458e-01      
   3.911445       5.894856         5.779130e-02      
   3.911445       6.218716         2.642973e-02      
   3.911445       6.564900         9.428615e-03      
   3.911445       6.932477         2.509217e-03      
   3.911445       7.320454         4.885365e-04      
   3.911445       7.727785         7.431197e-05      
   3.911445       8.153374         1.039690e-05      
   3.911445       8.596072         1.311280e-06      
   3.911445       9.054685         1.059747e-07      
   3.911445       9.527979         2.065285e-09      
   3.911445       10.014676        -3.255298e-10     
   3.911445       10.513464        -1.463031e-11     
   3.911445       11.023000        8.140931e-14      
   3.911445       11.541909        -9.544537e-14     
   3.911445       12.068793        -6.874994e-15     
   3.911445       12.602230        2.638351e-16      
   3.911445       13.140784        2.280381e-17      
   3.911445       13.683002        -2.744608e-20     
   3.911445       14.227422        -2.082976e-20     
   3.911445       14.772578        -1.252871e-22     
   3.911445       15.316998        9.387991e-24      
   3.911445       15.859216        4.426168e-26      
   3.911445       16.397770        -2.188541e-27     
   3.911445       16.931207        -2.718315e-30     
   3.911445       17.458091        3.389602e-31      
   3.911445       17.977000        -2.197498e-33     
   3.911445       18.486536        -5.219729e-35     
   3.911445       18.985324        1.185591e-36      
   3.911445       19.472021        -8.421493e-39     
   3.911445       19.945315        -4.520340e-37     
   3.911445       20.403928        -5.215944e-35     
   3.911445       20.846626        -5.403719e-33     
   3.911445       21.272215        -4.900473e-31     
   3.911445       21.679546        -3.795471e-29     
   3.911445       22.067523        -2.451355e-27     
   3.911445       22.435100        -1.289123e-25     
   3.911445       22.781284        -5.402774e-24     
   3.911445       23.105144        -1.763101e-22     
   3.911445       23.405806        -4.398528e-21     
   3.911445       23.682459        -8.269937e-20     
   3.911445       23.934358        -1.133152e-18     
   3.911445       24.160824        -1.148826e-17     
   3.911445       24.361246        -8.654445e-17     
   3.911445       24.535084        -4.396277e-16     
   3.911445       24.681869        -1.477355e-15     
   3.911445       24.801206        -3.671004e-15     
   3.911445       24.892773        -8.052597e-15     
   3.911445       24.956326        -1.977474e-14     
   3.911445       24.991706        -8.631492e-14     
   3.939404       0.001580         9.760788e-05      
   3.939404       0.008319         5.140061e-04      
   3.939404       0.020424         1.262033e-03      
   3.939404       0.037866         2.339904e-03      
   3.939404       0.060596         3.746508e-03      
   3.939404       0.088555         5.478284e-03      
   3.939404       0.121667         7.532748e-03      
   3.939404       0.159843         9.906085e-03      
   3.939404       0.202979         1.259923e-02      
   3.939404       0.250960         1.561356e-02      
   3.939404       0.303656         1.895183e-02      
   3.939404       0.360925         2.261934e-02      
   3.939404       0.422613         2.662417e-02      
   3.939404       0.488552         3.097765e-02      
   3.939404       0.558567         3.569451e-02      
   3.939404       0.632467         4.079313e-02      
   3.939404       0.710054         4.629544e-02      
   3.939404       0.791119         5.222664e-02      
   3.939404       0.875442         5.861443e-02      
   3.939404       0.962797         6.548831e-02      
   3.939404       1.052948         7.287862e-02      
   3.939404       1.145653         8.081533e-02      
   3.939404       1.240660         8.932605e-02      
   3.939404       1.337714         9.843388e-02      
   3.939404       1.436554         1.081553e-01      
   3.939404       1.536913         1.184978e-01      
   3.939404       1.638520         1.294569e-01      
   3.939404       1.741102         1.410134e-01      
   3.939404       1.844381         1.531313e-01      
   3.939404       1.948080         1.657556e-01      
   3.939404       2.051920         1.788111e-01      
   3.939404       2.155619         1.922015e-01      
   3.939404       2.258898         2.058108e-01      
   3.939404       2.361480         2.195056e-01      
   3.939404       2.463087         2.331380e-01      
   3.939404       2.563446         2.465506e-01      
   3.939404       2.662286         2.595833e-01      
   3.939404       2.759340         2.720799e-01      
   3.939404       2.854347         2.838948e-01      
   3.939404       2.947052         2.949000e-01      
   3.939404       3.037203         3.049918e-01      
   3.939404       3.124558         3.140949e-01      
   3.939404       3.208881         3.221647e-01      
   3.939404       3.289946         3.291878e-01      
   3.939404       3.367533         3.351807e-01      
   3.939404       3.441433         3.401864e-01      
   3.939404       3.511448         3.442688e-01      
   3.939404       3.577387         3.475070e-01      
   3.939404       3.639075         3.499897e-01      
   3.939404       3.696344         3.518106e-01      
   3.939404       3.749040         3.530657e-01      
   3.939404       3.797021         3.538500e-01      
   3.939404       3.840157         3.542561e-01      
   3.939404       3.878333         3.543731e-01      
   3.939404       3.911445         3.542852e-01      
   3.939404       3.939404         3.540703e-01      
   3.939404       3.962134         3.537984e-01      
   3.939404       3.979576         3.535294e-01      
   3.939404       3.991681         3.533113e-01      
   3.939404       3.998420         3.531787e-01      
   3.939404       4.008294         3.529697e-01      
   3.939404       4.043674         3.520752e-01      
   3.939404       4.107227         3.498756e-01      
   3.939404       4.198794         3.452844e-01      
   3.939404       4.318131         3.365924e-01      
   3.939404       4.464916         3.214569e-01      
   3.939404       4.638754         2.972260e-01      
   3.939404       4.839176         2.618559e-01      
   3.939404       5.065642         2.153826e-01      
   3.939404       5.317541         1.613087e-01      
   3.939404       5.594194         1.067355e-01      
   3.939404       5.894856         6.020329e-02      
   3.939404       6.218716         2.776402e-02      
   3.939404       6.564900         9.992601e-03      
   3.939404       6.932477         2.682172e-03      
   3.939404       7.320454         5.253128e-04      
   3.939404       7.727785         7.978757e-05      
   3.939404       8.153374         1.107854e-05      
   3.939404       8.596072         1.399024e-06      
   3.939404       9.054685         1.151500e-07      
   3.939404       9.527979         2.521315e-09      
   3.939404       10.014676        -3.383288e-10     
   3.939404       10.513464        -1.702498e-11     
   3.939404       11.023000        2.238946e-14      
   3.939404       11.541909        -9.563679e-14     
   3.939404       12.068793        -7.039466e-15     
   3.939404       12.602230        2.662052e-16      
   3.939404       13.140784        2.362578e-17      
   3.939404       13.683002        -1.528798e-20     
   3.939404       14.227422        -2.158076e-20     
   3.939404       14.772578        -1.390566e-22     
   3.939404       15.316998        9.752562e-24      
   3.939404       15.859216        4.853981e-26      
   3.939404       16.397770        -2.281048e-27     
   3.939404       16.931207        -3.160621e-30     
   3.939404       17.458091        3.549525e-31      
   3.939404       17.977000        -2.287889e-33     
   3.939404       18.486536        -5.498401e-35     
   3.939404       18.985324        1.248694e-36      
   3.939404       19.472021        -8.437029e-39     
   3.939404       19.945315        -4.212024e-37     
   3.939404       20.403928        -4.860384e-35     
   3.939404       20.846626        -5.035741e-33     
   3.939404       21.272215        -4.567065e-31     
   3.939404       21.679546        -3.537444e-29     
   3.939404       22.067523        -2.284816e-27     
   3.939404       22.435100        -1.201593e-25     
   3.939404       22.781284        -5.036108e-24     
   3.939404       23.105144        -1.643494e-22     
   3.939404       23.405806        -4.100236e-21     
   3.939404       23.682459        -7.709242e-20     
   3.939404       23.934358        -1.056343e-18     
   3.939404       24.160824        -1.070967e-17     
   3.939404       24.361246        -8.067925e-17     
   3.939404       24.535084        -4.098367e-16     
   3.939404       24.681869        -1.377262e-15     
   3.939404       24.801206        -3.422322e-15     
   3.939404       24.892773        -7.507032e-15     
   3.939404       24.956326        -1.843442e-14     
   3.939404       24.991706        -8.046047e-14     
   3.962134       0.001580         9.419757e-05      
   3.962134       0.008319         4.960474e-04      
   3.962134       0.020424         1.217942e-03      
   3.962134       0.037866         2.258148e-03      
   3.962134       0.060596         3.615640e-03      
   3.962134       0.088555         5.286970e-03      
   3.962134       0.121667         7.269824e-03      
   3.962134       0.159843         9.560566e-03      
   3.962134       0.202979         1.216025e-02      
   3.962134       0.250960         1.507043e-02      
   3.962134       0.303656         1.829411e-02      
   3.962134       0.360925         2.183683e-02      
   3.962134       0.422613         2.570692e-02      
   3.962134       0.488552         2.991592e-02      
   3.962134       0.558567         3.447881e-02      
   3.962134       0.632467         3.941423e-02      
   3.962134       0.710054         4.474452e-02      
   3.962134       0.791119         5.049540e-02      
   3.962134       0.875442         5.669526e-02      
   3.962134       0.962797         6.337431e-02      
   3.962134       1.052948         7.056389e-02      
   3.962134       1.145653         7.829530e-02      
   3.962134       1.240660         8.659788e-02      
   3.962134       1.337714         9.549675e-02      
   3.962134       1.436554         1.050108e-01      
   3.962134       1.536913         1.151504e-01      
   3.962134       1.638520         1.259146e-01      
   3.962134       1.741102         1.372880e-01      
   3.962134       1.844381         1.492387e-01      
   3.962134       1.948080         1.617161e-01      
   3.962134       2.051920         1.746497e-01      
   3.962134       2.155619         1.879475e-01      
   3.962134       2.258898         2.014977e-01      
   3.962134       2.361480         2.151701e-01      
   3.962134       2.463087         2.288196e-01      
   3.962134       2.563446         2.422903e-01      
   3.962134       2.662286         2.554220e-01      
   3.962134       2.759340         2.680573e-01      
   3.962134       2.854347         2.800476e-01      
   3.962134       2.947052         2.912608e-01      
   3.962134       3.037203         3.015873e-01      
   3.962134       3.124558         3.109456e-01      
   3.962134       3.208881         3.192840e-01      
   3.962134       3.289946         3.265819e-01      
   3.962134       3.367533         3.328491e-01      
   3.962134       3.441433         3.381223e-01      
   3.962134       3.511448         3.424609e-01      
   3.962134       3.577387         3.459404e-01      
   3.962134       3.639075         3.486474e-01      
   3.962134       3.696344         3.506748e-01      
   3.962134       3.749040         3.521181e-01      
   3.962134       3.797021         3.530724e-01      
   3.962134       3.840157         3.536311e-01      
   3.962134       3.878333         3.538832e-01      
   3.962134       3.911445         3.539131e-01      
   3.962134       3.939404         3.537984e-01      
   3.962134       3.962134         3.536086e-01      
   3.962134       3.979576         3.534030e-01      
   3.962134       3.991681         3.532293e-01      
   3.962134       3.998420         3.531215e-01      
   3.962134       4.008294         3.529490e-01      
   3.962134       4.043674         3.521866e-01      
   3.962134       4.107227         3.502312e-01      
   3.962134       4.198794         3.460078e-01      
   3.962134       4.318131         3.378186e-01      
   3.962134       4.464916         3.233114e-01      
   3.962134       4.638754         2.997730e-01      
   3.962134       4.839176         2.650235e-01      
   3.962134       5.065642         2.189080e-01      
   3.962134       5.317541         1.647571e-01      
   3.962134       5.594194         1.096294e-01      
   3.962134       5.894856         6.222336e-02      
   3.962134       6.218716         2.889265e-02      
   3.962134       6.564900         1.047451e-02      
   3.962134       6.932477         2.831471e-03      
   3.962134       7.320454         5.573535e-04      
   3.962134       7.727785         8.457948e-05      
   3.962134       8.153374         1.167113e-05      
   3.962134       8.596072         1.474738e-06      
   3.962134       9.054685         1.231238e-07      
   3.962134       9.527979         2.929574e-09      
   3.962134       10.014676        -3.482833e-10     
   3.962134       10.513464        -1.910294e-11     
   3.962134       11.023000        -3.299961e-14     
   3.962134       11.541909        -9.581736e-14     
   3.962134       12.068793        -7.170125e-15     
   3.962134       12.602230        2.681987e-16      
   3.962134       13.140784        2.431328e-17      
   3.962134       13.683002        -4.758019e-21     
   3.962134       14.227422        -2.220901e-20     
   3.962134       14.772578        -1.509249e-22     
   3.962134       15.316998        1.005878e-23      
   3.962134       15.859216        5.223215e-26      
   3.962134       16.397770        -2.359097e-27     
   3.962134       16.931207        -3.545672e-30     
   3.962134       17.458091        3.685321e-31      
   3.962134       17.977000        -2.364552e-33     
   3.962134       18.486536        -5.736751e-35     
   3.962134       18.985324        1.302717e-36      
   3.962134       19.472021        -8.470473e-39     
   3.962134       19.945315        -3.972926e-37     
   3.962134       20.403928        -4.584592e-35     
   3.962134       20.846626        -4.750273e-33     
   3.962134       21.272215        -4.308378e-31     
   3.962134       21.679546        -3.337217e-29     
   3.962134       22.067523        -2.155568e-27     
   3.962134       22.435100        -1.133655e-25     
   3.962134       22.781284        -4.751487e-24     
   3.962134       23.105144        -1.550643e-22     
   3.962134       23.405806        -3.868651e-21     
   3.962134       23.682459        -7.273905e-20     
   3.962134       23.934358        -9.967028e-19     
   3.962134       24.160824        -1.010507e-17     
   3.962134       24.361246        -7.612461e-17     
   3.962134       24.535084        -3.867015e-16     
   3.962134       24.681869        -1.299529e-15     
   3.962134       24.801206        -3.229185e-15     
   3.962134       24.892773        -7.083313e-15     
   3.962134       24.956326        -1.739344e-14     
   3.962134       24.991706        -7.591362e-14     
   3.979576       0.001580         9.162788e-05      
   3.979576       0.008319         4.825153e-04      
   3.979576       0.020424         1.184719e-03      
   3.979576       0.037866         2.196545e-03      
   3.979576       0.060596         3.517032e-03      
   3.979576       0.088555         5.142819e-03      
   3.979576       0.121667         7.071722e-03      
   3.979576       0.159843         9.300239e-03      
   3.979576       0.202979         1.182951e-02      
   3.979576       0.250960         1.466122e-02      
   3.979576       0.303656         1.779853e-02      
   3.979576       0.360925         2.124715e-02      
   3.979576       0.422613         2.501556e-02      
   3.979576       0.488552         2.911549e-02      
   3.979576       0.558567         3.356204e-02      
   3.979576       0.632467         3.837405e-02      
   3.979576       0.710054         4.357413e-02      
   3.979576       0.791119         4.918835e-02      
   3.979576       0.875442         5.524554e-02      
   3.979576       0.962797         6.177646e-02      
   3.979576       1.052948         6.881312e-02      
   3.979576       1.145653         7.638779e-02      
   3.979576       1.240660         8.453101e-02      
   3.979576       1.337714         9.326941e-02      
   3.979576       1.436554         1.026236e-01      
   3.979576       1.536913         1.126062e-01      
   3.979576       1.638520         1.232188e-01      
   3.979576       1.741102         1.344489e-01      
   3.979576       1.844381         1.462675e-01      
   3.979576       1.948080         1.586278e-01      
   3.979576       2.051920         1.714625e-01      
   3.979576       2.155619         1.846831e-01      
   3.979576       2.258898         1.981810e-01      
   3.979576       2.361480         2.118288e-01      
   3.979576       2.463087         2.254835e-01      
   3.979576       2.563446         2.389906e-01      
   3.979576       2.662286         2.521902e-01      
   3.979576       2.759340         2.649239e-01      
   3.979576       2.854347         2.770414e-01      
   3.979576       2.947052         2.884074e-01      
   3.979576       3.037203         2.989084e-01      
   3.979576       3.124558         3.084579e-01      
   3.979576       3.208881         3.169990e-01      
   3.979576       3.289946         3.245057e-01      
   3.979576       3.367533         3.309824e-01      
   3.979576       3.441433         3.364613e-01      
   3.979576       3.511448         3.409976e-01      
   3.979576       3.577387         3.446642e-01      
   3.979576       3.639075         3.475456e-01      
   3.979576       3.696344         3.497337e-01      
   3.979576       3.749040         3.513236e-01      
   3.979576       3.797021         3.524107e-01      
   3.979576       3.840157         3.530880e-01      
   3.979576       3.878333         3.534452e-01      
   3.979576       3.911445         3.535665e-01      
   3.979576       3.939404         3.535294e-01      
   3.979576       3.962134         3.534030e-01      
   3.979576       3.979576         3.532465e-01      
   3.979576       3.991681         3.531070e-01      
   3.979576       3.998420         3.530183e-01      
   3.979576       4.008294         3.528739e-01      
   3.979576       4.043674         3.522133e-01      
   3.979576       4.107227         3.504454e-01      
   3.979576       4.198794         3.465043e-01      
   3.979576       4.318131         3.387015e-01      
   3.979576       4.464916         3.246801e-01      
   3.979576       4.638754         3.016826e-01      
   3.979576       4.839176         2.674269e-01      
   3.979576       5.065642         2.216090e-01      
   3.979576       5.317541         1.674220e-01      
   3.979576       5.594194         1.118840e-01      
   3.979576       5.894856         6.380971e-02      
   3.979576       6.218716         2.978604e-02      
   3.979576       6.564900         1.085907e-02      
   3.979576       6.932477         2.951583e-03      
   3.979576       7.320454         5.833232e-04      
   3.979576       7.727785         8.847825e-05      
   3.979576       8.153374         1.215088e-05      
   3.979576       8.596072         1.535656e-06      
   3.979576       9.054685         1.295735e-07      
   3.979576       9.527979         3.267331e-09      
   3.979576       10.014676        -3.555853e-10     
   3.979576       10.513464        -2.078029e-11     
   3.979576       11.023000        -8.037292e-14     
   3.979576       11.541909        -9.597806e-14     
   3.979576       12.068793        -7.268252e-15     
   3.979576       12.602230        2.697787e-16      
   3.979576       13.140784        2.485281e-17      
   3.979576       13.683002        3.729498e-21      
   3.979576       14.227422        -2.270206e-20     
   3.979576       14.772578        -1.604601e-22     
   3.979576       15.316998        1.029987e-23      
   3.979576       15.859216        5.520198e-26      
   3.979576       16.397770        -2.420769e-27     
   3.979576       16.931207        -3.857439e-30     
   3.979576       17.458091        3.793175e-31      
   3.979576       17.977000        -2.425393e-33     
   3.979576       18.486536        -5.927162e-35     
   3.979576       18.985324        1.345909e-36      
   3.979576       19.472021        -8.509009e-39     
   3.979576       19.945315        -3.796314e-37     
   3.979576       20.403928        -4.380842e-35     
   3.979576       20.846626        -4.539349e-33     
   3.979576       21.272215        -4.117220e-31     
   3.979576       21.679546        -3.189243e-29     
   3.979576       22.067523        -2.060041e-27     
   3.979576       22.435100        -1.083438e-25     
   3.979576       22.781284        -4.541090e-24     
   3.979576       23.105144        -1.482000e-22     
   3.979576       23.405806        -3.697437e-21     
   3.979576       23.682459        -6.952036e-20     
   3.979576       23.934358        -9.526054e-19     
   3.979576       24.160824        -9.658020e-18     
   3.979576       24.361246        -7.275668e-17     
   3.979576       24.535084        -3.695937e-16     
   3.979576       24.681869        -1.242045e-15     
   3.979576       24.801206        -3.086357e-15     
   3.979576       24.892773        -6.769961e-15     
   3.979576       24.956326        -1.662360e-14     
   3.979576       24.991706        -7.255113e-14     
   3.991681       0.001580         8.986854e-05      
   3.991681       0.008319         4.732506e-04      
   3.991681       0.020424         1.161973e-03      
   3.991681       0.037866         2.154370e-03      
   3.991681       0.060596         3.449521e-03      
   3.991681       0.088555         5.044130e-03      
   3.991681       0.121667         6.936100e-03      
   3.991681       0.159843         9.122023e-03      
   3.991681       0.202979         1.160310e-02      
   3.991681       0.250960         1.438109e-02      
   3.991681       0.303656         1.745926e-02      
   3.991681       0.360925         2.084342e-02      
   3.991681       0.422613         2.454216e-02      
   3.991681       0.488552         2.856729e-02      
   3.991681       0.558567         3.293402e-02      
   3.991681       0.632467         3.766134e-02      
   3.991681       0.710054         4.277198e-02      
   3.991681       0.791119         4.829224e-02      
   3.991681       0.875442         5.425123e-02      
   3.991681       0.962797         6.068005e-02      
   3.991681       1.052948         6.761119e-02      
   3.991681       1.145653         7.507751e-02      
   3.991681       1.240660         8.311037e-02      
   3.991681       1.337714         9.173738e-02      
   3.991681       1.436554         1.009804e-01      
   3.991681       1.536913         1.108534e-01      
   3.991681       1.638520         1.213598e-01      
   3.991681       1.741102         1.324890e-01      
   3.991681       1.844381         1.442143e-01      
   3.991681       1.948080         1.564910e-01      
   3.991681       2.051920         1.692543e-01      
   3.991681       2.155619         1.824183e-01      
   3.991681       2.258898         1.958764e-01      
   3.991681       2.361480         2.095034e-01      
   3.991681       2.463087         2.231578e-01      
   3.991681       2.563446         2.366859e-01      
   3.991681       2.662286         2.499284e-01      
   3.991681       2.759340         2.627263e-01      
   3.991681       2.854347         2.749282e-01      
   3.991681       2.947052         2.863968e-01      
   3.991681       3.037203         2.970158e-01      
   3.991681       3.124558         3.066954e-01      
   3.991681       3.208881         3.153753e-01      
   3.991681       3.289946         3.230257e-01      
   3.991681       3.367533         3.296473e-01      
   3.991681       3.441433         3.352689e-01      
   3.991681       3.511448         3.399429e-01      
   3.991681       3.577387         3.437400e-01      
   3.991681       3.639075         3.467436e-01      
   3.991681       3.696344         3.490444e-01      
   3.991681       3.749040         3.507373e-01      
   3.991681       3.797021         3.519174e-01      
   3.991681       3.840157         3.526781e-01      
   3.991681       3.878333         3.531090e-01      
   3.991681       3.911445         3.532942e-01      
   3.991681       3.939404         3.533113e-01      
   3.991681       3.962134         3.532293e-01      
   3.991681       3.979576         3.531070e-01      
   3.991681       3.991681         3.529914e-01      
   3.991681       3.998420         3.529160e-01      
   3.991681       4.008294         3.527912e-01      
   3.991681       4.043674         3.522014e-01      
   3.991681       4.107227         3.505639e-01      
   3.991681       4.198794         3.468187e-01      
   3.991681       4.318131         3.392845e-01      
   3.991681       4.464916         3.256019e-01      
   3.991681       4.638754         3.029846e-01      
   3.991681       4.839176         2.690802e-01      
   3.991681       5.065642         2.234807e-01      
   3.991681       5.317541         1.692807e-01      
   3.991681       5.594194         1.134661e-01      
   3.991681       5.894856         6.492944e-02      
   3.991681       6.218716         3.042036e-02      
   3.991681       6.564900         1.113376e-02      
   3.991681       6.932477         3.037895e-03      
   3.991681       7.320454         6.020886e-04      
   3.991681       7.727785         9.130377e-05      
   3.991681       8.153374         1.249735e-05      
   3.991681       8.596072         1.579443e-06      
   3.991681       9.054685         1.342267e-07      
   3.991681       9.527979         3.514963e-09      
   3.991681       10.014676        -3.604553e-10     
   3.991681       10.513464        -2.198808e-11     
   3.991681       11.023000        -1.158934e-13     
   3.991681       11.541909        -9.610394e-14     
   3.991681       12.068793        -7.335162e-15     
   3.991681       12.602230        2.709052e-16      
   3.991681       13.140784        2.523353e-17      
   3.991681       13.683002        9.834694e-21      
   3.991681       14.227422        -2.304996e-20     
   3.991681       14.772578        -1.673047e-22     
   3.991681       15.316998        1.047040e-23      
   3.991681       15.859216        5.733563e-26      
   3.991681       16.397770        -2.464506e-27     
   3.991681       16.931207        -4.082494e-30     
   3.991681       17.458091        3.869959e-31      
   3.991681       17.977000        -2.468686e-33     
   3.991681       18.486536        -6.063306e-35     
   3.991681       18.985324        1.376808e-36      
   3.991681       19.472021        -8.542418e-39     
   3.991681       19.945315        -3.677160e-37     
   3.991681       20.403928        -4.243363e-35     
   3.991681       20.846626        -4.397015e-33     
   3.991681       21.272215        -3.988214e-31     
   3.991681       21.679546        -3.089374e-29     
   3.991681       22.067523        -1.995563e-27     
   3.991681       22.435100        -1.049541e-25     
   3.991681       22.781284        -4.399063e-24     
   3.991681       23.105144        -1.435662e-22     
   3.991681       23.405806        -3.581849e-21     
   3.991681       23.682459        -6.734732e-20     
   3.991681       23.934358        -9.228329e-19     
   3.991681       24.160824        -9.356181e-18     
   3.991681       24.361246        -7.048267e-17     
   3.991681       24.535084        -3.580423e-16     
   3.991681       24.681869        -1.203231e-15     
   3.991681       24.801206        -2.989915e-15     
   3.991681       24.892773        -6.558371e-15     
   3.991681       24.956326        -1.610377e-14     
   3.991681       24.991706        -7.028065e-14     
   3.998420       0.001580         8.889772e-05      
   3.998420       0.008319         4.681382e-04      
   3.998420       0.020424         1.149421e-03      
   3.998420       0.037866         2.131097e-03      
   3.998420       0.060596         3.412268e-03      
   3.998420       0.088555         4.989673e-03      
   3.998420       0.121667         6.861265e-03      
   3.998420       0.159843         9.023688e-03      
   3.998420       0.202979         1.147817e-02      
   3.998420       0.250960         1.422652e-02      
   3.998420       0.303656         1.727206e-02      
   3.998420       0.360925         2.062064e-02      
   3.998420       0.422613         2.428090e-02      
   3.998420       0.488552         2.826472e-02      
   3.998420       0.558567         3.258736e-02      
   3.998420       0.632467         3.726786e-02      
   3.998420       0.710054         4.232904e-02      
   3.998420       0.791119         4.779732e-02      
   3.998420       0.875442         5.370194e-02      
   3.998420       0.962797         6.007419e-02      
   3.998420       1.052948         6.694681e-02      
   3.998420       1.145653         7.435298e-02      
   3.998420       1.240660         8.232450e-02      
   3.998420       1.337714         9.088951e-02      
   3.998420       1.436554         1.000705e-01      
   3.998420       1.536913         1.098823e-01      
   3.998420       1.638520         1.203293e-01      
   3.998420       1.741102         1.314018e-01      
   3.998420       1.844381         1.430745e-01      
   3.998420       1.948080         1.553039e-01      
   3.998420       2.051920         1.680266e-01      
   3.998420       2.155619         1.811580e-01      
   3.998420       2.258898         1.945928e-01      
   3.998420       2.361480         2.082068e-01      
   3.998420       2.463087         2.218596e-01      
   3.998420       2.563446         2.353980e-01      
   3.998420       2.662286         2.486628e-01      
   3.998420       2.759340         2.614950e-01      
   3.998420       2.854347         2.737426e-01      
   3.998420       2.947052         2.852670e-01      
   3.998420       3.037203         2.959506e-01      
   3.998420       3.124558         3.057017e-01      
   3.998420       3.208881         3.144582e-01      
   3.998420       3.289946         3.221881e-01      
   3.998420       3.367533         3.288900e-01      
   3.998420       3.441433         3.345909e-01      
   3.998420       3.511448         3.393417e-01      
   3.998420       3.577387         3.432119e-01      
   3.998420       3.639075         3.462837e-01      
   3.998420       3.696344         3.486477e-01      
   3.998420       3.749040         3.503983e-01      
   3.998420       3.797021         3.516306e-01      
   3.998420       3.840157         3.524380e-01      
   3.998420       3.878333         3.529102e-01      
   3.998420       3.911445         3.531312e-01      
   3.998420       3.939404         3.531787e-01      
   3.998420       3.962134         3.531215e-01      
   3.998420       3.979576         3.530183e-01      
   3.998420       3.991681         3.529160e-01      
   3.998420       3.998420         3.528480e-01      
   3.998420       4.008294         3.527341e-01      
   3.998420       4.043674         3.521839e-01      
   3.998420       4.107227         3.506191e-01      
   3.998420       4.198794         3.469830e-01      
   3.998420       4.318131         3.395983e-01      
   3.998420       4.464916         3.261049e-01      
   3.998420       4.638754         3.037010e-01      
   3.998420       4.839176         2.699952e-01      
   3.998420       5.065642         2.245216e-01      
   3.998420       5.317541         1.703186e-01      
   3.998420       5.594194         1.143530e-01      
   3.998420       5.894856         6.555950e-02      
   3.998420       6.218716         3.077863e-02      
   3.998420       6.564900         1.128949e-02      
   3.998420       6.932477         3.087021e-03      
   3.998420       7.320454         6.128075e-04      
   3.998420       7.727785         9.292085e-05      
   3.998420       8.153374         1.269521e-05      
   3.998420       8.596072         1.604372e-06      
   3.998420       9.054685         1.368819e-07      
   3.998420       9.527979         3.657695e-09      
   3.998420       10.014676        -3.630892e-10     
   3.998420       10.513464        -2.267628e-11     
   3.998420       11.023000        -1.366452e-13     
   3.998420       11.541909        -9.617993e-14     
   3.998420       12.068793        -7.371960e-15     
   3.998420       12.602230        2.715442e-16      
   3.998420       13.140784        2.544774e-17      
   3.998420       13.683002        1.331124e-20      
   3.998420       14.227422        -2.324569e-20     
   3.998420       14.772578        -1.711976e-22     
   3.998420       15.316998        1.056648e-23      
   3.998420       15.859216        5.854984e-26      
   3.998420       16.397770        -2.489192e-27     
   3.998420       16.931207        -4.210953e-30     
   3.998420       17.458091        3.913405e-31      
   3.998420       17.977000        -2.493176e-33     
   3.998420       18.486536        -6.140553e-35     
   3.998420       18.985324        1.394347e-36      
   3.998420       19.472021        -8.563408e-39     
   3.998420       19.945315        -3.612023e-37     
   3.998420       20.403928        -4.168202e-35     
   3.998420       20.846626        -4.319196e-33     
   3.998420       21.272215        -3.917679e-31     
   3.998420       21.679546        -3.034766e-29     
   3.998420       22.067523        -1.960307e-27     
   3.998420       22.435100        -1.031006e-25     
   3.998420       22.781284        -4.321395e-24     
   3.998420       23.105144        -1.410320e-22     
   3.998420       23.405806        -3.518636e-21     
   3.998420       23.682459        -6.615889e-20     
   3.998420       23.934358        -9.065499e-19     
   3.998420       24.160824        -9.191097e-18     
   3.998420       24.361246        -6.923893e-17     
   3.998420       24.535084        -3.517244e-16     
   3.998420       24.681869        -1.182002e-15     
   3.998420       24.801206        -2.937165e-15     
   3.998420       24.892773        -6.442640e-15     
   3.998420       24.956326        -1.581944e-14     
   3.998420       24.991706        -6.903879e-14     
   4.008294       0.001580         8.748658e-05      
   4.008294       0.008319         4.607072e-04      
   4.008294       0.020424         1.131177e-03      
   4.008294       0.037866         2.097269e-03      
   4.008294       0.060596         3.358119e-03      
   4.008294       0.088555         4.910519e-03      
   4.008294       0.121667         6.752492e-03      
   4.008294       0.159843         8.880759e-03      
   4.008294       0.202979         1.129659e-02      
   4.008294       0.250960         1.400186e-02      
   4.008294       0.303656         1.699996e-02      
   4.008294       0.360925         2.029681e-02      
   4.008294       0.422613         2.390112e-02      
   4.008294       0.488552         2.782484e-02      
   4.008294       0.558567         3.208332e-02      
   4.008294       0.632467         3.669567e-02      
   4.008294       0.710054         4.168485e-02      
   4.008294       0.791119         4.707738e-02      
   4.008294       0.875442         5.290273e-02      
   4.008294       0.962797         5.919246e-02      
   4.008294       1.052948         6.597964e-02      
   4.008294       1.145653         7.329792e-02      
   4.008294       1.240660         8.117970e-02      
   4.008294       1.337714         8.965390e-02      
   4.008294       1.436554         9.874399e-02      
   4.008294       1.536913         1.084659e-01      
   4.008294       1.638520         1.188253e-01      
   4.008294       1.741102         1.298144e-01      
   4.008294       1.844381         1.414092e-01      
   4.008294       1.948080         1.535683e-01      
   4.008294       2.051920         1.662304e-01      
   4.008294       2.155619         1.793126e-01      
   4.008294       2.258898         1.927116e-01      
   4.008294       2.361480         2.063050e-01      
   4.008294       2.463087         2.199535e-01      
   4.008294       2.563446         2.335051e-01      
   4.008294       2.662286         2.468008e-01      
   4.008294       2.759340         2.596813e-01      
   4.008294       2.854347         2.719938e-01      
   4.008294       2.947052         2.835984e-01      
   4.008294       3.037203         2.943751e-01      
   4.008294       3.124558         3.042298e-01      
   4.008294       3.208881         3.130974e-01      
   4.008294       3.289946         3.209431e-01      
   4.008294       3.367533         3.277625e-01      
   4.008294       3.441433         3.335796e-01      
   4.008294       3.511448         3.384430e-01      
   4.008294       3.577387         3.424203e-01      
   4.008294       3.639075         3.455927e-01      
   4.008294       3.696344         3.480497e-01      
   4.008294       3.749040         3.498853e-01      
   4.008294       3.797021         3.511946e-01      
   4.008294       3.840157         3.520708e-01      
   4.008294       3.878333         3.526037e-01      
   4.008294       3.911445         3.528776e-01      
   4.008294       3.939404         3.529697e-01      
   4.008294       3.962134         3.529490e-01      
   4.008294       3.979576         3.528739e-01      
   4.008294       3.991681         3.527912e-01      
   4.008294       3.998420         3.527341e-01      
   4.008294       4.008294         3.526363e-01      
   4.008294       4.043674         3.521441e-01      
   4.008294       4.107227         3.506858e-01      
   4.008294       4.198794         3.472096e-01      
   4.008294       4.318131         3.400442e-01      
   4.008294       4.464916         3.268287e-01      
   4.008294       4.638754         3.047393e-01      
   4.008294       4.839176         2.713286e-01      
   4.008294       5.065642         2.260447e-01      
   4.008294       5.317541         1.718432e-01      
   4.008294       5.594194         1.156602e-01      
   4.008294       5.894856         6.649124e-02      
   4.008294       6.218716         3.131022e-02      
   4.008294       6.564900         1.152136e-02      
   4.008294       6.932477         3.160413e-03      
   4.008294       7.320454         6.288717e-04      
   4.008294       7.727785         9.534864e-05      
   4.008294       8.153374         1.299172e-05      
   4.008294       8.596072         1.641627e-06      
   4.008294       9.054685         1.408576e-07      
   4.008294       9.527979         3.873292e-09      
   4.008294       10.014676        -3.668409e-10     
   4.008294       10.513464        -2.370529e-11     
   4.008294       11.023000        -1.683515e-13     
   4.008294       11.541909        -9.629975e-14     
   4.008294       12.068793        -7.425259e-15     
   4.008294       12.602230        2.724966e-16      
   4.008294       13.140784        2.576452e-17      
   4.008294       13.683002        1.850661e-20      
   4.008294       14.227422        -2.353513e-20     
   4.008294       14.772578        -1.770095e-22     
   4.008294       15.316998        1.070875e-23      
   4.008294       15.859216        6.036354e-26      
   4.008294       16.397770        -2.525800e-27     
   4.008294       16.931207        -4.403337e-30     
   4.008294       17.458091        3.977975e-31      
   4.008294       17.977000        -2.529565e-33     
   4.008294       18.486536        -6.255642e-35     
   4.008294       18.985324        1.420487e-36      
   4.008294       19.472021        -8.597272e-39     
   4.008294       19.945315        -3.518121e-37     
   4.008294       20.403928        -4.059843e-35     
   4.008294       20.846626        -4.206999e-33     
   4.008294       21.272215        -3.815977e-31     
   4.008294       21.679546        -2.956027e-29     
   4.008294       22.067523        -1.909468e-27     
   4.008294       22.435100        -1.004277e-25     
   4.008294       22.781284        -4.209395e-24     
   4.008294       23.105144        -1.373776e-22     
   4.008294       23.405806        -3.427474e-21     
   4.008294       23.682459        -6.444498e-20     
   4.008294       23.934358        -8.830668e-19     
   4.008294       24.160824        -8.953013e-18     
   4.008294       24.361246        -6.744519e-17     
   4.008294       24.535084        -3.426124e-16     
   4.008294       24.681869        -1.151384e-15     
   4.008294       24.801206        -2.861085e-15     
   4.008294       24.892773        -6.275722e-15     
   4.008294       24.956326        -1.540936e-14     
   4.008294       24.991706        -6.724769e-14     
   4.043674       0.001580         8.254004e-05      
   4.043674       0.008319         4.346586e-04      
   4.043674       0.020424         1.067224e-03      
   4.043674       0.037866         1.978694e-03      
   4.043674       0.060596         3.168314e-03      
   4.043674       0.088555         4.633072e-03      
   4.043674       0.121667         6.371238e-03      
   4.043674       0.159843         8.379808e-03      
   4.043674       0.202979         1.066019e-02      
   4.043674       0.250960         1.321448e-02      
   4.043674       0.303656         1.604626e-02      
   4.043674       0.360925         1.916163e-02      
   4.043674       0.422613         2.256952e-02      
   4.043674       0.488552         2.628210e-02      
   4.043674       0.558567         3.031499e-02      
   4.043674       0.632467         3.468757e-02      
   4.043674       0.710054         3.942308e-02      
   4.043674       0.791119         4.454844e-02      
   4.043674       0.875442         5.009369e-02      
   4.043674       0.962797         5.609127e-02      
   4.043674       1.052948         6.257539e-02      
   4.043674       1.145653         6.958117e-02      
   4.043674       1.240660         7.714297e-02      
   4.043674       1.337714         8.529235e-02      
   4.043674       1.436554         9.405601e-02      
   4.043674       1.536913         1.034538e-01      
   4.043674       1.638520         1.134960e-01      
   4.043674       1.741102         1.241804e-01      
   4.043674       1.844381         1.354891e-01      
   4.043674       1.948080         1.473873e-01      
   4.043674       2.051920         1.598207e-01      
   4.043674       2.155619         1.727137e-01      
   4.043674       2.258898         1.859698e-01      
   4.043674       2.361480         1.994727e-01      
   4.043674       2.463087         2.130884e-01      
   4.043674       2.563446         2.266685e-01      
   4.043674       2.662286         2.400559e-01      
   4.043674       2.759340         2.530910e-01      
   4.043674       2.854347         2.656183e-01      
   4.043674       2.947052         2.774931e-01      
   4.043674       3.037203         2.885886e-01      
   4.043674       3.124558         2.988019e-01      
   4.043674       3.208881         3.080577e-01      
   4.043674       3.289946         3.163109e-01      
   4.043674       3.367533         3.235462e-01      
   4.043674       3.441433         3.297778e-01      
   4.043674       3.511448         3.350452e-01      
   4.043674       3.577387         3.394089e-01      
   4.043674       3.639075         3.429450e-01      
   4.043674       3.696344         3.457395e-01      
   4.043674       3.749040         3.478846e-01      
   4.043674       3.797021         3.494741e-01      
   4.043674       3.840157         3.506011e-01      
   4.043674       3.878333         3.513553e-01      
   4.043674       3.911445         3.518209e-01      
   4.043674       3.939404         3.520752e-01      
   4.043674       3.962134         3.521866e-01      
   4.043674       3.979576         3.522133e-01      
   4.043674       3.991681         3.522014e-01      
   4.043674       3.998420         3.521839e-01      
   4.043674       4.008294         3.521441e-01      
   4.043674       4.043674         3.518614e-01      
   4.043674       4.107227         3.507865e-01      
   4.043674       4.198794         3.478839e-01      
   4.043674       4.318131         3.415052e-01      
   4.043674       4.464916         3.292920e-01      
   4.043674       4.638754         3.083489e-01      
   4.043674       4.839176         2.760327e-01      
   4.043674       5.065642         2.314822e-01      
   4.043674       5.317541         1.773418e-01      
   4.043674       5.594194         1.204198e-01      
   4.043674       5.894856         6.991525e-02      
   4.043674       6.218716         3.328182e-02      
   4.043674       6.564900         1.238943e-02      
   4.043674       6.932477         3.437789e-03      
   4.043674       7.320454         6.901229e-04      
   4.043674       7.727785         1.046526e-04      
   4.043674       8.153374         1.412255e-05      
   4.043674       8.596072         1.782605e-06      
   4.043674       9.054685         1.559783e-07      
   4.043674       9.527979         4.712688e-09      
   4.043674       10.014676        -3.790971e-10     
   4.043674       10.513464        -2.760089e-11     
   4.043674       11.023000        -2.954570e-13     
   4.043674       11.541909        -9.682889e-14     
   4.043674       12.068793        -7.609747e-15     
   4.043674       12.602230        2.760925e-16      
   4.043674       13.140784        2.692912e-17      
   4.043674       13.683002        3.814809e-20      
   4.043674       14.227422        -2.459877e-20     
   4.043674       14.772578        -1.989325e-22     
   4.043674       15.316998        1.123351e-23      
   4.043674       15.859216        6.721501e-26      
   4.043674       16.397770        -2.661399e-27     
   4.043674       16.931207        -5.135231e-30     
   4.043674       17.458091        4.218611e-31      
   4.043674       17.977000        -2.665120e-33     
   4.043674       18.486536        -6.687481e-35     
   4.043674       18.985324        1.518660e-36      
   4.043674       19.472021        -8.749486e-39     
   4.043674       19.945315        -3.196240e-37     
   4.043674       20.403928        -3.688335e-35     
   4.043674       20.846626        -3.822280e-33     
   4.043674       21.272215        -3.467206e-31     
   4.043674       21.679546        -2.685973e-29     
   4.043674       22.067523        -1.735086e-27     
   4.043674       22.435100        -9.125866e-26     
   4.043674       22.781284        -3.825156e-24     
   4.043674       23.105144        -1.248394e-22     
   4.043674       23.405806        -3.114684e-21     
   4.043674       23.682459        -5.856392e-20     
   4.043674       23.934358        -8.024834e-19     
   4.043674       24.160824        -8.135974e-18     
   4.043674       24.361246        -6.128934e-17     
   4.043674       24.535084        -3.113405e-16     
   4.043674       24.681869        -1.046300e-15     
   4.043674       24.801206        -2.599967e-15     
   4.043674       24.892773        -5.702822e-15     
   4.043674       24.956326        -1.400186e-14     
   4.043674       24.991706        -6.110034e-14     
   4.107227       0.001580         7.409536e-05      
   4.107227       0.008319         3.901889e-04      
   4.107227       0.020424         9.580423e-04      
   4.107227       0.037866         1.776272e-03      
   4.107227       0.060596         2.844286e-03      
   4.107227       0.088555         4.159437e-03      
   4.107227       0.121667         5.720408e-03      
   4.107227       0.159843         7.524666e-03      
   4.107227       0.202979         9.573839e-03      
   4.107227       0.250960         1.187029e-02      
   4.107227       0.303656         1.441784e-02      
   4.107227       0.360925         1.722276e-02      
   4.107227       0.422613         2.029415e-02      
   4.107227       0.488552         2.364445e-02      
   4.107227       0.558567         2.728962e-02      
   4.107227       0.632467         3.124933e-02      
   4.107227       0.710054         3.554702e-02      
   4.107227       0.791119         4.020985e-02      
   4.107227       0.875442         4.526847e-02      
   4.107227       0.962797         5.075649e-02      
   4.107227       1.052948         5.670975e-02      
   4.107227       1.145653         6.316535e-02      
   4.107227       1.240660         7.016045e-02      
   4.107227       1.337714         7.773061e-02      
   4.107227       1.436554         8.590779e-02      
   4.107227       1.536913         9.471807e-02      
   4.107227       1.638520         1.041793e-01      
   4.107227       1.741102         1.142982e-01      
   4.107227       1.844381         1.250679e-01      
   4.107227       1.948080         1.364648e-01      
   4.107227       2.051920         1.484469e-01      
   4.107227       2.155619         1.609517e-01      
   4.107227       2.258898         1.738954e-01      
   4.107227       2.361480         1.871735e-01      
   4.107227       2.463087         2.006622e-01      
   4.107227       2.563446         2.142216e-01      
   4.107227       2.662286         2.276994e-01      
   4.107227       2.759340         2.409374e-01      
   4.107227       2.854347         2.537776e-01      
   4.107227       2.947052         2.660691e-01      
   4.107227       3.037203         2.776746e-01      
   4.107227       3.124558         2.884772e-01      
   4.107227       3.208881         2.983851e-01      
   4.107227       3.289946         3.073349e-01      
   4.107227       3.367533         3.152931e-01      
   4.107227       3.441433         3.222551e-01      
   4.107227       3.511448         3.282436e-01      
   4.107227       3.577387         3.333048e-01      
   4.107227       3.639075         3.375035e-01      
   4.107227       3.696344         3.409177e-01      
   4.107227       3.749040         3.436338e-01      
   4.107227       3.797021         3.457425e-01      
   4.107227       3.840157         3.473349e-01      
   4.107227       3.878333         3.484999e-01      
   4.107227       3.911445         3.493212e-01      
   4.107227       3.939404         3.498756e-01      
   4.107227       3.962134         3.502312e-01      
   4.107227       3.979576         3.504454e-01      
   4.107227       3.991681         3.505639e-01      
   4.107227       3.998420         3.506191e-01      
   4.107227       4.008294         3.506858e-01      
   4.107227       4.043674         3.507865e-01      
   4.107227       4.107227         3.504095e-01      
   4.107227       4.198794         3.485429e-01      
   4.107227       4.318131         3.435812e-01      
   4.107227       4.464916         3.331886e-01      
   4.107227       4.638754         3.143721e-01      
   4.107227       4.839176         2.841630e-01      
   4.107227       5.065642         2.411386e-01      
   4.107227       5.317541         1.873360e-01      
   4.107227       5.594194         1.292568e-01      
   4.107227       5.894856         7.640426e-02      
   4.107227       6.218716         3.709544e-02      
   4.107227       6.564900         1.410372e-02      
   4.107227       6.932477         3.997196e-03      
   4.107227       7.320454         8.161185e-04      
   4.107227       7.727785         1.240244e-04      
   4.107227       8.153374         1.645524e-05      
   4.107227       8.596072         2.068239e-06      
   4.107227       9.054685         1.869073e-07      
   4.107227       9.527979         6.514538e-09      
   4.107227       10.014676        -3.951406e-10     
   4.107227       10.513464        -3.546365e-11     
   4.107227       11.023000        -5.835486e-13     
   4.107227       11.541909        -9.833047e-14     
   4.107227       12.068793        -7.911111e-15     
   4.107227       12.602230        2.834835e-16      
   4.107227       13.140784        2.914232e-17      
   4.107227       13.683002        7.769927e-20      
   4.107227       14.227422        -2.661701e-20     
   4.107227       14.772578        -2.429421e-22     
   4.107227       15.316998        1.223729e-23      
   4.107227       15.859216        8.101662e-26      
   4.107227       16.397770        -2.923217e-27     
   4.107227       16.931207        -6.631486e-30     
   4.107227       17.458091        4.689664e-31      
   4.107227       17.977000        -2.930399e-33     
   4.107227       18.486536        -7.545772e-35     
   4.107227       18.985324        1.714199e-36      
   4.107227       19.472021        -9.148515e-39     
   4.107227       19.945315        -2.672832e-37     
   4.107227       20.403928        -3.083977e-35     
   4.107227       20.846626        -3.196250e-33     
   4.107227       21.272215        -2.899522e-31     
   4.107227       21.679546        -2.246309e-29     
   4.107227       22.067523        -1.451120e-27     
   4.107227       22.435100        -7.632483e-26     
   4.107227       22.781284        -3.199226e-24     
   4.107227       23.105144        -1.044114e-22     
   4.107227       23.405806        -2.604993e-21     
   4.107227       23.682459        -4.897954e-20     
   4.107227       23.934358        -6.711419e-19     
   4.107227       24.160824        -6.804166e-18     
   4.107227       24.361246        -5.125425e-17     
   4.107227       24.535084        -2.603586e-16     
   4.107227       24.681869        -8.749726e-16     
   4.107227       24.801206        -2.174214e-15     
   4.107227       24.892773        -4.768677e-15     
   4.107227       24.956326        -1.170687e-14     
   4.107227       24.991706        -5.107720e-14     
   4.198794       0.001580         6.294793e-05      
   4.198794       0.008319         3.314865e-04      
   4.198794       0.020424         8.139130e-04      
   4.198794       0.037866         1.509064e-03      
   4.198794       0.060596         2.416507e-03      
   4.198794       0.088555         3.534091e-03      
   4.198794       0.121667         4.860960e-03      
   4.198794       0.159843         6.395156e-03      
   4.198794       0.202979         8.138502e-03      
   4.198794       0.250960         1.009363e-02      
   4.198794       0.303656         1.226455e-02      
   4.198794       0.360925         1.465760e-02      
   4.198794       0.422613         1.728188e-02      
   4.198794       0.488552         2.014979e-02      
   4.198794       0.558567         2.327725e-02      
   4.198794       0.632467         2.668385e-02      
   4.198794       0.710054         3.039277e-02      
   4.198794       0.791119         3.443092e-02      
   4.198794       0.875442         3.882900e-02      
   4.198794       0.962797         4.362124e-02      
   4.198794       1.052948         4.884467e-02      
   4.198794       1.145653         5.453817e-02      
   4.198794       1.240660         6.074157e-02      
   4.198794       1.337714         6.749461e-02      
   4.198794       1.436554         7.483506e-02      
   4.198794       1.536913         8.279642e-02      
   4.198794       1.638520         9.140571e-02      
   4.198794       1.741102         1.006812e-01      
   4.198794       1.844381         1.106297e-01      
   4.198794       1.948080         1.212429e-01      
   4.198794       2.051920         1.324958e-01      
   4.198794       2.155619         1.443441e-01      
   4.198794       2.258898         1.567232e-01      
   4.198794       2.361480         1.695464e-01      
   4.198794       2.463087         1.827068e-01      
   4.198794       2.563446         1.960787e-01      
   4.198794       2.662286         2.095210e-01      
   4.198794       2.759340         2.228816e-01      
   4.198794       2.854347         2.360033e-01      
   4.198794       2.947052         2.487307e-01      
   4.198794       3.037203         2.609166e-01      
   4.198794       3.124558         2.724283e-01      
   4.198794       3.208881         2.831537e-01      
   4.198794       3.289946         2.930060e-01      
   4.198794       3.367533         3.019264e-01      
   4.198794       3.441433         3.098844e-01      
   4.198794       3.511448         3.168775e-01      
   4.198794       3.577387         3.229287e-01      
   4.198794       3.639075         3.280832e-01      
   4.198794       3.696344         3.324033e-01      
   4.198794       3.749040         3.359636e-01      
   4.198794       3.797021         3.388463e-01      
   4.198794       3.840157         3.411368e-01      
   4.198794       3.878333         3.429200e-01      
   4.198794       3.911445         3.442775e-01      
   4.198794       3.939404         3.452844e-01      
   4.198794       3.962134         3.460078e-01      
   4.198794       3.979576         3.465043e-01      
   4.198794       3.991681         3.468187e-01      
   4.198794       3.998420         3.469830e-01      
   4.198794       4.008294         3.472096e-01      
   4.198794       4.043674         3.478839e-01      
   4.198794       4.107227         3.485429e-01      
   4.198794       4.198794         3.481950e-01      
   4.198794       4.318131         3.452895e-01      
   4.198794       4.464916         3.375530e-01      
   4.198794       4.638754         3.219244e-01      
   4.198794       4.839176         2.950406e-01      
   4.198794       5.065642         2.546796e-01      
   4.198794       5.317541         2.019051e-01      
   4.198794       5.594194         1.425962e-01      
   4.198794       5.894856         8.653003e-02      
   4.198794       6.218716         4.324527e-02      
   4.198794       6.564900         1.696173e-02      
   4.198794       6.932477         4.961792e-03      
   4.198794       7.320454         1.040476e-03      
   4.198794       7.727785         1.592719e-04      
   4.198794       8.153374         2.065402e-05      
   4.198794       8.596072         2.567086e-06      
   4.198794       9.054685         2.415054e-07      
   4.198794       9.527979         9.920257e-09      
   4.198794       10.014676        -3.983893e-10     
   4.198794       10.513464        -4.893193e-11     
   4.198794       11.023000        -1.164530e-12     
   4.198794       11.541909        -1.025420e-13     
   4.198794       12.068793        -8.258692e-15     
   4.198794       12.602230        2.972877e-16      
   4.198794       13.140784        3.263142e-17      
   4.198794       13.683002        1.453719e-19      
   4.198794       14.227422        -2.978357e-20     
   4.198794       14.772578        -3.182223e-22     
   4.198794       15.316998        1.383202e-23      
   4.198794       15.859216        1.047674e-25      
   4.198794       16.397770        -3.345513e-27     
   4.198794       16.931207        -9.262530e-30     
   4.198794       17.458091        5.466835e-31      
   4.198794       17.977000        -3.368706e-33     
   4.198794       18.486536        -8.997156e-35     
   4.198794       18.985324        2.046030e-36      
   4.198794       19.472021        -1.002815e-38     
   4.198794       19.945315        -2.032303e-37     
   4.198794       20.403928        -2.343874e-35     
   4.198794       20.846626        -2.429270e-33     
   4.198794       21.272215        -2.203749e-31     
   4.198794       21.679546        -1.707249e-29     
   4.198794       22.067523        -1.102846e-27     
   4.198794       22.435100        -5.800361e-26     
   4.198794       22.781284        -2.431118e-24     
   4.198794       23.105144        -7.933734e-23     
   4.198794       23.405806        -1.979249e-21     
   4.198794       23.682459        -3.721072e-20     
   4.198794       23.934358        -5.098390e-19     
   4.198794       24.160824        -5.168310e-18     
   4.198794       24.361246        -3.892682e-17     
   4.198794       24.535084        -1.977245e-16     
   4.198794       24.681869        -6.644662e-16     
   4.198794       24.801206        -1.651053e-15     
   4.198794       24.892773        -3.620749e-15     
   4.198794       24.956326        -8.886700e-15     
   4.198794       24.991706        -3.876143e-14     
   4.318131       0.001580         5.022222e-05      
   4.318131       0.008319         2.644726e-04      
   4.318131       0.020424         6.493701e-04      
   4.318131       0.037866         1.204012e-03      
   4.318131       0.060596         1.928053e-03      
   4.318131       0.088555         2.819890e-03      
   4.318131       0.121667         3.879026e-03      
   4.318131       0.159843         5.104039e-03      
   4.318131       0.202979         6.496804e-03      
   4.318131       0.250960         8.060118e-03      
   4.318131       0.303656         9.798146e-03      
   4.318131       0.360925         1.171721e-02      
   4.318131       0.422613         1.382610e-02      
   4.318131       0.488552         1.613659e-02      
   4.318131       0.558567         1.866360e-02      
   4.318131       0.632467         2.142561e-02      
   4.318131       0.710054         2.444480e-02      
   4.318131       0.791119         2.774713e-02      
   4.318131       0.875442         3.136229e-02      
   4.318131       0.962797         3.532354e-02      
   4.318131       1.052948         3.966749e-02      
   4.318131       1.145653         4.443366e-02      
   4.318131       1.240660         4.966356e-02      
   4.318131       1.337714         5.539972e-02      
   4.318131       1.436554         6.168433e-02      
   4.318131       1.536913         6.855776e-02      
   4.318131       1.638520         7.605635e-02      
   4.318131       1.741102         8.421002e-02      
   4.318131       1.844381         9.303988e-02      
   4.318131       1.948080         1.025554e-01      
   4.318131       2.051920         1.127517e-01      
   4.318131       2.155619         1.236067e-01      
   4.318131       2.258898         1.350791e-01      
   4.318131       2.361480         1.471073e-01      
   4.318131       2.463087         1.596083e-01      
   4.318131       2.563446         1.724781e-01      
   4.318131       2.662286         1.855946e-01      
   4.318131       2.759340         1.988202e-01      
   4.318131       2.854347         2.120063e-01      
   4.318131       2.947052         2.249992e-01      
   4.318131       3.037203         2.376463e-01      
   4.318131       3.124558         2.498030e-01      
   4.318131       3.208881         2.613383e-01      
   4.318131       3.289946         2.721407e-01      
   4.318131       3.367533         2.821222e-01      
   4.318131       3.441433         2.912213e-01      
   4.318131       3.511448         2.994036e-01      
   4.318131       3.577387         3.066610e-01      
   4.318131       3.639075         3.130094e-01      
   4.318131       3.696344         3.184856e-01      
   4.318131       3.749040         3.231427e-01      
   4.318131       3.797021         3.270460e-01      
   4.318131       3.840157         3.302680e-01      
   4.318131       3.878333         3.328840e-01      
   4.318131       3.911445         3.349687e-01      
   4.318131       3.939404         3.365924e-01      
   4.318131       3.962134         3.378186e-01      
   4.318131       3.979576         3.387015e-01      
   4.318131       3.991681         3.392845e-01      
   4.318131       3.998420         3.395983e-01      
   4.318131       4.008294         3.400442e-01      
   4.318131       4.043674         3.415052e-01      
   4.318131       4.107227         3.435812e-01      
   4.318131       4.198794         3.452895e-01      
   4.318131       4.318131         3.451200e-01      
   4.318131       4.464916         3.408930e-01      
   4.318131       4.638754         3.295739e-01      
   4.318131       4.839176         3.074513e-01      
   4.318131       5.065642         2.713439e-01      
   4.318131       5.317541         2.209161e-01      
   4.318131       5.594194         1.609102e-01      
   4.318131       5.894856         1.011073e-01      
   4.318131       6.218716         5.251944e-02      
   4.318131       6.564900         2.147787e-02      
   4.318131       6.932477         6.559915e-03      
   4.318131       7.320454         1.429650e-03      
   4.318131       7.727785         2.225317e-04      
   4.318131       8.153374         2.813827e-05      
   4.318131       8.596072         3.418469e-06      
   4.318131       9.054685         3.352421e-07      
   4.318131       9.527979         1.625889e-08      
   4.318131       10.014676        -3.451771e-10     
   4.318131       10.513464        -7.070300e-11     
   4.318131       11.023000        -2.312218e-12     
   4.318131       11.541909        -1.145739e-13     
   4.318131       12.068793        -8.507398e-15     
   4.318131       12.602230        3.245400e-16      
   4.318131       13.140784        3.779681e-17      
   4.318131       13.683002        2.554104e-19      
   4.318131       14.227422        -3.441258e-20     
   4.318131       14.772578        -4.415338e-22     
   4.318131       15.316998        1.620166e-23      
   4.318131       15.859216        1.440324e-25      
   4.318131       16.397770        -3.986552e-27     
   4.318131       16.931207        -1.373050e-29     
   4.318131       17.458091        6.686176e-31      
   4.318131       17.977000        -4.060427e-33     
   4.318131       18.486536        -1.135567e-34     
   4.318131       18.985324        2.588036e-36      
   4.318131       19.472021        -1.178424e-38     
   4.318131       19.945315        -1.373840e-37     
   4.318131       20.403928        -1.582245e-35     
   4.318131       20.846626        -1.639538e-33     
   4.318131       21.272215        -1.486975e-31     
   4.318131       21.679546        -1.151666e-29     
   4.318131       22.067523        -7.437504e-28     
   4.318131       22.435100        -3.910629e-26     
   4.318131       22.781284        -1.638600e-24     
   4.318131       23.105144        -5.345895e-23     
   4.318131       23.405806        -1.333266e-21     
   4.318131       23.682459        -2.505856e-20     
   4.318131       23.934358        -3.432489e-19     
   4.318131       24.160824        -3.478544e-18     
   4.318131       24.361246        -2.619151e-17     
   4.318131       24.535084        -1.330106e-16     
   4.318131       24.681869        -4.469421e-16     
   4.318131       24.801206        -1.110391e-15     
   4.318131       24.892773        -2.434365e-15     
   4.318131       24.956326        -5.972187e-15     
   4.318131       24.991706        -2.603535e-14     
   4.464916       0.001580         3.720993e-05      
   4.464916       0.008319         1.959494e-04      
   4.464916       0.020424         4.811199e-04      
   4.464916       0.037866         8.921008e-04      
   4.464916       0.060596         1.428594e-03      
   4.464916       0.088555         2.089594e-03      
   4.464916       0.121667         2.874909e-03      
   4.464916       0.159843         3.783653e-03      
   4.464916       0.202979         4.817607e-03      
   4.464916       0.250960         5.979474e-03      
   4.464916       0.303656         7.273164e-03      
   4.464916       0.360925         8.704453e-03      
   4.464916       0.422613         1.028128e-02      
   4.464916       0.488552         1.201416e-02      
   4.464916       0.558567         1.391641e-02      
   4.464916       0.632467         1.600449e-02      
   4.464916       0.710054         1.829825e-02      
   4.464916       0.791119         2.082113e-02      
   4.464916       0.875442         2.360017e-02      
   4.464916       0.962797         2.666605e-02      
   4.464916       1.052948         3.005299e-02      
   4.464916       1.145653         3.379863e-02      
   4.464916       1.240660         3.794360e-02      
   4.464916       1.337714         4.253073e-02      
   4.464916       1.436554         4.760414e-02      
   4.464916       1.536913         5.320818e-02      
   4.464916       1.638520         5.938585e-02      
   4.464916       1.741102         6.617675e-02      
   4.464916       1.844381         7.361486e-02      
   4.464916       1.948080         8.172614e-02      
   4.464916       2.051920         9.052581e-02      
   4.464916       2.155619         1.000155e-01      
   4.464916       2.258898         1.101804e-01      
   4.464916       2.361480         1.209874e-01      
   4.464916       2.463087         1.323837e-01      
   4.464916       2.563446         1.442950e-01      
   4.464916       2.662286         1.566268e-01      
   4.464916       2.759340         1.692658e-01      
   4.464916       2.854347         1.820829e-01      
   4.464916       2.947052         1.949372e-01      
   4.464916       3.037203         2.076810e-01      
   4.464916       3.124558         2.201663e-01      
   4.464916       3.208881         2.322508e-01      
   4.464916       3.289946         2.438036e-01      
   4.464916       3.367533         2.547104e-01      
   4.464916       3.441433         2.648779e-01      
   4.464916       3.511448         2.742364e-01      
   4.464916       3.577387         2.827414e-01      
   4.464916       3.639075         2.903724e-01      
   4.464916       3.696344         2.971313e-01      
   4.464916       3.749040         3.030398e-01      
   4.464916       3.797021         3.081354e-01      
   4.464916       3.840157         3.124672e-01      
   4.464916       3.878333         3.160917e-01      
   4.464916       3.911445         3.190687e-01      
   4.464916       3.939404         3.214569e-01      
   4.464916       3.962134         3.233114e-01      
   4.464916       3.979576         3.246801e-01      
   4.464916       3.991681         3.256019e-01      
   4.464916       3.998420         3.261049e-01      
   4.464916       4.008294         3.268287e-01      
   4.464916       4.043674         3.292920e-01      
   4.464916       4.107227         3.331886e-01      
   4.464916       4.198794         3.375530e-01      
   4.464916       4.318131         3.408930e-01      
   4.464916       4.464916         3.410920e-01      
   4.464916       4.638754         3.352301e-01      
   4.464916       4.839176         3.194495e-01      
   4.464916       5.065642         2.896445e-01      
   4.464916       5.317541         2.436975e-01      
   4.464916       5.594194         1.844759e-01      
   4.464916       5.894856         1.211101e-01      
   4.464916       6.218716         6.605592e-02      
   4.464916       6.564900         2.848810e-02      
   4.464916       6.932477         9.199966e-03      
   4.464916       7.320454         2.113187e-03      
   4.464916       7.727785         3.393301e-04      
   4.464916       8.153374         4.202131e-05      
   4.464916       8.596072         4.913384e-06      
   4.464916       9.054685         4.986309e-07      
   4.464916       9.527979         2.828617e-08      
   4.464916       10.014676        -1.229772e-10     
   4.464916       10.513464        -1.045927e-10     
   4.464916       11.023000        -4.584320e-12     
   4.464916       11.541909        -1.486922e-13     
   4.464916       12.068793        -8.397085e-15     
   4.464916       12.602230        3.833839e-16      
   4.464916       13.140784        4.535974e-17      
   4.464916       13.683002        4.313879e-19      
   4.464916       14.227422        -4.099103e-20     
   4.464916       14.772578        -6.426452e-22     
   4.464916       15.316998        1.963094e-23      
   4.464916       15.859216        2.089037e-25      
   4.464916       16.397770        -4.940625e-27     
   4.464916       16.931207        -2.134222e-29     
   4.464916       17.458091        8.585923e-31      
   4.464916       17.977000        -5.153362e-33     
   4.464916       18.486536        -1.520703e-34     
   4.464916       18.985324        3.479229e-36      
   4.464916       19.472021        -1.508843e-38     
   4.464916       19.945315        -7.902147e-38     
   4.464916       20.403928        -9.060239e-36     
   4.464916       20.846626        -9.379239e-34     
   4.464916       21.272215        -8.498217e-32     
   4.464916       21.679546        -6.575532e-30     
   4.464916       22.067523        -4.242442e-28     
   4.464916       22.435100        -2.228576e-26     
   4.464916       22.781284        -9.329352e-25     
   4.464916       23.105144        -3.040965e-23     
   4.464916       23.405806        -7.577519e-22     
   4.464916       23.682459        -1.422964e-20     
   4.464916       23.934358        -1.947690e-19     
   4.464916       24.160824        -1.972227e-18     
   4.464916       24.361246        -1.483758e-17     
   4.464916       24.535084        -7.530968e-17     
   4.464916       24.681869        -2.529646e-16     
   4.464916       24.801206        -6.282013e-16     
   4.464916       24.892773        -1.376273e-15     
   4.464916       24.956326        -3.373126e-15     
   4.464916       24.991706        -1.468918e-14     
   4.638754       0.001580         2.525256e-05      
   4.638754       0.008319         1.329815e-04      
   4.638754       0.020424         3.265109e-04      
   4.638754       0.037866         6.054743e-04      
   4.638754       0.060596         9.695990e-04      
   4.638754       0.088555         1.418416e-03      
   4.638754       0.121667         1.951936e-03      
   4.638754       0.159843         2.569722e-03      
   4.638754       0.202979         3.273311e-03      
   4.638754       0.250960         4.065045e-03      
   4.638754       0.303656         4.948222e-03      
   4.638754       0.360925         5.927609e-03      
   4.638754       0.422613         7.009731e-03      
   4.638754       0.488552         8.203243e-03      
   4.638754       0.558567         9.519150e-03      
   4.638754       0.632467         1.097105e-02      
   4.638754       0.710054         1.257533e-02      
   4.638754       0.791119         1.435138e-02      
   4.638754       0.875442         1.632191e-02      
   4.638754       0.962797         1.851308e-02      
   4.638754       1.052948         2.095456e-02      
   4.638754       1.145653         2.367947e-02      
   4.638754       1.240660         2.672427e-02      
   4.638754       1.337714         3.012858e-02      
   4.638754       1.436554         3.393473e-02      
   4.638754       1.536913         3.818684e-02      
   4.638754       1.638520         4.292987e-02      
   4.638754       1.741102         4.820839e-02      
   4.638754       1.844381         5.406485e-02      
   4.638754       1.948080         6.053740e-02      
   4.638754       2.051920         6.765755e-02      
   4.638754       2.155619         7.544772e-02      
   4.638754       2.258898         8.391850e-02      
   4.638754       2.361480         9.306577e-02      
   4.638754       2.463087         1.028685e-01      
   4.638754       2.563446         1.132868e-01      
   4.638754       2.662286         1.242611e-01      
   4.638754       2.759340         1.357117e-01      
   4.638754       2.854347         1.475397e-01      
   4.638754       2.947052         1.596298e-01      
   4.638754       3.037203         1.718536e-01      
   4.638754       3.124558         1.840739e-01      
   4.638754       3.208881         1.961501e-01      
   4.638754       3.289946         2.079437e-01      
   4.638754       3.367533         2.193245e-01      
   4.638754       3.441433         2.301747e-01      
   4.638754       3.511448         2.403937e-01      
   4.638754       3.577387         2.499005e-01      
   4.638754       3.639075         2.586358e-01      
   4.638754       3.696344         2.665618e-01      
   4.638754       3.749040         2.736610e-01      
   4.638754       3.797021         2.799342e-01      
   4.638754       3.840157         2.853970e-01      
   4.638754       3.878333         2.900763e-01      
   4.638754       3.911445         2.940065e-01      
   4.638754       3.939404         2.972260e-01      
   4.638754       3.962134         2.997730e-01      
   4.638754       3.979576         3.016826e-01      
   4.638754       3.991681         3.029846e-01      
   4.638754       3.998420         3.037010e-01      
   4.638754       4.008294         3.047393e-01      
   4.638754       4.043674         3.083489e-01      
   4.638754       4.107227         3.143721e-01      
   4.638754       4.198794         3.219244e-01      
   4.638754       4.318131         3.295739e-01      
   4.638754       4.464916         3.352301e-01      
   4.638754       4.638754         3.360371e-01      
   4.638754       4.839176         3.282011e-01      
   4.638754       5.065642         3.070432e-01      
   4.638754       5.317541         2.685663e-01      
   4.638754       5.594194         2.129202e-01      
   4.638754       5.894856         1.474141e-01      
   4.638754       6.218716         8.533724e-02      
   4.638754       6.564900         3.928783e-02      
   4.638754       6.932477         1.360088e-02      
   4.638754       7.320454         3.345685e-03      
   4.638754       7.727785         5.650025e-04      
   4.638754       8.153374         6.952132e-05      
   4.638754       8.596072         7.705843e-06      
   4.638754       9.054685         7.945680e-07      
   4.638754       9.527979         5.188359e-08      
   4.638754       10.014676        5.579506e-10      
   4.638754       10.513464        -1.543349e-10     
   4.638754       11.023000        -9.111897e-12     
   4.638754       11.541909        -2.436256e-13     
   4.638754       12.068793        -7.569493e-15     
   4.638754       12.602230        5.192504e-16      
   4.638754       13.140784        5.676041e-17      
   4.638754       13.683002        7.121102e-19      
   4.638754       14.227422        -5.029085e-20     
   4.638754       14.772578        -9.748737e-22     
   4.638754       15.316998        2.455067e-23      
   4.638754       15.859216        3.178682e-25      
   4.638754       16.397770        -6.357700e-27     
   4.638754       16.931207        -3.456215e-29     
   4.638754       17.458091        1.158792e-30      
   4.638754       17.977000        -6.927867e-33     
   4.638754       18.486536        -2.167354e-34     
   4.638754       18.985324        4.988564e-36      
   4.638754       19.472021        -2.115282e-38     
   4.638754       19.945315        -3.475342e-38     
   4.638754       20.403928        -3.913849e-36     
   4.638754       20.846626        -4.036463e-34     
   4.638754       21.272215        -3.643843e-32     
   4.638754       21.679546        -2.809311e-30     
   4.638754       22.067523        -1.806192e-28     
   4.638754       22.435100        -9.455894e-27     
   4.638754       22.781284        -3.945436e-25     
   4.638754       23.105144        -1.282002e-23     
   4.638754       23.405806        -3.184770e-22     
   4.638754       23.682459        -5.963032e-21     
   4.638754       23.934358        -8.140713e-20     
   4.638754       24.160824        -8.220859e-19     
   4.638754       24.361246        -6.168195e-18     
   4.638754       24.535084        -3.124907e-17     
   4.638754       24.681869        -1.048267e-16     
   4.638754       24.801206        -2.599346e-16     
   4.638754       24.892773        -5.682292e-16     
   4.638754       24.956326        -1.388771e-15     
   4.638754       24.991706        -6.029805e-15     
   4.839176       0.001580         1.544758e-05      
   4.839176       0.008319         8.134807e-05      
   4.839176       0.020424         1.997345e-04      
   4.839176       0.037866         3.704179e-04      
   4.839176       0.060596         5.931540e-04      
   4.839176       0.088555         8.678253e-04      
   4.839176       0.121667         1.194490e-03      
   4.839176       0.159843         1.572988e-03      
   4.839176       0.202979         2.004467e-03      
   4.839176       0.250960         2.490740e-03      
   4.839176       0.303656         3.034346e-03      
   4.839176       0.360925         3.638888e-03      
   4.839176       0.422613         4.309228e-03      
   4.839176       0.488552         5.051739e-03      
   4.839176       0.558567         5.874490e-03      
   4.839176       0.632467         6.787519e-03      
   4.839176       0.710054         7.803053e-03      
   4.839176       0.791119         8.935752e-03      
   4.839176       0.875442         1.020289e-02      
   4.839176       0.962797         1.162454e-02      
   4.839176       1.052948         1.322383e-02      
   4.839176       1.145653         1.502712e-02      
   4.839176       1.240660         1.706416e-02      
   4.839176       1.337714         1.936792e-02      
   4.839176       1.436554         2.197461e-02      
   4.839176       1.536913         2.492341e-02      
   4.839176       1.638520         2.825600e-02      
   4.839176       1.741102         3.201572e-02      
   4.839176       1.844381         3.624649e-02      
   4.839176       1.948080         4.099158e-02      
   4.839176       2.051920         4.629179e-02      
   4.839176       2.155619         5.218328e-02      
   4.839176       2.258898         5.869522e-02      
   4.839176       2.361480         6.584737e-02      
   4.839176       2.463087         7.364741e-02      
   4.839176       2.563446         8.208836e-02      
   4.839176       2.662286         9.114656e-02      
   4.839176       2.759340         1.007803e-01      
   4.839176       2.854347         1.109290e-01      
   4.839176       2.947052         1.215134e-01      
   4.839176       3.037203         1.324372e-01      
   4.839176       3.124558         1.435896e-01      
   4.839176       3.208881         1.548490e-01      
   4.839176       3.289946         1.660868e-01      
   4.839176       3.367533         1.771729e-01      
   4.839176       3.441433         1.879801e-01      
   4.839176       3.511448         1.983896e-01      
   4.839176       3.577387         2.082942e-01      
   4.839176       3.639075         2.176018e-01      
   4.839176       3.696344         2.262376e-01      
   4.839176       3.749040         2.341441e-01      
   4.839176       3.797021         2.412816e-01      
   4.839176       3.840157         2.476264e-01      
   4.839176       3.878333         2.531684e-01      
   4.839176       3.911445         2.579087e-01      
   4.839176       3.939404         2.618559e-01      
   4.839176       3.962134         2.650235e-01      
   4.839176       3.979576         2.674269e-01      
   4.839176       3.991681         2.690802e-01      
   4.839176       3.998420         2.699952e-01      
   4.839176       4.008294         2.713286e-01      
   4.839176       4.043674         2.760327e-01      
   4.839176       4.107227         2.841630e-01      
   4.839176       4.198794         2.950406e-01      
   4.839176       4.318131         3.074513e-01      
   4.839176       4.464916         3.194495e-01      
   4.839176       4.638754         3.282011e-01      
   4.839176       4.839176         3.299081e-01      
   4.839176       5.065642         3.197381e-01      
   4.839176       5.317541         2.922974e-01      
   4.839176       5.594194         2.445026e-01      
   4.839176       5.894856         1.802156e-01      
   4.839176       6.218716         1.119839e-01      
   4.839176       6.564900         5.575426e-02      
   4.839176       6.932477         2.100003e-02      
   4.839176       7.320454         5.630794e-03      
   4.839176       7.727785         1.023357e-03      
   4.839176       8.153374         1.284266e-04      
   4.839176       8.596072         1.341372e-05      
   4.839176       9.054685         1.362536e-06      
   4.839176       9.527979         1.001372e-07      
   4.839176       10.014676        2.453407e-09      
   4.839176       10.513464        -2.170846e-10     
   4.839176       11.023000        -1.816323e-11     
   4.839176       11.541909        -5.032037e-13     
   4.839176       12.068793        -5.939751e-15     
   4.839176       12.602230        8.430484e-16      
   4.839176       13.140784        7.530161e-17      
   4.839176       13.683002        1.163600e-18      
   4.839176       14.227422        -6.365015e-20     
   4.839176       14.772578        -1.536149e-21     
   4.839176       15.316998        3.160996e-23      
   4.839176       15.859216        5.055465e-25      
   4.839176       16.397770        -8.473731e-27     
   4.839176       16.931207        -5.814941e-29     
   4.839176       17.458091        1.645964e-30      
   4.839176       17.977000        -9.943786e-33     
   4.839176       18.486536        -3.300233e-34     
   4.839176       18.985324        7.659967e-36      
   4.839176       19.472021        -3.234710e-38     
   4.839176       19.945315        -7.198210e-39     
   4.839176       20.403928        -6.805300e-37     
   4.839176       20.846626        -6.789225e-35     
   4.839176       21.272215        -5.927036e-33     
   4.839176       21.679546        -4.418624e-31     
   4.839176       22.067523        -2.746893e-29     
   4.839176       22.435100        -1.390631e-27     
   4.839176       22.781284        -5.610861e-26     
   4.839176       23.105144        -1.763935e-24     
   4.839176       23.405806        -4.239852e-23     
   4.839176       23.682459        -7.683508e-22     
   4.839176       23.934358        -1.018005e-20     
   4.839176       24.160824        -9.957379e-20     
   4.839176       24.361246        -7.235673e-19     
   4.839176       24.535084        -3.581163e-18     
   4.839176       24.681869        -1.180440e-17     
   4.839176       24.801206        -2.870154e-17     
   4.839176       24.892773        -6.102526e-17     
   4.839176       24.956326        -1.439299e-16     
   4.839176       24.991706        -6.016139e-16     
   5.065642       0.001580         8.349903e-06      
   5.065642       0.008319         4.397127e-05      
   5.065642       0.020424         1.079661e-04      
   5.065642       0.037866         2.002481e-04      
   5.065642       0.060596         3.206426e-04      
   5.065642       0.088555         4.692092e-04      
   5.065642       0.121667         6.460104e-04      
   5.065642       0.159843         8.510530e-04      
   5.065642       0.202979         1.085082e-03      
   5.065642       0.250960         1.349303e-03      
   5.065642       0.303656         1.645380e-03      
   5.065642       0.360925         1.975648e-03      
   5.065642       0.422613         2.343253e-03      
   5.065642       0.488552         2.752332e-03      
   5.065642       0.558567         3.208149e-03      
   5.065642       0.632467         3.717272e-03      
   5.065642       0.710054         4.287725e-03      
   5.065642       0.791119         4.929196e-03      
   5.065642       0.875442         5.653242e-03      
   5.065642       0.962797         6.473522e-03      
   5.065642       1.052948         7.406013e-03      
   5.065642       1.145653         8.469237e-03      
   5.065642       1.240660         9.684466e-03      
   5.065642       1.337714         1.107593e-02      
   5.065642       1.436554         1.267095e-02      
   5.065642       1.536913         1.449997e-02      
   5.065642       1.638520         1.659647e-02      
   5.065642       1.741102         1.899675e-02      
   5.065642       1.844381         2.173945e-02      
   5.065642       1.948080         2.486486e-02      
   5.065642       2.051920         2.841385e-02      
   5.065642       2.155619         3.242657e-02      
   5.065642       2.258898         3.694079e-02      
   5.065642       2.361480         4.198983e-02      
   5.065642       2.463087         4.760033e-02      
   5.065642       2.563446         5.378993e-02      
   5.065642       2.662286         6.056481e-02      
   5.065642       2.759340         6.791751e-02      
   5.065642       2.854347         7.582502e-02      
   5.065642       2.947052         8.424769e-02      
   5.065642       3.037203         9.312878e-02      
   5.065642       3.124558         1.023949e-01      
   5.065642       3.208881         1.119574e-01      
   5.065642       3.289946         1.217149e-01      
   5.065642       3.367533         1.315568e-01      
   5.065642       3.441433         1.413667e-01      
   5.065642       3.511448         1.510265e-01      
   5.065642       3.577387         1.604211e-01      
   5.065642       3.639075         1.694416e-01      
   5.065642       3.696344         1.779888e-01      
   5.065642       3.749040         1.859753e-01      
   5.065642       3.797021         1.933275e-01      
   5.065642       3.840157         1.999851e-01      
   5.065642       3.878333         2.059014e-01      
   5.065642       3.911445         2.110419e-01      
   5.065642       3.939404         2.153826e-01      
   5.065642       3.962134         2.189080e-01      
   5.065642       3.979576         2.216090e-01      
   5.065642       3.991681         2.234807e-01      
   5.065642       3.998420         2.245216e-01      
   5.065642       4.008294         2.260447e-01      
   5.065642       4.043674         2.314822e-01      
   5.065642       4.107227         2.411386e-01      
   5.065642       4.198794         2.546796e-01      
   5.065642       4.318131         2.713439e-01      
   5.065642       4.464916         2.896445e-01      
   5.065642       4.638754         3.070432e-01      
   5.065642       4.839176         3.197381e-01      
   5.065642       5.065642         3.226860e-01      
   5.065642       5.317541         3.098098e-01      
   5.065642       5.594194         2.752501e-01      
   5.065642       5.894856         2.179825e-01      
   5.065642       6.218716         1.470889e-01      
   5.065642       6.564900         8.028863e-02      
   5.065642       6.932477         3.342866e-02      
   5.065642       7.320454         9.957100e-03      
   5.065642       7.727785         1.997623e-03      
   5.065642       8.153374         2.650520e-04      
   5.065642       8.596072         2.647495e-05      
   5.065642       9.054685         2.545922e-06      
   5.065642       9.527979         2.037636e-07      
   5.065642       10.014676        7.580983e-09      
   5.065642       10.513464        -2.572372e-10     
   5.065642       11.023000        -3.611222e-11     
   5.065642       11.541909        -1.203595e-12     
   5.065642       12.068793        -5.598052e-15     
   5.065642       12.602230        1.614975e-15      
   5.065642       13.140784        1.095579e-16      
   5.065642       13.683002        1.912423e-18      
   5.065642       14.227422        -8.376373e-20     
   5.065642       14.772578        -2.514528e-21     
   5.065642       15.316998        4.180447e-23      
   5.065642       15.859216        8.387486e-25      
   5.065642       16.397770        -1.165320e-26     
   5.065642       16.931207        -1.015567e-28     
   5.065642       17.458091        2.464836e-30      
   5.065642       17.977000        -1.539206e-32     
   5.065642       18.486536        -5.394243e-34     
   5.065642       18.985324        1.265405e-35      
   5.065642       19.472021        -5.367326e-38     
   5.065642       19.945315        5.092779e-39      
   5.065642       20.403928        8.235194e-37      
   5.065642       20.846626        8.810345e-35      
   5.065642       21.272215        8.231333e-33      
   5.065642       21.679546        6.553211e-31      
   5.065642       22.067523        4.341645e-29      
   5.065642       22.435100        2.337550e-27      
   5.065642       22.781284        1.001303e-25      
   5.065642       23.105144        3.333645e-24      
   5.065642       23.405806        8.473018e-23      
   5.065642       23.682459        1.620666e-21      
   5.065642       23.934358        2.254087e-20      
   5.065642       24.160824        2.319315e-19      
   5.065642       24.361246        1.771320e-18      
   5.065642       24.535084        9.086641e-18      
   5.065642       24.681869        3.076516e-17      
   5.065642       24.801206        7.704945e-17      
   5.065642       24.892773        1.706631e-16      
   5.065642       24.956326        4.237327e-16      
   5.065642       24.991706        1.868854e-15      
   5.317541       0.001580         3.915336e-06      
   5.317541       0.008319         2.061857e-05      
   5.317541       0.020424         5.062867e-05      
   5.317541       0.037866         9.390850e-05      
   5.317541       0.060596         1.503605e-04      
   5.317541       0.088555         2.200706e-04      
   5.317541       0.121667         3.030747e-04      
   5.317541       0.159843         3.994341e-04      
   5.317541       0.202979         5.095509e-04      
   5.317541       0.250960         6.340976e-04      
   5.317541       0.303656         7.739995e-04      
   5.317541       0.360925         9.305468e-04      
   5.317541       0.422613         1.105476e-03      
   5.317541       0.488552         1.301077e-03      
   5.317541       0.558567         1.520274e-03      
   5.317541       0.632467         1.766732e-03      
   5.317541       0.710054         2.044959e-03      
   5.317541       0.791119         2.360451e-03      
   5.317541       0.875442         2.719851e-03      
   5.317541       0.962797         3.131132e-03      
   5.317541       1.052948         3.603760e-03      
   5.317541       1.145653         4.148907e-03      
   5.317541       1.240660         4.779670e-03      
   5.317541       1.337714         5.511328e-03      
   5.317541       1.436554         6.361538e-03      
   5.317541       1.536913         7.350516e-03      
   5.317541       1.638520         8.501205e-03      
   5.317541       1.741102         9.839363e-03      
   5.317541       1.844381         1.139351e-02      
   5.317541       1.948080         1.319472e-02      
   5.317541       2.051920         1.527625e-02      
   5.317541       2.155619         1.767293e-02      
   5.317541       2.258898         2.042024e-02      
   5.317541       2.361480         2.355308e-02      
   5.317541       2.463087         2.710429e-02      
   5.317541       2.563446         3.110291e-02      
   5.317541       2.662286         3.557210e-02      
   5.317541       2.759340         4.052704e-02      
   5.317541       2.854347         4.597288e-02      
   5.317541       2.947052         5.190280e-02      
   5.317541       3.037203         5.829646e-02      
   5.317541       3.124558         6.511894e-02      
   5.317541       3.208881         7.232047e-02      
   5.317541       3.289946         7.983692e-02      
   5.317541       3.367533         8.759105e-02      
   5.317541       3.441433         9.549448e-02      
   5.317541       3.511448         1.034505e-01      
   5.317541       3.577387         1.113571e-01      
   5.317541       3.639075         1.191104e-01      
   5.317541       3.696344         1.266081e-01      
   5.317541       3.749040         1.337521e-01      
   5.317541       3.797021         1.404512e-01      
   5.317541       3.840157         1.466232e-01      
   5.317541       3.878333         1.521960e-01      
   5.317541       3.911445         1.571081e-01      
   5.317541       3.939404         1.613087e-01      
   5.317541       3.962134         1.647571e-01      
   5.317541       3.979576         1.674220e-01      
   5.317541       3.991681         1.692807e-01      
   5.317541       3.998420         1.703186e-01      
   5.317541       4.008294         1.718432e-01      
   5.317541       4.043674         1.773418e-01      
   5.317541       4.107227         1.873360e-01      
   5.317541       4.198794         2.019051e-01      
   5.317541       4.318131         2.209161e-01      
   5.317541       4.464916         2.436975e-01      
   5.317541       4.638754         2.685663e-01      
   5.317541       4.839176         2.922974e-01      
   5.317541       5.065642         3.098098e-01      
   5.317541       5.317541         3.143800e-01      
   5.317541       5.594194         2.984232e-01      
   5.317541       5.894856         2.560490e-01      
   5.317541       6.218716         1.897739e-01      
   5.317541       6.564900         1.151916e-01      
   5.317541       6.932477         5.391202e-02      
   5.317541       7.320454         1.819897e-02      
   5.317541       7.727785         4.138439e-03      
   5.317541       8.153374         6.050028e-04      
   5.317541       8.596072         6.028910e-05      
   5.317541       9.054685         5.313618e-06      
   5.317541       9.527979         4.403056e-07      
   5.317541       10.014676        2.150831e-08      
   5.317541       10.513464        -1.089114e-10     
   5.317541       11.023000        -7.046646e-11     
   5.317541       11.541909        -3.074445e-12     
   5.317541       12.068793        -1.858775e-14     
   5.317541       12.602230        3.404873e-15      
   5.317541       13.140784        1.837003e-16      
   5.317541       13.683002        3.263488e-18      
   5.317541       14.227422        -1.170030e-19     
   5.317541       14.772578        -4.296410e-21     
   5.317541       15.316998        5.675440e-23      
   5.317541       15.859216        1.450931e-24      
   5.317541       16.397770        -1.643450e-26     
   5.317541       16.931207        -1.840392e-28     
   5.317541       17.458091        3.899636e-30      
   5.317541       17.977000        -2.600145e-32     
   5.317541       18.486536        -9.516234e-34     
   5.317541       18.985324        2.260174e-35      
   5.317541       19.472021        -9.645199e-38     
   5.317541       19.945315        6.265959e-39      
   5.317541       20.403928        1.121392e-36      
   5.317541       20.846626        1.185282e-34      
   5.317541       21.272215        1.095116e-32      
   5.317541       21.679546        8.629514e-31      
   5.317541       22.067523        5.663361e-29      
   5.317541       22.435100        3.022670e-27      
   5.317541       22.781284        1.284336e-25      
   5.317541       23.105144        4.244384e-24      
   5.317541       23.405806        1.071354e-22      
   5.317541       23.682459        2.036123e-21      
   5.317541       23.934358        2.816387e-20      
   5.317541       24.160824        2.881808e-19      
   5.317541       24.361246        2.189269e-18      
   5.317541       24.535084        1.119020e-17      
   5.317541       24.681869        3.779097e-17      
   5.317541       24.801206        9.437904e-17      
   5.317541       24.892773        2.082164e-16      
   5.317541       24.956326        5.144061e-16      
   5.317541       24.991706        2.257223e-15      
   5.594194       0.001580         1.576741e-06      
   5.594194       0.008319         8.303291e-06      
   5.594194       0.020424         2.038899e-05      
   5.594194       0.037866         3.781869e-05      
   5.594194       0.060596         6.055142e-05      
   5.594194       0.088555         8.863397e-05      
   5.594194       0.121667         1.220761e-04      
   5.594194       0.159843         1.609302e-04      
   5.594194       0.202979         2.053696e-04      
   5.594194       0.250960         2.556985e-04      
   5.594194       0.303656         3.123425e-04      
   5.594194       0.360925         3.758933e-04      
   5.594194       0.422613         4.471425e-04      
   5.594194       0.488552         5.271282e-04      
   5.594194       0.558567         6.171792e-04      
   5.594194       0.632467         7.189780e-04      
   5.594194       0.710054         8.346263e-04      
   5.594194       0.791119         9.667214e-04      
   5.594194       0.875442         1.118436e-03      
   5.594194       0.962797         1.293619e-03      
   5.594194       1.052948         1.496924e-03      
   5.594194       1.145653         1.733965e-03      
   5.594194       1.240660         2.011466e-03      
   5.594194       1.337714         2.337425e-03      
   5.594194       1.436554         2.721313e-03      
   5.594194       1.536913         3.174284e-03      
   5.594194       1.638520         3.709381e-03      
   5.594194       1.741102         4.341687e-03      
   5.594194       1.844381         5.088485e-03      
   5.594194       1.948080         5.969365e-03      
   5.594194       2.051920         7.006209e-03      
   5.594194       2.155619         8.223034e-03      
   5.594194       2.258898         9.645715e-03      
   5.594194       2.361480         1.130151e-02      
   5.594194       2.463087         1.321829e-02      
   5.594194       2.563446         1.542357e-02      
   5.594194       2.662286         1.794328e-02      
   5.594194       2.759340         2.080031e-02      
   5.594194       2.854347         2.401282e-02      
   5.594194       2.947052         2.759254e-02      
   5.594194       3.037203         3.154303e-02      
   5.594194       3.124558         3.585812e-02      
   5.594194       3.208881         4.052069e-02      
   5.594194       3.289946         4.550175e-02      
   5.594194       3.367533         5.076021e-02      
   5.594194       3.441433         5.624324e-02      
   5.594194       3.511448         6.188726e-02      
   5.594194       3.577387         6.761952e-02      
   5.594194       3.639075         7.336017e-02      
   5.594194       3.696344         7.902467e-02      
   5.594194       3.749040         8.452649e-02      
   5.594194       3.797021         8.977965e-02      
   5.594194       3.840157         9.470125e-02      
   5.594194       3.878333         9.921357e-02      
   5.594194       3.911445         1.032458e-01      
   5.594194       3.939404         1.067355e-01      
   5.594194       3.962134         1.096294e-01      
   5.594194       3.979576         1.118840e-01      
   5.594194       3.991681         1.134661e-01      
   5.594194       3.998420         1.143530e-01      
   5.594194       4.008294         1.156602e-01      
   5.594194       4.043674         1.204198e-01      
   5.594194       4.107227         1.292568e-01      
   5.594194       4.198794         1.425962e-01      
   5.594194       4.318131         1.609102e-01      
   5.594194       4.464916         1.844759e-01      
   5.594194       4.638754         2.129202e-01      
   5.594194       4.839176         2.445026e-01      
   5.594194       5.065642         2.752501e-01      
   5.594194       5.317541         2.984232e-01      
   5.594194       5.594194         3.050245e-01      
   5.594194       5.894856         2.856246e-01      
   5.594194       6.218716         2.349600e-01      
   5.594194       6.564900         1.608488e-01      
   5.594194       6.932477         8.610462e-02      
   5.594194       7.320454         3.363419e-02      
   5.594194       7.727785         8.904108e-03      
   5.594194       8.153374         1.495227e-03      
   5.594194       8.596072         1.584737e-04      
   5.594194       9.054685         1.285815e-05      
   5.594194       9.527979         1.027832e-06      
   5.594194       10.014676        6.030351e-08      
   5.594194       10.513464        8.809316e-10      
   5.594194       11.023000        -1.293525e-10     
   5.594194       11.541909        -8.011423e-12     
   5.594194       12.068793        -9.607416e-14     
   5.594194       12.602230        7.268239e-15      
   5.594194       13.140784        3.684572e-16      
   5.594194       13.683002        6.181246e-18      
   5.594194       14.227422        -1.798869e-19     
   5.594194       14.772578        -7.762426e-21     
   5.594194       15.316998        7.942989e-23      
   5.594194       15.859216        2.620638e-24      
   5.594194       16.397770        -2.353559e-26     
   5.594194       16.931207        -3.454883e-28     
   5.594194       17.458091        6.535303e-30      
   5.594194       17.977000        -4.858691e-32     
   5.594194       18.486536        -1.822970e-33     
   5.594194       18.985324        4.387884e-35      
   5.594194       19.472021        -1.881130e-37     
   5.594194       19.945315        7.089986e-40      
   5.594194       20.403928        8.310718e-37      
   5.594194       20.846626        8.766633e-35      
   5.594194       21.272215        8.084754e-33      
   5.594194       21.679546        6.359459e-31      
   5.594194       22.067523        4.166456e-29      
   5.594194       22.435100        2.220115e-27      
   5.594194       22.781284        9.418507e-26      
   5.594194       23.105144        3.107968e-24      
   5.594194       23.405806        7.833858e-23      
   5.594194       23.682459        1.486796e-21      
   5.594194       23.934358        2.054131e-20      
   5.594194       24.160824        2.099195e-19      
   5.594194       24.361246        1.592701e-18      
   5.594194       24.535084        8.134255e-18      
   5.594194       24.681869        2.745637e-17      
   5.594194       24.801206        6.852554e-17      
   5.594194       24.892773        1.510158e-16      
   5.594194       24.956326        3.725349e-16      
   5.594194       24.991706        1.632022e-15      
   5.894856       0.001580         5.544625e-07      
   5.894856       0.008319         2.919871e-06      
   5.894856       0.020424         7.169607e-06      
   5.894856       0.037866         1.329772e-05      
   5.894856       0.060596         2.129348e-05      
   5.894856       0.088555         3.116880e-05      
   5.894856       0.121667         4.292370e-05      
   5.894856       0.159843         5.658755e-05      
   5.894856       0.202979         7.221904e-05      
   5.894856       0.250960         8.992232e-05      
   5.894856       0.303656         1.098476e-04      
   5.894856       0.360925         1.322052e-04      
   5.894856       0.422613         1.572783e-04      
   5.894856       0.488552         1.854413e-04      
   5.894856       0.558567         2.171779e-04      
   5.894856       0.632467         2.531058e-04      
   5.894856       0.710054         2.940042e-04      
   5.894856       0.791119         3.408475e-04      
   5.894856       0.875442         3.948437e-04      
   5.894856       0.962797         4.574836e-04      
   5.894856       1.052948         5.306032e-04      
   5.894856       1.145653         6.164572e-04      
   5.894856       1.240660         7.178029e-04      
   5.894856       1.337714         8.379974e-04      
   5.894856       1.436554         9.811148e-04      
   5.894856       1.536913         1.152080e-03      
   5.894856       1.638520         1.356808e-03      
   5.894856       1.741102         1.602354e-03      
   5.894856       1.844381         1.897066e-03      
   5.894856       1.948080         2.250734e-03      
   5.894856       2.051920         2.674709e-03      
   5.894856       2.155619         3.181976e-03      
   5.894856       2.258898         3.787175e-03      
   5.894856       2.361480         4.506521e-03      
   5.894856       2.463087         5.357598e-03      
   5.894856       2.563446         6.359003e-03      
   5.894856       2.662286         7.529824e-03      
   5.894856       2.759340         8.888924e-03      
   5.894856       2.854347         1.045402e-02      
   5.894856       2.947052         1.224059e-02      
   5.894856       3.037203         1.426068e-02      
   5.894856       3.124558         1.652161e-02      
   5.894856       3.208881         1.902467e-02      
   5.894856       3.289946         2.176400e-02      
   5.894856       3.367533         2.472563e-02      
   5.894856       3.441433         2.788690e-02      
   5.894856       3.511448         3.121626e-02      
   5.894856       3.577387         3.467351e-02      
   5.894856       3.639075         3.821058e-02      
   5.894856       3.696344         4.177267e-02      
   5.894856       3.749040         4.529990e-02      
   5.894856       3.797021         4.872911e-02      
   5.894856       3.840157         5.199594e-02      
   5.894856       3.878333         5.503688e-02      
   5.894856       3.911445         5.779130e-02      
   5.894856       3.939404         6.020329e-02      
   5.894856       3.962134         6.222336e-02      
   5.894856       3.979576         6.380971e-02      
   5.894856       3.991681         6.492944e-02      
   5.894856       3.998420         6.555950e-02      
   5.894856       4.008294         6.649124e-02      
   5.894856       4.043674         6.991525e-02      
   5.894856       4.107227         7.640426e-02      
   5.894856       4.198794         8.653003e-02      
   5.894856       4.318131         1.011073e-01      
   5.894856       4.464916         1.211101e-01      
   5.894856       4.638754         1.474141e-01      
   5.894856       4.839176         1.802156e-01      
   5.894856       5.065642         2.179825e-01      
   5.894856       5.317541         2.560490e-01      
   5.894856       5.594194         2.856246e-01      
   5.894856       5.894856         2.946772e-01      
   5.894856       6.218716         2.715021e-01      
   5.894856       6.564900         2.123716e-01      
   5.894856       6.932477         1.323105e-01      
   5.894856       7.320454         6.109890e-02      
   5.894856       7.727785         1.934153e-02      
   5.894856       8.153374         3.880386e-03      
   5.894856       8.596072         4.693056e-04      
   5.894856       9.054685         3.731825e-05      
   5.894856       9.527979         2.686957e-06      
   5.894856       10.014676        1.734348e-07      
   5.894856       10.513464        5.179671e-09      
   5.894856       11.023000        -1.944455e-10     
   5.894856       11.541909        -2.072373e-11     
   5.894856       12.068793        -4.328657e-13     
   5.894856       12.602230        1.418050e-14      
   5.894856       13.140784        8.703096e-16      
   5.894856       13.683002        1.431925e-17      
   5.894856       14.227422        -3.139399e-19     
   5.894856       14.772578        -1.521569e-20     
   5.894856       15.316998        1.160373e-22      
   5.894856       15.859216        4.966352e-24      
   5.894856       16.397770        -3.371529e-26     
   5.894856       16.931207        -6.683419e-28     
   5.894856       17.458091        1.165307e-29      
   5.894856       17.977000        -1.019737e-31     
   5.894856       18.486536        -3.816856e-33     
   5.894856       18.985324        9.311647e-35      
   5.894856       19.472021        -4.001233e-37     
   5.894856       19.945315        -9.926063e-39     
   5.894856       20.403928        4.326630e-37      
   5.894856       20.846626        4.560855e-35      
   5.894856       21.272215        4.204764e-33      
   5.894856       21.679546        3.306240e-31      
   5.894856       22.067523        2.165225e-29      
   5.894856       22.435100        1.153245e-27      
   5.894856       22.781284        4.890182e-26      
   5.894856       23.105144        1.612925e-24      
   5.894856       23.405806        4.063482e-23      
   5.894856       23.682459        7.708158e-22      
   5.894856       23.934358        1.064477e-20      
   5.894856       24.160824        1.087253e-19      
   5.894856       24.361246        8.244352e-19      
   5.894856       24.535084        4.209142e-18      
   5.894856       24.681869        1.420520e-17      
   5.894856       24.801206        3.544376e-17      
   5.894856       24.892773        7.806399e-17      
   5.894856       24.956326        1.923973e-16      
   5.894856       24.991706        8.419771e-16      
   6.218716       0.001580         1.818704e-07      
   6.218716       0.008319         9.577510e-07      
   6.218716       0.020424         2.351684e-06      
   6.218716       0.037866         4.360929e-06      
   6.218716       0.060596         6.984772e-06      
   6.218716       0.088555         1.022126e-05      
   6.218716       0.121667         1.406850e-05      
   6.218716       0.159843         1.853725e-05      
   6.218716       0.202979         2.364324e-05      
   6.218716       0.250960         2.941175e-05      
   6.218716       0.303656         3.588198e-05      
   6.218716       0.360925         4.311029e-05      
   6.218716       0.422613         5.117427e-05      
   6.218716       0.488552         6.017802e-05      
   6.218716       0.558567         7.025790e-05      
   6.218716       0.632467         8.158949e-05      
   6.218716       0.710054         9.439602e-05      
   6.218716       0.791119         1.089597e-04      
   6.218716       0.875442         1.256363e-04      
   6.218716       0.962797         1.448726e-04      
   6.218716       1.052948         1.672278e-04      
   6.218716       1.145653         1.934002e-04      
   6.218716       1.240660         2.242601e-04      
   6.218716       1.337714         2.608923e-04      
   6.218716       1.436554         3.046444e-04      
   6.218716       1.536913         3.571844e-04      
   6.218716       1.638520         4.205695e-04      
   6.218716       1.741102         4.973254e-04      
   6.218716       1.844381         5.905343e-04      
   6.218716       1.948080         7.039275e-04      
   6.218716       2.051920         8.419830e-04      
   6.218716       2.155619         1.010021e-03      
   6.218716       2.258898         1.214282e-03      
   6.218716       2.361480         1.461983e-03      
   6.218716       2.463087         1.761333e-03      
   6.218716       2.563446         2.121486e-03      
   6.218716       2.662286         2.552423e-03      
   6.218716       2.759340         3.064725e-03      
   6.218716       2.854347         3.669242e-03      
   6.218716       2.947052         4.376637e-03      
   6.218716       3.037203         5.196797e-03      
   6.218716       3.124558         6.138143e-03      
   6.218716       3.208881         7.206842e-03      
   6.218716       3.289946         8.405995e-03      
   6.218716       3.367533         9.734829e-03      
   6.218716       3.441433         1.118798e-02      
   6.218716       3.511448         1.275492e-02      
   6.218716       3.577387         1.441964e-02      
   6.218716       3.639075         1.616056e-02      
   6.218716       3.696344         1.795083e-02      
   6.218716       3.749040         1.975887e-02      
   6.218716       3.797021         2.154932e-02      
   6.218716       3.840157         2.328412e-02      
   6.218716       3.878333         2.492397e-02      
   6.218716       3.911445         2.642973e-02      
   6.218716       3.939404         2.776402e-02      
   6.218716       3.962134         2.889265e-02      
   6.218716       3.979576         2.978604e-02      
   6.218716       3.991681         3.042036e-02      
   6.218716       3.998420         3.077863e-02      
   6.218716       4.008294         3.131022e-02      
   6.218716       4.043674         3.328182e-02      
   6.218716       4.107227         3.709544e-02      
   6.218716       4.198794         4.324527e-02      
   6.218716       4.318131         5.251944e-02      
   6.218716       4.464916         6.605592e-02      
   6.218716       4.638754         8.533724e-02      
   6.218716       4.839176         1.119839e-01      
   6.218716       5.065642         1.470889e-01      
   6.218716       5.317541         1.897739e-01      
   6.218716       5.594194         2.349600e-01      
   6.218716       5.894856         2.715021e-01      
   6.218716       6.218716         2.834179e-01      
   6.218716       6.564900         2.561863e-01      
   6.218716       6.932477         1.887866e-01      
   6.218716       7.320454         1.052846e-01      
   6.218716       7.727785         4.093367e-02      
   6.218716       8.153374         1.017633e-02      
   6.218716       8.596072         1.497407e-03      
   6.218716       9.054685         1.296550e-04      
   6.218716       9.527979         8.350160e-06      
   6.218716       10.014676        5.300995e-07      
   6.218716       10.513464        2.220371e-08      
   6.218716       11.023000        -6.010545e-11     
   6.218716       11.541909        -5.146970e-11     
   6.218716       12.068793        -1.728347e-12     
   6.218716       12.602230        1.911947e-14      
   6.218716       13.140784        2.262390e-15      
   6.218716       13.683002        4.248807e-17      
   6.218716       14.227422        -5.968053e-19     
   6.218716       14.772578        -3.362029e-20     
   6.218716       15.316998        1.784823e-22      
   6.218716       15.859216        1.000693e-23      
   6.218716       16.397770        -4.746743e-26     
   6.218716       16.931207        -1.318000e-27     
   6.218716       17.458091        2.237673e-29      
   6.218716       17.977000        -2.443266e-31     
   6.218716       18.486536        -8.801266e-33     
   6.218716       18.985324        2.173721e-34      
   6.218716       19.472021        -9.340073e-37     
   6.218716       19.945315        -3.068480e-38     
   6.218716       20.403928        1.588635e-37      
   6.218716       20.846626        1.668715e-35      
   6.218716       21.272215        1.537654e-33      
   6.218716       21.679546        1.208379e-31      
   6.218716       22.067523        7.908615e-30      
   6.218716       22.435100        4.209513e-28      
   6.218716       22.781284        1.783742e-26      
   6.218716       23.105144        5.879159e-25      
   6.218716       23.405806        1.480071e-23      
   6.218716       23.682459        2.805496e-22      
   6.218716       23.934358        3.871793e-21      
   6.218716       24.160824        3.951621e-20      
   6.218716       24.361246        2.993964e-19      
   6.218716       24.535084        1.527805e-18      
   6.218716       24.681869        5.154626e-18      
   6.218716       24.801206        1.285612e-17      
   6.218716       24.892773        2.829270e-17      
   6.218716       24.956326        6.964972e-17      
   6.218716       24.991706        3.044159e-16      
   6.564900       0.001580         5.930824e-08      
   6.564900       0.008319         3.123224e-07      
   6.564900       0.020424         7.668885e-07      
   6.564900       0.037866         1.421887e-06      
   6.564900       0.060596         2.277803e-06      
   6.564900       0.088555         3.331804e-06      
   6.564900       0.121667         4.582873e-06      
   6.564900       0.159843         6.033112e-06      
   6.564900       0.202979         7.686553e-06      
   6.564900       0.250960         9.547548e-06      
   6.564900       0.303656         1.162394e-05      
   6.564900       0.360925         1.392777e-05      
   6.564900       0.422613         1.647618e-05      
   6.564900       0.488552         1.929254e-05      
   6.564900       0.558567         2.240778e-05      
   6.564900       0.632467         2.586194e-05      
   6.564900       0.710054         2.970618e-05      
   6.564900       0.791119         3.400545e-05      
   6.564900       0.875442         3.884218e-05      
   6.564900       0.962797         4.432068e-05      
   6.564900       1.052948         5.057245e-05      
   6.564900       1.145653         5.776303e-05      
   6.564900       1.240660         6.610121e-05      
   6.564900       1.337714         7.585086e-05      
   6.564900       1.436554         8.734521e-05      
   6.564900       1.536913         1.010043e-04      
   6.564900       1.638520         1.173573e-04      
   6.564900       1.741102         1.370697e-04      
   6.564900       1.844381         1.609754e-04      
   6.564900       1.948080         1.901131e-04      
   6.564900       2.051920         2.257690e-04      
   6.564900       2.155619         2.695237e-04      
   6.564900       2.258898         3.233001e-04      
   6.564900       2.361480         3.894096e-04      
   6.564900       2.463087         4.705933e-04      
   6.564900       2.563446         5.700514e-04      
   6.564900       2.662286         6.914487e-04      
   6.564900       2.759340         8.388899e-04      
   6.564900       2.854347         1.016856e-03      
   6.564900       2.947052         1.230085e-03      
   6.564900       3.037203         1.483394e-03      
   6.564900       3.124558         1.781437e-03      
   6.564900       3.208881         2.128392e-03      
   6.564900       3.289946         2.527598e-03      
   6.564900       3.367533         2.981152e-03      
   6.564900       3.441433         3.489486e-03      
   6.564900       3.511448         4.050969e-03      
   6.564900       3.577387         4.661568e-03      
   6.564900       3.639075         5.314611e-03      
   6.564900       3.696344         6.000683e-03      
   6.564900       3.749040         6.707691e-03      
   6.564900       3.797021         7.421115e-03      
   6.564900       3.840157         8.124446e-03      
   6.564900       3.878333         8.799789e-03      
   6.564900       3.911445         9.428615e-03      
   6.564900       3.939404         9.992601e-03      
   6.564900       3.962134         1.047451e-02      
   6.564900       3.979576         1.085907e-02      
   6.564900       3.991681         1.113376e-02      
   6.564900       3.998420         1.128949e-02      
   6.564900       4.008294         1.152136e-02      
   6.564900       4.043674         1.238943e-02      
   6.564900       4.107227         1.410372e-02      
   6.564900       4.198794         1.696173e-02      
   6.564900       4.318131         2.147787e-02      
   6.564900       4.464916         2.848810e-02      
   6.564900       4.638754         3.928783e-02      
   6.564900       4.839176         5.575426e-02      
   6.564900       5.065642         8.028863e-02      
   6.564900       5.317541         1.151916e-01      
   6.564900       5.594194         1.608488e-01      
   6.564900       5.894856         2.123716e-01      
   6.564900       6.218716         2.561863e-01      
   6.564900       6.564900         2.713466e-01      
   6.564900       6.932477         2.398511e-01      
   6.564900       7.320454         1.648017e-01      
   6.564900       7.727785         8.078783e-02      
   6.564900       8.153374         2.575806e-02      
   6.564900       8.596072         4.868124e-03      
   6.564900       9.054685         5.114904e-04      
   6.564900       9.527979         3.255033e-05      
   6.564900       10.014676        1.824059e-06      
   6.564900       10.513464        8.963381e-08      
   6.564900       11.023000        1.520710e-09      
   6.564900       11.541909        -1.126643e-10     
   6.564900       12.068793        -6.363740e-12     
   6.564900       12.602230        -2.367757e-14     
   6.564900       13.140784        5.909935e-15      
   6.564900       13.683002        1.505679e-16      
   6.564900       14.227422        -9.605840e-19     
   6.564900       14.772578        -8.632596e-20     
   6.564900       15.316998        2.601799e-22      
   6.564900       15.859216        2.211338e-23      
   6.564900       16.397770        -6.518186e-26     
   6.564900       16.931207        -2.622314e-27     
   6.564900       17.458091        4.791833e-29      
   6.564900       17.977000        -6.752858e-31     
   6.564900       18.486536        -2.259650e-32     
   6.564900       18.985324        5.622433e-34      
   6.564900       19.472021        -2.406943e-36     
   6.564900       19.945315        -8.319929e-38     
   6.564900       20.403928        3.649779e-38      
   6.564900       20.846626        3.670256e-36      
   6.564900       21.272215        3.368105e-34      
   6.564900       21.679546        2.636096e-32      
   6.564900       22.067523        1.718372e-30      
   6.564900       22.435100        9.110565e-29      
   6.564900       22.781284        3.845692e-27      
   6.564900       23.105144        1.262851e-25      
   6.564900       23.405806        3.167729e-24      
   6.564900       23.682459        5.983478e-23      
   6.564900       23.934358        8.232019e-22      
   6.564900       24.160824        8.374135e-21      
   6.564900       24.361246        6.324211e-20      
   6.564900       24.535084        3.220045e-19      
   6.564900       24.681869        1.084654e-18      
   6.564900       24.801206        2.700166e-18      
   6.564900       24.892773        5.926254e-18      
   6.564900       24.956326        1.453935e-17      
   6.564900       24.991706        6.333321e-17      
   6.932477       0.001580         1.793701e-08      
   6.932477       0.008319         9.445739e-08      
   6.932477       0.020424         2.319258e-07      
   6.932477       0.037866         4.300330e-07      
   6.932477       0.060596         6.888991e-07      
   6.932477       0.088555         1.007493e-06      
   6.932477       0.121667         1.385643e-06      
   6.932477       0.159843         1.823280e-06      
   6.932477       0.202979         2.321692e-06      
   6.932477       0.250960         2.881814e-06      
   6.932477       0.303656         3.505364e-06      
   6.932477       0.360925         4.195106e-06      
   6.932477       0.422613         4.955049e-06      
   6.932477       0.488552         5.790636e-06      
   6.932477       0.558567         6.709025e-06      
   6.932477       0.632467         7.719366e-06      
   6.932477       0.710054         8.833205e-06      
   6.932477       0.791119         1.006494e-05      
   6.932477       0.875442         1.143248e-05      
   6.932477       0.962797         1.295801e-05      
   6.932477       1.052948         1.466891e-05      
   6.932477       1.145653         1.659904e-05      
   6.932477       1.240660         1.879035e-05      
   6.932477       1.337714         2.129514e-05      
   6.932477       1.436554         2.417874e-05      
   6.932477       1.536913         2.752307e-05      
   6.932477       1.638520         3.143123e-05      
   6.932477       1.741102         3.603347e-05      
   6.932477       1.844381         4.149441e-05      
   6.932477       1.948080         4.802210e-05      
   6.932477       2.051920         5.587909e-05      
   6.932477       2.155619         6.539555e-05      
   6.932477       2.258898         7.698421e-05      
   6.932477       2.361480         9.115686e-05      
   6.932477       2.463087         1.085420e-04      
   6.932477       2.563446         1.299016e-04      
   6.932477       2.662286         1.561456e-04      
   6.932477       2.759340         1.883412e-04      
   6.932477       2.854347         2.277130e-04      
   6.932477       2.947052         2.756313e-04      
   6.932477       3.037203         3.335821e-04      
   6.932477       3.124558         4.031163e-04      
   6.932477       3.208881         4.857748e-04      
   6.932477       3.289946         5.829868e-04      
   6.932477       3.367533         6.959444e-04      
   6.932477       3.441433         8.254561e-04      
   6.932477       3.511448         9.717914e-04      
   6.932477       3.577387         1.134525e-03      
   6.932477       3.639075         1.312401e-03      
   6.932477       3.696344         1.503228e-03      
   6.932477       3.749040         1.703832e-03      
   6.932477       3.797021         1.910071e-03      
   6.932477       3.840157         2.116932e-03      
   6.932477       3.878333         2.318701e-03      
   6.932477       3.911445         2.509217e-03      
   6.932477       3.939404         2.682172e-03      
   6.932477       3.962134         2.831471e-03      
   6.932477       3.979576         2.951583e-03      
   6.932477       3.991681         3.037895e-03      
   6.932477       3.998420         3.087021e-03      
   6.932477       4.008294         3.160413e-03      
   6.932477       4.043674         3.437789e-03      
   6.932477       4.107227         3.997196e-03      
   6.932477       4.198794         4.961792e-03      
   6.932477       4.318131         6.559915e-03      
   6.932477       4.464916         9.199966e-03      
   6.932477       4.638754         1.360088e-02      
   6.932477       4.839176         2.100003e-02      
   6.932477       5.065642         3.342866e-02      
   6.932477       5.317541         5.391202e-02      
   6.932477       5.594194         8.610462e-02      
   6.932477       5.894856         1.323105e-01      
   6.932477       6.218716         1.887866e-01      
   6.932477       6.564900         2.398511e-01      
   6.932477       6.932477         2.585836e-01      
   6.932477       7.320454         2.227139e-01      
   6.932477       7.727785         1.410717e-01      
   6.932477       8.153374         5.959736e-02      
   6.932477       8.596072         1.515327e-02      
   6.932477       9.054685         2.108452e-03      
   6.932477       9.527979         1.559935e-04      
   6.932477       10.014676        7.752456e-06      
   6.932477       10.513464        3.746928e-07      
   6.932477       11.023000        1.134142e-08      
   6.932477       11.541909        -1.399002e-10     
   6.932477       12.068793        -2.171681e-11     
   6.932477       12.602230        -3.741208e-13     
   6.932477       13.140784        1.354053e-14      
   6.932477       13.683002        5.683608e-16      
   6.932477       14.227422        5.997920e-19      
   6.932477       14.772578        -2.520846e-19     
   6.932477       15.316998        1.039608e-23      
   6.932477       15.859216        5.621970e-23      
   6.932477       16.397770        -7.972950e-26     
   6.932477       16.931207        -5.444584e-27     
   6.932477       17.458091        1.225382e-28      
   6.932477       17.977000        -2.126873e-30     
   6.932477       18.486536        -6.570114e-32     
   6.932477       18.985324        1.622957e-33      
   6.932477       19.472021        -6.864051e-36     
   6.932477       19.945315        -2.426855e-37     
   6.932477       20.403928        5.030057e-39      
   6.932477       20.846626        3.824612e-38      
   6.932477       21.272215        2.097100e-36      
   6.932477       21.679546        5.695885e-35      
   6.932477       22.067523        -3.037095e-33     
   6.932477       22.435100        -5.055012e-31     
   6.932477       22.781284        -3.536961e-29     
   6.932477       23.105144        -1.599256e-27     
   6.932477       23.405806        -5.070343e-26     
   6.932477       23.682459        -1.148246e-24     
   6.932477       23.934358        -1.813765e-23     
   6.932477       24.160824        -2.089216e-22     
   6.932477       24.361246        -1.753390e-21     
   6.932477       24.535084        -9.571538e-21     
   6.932477       24.681869        -3.392037e-20     
   6.932477       24.801206        -8.899880e-20     
   6.932477       24.892773        -2.081654e-19     
   6.932477       24.956326        -5.473295e-19     
   6.932477       24.991706        -2.531518e-18     
   7.320454       0.001580         4.137189e-09      
   7.320454       0.008319         2.178663e-08      
   7.320454       0.020424         5.349273e-08      
   7.320454       0.037866         9.920128e-08      
   7.320454       0.060596         1.588928e-07      
   7.320454       0.088555         2.324280e-07      
   7.320454       0.121667         3.198591e-07      
   7.320454       0.159843         4.210308e-07      
   7.320454       0.202979         5.363448e-07      
   7.320454       0.250960         6.661967e-07      
   7.320454       0.303656         8.111465e-07      
   7.320454       0.360925         9.720305e-07      
   7.320454       0.422613         1.150014e-06      
   7.320454       0.488552         1.346644e-06      
   7.320454       0.558567         1.563908e-06      
   7.320454       0.632467         1.804299e-06      
   7.320454       0.710054         2.070901e-06      
   7.320454       0.791119         2.367475e-06      
   7.320454       0.875442         2.698556e-06      
   7.320454       0.962797         3.069580e-06      
   7.320454       1.052948         3.487033e-06      
   7.320454       1.145653         3.958640e-06      
   7.320454       1.240660         4.493596e-06      
   7.320454       1.337714         5.102854e-06      
   7.320454       1.436554         5.799487e-06      
   7.320454       1.536913         6.599178e-06      
   7.320454       1.638520         7.520832e-06      
   7.320454       1.741102         8.587357e-06      
   7.320454       1.844381         9.826682e-06      
   7.320454       1.948080         1.127307e-05      
   7.320454       2.051920         1.296879e-05      
   7.320454       2.155619         1.496615e-05      
   7.320454       2.258898         1.733009e-05      
   7.320454       2.361480         2.014120e-05      
   7.320454       2.463087         2.349928e-05      
   7.320454       2.563446         2.752724e-05      
   7.320454       2.662286         3.237511e-05      
   7.320454       2.759340         3.822391e-05      
   7.320454       2.854347         4.528865e-05      
   7.320454       2.947052         5.381957e-05      
   7.320454       3.037203         6.410089e-05      
   7.320454       3.124558         7.644564e-05      
   7.320454       3.208881         9.118541e-05      
   7.320454       3.289946         1.086540e-04      
   7.320454       3.367533         1.291642e-04      
   7.320454       3.441433         1.529778e-04      
   7.320454       3.511448         1.802703e-04      
   7.320454       3.577387         2.110909e-04      
   7.320454       3.639075         2.453233e-04      
   7.320454       3.696344         2.826498e-04      
   7.320454       3.749040         3.225250e-04      
   7.320454       3.797021         3.641646e-04      
   7.320454       3.840157         4.065515e-04      
   7.320454       3.878333         4.484660e-04      
   7.320454       3.911445         4.885365e-04      
   7.320454       3.939404         5.253128e-04      
   7.320454       3.962134         5.573535e-04      
   7.320454       3.979576         5.833232e-04      
   7.320454       3.991681         6.020886e-04      
   7.320454       3.998420         6.128075e-04      
   7.320454       4.008294         6.288717e-04      
   7.320454       4.043674         6.901229e-04      
   7.320454       4.107227         8.161185e-04      
   7.320454       4.198794         1.040476e-03      
   7.320454       4.318131         1.429650e-03      
   7.320454       4.464916         2.113187e-03      
   7.320454       4.638754         3.345685e-03      
   7.320454       4.839176         5.630794e-03      
   7.320454       5.065642         9.957100e-03      
   7.320454       5.317541         1.819897e-02      
   7.320454       5.594194         3.363419e-02      
   7.320454       5.894856         6.109890e-02      
   7.320454       6.218716         1.052846e-01      
   7.320454       6.564900         1.648017e-01      
   7.320454       6.932477         2.227139e-01      
   7.320454       7.320454         2.452693e-01      
   7.320454       7.727785         2.050308e-01      
   7.320454       8.153374         1.182601e-01      
   7.320454       8.596072         4.215405e-02      
   7.320454       9.054685         8.302624e-03      
   7.320454       9.527979         8.259232e-04      
   7.320454       10.014676        4.335424e-05      
   7.320454       10.513464        1.795739e-06      
   7.320454       11.023000        6.678636e-08      
   7.320454       11.541909        6.942595e-10      
   7.320454       12.068793        -6.459441e-11     
   7.320454       12.602230        -2.296457e-12     
   7.320454       13.140784        1.584173e-14      
   7.320454       13.683002        2.076447e-15      
   7.320454       14.227422        1.971827e-17      
   7.320454       14.772578        -7.469543e-19     
   7.320454       15.316998        -3.880839e-21     
   7.320454       15.859216        1.642546e-22      
   7.320454       16.397770        1.299613e-25      
   7.320454       16.931207        -1.410708e-26     
   7.320454       17.458091        3.882612e-28      
   7.320454       17.977000        -7.274741e-30     
   7.320454       18.486536        -2.204151e-31     
   7.320454       18.985324        5.246999e-33      
   7.320454       19.472021        -2.157206e-35     
   7.320454       19.945315        -7.919336e-37     
   7.320454       20.403928        1.205911e-38      
   7.320454       20.846626        -2.999976e-37     
   7.320454       21.272215        -2.840221e-35     
   7.320454       21.679546        -2.288773e-33     
   7.320454       22.067523        -1.533097e-31     
   7.320454       22.435100        -8.336649e-30     
   7.320454       22.781284        -3.603235e-28     
   7.320454       23.105144        -1.209354e-26     
   7.320454       23.405806        -3.096228e-25     
   7.320454       23.682459        -5.960298e-24     
   7.320454       23.934358        -8.337698e-23     
   7.320454       24.160824        -8.622966e-22     
   7.320454       24.361246        -6.612211e-21     
   7.320454       24.535084        -3.404105e-20     
   7.320454       24.681869        -1.156665e-19     
   7.320454       24.801206        -2.905858e-19     
   7.320454       24.892773        -6.448008e-19     
   7.320454       24.956326        -1.601102e-18     
   7.320454       24.991706        -7.048499e-18     
   7.727785       0.001580         5.427353e-10      
   7.727785       0.008319         2.858080e-09      
   7.727785       0.020424         7.017618e-09      
   7.727785       0.037866         1.301881e-08      
   7.727785       0.060596         2.084258e-08      
   7.727785       0.088555         3.051411e-08      
   7.727785       0.121667         4.206465e-08      
   7.727785       0.159843         5.546147e-08      
   7.727785       0.202979         7.078575e-08      
   7.727785       0.250960         8.816882e-08      
   7.727785       0.303656         1.077717e-07      
   7.727785       0.360925         1.298139e-07      
   7.727785       0.422613         1.545862e-07      
   7.727785       0.488552         1.824676e-07      
   7.727785       0.558567         2.139383e-07      
   7.727785       0.632467         2.495989e-07      
   7.727785       0.710054         2.901895e-07      
   7.727785       0.791119         3.366115e-07      
   7.727785       0.875442         3.899488e-07      
   7.727785       0.962797         4.514952e-07      
   7.727785       1.052948         5.227897e-07      
   7.727785       1.145653         6.056602e-07      
   7.727785       1.240660         7.022648e-07      
   7.727785       1.337714         8.151387e-07      
   7.727785       1.436554         9.472546e-07      
   7.727785       1.536913         1.102099e-06      
   7.727785       1.638520         1.283748e-06      
   7.727785       1.741102         1.496957e-06      
   7.727785       1.844381         1.747265e-06      
   7.727785       1.948080         2.041137e-06      
   7.727785       2.051920         2.386114e-06      
   7.727785       2.155619         2.790987e-06      
   7.727785       2.258898         3.266028e-06      
   7.727785       2.361480         3.823270e-06      
   7.727785       2.463087         4.476827e-06      
   7.727785       2.563446         5.243249e-06      
   7.727785       2.662286         6.141958e-06      
   7.727785       2.759340         7.195702e-06      
   7.727785       2.854347         8.430947e-06      
   7.727785       2.947052         9.878184e-06      
   7.727785       3.037203         1.157203e-05      
   7.727785       3.124558         1.355098e-05      
   7.727785       3.208881         1.585656e-05      
   7.727785       3.289946         1.853174e-05      
   7.727785       3.367533         2.161843e-05      
   7.727785       3.441433         2.515389e-05      
   7.727785       3.511448         2.916611e-05      
   7.727785       3.577387         3.366816e-05      
   7.727785       3.639075         3.865204e-05      
   7.727785       3.696344         4.408253e-05      
   7.727785       3.749040         4.989193e-05      
   7.727785       3.797021         5.597652e-05      
   7.727785       3.840157         6.219576e-05      
   7.727785       3.878333         6.837498e-05      
   7.727785       3.911445         7.431197e-05      
   7.727785       3.939404         7.978757e-05      
   7.727785       3.962134         8.457948e-05      
   7.727785       3.979576         8.847825e-05      
   7.727785       3.991681         9.130377e-05      
   7.727785       3.998420         9.292085e-05      
   7.727785       4.008294         9.534864e-05      
   7.727785       4.043674         1.046526e-04      
   7.727785       4.107227         1.240244e-04      
   7.727785       4.198794         1.592719e-04      
   7.727785       4.318131         2.225317e-04      
   7.727785       4.464916         3.393301e-04      
   7.727785       4.638754         5.650025e-04      
   7.727785       4.839176         1.023357e-03      
   7.727785       5.065642         1.997623e-03      
   7.727785       5.317541         4.138439e-03      
   7.727785       5.594194         8.904108e-03      
   7.727785       5.894856         1.934153e-02      
   7.727785       6.218716         4.093367e-02      
   7.727785       6.564900         8.078783e-02      
   7.727785       6.932477         1.410717e-01      
   7.727785       7.320454         2.050308e-01      
   7.727785       7.727785         2.315625e-01      
   7.727785       8.153374         1.870904e-01      
   7.727785       8.596072         9.698054e-02      
   7.727785       9.054685         2.852517e-02      
   7.727785       9.527979         4.226128e-03      
   7.727785       10.014676        2.936542e-04      
   7.727785       10.513464        1.131755e-05      
   7.727785       11.023000        3.968628e-07      
   7.727785       11.541909        9.235427e-09      
   7.727785       12.068793        -1.108650e-10     
   7.727785       12.602230        -1.125494e-11     
   7.727785       13.140784        -9.954073e-14     
   7.727785       13.683002        6.616594e-15      
   7.727785       14.227422        1.453998e-16      
   7.727785       14.772578        -1.640379e-18     
   7.727785       15.316998        -3.255667e-20     
   7.727785       15.859216        4.407458e-22      
   7.727785       16.397770        3.337627e-24      
   7.727785       16.931207        -5.029152e-26     
   7.727785       17.458091        1.343731e-27      
   7.727785       17.977000        -2.534604e-29     
   7.727785       18.486536        -8.526187e-31     
   7.727785       18.985324        1.892182e-32      
   7.727785       19.472021        -7.440598e-35     
   7.727785       19.945315        -2.911667e-36     
   7.727785       20.403928        5.380575e-38      
   7.727785       20.846626        -1.119964e-37     
   7.727785       21.272215        -1.053962e-35     
   7.727785       21.679546        -8.455235e-34     
   7.727785       22.067523        -5.639495e-32     
   7.727785       22.435100        -3.054271e-30     
   7.727785       22.781284        -1.315026e-28     
   7.727785       23.105144        -4.397730e-27     
   7.727785       23.405806        -1.122035e-25     
   7.727785       23.682459        -2.152851e-24     
   7.727785       23.934358        -3.003025e-23     
   7.727785       24.160824        -3.096465e-22     
   7.727785       24.361246        -2.367454e-21     
   7.727785       24.535084        -1.216465e-20     
   7.727785       24.681869        -4.127871e-20     
   7.727785       24.801206        -1.035371e-19     
   7.727785       24.892773        -2.291852e-19     
   7.727785       24.956326        -5.672975e-19     
   7.727785       24.991706        -2.489670e-18     
   8.153374       0.001580         -3.054151e-12     
   8.153374       0.008319         -1.607759e-11     
   8.153374       0.020424         -3.940079e-11     
   8.153374       0.037866         -7.178095e-11     
   8.153374       0.060596         -1.177545e-10     
   8.153374       0.088555         -1.644319e-10     
   8.153374       0.121667         -2.059667e-10     
   8.153374       0.159843         -2.410625e-10     
   8.153374       0.202979         -2.631634e-10     
   8.153374       0.250960         -2.488268e-10     
   8.153374       0.303656         -1.707659e-10     
   8.153374       0.360925         5.329640e-12      
   8.153374       0.422613         3.227188e-10      
   8.153374       0.488552         8.371460e-10      
   8.153374       0.558567         1.618789e-09      
   8.153374       0.632467         2.756179e-09      
   8.153374       0.710054         4.359436e-09      
   8.153374       0.791119         6.565006e-09      
   8.153374       0.875442         9.539996e-09      
   8.153374       0.962797         1.348827e-08      
   8.153374       1.052948         1.865869e-08      
   8.153374       1.145653         2.535515e-08      
   8.153374       1.240660         3.394647e-08      
   8.153374       1.337714         4.487786e-08      
   8.153374       1.436554         5.868565e-08      
   8.153374       1.536913         7.601491e-08      
   8.153374       1.638520         9.763695e-08      
   8.153374       1.741102         1.244676e-07      
   8.153374       1.844381         1.575889e-07      
   8.153374       1.948080         1.982736e-07      
   8.153374       2.051920         2.480058e-07      
   8.153374       2.155619         3.085015e-07      
   8.153374       2.258898         3.817303e-07      
   8.153374       2.361480         4.699350e-07      
   8.153374       2.463087         5.756420e-07      
   8.153374       2.563446         7.016673e-07      
   8.153374       2.662286         8.511185e-07      
   8.153374       2.759340         1.027385e-06      
   8.153374       2.854347         1.234108e-06      
   8.153374       2.947052         1.475142e-06      
   8.153374       3.037203         1.754485e-06      
   8.153374       3.124558         2.076183e-06      
   8.153374       3.208881         2.444187e-06      
   8.153374       3.289946         2.862152e-06      
   8.153374       3.367533         3.333173e-06      
   8.153374       3.441433         3.859451e-06      
   8.153374       3.511448         4.441858e-06      
   8.153374       3.577387         5.079442e-06      
   8.153374       3.639075         5.768876e-06      
   8.153374       3.696344         6.503916e-06      
   8.153374       3.749040         7.274920e-06      
   8.153374       3.797021         8.068533e-06      
   8.153374       3.840157         8.867621e-06      
   8.153374       3.878333         9.651555e-06      
   8.153374       3.911445         1.039690e-05      
   8.153374       3.939404         1.107854e-05      
   8.153374       3.962134         1.167113e-05      
   8.153374       3.979576         1.215088e-05      
   8.153374       3.991681         1.249735e-05      
   8.153374       3.998420         1.269521e-05      
   8.153374       4.008294         1.299172e-05      
   8.153374       4.043674         1.412255e-05      
   8.153374       4.107227         1.645524e-05      
   8.153374       4.198794         2.065402e-05      
   8.153374       4.318131         2.813827e-05      
   8.153374       4.464916         4.202131e-05      
   8.153374       4.638754         6.952132e-05      
   8.153374       4.839176         1.284266e-04      
   8.153374       5.065642         2.650520e-04      
   8.153374       5.317541         6.050028e-04      
   8.153374       5.594194         1.495227e-03      
   8.153374       5.894856         3.880386e-03      
   8.153374       6.218716         1.017633e-02      
   8.153374       6.564900         2.575806e-02      
   8.153374       6.932477         5.959736e-02      
   8.153374       7.320454         1.182601e-01      
   8.153374       7.727785         1.870904e-01      
   8.153374       8.153374         2.176384e-01      
   8.153374       8.596072         1.692001e-01      
   8.153374       9.054685         7.773960e-02      
   8.153374       9.527979         1.843898e-02      
   8.153374       10.014676        1.996759e-03      
   8.153374       10.513464        9.568716e-05      
   8.153374       11.023000        2.852379e-06      
   8.153374       11.541909        7.943279e-08      
   8.153374       12.068793        7.171412e-10      
   8.153374       12.602230        -4.491388e-11     
   8.153374       13.140784        -1.158022e-12     
   8.153374       13.683002        1.384320e-14      
   8.153374       14.227422        7.661723e-16      
   8.153374       14.772578        1.891843e-18      
   8.153374       15.316998        -1.636701e-19     
   8.153374       15.859216        2.315278e-23      
   8.153374       16.397770        2.886807e-23      
   8.153374       16.931207        -1.060907e-25     
   8.153374       17.458091        3.818805e-27      
   8.153374       17.977000        -9.264614e-29     
   8.153374       18.486536        -3.664508e-30     
   8.153374       18.985324        7.572364e-32      
   8.153374       19.472021        -2.886634e-34     
   8.153374       19.945315        -1.206237e-35     
   8.153374       20.403928        2.301299e-37      
   8.153374       20.846626        -1.968312e-38     
   8.153374       21.272215        -1.780744e-36     
   8.153374       21.679546        -1.423759e-34     
   8.153374       22.067523        -9.464211e-33     
   8.153374       22.435100        -5.108510e-31     
   8.153374       22.781284        -2.192144e-29     
   8.153374       23.105144        -7.307263e-28     
   8.153374       23.405806        -1.858383e-26     
   8.153374       23.682459        -3.554474e-25     
   8.153374       23.934358        -4.944380e-24     
   8.153374       24.160824        -5.082839e-23     
   8.153374       24.361246        -3.874490e-22     
   8.153374       24.535084        -1.986842e-21     
   8.153374       24.681869        -6.732508e-21     
   8.153374       24.801206        -1.685755e-20     
   8.153374       24.892773        -3.721676e-20     
   8.153374       24.956326        -9.180869e-20     
   8.153374       24.991706        -4.015909e-19     
   8.596072       0.001580         -1.297726e-11     
   8.596072       0.008319         -6.833760e-11     
   8.596072       0.020424         -1.677742e-10     
   8.596072       0.037866         -3.110459e-10     
   8.596072       0.060596         -4.983655e-10     
   8.596072       0.088555         -7.281423e-10     
   8.596072       0.121667         -1.000185e-09     
   8.596072       0.159843         -1.312698e-09     
   8.596072       0.202979         -1.666416e-09     
   8.596072       0.250960         -2.060044e-09     
   8.596072       0.303656         -2.491982e-09     
   8.596072       0.360925         -2.960542e-09     
   8.596072       0.422613         -3.463862e-09     
   8.596072       0.488552         -3.999598e-09     
   8.596072       0.558567         -4.564770e-09     
   8.596072       0.632467         -5.155431e-09     
   8.596072       0.710054         -5.766384e-09     
   8.596072       0.791119         -6.390648e-09     
   8.596072       0.875442         -7.018864e-09     
   8.596072       0.962797         -7.638466e-09     
   8.596072       1.052948         -8.232620e-09     
   8.596072       1.145653         -8.778885e-09     
   8.596072       1.240660         -9.247618e-09     
   8.596072       1.337714         -9.599928e-09     
   8.596072       1.436554         -9.785183e-09     
   8.596072       1.536913         -9.738055e-09     
   8.596072       1.638520         -9.375090e-09     
   8.596072       1.741102         -8.590654e-09     
   8.596072       1.844381         -7.252270e-09     
   8.596072       1.948080         -5.195560e-09     
   8.596072       2.051920         -2.218860e-09     
   8.596072       2.155619         1.922529e-09      
   8.596072       2.258898         7.521981e-09      
   8.596072       2.361480         1.492644e-08      
   8.596072       2.463087         2.454027e-08      
   8.596072       2.563446         3.682766e-08      
   8.596072       2.662286         5.231218e-08      
   8.596072       2.759340         7.157261e-08      
   8.596072       2.854347         9.523448e-08      
   8.596072       2.947052         1.239564e-07      
   8.596072       3.037203         1.584100e-07      
   8.596072       3.124558         1.992517e-07      
   8.596072       3.208881         2.470887e-07      
   8.596072       3.289946         3.024366e-07      
   8.596072       3.367533         3.656713e-07      
   8.596072       3.441433         4.369742e-07      
   8.596072       3.511448         5.162754e-07      
   8.596072       3.577387         6.031964e-07      
   8.596072       3.639075         6.969988e-07      
   8.596072       3.696344         7.965422e-07      
   8.596072       3.749040         9.002585e-07      
   8.596072       3.797021         1.006149e-06      
   8.596072       3.840157         1.111815e-06      
   8.596072       3.878333         1.214518e-06      
   8.596072       3.911445         1.311280e-06      
   8.596072       3.939404         1.399024e-06      
   8.596072       3.962134         1.474738e-06      
   8.596072       3.979576         1.535656e-06      
   8.596072       3.991681         1.579443e-06      
   8.596072       3.998420         1.604372e-06      
   8.596072       4.008294         1.641627e-06      
   8.596072       4.043674         1.782605e-06      
   8.596072       4.107227         2.068239e-06      
   8.596072       4.198794         2.567086e-06      
   8.596072       4.318131         3.418469e-06      
   8.596072       4.464916         4.913384e-06      
   8.596072       4.638754         7.705843e-06      
   8.596072       4.839176         1.341372e-05      
   8.596072       5.065642         2.647495e-05      
   8.596072       5.317541         6.028910e-05      
   8.596072       5.594194         1.584737e-04      
   8.596072       5.894856         4.693056e-04      
   8.596072       6.218716         1.497407e-03      
   8.596072       6.564900         4.868124e-03      
   8.596072       6.932477         1.515327e-02      
   8.596072       7.320454         4.215405e-02      
   8.596072       7.727785         9.698054e-02      
   8.596072       8.153374         1.692001e-01      
   8.596072       8.596072         2.036824e-01      
   8.596072       9.054685         1.516709e-01      
   8.596072       9.527979         6.089042e-02      
   8.596072       10.014676        1.137850e-02      
   8.596072       10.513464        8.768772e-04      
   8.596072       11.023000        2.905115e-05      
   8.596072       11.541909        6.991447e-07      
   8.596072       12.068793        1.346518e-08      
   8.596072       12.602230        -7.125302e-11     
   8.596072       13.140784        -8.391755e-12     
   8.596072       13.683002        -3.291204e-14     
   8.596072       14.227422        3.158401e-15      
   8.596072       14.772578        4.696260e-17      
   8.596072       15.316998        -2.340073e-19     
   8.596072       15.859216        -1.089266e-20     
   8.596072       16.397770        1.038667e-22      
   8.596072       16.931207        1.246888e-24      
   8.596072       17.458091        9.537173e-27      
   8.596072       17.977000        -4.867156e-28     
   8.596072       18.486536        -1.707075e-29     
   8.596072       18.985324        3.437208e-31      
   8.596072       19.472021        -1.350589e-33     
   8.596072       19.945315        -5.667100e-35     
   8.596072       20.403928        1.110153e-36      
   8.596072       20.846626        -4.480812e-39     
   8.596072       21.272215        -6.125136e-38     
   8.596072       21.679546        -4.618529e-36     
   8.596072       22.067523        -2.896727e-34     
   8.596072       22.435100        -1.473394e-32     
   8.596072       22.781284        -5.948835e-31     
   8.596072       23.105144        -1.864597e-29     
   8.596072       23.405806        -4.451464e-28     
   8.596072       23.682459        -7.985307e-27     
   8.596072       23.934358        -1.045115e-25     
   8.596072       24.160824        -1.004983e-24     
   8.596072       24.361246        -7.159576e-24     
   8.596072       24.535084        -3.486926e-23     
   8.596072       24.681869        -1.132651e-22     
   8.596072       24.801206        -2.701586e-22     
   8.596072       24.892773        -5.587521e-22     
   8.596072       24.956326        -1.272049e-21     
   8.596072       24.991706        -5.153568e-21     
   9.054685       0.001580         -1.350826e-12     
   9.054685       0.008319         -7.113401e-12     
   9.054685       0.020424         -1.746425e-11     
   9.054685       0.037866         -3.240403e-11     
   9.054685       0.060596         -5.184565e-11     
   9.054685       0.088555         -7.588055e-11     
   9.054685       0.121667         -1.046155e-10     
   9.054685       0.159843         -1.377543e-10     
   9.054685       0.202979         -1.754749e-10     
   9.054685       0.250960         -2.180476e-10     
   9.054685       0.303656         -2.657282e-10     
   9.054685       0.360925         -3.188583e-10     
   9.054685       0.422613         -3.778828e-10     
   9.054685       0.488552         -4.433742e-10     
   9.054685       0.558567         -5.160344e-10     
   9.054685       0.632467         -5.967157e-10     
   9.054685       0.710054         -6.864252e-10     
   9.054685       0.791119         -7.863206e-10     
   9.054685       0.875442         -8.976741e-10     
   9.054685       0.962797         -1.021833e-09     
   9.054685       1.052948         -1.160191e-09     
   9.054685       1.145653         -1.314137e-09     
   9.054685       1.240660         -1.484938e-09     
   9.054685       1.337714         -1.673571e-09     
   9.054685       1.436554         -1.880530e-09     
   9.054685       1.536913         -2.105608e-09     
   9.054685       1.638520         -2.347552e-09     
   9.054685       1.741102         -2.603586e-09     
   9.054685       1.844381         -2.868883e-09     
   9.054685       1.948080         -3.135967e-09     
   9.054685       2.051920         -3.393901e-09     
   9.054685       2.155619         -3.627332e-09     
   9.054685       2.258898         -3.815502e-09     
   9.054685       2.361480         -3.931226e-09     
   9.054685       2.463087         -3.939735e-09     
   9.054685       2.563446         -3.797556e-09     
   9.054685       2.662286         -3.451730e-09     
   9.054685       2.759340         -2.839355e-09     
   9.054685       2.854347         -1.887493e-09     
   9.054685       2.947052         -5.138186e-10     
   9.054685       3.037203         1.371627e-09      
   9.054685       3.124558         3.863543e-09      
   9.054685       3.208881         7.057349e-09      
   9.054685       3.289946         1.104382e-08      
   9.054685       3.367533         1.590220e-08      
   9.054685       3.441433         2.169221e-08      
   9.054685       3.511448         2.844532e-08      
   9.054685       3.577387         3.615605e-08      
   9.054685       3.639075         4.477390e-08      
   9.054685       3.696344         5.419659e-08      
   9.054685       3.749040         6.426593e-08      
   9.054685       3.797021         7.476713e-08      
   9.054685       3.840157         8.543246e-08      
   9.054685       3.878333         9.594959e-08      
   9.054685       3.911445         1.059747e-07      
   9.054685       3.939404         1.151500e-07      
   9.054685       3.962134         1.231238e-07      
   9.054685       3.979576         1.295735e-07      
   9.054685       3.991681         1.342267e-07      
   9.054685       3.998420         1.368819e-07      
   9.054685       4.008294         1.408576e-07      
   9.054685       4.043674         1.559783e-07      
   9.054685       4.107227         1.869073e-07      
   9.054685       4.198794         2.415054e-07      
   9.054685       4.318131         3.352421e-07      
   9.054685       4.464916         4.986309e-07      
   9.054685       4.638754         7.945680e-07      
   9.054685       4.839176         1.362536e-06      
   9.054685       5.065642         2.545922e-06      
   9.054685       5.317541         5.313618e-06      
   9.054685       5.594194         1.285815e-05      
   9.054685       5.894856         3.731825e-05      
   9.054685       6.218716         1.296550e-04      
   9.054685       6.564900         5.114904e-04      
   9.054685       6.932477         2.108452e-03      
   9.054685       7.320454         8.302624e-03      
   9.054685       7.727785         2.852517e-02      
   9.054685       8.153374         7.773960e-02      
   9.054685       8.596072         1.516709e-01      
   9.054685       9.054685         1.898833e-01      
   9.054685       9.527979         1.347980e-01      
   9.054685       10.014676        4.660727e-02      
   9.054685       10.513464        6.705669e-03      
   9.054685       11.023000        3.593489e-04      
   9.054685       11.541909        8.396439e-06      
   9.054685       12.068793        1.640618e-07      
   9.054685       12.602230        1.710334e-09      
   9.054685       13.140784        -4.345398e-11     
   9.054685       13.683002        -9.175145e-13     
   9.054685       14.227422        1.108875e-14      
   9.054685       14.772578        2.877911e-16      
   9.054685       15.316998        3.481319e-18      
   9.054685       15.859216        -4.655848e-20     
   9.054685       16.397770        -6.055220e-22     
   9.054685       16.931207        1.340561e-23      
   9.054685       17.458091        1.486525e-25      
   9.054685       17.977000        -3.732965e-27     
   9.054685       18.486536        -9.664385e-29     
   9.054685       18.985324        1.861857e-30      
   9.054685       19.472021        -7.581212e-33     
   9.054685       19.945315        -3.099642e-34     
   9.054685       20.403928        6.200284e-36      
   9.054685       20.846626        -2.238660e-38     
   9.054685       21.272215        3.098352e-38      
   9.054685       21.679546        2.617490e-36      
   9.054685       22.067523        1.797916e-34      
   9.054685       22.435100        1.000184e-32      
   9.054685       22.781284        4.413259e-31      
   9.054685       23.105144        1.509084e-29      
   9.054685       23.405806        3.929750e-28      
   9.054685       23.682459        7.681004e-27      
   9.054685       23.934358        1.088909e-25      
   9.054685       24.160824        1.140431e-24      
   9.054685       24.361246        8.841111e-24      
   9.054685       24.535084        4.590037e-23      
   9.054685       24.681869        1.570863e-22      
   9.054685       24.801206        3.973856e-22      
   9.054685       24.892773        8.876598e-22      
   9.054685       24.956326        2.216716e-21      
   9.054685       24.991706        9.794118e-21      
   9.527979       0.001580         1.262928e-13      
   9.527979       0.008319         6.650565e-13      
   9.527979       0.020424         1.632829e-12      
   9.527979       0.037866         3.024712e-12      
   9.527979       0.060596         4.854797e-12      
   9.527979       0.088555         7.081989e-12      
   9.527979       0.121667         9.689899e-12      
   9.527979       0.159843         1.268242e-11      
   9.527979       0.202979         1.606059e-11      
   9.527979       0.250960         1.977578e-11      
   9.527979       0.303656         2.377961e-11      
   9.527979       0.360925         2.801769e-11      
   9.527979       0.422613         3.242690e-11      
   9.527979       0.488552         3.692807e-11      
   9.527979       0.558567         4.142481e-11      
   9.527979       0.632467         4.579714e-11      
   9.527979       0.710054         4.989888e-11      
   9.527979       0.791119         5.355187e-11      
   9.527979       0.875442         5.654383e-11      
   9.527979       0.962797         5.862333e-11      
   9.527979       1.052948         5.949150e-11      
   9.527979       1.145653         5.879244e-11      
   9.527979       1.240660         5.610909e-11      
   9.527979       1.337714         5.096026e-11      
   9.527979       1.436554         4.279462e-11      
   9.527979       1.536913         3.098438e-11      
   9.527979       1.638520         1.482949e-11      
   9.527979       1.741102         -6.429697e-12     
   9.527979       1.844381         -3.359835e-11     
   9.527979       1.948080         -6.750488e-11     
   9.527979       2.051920         -1.089557e-10     
   9.527979       2.155619         -1.586716e-10     
   9.527979       2.258898         -2.172153e-10     
   9.527979       2.361480         -2.848963e-10     
   9.527979       2.463087         -3.616424e-10     
   9.527979       2.563446         -4.468550e-10     
   9.527979       2.662286         -5.392621e-10     
   9.527979       2.759340         -6.367590e-10     
   9.527979       2.854347         -7.362478e-10     
   9.527979       2.947052         -8.335124e-10     
   9.527979       3.037203         -9.231577e-10     
   9.527979       3.124558         -9.986236e-10     
   9.527979       3.208881         -1.052295e-09     
   9.527979       3.289946         -1.075754e-09     
   9.527979       3.367533         -1.060203e-09     
   9.527979       3.441433         -9.970366e-10     
   9.527979       3.511448         -8.785533e-10     
   9.527979       3.577387         -6.987763e-10     
   9.527979       3.639075         -4.543224e-10     
   9.527979       3.696344         -1.452404e-10     
   9.527979       3.749040         2.242959e-10      
   9.527979       3.797021         6.455528e-10      
   9.527979       3.840157         1.105157e-09      
   9.527979       3.878333         1.585447e-09      
   9.527979       3.911445         2.065285e-09      
   9.527979       3.939404         2.521315e-09      
   9.527979       3.962134         2.929574e-09      
   9.527979       3.979576         3.267331e-09      
   9.527979       3.991681         3.514963e-09      
   9.527979       3.998420         3.657695e-09      
   9.527979       4.008294         3.873292e-09      
   9.527979       4.043674         4.712688e-09      
   9.527979       4.107227         6.514538e-09      
   9.527979       4.198794         9.920257e-09      
   9.527979       4.318131         1.625889e-08      
   9.527979       4.464916         2.828617e-08      
   9.527979       4.638754         5.188359e-08      
   9.527979       4.839176         1.001372e-07      
   9.527979       5.065642         2.037636e-07      
   9.527979       5.317541         4.403056e-07      
   9.527979       5.594194         1.027832e-06      
   9.527979       5.894856         2.686957e-06      
   9.527979       6.218716         8.350160e-06      
   9.527979       6.564900         3.255033e-05      
   9.527979       6.932477         1.559935e-04      
   9.527979       7.320454         8.259232e-04      
   9.527979       7.727785         4.226128e-03      
   9.527979       8.153374         1.843898e-02      
   9.527979       8.596072         6.089042e-02      
   9.527979       9.054685         1.347980e-01      
   9.527979       9.527979         1.764237e-01      
   9.527979       10.014676        1.188415e-01      
   9.527979       10.513464        3.488552e-02      
   9.527979       11.023000        3.779932e-03      
   9.527979       11.541909        1.384344e-04      
   9.527979       12.068793        2.356127e-06      
   9.527979       12.602230        3.610389e-08      
   9.527979       13.140784        7.698964e-11      
   9.527979       13.683002        -1.083502e-11     
   9.527979       14.227422        -8.947754e-15     
   9.527979       14.772578        2.121847e-15      
   9.527979       15.316998        1.814897e-17      
   9.527979       15.859216        3.410289e-19      
   9.527979       16.397770        -5.511793e-21     
   9.527979       16.931207        -2.773352e-23     
   9.527979       17.458091        2.112546e-24      
   9.527979       17.977000        -1.905884e-26     
   9.527979       18.486536        -7.543858e-28     
   9.527979       18.985324        1.150466e-29      
   9.527979       19.472021        -4.252873e-32     
   9.527979       19.945315        -1.998470e-33     
   9.527979       20.403928        3.985261e-35      
   9.527979       20.846626        -1.538788e-37     
   9.527979       21.272215        1.934135e-39      
   9.527979       21.679546        4.561058e-37      
   9.527979       22.067523        3.107462e-35      
   9.527979       22.435100        1.715682e-33      
   9.527979       22.781284        7.516055e-32      
   9.527979       23.105144        2.552812e-30      
   9.527979       23.405806        6.604920e-29      
   9.527979       23.682459        1.283120e-27      
   9.527979       23.934358        1.809405e-26      
   9.527979       24.160824        1.884472e-25      
   9.527979       24.361246        1.453103e-24      
   9.527979       24.535084        7.517073e-24      
   9.527979       24.681869        2.565918e-23      
   9.527979       24.801206        6.471076e-23      
   9.527979       24.892773        1.439099e-22      
   9.527979       24.956326        3.574275e-22      
   9.527979       24.991706        1.571324e-21      
   10.014676      0.001580         3.268521e-14      
   10.014676      0.008319         1.721196e-13      
   10.014676      0.020424         4.225793e-13      
   10.014676      0.037866         7.835904e-13      
   10.014676      0.060596         1.255182e-12      
   10.014676      0.088555         1.834829e-12      
   10.014676      0.121667         2.522411e-12      
   10.014676      0.159843         3.314029e-12      
   10.014676      0.202979         4.212402e-12      
   10.014676      0.250960         5.216895e-12      
   10.014676      0.303656         6.326737e-12      
   10.014676      0.360925         7.541920e-12      
   10.014676      0.422613         8.863222e-12      
   10.014676      0.488552         1.029191e-11      
   10.014676      0.558567         1.182975e-11      
   10.014676      0.632467         1.347876e-11      
   10.014676      0.710054         1.524122e-11      
   10.014676      0.791119         1.711923e-11      
   10.014676      0.875442         1.911418e-11      
   10.014676      0.962797         2.122613e-11      
   10.014676      1.052948         2.345298e-11      
   10.014676      1.145653         2.578945e-11      
   10.014676      1.240660         2.822583e-11      
   10.014676      1.337714         3.074617e-11      
   10.014676      1.436554         3.332632e-11      
   10.014676      1.536913         3.593184e-11      
   10.014676      1.638520         3.851558e-11      
   10.014676      1.741102         4.101457e-11      
   10.014676      1.844381         4.334708e-11      
   10.014676      1.948080         4.540998e-11      
   10.014676      2.051920         4.707617e-11      
   10.014676      2.155619         4.819208e-11      
   10.014676      2.258898         4.857661e-11      
   10.014676      2.361480         4.802212e-11      
   10.014676      2.463087         4.629670e-11      
   10.014676      2.563446         4.314866e-11      
   10.014676      2.662286         3.831492e-11      
   10.014676      2.759340         3.153353e-11      
   10.014676      2.854347         2.255842e-11      
   10.014676      2.947052         1.117698e-11      
   10.014676      3.037203         -2.768439e-12     
   10.014676      3.124558         -1.935753e-11     
   10.014676      3.208881         -3.857131e-11     
   10.014676      3.289946         -6.027568e-11     
   10.014676      3.367533         -8.420993e-11     
   10.014676      3.441433         -1.099830e-10     
   10.014676      3.511448         -1.370820e-10     
   10.014676      3.577387         -1.648937e-10     
   10.014676      3.639075         -1.927389e-10     
   10.014676      3.696344         -2.199157e-10     
   10.014676      3.749040         -2.457475e-10     
   10.014676      3.797021         -2.696325e-10     
   10.014676      3.840157         -2.910871e-10     
   10.014676      3.878333         -3.097768e-10     
   10.014676      3.911445         -3.255298e-10     
   10.014676      3.939404         -3.383288e-10     
   10.014676      3.962134         -3.482833e-10     
   10.014676      3.979576         -3.555853e-10     
   10.014676      3.991681         -3.604553e-10     
   10.014676      3.998420         -3.630892e-10     
   10.014676      4.008294         -3.668409e-10     
   10.014676      4.043674         -3.790971e-10     
   10.014676      4.107227         -3.951406e-10     
   10.014676      4.198794         -3.983893e-10     
   10.014676      4.318131         -3.451771e-10     
   10.014676      4.464916         -1.229772e-10     
   10.014676      4.638754         5.579506e-10      
   10.014676      4.839176         2.453407e-09      
   10.014676      5.065642         7.580983e-09      
   10.014676      5.317541         2.150831e-08      
   10.014676      5.594194         6.030351e-08      
   10.014676      5.894856         1.734348e-07      
   10.014676      6.218716         5.300995e-07      
   10.014676      6.564900         1.824059e-06      
   10.014676      6.932477         7.752456e-06      
   10.014676      7.320454         4.335424e-05      
   10.014676      7.727785         2.936542e-04      
   10.014676      8.153374         1.996759e-03      
   10.014676      8.596072         1.137850e-02      
   10.014676      9.054685         4.660727e-02      
   10.014676      9.527979         1.188415e-01      
   10.014676      10.014676        1.634683e-01      
   10.014676      10.513464        1.040089e-01      
   10.014676      11.023000        2.556702e-02      
   10.014676      11.541909        2.043710e-03      
   10.014676      12.068793        5.071562e-05      
   10.014676      12.602230        6.463470e-07      
   10.014676      13.140784        7.450715e-09      
   10.014676      13.683002        -4.215164e-11     
   10.014676      14.227422        -2.039476e-12     
   10.014676      14.772578        2.516237e-14      
   10.014676      15.316998        2.080827e-16      
   10.014676      15.859216        -6.433323e-19     
   10.014676      16.397770        6.415708e-20      
   10.014676      16.931207        -6.672086e-22     
   10.014676      17.458091        4.474444e-24      
   10.014676      17.977000        1.452072e-26      
   10.014676      18.486536        -5.800323e-27     
   10.014676      18.985324        6.800427e-29      
   10.014676      19.472021        -2.589781e-31     
   10.014676      19.945315        -1.435591e-32     
   10.014676      20.403928        2.939814e-34      
   10.014676      20.846626        -1.237904e-36     
   10.014676      21.272215        -2.377829e-38     
   10.014676      21.679546        2.116948e-38      
   10.014676      22.067523        1.368266e-36      
   10.014676      22.435100        7.408445e-35      
   10.014676      22.781284        3.183329e-33      
   10.014676      23.105144        1.061078e-31      
   10.014676      23.405806        2.694779e-30      
   10.014676      23.682459        5.141305e-29      
   10.014676      23.934358        7.132321e-28      
   10.014676      24.160824        7.300615e-27      
   10.014676      24.361246        5.536002e-26      
   10.014676      24.535084        2.829729e-25      
   10.014676      24.681869        9.568657e-25      
   10.014676      24.801206        2.387466e-24      
   10.014676      24.892773        5.235312e-24      
   10.014676      24.956326        1.279060e-23      
   10.014676      24.991706        5.541759e-23      
   10.513464      0.001580         9.623858e-16      
   10.513464      0.008319         5.067868e-15      
   10.513464      0.020424         1.244193e-14      
   10.513464      0.037866         2.309891e-14      
   10.513464      0.060596         3.690104e-14      
   10.513464      0.088555         5.407680e-14      
   10.513464      0.121667         7.477671e-14      
   10.513464      0.159843         9.867446e-14      
   10.513464      0.202979         1.259150e-13      
   10.513464      0.250960         1.569042e-13      
   10.513464      0.303656         1.920195e-13      
   10.513464      0.360925         2.317319e-13      
   10.513464      0.422613         2.766313e-13      
   10.513464      0.488552         3.274769e-13      
   10.513464      0.558567         3.852038e-13      
   10.513464      0.632467         4.509681e-13      
   10.513464      0.710054         5.261655e-13      
   10.513464      0.791119         6.124547e-13      
   10.513464      0.875442         7.117401e-13      
   10.513464      0.962797         8.261703e-13      
   10.513464      1.052948         9.581632e-13      
   10.513464      1.145653         1.110430e-12      
   10.513464      1.240660         1.285927e-12      
   10.513464      1.337714         1.487775e-12      
   10.513464      1.436554         1.719193e-12      
   10.513464      1.536913         1.983449e-12      
   10.513464      1.638520         2.283688e-12      
   10.513464      1.741102         2.622663e-12      
   10.513464      1.844381         3.002486e-12      
   10.513464      1.948080         3.424355e-12      
   10.513464      2.051920         3.888103e-12      
   10.513464      2.155619         4.391638e-12      
   10.513464      2.258898         4.930439e-12      
   10.513464      2.361480         5.497048e-12      
   10.513464      2.463087         6.080391e-12      
   10.513464      2.563446         6.665149e-12      
   10.513464      2.662286         7.231415e-12      
   10.513464      2.759340         7.754518e-12      
   10.513464      2.854347         8.204939e-12      
   10.513464      2.947052         8.548653e-12      
   10.513464      3.037203         8.748138e-12      
   10.513464      3.124558         8.763873e-12      
   10.513464      3.208881         8.556172e-12      
   10.513464      3.289946         8.087542e-12      
   10.513464      3.367533         7.325645e-12      
   10.513464      3.441433         6.246542e-12      
   10.513464      3.511448         4.837758e-12      
   10.513464      3.577387         3.100936e-12      
   10.513464      3.639075         1.053937e-12      
   10.513464      3.696344         -1.267875e-12     
   10.513464      3.749040         -3.811490e-12     
   10.513464      3.797021         -6.507458e-12     
   10.513464      3.840157         -9.272462e-12     
   10.513464      3.878333         -1.201306e-11     
   10.513464      3.911445         -1.463031e-11     
   10.513464      3.939404         -1.702498e-11     
   10.513464      3.962134         -1.910294e-11     
   10.513464      3.979576         -2.078029e-11     
   10.513464      3.991681         -2.198808e-11     
   10.513464      3.998420         -2.267628e-11     
   10.513464      4.008294         -2.370529e-11     
   10.513464      4.043674         -2.760089e-11     
   10.513464      4.107227         -3.546365e-11     
   10.513464      4.198794         -4.893193e-11     
   10.513464      4.318131         -7.070300e-11     
   10.513464      4.464916         -1.045927e-10     
   10.513464      4.638754         -1.543349e-10     
   10.513464      4.839176         -2.170846e-10     
   10.513464      5.065642         -2.572372e-10     
   10.513464      5.317541         -1.089114e-10     
   10.513464      5.594194         8.809316e-10      
   10.513464      5.894856         5.179671e-09      
   10.513464      6.218716         2.220371e-08      
   10.513464      6.564900         8.963381e-08      
   10.513464      6.932477         3.746928e-07      
   10.513464      7.320454         1.795739e-06      
   10.513464      7.727785         1.131755e-05      
   10.513464      8.153374         9.568716e-05      
   10.513464      8.596072         8.768772e-04      
   10.513464      9.054685         6.705669e-03      
   10.513464      9.527979         3.488552e-02      
   10.513464      10.014676        1.040089e-01      
   10.513464      10.513464        1.511558e-01      
   10.513464      11.023000        9.044538e-02      
   10.513464      11.541909        1.838212e-02      
   10.513464      12.068793        1.064116e-03      
   10.513464      12.602230        1.796945e-05      
   10.513464      13.140784        1.703982e-07      
   10.513464      13.683002        1.538441e-09      
   10.513464      14.227422        -2.025545e-11     
   10.513464      14.772578        -3.260279e-13     
   10.513464      15.316998        8.816728e-15      
   10.513464      15.859216        -1.000465e-17     
   10.513464      16.397770        -3.117783e-19     
   10.513464      16.931207        1.196568e-20      
   10.513464      17.458091        -3.403717e-23     
   10.513464      17.977000        -9.755097e-25     
   10.513464      18.486536        -3.580423e-26     
   10.513464      18.985324        4.954765e-28      
   10.513464      19.472021        -3.267113e-30     
   10.513464      19.945315        -1.180898e-31     
   10.513464      20.403928        2.598506e-33      
   10.513464      20.846626        -1.201967e-35     
   10.513464      21.272215        -1.812145e-37     
   10.513464      21.679546        4.755527e-39      
   10.513464      22.067523        -1.215955e-37     
   10.513464      22.435100        -7.010381e-36     
   10.513464      22.781284        -3.194665e-34     
   10.513464      23.105144        -1.124242e-32     
   10.513464      23.405806        -3.004677e-31     
   10.513464      23.682459        -6.010609e-30     
   10.513464      23.934358        -8.693783e-29     
   10.513464      24.160824        -9.280036e-28     
   10.513464      24.361246        -7.314533e-27     
   10.513464      24.535084        -3.844975e-26     
   10.513464      24.681869        -1.329601e-25     
   10.513464      24.801206        -3.398019e-25     
   10.513464      24.892773        -7.668990e-25     
   10.513464      24.956326        -1.933283e-24     
   10.513464      24.991706        -8.598544e-24     
   11.023000      0.001580         -2.062920e-16     
   11.023000      0.008319         -1.086334e-15     
   11.023000      0.020424         -2.667169e-15     
   11.023000      0.037866         -4.944515e-15     
   11.023000      0.060596         -7.924738e-15     
   11.023000      0.088555         -1.157915e-14     
   11.023000      0.121667         -1.589867e-14     
   11.023000      0.159843         -2.087254e-14     
   11.023000      0.202979         -2.651496e-14     
   11.023000      0.250960         -3.280410e-14     
   11.023000      0.303656         -3.972004e-14     
   11.023000      0.360925         -4.724555e-14     
   11.023000      0.422613         -5.536545e-14     
   11.023000      0.488552         -6.406250e-14     
   11.023000      0.558567         -7.331764e-14     
   11.023000      0.632467         -8.310701e-14     
   11.023000      0.710054         -9.340181e-14     
   11.023000      0.791119         -1.041650e-13     
   11.023000      0.875442         -1.153503e-13     
   11.023000      0.962797         -1.268983e-13     
   11.023000      1.052948         -1.387323e-13     
   11.023000      1.145653         -1.507521e-13     
   11.023000      1.240660         -1.628300e-13     
   11.023000      1.337714         -1.748051e-13     
   11.023000      1.436554         -1.864766e-13     
   11.023000      1.536913         -1.975957e-13     
   11.023000      1.638520         -2.078611e-13     
   11.023000      1.741102         -2.169153e-13     
   11.023000      1.844381         -2.243408e-13     
   11.023000      1.948080         -2.296590e-13     
   11.023000      2.051920         -2.323378e-13     
   11.023000      2.155619         -2.318032e-13     
   11.023000      2.258898         -2.274555e-13     
   11.023000      2.361480         -2.186969e-13     
   11.023000      2.463087         -2.049717e-13     
   11.023000      2.563446         -1.858126e-13     
   11.023000      2.662286         -1.608944e-13     
   11.023000      2.759340         -1.300997e-13     
   11.023000      2.854347         -9.358763e-14     
   11.023000      2.947052         -5.185378e-14     
   11.023000      3.037203         -5.779941e-15     
   11.023000      3.124558         4.333081e-14      
   11.023000      3.208881         9.374974e-14      
   11.023000      3.289946         1.433636e-13      
   11.023000      3.367533         1.897613e-13      
   11.023000      3.441433         2.303642e-13      
   11.023000      3.511448         2.625997e-13      
   11.023000      3.577387         2.841164e-13      
   11.023000      3.639075         2.930212e-13      
   11.023000      3.696344         2.881106e-13      
   11.023000      3.749040         2.690683e-13      
   11.023000      3.797021         2.366001e-13      
   11.023000      3.840157         1.924864e-13      
   11.023000      3.878333         1.395325e-13      
   11.023000      3.911445         8.140931e-14      
   11.023000      3.939404         2.238946e-14      
   11.023000      3.962134         -3.299961e-14     
   11.023000      3.979576         -8.037292e-14     
   11.023000      3.991681         -1.158934e-13     
   11.023000      3.998420         -1.366452e-13     
   11.023000      4.008294         -1.683515e-13     
   11.023000      4.043674         -2.954570e-13     
   11.023000      4.107227         -5.835486e-13     
   11.023000      4.198794         -1.164530e-12     
   11.023000      4.318131         -2.312218e-12     
   11.023000      4.464916         -4.584320e-12     
   11.023000      4.638754         -9.111897e-12     
   11.023000      4.839176         -1.816323e-11     
   11.023000      5.065642         -3.611222e-11     
   11.023000      5.317541         -7.046646e-11     
   11.023000      5.594194         -1.293525e-10     
   11.023000      5.894856         -1.944455e-10     
   11.023000      6.218716         -6.010545e-11     
   11.023000      6.564900         1.520710e-09      
   11.023000      6.932477         1.134142e-08      
   11.023000      7.320454         6.678636e-08      
   11.023000      7.727785         3.968628e-07      
   11.023000      8.153374         2.852379e-06      
   11.023000      8.596072         2.905115e-05      
   11.023000      9.054685         3.593489e-04      
   11.023000      9.527979         3.779932e-03      
   11.023000      10.014676        2.556702e-02      
   11.023000      10.513464        9.044538e-02      
   11.023000      11.023000        1.395903e-01      
   11.023000      11.541909        7.823178e-02      
   11.023000      12.068793        1.299893e-02      
   11.023000      12.602230        5.363360e-04      
   11.023000      13.140784        6.299514e-06      
   11.023000      13.683002        4.101201e-08      
   11.023000      14.227422        3.689719e-10      
   11.023000      14.772578        -6.625661e-12     
   11.023000      15.316998        -4.159675e-14     
   11.023000      15.859216        2.128465e-15      
   11.023000      16.397770        -7.876828e-18     
   11.023000      16.931207        -6.279431e-20     
   11.023000      17.458091        2.578553e-21      
   11.023000      17.977000        -1.788848e-23     
   11.023000      18.486536        -5.296317e-25     
   11.023000      18.985324        5.806402e-27      
   11.023000      19.472021        -3.718922e-29     
   11.023000      19.945315        -1.297864e-30     
   11.023000      20.403928        2.702775e-32      
   11.023000      20.846626        -1.272727e-34     
   11.023000      21.272215        -1.527762e-36     
   11.023000      21.679546        7.064375e-38      
   11.023000      22.067523        -1.433536e-38     
   11.023000      22.435100        -7.932164e-37     
   11.023000      22.781284        -3.557623e-35     
   11.023000      23.105144        -1.233873e-33     
   11.023000      23.405806        -3.252886e-32     
   11.023000      23.682459        -6.425148e-31     
   11.023000      23.934358        -9.192327e-30     
   11.023000      24.160824        -9.702421e-29     
   11.023000      24.361246        -7.567335e-28     
   11.023000      24.535084        -3.949653e-27     
   11.023000      24.681869        -1.358530e-26     
   11.023000      24.801206        -3.450656e-26     
   11.023000      24.892773        -7.723578e-26     
   11.023000      24.956326        -1.928231e-25     
   11.023000      24.991706        -8.503680e-25     
   11.541909      0.001580         -1.412096e-17     
   11.541909      0.008319         -7.436086e-17     
   11.541909      0.020424         -1.825689e-16     
   11.541909      0.037866         -3.386263e-16     
   11.541909      0.060596         -5.420514e-16     
   11.541909      0.088555         -7.929026e-16     
   11.541909      0.121667         -1.091518e-15     
   11.541909      0.159843         -1.435903e-15     
   11.541909      0.202979         -1.827295e-15     
   11.541909      0.250960         -2.266977e-15     
   11.541909      0.303656         -2.756219e-15     
   11.541909      0.360925         -3.296927e-15     
   11.541909      0.422613         -3.891767e-15     
   11.541909      0.488552         -4.544290e-15     
   11.541909      0.558567         -5.259003e-15     
   11.541909      0.632467         -6.041521e-15     
   11.541909      0.710054         -6.898690e-15     
   11.541909      0.791119         -7.838642e-15     
   11.541909      0.875442         -8.870730e-15     
   11.541909      0.962797         -1.000549e-14     
   11.541909      1.052948         -1.125470e-14     
   11.541909      1.145653         -1.263140e-14     
   11.541909      1.240660         -1.414971e-14     
   11.541909      1.337714         -1.582442e-14     
   11.541909      1.436554         -1.767070e-14     
   11.541909      1.536913         -1.970383e-14     
   11.541909      1.638520         -2.193867e-14     
   11.541909      1.741102         -2.438856e-14     
   11.541909      1.844381         -2.706459e-14     
   11.541909      1.948080         -2.997473e-14     
   11.541909      2.051920         -3.312267e-14     
   11.541909      2.155619         -3.650609e-14     
   11.541909      2.258898         -4.011561e-14     
   11.541909      2.361480         -4.393389e-14     
   11.541909      2.463087         -4.793435e-14     
   11.541909      2.563446         -5.208007e-14     
   11.541909      2.662286         -5.632406e-14     
   11.541909      2.759340         -6.061020e-14     
   11.541909      2.854347         -6.487418e-14     
   11.541909      2.947052         -6.904531e-14     
   11.541909      3.037203         -7.305035e-14     
   11.541909      3.124558         -7.681808e-14     
   11.541909      3.208881         -8.028344e-14     
   11.541909      3.289946         -8.339162e-14     
   11.541909      3.367533         -8.610287e-14     
   11.541909      3.441433         -8.839664e-14     
   11.541909      3.511448         -9.027369e-14     
   11.541909      3.577387         -9.175551e-14     
   11.541909      3.639075         -9.288186e-14     
   11.541909      3.696344         -9.370680e-14     
   11.541909      3.749040         -9.429324e-14     
   11.541909      3.797021         -9.470618e-14     
   11.541909      3.840157         -9.500570e-14     
   11.541909      3.878333         -9.524080e-14     
   11.541909      3.911445         -9.544537e-14     
   11.541909      3.939404         -9.563679e-14     
   11.541909      3.962134         -9.581736e-14     
   11.541909      3.979576         -9.597806e-14     
   11.541909      3.991681         -9.610394e-14     
   11.541909      3.998420         -9.617993e-14     
   11.541909      4.008294         -9.629975e-14     
   11.541909      4.043674         -9.682889e-14     
   11.541909      4.107227         -9.833047e-14     
   11.541909      4.198794         -1.025420e-13     
   11.541909      4.318131         -1.145739e-13     
   11.541909      4.464916         -1.486922e-13     
   11.541909      4.638754         -2.436256e-13     
   11.541909      4.839176         -5.032037e-13     
   11.541909      5.065642         -1.203595e-12     
   11.541909      5.317541         -3.074445e-12     
   11.541909      5.594194         -8.011423e-12     
   11.541909      5.894856         -2.072373e-11     
   11.541909      6.218716         -5.146970e-11     
   11.541909      6.564900         -1.126643e-10     
   11.541909      6.932477         -1.399002e-10     
   11.541909      7.320454         6.942595e-10      
   11.541909      7.727785         9.235427e-09      
   11.541909      8.153374         7.943279e-08      
   11.541909      8.596072         6.991447e-07      
   11.541909      9.054685         8.396439e-06      
   11.541909      9.527979         1.384344e-04      
   11.541909      10.014676        2.043710e-03      
   11.541909      10.513464        1.838212e-02      
   11.541909      11.023000        7.823178e-02      
   11.541909      11.541909        1.288380e-01      
   11.541909      12.068793        6.738827e-02      
   11.541909      12.602230        9.069818e-03      
   11.541909      13.140784        2.633031e-04      
   11.541909      13.683002        2.246695e-06      
   11.541909      14.227422        7.795064e-09      
   11.541909      14.772578        1.158422e-10      
   11.541909      15.316998        -1.889832e-12     
   11.541909      15.859216        -4.444424e-15     
   11.541909      16.397770        4.726306e-16      
   11.541909      16.931207        -2.227240e-18     
   11.541909      17.458091        -3.624662e-21     
   11.541909      17.977000        2.700720e-22      
   11.541909      18.486536        -7.464209e-24     
   11.541909      18.985324        3.367530e-26      
   11.541909      19.472021        -3.145545e-28     
   11.541909      19.945315        -1.566044e-29     
   11.541909      20.403928        3.098958e-31      
   11.541909      20.846626        -1.587382e-33     
   11.541909      21.272215        -1.214078e-35     
   11.541909      21.679546        9.211127e-37      
   11.541909      22.067523        -5.157273e-39     
   11.541909      22.435100        -1.311990e-38     
   11.541909      22.781284        -5.511157e-37     
   11.541909      23.105144        -1.820599e-35     
   11.541909      23.405806        -4.568802e-34     
   11.541909      23.682459        -8.592580e-33     
   11.541909      23.934358        -1.174271e-31     
   11.541909      24.160824        -1.179539e-30     
   11.541909      24.361246        -8.762831e-30     
   11.541909      24.535084        -4.410538e-29     
   11.541909      24.681869        -1.472276e-28     
   11.541909      24.801206        -3.613750e-28     
   11.541909      24.892773        -7.739635e-28     
   11.541909      24.956326        -1.835898e-27     
   11.541909      24.991706        -7.742862e-27     
   12.068793      0.001580         3.193381e-19      
   12.068793      0.008319         1.681638e-18      
   12.068793      0.020424         4.128805e-18      
   12.068793      0.037866         7.650402e-18      
   12.068793      0.060596         1.227764e-17      
   12.068793      0.088555         1.791826e-17      
   12.068793      0.121667         2.453434e-17      
   12.068793      0.159843         3.213804e-17      
   12.068793      0.202979         4.074817e-17      
   12.068793      0.250960         5.026398e-17      
   12.068793      0.303656         6.059095e-17      
   12.068793      0.360925         7.162825e-17      
   12.068793      0.422613         8.326376e-17      
   12.068793      0.488552         9.535713e-17      
   12.068793      0.558567         1.077390e-16      
   12.068793      0.632467         1.201977e-16      
   12.068793      0.710054         1.324758e-16      
   12.068793      0.791119         1.442579e-16      
   12.068793      0.875442         1.551672e-16      
   12.068793      0.962797         1.647549e-16      
   12.068793      1.052948         1.724831e-16      
   12.068793      1.145653         1.777026e-16      
   12.068793      1.240660         1.796431e-16      
   12.068793      1.337714         1.774007e-16      
   12.068793      1.436554         1.699185e-16      
   12.068793      1.536913         1.559609e-16      
   12.068793      1.638520         1.341054e-16      
   12.068793      1.741102         1.027429e-16      
   12.068793      1.844381         6.007073e-17      
   12.068793      1.948080         4.091606e-18      
   12.068793      2.051920         -6.735556e-17     
   12.068793      2.155619         -1.565476e-16     
   12.068793      2.258898         -2.658301e-16     
   12.068793      2.361480         -3.975437e-16     
   12.068793      2.463087         -5.539058e-16     
   12.068793      2.563446         -7.368796e-16     
   12.068793      2.662286         -9.480461e-16     
   12.068793      2.759340         -1.188448e-15     
   12.068793      2.854347         -1.458412e-15     
   12.068793      2.947052         -1.757398e-15     
   12.068793      3.037203         -2.083898e-15     
   12.068793      3.124558         -2.435353e-15     
   12.068793      3.208881         -2.808113e-15     
   12.068793      3.289946         -3.197489e-15     
   12.068793      3.367533         -3.597898e-15     
   12.068793      3.441433         -4.003077e-15     
   12.068793      3.511448         -4.406351e-15     
   12.068793      3.577387         -4.800944e-15     
   12.068793      3.639075         -5.180330e-15     
   12.068793      3.696344         -5.538572e-15     
   12.068793      3.749040         -5.870617e-15     
   12.068793      3.797021         -6.172492e-15     
   12.068793      3.840157         -6.441408e-15     
   12.068793      3.878333         -6.675754e-15     
   12.068793      3.911445         -6.874994e-15     
   12.068793      3.939404         -7.039466e-15     
   12.068793      3.962134         -7.170125e-15     
   12.068793      3.979576         -7.268252e-15     
   12.068793      3.991681         -7.335162e-15     
   12.068793      3.998420         -7.371960e-15     
   12.068793      4.008294         -7.425259e-15     
   12.068793      4.043674         -7.609747e-15     
   12.068793      4.107227         -7.911111e-15     
   12.068793      4.198794         -8.258692e-15     
   12.068793      4.318131         -8.507398e-15     
   12.068793      4.464916         -8.397085e-15     
   12.068793      4.638754         -7.569493e-15     
   12.068793      4.839176         -5.939751e-15     
   12.068793      5.065642         -5.598052e-15     
   12.068793      5.317541         -1.858775e-14     
   12.068793      5.594194         -9.607416e-14     
   12.068793      5.894856         -4.328657e-13     
   12.068793      6.218716         -1.728347e-12     
   12.068793      6.564900         -6.363740e-12     
   12.068793      6.932477         -2.171681e-11     
   12.068793      7.320454         -6.459441e-11     
   12.068793      7.727785         -1.108650e-10     
   12.068793      8.153374         7.171412e-10      
   12.068793      8.596072         1.346518e-08      
   12.068793      9.054685         1.640618e-07      
   12.068793      9.527979         2.356127e-06      
   12.068793      10.014676        5.071562e-05      
   12.068793      10.513464        1.064116e-03      
   12.068793      11.023000        1.299893e-02      
   12.068793      11.541909        6.738827e-02      
   12.068793      12.068793        1.189280e-01      
   12.068793      12.602230        5.788375e-02      
   12.068793      13.140784        6.267551e-03      
   12.068793      13.683002        1.268081e-04      
   12.068793      14.227422        8.381387e-07      
   12.068793      14.772578        3.687079e-10      
   12.068793      15.316998        4.457558e-11      
   12.068793      15.859216        -5.106257e-13     
   12.068793      16.397770        -4.181380e-16     
   12.068793      16.931207        1.040588e-16      
   12.068793      17.458091        -4.297480e-19     
   12.068793      17.977000        -1.980246e-21     
   12.068793      18.486536        -3.113713e-23     
   12.068793      18.985324        1.377545e-25      
   12.068793      19.472021        -9.308200e-27     
   12.068793      19.945315        -2.076816e-28     
   12.068793      20.403928        4.328232e-30      
   12.068793      20.846626        -2.555221e-32     
   12.068793      21.272215        -7.196226e-35     
   12.068793      21.679546        1.447728e-35      
   12.068793      22.067523        -7.684103e-38     
   12.068793      22.435100        -1.847451e-39     
   12.068793      22.781284        5.411953e-38      
   12.068793      23.105144        1.956827e-36      
   12.068793      23.405806        5.356483e-35      
   12.068793      23.682459        1.093873e-33      
   12.068793      23.934358        1.610420e-32      
   12.068793      24.160824        1.746715e-31      
   12.068793      24.361246        1.395144e-30      
   12.068793      24.535084        7.410572e-30      
   12.068793      24.681869        2.586016e-29      
   12.068793      24.801206        6.664001e-29      
   12.068793      24.892773        1.514432e-28      
   12.068793      24.956326        3.836212e-28      
   12.068793      24.991706        1.710105e-27      
   12.602230      0.001580         4.165907e-20      
   12.602230      0.008319         2.193767e-19      
   12.602230      0.020424         5.386140e-19      
   12.602230      0.037866         9.988658e-19      
   12.602230      0.060596         1.599399e-18      
   12.602230      0.088555         2.338919e-18      
   12.602230      0.121667         3.217416e-18      
   12.602230      0.159843         4.230548e-18      
   12.602230      0.202979         5.381443e-18      
   12.602230      0.250960         6.671677e-18      
   12.602230      0.303656         8.103038e-18      
   12.602230      0.360925         9.678850e-18      
   12.602230      0.422613         1.140422e-17      
   12.602230      0.488552         1.328614e-17      
   12.602230      0.558567         1.533369e-17      
   12.602230      0.632467         1.755823e-17      
   12.602230      0.710054         1.997371e-17      
   12.602230      0.791119         2.259673e-17      
   12.602230      0.875442         2.544640e-17      
   12.602230      0.962797         2.854423e-17      
   12.602230      1.052948         3.191418e-17      
   12.602230      1.145653         3.558257e-17      
   12.602230      1.240660         3.957764e-17      
   12.602230      1.337714         4.392872e-17      
   12.602230      1.436554         4.866559e-17      
   12.602230      1.536913         5.381781e-17      
   12.602230      1.638520         5.941360e-17      
   12.602230      1.741102         6.547790e-17      
   12.602230      1.844381         7.203075e-17      
   12.602230      1.948080         7.908589e-17      
   12.602230      2.051920         8.664857e-17      
   12.602230      2.155619         9.471272e-17      
   12.602230      2.258898         1.032591e-16      
   12.602230      2.361480         1.122541e-16      
   12.602230      2.463087         1.216479e-16      
   12.602230      2.563446         1.313730e-16      
   12.602230      2.662286         1.413446e-16      
   12.602230      2.759340         1.514637e-16      
   12.602230      2.854347         1.616180e-16      
   12.602230      2.947052         1.716859e-16      
   12.602230      3.037203         1.815422e-16      
   12.602230      3.124558         1.910659e-16      
   12.602230      3.208881         2.001465e-16      
   12.602230      3.289946         2.086891e-16      
   12.602230      3.367533         2.166213e-16      
   12.602230      3.441433         2.238985e-16      
   12.602230      3.511448         2.305061e-16      
   12.602230      3.577387         2.364575e-16      
   12.602230      3.639075         2.417890e-16      
   12.602230      3.696344         2.465534e-16      
   12.602230      3.749040         2.508122e-16      
   12.602230      3.797021         2.546268e-16      
   12.602230      3.840157         2.580490e-16      
   12.602230      3.878333         2.611138e-16      
   12.602230      3.911445         2.638351e-16      
   12.602230      3.939404         2.662052e-16      
   12.602230      3.962134         2.681987e-16      
   12.602230      3.979576         2.697787e-16      
   12.602230      3.991681         2.709052e-16      
   12.602230      3.998420         2.715442e-16      
   12.602230      4.008294         2.724966e-16      
   12.602230      4.043674         2.760925e-16      
   12.602230      4.107227         2.834835e-16      
   12.602230      4.198794         2.972877e-16      
   12.602230      4.318131         3.245400e-16      
   12.602230      4.464916         3.833839e-16      
   12.602230      4.638754         5.192504e-16      
   12.602230      4.839176         8.430484e-16      
   12.602230      5.065642         1.614975e-15      
   12.602230      5.317541         3.404873e-15      
   12.602230      5.594194         7.268239e-15      
   12.602230      5.894856         1.418050e-14      
   12.602230      6.218716         1.911947e-14      
   12.602230      6.564900         -2.367757e-14     
   12.602230      6.932477         -3.741208e-13     
   12.602230      7.320454         -2.296457e-12     
   12.602230      7.727785         -1.125494e-11     
   12.602230      8.153374         -4.491388e-11     
   12.602230      8.596072         -7.125302e-11     
   12.602230      9.054685         1.710334e-09      
   12.602230      9.527979         3.610389e-08      
   12.602230      10.014676        6.463470e-07      
   12.602230      10.513464        1.796945e-05      
   12.602230      11.023000        5.363360e-04      
   12.602230      11.541909        9.069818e-03      
   12.602230      12.068793        5.788375e-02      
   12.602230      12.602230        1.098561e-01      
   12.602230      13.140784        4.965048e-02      
   12.602230      13.683002        4.307603e-03      
   12.602230      14.227422        6.039732e-05      
   12.602230      14.772578        3.334798e-07      
   12.602230      15.316998        -7.143649e-10     
   12.602230      15.859216        1.796385e-11      
   12.602230      16.397770        -1.261913e-13     
   12.602230      16.931207        -1.836467e-16     
   12.602230      17.458091        2.608923e-17      
   12.602230      17.977000        -1.203848e-19     
   12.602230      18.486536        -1.592060e-21     
   12.602230      18.985324        1.051194e-23      
   12.602230      19.472021        -2.044913e-25     
   12.602230      19.945315        -4.325534e-27     
   12.602230      20.403928        7.043631e-29      
   12.602230      20.846626        -4.375969e-31     
   12.602230      21.272215        5.579706e-34      
   12.602230      21.679546        2.682076e-34      
   12.602230      22.067523        -1.245380e-36     
   12.602230      22.435100        -4.590963e-38     
   12.602230      22.781284        2.117513e-39      
   12.602230      23.105144        6.845458e-38      
   12.602230      23.405806        1.837397e-36      
   12.602230      23.682459        3.681158e-35      
   12.602230      23.934358        5.329583e-34      
   12.602230      24.160824        5.681065e-33      
   12.602230      24.361246        4.464535e-32      
   12.602230      24.535084        2.345056e-31      
   12.602230      24.681869        8.112404e-31      
   12.602230      24.801206        2.069668e-30      
   12.602230      24.892773        4.642492e-30      
   12.602230      24.956326        1.158657e-29      
   12.602230      24.991706        5.100913e-29      
   13.140784      0.001580         9.302720e-23      
   13.140784      0.008319         4.898878e-22      
   13.140784      0.020424         1.202846e-21      
   13.140784      0.037866         2.239451e-21      
   13.140784      0.060596         3.545144e-21      
   13.140784      0.088555         5.239433e-21      
   13.140784      0.121667         7.375055e-21      
   13.140784      0.159843         9.893990e-21      
   13.140784      0.202979         1.280122e-20      
   13.140784      0.250960         1.627063e-20      
   13.140784      0.303656         2.047532e-20      
   13.140784      0.360925         2.562039e-20      
   13.140784      0.422613         3.195451e-20      
   13.140784      0.488552         3.979872e-20      
   13.140784      0.558567         4.955129e-20      
   13.140784      0.632467         6.171228e-20      
   13.140784      0.710054         7.689379e-20      
   13.140784      0.791119         9.584201e-20      
   13.140784      0.875442         1.194461e-19      
   13.140784      0.962797         1.487577e-19      
   13.140784      1.052948         1.850226e-19      
   13.140784      1.145653         2.297193e-19      
   13.140784      1.240660         2.845797e-19      
   13.140784      1.337714         3.516096e-19      
   13.140784      1.436554         4.331260e-19      
   13.140784      1.536913         5.318029e-19      
   13.140784      1.638520         6.506915e-19      
   13.140784      1.741102         7.932248e-19      
   13.140784      1.844381         9.632369e-19      
   13.140784      1.948080         1.164978e-18      
   13.140784      2.051920         1.403081e-18      
   13.140784      2.155619         1.682493e-18      
   13.140784      2.258898         2.008426e-18      
   13.140784      2.361480         2.386259e-18      
   13.140784      2.463087         2.821373e-18      
   13.140784      2.563446         3.318954e-18      
   13.140784      2.662286         3.883806e-18      
   13.140784      2.759340         4.520111e-18      
   13.140784      2.854347         5.231122e-18      
   13.140784      2.947052         6.018873e-18      
   13.140784      3.037203         6.883934e-18      
   13.140784      3.124558         7.825165e-18      
   13.140784      3.208881         8.839458e-18      
   13.140784      3.289946         9.921567e-18      
   13.140784      3.367533         1.106404e-17      
   13.140784      3.441433         1.225724e-17      
   13.140784      3.511448         1.348938e-17      
   13.140784      3.577387         1.474668e-17      
   13.140784      3.639075         1.601353e-17      
   13.140784      3.696344         1.727289e-17      
   13.140784      3.749040         1.850656e-17      
   13.140784      3.797021         1.969561e-17      
   13.140784      3.840157         2.082081e-17      
   13.140784      3.878333         2.186304e-17      
   13.140784      3.911445         2.280381e-17      
   13.140784      3.939404         2.362578e-17      
   13.140784      3.962134         2.431328e-17      
   13.140784      3.979576         2.485281e-17      
   13.140784      3.991681         2.523353e-17      
   13.140784      3.998420         2.544774e-17      
   13.140784      4.008294         2.576452e-17      
   13.140784      4.043674         2.692912e-17      
   13.140784      4.107227         2.914232e-17      
   13.140784      4.198794         3.263142e-17      
   13.140784      4.318131         3.779681e-17      
   13.140784      4.464916         4.535974e-17      
   13.140784      4.638754         5.676041e-17      
   13.140784      4.839176         7.530161e-17      
   13.140784      5.065642         1.095579e-16      
   13.140784      5.317541         1.837003e-16      
   13.140784      5.594194         3.684572e-16      
   13.140784      5.894856         8.703096e-16      
   13.140784      6.218716         2.262390e-15      
   13.140784      6.564900         5.909935e-15      
   13.140784      6.932477         1.354053e-14      
   13.140784      7.320454         1.584173e-14      
   13.140784      7.727785         -9.954073e-14     
   13.140784      8.153374         -1.158022e-12     
   13.140784      8.596072         -8.391755e-12     
   13.140784      9.054685         -4.345398e-11     
   13.140784      9.527979         7.698964e-11      
   13.140784      10.014676        7.450715e-09      
   13.140784      10.513464        1.703982e-07      
   13.140784      11.023000        6.299514e-06      
   13.140784      11.541909        2.633031e-04      
   13.140784      12.068793        6.267551e-03      
   13.140784      12.602230        4.965048e-02      
   13.140784      13.140784        1.015946e-01      
   13.140784      13.683002        4.259121e-02      
   13.140784      14.227422        2.958239e-03      
   13.140784      14.772578        2.870155e-05      
   13.140784      15.316998        1.425340e-07      
   13.140784      15.859216        -5.539246e-10     
   13.140784      16.397770        7.125236e-12      
   13.140784      16.931207        -2.622250e-14     
   13.140784      17.458091        -1.078404e-16     
   13.140784      17.977000        6.567962e-18      
   13.140784      18.486536        -5.207819e-20     
   13.140784      18.985324        -1.250448e-22     
   13.140784      19.472021        -2.505596e-24     
   13.140784      19.945315        -9.826543e-26     
   13.140784      20.403928        1.112779e-27      
   13.140784      20.846626        -9.054633e-30     
   13.140784      21.272215        5.975479e-32      
   13.140784      21.679546        5.907345e-33      
   13.140784      22.067523        -2.009084e-35     
   13.140784      22.435100        -7.271702e-37     
   13.140784      22.781284        1.748722e-39      
   13.140784      23.105144        -2.021391e-39     
   13.140784      23.405806        -1.221511e-38     
   13.140784      23.682459        -2.835324e-37     
   13.140784      23.934358        -4.627189e-36     
   13.140784      24.160824        -5.492928e-35     
   13.140784      24.361246        -4.719902e-34     
   13.140784      24.535084        -2.635605e-33     
   13.140784      24.681869        -9.566284e-33     
   13.140784      24.801206        -2.562642e-32     
   13.140784      24.892773        -6.063183e-32     
   13.140784      24.956326        -1.594884e-31     
   13.140784      24.991706        -7.304636e-31     
   13.683002      0.001580         -4.300841e-23     
   13.683002      0.008319         -2.264824e-22     
   13.683002      0.020424         -5.560596e-22     
   13.683002      0.037866         -1.031173e-21     
   13.683002      0.060596         -1.651238e-21     
   13.683002      0.088555         -2.414453e-21     
   13.683002      0.121667         -3.320412e-21     
   13.683002      0.159843         -4.364911e-21     
   13.683002      0.202979         -5.550911e-21     
   13.683002      0.250960         -6.879089e-21     
   13.683002      0.303656         -8.350293e-21     
   13.683002      0.360925         -9.966727e-21     
   13.683002      0.422613         -1.173215e-20     
   13.683002      0.488552         -1.365184e-20     
   13.683002      0.558567         -1.573276e-20     
   13.683002      0.632467         -1.798364e-20     
   13.683002      0.710054         -2.041524e-20     
   13.683002      0.791119         -2.304024e-20     
   13.683002      0.875442         -2.587308e-20     
   13.683002      0.962797         -2.892968e-20     
   13.683002      1.052948         -3.222729e-20     
   13.683002      1.145653         -3.578421e-20     
   13.683002      1.240660         -3.961912e-20     
   13.683002      1.337714         -4.375005e-20     
   13.683002      1.436554         -4.819339e-20     
   13.683002      1.536913         -5.296287e-20     
   13.683002      1.638520         -5.806806e-20     
   13.683002      1.741102         -6.351209e-20     
   13.683002      1.844381         -6.928953e-20     
   13.683002      1.948080         -7.538442e-20     
   13.683002      2.051920         -8.176767e-20     
   13.683002      2.155619         -8.839365e-20     
   13.683002      2.258898         -9.519780e-20     
   13.683002      2.361480         -1.020949e-19     
   13.683002      2.463087         -1.089768e-19     
   13.683002      2.563446         -1.157104e-19     
   13.683002      2.662286         -1.221388e-19     
   13.683002      2.759340         -1.280831e-19     
   13.683002      2.854347         -1.333455e-19     
   13.683002      2.947052         -1.377135e-19     
   13.683002      3.037203         -1.409687e-19     
   13.683002      3.124558         -1.428970e-19     
   13.683002      3.208881         -1.433004e-19     
   13.683002      3.289946         -1.420075e-19     
   13.683002      3.367533         -1.388880e-19     
   13.683002      3.441433         -1.338670e-19     
   13.683002      3.511448         -1.269373e-19     
   13.683002      3.577387         -1.181676e-19     
   13.683002      3.639075         -1.077074e-19     
   13.683002      3.696344         -9.578852e-20     
   13.683002      3.749040         -8.272325e-20     
   13.683002      3.797021         -6.889580e-20     
   13.683002      3.840157         -5.474884e-20     
   13.683002      3.878333         -4.076515e-20     
   13.683002      3.911445         -2.744608e-20     
   13.683002      3.939404         -1.528798e-20     
   13.683002      3.962134         -4.758019e-21     
   13.683002      3.979576         3.729498e-21      
   13.683002      3.991681         9.834694e-21      
   13.683002      3.998420         1.331124e-20      
   13.683002      4.008294         1.850661e-20      
   13.683002      4.043674         3.814809e-20      
   13.683002      4.107227         7.769927e-20      
   13.683002      4.198794         1.453719e-19      
   13.683002      4.318131         2.554104e-19      
   13.683002      4.464916         4.313879e-19      
   13.683002      4.638754         7.121102e-19      
   13.683002      4.839176         1.163600e-18      
   13.683002      5.065642         1.912423e-18      
   13.683002      5.317541         3.263488e-18      
   13.683002      5.594194         6.181246e-18      
   13.683002      5.894856         1.431925e-17      
   13.683002      6.218716         4.248807e-17      
   13.683002      6.564900         1.505679e-16      
   13.683002      6.932477         5.683608e-16      
   13.683002      7.320454         2.076447e-15      
   13.683002      7.727785         6.616594e-15      
   13.683002      8.153374         1.384320e-14      
   13.683002      8.596072         -3.291204e-14     
   13.683002      9.054685         -9.175145e-13     
   13.683002      9.527979         -1.083502e-11     
   13.683002      10.014676        -4.215164e-11     
   13.683002      10.513464        1.538441e-09      
   13.683002      11.023000        4.101201e-08      
   13.683002      11.541909        2.246695e-06      
   13.683002      12.068793        1.268081e-04      
   13.683002      12.602230        4.307603e-03      
   13.683002      13.140784        4.259121e-02      
   13.683002      13.683002        9.409830e-02      
   13.683002      14.227422        3.659497e-02      
   13.683002      14.772578        2.040066e-03      
   13.683002      15.316998        1.374771e-05      
   13.683002      15.859216        6.509483e-08      
   13.683002      16.397770        -3.041297e-10     
   13.683002      16.931207        2.722237e-12      
   13.683002      17.458091        -1.846385e-15     
   13.683002      17.977000        -7.526466e-17     
   13.683002      18.486536        1.389141e-18      
   13.683002      18.985324        -9.721054e-21     
   13.683002      19.472021        -1.585268e-22     
   13.683002      19.945315        -2.039469e-24     
   13.683002      20.403928        1.847649e-26      
   13.683002      20.846626        -2.730311e-28     
   13.683002      21.272215        2.558130e-30      
   13.683002      21.679546        1.562328e-31      
   13.683002      22.067523        -2.001739e-34     
   13.683002      22.435100        -9.334054e-36     
   13.683002      22.781284        1.547806e-39      
   13.683002      23.105144        -5.309915e-38     
   13.683002      23.405806        -3.761796e-39     
   13.683002      23.682459        -2.248197e-38     
   13.683002      23.934358        -3.372508e-37     
   13.683002      24.160824        -3.722888e-36     
   13.683002      24.361246        -3.014234e-35     
   13.683002      24.535084        -1.618735e-34     
   13.683002      24.681869        -5.703663e-34     
   13.683002      24.801206        -1.481377e-33     
   13.683002      24.892773        -3.382842e-33     
   13.683002      24.956326        -8.581604e-33     
   13.683002      24.991706        -3.822076e-32     
   14.227422      0.001580         -3.190223e-25     
   14.227422      0.008319         -1.679986e-24     
   14.227422      0.020424         -4.124878e-24     
   14.227422      0.037866         -7.654766e-24     
   14.227422      0.060596         -1.222939e-23     
   14.227422      0.088555         -1.792188e-23     
   14.227422      0.121667         -2.476299e-23     
   14.227422      0.159843         -3.270444e-23     
   14.227422      0.202979         -4.175875e-23     
   14.227422      0.250960         -5.205311e-23     
   14.227422      0.303656         -6.372006e-23     
   14.227422      0.360925         -7.692382e-23     
   14.227422      0.422613         -9.187006e-23     
   14.227422      0.488552         -1.088275e-22     
   14.227422      0.558567         -1.281334e-22     
   14.227422      0.632467         -1.502118e-22     
   14.227422      0.710054         -1.755835e-22     
   14.227422      0.791119         -2.048829e-22     
   14.227422      0.875442         -2.388669e-22     
   14.227422      0.962797         -2.784307e-22     
   14.227422      1.052948         -3.246328e-22     
   14.227422      1.145653         -3.787239e-22     
   14.227422      1.240660         -4.421651e-22     
   14.227422      1.337714         -5.166459e-22     
   14.227422      1.436554         -6.041136e-22     
   14.227422      1.536913         -7.068089e-22     
   14.227422      1.638520         -8.272850e-22     
   14.227422      1.741102         -9.684153e-22     
   14.227422      1.844381         -1.133411e-21     
   14.227422      1.948080         -1.325836e-21     
   14.227422      2.051920         -1.549586e-21     
   14.227422      2.155619         -1.808847e-21     
   14.227422      2.258898         -2.108056e-21     
   14.227422      2.361480         -2.451832e-21     
   14.227422      2.463087         -2.844855e-21     
   14.227422      2.563446         -3.291713e-21     
   14.227422      2.662286         -3.796753e-21     
   14.227422      2.759340         -4.363880e-21     
   14.227422      2.854347         -4.996304e-21     
   14.227422      2.947052         -5.696287e-21     
   14.227422      3.037203         -6.464902e-21     
   14.227422      3.124558         -7.301791e-21     
   14.227422      3.208881         -8.204901e-21     
   14.227422      3.289946         -9.170275e-21     
   14.227422      3.367533         -1.019193e-20     
   14.227422      3.441433         -1.126180e-20     
   14.227422      3.511448         -1.236971e-20     
   14.227422      3.577387         -1.350344e-20     
   14.227422      3.639075         -1.464894e-20     
   14.227422      3.696344         -1.579055e-20     
   14.227422      3.749040         -1.691138e-20     
   14.227422      3.797021         -1.799371e-20     
   14.227422      3.840157         -1.901944e-20     
   14.227422      3.878333         -1.997058e-20     
   14.227422      3.911445         -2.082976e-20     
   14.227422      3.939404         -2.158076e-20     
   14.227422      3.962134         -2.220901e-20     
   14.227422      3.979576         -2.270206e-20     
   14.227422      3.991681         -2.304996e-20     
   14.227422      3.998420         -2.324569e-20     
   14.227422      4.008294         -2.353513e-20     
   14.227422      4.043674         -2.459877e-20     
   14.227422      4.107227         -2.661701e-20     
   14.227422      4.198794         -2.978357e-20     
   14.227422      4.318131         -3.441258e-20     
   14.227422      4.464916         -4.099103e-20     
   14.227422      4.638754         -5.029085e-20     
   14.227422      4.839176         -6.365015e-20     
   14.227422      5.065642         -8.376373e-20     
   14.227422      5.317541         -1.170030e-19     
   14.227422      5.594194         -1.798869e-19     
   14.227422      5.894856         -3.139399e-19     
   14.227422      6.218716         -5.968053e-19     
   14.227422      6.564900         -9.605840e-19     
   14.227422      6.932477         5.997920e-19      
   14.227422      7.320454         1.971827e-17      
   14.227422      7.727785         1.453998e-16      
   14.227422      8.153374         7.661723e-16      
   14.227422      8.596072         3.158401e-15      
   14.227422      9.054685         1.108875e-14      
   14.227422      9.527979         -8.947754e-15     
   14.227422      10.014676        -2.039476e-12     
   14.227422      10.513464        -2.025545e-11     
   14.227422      11.023000        3.689719e-10      
   14.227422      11.541909        7.795064e-09      
   14.227422      12.068793        8.381387e-07      
   14.227422      12.602230        6.039732e-05      
   14.227422      13.140784        2.958239e-03      
   14.227422      13.683002        3.659497e-02      
   14.227422      14.227422        8.731279e-02      
   14.227422      14.772578        3.154373e-02      
   14.227422      15.316998        1.420174e-03      
   14.227422      15.859216        6.715403e-06      
   14.227422      16.397770        3.149462e-08      
   14.227422      16.931207        -1.473372e-10     
   14.227422      17.458091        1.014132e-12      
   14.227422      17.977000        2.213864e-15      
   14.227422      18.486536        -5.252853e-17     
   14.227422      18.985324        4.558008e-19      
   14.227422      19.472021        -5.681715e-21     
   14.227422      19.945315        -9.911802e-23     
   14.227422      20.403928        3.940309e-25      
   14.227422      20.846626        -9.127719e-27     
   14.227422      21.272215        8.118118e-29      
   14.227422      21.679546        4.838121e-30      
   14.227422      22.067523        8.948365e-33      
   14.227422      22.435100        9.716029e-35      
   14.227422      22.781284        -3.414925e-38     
   14.227422      23.105144        -1.925756e-36     
   14.227422      23.405806        -9.954238e-38     
   14.227422      23.682459        -2.681341e-39     
   14.227422      23.934358        -1.844167e-39     
   14.227422      24.160824        -1.894660e-38     
   14.227422      24.361246        -1.345378e-37     
   14.227422      24.535084        -6.492505e-37     
   14.227422      24.681869        -2.077027e-36     
   14.227422      24.801206        -4.829188e-36     
   14.227422      24.892773        -9.613176e-36     
   14.227422      24.956326        -2.084521e-35     
   14.227422      24.991706        -8.104481e-35     
   14.772578      0.001580         1.876231e-26      
   14.772578      0.008319         9.880223e-26      
   14.772578      0.020424         2.425777e-25      
   14.772578      0.037866         4.498428e-25      
   14.772578      0.060596         7.203014e-25      
   14.772578      0.088555         1.053185e-24      
   14.772578      0.121667         1.448272e-24      
   14.772578      0.159843         1.903561e-24      
   14.772578      0.202979         2.420242e-24      
   14.772578      0.250960         2.998445e-24      
   14.772578      0.303656         3.638278e-24      
   14.772578      0.360925         4.340351e-24      
   14.772578      0.422613         5.105839e-24      
   14.772578      0.488552         5.936450e-24      
   14.772578      0.558567         6.834460e-24      
   14.772578      0.632467         7.802735e-24      
   14.772578      0.710054         8.844793e-24      
   14.772578      0.791119         9.964713e-24      
   14.772578      0.875442         1.116700e-23      
   14.772578      0.962797         1.245637e-23      
   14.772578      1.052948         1.383764e-23      
   14.772578      1.145653         1.531543e-23      
   14.772578      1.240660         1.689381e-23      
   14.772578      1.337714         1.857561e-23      
   14.772578      1.436554         2.036181e-23      
   14.772578      1.536913         2.225091e-23      
   14.772578      1.638520         2.423791e-23      
   14.772578      1.741102         2.631305e-23      
   14.772578      1.844381         2.846049e-23      
   14.772578      1.948080         3.065703e-23      
   14.772578      2.051920         3.287052e-23      
   14.772578      2.155619         3.505789e-23      
   14.772578      2.258898         3.716355e-23      
   14.772578      2.361480         3.911825e-23      
   14.772578      2.463087         4.083760e-23      
   14.772578      2.563446         4.222098e-23      
   14.772578      2.662286         4.315175e-23      
   14.772578      2.759340         4.349864e-23      
   14.772578      2.854347         4.311743e-23      
   14.772578      2.947052         4.185410e-23      
   14.772578      3.037203         3.955041e-23      
   14.772578      3.124558         3.605133e-23      
   14.772578      3.208881         3.121316e-23      
   14.772578      3.289946         2.491282e-23      
   14.772578      3.367533         1.705904e-23      
   14.772578      3.441433         7.604499e-24      
   14.772578      3.511448         -3.442951e-24     
   14.772578      3.577387         -1.601103e-23     
   14.772578      3.639075         -2.995591e-23     
   14.772578      3.696344         -4.505777e-23     
   14.772578      3.749040         -6.102032e-23     
   14.772578      3.797021         -7.747542e-23     
   14.772578      3.840157         -9.399325e-23     
   14.772578      3.878333         -1.100978e-22     
   14.772578      3.911445         -1.252871e-22     
   14.772578      3.939404         -1.390566e-22     
   14.772578      3.962134         -1.509249e-22     
   14.772578      3.979576         -1.604601e-22     
   14.772578      3.991681         -1.673047e-22     
   14.772578      3.998420         -1.711976e-22     
   14.772578      4.008294         -1.770095e-22     
   14.772578      4.043674         -1.989325e-22     
   14.772578      4.107227         -2.429421e-22     
   14.772578      4.198794         -3.182223e-22     
   14.772578      4.318131         -4.415338e-22     
   14.772578      4.464916         -6.426452e-22     
   14.772578      4.638754         -9.748737e-22     
   14.772578      4.839176         -1.536149e-21     
   14.772578      5.065642         -2.514528e-21     
   14.772578      5.317541         -4.296410e-21     
   14.772578      5.594194         -7.762426e-21     
   14.772578      5.894856         -1.521569e-20     
   14.772578      6.218716         -3.362029e-20     
   14.772578      6.564900         -8.632596e-20     
   14.772578      6.932477         -2.520846e-19     
   14.772578      7.320454         -7.469543e-19     
   14.772578      7.727785         -1.640379e-18     
   14.772578      8.153374         1.891843e-18      
   14.772578      8.596072         4.696260e-17      
   14.772578      9.054685         2.877911e-16      
   14.772578      9.527979         2.121847e-15      
   14.772578      10.014676        2.516237e-14      
   14.772578      10.513464        -3.260279e-13     
   14.772578      11.023000        -6.625661e-12     
   14.772578      11.541909        1.158422e-10      
   14.772578      12.068793        3.687079e-10      
   14.772578      12.602230        3.334798e-07      
   14.772578      13.140784        2.870155e-05      
   14.772578      13.683002        2.040066e-03      
   14.772578      14.227422        3.154373e-02      
   14.772578      14.772578        8.118106e-02      
   14.772578      15.316998        2.732016e-02      
   14.772578      15.859216        1.003388e-03      
   14.772578      16.397770        3.392788e-06      
   14.772578      16.931207        1.602609e-08      
   14.772578      17.458091        -6.628872e-11     
   14.772578      17.977000        3.573687e-13      
   14.772578      18.486536        1.827791e-15      
   14.772578      18.985324        -2.537136e-17     
   14.772578      19.472021        2.293628e-20      
   14.772578      19.945315        -3.370485e-21     
   14.772578      20.403928        -1.422554e-23     
   14.772578      20.846626        -3.449652e-25     
   14.772578      21.272215        3.083301e-27      
   14.772578      21.679546        1.640689e-28      
   14.772578      22.067523        9.688468e-31      
   14.772578      22.435100        2.181286e-32      
   14.772578      22.781284        8.802041e-35      
   14.772578      23.105144        -7.804045e-35     
   14.772578      23.405806        -4.250916e-36     
   14.772578      23.682459        -1.359305e-37     
   14.772578      23.934358        2.568214e-39      
   14.772578      24.160824        1.841816e-39      
   14.772578      24.361246        5.712322e-39      
   14.772578      24.535084        3.115107e-38      
   14.772578      24.681869        1.134318e-37      
   14.772578      24.801206        3.037895e-37      
   14.772578      24.892773        7.138860e-37      
   14.772578      24.956326        1.855350e-36      
   14.772578      24.991706        8.396163e-36      
   15.316998      0.001580         1.620865e-28      
   15.316998      0.008319         8.535577e-28      
   15.316998      0.020424         2.095775e-27      
   15.316998      0.037866         3.888044e-27      
   15.316998      0.060596         6.216670e-27      
   15.316998      0.088555         9.104233e-27      
   15.316998      0.121667         1.255904e-26      
   15.316998      0.159843         1.656756e-26      
   15.316998      0.202979         2.113471e-26      
   15.316998      0.250960         2.630563e-26      
   15.316998      0.303656         3.213004e-26      
   15.316998      0.360925         3.867099e-26      
   15.316998      0.422613         4.600874e-26      
   15.316998      0.488552         5.424881e-26      
   15.316998      0.558567         6.352442e-26      
   15.316998      0.632467         7.400351e-26      
   15.316998      0.710054         8.589256e-26      
   15.316998      0.791119         9.944358e-26      
   15.316998      0.875442         1.149584e-25      
   15.316998      0.962797         1.327957e-25      
   15.316998      1.052948         1.533806e-25      
   15.316998      1.145653         1.772163e-25      
   15.316998      1.240660         2.048928e-25      
   15.316998      1.337714         2.370956e-25      
   15.316998      1.436554         2.746194e-25      
   15.316998      1.536913         3.183824e-25      
   15.316998      1.638520         3.694377e-25      
   15.316998      1.741102         4.289806e-25      
   15.316998      1.844381         4.983591e-25      
   15.316998      1.948080         5.790841e-25      
   15.316998      2.051920         6.728270e-25      
   15.316998      2.155619         7.814113e-25      
   15.316998      2.258898         9.068027e-25      
   15.316998      2.361480         1.051088e-24      
   15.316998      2.463087         1.216432e-24      
   15.316998      2.563446         1.405028e-24      
   15.316998      2.662286         1.619033e-24      
   15.316998      2.759340         1.860489e-24      
   15.316998      2.854347         2.131216e-24      
   15.316998      2.947052         2.432701e-24      
   15.316998      3.037203         2.765976e-24      
   15.316998      3.124558         3.131493e-24      
   15.316998      3.208881         3.528980e-24      
   15.316998      3.289946         3.957322e-24      
   15.316998      3.367533         4.414451e-24      
   15.316998      3.441433         4.897271e-24      
   15.316998      3.511448         5.401600e-24      
   15.316998      3.577387         5.922157e-24      
   15.316998      3.639075         6.452602e-24      
   15.316998      3.696344         6.985628e-24      
   15.316998      3.749040         7.513106e-24      
   15.316998      3.797021         8.026274e-24      
   15.316998      3.840157         8.515973e-24      
   15.316998      3.878333         8.972917e-24      
   15.316998      3.911445         9.387991e-24      
   15.316998      3.939404         9.752562e-24      
   15.316998      3.962134         1.005878e-23      
   15.316998      3.979576         1.029987e-23      
   15.316998      3.991681         1.047040e-23      
   15.316998      3.998420         1.056648e-23      
   15.316998      4.008294         1.070875e-23      
   15.316998      4.043674         1.123351e-23      
   15.316998      4.107227         1.223729e-23      
   15.316998      4.198794         1.383202e-23      
   15.316998      4.318131         1.620166e-23      
   15.316998      4.464916         1.963094e-23      
   15.316998      4.638754         2.455067e-23      
   15.316998      4.839176         3.160996e-23      
   15.316998      5.065642         4.180447e-23      
   15.316998      5.317541         5.675440e-23      
   15.316998      5.594194         7.942989e-23      
   15.316998      5.894856         1.160373e-22      
   15.316998      6.218716         1.784823e-22      
   15.316998      6.564900         2.601799e-22      
   15.316998      6.932477         1.039608e-23      
   15.316998      7.320454         -3.880839e-21     
   15.316998      7.727785         -3.255667e-20     
   15.316998      8.153374         -1.636701e-19     
   15.316998      8.596072         -2.340073e-19     
   15.316998      9.054685         3.481319e-18      
   15.316998      9.527979         1.814897e-17      
   15.316998      10.014676        2.080827e-16      
   15.316998      10.513464        8.816728e-15      
   15.316998      11.023000        -4.159675e-14     
   15.316998      11.541909        -1.889832e-12     
   15.316998      12.068793        4.457558e-11      
   15.316998      12.602230        -7.143649e-10     
   15.316998      13.140784        1.425340e-07      
   15.316998      13.683002        1.374771e-05      
   15.316998      14.227422        1.420174e-03      
   15.316998      14.772578        2.732016e-02      
   15.316998      15.316998        7.564474e-02      
   15.316998      15.859216        2.381315e-02      
   15.316998      16.397770        7.234588e-04      
   15.316998      16.931207        1.803443e-06      
   15.316998      17.458091        8.561404e-09      
   15.316998      17.977000        -2.800183e-11     
   15.316998      18.486536        1.043074e-13      
   15.316998      18.985324        1.275398e-15      
   15.316998      19.472021        -1.649625e-17     
   15.316998      19.945315        -9.088914e-20     
   15.316998      20.403928        -7.431859e-22     
   15.316998      20.846626        -2.562724e-23     
   15.316998      21.272215        8.243207e-26      
   15.316998      21.679546        6.706243e-27      
   15.316998      22.067523        6.719090e-29      
   15.316998      22.435100        1.769556e-30      
   15.316998      22.781284        1.389148e-32      
   15.316998      23.105144        -3.438438e-33     
   15.316998      23.405806        -2.062171e-34     
   15.316998      23.682459        -8.060526e-36     
   15.316998      23.934358        -2.206387e-38     
   15.316998      24.160824        4.904055e-38      
   15.316998      24.361246        7.091252e-39      
   15.316998      24.535084        7.117305e-40      
   15.316998      24.681869        1.121712e-39      
   15.316998      24.801206        3.116998e-39      
   15.316998      24.892773        6.935266e-39      
   15.316998      24.956326        1.684895e-38      
   15.316998      24.991706        7.253796e-38      
   15.859216      0.001580         -4.163694e-30     
   15.859216      0.008319         -2.192597e-29     
   15.859216      0.020424         -5.383208e-29     
   15.859216      0.037866         -9.983051e-29     
   15.859216      0.060596         -1.598242e-28     
   15.859216      0.088555         -2.336998e-28     
   15.859216      0.121667         -3.214173e-28     
   15.859216      0.159843         -4.224875e-28     
   15.859216      0.202979         -5.371382e-28     
   15.859216      0.250960         -6.654340e-28     
   15.859216      0.303656         -8.074143e-28     
   15.859216      0.360925         -9.632211e-28     
   15.859216      0.422613         -1.133114e-27     
   15.859216      0.488552         -1.317469e-27     
   15.859216      0.558567         -1.516787e-27     
   15.859216      0.632467         -1.731699e-27     
   15.859216      0.710054         -1.962975e-27     
   15.859216      0.791119         -2.211508e-27     
   15.859216      0.875442         -2.478270e-27     
   15.859216      0.962797         -2.764261e-27     
   15.859216      1.052948         -3.070477e-27     
   15.859216      1.145653         -3.397845e-27     
   15.859216      1.240660         -3.747119e-27     
   15.859216      1.337714         -4.118713e-27     
   15.859216      1.436554         -4.512539e-27     
   15.859216      1.536913         -4.927845e-27     
   15.859216      1.638520         -5.362957e-27     
   15.859216      1.741102         -5.814927e-27     
   15.859216      1.844381         -6.279197e-27     
   15.859216      1.948080         -6.749255e-27     
   15.859216      2.051920         -7.216179e-27     
   15.859216      2.155619         -7.668097e-27     
   15.859216      2.258898         -8.089736e-27     
   15.859216      2.361480         -8.462051e-27     
   15.859216      2.463087         -8.761764e-27     
   15.859216      2.563446         -8.960999e-27     
   15.859216      2.662286         -9.027258e-27     
   15.859216      2.759340         -8.923663e-27     
   15.859216      2.854347         -8.609336e-27     
   15.859216      2.947052         -8.040168e-27     
   15.859216      3.037203         -7.170299e-27     
   15.859216      3.124558         -5.954109e-27     
   15.859216      3.208881         -4.348516e-27     
   15.859216      3.289946         -2.315705e-27     
   15.859216      3.367533         1.735101e-28      
   15.859216      3.441433         3.135989e-27      
   15.859216      3.511448         6.572696e-27      
   15.859216      3.577387         1.046555e-26      
   15.859216      3.639075         1.477485e-26      
   15.859216      3.696344         1.943742e-26      
   15.859216      3.749040         2.436606e-26      
   15.859216      3.797021         2.945052e-26      
   15.859216      3.840157         3.456032e-26      
   15.859216      3.878333         3.954927e-26      
   15.859216      3.911445         4.426168e-26      
   15.859216      3.939404         4.853981e-26      
   15.859216      3.962134         5.223215e-26      
   15.859216      3.979576         5.520198e-26      
   15.859216      3.991681         5.733563e-26      
   15.859216      3.998420         5.854984e-26      
   15.859216      4.008294         6.036354e-26      
   15.859216      4.043674         6.721501e-26      
   15.859216      4.107227         8.101662e-26      
   15.859216      4.198794         1.047674e-25      
   15.859216      4.318131         1.440324e-25      
   15.859216      4.464916         2.089037e-25      
   15.859216      4.638754         3.178682e-25      
   15.859216      4.839176         5.055465e-25      
   15.859216      5.065642         8.387486e-25      
   15.859216      5.317541         1.450931e-24      
   15.859216      5.594194         2.620638e-24      
   15.859216      5.894856         4.966352e-24      
   15.859216      6.218716         1.000693e-23      
   15.859216      6.564900         2.211338e-23      
   15.859216      6.932477         5.621970e-23      
   15.859216      7.320454         1.642546e-22      
   15.859216      7.727785         4.407458e-22      
   15.859216      8.153374         2.315278e-23      
   15.859216      8.596072         -1.089266e-20     
   15.859216      9.054685         -4.655848e-20     
   15.859216      9.527979         3.410289e-19      
   15.859216      10.014676        -6.433323e-19     
   15.859216      10.513464        -1.000465e-17     
   15.859216      11.023000        2.128465e-15      
   15.859216      11.541909        -4.444424e-15     
   15.859216      12.068793        -5.106257e-13     
   15.859216      12.602230        1.796385e-11      
   15.859216      13.140784        -5.539246e-10     
   15.859216      13.683002        6.509483e-08      
   15.859216      14.227422        6.715403e-06      
   15.859216      14.772578        1.003388e-03      
   15.859216      15.316998        2.381315e-02      
   15.859216      15.859216        7.064873e-02      
   15.859216      16.397770        2.092142e-02      
   15.859216      16.931207        5.352514e-04      
   15.859216      17.458091        1.029470e-06      
   15.859216      17.977000        4.801897e-09      
   15.859216      18.486536        -1.083419e-11     
   15.859216      18.985324        1.650352e-14      
   15.859216      19.472021        6.522745e-16      
   15.859216      19.945315        -1.181689e-17     
   15.859216      20.403928        -6.366248e-20     
   15.859216      20.846626        -1.163536e-21     
   15.859216      21.272215        -3.774158e-24     
   15.859216      21.679546        2.521181e-25      
   15.859216      22.067523        4.787031e-27      
   15.859216      22.435100        1.323690e-28      
   15.859216      22.781284        1.449416e-30      
   15.859216      23.105144        -1.600557e-31     
   15.859216      23.405806        -1.107832e-32     
   15.859216      23.682459        -5.214684e-34     
   15.859216      23.934358        -9.794730e-36     
   15.859216      24.160824        2.091556e-36      
   15.859216      24.361246        3.662979e-37      
   15.859216      24.535084        2.330364e-38      
   15.859216      24.681869        -5.474733e-39     
   15.859216      24.801206        -6.383821e-40     
   15.859216      24.892773        2.825615e-39      
   15.859216      24.956326        3.860385e-39      
   15.859216      24.991706        3.631135e-39      
   16.397770      0.001580         -3.496610e-32     
   16.397770      0.008319         -1.841343e-31     
   16.397770      0.020424         -4.521213e-31     
   16.397770      0.037866         -8.386476e-31     
   16.397770      0.060596         -1.341452e-30     
   16.397770      0.088555         -1.964094e-30     
   16.397770      0.121667         -2.707654e-30     
   16.397770      0.159843         -3.570932e-30     
   16.397770      0.202979         -4.554834e-30     
   16.397770      0.250960         -5.667652e-30     
   16.397770      0.303656         -6.919116e-30     
   16.397770      0.360925         -8.321776e-30     
   16.397770      0.422613         -9.891770e-30     
   16.397770      0.488552         -1.165038e-29     
   16.397770      0.558567         -1.362458e-29     
   16.397770      0.632467         -1.584844e-29     
   16.397770      0.710054         -1.836387e-29     
   16.397770      0.791119         -2.122214e-29     
   16.397770      0.875442         -2.448499e-29     
   16.397770      0.962797         -2.822615e-29     
   16.397770      1.052948         -3.253345e-29     
   16.397770      1.145653         -3.751120e-29     
   16.397770      1.240660         -4.328235e-29     
   16.397770      1.337714         -4.999088e-29     
   16.397770      1.436554         -5.780489e-29     
   16.397770      1.536913         -6.692001e-29     
   16.397770      1.638520         -7.756243e-29     
   16.397770      1.741102         -8.999162e-29     
   16.397770      1.844381         -1.045036e-28     
   16.397770      1.948080         -1.214336e-28     
   16.397770      2.051920         -1.411578e-28     
   16.397770      2.155619         -1.640930e-28     
   16.397770      2.258898         -1.906963e-28     
   16.397770      2.361480         -2.214621e-28     
   16.397770      2.463087         -2.569155e-28     
   16.397770      2.563446         -2.976028e-28     
   16.397770      2.662286         -3.440796e-28     
   16.397770      2.759340         -3.968932e-28     
   16.397770      2.854347         -4.565600e-28     
   16.397770      2.947052         -5.235402e-28     
   16.397770      3.037203         -5.982073e-28     
   16.397770      3.124558         -6.808150e-28     
   16.397770      3.208881         -7.714595e-28     
   16.397770      3.289946         -8.700435e-28     
   16.397770      3.367533         -9.762420e-28     
   16.397770      3.441433         -1.089471e-27     
   16.397770      3.511448         -1.208861e-27     
   16.397770      3.577387         -1.333244e-27     
   16.397770      3.639075         -1.461150e-27     
   16.397770      3.696344         -1.590819e-27     
   16.397770      3.749040         -1.720229e-27     
   16.397770      3.797021         -1.847139e-27     
   16.397770      3.840157         -1.969151e-27     
   16.397770      3.878333         -2.083779e-27     
   16.397770      3.911445         -2.188541e-27     
   16.397770      3.939404         -2.281048e-27     
   16.397770      3.962134         -2.359097e-27     
   16.397770      3.979576         -2.420769e-27     
   16.397770      3.991681         -2.464506e-27     
   16.397770      3.998420         -2.489192e-27     
   16.397770      4.008294         -2.525800e-27     
   16.397770      4.043674         -2.661399e-27     
   16.397770      4.107227         -2.923217e-27     
   16.397770      4.198794         -3.345513e-27     
   16.397770      4.318131         -3.986552e-27     
   16.397770      4.464916         -4.940625e-27     
   16.397770      4.638754         -6.357700e-27     
   16.397770      4.839176         -8.473731e-27     
   16.397770      5.065642         -1.165320e-26     
   16.397770      5.317541         -1.643450e-26     
   16.397770      5.594194         -2.353559e-26     
   16.397770      5.894856         -3.371529e-26     
   16.397770      6.218716         -4.746743e-26     
   16.397770      6.564900         -6.518186e-26     
   16.397770      6.932477         -7.972950e-26     
   16.397770      7.320454         1.299613e-25      
   16.397770      7.727785         3.337627e-24      
   16.397770      8.153374         2.886807e-23      
   16.397770      8.596072         1.038667e-22      
   16.397770      9.054685         -6.055220e-22     
   16.397770      9.527979         -5.511793e-21     
   16.397770      10.014676        6.415708e-20      
   16.397770      10.513464        -3.117783e-19     
   16.397770      11.023000        -7.876828e-18     
   16.397770      11.541909        4.726306e-16      
   16.397770      12.068793        -4.181380e-16     
   16.397770      12.602230        -1.261913e-13     
   16.397770      13.140784        7.125236e-12      
   16.397770      13.683002        -3.041297e-10     
   16.397770      14.227422        3.149462e-08      
   16.397770      14.772578        3.392788e-06      
   16.397770      15.316998        7.234588e-04      
   16.397770      15.859216        2.092142e-02      
   16.397770      16.397770        6.614072e-02      
   16.397770      16.931207        1.855456e-02      
   16.397770      17.458091        4.085450e-04      
   16.397770      17.977000        6.449783e-07      
   16.397770      18.486536        2.824382e-09      
   16.397770      18.985324        -3.053628e-12     
   16.397770      19.472021        -1.971582e-14     
   16.397770      19.945315        2.255739e-16      
   16.397770      20.403928        -7.433132e-18     
   16.397770      20.846626        -1.004951e-19     
   16.397770      21.272215        -3.576132e-22     
   16.397770      21.679546        7.740113e-24      
   16.397770      22.067523        2.745115e-25      
   16.397770      22.435100        9.929328e-27      
   16.397770      22.781284        1.486970e-28      
   16.397770      23.105144        -7.461356e-30     
   16.397770      23.405806        -6.458631e-31     
   16.397770      23.682459        -3.626615e-32     
   16.397770      23.934358        -1.151864e-33     
   16.397770      24.160824        8.369806e-35      
   16.397770      24.361246        2.017722e-35      
   16.397770      24.535084        1.564312e-36      
   16.397770      24.681869        -2.495090e-37     
   16.397770      24.801206        -4.595214e-39     
   16.397770      24.892773        1.964790e-37      
   16.397770      24.956326        2.613533e-37      
   16.397770      24.991706        2.719456e-37      
   16.931207      0.001580         5.736088e-34      
   16.931207      0.008319         3.020624e-33      
   16.931207      0.020424         7.416222e-33      
   16.931207      0.037866         1.375364e-32      
   16.931207      0.060596         2.201476e-32      
   16.931207      0.088555         3.219592e-32      
   16.931207      0.121667         4.429371e-32      
   16.931207      0.159843         5.824468e-32      
   16.931207      0.202979         7.407351e-32      
   16.931207      0.250960         9.180411e-32      
   16.931207      0.303656         1.114586e-31      
   16.931207      0.360925         1.330755e-31      
   16.931207      0.422613         1.567130e-31      
   16.931207      0.488552         1.824523e-31      
   16.931207      0.558567         2.103990e-31      
   16.931207      0.632467         2.406864e-31      
   16.931207      0.710054         2.734781e-31      
   16.931207      0.791119         3.089677e-31      
   16.931207      0.875442         3.473752e-31      
   16.931207      0.962797         3.889433e-31      
   16.931207      1.052948         4.339356e-31      
   16.931207      1.145653         4.826339e-31      
   16.931207      1.240660         5.353267e-31      
   16.931207      1.337714         5.922920e-31      
   16.931207      1.436554         6.537816e-31      
   16.931207      1.536913         7.200053e-31      
   16.931207      1.638520         7.911021e-31      
   16.931207      1.741102         8.670989e-31      
   16.931207      1.844381         9.478705e-31      
   16.931207      1.948080         1.033100e-30      
   16.931207      2.051920         1.122218e-30      
   16.931207      2.155619         1.214333e-30      
   16.931207      2.258898         1.308167e-30      
   16.931207      2.361480         1.401999e-30      
   16.931207      2.463087         1.493591e-30      
   16.931207      2.563446         1.580119e-30      
   16.931207      2.662286         1.658146e-30      
   16.931207      2.759340         1.723618e-30      
   16.931207      2.854347         1.771871e-30      
   16.931207      2.947052         1.797691e-30      
   16.931207      3.037203         1.795452e-30      
   16.931207      3.124558         1.759327e-30      
   16.931207      3.208881         1.683531e-30      
   16.931207      3.289946         1.562639e-30      
   16.931207      3.367533         1.391986e-30      
   16.931207      3.441433         1.168128e-30      
   16.931207      3.511448         8.893009e-31      
   16.931207      3.577387         5.558463e-31      
   16.931207      3.639075         1.705909e-31      
   16.931207      3.696344         -2.608590e-31     
   16.931207      3.749040         -7.299650e-31     
   16.931207      3.797021         -1.225300e-30     
   16.931207      3.840157         -1.732817e-30     
   16.931207      3.878333         -2.236348e-30     
   16.931207      3.911445         -2.718315e-30     
   16.931207      3.939404         -3.160621e-30     
   16.931207      3.962134         -3.545672e-30     
   16.931207      3.979576         -3.857439e-30     
   16.931207      3.991681         -4.082494e-30     
   16.931207      3.998420         -4.210953e-30     
   16.931207      4.008294         -4.403337e-30     
   16.931207      4.043674         -5.135231e-30     
   16.931207      4.107227         -6.631486e-30     
   16.931207      4.198794         -9.262530e-30     
   16.931207      4.318131         -1.373050e-29     
   16.931207      4.464916         -2.134222e-29     
   16.931207      4.638754         -3.456215e-29     
   16.931207      4.839176         -5.814941e-29     
   16.931207      5.065642         -1.015567e-28     
   16.931207      5.317541         -1.840392e-28     
   16.931207      5.594194         -3.454883e-28     
   16.931207      5.894856         -6.683419e-28     
   16.931207      6.218716         -1.318000e-27     
   16.931207      6.564900         -2.622314e-27     
   16.931207      6.932477         -5.444584e-27     
   16.931207      7.320454         -1.410708e-26     
   16.931207      7.727785         -5.029152e-26     
   16.931207      8.153374         -1.060907e-25     
   16.931207      8.596072         1.246888e-24      
   16.931207      9.054685         1.340561e-23      
   16.931207      9.527979         -2.773352e-23     
   16.931207      10.014676        -6.672086e-22     
   16.931207      10.513464        1.196568e-20      
   16.931207      11.023000        -6.279431e-20     
   16.931207      11.541909        -2.227240e-18     
   16.931207      12.068793        1.040588e-16      
   16.931207      12.602230        -1.836467e-16     
   16.931207      13.140784        -2.622250e-14     
   16.931207      13.683002        2.722237e-12      
   16.931207      14.227422        -1.473372e-10     
   16.931207      14.772578        1.602609e-08      
   16.931207      15.316998        1.803443e-06      
   16.931207      15.859216        5.352514e-04      
   16.931207      16.397770        1.855456e-02      
   16.931207      16.931207        6.207292e-02      
   16.931207      17.458091        1.663409e-02      
   16.931207      17.977000        3.233922e-04      
   16.931207      18.486536        4.514277e-07      
   16.931207      18.985324        1.749083e-09      
   16.931207      19.472021        2.227508e-13      
   16.931207      19.945315        -3.686109e-14     
   16.931207      20.403928        1.236564e-17      
   16.931207      20.846626        -7.705116e-18     
   16.931207      21.272215        -7.635701e-20     
   16.931207      21.679546        1.130648e-22      
   16.931207      22.067523        1.647516e-23      
   16.931207      22.435100        6.978917e-25      
   16.931207      22.781284        1.409337e-26      
   16.931207      23.105144        -2.942434e-28     
   16.931207      23.405806        -3.925255e-29     
   16.931207      23.682459        -2.667107e-30     
   16.931207      23.934358        -1.152205e-31     
   16.931207      24.160824        2.114663e-33      
   16.931207      24.361246        1.118514e-33      
   16.931207      24.535084        1.027479e-34      
   16.931207      24.681869        -1.249520e-35     
   16.931207      24.801206        1.830504e-36      
   16.931207      24.892773        1.470137e-35      
   16.931207      24.956326        1.890099e-35      
   16.931207      24.991706        1.955038e-35      
   17.458091      0.001580         4.792930e-36      
   17.458091      0.008319         2.524003e-35      
   17.458091      0.020424         6.197500e-35      
   17.458091      0.037866         1.149445e-34      
   17.458091      0.060596         1.839431e-34      
   17.458091      0.088555         2.692566e-34      
   17.458091      0.121667         3.709500e-34      
   17.458091      0.159843         4.890548e-34      
   17.458091      0.202979         6.237401e-34      
   17.458091      0.250960         7.759416e-34      
   17.458091      0.303656         9.468513e-34      
   17.458091      0.360925         1.138049e-33      
   17.458091      0.422613         1.351600e-33      
   17.458091      0.488552         1.590231e-33      
   17.458091      0.558567         1.857423e-33      
   17.458091      0.632467         2.157565e-33      
   17.458091      0.710054         2.496080e-33      
   17.458091      0.791119         2.879612e-33      
   17.458091      0.875442         3.316206e-33      
   17.458091      0.962797         3.815538e-33      
   17.458091      1.052948         4.389193e-33      
   17.458091      1.145653         5.050992e-33      
   17.458091      1.240660         5.817335e-33      
   17.458091      1.337714         6.707599e-33      
   17.458091      1.436554         7.744605e-33      
   17.458091      1.536913         8.955143e-33      
   17.458091      1.638520         1.037050e-32      
   17.458091      1.741102         1.202701e-32      
   17.458091      1.844381         1.396669e-32      
   17.458091      1.948080         1.623777e-32      
   17.458091      2.051920         1.889520e-32      
   17.458091      2.155619         2.200102e-32      
   17.458091      2.258898         2.562463e-32      
   17.458091      2.361480         2.984270e-32      
   17.458091      2.463087         3.473878e-32      
   17.458091      2.563446         4.040243e-32      
   17.458091      2.662286         4.692784e-32      
   17.458091      2.759340         5.441167e-32      
   17.458091      2.854347         6.295015e-32      
   17.458091      2.947052         7.263532e-32      
   17.458091      3.037203         8.355041e-32      
   17.458091      3.124558         9.576423e-32      
   17.458091      3.208881         1.093247e-31      
   17.458091      3.289946         1.242522e-31      
   17.458091      3.367533         1.405319e-31      
   17.458091      3.441433         1.581070e-31      
   17.458091      3.511448         1.768718e-31      
   17.458091      3.577387         1.966663e-31      
   17.458091      3.639075         2.172729e-31      
   17.458091      3.696344         2.384154e-31      
   17.458091      3.749040         2.597611e-31      
   17.458091      3.797021         2.809262e-31      
   17.458091      3.840157         3.014854e-31      
   17.458091      3.878333         3.209852e-31      
   17.458091      3.911445         3.389602e-31      
   17.458091      3.939404         3.549525e-31      
   17.458091      3.962134         3.685321e-31      
   17.458091      3.979576         3.793175e-31      
   17.458091      3.991681         3.869959e-31      
   17.458091      3.998420         3.913405e-31      
   17.458091      4.008294         3.977975e-31      
   17.458091      4.043674         4.218611e-31      
   17.458091      4.107227         4.689664e-31      
   17.458091      4.198794         5.466835e-31      
   17.458091      4.318131         6.686176e-31      
   17.458091      4.464916         8.585923e-31      
   17.458091      4.638754         1.158792e-30      
   17.458091      4.839176         1.645964e-30      
   17.458091      5.065642         2.464836e-30      
   17.458091      5.317541         3.899636e-30      
   17.458091      5.594194         6.535303e-30      
   17.458091      5.894856         1.165307e-29      
   17.458091      6.218716         2.237673e-29      
   17.458091      6.564900         4.791833e-29      
   17.458091      6.932477         1.225382e-28      
   17.458091      7.320454         3.882612e-28      
   17.458091      7.727785         1.343731e-27      
   17.458091      8.153374         3.818805e-27      
   17.458091      8.596072         9.537173e-27      
   17.458091      9.054685         1.486525e-25      
   17.458091      9.527979         2.112546e-24      
   17.458091      10.014676        4.474444e-24      
   17.458091      10.513464        -3.403717e-23     
   17.458091      11.023000        2.578553e-21      
   17.458091      11.541909        -3.624662e-21     
   17.458091      12.068793        -4.297480e-19     
   17.458091      12.602230        2.608923e-17      
   17.458091      13.140784        -1.078404e-16     
   17.458091      13.683002        -1.846385e-15     
   17.458091      14.227422        1.014132e-12      
   17.458091      14.772578        -6.628872e-11     
   17.458091      15.316998        8.561404e-09      
   17.458091      15.859216        1.029470e-06      
   17.458091      16.397770        4.085450e-04      
   17.458091      16.931207        1.663409e-02      
   17.458091      17.458091        5.840199e-02      
   17.458091      17.977000        1.509390e-02      
   17.458091      18.486536        2.667703e-04      
   17.458091      18.985324        3.566333e-07      
   17.458091      19.472021        1.129810e-09      
   17.458091      19.945315        1.448903e-12      
   17.458091      20.403928        -4.500295e-14     
   17.458091      20.846626        -2.824995e-16     
   17.458091      21.272215        -6.570461e-18     
   17.458091      21.679546        -6.116954e-20     
   17.458091      22.067523        7.079057e-22      
   17.458091      22.435100        5.196008e-23      
   17.458091      22.781284        1.279837e-24      
   17.458091      23.105144        -5.020231e-27     
   17.458091      23.405806        -2.380398e-27     
   17.458091      23.682459        -2.015192e-28     
   17.458091      23.934358        -1.096240e-29     
   17.458091      24.160824        -1.362877e-31     
   17.458091      24.361246        5.667382e-32      
   17.458091      24.535084        6.184850e-33      
   17.458091      24.681869        -7.582303e-34     
   17.458091      24.801206        2.639590e-34      
   17.458091      24.892773        1.174032e-33      
   17.458091      24.956326        1.471925e-33      
   17.458091      24.991706        1.515669e-33      
   17.977000      0.001580         -8.208030e-38     
   17.977000      0.008319         -4.322379e-37     
   17.977000      0.020424         -1.061267e-36     
   17.977000      0.037866         -1.968138e-36     
   17.977000      0.060596         -3.150543e-36     
   17.977000      0.088555         -4.608625e-36     
   17.977000      0.121667         -6.341936e-36     
   17.977000      0.159843         -8.345739e-36     
   17.977000      0.202979         -1.062370e-35     
   17.977000      0.250960         -1.318232e-35     
   17.977000      0.303656         -1.602977e-35     
   17.977000      0.360925         -1.917805e-35     
   17.977000      0.422613         -2.264377e-35     
   17.977000      0.488552         -2.644937e-35     
   17.977000      0.558567         -3.062383e-35     
   17.977000      0.632467         -3.520376e-35     
   17.977000      0.710054         -4.023440e-35     
   17.977000      0.791119         -4.577073e-35     
   17.977000      0.875442         -5.187835e-35     
   17.977000      0.962797         -5.863464e-35     
   17.977000      1.052948         -6.613027e-35     
   17.977000      1.145653         -7.447104e-35     
   17.977000      1.240660         -8.377919e-35     
   17.977000      1.337714         -9.419475e-35     
   17.977000      1.436554         -1.058774e-34     
   17.977000      1.536913         -1.190087e-34     
   17.977000      1.638520         -1.337937e-34     
   17.977000      1.741102         -1.504620e-34     
   17.977000      1.844381         -1.692695e-34     
   17.977000      1.948080         -1.904996e-34     
   17.977000      2.051920         -2.144639e-34     
   17.977000      2.155619         -2.415008e-34     
   17.977000      2.258898         -2.719749e-34     
   17.977000      2.361480         -3.062751e-34     
   17.977000      2.463087         -3.448098e-34     
   17.977000      2.563446         -3.880003e-34     
   17.977000      2.662286         -4.362731e-34     
   17.977000      2.759340         -4.900503e-34     
   17.977000      2.854347         -5.497340e-34     
   17.977000      2.947052         -6.156889e-34     
   17.977000      3.037203         -6.882230e-34     
   17.977000      3.124558         -7.675641e-34     
   17.977000      3.208881         -8.538314e-34     
   17.977000      3.289946         -9.470035e-34     
   17.977000      3.367533         -1.046887e-33     
   17.977000      3.441433         -1.153085e-33     
   17.977000      3.511448         -1.264964e-33     
   17.977000      3.577387         -1.381625e-33     
   17.977000      3.639075         -1.501883e-33     
   17.977000      3.696344         -1.624257e-33     
   17.977000      3.749040         -1.746975e-33     
   17.977000      3.797021         -1.867997e-33     
   17.977000      3.840157         -1.985057e-33     
   17.977000      3.878333         -2.095726e-33     
   17.977000      3.911445         -2.197498e-33     
   17.977000      3.939404         -2.287889e-33     
   17.977000      3.962134         -2.364552e-33     
   17.977000      3.979576         -2.425393e-33     
   17.977000      3.991681         -2.468686e-33     
   17.977000      3.998420         -2.493176e-33     
   17.977000      4.008294         -2.529565e-33     
   17.977000      4.043674         -2.665120e-33     
   17.977000      4.107227         -2.930399e-33     
   17.977000      4.198794         -3.368706e-33     
   17.977000      4.318131         -4.060427e-33     
   17.977000      4.464916         -5.153362e-33     
   17.977000      4.638754         -6.927867e-33     
   17.977000      4.839176         -9.943786e-33     
   17.977000      5.065642         -1.539206e-32     
   17.977000      5.317541         -2.600145e-32     
   17.977000      5.594194         -4.858691e-32     
   17.977000      5.894856         -1.019737e-31     
   17.977000      6.218716         -2.443266e-31     
   17.977000      6.564900         -6.752858e-31     
   17.977000      6.932477         -2.126873e-30     
   17.977000      7.320454         -7.274741e-30     
   17.977000      7.727785         -2.534604e-29     
   17.977000      8.153374         -9.264614e-29     
   17.977000      8.596072         -4.867156e-28     
   17.977000      9.054685         -3.732965e-27     
   17.977000      9.527979         -1.905884e-26     
   17.977000      10.014676        1.452072e-26      
   17.977000      10.513464        -9.755097e-25     
   17.977000      11.023000        -1.788848e-23     
   17.977000      11.541909        2.700720e-22      
   17.977000      12.068793        -1.980246e-21     
   17.977000      12.602230        -1.203848e-19     
   17.977000      13.140784        6.567962e-18      
   17.977000      13.683002        -7.526466e-17     
   17.977000      14.227422        2.213864e-15      
   17.977000      14.772578        3.573687e-13      
   17.977000      15.316998        -2.800183e-11     
   17.977000      15.859216        4.801897e-09      
   17.977000      16.397770        6.449783e-07      
   17.977000      16.931207        3.233922e-04      
   17.977000      17.458091        1.509390e-02      
   17.977000      17.977000        5.508748e-02      
   17.977000      18.486536        1.387843e-02      
   17.977000      18.985324        2.303494e-04      
   17.977000      19.472021        3.174910e-07      
   17.977000      19.945315        7.431785e-10      
   17.977000      20.403928        1.858098e-12      
   17.977000      20.846626        -6.021678e-14     
   17.977000      21.272215        -4.996219e-16     
   17.977000      21.679546        -6.556734e-18     
   17.977000      22.067523        -2.667987e-20     
   17.977000      22.435100        3.176058e-21      
   17.977000      22.781284        1.163734e-22      
   17.977000      23.105144        9.980311e-25      
   17.977000      23.405806        -1.353279e-25     
   17.977000      23.682459        -1.532555e-26     
   17.977000      23.934358        -1.013575e-27     
   17.977000      24.160824        -3.438243e-29     
   17.977000      24.361246        1.916549e-30      
   17.977000      24.535084        2.767554e-31      
   17.977000      24.681869        -6.448611e-32     
   17.977000      24.801206        2.685496e-32      
   17.977000      24.892773        9.767501e-32      
   17.977000      24.956326        1.207107e-31      
   17.977000      24.991706        1.240073e-31      
   18.486536      0.001580         -6.592771e-40     
   18.486536      0.008319         -3.471702e-39     
   18.486536      0.020424         -8.523730e-39     
   18.486536      0.037866         -1.580293e-38     
   18.486536      0.060596         -2.526265e-38     
   18.486536      0.088555         -3.689987e-38     
   18.486536      0.121667         -5.048462e-38     
   18.486536      0.159843         -6.651232e-38     
   18.486536      0.202979         -8.451573e-38     
   18.486536      0.250960         -1.048421e-37     
   18.486536      0.303656         -1.286195e-37     
   18.486536      0.360925         -1.557878e-37     
   18.486536      0.422613         -1.841397e-37     
   18.486536      0.488552         -2.141645e-37     
   18.486536      0.558567         -2.476787e-37     
   18.486536      0.632467         -2.868461e-37     
   18.486536      0.710054         -3.327059e-37     
   18.486536      0.791119         -3.847574e-37     
   18.486536      0.875442         -4.427014e-37     
   18.486536      0.962797         -5.078153e-37     
   18.486536      1.052948         -5.820729e-37     
   18.486536      1.145653         -6.674331e-37     
   18.486536      1.240660         -7.659459e-37     
   18.486536      1.337714         -8.800630e-37     
   18.486536      1.436554         -1.012729e-36     
   18.486536      1.536913         -1.167440e-36     
   18.486536      1.638520         -1.348322e-36     
   18.486536      1.741102         -1.560238e-36     
   18.486536      1.844381         -1.808891e-36     
   18.486536      1.948080         -2.100941e-36     
   18.486536      2.051920         -2.444117e-36     
   18.486536      2.155619         -2.847331e-36     
   18.486536      2.258898         -3.320776e-36     
   18.486536      2.361480         -3.876003e-36     
   18.486536      2.463087         -4.525958e-36     
   18.486536      2.563446         -5.284962e-36     
   18.486536      2.662286         -6.168616e-36     
   18.486536      2.759340         -7.193601e-36     
   18.486536      2.854347         -8.377340e-36     
   18.486536      2.947052         -9.737523e-36     
   18.486536      3.037203         -1.129143e-35     
   18.486536      3.124558         -1.305507e-35     
   18.486536      3.208881         -1.504208e-35     
   18.486536      3.289946         -1.726248e-35     
   18.486536      3.367533         -1.972124e-35     
   18.486536      3.441433         -2.241670e-35     
   18.486536      3.511448         -2.533900e-35     
   18.486536      3.577387         -2.846865e-35     
   18.486536      3.639075         -3.177527e-35     
   18.486536      3.696344         -3.521683e-35     
   18.486536      3.749040         -3.873937e-35     
   18.486536      3.797021         -4.227758e-35     
   18.486536      3.840157         -4.575611e-35     
   18.486536      3.878333         -4.909189e-35     
   18.486536      3.911445         -5.219729e-35     
   18.486536      3.939404         -5.498401e-35     
   18.486536      3.962134         -5.736751e-35     
   18.486536      3.979576         -5.927162e-35     
   18.486536      3.991681         -6.063306e-35     
   18.486536      3.998420         -6.140553e-35     
   18.486536      4.008294         -6.255642e-35     
   18.486536      4.043674         -6.687481e-35     
   18.486536      4.107227         -7.545772e-35     
   18.486536      4.198794         -8.997156e-35     
   18.486536      4.318131         -1.135567e-34     
   18.486536      4.464916         -1.520703e-34     
   18.486536      4.638754         -2.167354e-34     
   18.486536      4.839176         -3.300233e-34     
   18.486536      5.065642         -5.394243e-34     
   18.486536      5.317541         -9.516234e-34     
   18.486536      5.594194         -1.822970e-33     
   18.486536      5.894856         -3.816856e-33     
   18.486536      6.218716         -8.801266e-33     
   18.486536      6.564900         -2.259650e-32     
   18.486536      6.932477         -6.570114e-32     
   18.486536      7.320454         -2.204151e-31     
   18.486536      7.727785         -8.526187e-31     
   18.486536      8.153374         -3.664508e-30     
   18.486536      8.596072         -1.707075e-29     
   18.486536      9.054685         -9.664385e-29     
   18.486536      9.527979         -7.543858e-28     
   18.486536      10.014676        -5.800323e-27     
   18.486536      10.513464        -3.580423e-26     
   18.486536      11.023000        -5.296317e-25     
   18.486536      11.541909        -7.464209e-24     
   18.486536      12.068793        -3.113713e-23     
   18.486536      12.602230        -1.592060e-21     
   18.486536      13.140784        -5.207819e-20     
   18.486536      13.683002        1.389141e-18      
   18.486536      14.227422        -5.252853e-17     
   18.486536      14.772578        1.827791e-15      
   18.486536      15.316998        1.043074e-13      
   18.486536      15.859216        -1.083419e-11     
   18.486536      16.397770        2.824382e-09      
   18.486536      16.931207        4.514277e-07      
   18.486536      17.458091        2.667703e-04      
   18.486536      17.977000        1.387843e-02      
   18.486536      18.486536        5.209424e-02      
   18.486536      18.985324        1.294234e-02      
   18.486536      19.472021        2.090036e-04      
   18.486536      19.945315        3.152515e-07      
   18.486536      20.403928        4.775097e-10      
   18.486536      20.846626        1.402680e-12      
   18.486536      21.272215        -7.847912e-14     
   18.486536      21.679546        -8.302214e-16     
   18.486536      22.067523        -5.995398e-18     
   18.486536      22.435100        1.424474e-19      
   18.486536      22.781284        8.828622e-21      
   18.486536      23.105144        1.833631e-22      
   18.486536      23.405806        -5.859535e-24     
   18.486536      23.682459        -1.126489e-24     
   18.486536      23.934358        -9.095399e-26     
   18.486536      24.160824        -4.679399e-27     
   18.486536      24.361246        -8.228354e-29     
   18.486536      24.535084        -2.605161e-30     
   18.486536      24.681869        -7.430502e-30     
   18.486536      24.801206        2.235661e-30      
   18.486536      24.892773        8.249799e-30      
   18.486536      24.956326        1.017936e-29      
   18.486536      24.991706        1.046267e-29      
   18.985324      0.001580         -8.715503e-40     
   18.985324      0.008319         -4.574423e-39     
   18.985324      0.020424         -1.112952e-38     
   18.985324      0.037866         -2.001303e-38     
   18.985324      0.060596         -2.695632e-38     
   18.985324      0.088555         -3.013607e-38     
   18.985324      0.121667         1.443602e-39      
   18.985324      0.159843         2.951908e-39      
   18.985324      0.202979         4.219746e-38      
   18.985324      0.250960         8.553068e-38      
   18.985324      0.303656         -3.988265e-40     
   18.985324      0.360925         -1.827022e-37     
   18.985324      0.422613         -1.316614e-37     
   18.985324      0.488552         1.313165e-37      
   18.985324      0.558567         4.191564e-37      
   18.985324      0.632467         5.131168e-37      
   18.985324      0.710054         3.625996e-37      
   18.985324      0.791119         1.442612e-37      
   18.985324      0.875442         3.154869e-38      
   18.985324      0.962797         1.429870e-38      
   18.985324      1.052948         2.171003e-38      
   18.985324      1.145653         2.387864e-38      
   18.985324      1.240660         2.424537e-38      
   18.985324      1.337714         2.596690e-38      
   18.985324      1.436554         2.891854e-38      
   18.985324      1.536913         3.259355e-38      
   18.985324      1.638520         3.697050e-38      
   18.985324      1.741102         4.212913e-38      
   18.985324      1.844381         4.817399e-38      
   18.985324      1.948080         5.523614e-38      
   18.985324      2.051920         6.347303e-38      
   18.985324      2.155619         7.306998e-38      
   18.985324      2.258898         8.424172e-38      
   18.985324      2.361480         9.723385e-38      
   18.985324      2.463087         1.123235e-37      
   18.985324      2.563446         1.298191e-37      
   18.985324      2.662286         1.500587e-37      
   18.985324      2.759340         1.734058e-37      
   18.985324      2.854347         2.002432e-37      
   18.985324      2.947052         2.309624e-37      
   18.985324      3.037203         2.659497e-37      
   18.985324      3.124558         3.055677e-37      
   18.985324      3.208881         3.501316e-37      
   18.985324      3.289946         3.998807e-37      
   18.985324      3.367533         4.549458e-37      
   18.985324      3.441433         5.153136e-37      
   18.985324      3.511448         5.807903e-37      
   18.985324      3.577387         6.509658e-37      
   18.985324      3.639075         7.251842e-37      
   18.985324      3.696344         8.025227e-37      
   18.985324      3.749040         8.817839e-37      
   18.985324      3.797021         9.615052e-37      
   18.985324      3.840157         1.039988e-36      
   18.985324      3.878333         1.115349e-36      
   18.985324      3.911445         1.185591e-36      
   18.985324      3.939404         1.248694e-36      
   18.985324      3.962134         1.302717e-36      
   18.985324      3.979576         1.345909e-36      
   18.985324      3.991681         1.376808e-36      
   18.985324      3.998420         1.394347e-36      
   18.985324      4.008294         1.420487e-36      
   18.985324      4.043674         1.518660e-36      
   18.985324      4.107227         1.714199e-36      
   18.985324      4.198794         2.046030e-36      
   18.985324      4.318131         2.588036e-36      
   18.985324      4.464916         3.479229e-36      
   18.985324      4.638754         4.988564e-36      
   18.985324      4.839176         7.659967e-36      
   18.985324      5.065642         1.265405e-35      
   18.985324      5.317541         2.260174e-35      
   18.985324      5.594194         4.387884e-35      
   18.985324      5.894856         9.311647e-35      
   18.985324      6.218716         2.173721e-34      
   18.985324      6.564900         5.622433e-34      
   18.985324      6.932477         1.622957e-33      
   18.985324      7.320454         5.246999e-33      
   18.985324      7.727785         1.892182e-32      
   18.985324      8.153374         7.572364e-32      
   18.985324      8.596072         3.437208e-31      
   18.985324      9.054685         1.861857e-30      
   18.985324      9.527979         1.150466e-29      
   18.985324      10.014676        6.800427e-29      
   18.985324      10.513464        4.954765e-28      
   18.985324      11.023000        5.806402e-27      
   18.985324      11.541909        3.367530e-26      
   18.985324      12.068793        1.377545e-25      
   18.985324      12.602230        1.051194e-23      
   18.985324      13.140784        -1.250448e-22     
   18.985324      13.683002        -9.721054e-21     
   18.985324      14.227422        4.558008e-19      
   18.985324      14.772578        -2.537136e-17     
   18.985324      15.316998        1.275398e-15      
   18.985324      15.859216        1.650352e-14      
   18.985324      16.397770        -3.053628e-12     
   18.985324      16.931207        1.749083e-09      
   18.985324      17.458091        3.566333e-07      
   18.985324      17.977000        2.303494e-04      
   18.985324      18.486536        1.294234e-02      
   18.985324      18.985324        4.939031e-02      
   18.985324      19.472021        1.225019e-02      
   18.985324      19.945315        1.998630e-04      
   18.985324      20.403928        3.455298e-07      
   18.985324      20.846626        2.367740e-10      
   18.985324      21.272215        3.655379e-13      
   18.985324      21.679546        -1.119084e-13     
   18.985324      22.067523        -1.289754e-15     
   18.985324      22.435100        1.528962e-18      
   18.985324      22.781284        6.211105e-19      
   18.985324      23.105144        1.962601e-20      
   18.985324      23.405806        -5.546872e-23     
   18.985324      23.682459        -7.638143e-23     
   18.985324      23.934358        -7.710916e-24     
   18.985324      24.160824        -5.251053e-25     
   18.985324      24.361246        -2.820844e-26     
   18.985324      24.535084        -2.954258e-27     
   18.985324      24.681869        -9.627158e-28     
   18.985324      24.801206        1.404670e-28      
   18.985324      24.892773        6.879484e-28      
   18.985324      24.956326        8.608190e-28      
   18.985324      24.991706        8.884454e-28      
   19.472021      0.001580         -1.165929e-37     
   19.472021      0.008319         -6.119988e-37     
   19.472021      0.020424         -1.489305e-36     
   19.472021      0.037866         -2.680044e-36     
   19.472021      0.060596         -3.626807e-36     
   19.472021      0.088555         -4.091273e-36     
   19.472021      0.121667         -2.696227e-38     
   19.472021      0.159843         1.040136e-37      
   19.472021      0.202979         5.153280e-36      
   19.472021      0.250960         1.072723e-35      
   19.472021      0.303656         -5.739792e-37     
   19.472021      0.360925         -2.446747e-35     
   19.472021      0.422613         -1.791878e-35     
   19.472021      0.488552         1.628123e-35      
   19.472021      0.558567         5.371614e-35      
   19.472021      0.632467         6.583147e-35      
   19.472021      0.710054         4.601606e-35      
   19.472021      0.791119         1.732444e-35      
   19.472021      0.875442         2.397201e-36      
   19.472021      0.962797         -9.319319e-38     
   19.472021      1.052948         6.064296e-37      
   19.472021      1.145653         5.864062e-37      
   19.472021      1.240660         2.896335e-37      
   19.472021      1.337714         1.210402e-37      
   19.472021      1.436554         5.580916e-38      
   19.472021      1.536913         1.767241e-38      
   19.472021      1.638520         -8.038475e-39     
   19.472021      1.741102         -2.482197e-38     
   19.472021      1.844381         -3.526701e-38     
   19.472021      1.948080         -4.116218e-38     
   19.472021      2.051920         -4.382128e-38     
   19.472021      2.155619         -4.421874e-38     
   19.472021      2.258898         -4.307815e-38     
   19.472021      2.361480         -4.093660e-38     
   19.472021      2.463087         -3.819076e-38     
   19.472021      2.563446         -3.513140e-38     
   19.472021      2.662286         -3.196879e-38     
   19.472021      2.759340         -2.885128e-38     
   19.472021      2.854347         -2.587991e-38     
   19.472021      2.947052         -2.312004e-38     
   19.472021      3.037203         -2.061038e-38     
   19.472021      3.124558         -1.836984e-38     
   19.472021      3.208881         -1.640288e-38     
   19.472021      3.289946         -1.470383e-38     
   19.472021      3.367533         -1.326013e-38     
   19.472021      3.441433         -1.205471e-38     
   19.472021      3.511448         -1.106763e-38     
   19.472021      3.577387         -1.027742e-38     
   19.472021      3.639075         -9.661884e-39     
   19.472021      3.696344         -9.198739e-39     
   19.472021      3.749040         -8.865955e-39     
   19.472021      3.797021         -8.642045e-39     
   19.472021      3.840157         -8.506282e-39     
   19.472021      3.878333         -8.438929e-39     
   19.472021      3.911445         -8.421493e-39     
   19.472021      3.939404         -8.437029e-39     
   19.472021      3.962134         -8.470473e-39     
   19.472021      3.979576         -8.509009e-39     
   19.472021      3.991681         -8.542418e-39     
   19.472021      3.998420         -8.563408e-39     
   19.472021      4.008294         -8.597272e-39     
   19.472021      4.043674         -8.749486e-39     
   19.472021      4.107227         -9.148515e-39     
   19.472021      4.198794         -1.002815e-38     
   19.472021      4.318131         -1.178424e-38     
   19.472021      4.464916         -1.508843e-38     
   19.472021      4.638754         -2.115282e-38     
   19.472021      4.839176         -3.234710e-38     
   19.472021      5.065642         -5.367326e-38     
   19.472021      5.317541         -9.645199e-38     
   19.472021      5.594194         -1.881130e-37     
   19.472021      5.894856         -4.001233e-37     
   19.472021      6.218716         -9.340073e-37     
   19.472021      6.564900         -2.406943e-36     
   19.472021      6.932477         -6.864051e-36     
   19.472021      7.320454         -2.157206e-35     
   19.472021      7.727785         -7.440598e-35     
   19.472021      8.153374         -2.886634e-34     
   19.472021      8.596072         -1.350589e-33     
   19.472021      9.054685         -7.581212e-33     
   19.472021      9.527979         -4.252873e-32     
   19.472021      10.014676        -2.589781e-31     
   19.472021      10.513464        -3.267113e-30     
   19.472021      11.023000        -3.718922e-29     
   19.472021      11.541909        -3.145545e-28     
   19.472021      12.068793        -9.308200e-27     
   19.472021      12.602230        -2.044913e-25     
   19.472021      13.140784        -2.505596e-24     
   19.472021      13.683002        -1.585268e-22     
   19.472021      14.227422        -5.681715e-21     
   19.472021      14.772578        2.293628e-20      
   19.472021      15.316998        -1.649625e-17     
   19.472021      15.859216        6.522745e-16      
   19.472021      16.397770        -1.971582e-14     
   19.472021      16.931207        2.227508e-13      
   19.472021      17.458091        1.129810e-09      
   19.472021      17.977000        3.174910e-07      
   19.472021      18.486536        2.090036e-04      
   19.472021      18.985324        1.225019e-02      
   19.472021      19.472021        4.694688e-02      
   19.472021      19.945315        1.177381e-02      
   19.472021      20.403928        2.018463e-04      
   19.472021      20.846626        4.133285e-07      
   19.472021      21.272215        -3.870511e-11     
   19.472021      21.679546        -2.009097e-12     
   19.472021      22.067523        -1.687534e-13     
   19.472021      22.435100        -1.679779e-15     
   19.472021      22.781284        2.802046e-17      
   19.472021      23.105144        1.850472e-18      
   19.472021      23.405806        2.602337e-20      
   19.472021      23.682459        -4.551132e-21     
   19.472021      23.934358        -6.082589e-22     
   19.472021      24.160824        -5.172191e-23     
   19.472021      24.361246        -4.074513e-24     
   19.472021      24.535084        -5.110622e-25     
   19.472021      24.681869        -1.219667e-25     
   19.472021      24.801206        3.102436e-27      
   19.472021      24.892773        5.491268e-26      
   19.472021      24.956326        7.109307e-26      
   19.472021      24.991706        7.402007e-26      
   19.945315      0.001580         -1.440868e-35     
   19.945315      0.008319         -7.563164e-35     
   19.945315      0.020424         -1.840508e-34     
   19.945315      0.037866         -3.312082e-34     
   19.945315      0.060596         -4.482659e-34     
   19.945315      0.088555         -5.057766e-34     
   19.945315      0.121667         -4.059071e-36     
   19.945315      0.159843         1.203239e-35      
   19.945315      0.202979         6.355131e-34      
   19.945315      0.250960         1.323809e-33      
   19.945315      0.303656         -7.112813e-35     
   19.945315      0.360925         -3.021117e-33     
   19.945315      0.422613         -2.212515e-33     
   19.945315      0.488552         2.010434e-33      
   19.945315      0.558567         6.633107e-33      
   19.945315      0.632467         8.129500e-33      
   19.945315      0.710054         5.682824e-33      
   19.945315      0.791119         2.139708e-33      
   19.945315      0.875442         2.961833e-34      
   19.945315      0.962797         -1.143412e-35     
   19.945315      1.052948         7.495989e-35      
   19.945315      1.145653         7.248342e-35      
   19.945315      1.240660         3.582046e-35      
   19.945315      1.337714         1.498777e-35      
   19.945315      1.436554         6.922963e-36      
   19.945315      1.536913         2.205477e-36      
   19.945315      1.638520         -9.763242e-37     
   19.945315      1.741102         -3.054256e-36     
   19.945315      1.844381         -4.347879e-36     
   19.945315      1.948080         -5.077961e-36     
   19.945315      2.051920         -5.406670e-36     
   19.945315      2.155619         -5.454294e-36     
   19.945315      2.258898         -5.310167e-36     
   19.945315      2.361480         -5.040597e-36     
   19.945315      2.463087         -4.694549e-36     
   19.945315      2.563446         -4.307905e-36     
   19.945315      2.662286         -3.906590e-36     
   19.945315      2.759340         -3.508866e-36     
   19.945315      2.854347         -3.127128e-36     
   19.945315      2.947052         -2.769350e-36     
   19.945315      3.037203         -2.440202e-36     
   19.945315      3.124558         -2.141901e-36     
   19.945315      3.208881         -1.874889e-36     
   19.945315      3.289946         -1.638378e-36     
   19.945315      3.367533         -1.430772e-36     
   19.945315      3.441433         -1.249974e-36     
   19.945315      3.511448         -1.093623e-36     
   19.945315      3.577387         -9.592674e-37     
   19.945315      3.639075         -8.444906e-37     
   19.945315      3.696344         -7.469985e-37     
   19.945315      3.749040         -6.646719e-37     
   19.945315      3.797021         -5.955967e-37     
   19.945315      3.840157         -5.380780e-37     
   19.945315      3.878333         -4.906426e-37     
   19.945315      3.911445         -4.520340e-37     
   19.945315      3.939404         -4.212024e-37     
   19.945315      3.962134         -3.972926e-37     
   19.945315      3.979576         -3.796314e-37     
   19.945315      3.991681         -3.677160e-37     
   19.945315      3.998420         -3.612023e-37     
   19.945315      4.008294         -3.518121e-37     
   19.945315      4.043674         -3.196240e-37     
   19.945315      4.107227         -2.672832e-37     
   19.945315      4.198794         -2.032303e-37     
   19.945315      4.318131         -1.373840e-37     
   19.945315      4.464916         -7.902147e-38     
   19.945315      4.638754         -3.475342e-38     
   19.945315      4.839176         -7.198210e-39     
   19.945315      5.065642         5.092779e-39      
   19.945315      5.317541         6.265959e-39      
   19.945315      5.594194         7.089986e-40      
   19.945315      5.894856         -9.926063e-39     
   19.945315      6.218716         -3.068480e-38     
   19.945315      6.564900         -8.319929e-38     
   19.945315      6.932477         -2.426855e-37     
   19.945315      7.320454         -7.919336e-37     
   19.945315      7.727785         -2.911667e-36     
   19.945315      8.153374         -1.206237e-35     
   19.945315      8.596072         -5.667100e-35     
   19.945315      9.054685         -3.099642e-34     
   19.945315      9.527979         -1.998470e-33     
   19.945315      10.014676        -1.435591e-32     
   19.945315      10.513464        -1.180898e-31     
   19.945315      11.023000        -1.297864e-30     
   19.945315      11.541909        -1.566044e-29     
   19.945315      12.068793        -2.076816e-28     
   19.945315      12.602230        -4.325534e-27     
   19.945315      13.140784        -9.826543e-26     
   19.945315      13.683002        -2.039469e-24     
   19.945315      14.227422        -9.911802e-23     
   19.945315      14.772578        -3.370485e-21     
   19.945315      15.316998        -9.088914e-20     
   19.945315      15.859216        -1.181689e-17     
   19.945315      16.397770        2.255739e-16      
   19.945315      16.931207        -3.686109e-14     
   19.945315      17.458091        1.448903e-12      
   19.945315      17.977000        7.431785e-10      
   19.945315      18.486536        3.152515e-07      
   19.945315      18.985324        1.998630e-04      
   19.945315      19.472021        1.177381e-02      
   19.945315      19.945315        4.474033e-02      
   19.945315      20.403928        1.149275e-02      
   19.945315      20.846626        2.154614e-04      
   19.945315      21.272215        5.371102e-07      
   19.945315      21.679546        -4.529587e-10     
   19.945315      22.067523        -6.880166e-12     
   19.945315      22.435100        -2.546174e-13     
   19.945315      22.781284        -1.448574e-15     
   19.945315      23.105144        1.064726e-16      
   19.945315      23.405806        4.235108e-18      
   19.945315      23.682459        -2.071184e-19     
   19.945315      23.934358        -4.306715e-20     
   19.945315      24.160824        -4.562755e-21     
   19.945315      24.361246        -4.543151e-22     
   19.945315      24.535084        -6.428596e-23     
   19.945315      24.681869        -1.419143e-23     
   19.945315      24.801206        -8.369880e-25     
   19.945315      24.892773        4.054724e-24      
   19.945315      24.956326        5.580255e-24      
   19.945315      24.991706        5.894936e-24      
   20.403928      0.001580         -1.640363e-33     
   20.403928      0.008319         -8.610331e-33     
   20.403928      0.020424         -2.095340e-32     
   20.403928      0.037866         -3.770684e-32     
   20.403928      0.060596         -5.103614e-32     
   20.403928      0.088555         -5.758907e-32     
   20.403928      0.121667         -4.984391e-34     
   20.403928      0.159843         1.328986e-33      
   20.403928      0.202979         7.228456e-32      
   20.403928      0.250960         1.506184e-31      
   20.403928      0.303656         -8.105309e-33     
   20.403928      0.360925         -3.438145e-31     
   20.403928      0.422613         -2.517933e-31     
   20.403928      0.488552         2.288101e-31      
   20.403928      0.558567         7.549305e-31      
   20.403928      0.632467         9.252672e-31      
   20.403928      0.710054         6.468234e-31      
   20.403928      0.791119         2.435597e-31      
   20.403928      0.875442         3.372311e-32      
   20.403928      0.962797         -1.294825e-33     
   20.403928      1.052948         8.538476e-33      
   20.403928      1.145653         8.256069e-33      
   20.403928      1.240660         4.081540e-33      
   20.403928      1.337714         1.708889e-33      
   20.403928      1.436554         7.897809e-34      
   20.403928      1.536913         2.517753e-34      
   20.403928      1.638520         -1.113446e-34     
   20.403928      1.741102         -3.487084e-34     
   20.403928      1.844381         -4.966780e-34     
   20.403928      1.948080         -5.803759e-34     
   20.403928      2.051920         -6.182611e-34     
   20.403928      2.155619         -6.240299e-34     
   20.403928      2.258898         -6.078591e-34     
   20.403928      2.361480         -5.773072e-34     
   20.403928      2.463087         -5.379609e-34     
   20.403928      2.563446         -4.939181e-34     
   20.403928      2.662286         -4.481439e-34     
   20.403928      2.759340         -4.027306e-34     
   20.403928      2.854347         -3.591017e-34     
   20.403928      2.947052         -3.181766e-34     
   20.403928      3.037203         -2.804968e-34     
   20.403928      3.124558         -2.463229e-34     
   20.403928      3.208881         -2.157121e-34     
   20.403928      3.289946         -1.885801e-34     
   20.403928      3.367533         -1.647490e-34     
   20.403928      3.441433         -1.439829e-34     
   20.403928      3.511448         -1.260147e-34     
   20.403928      3.577387         -1.105661e-34     
   20.403928      3.639075         -9.736225e-35     
   20.403928      3.696344         -8.614169e-35     
   20.403928      3.749040         -7.666253e-35     
   20.403928      3.797021         -6.870606e-35     
   20.403928      3.840157         -6.207838e-35     
   20.403928      3.878333         -5.661083e-35     
   20.403928      3.911445         -5.215944e-35     
   20.403928      3.939404         -4.860384e-35     
   20.403928      3.962134         -4.584592e-35     
   20.403928      3.979576         -4.380842e-35     
   20.403928      3.991681         -4.243363e-35     
   20.403928      3.998420         -4.168202e-35     
   20.403928      4.008294         -4.059843e-35     
   20.403928      4.043674         -3.688335e-35     
   20.403928      4.107227         -3.083977e-35     
   20.403928      4.198794         -2.343874e-35     
   20.403928      4.318131         -1.582245e-35     
   20.403928      4.464916         -9.060239e-36     
   20.403928      4.638754         -3.913849e-36     
   20.403928      4.839176         -6.805300e-37     
   20.403928      5.065642         8.235194e-37      
   20.403928      5.317541         1.121392e-36      
   20.403928      5.594194         8.310718e-37      
   20.403928      5.894856         4.326630e-37      
   20.403928      6.218716         1.588635e-37      
   20.403928      6.564900         3.649779e-38      
   20.403928      6.932477         5.030057e-39      
   20.403928      7.320454         1.205911e-38      
   20.403928      7.727785         5.380575e-38      
   20.403928      8.153374         2.301299e-37      
   20.403928      8.596072         1.110153e-36      
   20.403928      9.054685         6.200284e-36      
   20.403928      9.527979         3.985261e-35      
   20.403928      10.014676        2.939814e-34      
   20.403928      10.513464        2.598506e-33      
   20.403928      11.023000        2.702775e-32      
   20.403928      11.541909        3.098958e-31      
   20.403928      12.068793        4.328232e-30      
   20.403928      12.602230        7.043631e-29      
   20.403928      13.140784        1.112779e-27      
   20.403928      13.683002        1.847649e-26      
   20.403928      14.227422        3.940309e-25      
   20.403928      14.772578        -1.422554e-23     
   20.403928      15.316998        -7.431859e-22     
   20.403928      15.859216        -6.366248e-20     
   20.403928      16.397770        -7.433132e-18     
   20.403928      16.931207        1.236564e-17      
   20.403928      17.458091        -4.500295e-14     
   20.403928      17.977000        1.858098e-12      
   20.403928      18.486536        4.775097e-10      
   20.403928      18.985324        3.455298e-07      
   20.403928      19.472021        2.018463e-04      
   20.403928      19.945315        1.149275e-02      
   20.403928      20.403928        4.274841e-02      
   20.403928      20.846626        1.139343e-02      
   20.403928      21.272215        2.429778e-04      
   20.403928      21.679546        7.568809e-07      
   20.403928      22.067523        -1.163089e-09     
   20.403928      22.435100        -1.618194e-11     
   20.403928      22.781284        -3.784438e-13     
   20.403928      23.105144        1.564538e-15      
   20.403928      23.405806        2.795657e-16      
   20.403928      23.682459        -4.019795e-18     
   20.403928      23.934358        -2.635516e-18     
   20.403928      24.160824        -3.506079e-19     
   20.403928      24.361246        -4.258941e-20     
   20.403928      24.535084        -6.695534e-21     
   20.403928      24.681869        -1.477597e-21     
   20.403928      24.801206        -1.771238e-22     
   20.403928      24.892773        2.654427e-22      
   20.403928      24.956326        4.046615e-22      
   20.403928      24.991706        4.369806e-22      
   20.846626      0.001580         -1.677385e-31     
   20.846626      0.008319         -8.804660e-31     
   20.846626      0.020424         -2.142630e-30     
   20.846626      0.037866         -3.855791e-30     
   20.846626      0.060596         -5.218861e-30     
   20.846626      0.088555         -5.889054e-30     
   20.846626      0.121667         -5.167130e-32     
   20.846626      0.159843         1.351405e-31      
   20.846626      0.202979         7.390462e-30      
   20.846626      0.250960         1.540034e-29      
   20.846626      0.303656         -8.286627e-31     
   20.846626      0.360925         -3.515547e-29     
   20.846626      0.422613         -2.574631e-29     
   20.846626      0.488552         2.339781e-29      
   20.846626      0.558567         7.719832e-29      
   20.846626      0.632467         9.461893e-29      
   20.846626      0.710054         6.614702e-29      
   20.846626      0.791119         2.490876e-29      
   20.846626      0.875442         3.449571e-30      
   20.846626      0.962797         -1.318179e-31     
   20.846626      1.052948         8.738103e-31      
   20.846626      1.145653         8.448767e-31      
   20.846626      1.240660         4.178239e-31      
   20.846626      1.337714         1.750468e-31      
   20.846626      1.436554         8.094191e-32      
   20.846626      1.536913         2.582055e-32      
   20.846626      1.638520         -1.140717e-32     
   20.846626      1.741102         -3.576356e-32     
   20.846626      1.844381         -5.096606e-32     
   20.846626      1.948080         -5.958335e-32     
   20.846626      2.051920         -6.350319e-32     
   20.846626      2.155619         -6.412674e-32     
   20.846626      2.258898         -6.249558e-32     
   20.846626      2.361480         -5.938380e-32     
   20.846626      2.463087         -5.536399e-32     
   20.846626      2.563446         -5.085658e-32     
   20.846626      2.662286         -4.616617e-32     
   20.846626      2.759340         -4.150807e-32     
   20.846626      2.854347         -3.702909e-32     
   20.846626      2.947052         -3.282435e-32     
   20.846626      3.037203         -2.895020e-32     
   20.846626      3.124558         -2.543413e-32     
   20.846626      3.208881         -2.228262e-32     
   20.846626      3.289946         -1.948756e-32     
   20.846626      3.367533         -1.703115e-32     
   20.846626      3.441433         -1.488952e-32     
   20.846626      3.511448         -1.303549e-32     
   20.846626      3.577387         -1.144070e-32     
   20.846626      3.639075         -1.007704e-32     
   20.846626      3.696344         -8.917740e-33     
   20.846626      3.749040         -7.938004e-33     
   20.846626      3.797021         -7.115374e-33     
   20.846626      3.840157         -6.429927e-33     
   20.846626      3.878333         -5.864315e-33     
   20.846626      3.911445         -5.403719e-33     
   20.846626      3.939404         -5.035741e-33     
   20.846626      3.962134         -4.750273e-33     
   20.846626      3.979576         -4.539349e-33     
   20.846626      3.991681         -4.397015e-33     
   20.846626      3.998420         -4.319196e-33     
   20.846626      4.008294         -4.206999e-33     
   20.846626      4.043674         -3.822280e-33     
   20.846626      4.107227         -3.196250e-33     
   20.846626      4.198794         -2.429270e-33     
   20.846626      4.318131         -1.639538e-33     
   20.846626      4.464916         -9.379239e-34     
   20.846626      4.638754         -4.036463e-34     
   20.846626      4.839176         -6.789225e-35     
   20.846626      5.065642         8.810345e-35      
   20.846626      5.317541         1.185282e-34      
   20.846626      5.594194         8.766633e-35      
   20.846626      5.894856         4.560855e-35      
   20.846626      6.218716         1.668715e-35      
   20.846626      6.564900         3.670256e-36      
   20.846626      6.932477         3.824612e-38      
   20.846626      7.320454         -2.999976e-37     
   20.846626      7.727785         -1.119964e-37     
   20.846626      8.153374         -1.968312e-38     
   20.846626      8.596072         -4.480812e-39     
   20.846626      9.054685         -2.238660e-38     
   20.846626      9.527979         -1.538788e-37     
   20.846626      10.014676        -1.237904e-36     
   20.846626      10.513464        -1.201967e-35     
   20.846626      11.023000        -1.272727e-34     
   20.846626      11.541909        -1.587382e-33     
   20.846626      12.068793        -2.555221e-32     
   20.846626      12.602230        -4.375969e-31     
   20.846626      13.140784        -9.054633e-30     
   20.846626      13.683002        -2.730311e-28     
   20.846626      14.227422        -9.127719e-27     
   20.846626      14.772578        -3.449652e-25     
   20.846626      15.316998        -2.562724e-23     
   20.846626      15.859216        -1.163536e-21     
   20.846626      16.397770        -1.004951e-19     
   20.846626      16.931207        -7.705116e-18     
   20.846626      17.458091        -2.824995e-16     
   20.846626      17.977000        -6.021678e-14     
   20.846626      18.486536        1.402680e-12      
   20.846626      18.985324        2.367740e-10      
   20.846626      19.472021        4.133285e-07      
   20.846626      19.945315        2.154614e-04      
   20.846626      20.403928        1.139343e-02      
   20.846626      20.846626        4.095717e-02      
   20.846626      21.272215        1.146726e-02      
   20.846626      21.679546        2.889436e-04      
   20.846626      22.067523        1.158192e-06      
   20.846626      22.435100        -2.389255e-09     
   20.846626      22.781284        -3.388861e-11     
   20.846626      23.105144        -5.404247e-13     
   20.846626      23.405806        1.222651e-14      
   20.846626      23.682459        -1.001932e-16     
   20.846626      23.934358        -1.362707e-16     
   20.846626      24.160824        -2.356105e-17     
   20.846626      24.361246        -3.364214e-18     
   20.846626      24.535084        -5.885448e-19     
   20.846626      24.681869        -1.349095e-19     
   20.846626      24.801206        -2.245309e-20     
   20.846626      24.892773        1.448312e-20      
   20.846626      24.956326        2.630652e-20      
   20.846626      24.991706        2.933630e-20      
   21.272215      0.001580         -1.502682e-29     
   21.272215      0.008319         -7.887636e-29     
   21.272215      0.020424         -1.919470e-28     
   21.272215      0.037866         -3.454195e-28     
   21.272215      0.060596         -4.675212e-28     
   21.272215      0.088555         -5.275429e-28     
   21.272215      0.121667         -4.513205e-30     
   21.272215      0.159843         1.224142e-29      
   21.272215      0.202979         6.623027e-28      
   21.272215      0.250960         1.379977e-27      
   21.272215      0.303656         -7.416549e-29     
   21.272215      0.360925         -3.149870e-27     
   21.272215      0.422613         -2.306838e-27     
   21.272215      0.488552         2.096558e-27      
   21.272215      0.558567         6.917323e-27      
   21.272215      0.632467         8.478432e-27      
   21.272215      0.710054         5.927317e-27      
   21.272215      0.791119         2.232115e-27      
   21.272215      0.875442         3.091733e-28      
   21.272215      0.962797         -1.176411e-29     
   21.272215      1.052948         7.835363e-29      
   21.272215      1.145653         7.575622e-29      
   21.272215      1.240660         3.747645e-29      
   21.272215      1.337714         1.571001e-29      
   21.272215      1.436554         7.267933e-30      
   21.272215      1.536913         2.319938e-30      
   21.272215      1.638520         -1.023869e-30     
   21.272215      1.741102         -3.213368e-30     
   21.272215      1.844381         -4.581584e-30     
   21.272215      1.948080         -5.358654e-30     
   21.272215      2.051920         -5.713741e-30     
   21.272215      2.155619         -5.772445e-30     
   21.272215      2.258898         -5.628175e-30     
   21.272215      2.361480         -5.350390e-30     
   21.272215      2.463087         -4.990506e-30     
   21.272215      2.563446         -4.586314e-30     
   21.272215      2.662286         -4.165224e-30     
   21.272215      2.759340         -3.746641e-30     
   21.272215      2.854347         -3.343826e-30     
   21.272215      2.947052         -2.965396e-30     
   21.272215      3.037203         -2.616484e-30     
   21.272215      3.124558         -2.299618e-30     
   21.272215      3.208881         -2.015438e-30     
   21.272215      3.289946         -1.763258e-30     
   21.272215      3.367533         -1.541514e-30     
   21.272215      3.441433         -1.348090e-30     
   21.272215      3.511448         -1.180564e-30     
   21.272215      3.577387         -1.036398e-30     
   21.272215      3.639075         -9.130774e-31     
   21.272215      3.696344         -8.081993e-31     
   21.272215      3.749040         -7.195358e-31     
   21.272215      3.797021         -6.450673e-31     
   21.272215      3.840157         -5.830005e-31     
   21.272215      3.878333         -5.317725e-31     
   21.272215      3.911445         -4.900473e-31     
   21.272215      3.939404         -4.567065e-31     
   21.272215      3.962134         -4.308378e-31     
   21.272215      3.979576         -4.117220e-31     
   21.272215      3.991681         -3.988214e-31     
   21.272215      3.998420         -3.917679e-31     
   21.272215      4.008294         -3.815977e-31     
   21.272215      4.043674         -3.467206e-31     
   21.272215      4.107227         -2.899522e-31     
   21.272215      4.198794         -2.203749e-31     
   21.272215      4.318131         -1.486975e-31     
   21.272215      4.464916         -8.498217e-32     
   21.272215      4.638754         -3.643843e-32     
   21.272215      4.839176         -5.927036e-33     
   21.272215      5.065642         8.231333e-33      
   21.272215      5.317541         1.095116e-32      
   21.272215      5.594194         8.084754e-33      
   21.272215      5.894856         4.204764e-33      
   21.272215      6.218716         1.537654e-33      
   21.272215      6.564900         3.368105e-34      
   21.272215      6.932477         2.097100e-36      
   21.272215      7.320454         -2.840221e-35     
   21.272215      7.727785         -1.053962e-35     
   21.272215      8.153374         -1.780744e-36     
   21.272215      8.596072         -6.125136e-38     
   21.272215      9.054685         3.098352e-38      
   21.272215      9.527979         1.934135e-39      
   21.272215      10.014676        -2.377829e-38     
   21.272215      10.513464        -1.812145e-37     
   21.272215      11.023000        -1.527762e-36     
   21.272215      11.541909        -1.214078e-35     
   21.272215      12.068793        -7.196226e-35     
   21.272215      12.602230        5.579706e-34      
   21.272215      13.140784        5.975479e-32      
   21.272215      13.683002        2.558130e-30      
   21.272215      14.227422        8.118118e-29      
   21.272215      14.772578        3.083301e-27      
   21.272215      15.316998        8.243207e-26      
   21.272215      15.859216        -3.774158e-24     
   21.272215      16.397770        -3.576132e-22     
   21.272215      16.931207        -7.635701e-20     
   21.272215      17.458091        -6.570461e-18     
   21.272215      17.977000        -4.996219e-16     
   21.272215      18.486536        -7.847912e-14     
   21.272215      18.985324        3.655379e-13      
   21.272215      19.472021        -3.870511e-11     
   21.272215      19.945315        5.371102e-07      
   21.272215      20.403928        2.429778e-04      
   21.272215      20.846626        1.146726e-02      
   21.272215      21.272215        3.935460e-02      
   21.272215      21.679546        1.171279e-02      
   21.272215      22.067523        3.611421e-04      
   21.272215      22.435100        1.933607e-06      
   21.272215      22.781284        -4.372016e-09     
   21.272215      23.105144        -6.653575e-11     
   21.272215      23.405806        -9.235899e-13     
   21.272215      23.682459        8.043277e-15      
   21.272215      23.934358        -7.364814e-15     
   21.272215      24.160824        -1.375803e-15     
   21.272215      24.361246        -2.299829e-16     
   21.272215      24.535084        -4.391355e-17     
   21.272215      24.681869        -1.057432e-17     
   21.272215      24.801206        -2.160141e-18     
   21.272215      24.892773        5.844607e-19      
   21.272215      24.956326        1.485235e-18      
   21.272215      24.991706        1.735402e-18      
   21.679546      0.001580         -1.150628e-27     
   21.679546      0.008319         -6.039688e-27     
   21.679546      0.020424         -1.469768e-26     
   21.679546      0.037866         -2.644921e-26     
   21.679546      0.060596         -3.579736e-26     
   21.679546      0.088555         -4.039055e-26     
   21.679546      0.121667         -3.273198e-28     
   21.679546      0.159843         9.583354e-28      
   21.679546      0.202979         5.074859e-26      
   21.679546      0.250960         1.057177e-25      
   21.679546      0.303656         -5.670714e-27     
   21.679546      0.360925         -2.412609e-25     
   21.679546      0.422613         -1.766908e-25     
   21.679546      0.488552         1.605955e-25      
   21.679546      0.558567         5.298599e-25      
   21.679546      0.632467         6.494473e-25      
   21.679546      0.710054         4.540402e-25      
   21.679546      0.791119         1.709877e-25      
   21.679546      0.875442         2.368694e-26      
   21.679546      0.962797         -8.978299e-28     
   21.679546      1.052948         6.005811e-27      
   21.679546      1.145653         5.806491e-27      
   21.679546      1.240660         2.873331e-27      
   21.679546      1.337714         1.205166e-27      
   21.679546      1.436554         5.578085e-28      
   21.679546      1.536913         1.781607e-28      
   21.679546      1.638520         -7.854860e-29     
   21.679546      1.741102         -2.467690e-28     
   21.679546      1.844381         -3.520045e-28     
   21.679546      1.948080         -4.118808e-28     
   21.679546      2.051920         -4.393570e-28     
   21.679546      2.155619         -4.440571e-28     
   21.679546      2.258898         -4.331419e-28     
   21.679546      2.361480         -4.119389e-28     
   21.679546      2.463087         -3.843943e-28     
   21.679546      2.563446         -3.534113e-28     
   21.679546      2.662286         -3.210980e-28     
   21.679546      2.759340         -2.889489e-28     
   21.679546      2.854347         -2.579875e-28     
   21.679546      2.947052         -2.288804e-28     
   21.679546      3.037203         -2.020267e-28     
   21.679546      3.124558         -1.776252e-28     
   21.679546      3.208881         -1.557286e-28     
   21.679546      3.289946         -1.362876e-28     
   21.679546      3.367533         -1.191846e-28     
   21.679546      3.441433         -1.042591e-28     
   21.679546      3.511448         -9.132642e-29     
   21.679546      3.577387         -8.019275e-29     
   21.679546      3.639075         -7.066536e-29     
   21.679546      3.696344         -6.256007e-29     
   21.679546      3.749040         -5.570577e-29     
   21.679546      3.797021         -4.994726e-29     
   21.679546      3.840157         -4.514657e-29     
   21.679546      3.878333         -4.118335e-29     
   21.679546      3.911445         -3.795471e-29     
   21.679546      3.939404         -3.537444e-29     
   21.679546      3.962134         -3.337217e-29     
   21.679546      3.979576         -3.189243e-29     
   21.679546      3.991681         -3.089374e-29     
   21.679546      3.998420         -3.034766e-29     
   21.679546      4.008294         -2.956027e-29     
   21.679546      4.043674         -2.685973e-29     
   21.679546      4.107227         -2.246309e-29     
   21.679546      4.198794         -1.707249e-29     
   21.679546      4.318131         -1.151666e-29     
   21.679546      4.464916         -6.575532e-30     
   21.679546      4.638754         -2.809311e-30     
   21.679546      4.839176         -4.418624e-31     
   21.679546      5.065642         6.553211e-31      
   21.679546      5.317541         8.629514e-31      
   21.679546      5.594194         6.359459e-31      
   21.679546      5.894856         3.306240e-31      
   21.679546      6.218716         1.208379e-31      
   21.679546      6.564900         2.636096e-32      
   21.679546      6.932477         5.695885e-35      
   21.679546      7.320454         -2.288773e-33     
   21.679546      7.727785         -8.455235e-34     
   21.679546      8.153374         -1.423759e-34     
   21.679546      8.596072         -4.618529e-36     
   21.679546      9.054685         2.617490e-36      
   21.679546      9.527979         4.561058e-37      
   21.679546      10.014676        2.116948e-38      
   21.679546      10.513464        4.755527e-39      
   21.679546      11.023000        7.064375e-38      
   21.679546      11.541909        9.211127e-37      
   21.679546      12.068793        1.447728e-35      
   21.679546      12.602230        2.682076e-34      
   21.679546      13.140784        5.907345e-33      
   21.679546      13.683002        1.562328e-31      
   21.679546      14.227422        4.838121e-30      
   21.679546      14.772578        1.640689e-28      
   21.679546      15.316998        6.706243e-27      
   21.679546      15.859216        2.521181e-25      
   21.679546      16.397770        7.740113e-24      
   21.679546      16.931207        1.130648e-22      
   21.679546      17.458091        -6.116954e-20     
   21.679546      17.977000        -6.556734e-18     
   21.679546      18.486536        -8.302214e-16     
   21.679546      18.985324        -1.119084e-13     
   21.679546      19.472021        -2.009097e-12     
   21.679546      19.945315        -4.529587e-10     
   21.679546      20.403928        7.568809e-07      
   21.679546      20.846626        2.889436e-04      
   21.679546      21.272215        1.171279e-02      
   21.679546      21.679546        3.793677e-02      
   21.679546      22.067523        1.213270e-02      
   21.679546      22.435100        4.723921e-04      
   21.679546      22.781284        3.531449e-06      
   21.679546      23.105144        -6.560765e-09     
   21.679546      23.405806        -1.332946e-10     
   21.679546      23.682459        -4.351807e-12     
   21.679546      23.934358        -2.901310e-13     
   21.679546      24.160824        -7.465235e-14     
   21.679546      24.361246        -1.342724e-14     
   21.679546      24.535084        -2.798595e-15     
   21.679546      24.681869        -7.105853e-16     
   21.679546      24.801206        -1.673125e-16     
   21.679546      24.892773        1.033997e-17      
   21.679546      24.956326        7.019191e-17      
   21.679546      24.991706        8.792538e-17      
   22.067523      0.001580         -7.352765e-26     
   22.067523      0.008319         -3.859488e-25     
   22.067523      0.020424         -9.392116e-25     
   22.067523      0.037866         -1.690150e-24     
   22.067523      0.060596         -2.287395e-24     
   22.067523      0.088555         -2.580663e-24     
   22.067523      0.121667         -1.929659e-26     
   22.067523      0.159843         6.309438e-26      
   22.067523      0.202979         3.246018e-24      
   22.067523      0.250960         6.760002e-24      
   22.067523      0.303656         -3.617056e-25     
   22.067523      0.360925         -1.542321e-23     
   22.067523      0.422613         -1.129548e-23     
   22.067523      0.488552         1.026723e-23      
   22.067523      0.558567         3.387474e-23      
   22.067523      0.632467         4.152051e-23      
   22.067523      0.710054         2.902810e-23      
   22.067523      0.791119         1.093197e-23      
   22.067523      0.875442         1.514570e-24      
   22.067523      0.962797         -5.720834e-26     
   22.067523      1.052948         3.841986e-25      
   22.067523      1.145653         3.714333e-25      
   22.067523      1.240660         1.838554e-25      
   22.067523      1.337714         7.715568e-26      
   22.067523      1.436554         3.572717e-26      
   22.067523      1.536913         1.141759e-26      
   22.067523      1.638520         -5.028809e-27     
   22.067523      1.741102         -1.581379e-26     
   22.067523      1.844381         -2.256752e-26     
   22.067523      1.948080         -2.641671e-26     
   22.067523      2.051920         -2.818990e-26     
   22.067523      2.155619         -2.850258e-26     
   22.067523      2.258898         -2.781288e-26     
   22.067523      2.361480         -2.646182e-26     
   22.067523      2.463087         -2.470217e-26     
   22.067523      2.563446         -2.272003e-26     
   22.067523      2.662286         -2.065069e-26     
   22.067523      2.759340         -1.859019e-26     
   22.067523      2.854347         -1.660440e-26     
   22.067523      2.947052         -1.473636e-26     
   22.067523      3.037203         -1.301193e-26     
   22.067523      3.124558         -1.144411e-26     
   22.067523      3.208881         -1.003651e-26     
   22.067523      3.289946         -8.786179e-27     
   22.067523      3.367533         -7.685716e-27     
   22.067523      3.441433         -6.724949e-27     
   22.067523      3.511448         -5.892139e-27     
   22.067523      3.577387         -5.174913e-27     
   22.067523      3.639075         -4.560958e-27     
   22.067523      3.696344         -4.038481e-27     
   22.067523      3.749040         -3.596522e-27     
   22.067523      3.797021         -3.225124e-27     
   22.067523      3.840157         -2.915430e-27     
   22.067523      3.878333         -2.659712e-27     
   22.067523      3.911445         -2.451355e-27     
   22.067523      3.939404         -2.284816e-27     
   22.067523      3.962134         -2.155568e-27     
   22.067523      3.979576         -2.060041e-27     
   22.067523      3.991681         -1.995563e-27     
   22.067523      3.998420         -1.960307e-27     
   22.067523      4.008294         -1.909468e-27     
   22.067523      4.043674         -1.735086e-27     
   22.067523      4.107227         -1.451120e-27     
   22.067523      4.198794         -1.102846e-27     
   22.067523      4.318131         -7.437504e-28     
   22.067523      4.464916         -4.242442e-28     
   22.067523      4.638754         -1.806192e-28     
   22.067523      4.839176         -2.746893e-29     
   22.067523      5.065642         4.341645e-29      
   22.067523      5.317541         5.663361e-29      
   22.067523      5.594194         4.166456e-29      
   22.067523      5.894856         2.165225e-29      
   22.067523      6.218716         7.908615e-30      
   22.067523      6.564900         1.718372e-30      
   22.067523      6.932477         -3.037095e-33     
   22.067523      7.320454         -1.533097e-31     
   22.067523      7.727785         -5.639495e-32     
   22.067523      8.153374         -9.464211e-33     
   22.067523      8.596072         -2.896727e-34     
   22.067523      9.054685         1.797916e-34      
   22.067523      9.527979         3.107462e-35      
   22.067523      10.014676        1.368266e-36      
   22.067523      10.513464        -1.215955e-37     
   22.067523      11.023000        -1.433536e-38     
   22.067523      11.541909        -5.157273e-39     
   22.067523      12.068793        -7.684103e-38     
   22.067523      12.602230        -1.245380e-36     
   22.067523      13.140784        -2.009084e-35     
   22.067523      13.683002        -2.001739e-34     
   22.067523      14.227422        8.948365e-33      
   22.067523      14.772578        9.688468e-31      
   22.067523      15.316998        6.719090e-29      
   22.067523      15.859216        4.787031e-27      
   22.067523      16.397770        2.745115e-25      
   22.067523      16.931207        1.647516e-23      
   22.067523      17.458091        7.079057e-22      
   22.067523      17.977000        -2.667987e-20     
   22.067523      18.486536        -5.995398e-18     
   22.067523      18.985324        -1.289754e-15     
   22.067523      19.472021        -1.687534e-13     
   22.067523      19.945315        -6.880166e-12     
   22.067523      20.403928        -1.163089e-09     
   22.067523      20.846626        1.158192e-06      
   22.067523      21.272215        3.611421e-04      
   22.067523      21.679546        1.213270e-02      
   22.067523      22.067523        3.670783e-02      
   22.067523      22.435100        1.273838e-02      
   22.067523      22.781284        6.431662e-04      
   22.067523      23.105144        7.052677e-06      
   22.067523      23.405806        -3.525698e-09     
   22.067523      23.682459        -3.620944e-10     
   22.067523      23.934358        -3.030670e-11     
   22.067523      24.160824        -3.375610e-12     
   22.067523      24.361246        -6.841985e-13     
   22.067523      24.535084        -1.506539e-13     
   22.067523      24.681869        -4.016225e-14     
   22.067523      24.801206        -1.061743e-14     
   22.067523      24.892773        -7.888357e-16     
   22.067523      24.956326        2.619827e-15      
   22.067523      24.991706        3.685283e-15      
   22.435100      0.001580         -3.828536e-24     
   22.435100      0.008319         -2.009608e-23     
   22.435100      0.020424         -4.890401e-23     
   22.435100      0.037866         -8.800424e-23     
   22.435100      0.060596         -1.190946e-22     
   22.435100      0.088555         -1.343491e-22     
   22.435100      0.121667         -9.014693e-25     
   22.435100      0.159843         3.403328e-24      
   22.435100      0.202979         1.692130e-22      
   22.435100      0.250960         3.522681e-22      
   22.435100      0.303656         -1.879345e-23     
   22.435100      0.360925         -8.034632e-22     
   22.435100      0.422613         -5.884352e-22     
   22.435100      0.488552         5.349039e-22      
   22.435100      0.558567         1.764788e-21      
   22.435100      0.632467         2.163125e-21      
   22.435100      0.710054         1.512312e-21      
   22.435100      0.791119         5.695436e-22      
   22.435100      0.875442         7.891421e-23      
   22.435100      0.962797         -2.971358e-24     
   22.435100      1.052948         2.002728e-23      
   22.435100      1.145653         1.936111e-23      
   22.435100      1.240660         9.586088e-24      
   22.435100      1.337714         4.024854e-24      
   22.435100      1.436554         1.864500e-24      
   22.435100      1.536913         5.961762e-25      
   22.435100      1.638520         -2.623243e-25     
   22.435100      1.741102         -8.256764e-25     
   22.435100      1.844381         -1.178790e-24     
   22.435100      1.948080         -1.380356e-24     
   22.435100      2.051920         -1.473543e-24     
   22.435100      2.155619         -1.490427e-24     
   22.435100      2.258898         -1.454891e-24     
   22.435100      2.361480         -1.384723e-24     
   22.435100      2.463087         -1.293113e-24     
   22.435100      2.563446         -1.189782e-24     
   22.435100      2.662286         -1.081804e-24     
   22.435100      2.759340         -9.742048e-25     
   22.435100      2.854347         -8.704390e-25     
   22.435100      2.947052         -7.727685e-25     
   22.435100      3.037203         -6.825578e-25     
   22.435100      3.124558         -6.004986e-25     
   22.435100      3.208881         -5.267908e-25     
   22.435100      3.289946         -4.612888e-25     
   22.435100      3.367533         -4.036144e-25     
   22.435100      3.441433         -3.532418e-25     
   22.435100      3.511448         -3.095621e-25     
   22.435100      3.577387         -2.719320e-25     
   22.435100      3.639075         -2.397102e-25     
   22.435100      3.696344         -2.122817e-25     
   22.435100      3.749040         -1.890741e-25     
   22.435100      3.797021         -1.695672e-25     
   22.435100      3.840157         -1.532979e-25     
   22.435100      3.878333         -1.398617e-25     
   22.435100      3.911445         -1.289123e-25     
   22.435100      3.939404         -1.201593e-25     
   22.435100      3.962134         -1.133655e-25     
   22.435100      3.979576         -1.083438e-25     
   22.435100      3.991681         -1.049541e-25     
   22.435100      3.998420         -1.031006e-25     
   22.435100      4.008294         -1.004277e-25     
   22.435100      4.043674         -9.125866e-26     
   22.435100      4.107227         -7.632483e-26     
   22.435100      4.198794         -5.800361e-26     
   22.435100      4.318131         -3.910629e-26     
   22.435100      4.464916         -2.228576e-26     
   22.435100      4.638754         -9.455894e-27     
   22.435100      4.839176         -1.390631e-27     
   22.435100      5.065642         2.337550e-27      
   22.435100      5.317541         3.022670e-27      
   22.435100      5.594194         2.220115e-27      
   22.435100      5.894856         1.153245e-27      
   22.435100      6.218716         4.209513e-28      
   22.435100      6.564900         9.110565e-29      
   22.435100      6.932477         -5.055012e-31     
   22.435100      7.320454         -8.336649e-30     
   22.435100      7.727785         -3.054271e-30     
   22.435100      8.153374         -5.108510e-31     
   22.435100      8.596072         -1.473394e-32     
   22.435100      9.054685         1.000184e-32      
   22.435100      9.527979         1.715682e-33      
   22.435100      10.014676        7.408445e-35      
   22.435100      10.513464        -7.010381e-36     
   22.435100      11.023000        -7.932164e-37     
   22.435100      11.541909        -1.311990e-38     
   22.435100      12.068793        -1.847451e-39     
   22.435100      12.602230        -4.590963e-38     
   22.435100      13.140784        -7.271702e-37     
   22.435100      13.683002        -9.334054e-36     
   22.435100      14.227422        9.716029e-35      
   22.435100      14.772578        2.181286e-32      
   22.435100      15.316998        1.769556e-30      
   22.435100      15.859216        1.323690e-28      
   22.435100      16.397770        9.929328e-27      
   22.435100      16.931207        6.978917e-25      
   22.435100      17.458091        5.196008e-23      
   22.435100      17.977000        3.176058e-21      
   22.435100      18.486536        1.424474e-19      
   22.435100      18.985324        1.528962e-18      
   22.435100      19.472021        -1.679779e-15     
   22.435100      19.945315        -2.546174e-13     
   22.435100      20.403928        -1.618194e-11     
   22.435100      20.846626        -2.389255e-09     
   22.435100      21.272215        1.933607e-06      
   22.435100      21.679546        4.723921e-04      
   22.435100      22.067523        1.273838e-02      
   22.435100      22.435100        3.567772e-02      
   22.435100      22.781284        1.354480e-02      
   22.435100      23.105144        9.059743e-04      
   22.435100      23.405806        1.527439e-05      
   22.435100      23.682459        3.550979e-08      
   22.435100      23.934358        -1.455746e-09     
   22.435100      24.160824        -2.054469e-10     
   22.435100      24.361246        -3.097666e-11     
   22.435100      24.535084        -6.885619e-12     
   22.435100      24.681869        -1.909721e-12     
   22.435100      24.801206        -5.487766e-13     
   22.435100      24.892773        -9.268412e-14     
   22.435100      24.956326        6.954648e-14      
   22.435100      24.991706        1.225671e-13      
   22.781284      0.001580         -1.589810e-22     
   22.781284      0.008319         -8.344941e-22     
   22.781284      0.020424         -2.030747e-21     
   22.781284      0.037866         -3.654364e-21     
   22.781284      0.060596         -4.945030e-21     
   22.781284      0.088555         -5.577734e-21     
   22.781284      0.121667         -3.257024e-23     
   22.781284      0.159843         1.468766e-22      
   22.781284      0.202979         7.035777e-21      
   22.781284      0.250960         1.464111e-20      
   22.781284      0.303656         -7.785598e-22     
   22.781284      0.360925         -3.338216e-20     
   22.781284      0.422613         -2.444838e-20     
   22.781284      0.488552         2.222567e-20      
   22.781284      0.558567         7.332719e-20      
   22.781284      0.632467         8.987841e-20      
   22.781284      0.710054         6.283730e-20      
   22.781284      0.791119         2.366503e-20      
   22.781284      0.875442         3.279173e-21      
   22.781284      0.962797         -1.231167e-22     
   22.781284      1.052948         8.325829e-22      
   22.781284      1.145653         8.048576e-22      
   22.781284      1.240660         3.986017e-22      
   22.781284      1.337714         1.674377e-22      
   22.781284      1.436554         7.759565e-23      
   22.781284      1.536913         2.482420e-23      
   22.781284      1.638520         -1.091236e-23     
   22.781284      1.741102         -3.437752e-23     
   22.781284      1.844381         -4.909861e-23     
   22.781284      1.948080         -5.751403e-23     
   22.781284      2.051920         -6.141748e-23     
   22.781284      2.155619         -6.214213e-23     
   22.781284      2.258898         -6.068099e-23     
   22.781284      2.361480         -5.777391e-23     
   22.781284      2.463087         -5.396993e-23     
   22.781284      2.563446         -4.967391e-23     
   22.781284      2.662286         -4.518067e-23     
   22.781284      2.759340         -4.070004e-23     
   22.781284      2.854347         -3.637640e-23     
   22.781284      2.947052         -3.230450e-23     
   22.781284      3.037203         -2.854171e-23     
   22.781284      3.124558         -2.511733e-23     
   22.781284      3.208881         -2.204012e-23     
   22.781284      3.289946         -1.930438e-23     
   22.781284      3.367533         -1.689464e-23     
   22.781284      3.441433         -1.478923e-23     
   22.781284      3.511448         -1.296296e-23     
   22.781284      3.577387         -1.138914e-23     
   22.781284      3.639075         -1.004113e-23     
   22.781284      3.696344         -8.893358e-24     
   22.781284      3.749040         -7.921983e-24     
   22.781284      3.797021         -7.105333e-24     
   22.781284      3.840157         -6.424095e-24     
   22.781284      3.878333         -5.861395e-24     
   22.781284      3.911445         -5.402774e-24     
   22.781284      3.939404         -5.036108e-24     
   22.781284      3.962134         -4.751487e-24     
   22.781284      3.979576         -4.541090e-24     
   22.781284      3.991681         -4.399063e-24     
   22.781284      3.998420         -4.321395e-24     
   22.781284      4.008294         -4.209395e-24     
   22.781284      4.043674         -3.825156e-24     
   22.781284      4.107227         -3.199226e-24     
   22.781284      4.198794         -2.431118e-24     
   22.781284      4.318131         -1.638600e-24     
   22.781284      4.464916         -9.329352e-25     
   22.781284      4.638754         -3.945436e-25     
   22.781284      4.839176         -5.610861e-26     
   22.781284      5.065642         1.001303e-25      
   22.781284      5.317541         1.284336e-25      
   22.781284      5.594194         9.418507e-26      
   22.781284      5.894856         4.890182e-26      
   22.781284      6.218716         1.783742e-26      
   22.781284      6.564900         3.845692e-27      
   22.781284      6.932477         -3.536961e-29     
   22.781284      7.320454         -3.603235e-28     
   22.781284      7.727785         -1.315026e-28     
   22.781284      8.153374         -2.192144e-29     
   22.781284      8.596072         -5.948835e-31     
   22.781284      9.054685         4.413259e-31      
   22.781284      9.527979         7.516055e-32      
   22.781284      10.014676        3.183329e-33      
   22.781284      10.513464        -3.194665e-34     
   22.781284      11.023000        -3.557623e-35     
   22.781284      11.541909        -5.511157e-37     
   22.781284      12.068793        5.411953e-38      
   22.781284      12.602230        2.117513e-39      
   22.781284      13.140784        1.748722e-39      
   22.781284      13.683002        1.547806e-39      
   22.781284      14.227422        -3.414925e-38     
   22.781284      14.772578        8.802041e-35      
   22.781284      15.316998        1.389148e-32      
   22.781284      15.859216        1.449416e-30      
   22.781284      16.397770        1.486970e-28      
   22.781284      16.931207        1.409337e-26      
   22.781284      17.458091        1.279837e-24      
   22.781284      17.977000        1.163734e-22      
   22.781284      18.486536        8.828622e-21      
   22.781284      18.985324        6.211105e-19      
   22.781284      19.472021        2.802046e-17      
   22.781284      19.945315        -1.448574e-15     
   22.781284      20.403928        -3.784438e-13     
   22.781284      20.846626        -3.388861e-11     
   22.781284      21.272215        -4.372016e-09     
   22.781284      21.679546        3.531449e-06      
   22.781284      22.067523        6.431662e-04      
   22.781284      22.435100        1.354480e-02      
   22.781284      22.781284        3.486413e-02      
   22.781284      23.105144        1.457801e-02      
   22.781284      23.405806        1.311543e-03      
   22.781284      23.682459        3.529404e-05      
   22.781284      23.934358        2.741909e-07      
   22.781284      24.160824        -6.756988e-09     
   22.781284      24.361246        -1.378235e-09     
   22.781284      24.535084        -2.831796e-10     
   22.781284      24.681869        -7.675304e-11     
   22.781284      24.801206        -2.347054e-11     
   22.781284      24.892773        -5.641709e-12     
   22.781284      24.956326        8.165496e-13      
   22.781284      24.991706        2.999673e-12      
   23.105144      0.001580         -5.143731e-21     
   23.105144      0.008319         -2.699949e-20     
   23.105144      0.020424         -6.570331e-20     
   23.105144      0.037866         -1.182333e-19     
   23.105144      0.060596         -1.599776e-19     
   23.105144      0.088555         -1.804196e-19     
   23.105144      0.121667         -8.651158e-22     
   23.105144      0.159843         4.967252e-21      
   23.105144      0.202979         2.279925e-19      
   23.105144      0.250960         4.742095e-19      
   23.105144      0.303656         -2.512076e-20     
   23.105144      0.360925         -1.080760e-18     
   23.105144      0.422613         -7.915310e-19     
   23.105144      0.488552         7.196151e-19      
   23.105144      0.558567         2.374120e-18      
   23.105144      0.632467         2.910001e-18      
   23.105144      0.710054         2.034491e-18      
   23.105144      0.791119         7.662071e-19      
   23.105144      0.875442         1.061748e-19      
   23.105144      0.962797         -3.976487e-21     
   23.105144      1.052948         2.696988e-20      
   23.105144      1.145653         2.607084e-20      
   23.105144      1.240660         1.291445e-20      
   23.105144      1.337714         5.427274e-21      
   23.105144      1.436554         2.516091e-21      
   23.105144      1.536913         8.053352e-22      
   23.105144      1.638520         -3.536824e-22     
   23.105144      1.741102         -1.115151e-21     
   23.105144      1.844381         -1.593253e-21     
   23.105144      1.948080         -1.866929e-21     
   23.105144      2.051920         -1.994257e-21     
   23.105144      2.155619         -2.018412e-21     
   23.105144      2.258898         -1.971566e-21     
   23.105144      2.361480         -1.877696e-21     
   23.105144      2.463087         -1.754606e-21     
   23.105144      2.563446         -1.615433e-21     
   23.105144      2.662286         -1.469753e-21     
   23.105144      2.759340         -1.324387e-21     
   23.105144      2.854347         -1.184035e-21     
   23.105144      2.947052         -1.051788e-21     
   23.105144      3.037203         -9.295237e-22     
   23.105144      3.124558         -8.182080e-22     
   23.105144      3.208881         -7.181379e-22     
   23.105144      3.289946         -6.291388e-22     
   23.105144      3.367533         -5.507179e-22     
   23.105144      3.441433         -4.821787e-22     
   23.105144      3.511448         -4.227085e-22     
   23.105144      3.577387         -3.714449e-22     
   23.105144      3.639075         -3.275251e-22     
   23.105144      3.696344         -2.901204e-22     
   23.105144      3.749040         -2.584577e-22     
   23.105144      3.797021         -2.318332e-22     
   23.105144      3.840157         -2.096197e-22     
   23.105144      3.878333         -1.912687e-22     
   23.105144      3.911445         -1.763101e-22     
   23.105144      3.939404         -1.643494e-22     
   23.105144      3.962134         -1.550643e-22     
   23.105144      3.979576         -1.482000e-22     
   23.105144      3.991681         -1.435662e-22     
   23.105144      3.998420         -1.410320e-22     
   23.105144      4.008294         -1.373776e-22     
   23.105144      4.043674         -1.248394e-22     
   23.105144      4.107227         -1.044114e-22     
   23.105144      4.198794         -7.933734e-23     
   23.105144      4.318131         -5.345895e-23     
   23.105144      4.464916         -3.040965e-23     
   23.105144      4.638754         -1.282002e-23     
   23.105144      4.839176         -1.763935e-24     
   23.105144      5.065642         3.333645e-24      
   23.105144      5.317541         4.244384e-24      
   23.105144      5.594194         3.107968e-24      
   23.105144      5.894856         1.612925e-24      
   23.105144      6.218716         5.879159e-25      
   23.105144      6.564900         1.262851e-25      
   23.105144      6.932477         -1.599256e-27     
   23.105144      7.320454         -1.209354e-26     
   23.105144      7.727785         -4.397730e-27     
   23.105144      8.153374         -7.307263e-28     
   23.105144      8.596072         -1.864597e-29     
   23.105144      9.054685         1.509084e-29      
   23.105144      9.527979         2.552812e-30      
   23.105144      10.014676        1.061078e-31      
   23.105144      10.513464        -1.124242e-32     
   23.105144      11.023000        -1.233873e-33     
   23.105144      11.541909        -1.820599e-35     
   23.105144      12.068793        1.956827e-36      
   23.105144      12.602230        6.845458e-38      
   23.105144      13.140784        -2.021391e-39     
   23.105144      13.683002        -5.309915e-38     
   23.105144      14.227422        -1.925756e-36     
   23.105144      14.772578        -7.804045e-35     
   23.105144      15.316998        -3.438438e-33     
   23.105144      15.859216        -1.600557e-31     
   23.105144      16.397770        -7.461356e-30     
   23.105144      16.931207        -2.942434e-28     
   23.105144      17.458091        -5.020231e-27     
   23.105144      17.977000        9.980311e-25      
   23.105144      18.486536        1.833631e-22      
   23.105144      18.985324        1.962601e-20      
   23.105144      19.472021        1.850472e-18      
   23.105144      19.945315        1.064726e-16      
   23.105144      20.403928        1.564538e-15      
   23.105144      20.846626        -5.404247e-13     
   23.105144      21.272215        -6.653575e-11     
   23.105144      21.679546        -6.560765e-09     
   23.105144      22.067523        7.052677e-06      
   23.105144      22.435100        9.059743e-04      
   23.105144      22.781284        1.457801e-02      
   23.105144      23.105144        3.429293e-02      
   23.105144      23.405806        1.586829e-02      
   23.105144      23.682459        1.937429e-03      
   23.105144      23.934358        8.517987e-05      
   23.105144      24.160824        1.553297e-06      
   23.105144      24.361246        -2.463769e-08     
   23.105144      24.535084        -9.763574e-09     
   23.105144      24.681869        -2.689718e-09     
   23.105144      24.801206        -8.426106e-10     
   23.105144      24.892773        -2.475478e-10     
   23.105144      24.956326        -3.235347e-11     
   23.105144      24.991706        4.207924e-11      
   23.405806      0.001580         -1.273091e-19     
   23.405806      0.008319         -6.682456e-19     
   23.405806      0.020424         -1.626174e-18     
   23.405806      0.037866         -2.926280e-18     
   23.405806      0.060596         -3.959121e-18     
   23.405806      0.088555         -4.464367e-18     
   23.405806      0.121667         -1.683872e-20     
   23.405806      0.159843         1.281556e-19      
   23.405806      0.202979         5.651475e-18      
   23.405806      0.250960         1.174909e-17      
   23.405806      0.303656         -6.200785e-19     
   23.405806      0.360925         -2.676611e-17     
   23.405806      0.422613         -1.960320e-17     
   23.405806      0.488552         1.782319e-17      
   23.405806      0.558567         5.880036e-17      
   23.405806      0.632467         7.207255e-17      
   23.405806      0.710054         5.038864e-17      
   23.405806      0.791119         1.897680e-17      
   23.405806      0.875442         2.629745e-18      
   23.405806      0.962797         -9.826009e-20     
   23.405806      1.052948         6.682766e-19      
   23.405806      1.145653         6.459762e-19      
   23.405806      1.240660         3.200607e-19      
   23.405806      1.337714         1.345610e-19      
   23.405806      1.436554         6.240446e-20      
   23.405806      1.536913         1.998333e-20      
   23.405806      1.638520         -8.768157e-21     
   23.405806      1.741102         -2.766794e-20     
   23.405806      1.844381         -3.954351e-20     
   23.405806      1.948080         -4.634979e-20     
   23.405806      2.051920         -4.952528e-20     
   23.405806      2.155619         -5.013963e-20     
   23.405806      2.258898         -4.899005e-20     
   23.405806      2.361480         -4.667097e-20     
   23.405806      2.463087         -4.362401e-20     
   23.405806      2.563446         -4.017520e-20     
   23.405806      2.662286         -3.656238e-20     
   23.405806      2.759340         -3.295513e-20     
   23.405806      2.854347         -2.947048e-20     
   23.405806      2.947052         -2.618554e-20     
   23.405806      3.037203         -2.314726e-20     
   23.405806      3.124558         -2.037996e-20     
   23.405806      3.208881         -1.789130e-20     
   23.405806      3.289946         -1.567720e-20     
   23.405806      3.367533         -1.372564e-20     
   23.405806      3.441433         -1.201949e-20     
   23.405806      3.511448         -1.053867e-20     
   23.405806      3.577387         -9.261875e-21     
   23.405806      3.639075         -8.167732e-21     
   23.405806      3.696344         -7.235692e-21     
   23.405806      3.749040         -6.446577e-21     
   23.405806      3.797021         -5.782913e-21     
   23.405806      3.840157         -5.229115e-21     
   23.405806      3.878333         -4.771550e-21     
   23.405806      3.911445         -4.398528e-21     
   23.405806      3.939404         -4.100236e-21     
   23.405806      3.962134         -3.868651e-21     
   23.405806      3.979576         -3.697437e-21     
   23.405806      3.991681         -3.581849e-21     
   23.405806      3.998420         -3.518636e-21     
   23.405806      4.008294         -3.427474e-21     
   23.405806      4.043674         -3.114684e-21     
   23.405806      4.107227         -2.604993e-21     
   23.405806      4.198794         -1.979249e-21     
   23.405806      4.318131         -1.333266e-21     
   23.405806      4.464916         -7.577519e-22     
   23.405806      4.638754         -3.184770e-22     
   23.405806      4.839176         -4.239852e-23     
   23.405806      5.065642         8.473018e-23      
   23.405806      5.317541         1.071354e-22      
   23.405806      5.594194         7.833858e-23      
   23.405806      5.894856         4.063482e-23      
   23.405806      6.218716         1.480071e-23      
   23.405806      6.564900         3.167729e-24      
   23.405806      6.932477         -5.070343e-26     
   23.405806      7.320454         -3.096228e-25     
   23.405806      7.727785         -1.122035e-25     
   23.405806      8.153374         -1.858383e-26     
   23.405806      8.596072         -4.451464e-28     
   23.405806      9.054685         3.929750e-28      
   23.405806      9.527979         6.604920e-29      
   23.405806      10.014676        2.694779e-30      
   23.405806      10.513464        -3.004677e-31     
   23.405806      11.023000        -3.252886e-32     
   23.405806      11.541909        -4.568802e-34     
   23.405806      12.068793        5.356483e-35      
   23.405806      12.602230        1.837397e-36      
   23.405806      13.140784        -1.221511e-38     
   23.405806      13.683002        -3.761796e-39     
   23.405806      14.227422        -9.954238e-38     
   23.405806      14.772578        -4.250916e-36     
   23.405806      15.316998        -2.062171e-34     
   23.405806      15.859216        -1.107832e-32     
   23.405806      16.397770        -6.458631e-31     
   23.405806      16.931207        -3.925255e-29     
   23.405806      17.458091        -2.380398e-27     
   23.405806      17.977000        -1.353279e-25     
   23.405806      18.486536        -5.859535e-24     
   23.405806      18.985324        -5.546872e-23     
   23.405806      19.472021        2.602337e-20      
   23.405806      19.945315        4.235108e-18      
   23.405806      20.403928        2.795657e-16      
   23.405806      20.846626        1.222651e-14      
   23.405806      21.272215        -9.235899e-13     
   23.405806      21.679546        -1.332946e-10     
   23.405806      22.067523        -3.525698e-09     
   23.405806      22.435100        1.527439e-05      
   23.405806      22.781284        1.311543e-03      
   23.405806      23.105144        1.586829e-02      
   23.405806      23.405806        3.399137e-02      
   23.405806      23.682459        1.745900e-02      
   23.405806      23.934358        2.899891e-03      
   23.405806      24.160824        2.096087e-04      
   23.405806      24.361246        8.059699e-06      
   23.405806      24.535084        1.408977e-08      
   23.405806      24.681869        -6.965527e-08     
   23.405806      24.801206        -2.512916e-08     
   23.405806      24.892773        -8.499507e-09     
   23.405806      24.956326        -2.441026e-09     
   23.405806      24.991706        -3.201315e-10     
   23.682459      0.001580         -2.375872e-18     
   23.682459      0.008319         -1.247093e-17     
   23.682459      0.020424         -3.034792e-17     
   23.682459      0.037866         -5.461012e-17     
   23.682459      0.060596         -7.387711e-17     
   23.682459      0.088555         -8.328976e-17     
   23.682459      0.121667         -2.070857e-19     
   23.682459      0.159843         2.513729e-18      
   23.682459      0.202979         1.056700e-16      
   23.682459      0.250960         2.195503e-16      
   23.682459      0.303656         -1.153427e-17     
   23.682459      0.360925         -4.999137e-16     
   23.682459      0.422613         -3.661348e-16     
   23.682459      0.488552         3.329095e-16      
   23.682459      0.558567         1.098278e-15      
   23.682459      0.632467         1.346173e-15      
   23.682459      0.710054         9.411573e-16      
   23.682459      0.791119         3.544456e-16      
   23.682459      0.875442         4.911814e-17      
   23.682459      0.962797         -1.831907e-18     
   23.682459      1.052948         1.248748e-17      
   23.682459      1.145653         1.207041e-17      
   23.682459      1.240660         5.981721e-18      
   23.682459      1.337714         2.515838e-18      
   23.682459      1.436554         1.167137e-18      
   23.682459      1.536913         3.739106e-19      
   23.682459      1.638520         -1.639128e-19     
   23.682459      1.741102         -5.176282e-19     
   23.682459      1.844381         -7.400387e-19     
   23.682459      1.948080         -8.676556e-19     
   23.682459      2.051920         -9.273485e-19     
   23.682459      2.155619         -9.391016e-19     
   23.682459      2.258898         -9.178132e-19     
   23.682459      2.361480         -8.745966e-19     
   23.682459      2.463087         -8.177115e-19     
   23.682459      2.563446         -7.532594e-19     
   23.682459      2.662286         -6.856946e-19     
   23.682459      2.759340         -6.181963e-19     
   23.682459      2.854347         -5.529607e-19     
   23.682459      2.947052         -4.914374e-19     
   23.682459      3.037203         -4.345116e-19     
   23.682459      3.124558         -3.826441e-19     
   23.682459      3.208881         -3.359836e-19     
   23.682459      3.289946         -2.944580e-19     
   23.682459      3.367533         -2.578456e-19     
   23.682459      3.441433         -2.258284e-19     
   23.682459      3.511448         -1.980330e-19     
   23.682459      3.577387         -1.740615e-19     
   23.682459      3.639075         -1.535150e-19     
   23.682459      3.696344         -1.360092e-19     
   23.682459      3.749040         -1.211852e-19     
   23.682459      3.797021         -1.087160e-19     
   23.682459      3.840157         -9.830955e-20     
   23.682459      3.878333         -8.971040e-20     
   23.682459      3.911445         -8.269937e-20     
   23.682459      3.939404         -7.709242e-20     
   23.682459      3.962134         -7.273905e-20     
   23.682459      3.979576         -6.952036e-20     
   23.682459      3.991681         -6.734732e-20     
   23.682459      3.998420         -6.615889e-20     
   23.682459      4.008294         -6.444498e-20     
   23.682459      4.043674         -5.856392e-20     
   23.682459      4.107227         -4.897954e-20     
   23.682459      4.198794         -3.721072e-20     
   23.682459      4.318131         -2.505856e-20     
   23.682459      4.464916         -1.422964e-20     
   23.682459      4.638754         -5.963032e-21     
   23.682459      4.839176         -7.683508e-22     
   23.682459      5.065642         1.620666e-21      
   23.682459      5.317541         2.036123e-21      
   23.682459      5.594194         1.486796e-21      
   23.682459      5.894856         7.708158e-22      
   23.682459      6.218716         2.805496e-22      
   23.682459      6.564900         5.983478e-23      
   23.682459      6.932477         -1.148246e-24     
   23.682459      7.320454         -5.960298e-24     
   23.682459      7.727785         -2.152851e-24     
   23.682459      8.153374         -3.554474e-25     
   23.682459      8.596072         -7.985307e-27     
   23.682459      9.054685         7.681004e-27      
   23.682459      9.527979         1.283120e-27      
   23.682459      10.014676        5.141305e-29      
   23.682459      10.513464        -6.010609e-30     
   23.682459      11.023000        -6.425148e-31     
   23.682459      11.541909        -8.592580e-33     
   23.682459      12.068793        1.093873e-33      
   23.682459      12.602230        3.681158e-35      
   23.682459      13.140784        -2.835324e-37     
   23.682459      13.683002        -2.248197e-38     
   23.682459      14.227422        -2.681341e-39     
   23.682459      14.772578        -1.359305e-37     
   23.682459      15.316998        -8.060526e-36     
   23.682459      15.859216        -5.214684e-34     
   23.682459      16.397770        -3.626615e-32     
   23.682459      16.931207        -2.667107e-30     
   23.682459      17.458091        -2.015192e-28     
   23.682459      17.977000        -1.532555e-26     
   23.682459      18.486536        -1.126489e-24     
   23.682459      18.985324        -7.638143e-23     
   23.682459      19.472021        -4.551132e-21     
   23.682459      19.945315        -2.071184e-19     
   23.682459      20.403928        -4.019795e-18     
   23.682459      20.846626        -1.001932e-16     
   23.682459      21.272215        8.043277e-15      
   23.682459      21.679546        -4.351807e-12     
   23.682459      22.067523        -3.620944e-10     
   23.682459      22.435100        3.550979e-08      
   23.682459      22.781284        3.529404e-05      
   23.682459      23.105144        1.937429e-03      
   23.682459      23.405806        1.745900e-02      
   23.682459      23.682459        3.400667e-02      
   23.682459      23.934358        1.940535e-02      
   23.682459      24.160824        4.366073e-03      
   23.682459      24.361246        5.139197e-04      
   23.682459      24.535084        3.932927e-05      
   23.682459      24.681869        1.619761e-06      
   23.682459      24.801206        -3.328455e-07     
   23.682459      24.892773        -1.960480e-07     
   23.682459      24.956326        -8.038405e-08     
   23.682459      24.991706        -3.398771e-08     
   23.934358      0.001580         -3.233186e-17     
   23.934358      0.008319         -1.697092e-16     
   23.934358      0.020424         -4.129849e-16     
   23.934358      0.037866         -7.431435e-16     
   23.934358      0.060596         -1.005195e-15     
   23.934358      0.088555         -1.133002e-15     
   23.934358      0.121667         -9.565500e-19     
   23.934358      0.159843         3.632625e-17      
   23.934358      0.202979         1.441479e-15      
   23.934358      0.250960         2.992676e-15      
   23.934358      0.303656         -1.563243e-16     
   23.934358      0.360925         -6.809896e-15     
   23.934358      0.422613         -4.987589e-15     
   23.934358      0.488552         4.535264e-15      
   23.934358      0.558567         1.496157e-14      
   23.934358      0.632467         1.833841e-14      
   23.934358      0.710054         1.282089e-14      
   23.934358      0.791119         4.828331e-15      
   23.934358      0.875442         6.690689e-16      
   23.934358      0.962797         -2.492457e-17     
   23.934358      1.052948         1.701753e-16      
   23.934358      1.145653         1.644871e-16      
   23.934358      1.240660         8.152916e-17      
   23.934358      1.337714         3.430199e-17      
   23.934358      1.436554         1.591785e-17      
   23.934358      1.536913         5.101529e-18      
   23.934358      1.638520         -2.234589e-18     
   23.934358      1.741102         -7.061527e-18     
   23.934358      1.844381         -1.009849e-17     
   23.934358      1.948080         -1.184283e-17     
   23.934358      2.051920         -1.266057e-17     
   23.934358      2.155619         -1.282403e-17     
   23.934358      2.258898         -1.253625e-17     
   23.934358      2.361480         -1.194874e-17     
   23.934358      2.463087         -1.117415e-17     
   23.934358      2.563446         -1.029574e-17     
   23.934358      2.662286         -9.374344e-18     
   23.934358      2.759340         -8.453395e-18     
   23.934358      2.854347         -7.562941e-18     
   23.934358      2.947052         -6.722840e-18     
   23.934358      3.037203         -5.945251e-18     
   23.934358      3.124558         -5.236530e-18     
   23.934358      3.208881         -4.598768e-18     
   23.934358      3.289946         -4.031034e-18     
   23.934358      3.367533         -3.530343e-18     
   23.934358      3.441433         -3.092390e-18     
   23.934358      3.511448         -2.712100e-18     
   23.934358      3.577387         -2.384061e-18     
   23.934358      3.639075         -2.102839e-18     
   23.934358      3.696344         -1.863193e-18     
   23.934358      3.749040         -1.660230e-18     
   23.934358      3.797021         -1.489484e-18     
   23.934358      3.840157         -1.346967e-18     
   23.934358      3.878333         -1.229188e-18     
   23.934358      3.911445         -1.133152e-18     
   23.934358      3.939404         -1.056343e-18     
   23.934358      3.962134         -9.967028e-19     
   23.934358      3.979576         -9.526054e-19     
   23.934358      3.991681         -9.228329e-19     
   23.934358      3.998420         -9.065499e-19     
   23.934358      4.008294         -8.830668e-19     
   23.934358      4.043674         -8.024834e-19     
   23.934358      4.107227         -6.711419e-19     
   23.934358      4.198794         -5.098390e-19     
   23.934358      4.318131         -3.432489e-19     
   23.934358      4.464916         -1.947690e-19     
   23.934358      4.638754         -8.140713e-20     
   23.934358      4.839176         -1.018005e-20     
   23.934358      5.065642         2.254087e-20      
   23.934358      5.317541         2.816387e-20      
   23.934358      5.594194         2.054131e-20      
   23.934358      5.894856         1.064477e-20      
   23.934358      6.218716         3.871793e-21      
   23.934358      6.564900         8.232019e-22      
   23.934358      6.932477         -1.813765e-23     
   23.934358      7.320454         -8.337698e-23     
   23.934358      7.727785         -3.003025e-23     
   23.934358      8.153374         -4.944380e-24     
   23.934358      8.596072         -1.045115e-25     
   23.934358      9.054685         1.088909e-25      
   23.934358      9.527979         1.809405e-26      
   23.934358      10.014676        7.132321e-28      
   23.934358      10.513464        -8.693783e-29     
   23.934358      11.023000        -9.192327e-30     
   23.934358      11.541909        -1.174271e-31     
   23.934358      12.068793        1.610420e-32      
   23.934358      12.602230        5.329583e-34      
   23.934358      13.140784        -4.627189e-36     
   23.934358      13.683002        -3.372508e-37     
   23.934358      14.227422        -1.844167e-39     
   23.934358      14.772578        2.568214e-39      
   23.934358      15.316998        -2.206387e-38     
   23.934358      15.859216        -9.794730e-36     
   23.934358      16.397770        -1.151864e-33     
   23.934358      16.931207        -1.152205e-31     
   23.934358      17.458091        -1.096240e-29     
   23.934358      17.977000        -1.013575e-27     
   23.934358      18.486536        -9.095399e-26     
   23.934358      18.985324        -7.710916e-24     
   23.934358      19.472021        -6.082589e-22     
   23.934358      19.945315        -4.306715e-20     
   23.934358      20.403928        -2.635516e-18     
   23.934358      20.846626        -1.362707e-16     
   23.934358      21.272215        -7.364814e-15     
   23.934358      21.679546        -2.901310e-13     
   23.934358      22.067523        -3.030670e-11     
   23.934358      22.435100        -1.455746e-09     
   23.934358      22.781284        2.741909e-07      
   23.934358      23.105144        8.517987e-05      
   23.934358      23.405806        2.899891e-03      
   23.934358      23.682459        1.940535e-02      
   23.934358      23.934358        3.439277e-02      
   23.934358      24.160824        2.178003e-02      
   23.934358      24.361246        6.570880e-03      
   23.934358      24.535084        1.232212e-03      
   23.934358      24.681869        1.790935e-04      
   23.934358      24.801206        2.301225e-05      
   23.934358      24.892773        2.547068e-06      
   23.934358      24.956326        1.708927e-07      
   23.934358      24.991706        1.369018e-08      
   24.160824      0.001580         -3.258348e-16     
   24.160824      0.008319         -1.710298e-15     
   24.160824      0.020424         -4.161981e-15     
   24.160824      0.037866         -7.489214e-15     
   24.160824      0.060596         -1.012956e-14     
   24.160824      0.088555         -1.141642e-14     
   24.160824      0.121667         -2.144595e-18     
   24.160824      0.159843         3.746468e-16      
   24.160824      0.202979         1.454106e-14      
   24.160824      0.250960         3.017976e-14      
   24.160824      0.303656         -1.572558e-15     
   24.160824      0.360925         -6.865653e-14     
   24.160824      0.422613         -5.028442e-14     
   24.160824      0.488552         4.572622e-14      
   24.160824      0.558567         1.508460e-13      
   24.160824      0.632467         1.848919e-13      
   24.160824      0.710054         1.292631e-13      
   24.160824      0.791119         4.868044e-14      
   24.160824      0.875442         6.746030e-15      
   24.160824      0.962797         -2.507554e-16     
   24.160824      1.052948         1.716389e-15      
   24.160824      1.145653         1.658958e-15      
   24.160824      1.240660         8.224220e-16      
   24.160824      1.337714         3.461394e-16      
   24.160824      1.436554         1.606724e-16      
   24.160824      1.536913         5.151421e-17      
   24.160824      1.638520         -2.254594e-17     
   24.160824      1.741102         -7.129630e-17     
   24.160824      1.844381         -1.019871e-16     
   24.160824      1.948080         -1.196321e-16     
   24.160824      2.051920         -1.279222e-16     
   24.160824      2.155619         -1.296034e-16     
   24.160824      2.258898         -1.267237e-16     
   24.160824      2.361480         -1.208119e-16     
   24.160824      2.463087         -1.130053e-16     
   24.160824      2.563446         -1.041448e-16     
   24.160824      2.662286         -9.484482e-17     
   24.160824      2.759340         -8.554492e-17     
   24.160824      2.854347         -7.654925e-17     
   24.160824      2.947052         -6.805915e-17     
   24.160824      3.037203         -6.019816e-17     
   24.160824      3.124558         -5.303119e-17     
   24.160824      3.208881         -4.657996e-17     
   24.160824      3.289946         -4.083556e-17     
   24.160824      3.367533         -3.576828e-17     
   24.160824      3.441433         -3.133492e-17     
   24.160824      3.511448         -2.748448e-17     
   24.160824      3.577387         -2.416244e-17     
   24.160824      3.639075         -2.131400e-17     
   24.160824      3.696344         -1.888631e-17     
   24.160824      3.749040         -1.682992e-17     
   24.160824      3.797021         -1.509972e-17     
   24.160824      3.840157         -1.365542e-17     
   24.160824      3.878333         -1.246170e-17     
   24.160824      3.911445         -1.148826e-17     
   24.160824      3.939404         -1.070967e-17     
   24.160824      3.962134         -1.010507e-17     
   24.160824      3.979576         -9.658020e-18     
   24.160824      3.991681         -9.356181e-18     
   24.160824      3.998420         -9.191097e-18     
   24.160824      4.008294         -8.953013e-18     
   24.160824      4.043674         -8.135974e-18     
   24.160824      4.107227         -6.804166e-18     
   24.160824      4.198794         -5.168310e-18     
   24.160824      4.318131         -3.478544e-18     
   24.160824      4.464916         -1.972227e-18     
   24.160824      4.638754         -8.220859e-19     
   24.160824      4.839176         -9.957379e-20     
   24.160824      5.065642         2.319315e-19      
   24.160824      5.317541         2.881808e-19      
   24.160824      5.594194         2.099195e-19      
   24.160824      5.894856         1.087253e-19      
   24.160824      6.218716         3.951621e-20      
   24.160824      6.564900         8.374135e-21      
   24.160824      6.932477         -2.089216e-22     
   24.160824      7.320454         -8.622966e-22     
   24.160824      7.727785         -3.096465e-22     
   24.160824      8.153374         -5.082839e-23     
   24.160824      8.596072         -1.004983e-24     
   24.160824      9.054685         1.140431e-24      
   24.160824      9.527979         1.884472e-25      
   24.160824      10.014676        7.300615e-27      
   24.160824      10.513464        -9.280036e-28     
   24.160824      11.023000        -9.702421e-29     
   24.160824      11.541909        -1.179539e-30     
   24.160824      12.068793        1.746715e-31      
   24.160824      12.602230        5.681065e-33      
   24.160824      13.140784        -5.492928e-35     
   24.160824      13.683002        -3.722888e-36     
   24.160824      14.227422        -1.894660e-38     
   24.160824      14.772578        1.841816e-39      
   24.160824      15.316998        4.904055e-38      
   24.160824      15.859216        2.091556e-36      
   24.160824      16.397770        8.369806e-35      
   24.160824      16.931207        2.114663e-33      
   24.160824      17.458091        -1.362877e-31     
   24.160824      17.977000        -3.438243e-29     
   24.160824      18.486536        -4.679399e-27     
   24.160824      18.985324        -5.251053e-25     
   24.160824      19.472021        -5.172191e-23     
   24.160824      19.945315        -4.562755e-21     
   24.160824      20.403928        -3.506079e-19     
   24.160824      20.846626        -2.356105e-17     
   24.160824      21.272215        -1.375803e-15     
   24.160824      21.679546        -7.465235e-14     
   24.160824      22.067523        -3.375610e-12     
   24.160824      22.435100        -2.054469e-10     
   24.160824      22.781284        -6.756988e-09     
   24.160824      23.105144        1.553297e-06      
   24.160824      23.405806        2.096087e-04      
   24.160824      23.682459        4.366073e-03      
   24.160824      23.934358        2.178003e-02      
   24.160824      24.160824        3.524903e-02      
   24.160824      24.361246        2.471590e-02      
   24.160824      24.535084        9.856213e-03      
   24.160824      24.681869        2.866894e-03      
   24.160824      24.801206        7.604863e-04      
   24.160824      24.892773        2.260544e-04      
   24.160824      24.956326        9.059800e-05      
   24.160824      24.991706        5.445015e-05      
   24.361246      0.001580         -2.439862e-15     
   24.361246      0.008319         -1.280673e-14     
   24.361246      0.020424         -3.116488e-14     
   24.361246      0.037866         -5.607840e-14     
   24.361246      0.060596         -7.583803e-14     
   24.361246      0.088555         -8.545134e-14     
   24.361246      0.121667         1.334506e-16      
   24.361246      0.159843         2.975463e-15      
   24.361246      0.202979         1.091639e-13      
   24.361246      0.250960         2.263861e-13      
   24.361246      0.303656         -1.172493e-14     
   24.361246      0.360925         -5.146641e-13     
   24.361246      0.422613         -3.769491e-13     
   24.361246      0.488552         3.428015e-13      
   24.361246      0.558567         1.130844e-12      
   24.361246      0.632467         1.386071e-12      
   24.361246      0.710054         9.690352e-13      
   24.361246      0.791119         3.649320e-13      
   24.361246      0.875442         5.056862e-14      
   24.361246      0.962797         -1.878227e-15     
   24.361246      1.052948         1.287191e-14      
   24.361246      1.145653         1.244102e-14      
   24.361246      1.240660         6.168619e-15      
   24.361246      1.337714         2.597077e-15      
   24.361246      1.436554         1.205859e-15      
   24.361246      1.536913         3.867731e-16      
   24.361246      1.638520         -1.691209e-16     
   24.361246      1.741102         -5.351882e-16     
   24.361246      1.844381         -7.657742e-16     
   24.361246      1.948080         -8.984643e-16     
   24.361246      2.051920         -9.609291e-16     
   24.361246      2.155619         -9.737595e-16     
   24.361246      2.258898         -9.523179e-16     
   24.361246      2.361480         -9.080744e-16     
   24.361246      2.463087         -8.495642e-16     
   24.361246      2.563446         -7.831019e-16     
   24.361246      2.662286         -7.133056e-16     
   24.361246      2.759340         -6.434792e-16     
   24.361246      2.854347         -5.759121e-16     
   24.361246      2.947052         -5.121214e-16     
   24.361246      3.037203         -4.530402e-16     
   24.361246      3.124558         -3.991605e-16     
   24.361246      3.208881         -3.506495e-16     
   24.361246      3.289946         -3.074438e-16     
   24.361246      3.367533         -2.693228e-16     
   24.361246      3.441433         -2.359644e-16     
   24.361246      3.511448         -2.069869e-16     
   24.361246      3.577387         -1.819819e-16     
   24.361246      3.639075         -1.605386e-16     
   24.361246      3.696344         -1.422603e-16     
   24.361246      3.749040         -1.267757e-16     
   24.361246      3.797021         -1.137459e-16     
   24.361246      3.840157         -1.028681e-16     
   24.361246      3.878333         -9.387692e-17     
   24.361246      3.911445         -8.654445e-17     
   24.361246      3.939404         -8.067925e-17     
   24.361246      3.962134         -7.612461e-17     
   24.361246      3.979576         -7.275668e-17     
   24.361246      3.991681         -7.048267e-17     
   24.361246      3.998420         -6.923893e-17     
   24.361246      4.008294         -6.744519e-17     
   24.361246      4.043674         -6.128934e-17     
   24.361246      4.107227         -5.125425e-17     
   24.361246      4.198794         -3.892682e-17     
   24.361246      4.318131         -2.619151e-17     
   24.361246      4.464916         -1.483758e-17     
   24.361246      4.638754         -6.168195e-18     
   24.361246      4.839176         -7.235673e-19     
   24.361246      5.065642         1.771320e-18      
   24.361246      5.317541         2.189269e-18      
   24.361246      5.594194         1.592701e-18      
   24.361246      5.894856         8.244352e-19      
   24.361246      6.218716         2.993964e-19      
   24.361246      6.564900         6.324211e-20      
   24.361246      6.932477         -1.753390e-21     
   24.361246      7.320454         -6.612211e-21     
   24.361246      7.727785         -2.367454e-21     
   24.361246      8.153374         -3.874490e-22     
   24.361246      8.596072         -7.159576e-24     
   24.361246      9.054685         8.841111e-24      
   24.361246      9.527979         1.453103e-24      
   24.361246      10.014676        5.536002e-26      
   24.361246      10.513464        -7.314533e-27     
   24.361246      11.023000        -7.567335e-28     
   24.361246      11.541909        -8.762831e-30     
   24.361246      12.068793        1.395144e-30      
   24.361246      12.602230        4.464535e-32      
   24.361246      13.140784        -4.719902e-34     
   24.361246      13.683002        -3.014234e-35     
   24.361246      14.227422        -1.345378e-37     
   24.361246      14.772578        5.712322e-39      
   24.361246      15.316998        7.091252e-39      
   24.361246      15.859216        3.662979e-37      
   24.361246      16.397770        2.017722e-35      
   24.361246      16.931207        1.118514e-33      
   24.361246      17.458091        5.667382e-32      
   24.361246      17.977000        1.916549e-30      
   24.361246      18.486536        -8.228354e-29     
   24.361246      18.985324        -2.820844e-26     
   24.361246      19.472021        -4.074513e-24     
   24.361246      19.945315        -4.543151e-22     
   24.361246      20.403928        -4.258941e-20     
   24.361246      20.846626        -3.364214e-18     
   24.361246      21.272215        -2.299829e-16     
   24.361246      21.679546        -1.342724e-14     
   24.361246      22.067523        -6.841985e-13     
   24.361246      22.435100        -3.097666e-11     
   24.361246      22.781284        -1.378235e-09     
   24.361246      23.105144        -2.463769e-08     
   24.361246      23.405806        8.059699e-06      
   24.361246      23.682459        5.139197e-04      
   24.361246      23.934358        6.570880e-03      
   24.361246      24.160824        2.471590e-02      
   24.361246      24.361246        3.679277e-02      
   24.361246      24.535084        2.852168e-02      
   24.361246      24.681869        1.483596e-02      
   24.361246      24.801206        6.511791e-03      
   24.361246      24.892773        2.937502e-03      
   24.361246      24.956326        1.579193e-03      
   24.361246      24.991706        1.099530e-03      
   24.535084      0.001580         -1.231570e-14     
   24.535084      0.008319         -6.464418e-14     
   24.535084      0.020424         -1.573089e-13     
   24.535084      0.037866         -2.830537e-13     
   24.535084      0.060596         -3.826562e-13     
   24.535084      0.088555         -4.309038e-13     
   24.535084      0.121667         2.490601e-15      
   24.535084      0.159843         1.708365e-14      
   24.535084      0.202979         5.544130e-13      
   24.535084      0.250960         1.147538e-12      
   24.535084      0.303656         -5.859416e-14     
   24.535084      0.360925         -2.604596e-12     
   24.535084      0.422613         -1.907709e-12     
   24.535084      0.488552         1.735049e-12      
   24.535084      0.558567         5.723338e-12      
   24.535084      0.632467         7.014855e-12      
   24.535084      0.710054         4.904047e-12      
   24.535084      0.791119         1.846680e-12      
   24.535084      0.875442         2.558163e-13      
   24.535084      0.962797         -9.524660e-15     
   24.535084      1.052948         6.515972e-14      
   24.535084      1.145653         6.297917e-14      
   24.535084      1.240660         3.123031e-14      
   24.535084      1.337714         1.315146e-14      
   24.535084      1.436554         6.107675e-15      
   24.535084      1.536913         1.959590e-15      
   24.535084      1.638520         -8.562593e-16     
   24.535084      1.741102         -2.711105e-15     
   24.535084      1.844381         -3.879953e-15     
   24.535084      1.948080         -4.553010e-15     
   24.535084      2.051920         -4.870318e-15     
   24.535084      2.155619         -4.936108e-15     
   24.535084      2.258898         -4.828151e-15     
   24.535084      2.361480         -4.604534e-15     
   24.535084      2.463087         -4.308487e-15     
   24.535084      2.563446         -3.972006e-15     
   24.535084      2.662286         -3.618503e-15     
   24.535084      2.759340         -3.264733e-15     
   24.535084      2.854347         -2.922314e-15     
   24.535084      2.947052         -2.598956e-15     
   24.535084      3.037203         -2.299403e-15     
   24.535084      3.124558         -2.026168e-15     
   24.535084      3.208881         -1.780112e-15     
   24.535084      3.289946         -1.560927e-15     
   24.535084      3.367533         -1.367505e-15     
   24.535084      3.441433         -1.198223e-15     
   24.535084      3.511448         -1.051152e-15     
   24.535084      3.577387         -9.242270e-16     
   24.535084      3.639075         -8.153680e-16     
   24.535084      3.696344         -7.225664e-16     
   24.535084      3.749040         -6.439416e-16     
   24.535084      3.797021         -5.777760e-16     
   24.535084      3.840157         -5.225338e-16     
   24.535084      3.878333         -4.768696e-16     
   24.535084      3.911445         -4.396277e-16     
   24.535084      3.939404         -4.098367e-16     
   24.535084      3.962134         -3.867015e-16     
   24.535084      3.979576         -3.695937e-16     
   24.535084      3.991681         -3.580423e-16     
   24.535084      3.998420         -3.517244e-16     
   24.535084      4.008294         -3.426124e-16     
   24.535084      4.043674         -3.113405e-16     
   24.535084      4.107227         -2.603586e-16     
   24.535084      4.198794         -1.977245e-16     
   24.535084      4.318131         -1.330106e-16     
   24.535084      4.464916         -7.530968e-17     
   24.535084      4.638754         -3.124907e-17     
   24.535084      4.839176         -3.581163e-18     
   24.535084      5.065642         9.086641e-18      
   24.535084      5.317541         1.119020e-17      
   24.535084      5.594194         8.134255e-18      
   24.535084      5.894856         4.209142e-18      
   24.535084      6.218716         1.527805e-18      
   24.535084      6.564900         3.220045e-19      
   24.535084      6.932477         -9.571538e-21     
   24.535084      7.320454         -3.404105e-20     
   24.535084      7.727785         -1.216465e-20     
   24.535084      8.153374         -1.986842e-21     
   24.535084      8.596072         -3.486926e-23     
   24.535084      9.054685         4.590037e-23      
   24.535084      9.527979         7.517073e-24      
   24.535084      10.014676        2.829729e-25      
   24.535084      10.513464        -3.844975e-26     
   24.535084      11.023000        -3.949653e-27     
   24.535084      11.541909        -4.410538e-29     
   24.535084      12.068793        7.410572e-30      
   24.535084      12.602230        2.345056e-31      
   24.535084      13.140784        -2.635605e-33     
   24.535084      13.683002        -1.618735e-34     
   24.535084      14.227422        -6.492505e-37     
   24.535084      14.772578        3.115107e-38      
   24.535084      15.316998        7.117305e-40      
   24.535084      15.859216        2.330364e-38      
   24.535084      16.397770        1.564312e-36      
   24.535084      16.931207        1.027479e-34      
   24.535084      17.458091        6.184850e-33      
   24.535084      17.977000        2.767554e-31      
   24.535084      18.486536        -2.605161e-30     
   24.535084      18.985324        -2.954258e-27     
   24.535084      19.472021        -5.110622e-25     
   24.535084      19.945315        -6.428596e-23     
   24.535084      20.403928        -6.695534e-21     
   24.535084      20.846626        -5.885448e-19     
   24.535084      21.272215        -4.391355e-17     
   24.535084      21.679546        -2.798595e-15     
   24.535084      22.067523        -1.506539e-13     
   24.535084      22.435100        -6.885619e-12     
   24.535084      22.781284        -2.831796e-10     
   24.535084      23.105144        -9.763574e-09     
   24.535084      23.405806        1.408977e-08      
   24.535084      23.682459        3.932927e-05      
   24.535084      23.934358        1.232212e-03      
   24.535084      24.160824        9.856213e-03      
   24.535084      24.361246        2.852168e-02      
   24.535084      24.535084        3.959149e-02      
   24.535084      24.681869        3.400778e-02      
   24.535084      24.801206        2.264601e-02      
   24.535084      24.892773        1.409036e-02      
   24.535084      24.956326        9.399752e-03      
   24.535084      24.991706        7.325056e-03      
   24.681869      0.001580         -4.116556e-14     
   24.681869      0.008319         -2.160737e-13     
   24.681869      0.020424         -5.258030e-13     
   24.681869      0.037866         -9.460743e-13     
   24.681869      0.060596         -1.278588e-12     
   24.681869      0.088555         -1.439031e-12     
   24.681869      0.121667         1.370629e-14      
   24.681869      0.159843         6.321648e-14      
   24.681869      0.202979         1.863137e-12      
   24.681869      0.250960         3.849815e-12      
   24.681869      0.303656         -1.940885e-13     
   24.681869      0.360925         -8.725385e-12     
   24.681869      0.422613         -6.390883e-12     
   24.681869      0.488552         5.812859e-12      
   24.681869      0.558567         1.917339e-11      
   24.681869      0.632467         2.349894e-11      
   24.681869      0.710054         1.642705e-11      
   24.681869      0.791119         6.185254e-12      
   24.681869      0.875442         8.565875e-13      
   24.681869      0.962797         -3.195569e-14     
   24.681869      1.052948         2.183042e-13      
   24.681869      1.145653         2.109958e-13      
   24.681869      1.240660         1.046374e-13      
   24.681869      1.337714         4.407207e-14      
   24.681869      1.436554         2.047060e-14      
   24.681869      1.536913         6.569035e-15      
   24.681869      1.638520         -2.869369e-15     
   24.681869      1.741102         -9.087999e-15     
   24.681869      1.844381         -1.300797e-14     
   24.681869      1.948080         -1.526638e-14     
   24.681869      2.051920         -1.633233e-14     
   24.681869      2.155619         -1.655500e-14     
   24.681869      2.258898         -1.619496e-14     
   24.681869      2.361480         -1.544682e-14     
   24.681869      2.463087         -1.445550e-14     
   24.681869      2.563446         -1.332824e-14     
   24.681869      2.662286         -1.214355e-14     
   24.681869      2.759340         -1.095765e-14     
   24.681869      2.854347         -9.809544e-15     
   24.681869      2.947052         -8.725115e-15     
   24.681869      3.037203         -7.720330e-15     
   24.681869      3.124558         -6.803657e-15     
   24.681869      3.208881         -5.978031e-15     
   24.681869      3.289946         -5.242453e-15     
   24.681869      3.367533         -4.593242e-15     
   24.681869      3.441433         -4.024975e-15     
   24.681869      3.511448         -3.531205e-15     
   24.681869      3.577387         -3.105023e-15     
   24.681869      3.639075         -2.739461e-15     
   24.681869      3.696344         -2.427792e-15     
   24.681869      3.749040         -2.163710e-15     
   24.681869      3.797021         -1.941457e-15     
   24.681869      3.840157         -1.755884e-15     
   24.681869      3.878333         -1.602475e-15     
   24.681869      3.911445         -1.477355e-15     
   24.681869      3.939404         -1.377262e-15     
   24.681869      3.962134         -1.299529e-15     
   24.681869      3.979576         -1.242045e-15     
   24.681869      3.991681         -1.203231e-15     
   24.681869      3.998420         -1.182002e-15     
   24.681869      4.008294         -1.151384e-15     
   24.681869      4.043674         -1.046300e-15     
   24.681869      4.107227         -8.749726e-16     
   24.681869      4.198794         -6.644662e-16     
   24.681869      4.318131         -4.469421e-16     
   24.681869      4.464916         -2.529646e-16     
   24.681869      4.638754         -1.048267e-16     
   24.681869      4.839176         -1.180440e-17     
   24.681869      5.065642         3.076516e-17      
   24.681869      5.317541         3.779097e-17      
   24.681869      5.594194         2.745637e-17      
   24.681869      5.894856         1.420520e-17      
   24.681869      6.218716         5.154626e-18      
   24.681869      6.564900         1.084654e-18      
   24.681869      6.932477         -3.392037e-20     
   24.681869      7.320454         -1.156665e-19     
   24.681869      7.727785         -4.127871e-20     
   24.681869      8.153374         -6.732508e-21     
   24.681869      8.596072         -1.132651e-22     
   24.681869      9.054685         1.570863e-22      
   24.681869      9.527979         2.565918e-23      
   24.681869      10.014676        9.568657e-25      
   24.681869      10.513464        -1.329601e-25     
   24.681869      11.023000        -1.358530e-26     
   24.681869      11.541909        -1.472276e-28     
   24.681869      12.068793        2.586016e-29      
   24.681869      12.602230        8.112404e-31      
   24.681869      13.140784        -9.566284e-33     
   24.681869      13.683002        -5.703663e-34     
   24.681869      14.227422        -2.077027e-36     
   24.681869      14.772578        1.134318e-37      
   24.681869      15.316998        1.121712e-39      
   24.681869      15.859216        -5.474733e-39     
   24.681869      16.397770        -2.495090e-37     
   24.681869      16.931207        -1.249520e-35     
   24.681869      17.458091        -7.582303e-34     
   24.681869      17.977000        -6.448611e-32     
   24.681869      18.486536        -7.430502e-30     
   24.681869      18.985324        -9.627158e-28     
   24.681869      19.472021        -1.219667e-25     
   24.681869      19.945315        -1.419143e-23     
   24.681869      20.403928        -1.477597e-21     
   24.681869      20.846626        -1.349095e-19     
   24.681869      21.272215        -1.057432e-17     
   24.681869      21.679546        -7.105853e-16     
   24.681869      22.067523        -4.016225e-14     
   24.681869      22.435100        -1.909721e-12     
   24.681869      22.781284        -7.675304e-11     
   24.681869      23.105144        -2.689718e-09     
   24.681869      23.405806        -6.965527e-08     
   24.681869      23.682459        1.619761e-06      
   24.681869      23.934358        1.790935e-04      
   24.681869      24.160824        2.866894e-03      
   24.681869      24.361246        1.483596e-02      
   24.681869      24.535084        3.400778e-02      
   24.681869      24.681869        4.468403e-02      
   24.681869      24.801206        4.198041e-02      
   24.681869      24.892773        3.379833e-02      
   24.681869      24.956326        2.674141e-02      
   24.681869      24.991706        2.280306e-02      
   24.801206      0.001580         -1.020735e-13     
   24.801206      0.008319         -5.357740e-13     
   24.801206      0.020424         -1.303776e-12     
   24.801206      0.037866         -2.345888e-12     
   24.801206      0.060596         -3.170603e-12     
   24.801206      0.088555         -3.568876e-12     
   24.801206      0.121667         3.088270e-14      
   24.801206      0.159843         1.532376e-13      
   24.801206      0.202979         4.613710e-12      
   24.801206      0.250960         9.536707e-12      
   24.801206      0.303656         -4.819112e-13     
   24.801206      0.360925         -2.161872e-11     
   24.801206      0.422613         -1.583337e-11     
   24.801206      0.488552         1.440093e-11      
   24.801206      0.558567         4.749702e-11      
   24.801206      0.632467         5.820884e-11      
   24.801206      0.710054         4.068907e-11      
   24.801206      0.791119         1.532018e-11      
   24.801206      0.875442         2.121973e-12      
   24.801206      0.962797         -7.883316e-14     
   24.801206      1.052948         5.407970e-13      
   24.801206      1.145653         5.226320e-13      
   24.801206      1.240660         2.592128e-13      
   24.801206      1.337714         1.092028e-13      
   24.801206      1.436554         5.073016e-14      
   24.801206      1.536913         1.628172e-14      
   24.801206      1.638520         -7.110646e-15     
   24.801206      1.741102         -2.252649e-14     
   24.801206      1.844381         -3.224712e-14     
   24.801206      1.948080         -3.785047e-14     
   24.801206      2.051920         -4.049842e-14     
   24.801206      2.155619         -4.105582e-14     
   24.801206      2.258898         -4.016815e-14     
   24.801206      2.361480         -3.831762e-14     
   24.801206      2.463087         -3.586326e-14     
   24.801206      2.563446         -3.307095e-14     
   24.801206      2.662286         -3.013535e-14     
   24.801206      2.759340         -2.719589e-14     
   24.801206      2.854347         -2.434940e-14     
   24.801206      2.947052         -2.166020e-14     
   24.801206      3.037203         -1.916799e-14     
   24.801206      3.124558         -1.689390e-14     
   24.801206      3.208881         -1.484532e-14     
   24.801206      3.289946         -1.301988e-14     
   24.801206      3.367533         -1.140852e-14     
   24.801206      3.441433         -9.997859e-15     
   24.801206      3.511448         -8.771975e-15     
   24.801206      3.577387         -7.713762e-15     
   24.801206      3.639075         -6.805971e-15     
   24.801206      3.696344         -6.031930e-15     
   24.801206      3.749040         -5.376017e-15     
   24.801206      3.797021         -4.823953e-15     
   24.801206      3.840157         -4.362965e-15     
   24.801206      3.878333         -3.981855e-15     
   24.801206      3.911445         -3.671004e-15     
   24.801206      3.939404         -3.422322e-15     
   24.801206      3.962134         -3.229185e-15     
   24.801206      3.979576         -3.086357e-15     
   24.801206      3.991681         -2.989915e-15     
   24.801206      3.998420         -2.937165e-15     
   24.801206      4.008294         -2.861085e-15     
   24.801206      4.043674         -2.599967e-15     
   24.801206      4.107227         -2.174214e-15     
   24.801206      4.198794         -1.651053e-15     
   24.801206      4.318131         -1.110391e-15     
   24.801206      4.464916         -6.282013e-16     
   24.801206      4.638754         -2.599346e-16     
   24.801206      4.839176         -2.870154e-17     
   24.801206      5.065642         7.704945e-17      
   24.801206      5.317541         9.437904e-17      
   24.801206      5.594194         6.852554e-17      
   24.801206      5.894856         3.544376e-17      
   24.801206      6.218716         1.285612e-17      
   24.801206      6.564900         2.700166e-18      
   24.801206      6.932477         -8.899880e-20     
   24.801206      7.320454         -2.905858e-19     
   24.801206      7.727785         -1.035371e-19     
   24.801206      8.153374         -1.685755e-20     
   24.801206      8.596072         -2.701586e-22     
   24.801206      9.054685         3.973856e-22      
   24.801206      9.527979         6.471076e-23      
   24.801206      10.014676        2.387466e-24      
   24.801206      10.513464        -3.398019e-25     
   24.801206      11.023000        -3.450656e-26     
   24.801206      11.541909        -3.613750e-28     
   24.801206      12.068793        6.664001e-29      
   24.801206      12.602230        2.069668e-30      
   24.801206      13.140784        -2.562642e-32     
   24.801206      13.683002        -1.481377e-33     
   24.801206      14.227422        -4.829188e-36     
   24.801206      14.772578        3.037895e-37      
   24.801206      15.316998        3.116998e-39      
   24.801206      15.859216        -6.383821e-40     
   24.801206      16.397770        -4.595214e-39     
   24.801206      16.931207        1.830504e-36      
   24.801206      17.458091        2.639590e-34      
   24.801206      17.977000        2.685496e-32      
   24.801206      18.486536        2.235661e-30      
   24.801206      18.985324        1.404670e-28      
   24.801206      19.472021        3.102436e-27      
   24.801206      19.945315        -8.369880e-25     
   24.801206      20.403928        -1.771238e-22     
   24.801206      20.846626        -2.245309e-20     
   24.801206      21.272215        -2.160141e-18     
   24.801206      21.679546        -1.673125e-16     
   24.801206      22.067523        -1.061743e-14     
   24.801206      22.435100        -5.487766e-13     
   24.801206      22.781284        -2.347054e-11     
   24.801206      23.105144        -8.426106e-10     
   24.801206      23.405806        -2.512916e-08     
   24.801206      23.682459        -3.328455e-07     
   24.801206      23.934358        2.301225e-05      
   24.801206      24.160824        7.604863e-04      
   24.801206      24.361246        6.511791e-03      
   24.801206      24.535084        2.264601e-02      
   24.801206      24.681869        4.198041e-02      
   24.801206      24.801206        5.177542e-02      
   24.801206      24.892773        5.093960e-02      
   24.801206      24.956326        4.602000e-02      
   24.801206      24.991706        4.212047e-02      
   24.892773      0.001580         -2.251535e-13     
   24.892773      0.008319         -1.181839e-12     
   24.892773      0.020424         -2.876025e-12     
   24.892773      0.037866         -5.175559e-12     
   24.892773      0.060596         -7.004764e-12     
   24.892773      0.088555         -7.903461e-12     
   24.892773      0.121667         -6.273444e-14     
   24.892773      0.159843         1.893975e-13      
   24.892773      0.202979         9.935279e-12      
   24.892773      0.250960         2.069659e-11      
   24.892773      0.303656         -1.106090e-12     
   24.892773      0.360925         -4.723142e-11     
   24.892773      0.422613         -3.459394e-11     
   24.892773      0.488552         3.145883e-11      
   24.892773      0.558567         1.037996e-10      
   24.892773      0.632467         1.272508e-10      
   24.892773      0.710054         8.898380e-11      
   24.892773      0.791119         3.352177e-11      
   24.892773      0.875442         4.650101e-12      
   24.892773      0.962797         -1.703958e-13     
   24.892773      1.052948         1.182925e-12      
   24.892773      1.145653         1.143280e-12      
   24.892773      1.240660         5.671011e-13      
   24.892773      1.337714         2.389170e-13      
   24.892773      1.436554         1.109964e-13      
   24.892773      1.536913         3.562838e-14      
   24.892773      1.638520         -1.556057e-14     
   24.892773      1.741102         -4.930380e-14     
   24.892773      1.844381         -7.058927e-14     
   24.892773      1.948080         -8.286682e-14     
   24.892773      2.051920         -8.867681e-14     
   24.892773      2.155619         -8.991037e-14     
   24.892773      2.258898         -8.797915e-14     
   24.892773      2.361480         -8.393798e-14     
   24.892773      2.463087         -7.857249e-14     
   24.892773      2.563446         -7.246467e-14     
   24.892773      2.662286         -6.604080e-14     
   24.892773      2.759340         -5.960645e-14     
   24.892773      2.854347         -5.337390e-14     
   24.892773      2.947052         -4.748433e-14     
   24.892773      3.037203         -4.202504e-14     
   24.892773      3.124558         -3.704259e-14     
   24.892773      3.208881         -3.255344e-14     
   24.892773      3.289946         -2.855262e-14     
   24.892773      3.367533         -2.502050e-14     
   24.892773      3.441433         -2.192793e-14     
   24.892773      3.511448         -1.924012e-14     
   24.892773      3.577387         -1.691969e-14     
   24.892773      3.639075         -1.492892e-14     
   24.892773      3.696344         -1.323133e-14     
   24.892773      3.749040         -1.179270e-14     
   24.892773      3.797021         -1.058177e-14     
   24.892773      3.840157         -9.570559e-15     
   24.892773      3.878333         -8.734530e-15     
   24.892773      3.911445         -8.052597e-15     
   24.892773      3.939404         -7.507032e-15     
   24.892773      3.962134         -7.083313e-15     
   24.892773      3.979576         -6.769961e-15     
   24.892773      3.991681         -6.558371e-15     
   24.892773      3.998420         -6.442640e-15     
   24.892773      4.008294         -6.275722e-15     
   24.892773      4.043674         -5.702822e-15     
   24.892773      4.107227         -4.768677e-15     
   24.892773      4.198794         -3.620749e-15     
   24.892773      4.318131         -2.434365e-15     
   24.892773      4.464916         -1.376273e-15     
   24.892773      4.638754         -5.682292e-16     
   24.892773      4.839176         -6.102526e-17     
   24.892773      5.065642         1.706631e-16      
   24.892773      5.317541         2.082164e-16      
   24.892773      5.594194         1.510158e-16      
   24.892773      5.894856         7.806399e-17      
   24.892773      6.218716         2.829270e-17      
   24.892773      6.564900         5.926254e-18      
   24.892773      6.932477         -2.081654e-19     
   24.892773      7.320454         -6.448008e-19     
   24.892773      7.727785         -2.291852e-19     
   24.892773      8.153374         -3.721676e-20     
   24.892773      8.596072         -5.587521e-22     
   24.892773      9.054685         8.876598e-22      
   24.892773      9.527979         1.439099e-22      
   24.892773      10.014676        5.235312e-24      
   24.892773      10.513464        -7.668990e-25     
   24.892773      11.023000        -7.723578e-26     
   24.892773      11.541909        -7.739635e-28     
   24.892773      12.068793        1.514432e-28      
   24.892773      12.602230        4.642492e-30      
   24.892773      13.140784        -6.063183e-32     
   24.892773      13.683002        -3.382842e-33     
   24.892773      14.227422        -9.613176e-36     
   24.892773      14.772578        7.138860e-37      
   24.892773      15.316998        6.935266e-39      
   24.892773      15.859216        2.825615e-39      
   24.892773      16.397770        1.964790e-37      
   24.892773      16.931207        1.470137e-35      
   24.892773      17.458091        1.174032e-33      
   24.892773      17.977000        9.767501e-32      
   24.892773      18.486536        8.249799e-30      
   24.892773      18.985324        6.879484e-28      
   24.892773      19.472021        5.491268e-26      
   24.892773      19.945315        4.054724e-24      
   24.892773      20.403928        2.654427e-22      
   24.892773      20.846626        1.448312e-20      
   24.892773      21.272215        5.844607e-19      
   24.892773      21.679546        1.033997e-17      
   24.892773      22.067523        -7.888357e-16     
   24.892773      22.435100        -9.268412e-14     
   24.892773      22.781284        -5.641709e-12     
   24.892773      23.105144        -2.475478e-10     
   24.892773      23.405806        -8.499507e-09     
   24.892773      23.682459        -1.960480e-07     
   24.892773      23.934358        2.547068e-06      
   24.892773      24.160824        2.260544e-04      
   24.892773      24.361246        2.937502e-03      
   24.892773      24.535084        1.409036e-02      
   24.892773      24.681869        3.379833e-02      
   24.892773      24.801206        5.093960e-02      
   24.892773      24.892773        5.807050e-02      
   24.892773      24.956326        5.787539e-02      
   24.892773      24.991706        5.585655e-02      
   24.956326      0.001580         -6.112101e-13     
   24.956326      0.008319         -3.209064e-12     
   24.956326      0.020424         -7.811531e-12     
   24.956326      0.037866         -1.407607e-11     
   24.956326      0.060596         -1.931098e-11     
   24.956326      0.088555         -2.229137e-11     
   24.956326      0.121667         -3.703484e-12     
   24.956326      0.159843         -3.497506e-12     
   24.956326      0.202979         2.040566e-11      
   24.956326      0.250960         4.688679e-11      
   24.956326      0.303656         -4.130935e-12     
   24.956326      0.360925         -1.152942e-10     
   24.956326      0.422613         -8.436497e-11     
   24.956326      0.488552         7.651894e-11      
   24.956326      0.558567         2.531233e-10      
   24.956326      0.632467         3.109103e-10      
   24.956326      0.710054         2.179571e-10      
   24.956326      0.791119         8.247277e-11      
   24.956326      0.875442         1.163149e-11      
   24.956326      0.962797         -3.453893e-13     
   24.956326      1.052948         2.898482e-12      
   24.956326      1.145653         2.797402e-12      
   24.956326      1.240660         1.389050e-12      
   24.956326      1.337714         5.856459e-13      
   24.956326      1.436554         2.721219e-13      
   24.956326      1.536913         8.735882e-14      
   24.956326      1.638520         -3.815217e-14     
   24.956326      1.741102         -1.209124e-13     
   24.956326      1.844381         -1.731398e-13     
   24.956326      1.948080         -2.032840e-13     
   24.956326      2.051920         -2.175678e-13     
   24.956326      2.155619         -2.206243e-13     
   24.956326      2.258898         -2.159132e-13     
   24.956326      2.361480         -2.060203e-13     
   24.956326      2.463087         -1.928725e-13     
   24.956326      2.563446         -1.778978e-13     
   24.956326      2.662286         -1.621424e-13     
   24.956326      2.759340         -1.463570e-13     
   24.956326      2.854347         -1.310632e-13     
   24.956326      2.947052         -1.166084e-13     
   24.956326      3.037203         -1.032074e-13     
   24.956326      3.124558         -9.097527e-14     
   24.956326      3.208881         -7.995287e-14     
   24.956326      3.289946         -7.012846e-14     
   24.956326      3.367533         -6.145423e-14     
   24.956326      3.441433         -5.385886e-14     
   24.956326      3.511448         -4.725715e-14     
   24.956326      3.577387         -4.155747e-14     
   24.956326      3.639075         -3.666731e-14     
   24.956326      3.696344         -3.249715e-14     
   24.956326      3.749040         -2.896304e-14     
   24.956326      3.797021         -2.598821e-14     
   24.956326      3.840157         -2.350398e-14     
   24.956326      3.878333         -2.145008e-14     
   24.956326      3.911445         -1.977474e-14     
   24.956326      3.939404         -1.843442e-14     
   24.956326      3.962134         -1.739344e-14     
   24.956326      3.979576         -1.662360e-14     
   24.956326      3.991681         -1.610377e-14     
   24.956326      3.998420         -1.581944e-14     
   24.956326      4.008294         -1.540936e-14     
   24.956326      4.043674         -1.400186e-14     
   24.956326      4.107227         -1.170687e-14     
   24.956326      4.198794         -8.886700e-15     
   24.956326      4.318131         -5.972187e-15     
   24.956326      4.464916         -3.373126e-15     
   24.956326      4.638754         -1.388771e-15     
   24.956326      4.839176         -1.439299e-16     
   24.956326      5.065642         4.237327e-16      
   24.956326      5.317541         5.144061e-16      
   24.956326      5.594194         3.725349e-16      
   24.956326      5.894856         1.923973e-16      
   24.956326      6.218716         6.964972e-17      
   24.956326      6.564900         1.453935e-17      
   24.956326      6.932477         -5.473295e-19     
   24.956326      7.320454         -1.601102e-18     
   24.956326      7.727785         -5.672975e-19     
   24.956326      8.153374         -9.180869e-20     
   24.956326      8.596072         -1.272049e-21     
   24.956326      9.054685         2.216716e-21      
   24.956326      9.527979         3.574275e-22      
   24.956326      10.014676        1.279060e-23      
   24.956326      10.513464        -1.933283e-24     
   24.956326      11.023000        -1.928231e-25     
   24.956326      11.541909        -1.835898e-27     
   24.956326      12.068793        3.836212e-28      
   24.956326      12.602230        1.158657e-29      
   24.956326      13.140784        -1.594884e-31     
   24.956326      13.683002        -8.581604e-33     
   24.956326      14.227422        -2.084521e-35     
   24.956326      14.772578        1.855350e-36      
   24.956326      15.316998        1.684895e-38      
   24.956326      15.859216        3.860385e-39      
   24.956326      16.397770        2.613533e-37      
   24.956326      16.931207        1.890099e-35      
   24.956326      17.458091        1.471925e-33      
   24.956326      17.977000        1.207107e-31      
   24.956326      18.486536        1.017936e-29      
   24.956326      18.985324        8.608190e-28      
   24.956326      19.472021        7.109307e-26      
   24.956326      19.945315        5.580255e-24      
   24.956326      20.403928        4.046615e-22      
   24.956326      20.846626        2.630652e-20      
   24.956326      21.272215        1.485235e-18      
   24.956326      21.679546        7.019191e-17      
   24.956326      22.067523        2.619827e-15      
   24.956326      22.435100        6.954648e-14      
   24.956326      22.781284        8.165496e-13      
   24.956326      23.105144        -3.235347e-11     
   24.956326      23.405806        -2.441026e-09     
   24.956326      23.682459        -8.038405e-08     
   24.956326      23.934358        1.708927e-07      
   24.956326      24.160824        9.059800e-05      
   24.956326      24.361246        1.579193e-03      
   24.956326      24.535084        9.399752e-03      
   24.956326      24.681869        2.674141e-02      
   24.956326      24.801206        4.602000e-02      
   24.956326      24.892773        5.787539e-02      
   24.956326      24.956326        6.163370e-02      
   24.956326      24.991706        6.167729e-02      
   24.991706      0.001580         -2.139819e-12     
   24.991706      0.008319         -1.122846e-11     
   24.991706      0.020424         -2.731486e-11     
   24.991706      0.037866         -4.907160e-11     
   24.991706      0.060596         -6.526930e-11     
   24.991706      0.088555         -7.142704e-11     
   24.991706      0.121667         1.497216e-11      
   24.991706      0.159843         1.947883e-11      
   24.991706      0.202979         1.233522e-10      
   24.991706      0.250960         2.376603e-10      
   24.991706      0.303656         -5.518571e-12     
   24.991706      0.360925         -5.057429e-10     
   24.991706      0.422613         -3.707610e-10     
   24.991706      0.488552         3.380959e-10      
   24.991706      0.558567         1.112616e-09      
   24.991706      0.632467         1.361306e-09      
   24.991706      0.710054         9.495206e-10      
   24.991706      0.791119         3.561020e-10      
   24.991706      0.875442         4.857598e-11      
   24.991706      0.962797         -2.112565e-12     
   24.991706      1.052948         1.263711e-11      
   24.991706      1.145653         1.222763e-11      
   24.991706      1.240660         6.063034e-12      
   24.991706      1.337714         2.555782e-12      
   24.991706      1.436554         1.188479e-12      
   24.991706      1.536913         3.821477e-13      
   24.991706      1.638520         -1.658697e-13     
   24.991706      1.741102         -5.273748e-13     
   24.991706      1.844381         -7.556057e-13     
   24.991706      1.948080         -8.874086e-13     
   24.991706      2.051920         -9.499322e-13     
   24.991706      2.155619         -9.633993e-13     
   24.991706      2.258898         -9.429154e-13     
   24.991706      2.361480         -8.997755e-13     
   24.991706      2.463087         -8.423976e-13     
   24.991706      2.563446         -7.770221e-13     
   24.991706      2.662286         -7.082234e-13     
   24.991706      2.759340         -6.392829e-13     
   24.991706      2.854347         -5.724824e-13     
   24.991706      2.947052         -5.093412e-13     
   24.991706      3.037203         -4.508004e-13     
   24.991706      3.124558         -3.973633e-13     
   24.991706      3.208881         -3.492099e-13     
   24.991706      3.289946         -3.062896e-13     
   24.991706      3.367533         -2.683938e-13     
   24.991706      3.441433         -2.352114e-13     
   24.991706      3.511448         -2.063703e-13     
   24.991706      3.577387         -1.814703e-13     
   24.991706      3.639075         -1.601071e-13     
   24.991706      3.696344         -1.418896e-13     
   24.991706      3.749040         -1.264511e-13     
   24.991706      3.797021         -1.134562e-13     
   24.991706      3.840157         -1.026045e-13     
   24.991706      3.878333         -9.363282e-14     
   24.991706      3.911445         -8.631492e-14     
   24.991706      3.939404         -8.046047e-14     
   24.991706      3.962134         -7.591362e-14     
   24.991706      3.979576         -7.255113e-14     
   24.991706      3.991681         -7.028065e-14     
   24.991706      3.998420         -6.903879e-14     
   24.991706      4.008294         -6.724769e-14     
   24.991706      4.043674         -6.110034e-14     
   24.991706      4.107227         -5.107720e-14     
   24.991706      4.198794         -3.876143e-14     
   24.991706      4.318131         -2.603535e-14     
   24.991706      4.464916         -1.468918e-14     
   24.991706      4.638754         -6.029805e-15     
   24.991706      4.839176         -6.016139e-16     
   24.991706      5.065642         1.868854e-15      
   24.991706      5.317541         2.257223e-15      
   24.991706      5.594194         1.632022e-15      
   24.991706      5.894856         8.419771e-16      
   24.991706      6.218716         3.044159e-16      
   24.991706      6.564900         6.333321e-17      
   24.991706      6.932477         -2.531518e-18     
   24.991706      7.320454         -7.048499e-18     
   24.991706      7.727785         -2.489670e-18     
   24.991706      8.153374         -4.015909e-19     
   24.991706      8.596072         -5.153568e-21     
   24.991706      9.054685         9.794118e-21      
   24.991706      9.527979         1.571324e-21      
   24.991706      10.014676        5.541759e-23      
   24.991706      10.513464        -8.598544e-24     
   24.991706      11.023000        -8.503680e-25     
   24.991706      11.541909        -7.742862e-27     
   24.991706      12.068793        1.710105e-27      
   24.991706      12.602230        5.100913e-29      
   24.991706      13.140784        -7.304636e-31     
   24.991706      13.683002        -3.822076e-32     
   24.991706      14.227422        -8.104481e-35     
   24.991706      14.772578        8.396163e-36      
   24.991706      15.316998        7.253796e-38      
   24.991706      15.859216        3.631135e-39      
   24.991706      16.397770        2.719456e-37      
   24.991706      16.931207        1.955038e-35      
   24.991706      17.458091        1.515669e-33      
   24.991706      17.977000        1.240073e-31      
   24.991706      18.486536        1.046267e-29      
   24.991706      18.985324        8.884454e-28      
   24.991706      19.472021        7.402007e-26      
   24.991706      19.945315        5.894936e-24      
   24.991706      20.403928        4.369806e-22      
   24.991706      20.846626        2.933630e-20      
   24.991706      21.272215        1.735402e-18      
   24.991706      21.679546        8.792538e-17      
   24.991706      22.067523        3.685283e-15      
   24.991706      22.435100        1.225671e-13      
   24.991706      22.781284        2.999673e-12      
   24.991706      23.105144        4.207924e-11      
   24.991706      23.405806        -3.201315e-10     
   24.991706      23.682459        -3.398771e-08     
   24.991706      23.934358        1.369018e-08      
   24.991706      24.160824        5.445015e-05      
   24.991706      24.361246        1.099530e-03      
   24.991706      24.535084        7.325056e-03      
   24.991706      24.681869        2.280306e-02      
   24.991706      24.801206        4.212047e-02      
   24.991706      24.892773        5.585655e-02      
   24.991706      24.956326        6.167729e-02      
   24.991706      24.991706        6.296500e-02      
