#       k             kp                  V           
   0.001580       0.001580         4.205048e-06      
   0.001580       0.008319         2.214321e-05      
   0.001580       0.020424         5.431268e-05      
   0.001580       0.037866         1.003796e-04      
   0.001580       0.060596         1.595863e-04      
   0.001580       0.088555         2.304151e-04      
   0.001580       0.121667         3.103104e-04      
   0.001580       0.159843         3.955201e-04      
   0.001580       0.202979         4.811559e-04      
   0.001580       0.250960         5.616205e-04      
   0.001580       0.303656         6.313969e-04      
   0.001580       0.360925         6.860106e-04      
   0.001580       0.422613         7.228294e-04      
   0.001580       0.488552         7.413807e-04      
   0.001580       0.558567         7.431082e-04      
   0.001580       0.632467         7.307975e-04      
   0.001580       0.710054         7.079916e-04      
   0.001580       0.791119         6.784952e-04      
   0.001580       0.875442         6.458568e-04      
   0.001580       0.962797         6.128597e-04      
   0.001580       1.052948         5.813217e-04      
   0.001580       1.145653         5.523275e-04      
   0.001580       1.240660         5.265338e-04      
   0.001580       1.337714         5.041881e-04      
   0.001580       1.436554         4.850668e-04      
   0.001580       1.536913         4.686728e-04      
   0.001580       1.638520         4.544949e-04      
   0.001580       1.741102         4.420009e-04      
   0.001580       1.844381         4.305556e-04      
   0.001580       1.948080         4.195472e-04      
   0.001580       2.051920         4.085212e-04      
   0.001580       2.155619         3.971168e-04      
   0.001580       2.258898         3.850097e-04      
   0.001580       2.361480         3.719960e-04      
   0.001580       2.463087         3.580280e-04      
   0.001580       2.563446         3.431346e-04      
   0.001580       2.662286         3.273877e-04      
   0.001580       2.759340         3.109398e-04      
   0.001580       2.854347         2.940149e-04      
   0.001580       2.947052         2.768491e-04      
   0.001580       3.037203         2.596686e-04      
   0.001580       3.124558         2.427013e-04      
   0.001580       3.208881         2.261725e-04      
   0.001580       3.289946         2.102781e-04      
   0.001580       3.367533         1.951717e-04      
   0.001580       3.441433         1.809712e-04      
   0.001580       3.511448         1.677655e-04      
   0.001580       3.577387         1.556154e-04      
   0.001580       3.639075         1.445518e-04      
   0.001580       3.696344         1.345789e-04      
   0.001580       3.749040         1.256804e-04      
   0.001580       3.797021         1.178266e-04      
   0.001580       3.840157         1.109793e-04      
   0.001580       3.878333         1.050955e-04      
   0.001580       3.911445         1.001306e-04      
   0.001580       3.939404         9.604122e-05      
   0.001580       3.962134         9.278719e-05      
   0.001580       3.979576         9.033392e-05      
   0.001580       3.991681         8.865363e-05      
   0.001580       3.998420         8.772619e-05      
   0.001580       4.008294         8.637779e-05      
   0.001580       4.043674         8.164783e-05      
   0.001580       4.107227         7.355552e-05      
   0.001580       4.198794         6.281558e-05      
   0.001580       4.318131         5.044352e-05      
   0.001580       4.464916         3.768134e-05      
   0.001580       4.638754         2.581851e-05      
   0.001580       4.839176         1.594517e-05      
   0.001580       5.065642         8.698035e-06      
   0.001580       5.317541         4.102873e-06      
   0.001580       5.594194         1.649292e-06      
   0.001580       5.894856         5.717415e-07      
   0.001580       6.218716         1.827847e-07      
   0.001580       6.564900         5.885046e-08      
   0.001580       6.932477         1.825938e-08      
   0.001580       7.320454         4.494464e-09      
   0.001580       7.727785         6.775498e-10      
   0.001580       8.153374         2.156744e-11      
   0.001580       8.596072         -1.179344e-11     
   0.001580       9.054685         -1.764193e-12     
   0.001580       9.527979         3.769324e-14      
   0.001580       10.014676        2.710765e-14      
   0.001580       10.513464        1.288129e-15      
   0.001580       11.023000        -1.398552e-16     
   0.001580       11.541909        -1.171611e-17     
   0.001580       12.068793        1.914136e-19      
   0.001580       12.602230        3.158477e-20      
   0.001580       13.140784        1.015931e-22      
   0.001580       13.683002        -3.273436e-23     
   0.001580       14.227422        -2.291237e-25     
   0.001580       14.772578        1.537693e-26      
   0.001580       15.316998        8.326464e-29      
   0.001580       15.859216        -3.481037e-30     
   0.001580       16.397770        -8.493722e-33     
   0.001580       16.931207        3.941022e-34      
   0.001580       17.458091        -4.541642e-37     
   0.001580       17.977000        -1.917688e-38     
   0.001580       18.486536        1.254456e-40      
   0.001580       18.985324        -4.761041e-39     
   0.001580       19.472021        -6.484483e-37     
   0.001580       19.945315        -8.370872e-35     
   0.001580       20.403928        -9.968171e-33     
   0.001580       20.846626        -1.066906e-30     
   0.001580       21.272215        -1.000429e-28     
   0.001580       21.679546        -8.014488e-27     
   0.001580       22.067523        -5.353171e-25     
   0.001580       22.435100        -2.909855e-23     
   0.001580       22.781284        -1.259685e-21     
   0.001580       23.105144        -4.241447e-20     
   0.001580       23.405806        -1.090803e-18     
   0.001580       23.682459        -2.113078e-17     
   0.001580       23.934358        -2.974572e-16     
   0.001580       24.160824        -3.100375e-15     
   0.001580       24.361246        -2.405765e-14     
   0.001580       24.535084        -1.250453e-13     
   0.001580       24.681869        -4.261321e-13     
   0.001580       24.801206        -1.067661e-12     
   0.001580       24.892773        -2.371800e-12     
   0.001580       24.956326        -6.067502e-12     
   0.001580       24.991706        -3.394609e-11     
   0.008319       0.001580         2.214321e-05      
   0.008319       0.008319         1.166031e-04      
   0.008319       0.020424         2.860032e-04      
   0.008319       0.037866         5.285853e-04      
   0.008319       0.060596         8.403605e-04      
   0.008319       0.088555         1.213337e-03      
   0.008319       0.121667         1.634060e-03      
   0.008319       0.159843         2.082771e-03      
   0.008319       0.202979         2.533732e-03      
   0.008319       0.250960         2.957465e-03      
   0.008319       0.303656         3.324918e-03      
   0.008319       0.360925         3.612523e-03      
   0.008319       0.422613         3.806415e-03      
   0.008319       0.488552         3.904104e-03      
   0.008319       0.558567         3.913195e-03      
   0.008319       0.632467         3.848361e-03      
   0.008319       0.710054         3.728265e-03      
   0.008319       0.791119         3.572942e-03      
   0.008319       0.875442         3.401073e-03      
   0.008319       0.962797         3.227312e-03      
   0.008319       1.052948         3.061231e-03      
   0.008319       1.145653         2.908546e-03      
   0.008319       1.240660         2.772718e-03      
   0.008319       1.337714         2.655048e-03      
   0.008319       1.436554         2.554356e-03      
   0.008319       1.536913         2.468026e-03      
   0.008319       1.638520         2.393365e-03      
   0.008319       1.741102         2.327571e-03      
   0.008319       1.844381         2.267302e-03      
   0.008319       1.948080         2.209333e-03      
   0.008319       2.051920         2.151270e-03      
   0.008319       2.155619         2.091215e-03      
   0.008319       2.258898         2.027459e-03      
   0.008319       2.361480         1.958931e-03      
   0.008319       2.463087         1.885376e-03      
   0.008319       2.563446         1.806948e-03      
   0.008319       2.662286         1.724024e-03      
   0.008319       2.759340         1.637411e-03      
   0.008319       2.854347         1.548284e-03      
   0.008319       2.947052         1.457890e-03      
   0.008319       3.037203         1.367418e-03      
   0.008319       3.124558         1.278068e-03      
   0.008319       3.208881         1.191028e-03      
   0.008319       3.289946         1.107328e-03      
   0.008319       3.367533         1.027778e-03      
   0.008319       3.441433         9.529979e-04      
   0.008319       3.511448         8.834569e-04      
   0.008319       3.577387         8.194745e-04      
   0.008319       3.639075         7.612136e-04      
   0.008319       3.696344         7.086960e-04      
   0.008319       3.749040         6.618364e-04      
   0.008319       3.797021         6.204782e-04      
   0.008319       3.840157         5.844202e-04      
   0.008319       3.878333         5.534361e-04      
   0.008319       3.911445         5.272912e-04      
   0.008319       3.939404         5.057564e-04      
   0.008319       3.962134         4.886207e-04      
   0.008319       3.979576         4.757017e-04      
   0.008319       3.991681         4.668533e-04      
   0.008319       3.998420         4.619693e-04      
   0.008319       4.008294         4.548687e-04      
   0.008319       4.043674         4.299606e-04      
   0.008319       4.107227         3.873463e-04      
   0.008319       4.198794         3.307895e-04      
   0.008319       4.318131         2.656379e-04      
   0.008319       4.464916         1.984320e-04      
   0.008319       4.638754         1.359619e-04      
   0.008319       4.839176         8.396835e-05      
   0.008319       5.065642         4.580457e-05      
   0.008319       5.317541         2.160611e-05      
   0.008319       5.594194         8.685354e-06      
   0.008319       5.894856         3.010859e-06      
   0.008319       6.218716         9.625653e-07      
   0.008319       6.564900         3.099118e-07      
   0.008319       6.932477         9.615504e-08      
   0.008319       7.320454         2.366810e-08      
   0.008319       7.727785         3.568026e-09      
   0.008319       8.153374         1.135809e-10      
   0.008319       8.596072         -6.210373e-11     
   0.008319       9.054685         -9.290244e-12     
   0.008319       9.527979         1.984882e-13      
   0.008319       10.014676        1.427485e-13      
   0.008319       10.513464        6.783271e-15      
   0.008319       11.023000        -7.364786e-16     
   0.008319       11.541909        -6.169705e-17     
   0.008319       12.068793        1.007990e-18      
   0.008319       12.602230        1.663259e-19      
   0.008319       13.140784        5.349906e-22      
   0.008319       13.683002        -1.723798e-22     
   0.008319       14.227422        -1.206574e-24     
   0.008319       14.772578        8.097530e-26      
   0.008319       15.316998        4.384758e-28      
   0.008319       15.859216        -1.833123e-29     
   0.008319       16.397770        -4.472857e-32     
   0.008319       16.931207        2.075352e-33      
   0.008319       17.458091        -2.391623e-36     
   0.008319       17.977000        -1.009856e-37     
   0.008319       18.486536        6.603245e-40      
   0.008319       18.985324        -2.511076e-38     
   0.008319       19.472021        -3.420060e-36     
   0.008319       19.945315        -4.414983e-34     
   0.008319       20.403928        -5.257434e-32     
   0.008319       20.846626        -5.627099e-30     
   0.008319       21.272215        -5.276482e-28     
   0.008319       21.679546        -4.227019e-26     
   0.008319       22.067523        -2.823381e-24     
   0.008319       22.435100        -1.534722e-22     
   0.008319       22.781284        -6.643858e-21     
   0.008319       23.105144        -2.237034e-19     
   0.008319       23.405806        -5.753135e-18     
   0.008319       23.682459        -1.114484e-16     
   0.008319       23.934358        -1.568856e-15     
   0.008319       24.160824        -1.635207e-14     
   0.008319       24.361246        -1.268854e-13     
   0.008319       24.535084        -6.595167e-13     
   0.008319       24.681869        -2.247516e-12     
   0.008319       24.801206        -5.631082e-12     
   0.008319       24.892773        -1.250940e-11     
   0.008319       24.956326        -3.200126e-11     
   0.008319       24.991706        -1.790397e-10     
   0.020424       0.001580         5.431268e-05      
   0.020424       0.008319         2.860032e-04      
   0.020424       0.020424         7.015078e-04      
   0.020424       0.037866         1.296519e-03      
   0.020424       0.060596         2.061266e-03      
   0.020424       0.088555         2.976177e-03      
   0.020424       0.121667         4.008292e-03      
   0.020424       0.159843         5.109211e-03      
   0.020424       0.202979         6.215870e-03      
   0.020424       0.250960         7.256015e-03      
   0.020424       0.303656         8.158384e-03      
   0.020424       0.360925         8.865103e-03      
   0.020424       0.422613         9.342026e-03      
   0.020424       0.488552         9.582883e-03      
   0.020424       0.558567         9.606186e-03      
   0.020424       0.632467         9.447848e-03      
   0.020424       0.710054         9.153623e-03      
   0.020424       0.791119         8.772675e-03      
   0.020424       0.875442         8.350871e-03      
   0.020424       0.962797         7.924230e-03      
   0.020424       1.052948         7.516327e-03      
   0.020424       1.145653         7.141262e-03      
   0.020424       1.240660         6.807573e-03      
   0.020424       1.337714         6.518489e-03      
   0.020424       1.436554         6.271153e-03      
   0.020424       1.536913         6.059159e-03      
   0.020424       1.638520         5.875886e-03      
   0.020424       1.741102         5.714424e-03      
   0.020424       1.844381         5.566543e-03      
   0.020424       1.948080         5.424311e-03      
   0.020424       2.051920         5.281831e-03      
   0.020424       2.155619         5.134423e-03      
   0.020424       2.258898         4.977897e-03      
   0.020424       2.361480         4.809629e-03      
   0.020424       2.463087         4.629006e-03      
   0.020424       2.563446         4.436414e-03      
   0.020424       2.662286         4.232795e-03      
   0.020424       2.759340         4.020129e-03      
   0.020424       2.854347         3.801307e-03      
   0.020424       2.947052         3.579383e-03      
   0.020424       3.037203         3.357273e-03      
   0.020424       3.124558         3.137926e-03      
   0.020424       3.208881         2.924246e-03      
   0.020424       3.289946         2.718762e-03      
   0.020424       3.367533         2.523461e-03      
   0.020424       3.441433         2.339867e-03      
   0.020424       3.511448         2.169131e-03      
   0.020424       3.577387         2.012040e-03      
   0.020424       3.639075         1.868993e-03      
   0.020424       3.696344         1.740047e-03      
   0.020424       3.749040         1.624992e-03      
   0.020424       3.797021         1.523444e-03      
   0.020424       3.840157         1.434909e-03      
   0.020424       3.878333         1.358834e-03      
   0.020424       3.911445         1.294640e-03      
   0.020424       3.939404         1.241765e-03      
   0.020424       3.962134         1.199692e-03      
   0.020424       3.979576         1.167972e-03      
   0.020424       3.991681         1.146247e-03      
   0.020424       3.998420         1.134255e-03      
   0.020424       4.008294         1.116821e-03      
   0.020424       4.043674         1.055665e-03      
   0.020424       4.107227         9.510360e-04      
   0.020424       4.198794         8.121763e-04      
   0.020424       4.318131         6.522166e-04      
   0.020424       4.464916         4.872134e-04      
   0.020424       4.638754         3.338355e-04      
   0.020424       4.839176         2.061758e-04      
   0.020424       5.065642         1.124686e-04      
   0.020424       5.317541         5.305141e-05      
   0.020424       5.594194         2.132621e-05      
   0.020424       5.894856         7.393214e-06      
   0.020424       6.218716         2.363591e-06      
   0.020424       6.564900         7.609537e-07      
   0.020424       6.932477         2.360932e-07      
   0.020424       7.320454         5.811305e-08      
   0.020424       7.727785         8.760790e-09      
   0.020424       8.153374         2.789489e-10      
   0.020424       8.596072         -1.524694e-10     
   0.020424       9.054685         -2.280931e-11     
   0.020424       9.527979         4.872682e-13      
   0.020424       10.014676        3.504696e-13      
   0.020424       10.513464        1.665403e-14      
   0.020424       11.023000        -1.808205e-15     
   0.020424       11.541909        -1.514784e-16     
   0.020424       12.068793        2.474880e-18      
   0.020424       12.602230        4.083678e-19      
   0.020424       13.140784        1.313524e-21      
   0.020424       13.683002        -4.232342e-22     
   0.020424       14.227422        -2.962485e-24     
   0.020424       14.772578        1.988146e-25      
   0.020424       15.316998        1.076597e-27      
   0.020424       15.859216        -4.500781e-29     
   0.020424       16.397770        -1.098255e-31     
   0.020424       16.931207        5.095512e-33      
   0.020424       17.458091        -5.871797e-36     
   0.020424       17.977000        -2.479416e-37     
   0.020424       18.486536        1.632110e-39      
   0.020424       18.985324        -6.014130e-38     
   0.020424       19.472021        -8.191068e-36     
   0.020424       19.945315        -1.057392e-33     
   0.020424       20.403928        -1.259160e-31     
   0.020424       20.846626        -1.347695e-29     
   0.020424       21.272215        -1.263722e-27     
   0.020424       21.679546        -1.012375e-25     
   0.020424       22.067523        -6.762024e-24     
   0.020424       22.435100        -3.675674e-22     
   0.020424       22.781284        -1.591210e-20     
   0.020424       23.105144        -5.357715e-19     
   0.020424       23.405806        -1.377881e-17     
   0.020424       23.682459        -2.669199e-16     
   0.020424       23.934358        -3.757421e-15     
   0.020424       24.160824        -3.916332e-14     
   0.020424       24.361246        -3.038915e-13     
   0.020424       24.535084        -1.579546e-12     
   0.020424       24.681869        -5.382810e-12     
   0.020424       24.801206        -1.348647e-11     
   0.020424       24.892773        -2.996016e-11     
   0.020424       24.956326        -7.664613e-11     
   0.020424       24.991706        -4.287903e-10     
   0.037866       0.001580         1.003796e-04      
   0.037866       0.008319         5.285853e-04      
   0.037866       0.020424         1.296519e-03      
   0.037866       0.037866         2.396240e-03      
   0.037866       0.060596         3.809754e-03      
   0.037866       0.088555         5.501009e-03      
   0.037866       0.121667         7.409294e-03      
   0.037866       0.159843         9.445428e-03      
   0.037866       0.202979         1.149314e-02      
   0.037866       0.250960         1.341908e-02      
   0.037866       0.303656         1.509152e-02      
   0.037866       0.360925         1.640317e-02      
   0.037866       0.422613         1.729037e-02      
   0.037866       0.488552         1.774087e-02      
   0.037866       0.558567         1.778841e-02      
   0.037866       0.632467         1.749920e-02      
   0.037866       0.710054         1.695783e-02      
   0.037866       0.791119         1.625526e-02      
   0.037866       0.875442         1.547639e-02      
   0.037866       0.962797         1.468795e-02      
   0.037866       1.052948         1.393374e-02      
   0.037866       1.145653         1.324000e-02      
   0.037866       1.240660         1.262255e-02      
   0.037866       1.337714         1.208733e-02      
   0.037866       1.436554         1.162912e-02      
   0.037866       1.536913         1.123615e-02      
   0.037866       1.638520         1.089619e-02      
   0.037866       1.741102         1.059646e-02      
   0.037866       1.844381         1.032183e-02      
   0.037866       1.948080         1.005768e-02      
   0.037866       2.051920         9.793136e-03      
   0.037866       2.155619         9.519521e-03      
   0.037866       2.258898         9.229107e-03      
   0.037866       2.361480         8.917033e-03      
   0.037866       2.463087         8.582127e-03      
   0.037866       2.563446         8.225068e-03      
   0.037866       2.662286         7.847597e-03      
   0.037866       2.759340         7.453370e-03      
   0.037866       2.854347         7.047726e-03      
   0.037866       2.947052         6.636315e-03      
   0.037866       3.037203         6.224558e-03      
   0.037866       3.124558         5.817924e-03      
   0.037866       3.208881         5.421794e-03      
   0.037866       3.289946         5.040855e-03      
   0.037866       3.367533         4.678795e-03      
   0.037866       3.441433         4.338440e-03      
   0.037866       3.511448         4.021924e-03      
   0.037866       3.577387         3.730701e-03      
   0.037866       3.639075         3.465512e-03      
   0.037866       3.696344         3.226458e-03      
   0.037866       3.749040         3.013153e-03      
   0.037866       3.797021         2.824887e-03      
   0.037866       3.840157         2.660745e-03      
   0.037866       3.878333         2.519700e-03      
   0.037866       3.911445         2.400681e-03      
   0.037866       3.939404         2.302648e-03      
   0.037866       3.962134         2.224640e-03      
   0.037866       3.979576         2.165827e-03      
   0.037866       3.991681         2.125545e-03      
   0.037866       3.998420         2.103311e-03      
   0.037866       4.008294         2.070986e-03      
   0.037866       4.043674         1.957591e-03      
   0.037866       4.107227         1.763585e-03      
   0.037866       4.198794         1.506098e-03      
   0.037866       4.318131         1.209476e-03      
   0.037866       4.464916         9.034899e-04      
   0.037866       4.638754         6.190592e-04      
   0.037866       4.839176         3.823271e-04      
   0.037866       5.065642         2.085619e-04      
   0.037866       5.317541         9.838290e-05      
   0.037866       5.594194         3.955161e-05      
   0.037866       5.894856         1.371239e-05      
   0.037866       6.218716         4.384050e-06      
   0.037866       6.564900         1.411373e-06      
   0.037866       6.932477         4.378302e-07      
   0.037866       7.320454         1.077582e-07      
   0.037866       7.727785         1.624418e-08      
   0.037866       8.153374         5.173108e-10      
   0.037866       8.596072         -2.826361e-10     
   0.037866       9.054685         -4.227886e-11     
   0.037866       9.527979         9.040992e-13      
   0.037866       10.014676        6.497085e-13      
   0.037866       10.513464        3.086386e-14      
   0.037866       11.023000        -3.352815e-15     
   0.037866       11.541909        -2.808050e-16     
   0.037866       12.068793        4.590696e-18      
   0.037866       12.602230        7.571027e-19      
   0.037866       13.140784        2.432654e-21      
   0.037866       13.683002        -7.846998e-22     
   0.037866       14.227422        -5.491523e-24     
   0.037866       14.772578        3.686192e-25      
   0.037866       15.316998        1.995926e-27      
   0.037866       15.859216        -8.344826e-29     
   0.037866       16.397770        -2.036177e-31     
   0.037866       16.931207        9.447402e-33      
   0.037866       17.458091        -1.088854e-35     
   0.037866       17.977000        -4.596637e-37     
   0.037866       18.486536        3.048683e-39      
   0.037866       18.985324        -1.084098e-37     
   0.037866       19.472021        -1.476486e-35     
   0.037866       19.945315        -1.906009e-33     
   0.037866       20.403928        -2.269708e-31     
   0.037866       20.846626        -2.429299e-29     
   0.037866       21.272215        -2.277933e-27     
   0.037866       21.679546        -1.824866e-25     
   0.037866       22.067523        -1.218895e-23     
   0.037866       22.435100        -6.625622e-22     
   0.037866       22.781284        -2.868251e-20     
   0.037866       23.105144        -9.657603e-19     
   0.037866       23.405806        -2.483713e-17     
   0.037866       23.682459        -4.811392e-16     
   0.037866       23.934358        -6.772979e-15     
   0.037866       24.160824        -7.059426e-14     
   0.037866       24.361246        -5.477828e-13     
   0.037866       24.535084        -2.847226e-12     
   0.037866       24.681869        -9.702831e-12     
   0.037866       24.801206        -2.431015e-11     
   0.037866       24.892773        -5.400512e-11     
   0.037866       24.956326        -1.381639e-10     
   0.037866       24.991706        -7.729039e-10     
   0.060596       0.001580         1.595863e-04      
   0.060596       0.008319         8.403605e-04      
   0.060596       0.020424         2.061266e-03      
   0.060596       0.037866         3.809754e-03      
   0.060596       0.060596         6.057429e-03      
   0.060596       0.088555         8.747411e-03      
   0.060596       0.121667         1.178388e-02      
   0.060596       0.159843         1.502601e-02      
   0.060596       0.202979         1.828993e-02      
   0.060596       0.250960         2.136429e-02      
   0.060596       0.303656         2.403957e-02      
   0.060596       0.360925         2.614405e-02      
   0.060596       0.422613         2.757442e-02      
   0.060596       0.488552         2.830893e-02      
   0.060596       0.558567         2.839945e-02      
   0.060596       0.632467         2.795050e-02      
   0.060596       0.710054         2.709668e-02      
   0.060596       0.791119         2.598303e-02      
   0.060596       0.875442         2.474499e-02      
   0.060596       0.962797         2.348943e-02      
   0.060596       1.052948         2.228704e-02      
   0.060596       1.145653         2.118041e-02      
   0.060596       1.240660         2.019503e-02      
   0.060596       1.337714         1.934045e-02      
   0.060596       1.436554         1.860858e-02      
   0.060596       1.536913         1.798090e-02      
   0.060596       1.638520         1.743786e-02      
   0.060596       1.741102         1.695894e-02      
   0.060596       1.844381         1.652002e-02      
   0.060596       1.948080         1.609785e-02      
   0.060596       2.051920         1.567494e-02      
   0.060596       2.155619         1.523735e-02      
   0.060596       2.258898         1.477280e-02      
   0.060596       2.361480         1.427355e-02      
   0.060596       2.463087         1.373766e-02      
   0.060596       2.563446         1.316622e-02      
   0.060596       2.662286         1.256206e-02      
   0.060596       2.759340         1.193107e-02      
   0.060596       2.854347         1.128175e-02      
   0.060596       2.947052         1.062316e-02      
   0.060596       3.037203         9.964009e-03      
   0.060596       3.124558         9.313070e-03      
   0.060596       3.208881         8.678944e-03      
   0.060596       3.289946         8.069125e-03      
   0.060596       3.367533         7.489529e-03      
   0.060596       3.441433         6.944690e-03      
   0.060596       3.511448         6.438028e-03      
   0.060596       3.577387         5.971859e-03      
   0.060596       3.639075         5.547363e-03      
   0.060596       3.696344         5.164702e-03      
   0.060596       3.749040         4.823263e-03      
   0.060596       3.797021         4.521907e-03      
   0.060596       3.840157         4.259171e-03      
   0.060596       3.878333         4.033407e-03      
   0.060596       3.911445         3.842902e-03      
   0.060596       3.939404         3.685987e-03      
   0.060596       3.962134         3.561125e-03      
   0.060596       3.979576         3.466988e-03      
   0.060596       3.991681         3.402511e-03      
   0.060596       3.998420         3.366923e-03      
   0.060596       4.008294         3.315182e-03      
   0.060596       4.043674         3.133678e-03      
   0.060596       4.107227         2.823145e-03      
   0.060596       4.198794         2.411003e-03      
   0.060596       4.318131         1.936223e-03      
   0.060596       4.464916         1.446445e-03      
   0.060596       4.638754         9.911508e-04      
   0.060596       4.839176         6.121864e-04      
   0.060596       5.065642         3.339903e-04      
   0.060596       5.317541         1.575706e-04      
   0.060596       5.594194         6.335372e-05      
   0.060596       5.894856         2.196542e-05      
   0.060596       6.218716         7.021812e-06      
   0.060596       6.564900         2.259965e-06      
   0.060596       6.932477         7.009370e-07      
   0.060596       7.320454         1.725112e-07      
   0.060596       7.727785         2.601181e-08      
   0.060596       8.153374         8.307491e-10      
   0.060596       8.596072         -4.520584e-10     
   0.060596       9.054685         -6.767022e-11     
   0.060596       9.527979         1.442510e-12      
   0.060596       10.014676        1.039488e-12      
   0.060596       10.513464        4.940668e-14      
   0.060596       11.023000        -5.364008e-15     
   0.060596       11.541909        -4.494103e-16     
   0.060596       12.068793        7.342463e-18      
   0.060596       12.602230        1.211719e-18      
   0.060596       13.140784        3.900996e-21      
   0.060596       13.683002        -1.255926e-21     
   0.060596       14.227422        -8.795405e-24     
   0.060596       14.772578        5.900052e-25      
   0.060596       15.316998        3.196747e-27      
   0.060596       15.859216        -1.335713e-28     
   0.060596       16.397770        -3.262452e-31     
   0.060596       16.931207        1.512248e-32      
   0.060596       17.458091        -1.740836e-35     
   0.060596       17.977000        -7.357508e-37     
   0.060596       18.486536        4.763616e-39      
   0.060596       18.985324        -1.898497e-37     
   0.060596       19.472021        -2.585787e-35     
   0.060596       19.945315        -3.338018e-33     
   0.060596       20.403928        -3.974972e-31     
   0.060596       20.846626        -4.254470e-29     
   0.060596       21.272215        -3.989385e-27     
   0.060596       21.679546        -3.195924e-25     
   0.060596       22.067523        -2.134678e-23     
   0.060596       22.435100        -1.160362e-21     
   0.060596       22.781284        -5.023246e-20     
   0.060596       23.105144        -1.691365e-18     
   0.060596       23.405806        -4.349807e-17     
   0.060596       23.682459        -8.426359e-16     
   0.060596       23.934358        -1.186178e-14     
   0.060596       24.160824        -1.236345e-13     
   0.060596       24.361246        -9.593558e-13     
   0.060596       24.535084        -4.986490e-12     
   0.060596       24.681869        -1.699311e-11     
   0.060596       24.801206        -4.257569e-11     
   0.060596       24.892773        -9.458092e-11     
   0.060596       24.956326        -2.419259e-10     
   0.060596       24.991706        -1.353807e-09     
   0.088555       0.001580         2.304151e-04      
   0.088555       0.008319         1.213337e-03      
   0.088555       0.020424         2.976177e-03      
   0.088555       0.037866         5.501009e-03      
   0.088555       0.060596         8.747411e-03      
   0.088555       0.088555         1.263441e-02      
   0.088555       0.121667         1.702555e-02      
   0.088555       0.159843         2.172000e-02      
   0.088555       0.202979         2.645494e-02      
   0.088555       0.250960         3.092702e-02      
   0.088555       0.303656         3.483351e-02      
   0.088555       0.360925         3.792345e-02      
   0.088555       0.422613         4.004225e-02      
   0.088555       0.488552         4.115228e-02      
   0.088555       0.558567         4.132366e-02      
   0.088555       0.632467         4.070519e-02      
   0.088555       0.710054         3.949136e-02      
   0.088555       0.791119         3.789258e-02      
   0.088555       0.875442         3.610573e-02      
   0.088555       0.962797         3.428719e-02      
   0.088555       1.052948         3.254178e-02      
   0.088555       1.145653         3.093333e-02      
   0.088555       1.240660         2.949963e-02      
   0.088555       1.337714         2.825481e-02      
   0.088555       1.436554         2.718784e-02      
   0.088555       1.536913         2.627250e-02      
   0.088555       1.638520         2.548036e-02      
   0.088555       1.741102         2.478129e-02      
   0.088555       1.844381         2.414037e-02      
   0.088555       1.948080         2.352405e-02      
   0.088555       2.051920         2.290659e-02      
   0.088555       2.155619         2.226751e-02      
   0.088555       2.258898         2.158907e-02      
   0.088555       2.361480         2.086008e-02      
   0.088555       2.463087         2.007752e-02      
   0.088555       2.563446         1.924290e-02      
   0.088555       2.662286         1.836050e-02      
   0.088555       2.759340         1.743893e-02      
   0.088555       2.854347         1.649051e-02      
   0.088555       2.947052         1.552842e-02      
   0.088555       3.037203         1.456547e-02      
   0.088555       3.124558         1.361449e-02      
   0.088555       3.208881         1.268802e-02      
   0.088555       3.289946         1.179696e-02      
   0.088555       3.367533         1.095000e-02      
   0.088555       3.441433         1.015381e-02      
   0.088555       3.511448         9.413371e-03      
   0.088555       3.577387         8.732077e-03      
   0.088555       3.639075         8.111645e-03      
   0.088555       3.696344         7.552319e-03      
   0.088555       3.749040         7.053223e-03      
   0.088555       3.797021         6.612705e-03      
   0.088555       3.840157         6.228633e-03      
   0.088555       3.878333         5.898598e-03      
   0.088555       3.911445         5.620102e-03      
   0.088555       3.939404         5.390704e-03      
   0.088555       3.962134         5.208161e-03      
   0.088555       3.979576         5.070533e-03      
   0.088555       3.991681         4.976268e-03      
   0.088555       3.998420         4.924237e-03      
   0.088555       4.008294         4.848589e-03      
   0.088555       4.043674         4.583218e-03      
   0.088555       4.107227         4.129174e-03      
   0.088555       4.198794         3.526533e-03      
   0.088555       4.318131         2.832260e-03      
   0.088555       4.464916         2.115979e-03      
   0.088555       4.638754         1.450052e-03      
   0.088555       4.839176         8.957070e-04      
   0.088555       5.065642         4.887100e-04      
   0.088555       5.317541         2.305804e-04      
   0.088555       5.594194         9.271268e-05      
   0.088555       5.894856         3.214444e-05      
   0.088555       6.218716         1.027541e-05      
   0.088555       6.564900         3.307091e-06      
   0.088555       6.932477         1.025752e-06      
   0.088555       7.320454         2.524675e-07      
   0.088555       7.727785         3.806964e-08      
   0.088555       8.153374         1.216068e-09      
   0.088555       8.596072         -6.615081e-10     
   0.088555       9.054685         -9.900734e-11     
   0.088555       9.527979         2.115060e-12      
   0.088555       10.014676        1.521285e-12      
   0.088555       10.513464        7.226193e-14      
   0.088555       11.023000        -7.852310e-15     
   0.088555       11.541909        -6.575448e-16     
   0.088555       12.068793        1.075561e-17      
   0.088555       12.602230        1.773017e-18      
   0.088555       13.140784        5.690578e-21      
   0.088555       13.683002        -1.837672e-21     
   0.088555       14.227422        -1.285717e-23     
   0.088555       14.772578        8.632445e-25      
   0.088555       15.316998        4.673388e-27      
   0.088555       15.859216        -1.954124e-28     
   0.088555       16.397770        -4.767416e-31     
   0.088555       16.931207        2.212150e-32      
   0.088555       17.458091        -2.551317e-35     
   0.088555       17.977000        -1.076054e-36     
   0.088555       18.486536        7.469633e-39      
   0.088555       18.985324        -2.080061e-37     
   0.088555       19.472021        -2.832575e-35     
   0.088555       19.945315        -3.656611e-33     
   0.088555       20.403928        -4.354368e-31     
   0.088555       20.846626        -4.660549e-29     
   0.088555       21.272215        -4.370166e-27     
   0.088555       21.679546        -3.500971e-25     
   0.088555       22.067523        -2.338430e-23     
   0.088555       22.435100        -1.271116e-21     
   0.088555       22.781284        -5.502701e-20     
   0.088555       23.105144        -1.852798e-18     
   0.088555       23.405806        -4.764973e-17     
   0.088555       23.682459        -9.230595e-16     
   0.088555       23.934358        -1.299386e-14     
   0.088555       24.160824        -1.354342e-13     
   0.088555       24.361246        -1.050914e-12     
   0.088555       24.535084        -5.462342e-12     
   0.088555       24.681869        -1.861460e-11     
   0.088555       24.801206        -4.663836e-11     
   0.088555       24.892773        -1.036098e-10     
   0.088555       24.956326        -2.651327e-10     
   0.088555       24.991706        -1.482559e-09     
   0.121667       0.001580         3.103104e-04      
   0.121667       0.008319         1.634060e-03      
   0.121667       0.020424         4.008292e-03      
   0.121667       0.037866         7.409294e-03      
   0.121667       0.060596         1.178388e-02      
   0.121667       0.088555         1.702555e-02      
   0.121667       0.121667         2.295464e-02      
   0.121667       0.159843         2.930625e-02      
   0.121667       0.202979         3.573230e-02      
   0.121667       0.250960         4.182835e-02      
   0.121667       0.303656         4.718640e-02      
   0.121667       0.360925         5.146210e-02      
   0.121667       0.422613         5.443543e-02      
   0.121667       0.488552         5.604199e-02      
   0.121667       0.558567         5.636534e-02      
   0.121667       0.632467         5.560076e-02      
   0.121667       0.710054         5.401001e-02      
   0.121667       0.791119         5.187856e-02      
   0.121667       0.875442         4.947456e-02      
   0.121667       0.962797         4.701322e-02      
   0.121667       1.052948         4.464192e-02      
   0.121667       1.145653         4.245183e-02      
   0.121667       1.240660         4.049614e-02      
   0.121667       1.337714         3.879479e-02      
   0.121667       1.436554         3.733434e-02      
   0.121667       1.536913         3.608072e-02      
   0.121667       1.638520         3.499515e-02      
   0.121667       1.741102         3.403604e-02      
   0.121667       1.844381         3.315620e-02      
   0.121667       1.948080         3.231030e-02      
   0.121667       2.051920         3.146280e-02      
   0.121667       2.155619         3.058528e-02      
   0.121667       2.258898         2.965381e-02      
   0.121667       2.361480         2.865327e-02      
   0.121667       2.463087         2.757918e-02      
   0.121667       2.563446         2.643345e-02      
   0.121667       2.662286         2.522221e-02      
   0.121667       2.759340         2.395733e-02      
   0.121667       2.854347         2.265548e-02      
   0.121667       2.947052         2.133468e-02      
   0.121667       3.037203         2.001266e-02      
   0.121667       3.124558         1.870709e-02      
   0.121667       3.208881         1.743507e-02      
   0.121667       3.289946         1.621152e-02      
   0.121667       3.367533         1.504841e-02      
   0.121667       3.441433         1.395497e-02      
   0.121667       3.511448         1.293809e-02      
   0.121667       3.577387         1.200236e-02      
   0.121667       3.639075         1.115014e-02      
   0.121667       3.696344         1.038179e-02      
   0.121667       3.749040         9.696132e-03      
   0.121667       3.797021         9.090928e-03      
   0.121667       3.840157         8.563255e-03      
   0.121667       3.878333         8.109812e-03      
   0.121667       3.911445         7.727165e-03      
   0.121667       3.939404         7.411967e-03      
   0.121667       3.962134         7.161139e-03      
   0.121667       3.979576         6.972024e-03      
   0.121667       3.991681         6.842490e-03      
   0.121667       3.998420         6.770991e-03      
   0.121667       4.008294         6.667037e-03      
   0.121667       4.043674         6.302356e-03      
   0.121667       4.107227         5.678352e-03      
   0.121667       4.198794         4.850057e-03      
   0.121667       4.318131         3.895730e-03      
   0.121667       4.464916         2.910972e-03      
   0.121667       4.638754         1.995243e-03      
   0.121667       4.839176         1.232775e-03      
   0.121667       5.065642         6.727978e-04      
   0.121667       5.317541         3.175212e-04      
   0.121667       5.594194         1.276950e-04      
   0.121667       5.894856         4.426933e-05      
   0.121667       6.218716         1.414318e-05      
   0.121667       6.564900         4.548508e-06      
   0.121667       6.932477         1.410562e-06      
   0.121667       7.320454         3.473812e-07      
   0.121667       7.727785         5.245785e-08      
   0.121667       8.153374         1.695262e-09      
   0.121667       8.596072         -9.080373e-10     
   0.121667       9.054685         -1.363970e-10     
   0.121667       9.527979         2.853573e-12      
   0.121667       10.014676        2.090232e-12      
   0.121667       10.513464        9.974003e-14      
   0.121667       11.023000        -1.077019e-14     
   0.121667       11.541909        -9.049221e-16     
   0.121667       12.068793        1.469347e-17      
   0.121667       12.602230        2.438291e-18      
   0.121667       13.140784        7.959802e-21      
   0.121667       13.683002        -2.526664e-21     
   0.121667       14.227422        -1.776479e-23     
   0.121667       14.772578        1.186948e-24      
   0.121667       15.316998        6.451781e-27      
   0.121667       15.859216        -2.687351e-28     
   0.121667       16.397770        -6.592617e-31     
   0.121667       16.931207        3.042867e-32      
   0.121667       17.458091        -3.482867e-35     
   0.121667       17.977000        -1.480448e-36     
   0.121667       18.486536        1.478645e-38      
   0.121667       18.985324        3.467006e-37      
   0.121667       19.472021        4.727484e-35      
   0.121667       19.945315        6.102723e-33      
   0.121667       20.403928        7.267248e-31      
   0.121667       20.846626        7.778295e-29      
   0.121667       21.272215        7.293725e-27      
   0.121667       21.679546        5.843123e-25      
   0.121667       22.067523        3.902897e-23      
   0.121667       22.435100        2.121556e-21      
   0.121667       22.781284        9.184437e-20      
   0.121667       23.105144        3.092524e-18      
   0.121667       23.405806        7.953405e-17      
   0.121667       23.682459        1.540749e-15      
   0.121667       23.934358        2.168964e-14      
   0.121667       24.160824        2.260719e-13      
   0.121667       24.361246        1.754277e-12      
   0.121667       24.535084        9.118829e-12      
   0.121667       24.681869        3.107700e-11      
   0.121667       24.801206        7.786151e-11      
   0.121667       24.892773        1.729300e-10      
   0.121667       24.956326        4.410441e-10      
   0.121667       24.991706        2.480859e-09      
   0.159843       0.001580         3.955201e-04      
   0.159843       0.008319         2.082771e-03      
   0.159843       0.020424         5.109211e-03      
   0.159843       0.037866         9.445428e-03      
   0.159843       0.060596         1.502601e-02      
   0.159843       0.088555         2.172000e-02      
   0.159843       0.121667         2.930625e-02      
   0.159843       0.159843         3.745773e-02      
   0.159843       0.202979         4.574213e-02      
   0.159843       0.250960         5.365212e-02      
   0.159843       0.303656         6.066775e-02      
   0.159843       0.360925         6.633876e-02      
   0.159843       0.422613         7.036277e-02      
   0.159843       0.488552         7.263142e-02      
   0.159843       0.558567         7.322954e-02      
   0.159843       0.632467         7.239470e-02      
   0.159843       0.710054         7.045894e-02      
   0.159843       0.791119         6.778957e-02      
   0.159843       0.875442         6.473422e-02      
   0.159843       0.962797         6.157637e-02      
   0.159843       1.052948         5.851578e-02      
   0.159843       1.145653         5.567876e-02      
   0.159843       1.240660         5.313808e-02      
   0.159843       1.337714         5.092124e-02      
   0.159843       1.436554         4.901394e-02      
   0.159843       1.536913         4.737500e-02      
   0.159843       1.638520         4.595429e-02      
   0.159843       1.741102         4.469693e-02      
   0.159843       1.844381         4.354238e-02      
   0.159843       1.948080         4.243258e-02      
   0.159843       2.051920         4.132049e-02      
   0.159843       2.155619         4.016839e-02      
   0.159843       2.258898         3.894563e-02      
   0.159843       2.361480         3.763280e-02      
   0.159843       2.463087         3.622341e-02      
   0.159843       2.563446         3.471973e-02      
   0.159843       2.662286         3.313025e-02      
   0.159843       2.759340         3.147060e-02      
   0.159843       2.854347         2.976227e-02      
   0.159843       2.947052         2.802876e-02      
   0.159843       3.037203         2.629357e-02      
   0.159843       3.124558         2.458002e-02      
   0.159843       3.208881         2.291034e-02      
   0.159843       3.289946         2.130403e-02      
   0.159843       3.367533         1.977688e-02      
   0.159843       3.441433         1.834114e-02      
   0.159843       3.511448         1.700586e-02      
   0.159843       3.577387         1.577705e-02      
   0.159843       3.639075         1.465777e-02      
   0.159843       3.696344         1.364852e-02      
   0.159843       3.749040         1.274783e-02      
   0.159843       3.797021         1.195277e-02      
   0.159843       3.840157         1.125955e-02      
   0.159843       3.878333         1.066382e-02      
   0.159843       3.911445         1.016108e-02      
   0.159843       3.939404         9.746939e-03      
   0.159843       3.962134         9.417362e-03      
   0.159843       3.979576         9.168862e-03      
   0.159843       3.991681         8.998648e-03      
   0.159843       3.998420         8.904693e-03      
   0.159843       4.008294         8.768088e-03      
   0.159843       4.043674         8.288840e-03      
   0.159843       4.107227         7.468730e-03      
   0.159843       4.198794         6.380014e-03      
   0.159843       4.318131         5.125491e-03      
   0.159843       4.464916         3.830675e-03      
   0.159843       4.638754         2.626297e-03      
   0.159843       4.839176         1.623200e-03      
   0.159843       5.065642         8.862071e-04      
   0.159843       5.317541         4.184143e-04      
   0.159843       5.594194         1.683390e-04      
   0.159843       5.894856         5.836897e-05      
   0.159843       6.218716         1.863927e-05      
   0.159843       6.564900         5.988580e-06      
   0.159843       6.932477         1.855968e-06      
   0.159843       7.320454         4.571530e-07      
   0.159843       7.727785         6.911869e-08      
   0.159843       8.153374         2.261010e-09      
   0.159843       8.596072         -1.190650e-09     
   0.159843       9.054685         -1.794372e-10     
   0.159843       9.527979         3.692016e-12      
   0.159843       10.014676        2.744047e-12      
   0.159843       10.513464        1.313453e-13      
   0.159843       11.023000        -1.412803e-14     
   0.159843       11.541909        -1.189678e-15     
   0.159843       12.068793        1.923134e-17      
   0.159843       12.602230        3.204864e-18      
   0.159843       13.140784        1.058360e-20      
   0.159843       13.683002        -3.320983e-21     
   0.159843       14.227422        -2.343845e-23     
   0.159843       14.772578        1.560266e-24      
   0.159843       15.316998        8.509956e-27      
   0.159843       15.859216        -3.533146e-28     
   0.159843       16.397770        -8.710942e-31     
   0.159843       16.931207        4.001197e-32      
   0.159843       17.458091        -4.550485e-35     
   0.159843       17.977000        -1.946521e-36     
   0.159843       18.486536        1.394962e-38      
   0.159843       18.985324        -3.126840e-37     
   0.159843       19.472021        -4.257444e-35     
   0.159843       19.945315        -5.496038e-33     
   0.159843       20.403928        -6.544844e-31     
   0.159843       20.846626        -7.005099e-29     
   0.159843       21.272215        -6.568677e-27     
   0.159843       21.679546        -5.262244e-25     
   0.159843       22.067523        -3.514870e-23     
   0.159843       22.435100        -1.910610e-21     
   0.159843       22.781284        -8.271133e-20     
   0.159843       23.105144        -2.784961e-18     
   0.159843       23.405806        -7.162312e-17     
   0.159843       23.682459        -1.387472e-15     
   0.159843       23.934358        -1.953144e-14     
   0.159843       24.160824        -2.035757e-13     
   0.159843       24.361246        -1.579672e-12     
   0.159843       24.535084        -8.210689e-12     
   0.159843       24.681869        -2.798044e-11     
   0.159843       24.801206        -7.010429e-11     
   0.159843       24.892773        -1.557421e-10     
   0.159843       24.956326        -3.985158e-10     
   0.159843       24.991706        -2.228620e-09     
   0.202979       0.001580         4.811559e-04      
   0.202979       0.008319         2.533732e-03      
   0.202979       0.020424         6.215870e-03      
   0.202979       0.037866         1.149314e-02      
   0.202979       0.060596         1.828993e-02      
   0.202979       0.088555         2.645494e-02      
   0.202979       0.121667         3.573230e-02      
   0.202979       0.159843         4.574213e-02      
   0.202979       0.202979         5.597804e-02      
   0.202979       0.250960         6.583755e-02      
   0.202979       0.303656         7.468997e-02      
   0.202979       0.360925         8.197041e-02      
   0.202979       0.422613         8.727548e-02      
   0.202979       0.488552         9.042896e-02      
   0.202979       0.558567         9.149503e-02      
   0.202979       0.632467         9.073973e-02      
   0.202979       0.710054         8.856075e-02      
   0.202979       0.791119         8.540923e-02      
   0.202979       0.875442         8.171832e-02      
   0.202979       0.962797         7.784903e-02      
   0.202979       1.052948         7.406485e-02      
   0.202979       1.145653         7.053710e-02      
   0.202979       1.240660         6.736393e-02      
   0.202979       1.337714         6.458354e-02      
   0.202979       1.436554         6.218349e-02      
   0.202979       1.536913         6.011745e-02      
   0.202979       1.638520         5.832355e-02      
   0.202979       1.741102         5.673228e-02      
   0.202979       1.844381         5.526908e-02      
   0.202979       1.948080         5.386260e-02      
   0.202979       2.051920         5.245281e-02      
   0.202979       2.155619         5.099134e-02      
   0.202979       2.258898         4.944044e-02      
   0.202979       2.361480         4.777611e-02      
   0.202979       2.463087         4.598935e-02      
   0.202979       2.563446         4.408262e-02      
   0.202979       2.662286         4.206729e-02      
   0.202979       2.759340         3.996330e-02      
   0.202979       2.854347         3.779727e-02      
   0.202979       2.947052         3.559884e-02      
   0.202979       3.037203         3.339811e-02      
   0.202979       3.124558         3.122479e-02      
   0.202979       3.208881         2.910683e-02      
   0.202979       3.289946         2.706881e-02      
   0.202979       3.367533         2.513091e-02      
   0.202979       3.441433         2.330883e-02      
   0.202979       3.511448         2.161412e-02      
   0.202979       3.577387         2.005434e-02      
   0.202979       3.639075         1.863336e-02      
   0.202979       3.696344         1.735188e-02      
   0.202979       3.749040         1.620809e-02      
   0.202979       3.797021         1.519837e-02      
   0.202979       3.840157         1.431793e-02      
   0.202979       3.878333         1.356126e-02      
   0.202979       3.911445         1.292267e-02      
   0.202979       3.939404         1.239658e-02      
   0.202979       3.962134         1.197789e-02      
   0.202979       3.979576         1.166218e-02      
   0.202979       3.991681         1.144593e-02      
   0.202979       3.998420         1.132655e-02      
   0.202979       4.008294         1.115299e-02      
   0.202979       4.043674         1.054403e-02      
   0.202979       4.107227         9.501838e-03      
   0.202979       4.198794         8.118085e-03      
   0.202979       4.318131         6.523302e-03      
   0.202979       4.464916         4.876779e-03      
   0.202979       4.638754         3.344682e-03      
   0.202979       4.839176         2.068111e-03      
   0.202979       5.065642         1.129683e-03      
   0.202979       5.317541         5.336714e-04      
   0.202979       5.594194         2.148278e-04      
   0.202979       5.894856         7.450664e-05      
   0.202979       6.218716         2.378063e-05      
   0.202979       6.564900         7.631459e-06      
   0.202979       6.932477         2.363228e-06      
   0.202979       7.320454         5.821800e-07      
   0.202979       7.727785         8.813862e-08      
   0.202979       8.153374         2.922275e-09      
   0.202979       8.596072         -1.509690e-09     
   0.202979       9.054685         -2.283019e-10     
   0.202979       9.527979         4.623814e-12      
   0.202979       10.014676        3.484544e-12      
   0.202979       10.513464        1.672269e-13      
   0.202979       11.023000        -1.793318e-14     
   0.202979       11.541909        -1.512773e-15     
   0.202979       12.068793        2.437354e-17      
   0.202979       12.602230        4.074988e-18      
   0.202979       13.140784        1.357903e-20      
   0.202979       13.683002        -4.222746e-21     
   0.202979       14.227422        -2.989682e-23     
   0.202979       14.772578        1.984120e-24      
   0.202979       15.316998        1.085347e-26      
   0.202979       15.859216        -4.493425e-28     
   0.202979       16.397770        -1.112724e-30     
   0.202979       16.931207        5.089095e-32      
   0.202979       17.458091        -5.757587e-35     
   0.202979       17.977000        -2.474893e-36     
   0.202979       18.486536        1.922072e-38      
   0.202979       18.985324        -1.915564e-37     
   0.202979       19.472021        -2.605744e-35     
   0.202979       19.945315        -3.363853e-33     
   0.202979       20.403928        -4.005802e-31     
   0.202979       20.846626        -4.287521e-29     
   0.202979       21.272215        -4.020416e-27     
   0.202979       21.679546        -3.220806e-25     
   0.202979       22.067523        -2.151309e-23     
   0.202979       22.435100        -1.169406e-21     
   0.202979       22.781284        -5.062413e-20     
   0.202979       23.105144        -1.704553e-18     
   0.202979       23.405806        -4.383728e-17     
   0.202979       23.682459        -8.492057e-16     
   0.202979       23.934358        -1.195419e-14     
   0.202979       24.160824        -1.245982e-13     
   0.202979       24.361246        -9.668304e-13     
   0.202979       24.535084        -5.025205e-12     
   0.202979       24.681869        -1.712460e-11     
   0.202979       24.801206        -4.290548e-11     
   0.202979       24.892773        -9.532702e-11     
   0.202979       24.956326        -2.441892e-10     
   0.202979       24.991706        -1.362951e-09     
   0.250960       0.001580         5.616205e-04      
   0.250960       0.008319         2.957465e-03      
   0.250960       0.020424         7.256015e-03      
   0.250960       0.037866         1.341908e-02      
   0.250960       0.060596         2.136429e-02      
   0.250960       0.088555         3.092702e-02      
   0.250960       0.121667         4.182835e-02      
   0.250960       0.159843         5.365212e-02      
   0.250960       0.202979         6.583755e-02      
   0.250960       0.250960         7.770574e-02      
   0.250960       0.303656         8.852683e-02      
   0.250960       0.360925         9.761993e-02      
   0.250960       0.422613         1.044640e-01      
   0.250960       0.488552         1.087861e-01      
   0.250960       0.558567         1.105973e-01      
   0.250960       0.632467         1.101650e-01      
   0.250960       0.710054         1.079361e-01      
   0.250960       0.791119         1.044399e-01      
   0.250960       0.875442         1.001974e-01      
   0.250960       0.962797         9.565589e-02      
   0.250960       1.052948         9.115483e-02      
   0.250960       1.145653         8.692246e-02      
   0.250960       1.240660         8.309072e-02      
   0.250960       1.337714         7.971389e-02      
   0.250960       1.436554         7.678571e-02      
   0.250960       1.536913         7.425777e-02      
   0.250960       1.638520         7.205736e-02      
   0.250960       1.741102         7.009987e-02      
   0.250960       1.844381         6.829652e-02      
   0.250960       1.948080         6.656239e-02      
   0.250960       2.051920         6.482343e-02      
   0.250960       2.155619         6.301951e-02      
   0.250960       2.258898         6.110541e-02      
   0.250960       2.361480         5.905231e-02      
   0.250960       2.463087         5.684819e-02      
   0.250960       2.563446         5.449563e-02      
   0.250960       2.662286         5.200925e-02      
   0.250960       2.759340         4.941375e-02      
   0.250960       2.854347         4.674130e-02      
   0.250960       2.947052         4.402815e-02      
   0.250960       3.037203         4.131184e-02      
   0.250960       3.124558         3.862912e-02      
   0.250960       3.208881         3.601427e-02      
   0.250960       3.289946         3.349745e-02      
   0.250960       3.367533         3.110372e-02      
   0.250960       3.441433         2.885273e-02      
   0.250960       3.511448         2.675880e-02      
   0.250960       3.577387         2.483124e-02      
   0.250960       3.639075         2.307484e-02      
   0.250960       3.696344         2.149055e-02      
   0.250960       3.749040         2.007626e-02      
   0.250960       3.797021         1.882759e-02      
   0.250960       3.840157         1.773868e-02      
   0.250960       3.878333         1.680276e-02      
   0.250960       3.911445         1.601281e-02      
   0.250960       3.939404         1.536198e-02      
   0.250960       3.962134         1.484396e-02      
   0.250960       3.979576         1.445333e-02      
   0.250960       3.991681         1.418574e-02      
   0.250960       3.998420         1.403802e-02      
   0.250960       4.008294         1.382324e-02      
   0.250960       4.043674         1.306963e-02      
   0.250960       4.107227         1.177965e-02      
   0.250960       4.198794         1.006652e-02      
   0.250960       4.318131         8.091575e-03      
   0.250960       4.464916         6.051670e-03      
   0.250960       4.638754         4.152531e-03      
   0.250960       4.839176         2.569196e-03      
   0.250960       5.065642         1.404384e-03      
   0.250960       5.317541         6.639599e-04      
   0.250960       5.594194         2.674719e-04      
   0.250960       5.894856         9.279312e-05      
   0.250960       6.218716         2.959558e-05      
   0.250960       6.564900         9.482163e-06      
   0.250960       6.932477         2.933267e-06      
   0.250960       7.320454         7.228120e-07      
   0.250960       7.727785         1.096405e-07      
   0.250960       8.153374         3.703454e-09      
   0.250960       8.596072         -1.863231e-09     
   0.250960       9.054685         -2.831672e-10     
   0.250960       9.527979         5.600954e-12      
   0.250960       10.014676        4.309657e-12      
   0.250960       10.513464        2.076481e-13      
   0.250960       11.023000        -2.216265e-14     
   0.250960       11.541909        -1.874652e-15     
   0.250960       12.068793        3.004611e-17      
   0.250960       12.602230        5.048824e-18      
   0.250960       13.140784        1.705307e-20      
   0.250960       13.683002        -5.231863e-21     
   0.250960       14.227422        -3.721252e-23     
   0.250960       14.772578        2.458548e-24      
   0.250960       15.316998        1.350539e-26      
   0.250960       15.859216        -5.568682e-28     
   0.250960       16.397770        -1.387588e-30     
   0.250960       16.931207        6.307629e-32      
   0.250960       17.458091        -7.082449e-35     
   0.250960       17.977000        -3.066115e-36     
   0.250960       18.486536        2.650412e-38      
   0.250960       18.985324        1.368769e-37      
   0.250960       19.472021        1.871286e-35      
   0.250960       19.945315        2.415714e-33      
   0.250960       20.403928        2.876758e-31      
   0.250960       20.846626        3.079135e-29      
   0.250960       21.272215        2.887380e-27      
   0.250960       21.679546        2.313179e-25      
   0.250960       22.067523        1.545113e-23      
   0.250960       22.435100        8.399166e-22      
   0.250960       22.781284        3.636154e-20      
   0.250960       23.105144        1.224363e-18      
   0.250960       23.405806        3.148889e-17      
   0.250960       23.682459        6.100190e-16      
   0.250960       23.934358        8.587554e-15      
   0.250960       24.160824        8.950966e-14      
   0.250960       24.361246        6.945905e-13      
   0.250960       24.535084        3.610564e-12      
   0.250960       24.681869        1.230489e-11      
   0.250960       24.801206        3.082923e-11      
   0.250960       24.892773        6.847235e-11      
   0.250960       24.956326        1.745867e-10      
   0.250960       24.991706        9.825323e-10      
   0.303656       0.001580         6.313969e-04      
   0.303656       0.008319         3.324918e-03      
   0.303656       0.020424         8.158384e-03      
   0.303656       0.037866         1.509152e-02      
   0.303656       0.060596         2.403957e-02      
   0.303656       0.088555         3.483351e-02      
   0.303656       0.121667         4.718640e-02      
   0.303656       0.159843         6.066775e-02      
   0.303656       0.202979         7.468997e-02      
   0.303656       0.250960         8.852683e-02      
   0.303656       0.303656         1.013731e-01      
   0.303656       0.360925         1.124425e-01      
   0.303656       0.422613         1.210878e-01      
   0.303656       0.488552         1.269111e-01      
   0.303656       0.558567         1.298293e-01      
   0.303656       0.632467         1.300688e-01      
   0.303656       0.710054         1.280928e-01      
   0.303656       0.791119         1.244908e-01      
   0.303656       0.875442         1.198686e-01      
   0.303656       0.962797         1.147662e-01      
   0.303656       1.052948         1.096106e-01      
   0.303656       1.145653         1.047002e-01      
   0.303656       1.240660         1.002127e-01      
   0.303656       1.337714         9.622733e-02      
   0.303656       1.436554         9.275025e-02      
   0.303656       1.536913         8.973515e-02      
   0.303656       1.638520         8.710112e-02      
   0.303656       1.741102         8.474963e-02      
   0.303656       1.844381         8.257796e-02      
   0.303656       1.948080         8.048749e-02      
   0.303656       2.051920         7.838985e-02      
   0.303656       2.155619         7.621259e-02      
   0.303656       2.258898         7.390248e-02      
   0.303656       2.361480         7.142557e-02      
   0.303656       2.463087         6.876664e-02      
   0.303656       2.563446         6.592832e-02      
   0.303656       2.662286         6.292864e-02      
   0.303656       2.759340         5.979740e-02      
   0.303656       2.854347         5.657274e-02      
   0.303656       2.947052         5.329810e-02      
   0.303656       3.037203         5.001898e-02      
   0.303656       3.124558         4.677986e-02      
   0.303656       3.208881         4.362190e-02      
   0.303656       3.289946         4.058139e-02      
   0.303656       3.367533         3.768877e-02      
   0.303656       3.441433         3.496800e-02      
   0.303656       3.511448         3.243652e-02      
   0.303656       3.577387         3.010562e-02      
   0.303656       3.639075         2.798113e-02      
   0.303656       3.696344         2.606436e-02      
   0.303656       3.749040         2.435289e-02      
   0.303656       3.797021         2.284158e-02      
   0.303656       3.840157         2.152341e-02      
   0.303656       3.878333         2.039029e-02      
   0.303656       3.911445         1.943377e-02      
   0.303656       3.939404         1.864560e-02      
   0.303656       3.962134         1.801820e-02      
   0.303656       3.979576         1.754505e-02      
   0.303656       3.991681         1.722091e-02      
   0.303656       3.998420         1.704197e-02      
   0.303656       4.008294         1.678178e-02      
   0.303656       4.043674         1.586876e-02      
   0.303656       4.107227         1.430556e-02      
   0.303656       4.198794         1.222896e-02      
   0.303656       4.318131         9.834008e-03      
   0.303656       4.464916         7.358870e-03      
   0.303656       4.638754         5.052911e-03      
   0.303656       4.839176         3.128832e-03      
   0.303656       5.065642         1.711922e-03      
   0.303656       5.317541         8.102065e-04      
   0.303656       5.594194         3.267056e-04      
   0.303656       5.894856         1.133878e-04      
   0.303656       6.218716         3.612779e-05      
   0.303656       6.564900         1.154962e-05      
   0.303656       6.932477         3.567846e-06      
   0.303656       7.320454         8.795620e-07      
   0.303656       7.727785         1.337754e-07      
   0.303656       8.153374         4.633002e-09      
   0.303656       8.596072         -2.248898e-09     
   0.303656       9.054685         -3.441741e-10     
   0.303656       9.527979         6.575762e-12      
   0.303656       10.014676        5.216896e-12      
   0.303656       10.513464        2.528174e-13      
   0.303656       11.023000        -2.679513e-14     
   0.303656       11.541909        -2.275608e-15     
   0.303656       12.068793        3.618617e-17      
   0.303656       12.602230        6.126592e-18      
   0.303656       13.140784        2.110152e-20      
   0.303656       13.683002        -6.348486e-21     
   0.303656       14.227422        -4.545591e-23     
   0.303656       14.772578        2.983736e-24      
   0.303656       15.316998        1.648923e-26      
   0.303656       15.859216        -6.759712e-28     
   0.303656       16.397770        -1.699252e-30     
   0.303656       16.931207        7.658109e-32      
   0.303656       17.458091        -8.504440e-35     
   0.303656       17.977000        -3.720576e-36     
   0.303656       18.486536        2.985746e-38      
   0.303656       18.985324        -1.597983e-37     
   0.303656       19.472021        -2.170524e-35     
   0.303656       19.945315        -2.802072e-33     
   0.303656       20.403928        -3.336877e-31     
   0.303656       20.846626        -3.571614e-29     
   0.303656       21.272215        -3.349161e-27     
   0.303656       21.679546        -2.683092e-25     
   0.303656       22.067523        -1.792171e-23     
   0.303656       22.435100        -9.741968e-22     
   0.303656       22.781284        -4.217387e-20     
   0.303656       23.105144        -1.420039e-18     
   0.303656       23.405806        -3.652053e-17     
   0.303656       23.682459        -7.074732e-16     
   0.303656       23.934358        -9.959086e-15     
   0.303656       24.160824        -1.038042e-13     
   0.303656       24.361246        -8.054849e-13     
   0.303656       24.535084        -4.186589e-12     
   0.303656       24.681869        -1.426675e-11     
   0.303656       24.801206        -3.574534e-11     
   0.303656       24.892773        -7.942268e-11     
   0.303656       24.956326        -2.034849e-10     
   0.303656       24.991706        -1.135398e-09     
   0.360925       0.001580         6.860106e-04      
   0.360925       0.008319         3.612523e-03      
   0.360925       0.020424         8.865103e-03      
   0.360925       0.037866         1.640317e-02      
   0.360925       0.060596         2.614405e-02      
   0.360925       0.088555         3.792345e-02      
   0.360925       0.121667         5.146210e-02      
   0.360925       0.159843         6.633876e-02      
   0.360925       0.202979         8.197041e-02      
   0.360925       0.250960         9.761993e-02      
   0.360925       0.303656         1.124425e-01      
   0.360925       0.360925         1.255727e-01      
   0.360925       0.422613         1.362436e-01      
   0.360925       0.488552         1.439142e-01      
   0.360925       0.558567         1.483645e-01      
   0.360925       0.632467         1.497240e-01      
   0.360925       0.710054         1.484203e-01      
   0.360925       0.791119         1.450685e-01      
   0.360925       0.875442         1.403450e-01      
   0.360925       0.962797         1.348832e-01      
   0.360925       1.052948         1.292071e-01      
   0.360925       1.145653         1.236987e-01      
   0.360925       1.240660         1.185966e-01      
   0.360925       1.337714         1.140184e-01      
   0.360925       1.436554         1.099912e-01      
   0.360925       1.536913         1.064766e-01      
   0.360925       1.638520         1.033902e-01      
   0.360925       1.741102         1.006230e-01      
   0.360925       1.844381         9.805931e-02      
   0.360925       1.948080         9.558686e-02      
   0.360925       2.051920         9.310353e-02      
   0.360925       2.155619         9.052478e-02      
   0.360925       2.258898         8.778867e-02      
   0.360925       2.361480         8.485565e-02      
   0.360925       2.463087         8.170752e-02      
   0.360925       2.563446         7.834701e-02      
   0.360925       2.662286         7.479536e-02      
   0.360925       2.759340         7.108765e-02      
   0.360925       2.854347         6.726857e-02      
   0.360925       2.947052         6.338924e-02      
   0.360925       3.037203         5.950351e-02      
   0.360925       3.124558         5.566407e-02      
   0.360925       3.208881         5.191961e-02      
   0.360925       3.289946         4.831314e-02      
   0.360925       3.367533         4.488090e-02      
   0.360925       3.441433         4.165151e-02      
   0.360925       3.511448         3.864582e-02      
   0.360925       3.577387         3.587741e-02      
   0.360925       3.639075         3.335338e-02      
   0.360925       3.696344         3.107544e-02      
   0.360925       3.749040         2.904093e-02      
   0.360925       3.797021         2.724392e-02      
   0.360925       3.840157         2.567620e-02      
   0.360925       3.878333         2.432830e-02      
   0.360925       3.911445         2.319026e-02      
   0.360925       3.939404         2.225237e-02      
   0.360925       3.962134         2.150570e-02      
   0.360925       3.979576         2.094254e-02      
   0.360925       3.991681         2.055671e-02      
   0.360925       3.998420         2.034370e-02      
   0.360925       4.008294         2.003396e-02      
   0.360925       4.043674         1.894692e-02      
   0.360925       4.107227         1.708531e-02      
   0.360925       4.198794         1.461126e-02      
   0.360925       4.318131         1.175634e-02      
   0.360925       4.464916         8.803661e-03      
   0.360925       4.638754         6.050304e-03      
   0.360925       4.839176         3.750427e-03      
   0.360925       5.065642         2.054577e-03      
   0.360925       5.317541         9.737067e-04      
   0.360925       5.594194         3.931331e-04      
   0.360925       5.894856         1.365133e-04      
   0.360925       6.218716         4.343959e-05      
   0.360925       6.564900         1.384730e-05      
   0.360925       6.932477         4.269808e-06      
   0.360925       7.320454         1.053214e-06      
   0.360925       7.727785         1.607531e-07      
   0.360925       8.153374         5.747344e-09      
   0.360925       8.596072         -2.663965e-09     
   0.360925       9.054685         -4.115249e-10     
   0.360925       9.527979         7.492307e-12      
   0.360925       10.014676        6.203870e-12      
   0.360925       10.513464        3.030003e-13      
   0.360925       11.023000        -3.180952e-14     
   0.360925       11.541909        -2.716257e-15     
   0.360925       12.068793        4.272761e-17      
   0.360925       12.602230        7.309394e-18      
   0.360925       13.140784        2.583672e-20      
   0.360925       13.683002        -7.573701e-21     
   0.360925       14.227422        -5.471494e-23     
   0.360925       14.772578        3.560320e-24      
   0.360925       15.316998        1.983483e-26      
   0.360925       15.859216        -8.068374e-28     
   0.360925       16.397770        -2.052140e-30     
   0.360925       16.931207        9.143053e-32      
   0.360925       17.458091        -1.000100e-34     
   0.360925       17.977000        -4.439000e-36     
   0.360925       18.486536        3.246774e-38      
   0.360925       18.985324        -6.371419e-37     
   0.360925       19.472021        -8.674543e-35     
   0.360925       19.945315        -1.119869e-32     
   0.360925       20.403928        -1.333632e-30     
   0.360925       20.846626        -1.427477e-28     
   0.360925       21.272215        -1.338596e-26     
   0.360925       21.679546        -1.072403e-24     
   0.360925       22.067523        -7.163265e-23     
   0.360925       22.435100        -3.893923e-21     
   0.360925       22.781284        -1.685749e-19     
   0.360925       23.105144        -5.676217e-18     
   0.360925       23.405806        -1.459837e-16     
   0.360925       23.682459        -2.828047e-15     
   0.360925       23.934358        -3.981124e-14     
   0.360925       24.160824        -4.149611e-13     
   0.360925       24.361246        -3.220038e-12     
   0.360925       24.535084        -1.673716e-11     
   0.360925       24.681869        -5.703756e-11     
   0.360925       24.801206        -1.429071e-10     
   0.360925       24.892773        -3.174879e-10     
   0.360925       24.956326        -8.119391e-10     
   0.360925       24.991706        -4.545174e-09     
   0.422613       0.001580         7.228294e-04      
   0.422613       0.008319         3.806415e-03      
   0.422613       0.020424         9.342026e-03      
   0.422613       0.037866         1.729037e-02      
   0.422613       0.060596         2.757442e-02      
   0.422613       0.088555         4.004225e-02      
   0.422613       0.121667         5.443543e-02      
   0.422613       0.159843         7.036277e-02      
   0.422613       0.202979         8.727548e-02      
   0.422613       0.250960         1.044640e-01      
   0.422613       0.303656         1.210878e-01      
   0.422613       0.360925         1.362436e-01      
   0.422613       0.422613         1.490731e-01      
   0.422613       0.488552         1.588924e-01      
   0.422613       0.558567         1.653122e-01      
   0.422613       0.632467         1.683060e-01      
   0.422613       0.710054         1.681978e-01      
   0.422613       0.791119         1.655729e-01      
   0.422613       0.875442         1.611460e-01      
   0.422613       0.962797         1.556337e-01      
   0.422613       1.052948         1.496595e-01      
   0.422613       1.145653         1.437010e-01      
   0.422613       1.240660         1.380754e-01      
   0.422613       1.337714         1.329560e-01      
   0.422613       1.436554         1.284031e-01      
   0.422613       1.536913         1.243939e-01      
   0.422613       1.638520         1.208480e-01      
   0.422613       1.741102         1.176514e-01      
   0.422613       1.844381         1.146776e-01      
   0.422613       1.948080         1.118017e-01      
   0.422613       2.051920         1.089091e-01      
   0.422613       2.155619         1.059040e-01      
   0.422613       2.258898         1.027152e-01      
   0.422613       2.361480         9.929730e-02      
   0.422613       2.463087         9.562932e-02      
   0.422613       2.563446         9.171427e-02      
   0.422613       2.662286         8.757624e-02      
   0.422613       2.759340         8.325557e-02      
   0.422613       2.854347         7.880413e-02      
   0.422613       2.947052         7.428114e-02      
   0.422613       3.037203         6.974901e-02      
   0.422613       3.124558         6.526902e-02      
   0.422613       3.208881         6.089804e-02      
   0.422613       3.289946         5.668640e-02      
   0.422613       3.367533         5.267651e-02      
   0.422613       3.441433         4.890195e-02      
   0.422613       3.511448         4.538737e-02      
   0.422613       3.577387         4.214892e-02      
   0.422613       3.639075         3.919522e-02      
   0.422613       3.696344         3.652854e-02      
   0.422613       3.749040         3.414602e-02      
   0.422613       3.797021         3.204093e-02      
   0.422613       3.840157         3.020391e-02      
   0.422613       3.878333         2.862403e-02      
   0.422613       3.911445         2.728983e-02      
   0.422613       3.939404         2.619005e-02      
   0.422613       3.962134         2.531436e-02      
   0.422613       3.979576         2.465381e-02      
   0.422613       3.991681         2.420120e-02      
   0.422613       3.998420         2.395131e-02      
   0.422613       4.008294         2.358792e-02      
   0.422613       4.043674         2.231242e-02      
   0.422613       4.107227         2.012734e-02      
   0.422613       4.198794         1.722188e-02      
   0.422613       4.318131         1.386669e-02      
   0.422613       4.464916         1.039340e-02      
   0.422613       4.638754         7.150866e-03      
   0.422613       4.839176         4.438619e-03      
   0.422613       5.065642         2.435424e-03      
   0.422613       5.317541         1.156202e-03      
   0.422613       5.594194         4.675667e-04      
   0.422613       5.894856         1.624701e-04      
   0.422613       6.218716         5.161615e-05      
   0.422613       6.564900         1.639417e-05      
   0.422613       6.932477         5.043264e-06      
   0.422613       7.320454         1.244874e-06      
   0.422613       7.727785         1.908556e-07      
   0.422613       8.153374         7.093221e-09      
   0.422613       8.596072         -3.105184e-09     
   0.422613       9.054685         -4.854989e-10     
   0.422613       9.527979         8.282681e-12      
   0.422613       10.014676        7.268182e-12      
   0.422613       10.513464        3.585416e-13      
   0.422613       11.023000        -3.718364e-14     
   0.422613       11.541909        -3.197605e-15     
   0.422613       12.068793        4.959614e-17      
   0.422613       12.602230        8.599340e-18      
   0.422613       13.140784        3.139644e-20      
   0.422613       13.683002        -8.909645e-21     
   0.422613       14.227422        -6.510196e-23     
   0.422613       14.772578        4.189459e-24      
   0.422613       15.316998        2.358055e-26      
   0.422613       15.859216        -9.497767e-28     
   0.422613       16.397770        -2.451855e-30     
   0.422613       16.931207        1.076642e-31      
   0.422613       17.458091        -1.154608e-34     
   0.422613       17.977000        -5.222588e-36     
   0.422613       18.486536        4.171447e-38      
   0.422613       18.985324        -2.648925e-37     
   0.422613       19.472021        -3.599821e-35     
   0.422613       19.945315        -4.647400e-33     
   0.422613       20.403928        -5.534600e-31     
   0.422613       20.846626        -5.924147e-29     
   0.422613       21.272215        -5.555358e-27     
   0.422613       21.679546        -4.450675e-25     
   0.422613       22.067523        -2.972920e-23     
   0.422613       22.435100        -1.616083e-21     
   0.422613       22.781284        -6.996373e-20     
   0.422613       23.105144        -2.355820e-18     
   0.422613       23.405806        -6.058852e-17     
   0.422613       23.682459        -1.173750e-15     
   0.422613       23.934358        -1.652328e-14     
   0.422613       24.160824        -1.722269e-13     
   0.422613       24.361246        -1.336465e-12     
   0.422613       24.535084        -6.946677e-12     
   0.422613       24.681869        -2.367305e-11     
   0.422613       24.801206        -5.931294e-11     
   0.422613       24.892773        -1.317782e-10     
   0.422613       24.956326        -3.370815e-10     
   0.422613       24.991706        -1.886214e-09     
   0.488552       0.001580         7.413807e-04      
   0.488552       0.008319         3.904104e-03      
   0.488552       0.020424         9.582883e-03      
   0.488552       0.037866         1.774087e-02      
   0.488552       0.060596         2.830893e-02      
   0.488552       0.088555         4.115228e-02      
   0.488552       0.121667         5.604199e-02      
   0.488552       0.159843         7.263142e-02      
   0.488552       0.202979         9.042896e-02      
   0.488552       0.250960         1.087861e-01      
   0.488552       0.303656         1.269111e-01      
   0.488552       0.360925         1.439142e-01      
   0.488552       0.422613         1.588924e-01      
   0.488552       0.488552         1.710460e-01      
   0.488552       0.558567         1.798090e-01      
   0.488552       0.632467         1.849526e-01      
   0.488552       0.710054         1.866251e-01      
   0.488552       0.791119         1.853072e-01      
   0.488552       0.875442         1.816955e-01      
   0.488552       0.962797         1.765588e-01      
   0.488552       1.052948         1.706118e-01      
   0.488552       1.145653         1.644348e-01      
   0.488552       1.240660         1.584406e-01      
   0.488552       1.337714         1.528778e-01      
   0.488552       1.436554         1.478560e-01      
   0.488552       1.536913         1.433801e-01      
   0.488552       1.638520         1.393833e-01      
   0.488552       1.741102         1.357541e-01      
   0.488552       1.844381         1.323597e-01      
   0.488552       1.948080         1.290644e-01      
   0.488552       2.051920         1.257435e-01      
   0.488552       2.155619         1.222912e-01      
   0.488552       2.258898         1.186273e-01      
   0.488552       2.361480         1.147000e-01      
   0.488552       2.463087         1.104860e-01      
   0.488552       2.563446         1.059888e-01      
   0.488552       2.662286         1.012349e-01      
   0.488552       2.759340         9.626998e-02      
   0.488552       2.854347         9.115328e-02      
   0.488552       2.947052         8.595252e-02      
   0.488552       3.037203         8.073884e-02      
   0.488552       3.124558         7.558244e-02      
   0.488552       3.208881         7.054890e-02      
   0.488552       3.289946         6.569640e-02      
   0.488552       3.367533         6.107389e-02      
   0.488552       3.441433         5.672032e-02      
   0.488552       3.511448         5.266442e-02      
   0.488552       3.577387         4.892529e-02      
   0.488552       3.639075         4.551333e-02      
   0.488552       3.696344         4.243155e-02      
   0.488552       3.749040         3.967698e-02      
   0.488552       3.797021         3.724220e-02      
   0.488552       3.840157         3.511667e-02      
   0.488552       3.878333         3.328806e-02      
   0.488552       3.911445         3.174336e-02      
   0.488552       3.939404         3.046976e-02      
   0.488552       3.962134         2.945545e-02      
   0.488552       3.979576         2.869020e-02      
   0.488552       3.991681         2.816580e-02      
   0.488552       3.998420         2.787626e-02      
   0.488552       4.008294         2.745517e-02      
   0.488552       4.043674         2.597686e-02      
   0.488552       4.107227         2.344333e-02      
   0.488552       4.198794         2.007233e-02      
   0.488552       4.318131         1.617602e-02      
   0.488552       4.464916         1.213793e-02      
   0.488552       4.638754         8.362751e-03      
   0.488552       4.839176         5.199527e-03      
   0.488552       5.065642         2.858507e-03      
   0.488552       5.317541         1.359979e-03      
   0.488552       5.594194         5.510754e-04      
   0.488552       5.894856         1.916550e-04      
   0.488552       6.218716         6.077078e-05      
   0.488552       6.564900         1.921575e-05      
   0.488552       6.932477         5.893788e-06      
   0.488552       7.320454         1.456026e-06      
   0.488552       7.727785         2.244546e-07      
   0.488552       8.153374         8.731412e-09      
   0.488552       8.596072         -3.568459e-09     
   0.488552       9.054685         -5.664740e-10     
   0.488552       9.527979         8.859618e-12      
   0.488552       10.014676        8.407057e-12      
   0.488552       10.513464        4.199050e-13      
   0.488552       11.023000        -4.289041e-14     
   0.488552       11.541909        -3.721109e-15     
   0.488552       12.068793        5.669712e-17      
   0.488552       12.602230        9.999565e-18      
   0.488552       13.140784        3.796190e-20      
   0.488552       13.683002        -1.035949e-20     
   0.488552       14.227422        -7.676630e-23     
   0.488552       14.772578        4.872843e-24      
   0.488552       15.316998        2.777743e-26      
   0.488552       15.859216        -1.105234e-27     
   0.488552       16.397770        -2.905797e-30     
   0.488552       16.931207        1.253385e-31      
   0.488552       17.458091        -1.310622e-34     
   0.488552       17.977000        -6.073285e-36     
   0.488552       18.486536        4.984176e-38      
   0.488552       18.985324        -1.323147e-37     
   0.488552       19.472021        -1.791196e-35     
   0.488552       19.945315        -2.312497e-33     
   0.488552       20.403928        -2.754008e-31     
   0.488552       20.846626        -2.947893e-29     
   0.488552       21.272215        -2.764421e-27     
   0.488552       21.679546        -2.214744e-25     
   0.488552       22.067523        -1.479400e-23     
   0.488552       22.435100        -8.042118e-22     
   0.488552       22.781284        -3.481639e-20     
   0.488552       23.105144        -1.172347e-18     
   0.488552       23.405806        -3.015142e-17     
   0.488552       23.682459        -5.841120e-16     
   0.488552       23.934358        -8.222781e-15     
   0.488552       24.160824        -8.570910e-14     
   0.488552       24.361246        -6.651006e-13     
   0.488552       24.535084        -3.457057e-12     
   0.488552       24.681869        -1.178101e-11     
   0.488552       24.801206        -2.951757e-11     
   0.488552       24.892773        -6.558307e-11     
   0.488552       24.956326        -1.677645e-10     
   0.488552       24.991706        -9.386849e-10     
   0.558567       0.001580         7.431082e-04      
   0.558567       0.008319         3.913195e-03      
   0.558567       0.020424         9.606186e-03      
   0.558567       0.037866         1.778841e-02      
   0.558567       0.060596         2.839945e-02      
   0.558567       0.088555         4.132366e-02      
   0.558567       0.121667         5.636534e-02      
   0.558567       0.159843         7.322954e-02      
   0.558567       0.202979         9.149503e-02      
   0.558567       0.250960         1.105973e-01      
   0.558567       0.303656         1.298293e-01      
   0.558567       0.360925         1.483645e-01      
   0.558567       0.422613         1.653122e-01      
   0.558567       0.488552         1.798090e-01      
   0.558567       0.558567         1.911391e-01      
   0.558567       0.632467         1.988581e-01      
   0.558567       0.710054         2.028834e-01      
   0.558567       0.791119         2.035085e-01      
   0.558567       0.875442         2.013304e-01      
   0.558567       0.962797         1.971109e-01      
   0.558567       1.052948         1.916280e-01      
   0.558567       1.145653         1.855618e-01      
   0.558567       1.240660         1.794323e-01      
   0.558567       1.337714         1.735819e-01      
   0.558567       1.436554         1.681895e-01      
   0.558567       1.536913         1.633049e-01      
   0.558567       1.638520         1.588868e-01      
   0.558567       1.741102         1.548358e-01      
   0.558567       1.844381         1.510197e-01      
   0.558567       1.948080         1.472970e-01      
   0.558567       2.051920         1.435349e-01      
   0.558567       2.155619         1.396196e-01      
   0.558567       2.258898         1.354628e-01      
   0.558567       2.361480         1.310070e-01      
   0.558567       2.463087         1.262265e-01      
   0.558567       2.563446         1.211249e-01      
   0.558567       2.662286         1.157315e-01      
   0.558567       2.759340         1.100969e-01      
   0.558567       2.854347         1.042880e-01      
   0.558567       2.947052         9.838088e-02      
   0.558567       3.037203         9.245584e-02      
   0.558567       3.124558         8.659227e-02      
   0.558567       3.208881         8.086478e-02      
   0.558567       3.289946         7.533974e-02      
   0.558567       3.367533         7.007318e-02      
   0.558567       3.441433         6.510977e-02      
   0.558567       3.511448         6.048277e-02      
   0.558567       3.577387         5.621450e-02      
   0.558567       3.639075         5.231744e-02      
   0.558567       3.696344         4.879555e-02      
   0.558567       3.749040         4.564597e-02      
   0.558567       3.797021         4.286068e-02      
   0.558567       3.840157         4.042808e-02      
   0.558567       3.878333         3.833446e-02      
   0.558567       3.911445         3.656526e-02      
   0.558567       3.939404         3.510612e-02      
   0.558567       3.962134         3.394375e-02      
   0.558567       3.979576         3.306663e-02      
   0.558567       3.991681         3.246547e-02      
   0.558567       3.998420         3.213352e-02      
   0.558567       4.008294         3.165071e-02      
   0.558567       4.043674         2.995535e-02      
   0.558567       4.107227         2.704838e-02      
   0.558567       4.198794         2.317745e-02      
   0.558567       4.318131         1.869836e-02      
   0.558567       4.464916         1.404978e-02      
   0.558567       4.638754         9.696335e-03      
   0.558567       4.839176         6.040933e-03      
   0.558567       5.065642         3.328971e-03      
   0.558567       5.317541         1.587954e-03      
   0.558567       5.594194         6.450288e-04      
   0.558567       5.894856         2.245799e-04      
   0.558567       6.218716         7.105100e-05      
   0.558567       6.564900         2.234566e-05      
   0.558567       6.932477         6.828734e-06      
   0.558567       7.320454         1.688592e-06      
   0.558567       7.727785         2.620242e-07      
   0.558567       8.153374         1.073873e-08      
   0.558567       8.596072         -4.048644e-09     
   0.558567       9.054685         -6.549217e-10     
   0.558567       9.527979         9.115462e-12      
   0.558567       10.014676        9.617229e-12      
   0.558567       10.513464        4.876684e-13      
   0.558567       11.023000        -4.889800e-14     
   0.558567       11.541909        -4.288687e-15     
   0.558567       12.068793        6.391650e-17      
   0.558567       12.602230        1.151433e-17      
   0.558567       13.140784        4.575862e-20      
   0.558567       13.683002        -1.192759e-20     
   0.558567       14.227422        -8.989644e-23     
   0.558567       14.772578        5.612759e-24      
   0.558567       15.316998        3.249005e-26      
   0.558567       15.859216        -1.273803e-27     
   0.558567       16.397770        -3.423299e-30     
   0.558567       16.931207        1.445281e-31      
   0.558567       17.458091        -1.464038e-34     
   0.558567       17.977000        -6.993616e-36     
   0.558567       18.486536        5.661009e-38      
   0.558567       18.985324        -2.778956e-37     
   0.558567       19.472021        -3.773484e-35     
   0.558567       19.945315        -4.871890e-33     
   0.558567       20.403928        -5.802260e-31     
   0.558567       20.846626        -6.210951e-29     
   0.558567       21.272215        -5.824567e-27     
   0.558567       21.679546        -4.666539e-25     
   0.558567       22.067523        -3.117225e-23     
   0.558567       22.435100        -1.694583e-21     
   0.558567       22.781284        -7.336441e-20     
   0.558567       23.105144        -2.470394e-18     
   0.558567       23.405806        -6.353687e-17     
   0.558567       23.682459        -1.230897e-15     
   0.558567       23.934358        -1.732806e-14     
   0.558567       24.160824        -1.806198e-13     
   0.558567       24.361246        -1.401629e-12     
   0.558567       24.535084        -7.285407e-12     
   0.558567       24.681869        -2.482732e-11     
   0.558567       24.801206        -6.220605e-11     
   0.558567       24.892773        -1.382179e-10     
   0.558567       24.956326        -3.536238e-10     
   0.558567       24.991706        -1.978107e-09     
   0.632467       0.001580         7.307975e-04      
   0.632467       0.008319         3.848361e-03      
   0.632467       0.020424         9.447848e-03      
   0.632467       0.037866         1.749920e-02      
   0.632467       0.060596         2.795050e-02      
   0.632467       0.088555         4.070519e-02      
   0.632467       0.121667         5.560076e-02      
   0.632467       0.159843         7.239470e-02      
   0.632467       0.202979         9.073973e-02      
   0.632467       0.250960         1.101650e-01      
   0.632467       0.303656         1.300688e-01      
   0.632467       0.360925         1.497240e-01      
   0.632467       0.422613         1.683060e-01      
   0.632467       0.488552         1.849526e-01      
   0.632467       0.558567         1.988581e-01      
   0.632467       0.632467         2.093947e-01      
   0.632467       0.710054         2.162312e-01      
   0.632467       0.791119         2.194082e-01      
   0.632467       0.875442         2.193285e-01      
   0.632467       0.962797         2.166603e-01      
   0.632467       1.052948         2.121883e-01      
   0.632467       1.145653         2.066687e-01      
   0.632467       1.240660         2.007286e-01      
   0.632467       1.337714         1.948177e-01      
   0.632467       1.436554         1.892058e-01      
   0.632467       1.536913         1.840084e-01      
   0.632467       1.638520         1.792262e-01      
   0.632467       1.741102         1.747831e-01      
   0.632467       1.844381         1.705574e-01      
   0.632467       1.948080         1.664091e-01      
   0.632467       2.051920         1.622010e-01      
   0.632467       2.155619         1.578134e-01      
   0.632467       2.258898         1.531522e-01      
   0.632467       2.361480         1.481551e-01      
   0.632467       2.463087         1.427938e-01      
   0.632467       2.563446         1.370720e-01      
   0.632467       2.662286         1.310219e-01      
   0.632467       2.759340         1.246993e-01      
   0.632467       2.854347         1.181778e-01      
   0.632467       2.947052         1.115423e-01      
   0.632467       3.037203         1.048822e-01      
   0.632467       3.124558         9.828645e-02      
   0.632467       3.208881         9.183888e-02      
   0.632467       3.289946         8.561432e-02      
   0.632467       3.367533         7.967629e-02      
   0.632467       3.441433         7.407573e-02      
   0.632467       3.511448         6.885081e-02      
   0.632467       3.577387         6.402743e-02      
   0.632467       3.639075         5.962040e-02      
   0.632467       3.696344         5.563497e-02      
   0.632467       3.749040         5.206862e-02      
   0.632467       3.797021         4.891294e-02      
   0.632467       3.840157         4.615539e-02      
   0.632467       3.878333         4.378098e-02      
   0.632467       3.911445         4.177366e-02      
   0.632467       3.939404         4.011752e-02      
   0.632467       3.962134         3.879783e-02      
   0.632467       3.979576         3.780174e-02      
   0.632467       3.991681         3.711893e-02      
   0.632467       3.998420         3.674185e-02      
   0.632467       4.008294         3.619334e-02      
   0.632467       4.043674         3.426676e-02      
   0.632467       4.107227         3.096134e-02      
   0.632467       4.198794         2.655565e-02      
   0.632467       4.318131         2.145114e-02      
   0.632467       4.464916         1.614453e-02      
   0.632467       4.638754         1.116449e-02      
   0.632467       4.839176         6.972509e-03      
   0.632467       5.065642         3.853230e-03      
   0.632467       5.317541         1.843778e-03      
   0.632467       5.594194         7.511526e-04      
   0.632467       5.894856         2.618949e-04      
   0.632467       6.218716         8.264619e-05      
   0.632467       6.564900         2.582741e-05      
   0.632467       6.932477         7.857567e-06      
   0.632467       7.320454         1.944999e-06      
   0.632467       7.727785         3.041583e-07      
   0.632467       8.153374         1.321146e-08      
   0.632467       8.596072         -4.539187e-09     
   0.632467       9.054685         -7.514076e-10     
   0.632467       9.527979         8.917729e-12      
   0.632467       10.014676        1.089461e-11      
   0.632467       10.513464        5.625369e-13      
   0.632467       11.023000        -5.516780e-14     
   0.632467       11.541909        -4.902729e-15     
   0.632467       12.068793        7.111508e-17      
   0.632467       12.602230        1.314905e-17      
   0.632467       13.140784        5.506619e-20      
   0.632467       13.683002        -1.361947e-20     
   0.632467       14.227422        -1.047278e-22     
   0.632467       14.772578        6.412121e-24      
   0.632467       15.316998        3.779933e-26      
   0.632467       15.859216        -1.456240e-27     
   0.632467       16.397770        -4.016049e-30     
   0.632467       16.931207        1.653274e-31      
   0.632467       17.458091        -1.609770e-34     
   0.632467       17.977000        -7.986744e-36     
   0.632467       18.486536        6.495953e-38      
   0.632467       18.985324        -2.964245e-37     
   0.632467       19.472021        -4.023972e-35     
   0.632467       19.945315        -5.195496e-33     
   0.632467       20.403928        -6.187884e-31     
   0.632467       20.846626        -6.623948e-29     
   0.632467       21.272215        -6.212048e-27     
   0.632467       21.679546        -4.977109e-25     
   0.632467       22.067523        -3.324760e-23     
   0.632467       22.435100        -1.807440e-21     
   0.632467       22.781284        -7.825185e-20     
   0.632467       23.105144        -2.635012e-18     
   0.632467       23.405806        -6.777176e-17     
   0.632467       23.682459        -1.312958e-15     
   0.632467       23.934358        -1.848345e-14     
   0.632467       24.160824        -1.926660e-13     
   0.632467       24.361246        -1.495130e-12     
   0.632467       24.535084        -7.771394e-12     
   0.632467       24.681869        -2.648334e-11     
   0.632467       24.801206        -6.635619e-11     
   0.632467       24.892773        -1.474492e-10     
   0.632467       24.956326        -3.773651e-10     
   0.632467       24.991706        -2.109699e-09     
   0.710054       0.001580         7.079916e-04      
   0.710054       0.008319         3.728265e-03      
   0.710054       0.020424         9.153623e-03      
   0.710054       0.037866         1.695783e-02      
   0.710054       0.060596         2.709668e-02      
   0.710054       0.088555         3.949136e-02      
   0.710054       0.121667         5.401001e-02      
   0.710054       0.159843         7.045894e-02      
   0.710054       0.202979         8.856075e-02      
   0.710054       0.250960         1.079361e-01      
   0.710054       0.303656         1.280928e-01      
   0.710054       0.360925         1.484203e-01      
   0.710054       0.422613         1.681978e-01      
   0.710054       0.488552         1.866251e-01      
   0.710054       0.558567         2.028834e-01      
   0.710054       0.632467         2.162312e-01      
   0.710054       0.710054         2.261240e-01      
   0.710054       0.791119         2.323254e-01      
   0.710054       0.875442         2.349672e-01      
   0.710054       0.962797         2.345228e-01      
   0.710054       1.052948         2.316950e-01      
   0.710054       1.145653         2.272613e-01      
   0.710054       1.240660         2.219342e-01      
   0.710054       1.337714         2.162746e-01      
   0.710054       1.436554         2.106600e-01      
   0.710054       1.536913         2.052943e-01      
   0.710054       1.638520         2.002400e-01      
   0.710054       1.741102         1.954598e-01      
   0.710054       1.844381         1.908547e-01      
   0.710054       1.948080         1.862955e-01      
   0.710054       2.051920         1.816468e-01      
   0.710054       2.155619         1.767863e-01      
   0.710054       2.258898         1.716168e-01      
   0.710054       2.361480         1.660729e-01      
   0.710054       2.463087         1.601240e-01      
   0.710054       2.563446         1.537738e-01      
   0.710054       2.662286         1.470576e-01      
   0.710054       2.759340         1.400360e-01      
   0.710054       2.854347         1.327894e-01      
   0.710054       2.947052         1.254106e-01      
   0.710054       3.037203         1.179987e-01      
   0.710054       3.124558         1.106523e-01      
   0.710054       3.208881         1.034645e-01      
   0.710054       3.289946         9.651870e-02      
   0.710054       3.367533         8.988649e-02      
   0.710054       3.441433         8.362548e-02      
   0.710054       3.511448         7.777919e-02      
   0.710054       3.577387         7.237750e-02      
   0.710054       3.639075         6.743793e-02      
   0.710054       3.696344         6.296735e-02      
   0.710054       3.749040         5.896389e-02      
   0.710054       3.797021         5.541902e-02      
   0.710054       3.840157         5.231946e-02      
   0.710054       3.878333         4.964907e-02      
   0.710054       3.911445         4.739039e-02      
   0.710054       3.939404         4.552608e-02      
   0.710054       3.962134         4.403997e-02      
   0.710054       3.979576         4.291796e-02      
   0.710054       3.991681         4.214866e-02      
   0.710054       3.998420         4.172375e-02      
   0.710054       4.008294         4.110561e-02      
   0.710054       4.043674         3.893374e-02      
   0.710054       4.107227         3.520484e-02      
   0.710054       4.198794         3.022913e-02      
   0.710054       4.318131         2.445531e-02      
   0.710054       4.464916         1.844092e-02      
   0.710054       4.638754         1.278280e-02      
   0.710054       4.839176         8.005999e-03      
   0.710054       5.065642         4.439123e-03      
   0.710054       5.317541         2.131950e-03      
   0.710054       5.594194         8.715879e-04      
   0.710054       5.894856         3.044154e-04      
   0.710054       6.218716         9.579672e-05      
   0.710054       6.564900         2.971677e-05      
   0.710054       6.932477         8.992323e-06      
   0.710054       7.320454         2.228267e-06      
   0.710054       7.727785         3.515865e-07      
   0.710054       8.153374         1.626824e-08      
   0.710054       8.596072         -5.031802e-09     
   0.710054       9.054685         -8.565760e-10     
   0.710054       9.527979         8.108009e-12      
   0.710054       10.014676        1.223410e-11      
   0.710054       10.513464        6.453326e-13      
   0.710054       11.023000        -6.165456e-14     
   0.710054       11.541909        -5.566094e-15     
   0.710054       12.068793        7.813001e-17      
   0.710054       12.602230        1.491039e-17      
   0.710054       13.140784        6.621904e-20      
   0.710054       13.683002        -1.544203e-20     
   0.710054       14.227422        -1.215454e-22     
   0.710054       14.772578        7.274540e-24      
   0.710054       15.316998        4.380363e-26      
   0.710054       15.859216        -1.653476e-27     
   0.710054       16.397770        -4.698265e-30     
   0.710054       16.931207        1.878523e-31      
   0.710054       17.458091        -1.741721e-34     
   0.710054       17.977000        -9.056470e-36     
   0.710054       18.486536        7.516982e-38      
   0.710054       18.985324        -1.567303e-37     
   0.710054       19.472021        -2.117511e-35     
   0.710054       19.945315        -2.734103e-33     
   0.710054       20.403928        -3.256456e-31     
   0.710054       20.846626        -3.486048e-29     
   0.710054       21.272215        -3.269362e-27     
   0.710054       21.679546        -2.619483e-25     
   0.710054       22.067523        -1.749878e-23     
   0.710054       22.435100        -9.513042e-22     
   0.710054       22.781284        -4.118673e-20     
   0.710054       23.105144        -1.386920e-18     
   0.710054       23.405806        -3.567167e-17     
   0.710054       23.682459        -6.910840e-16     
   0.710054       23.934358        -9.728956e-15     
   0.710054       24.160824        -1.014131e-13     
   0.710054       24.361246        -7.869980e-13     
   0.710054       24.535084        -4.090638e-12     
   0.710054       24.681869        -1.393997e-11     
   0.710054       24.801206        -3.492828e-11     
   0.710054       24.892773        -7.761946e-11     
   0.710054       24.956326        -1.987216e-10     
   0.710054       24.991706        -1.110259e-09     
   0.791119       0.001580         6.784952e-04      
   0.791119       0.008319         3.572942e-03      
   0.791119       0.020424         8.772675e-03      
   0.791119       0.037866         1.625526e-02      
   0.791119       0.060596         2.598303e-02      
   0.791119       0.088555         3.789258e-02      
   0.791119       0.121667         5.187856e-02      
   0.791119       0.159843         6.778957e-02      
   0.791119       0.202979         8.540923e-02      
   0.791119       0.250960         1.044399e-01      
   0.791119       0.303656         1.244908e-01      
   0.791119       0.360925         1.450685e-01      
   0.791119       0.422613         1.655729e-01      
   0.791119       0.488552         1.853072e-01      
   0.791119       0.558567         2.035085e-01      
   0.791119       0.632467         2.194082e-01      
   0.791119       0.710054         2.323254e-01      
   0.791119       0.791119         2.417831e-01      
   0.791119       0.875442         2.476151e-01      
   0.791119       0.962797         2.500155e-01      
   0.791119       1.052948         2.494976e-01      
   0.791119       1.145653         2.467690e-01      
   0.791119       1.240660         2.425754e-01      
   0.791119       1.337714         2.375718e-01      
   0.791119       1.436554         2.322501e-01      
   0.791119       1.536913         2.269208e-01      
   0.791119       1.638520         2.217308e-01      
   0.791119       1.741102         2.167013e-01      
   0.791119       1.844381         2.117713e-01      
   0.791119       1.948080         2.068333e-01      
   0.791119       2.051920         2.017625e-01      
   0.791119       2.155619         1.964397e-01      
   0.791119       2.258898         1.907678e-01      
   0.791119       2.361480         1.846802e-01      
   0.791119       2.463087         1.781454e-01      
   0.791119       2.563446         1.711676e-01      
   0.791119       2.662286         1.637844e-01      
   0.791119       2.759340         1.560615e-01      
   0.791119       2.854347         1.480854e-01      
   0.791119       2.947052         1.399570e-01      
   0.791119       3.037203         1.317845e-01      
   0.791119       3.124558         1.236761e-01      
   0.791119       3.208881         1.157343e-01      
   0.791119       3.289946         1.080517e-01      
   0.791119       3.367533         1.007079e-01      
   0.791119       3.441433         9.376769e-02      
   0.791119       3.511448         8.728040e-02      
   0.791119       3.577387         8.128037e-02      
   0.791119       3.639075         7.578831e-02      
   0.791119       3.696344         7.081310e-02      
   0.791119       3.749040         6.635389e-02      
   0.791119       3.797021         6.240231e-02      
   0.791119       3.840157         5.894461e-02      
   0.791119       3.878333         5.596370e-02      
   0.791119       3.911445         5.344093e-02      
   0.791119       3.939404         5.135760e-02      
   0.791119       3.962134         4.969620e-02      
   0.791119       3.979576         4.844143e-02      
   0.791119       3.991681         4.758089e-02      
   0.791119       3.998420         4.710552e-02      
   0.791119       4.008294         4.641387e-02      
   0.791119       4.043674         4.398279e-02      
   0.791119       4.107227         3.980540e-02      
   0.791119       4.198794         3.422395e-02      
   0.791119       4.318131         2.773555e-02      
   0.791119       4.464916         2.096114e-02      
   0.791119       4.638754         1.456980e-02      
   0.791119       4.839176         9.155462e-03      
   0.791119       5.065642         5.096108e-03      
   0.791119       5.317541         2.457941e-03      
   0.791119       5.594194         1.008967e-03      
   0.791119       5.894856         3.531557e-04      
   0.791119       6.218716         1.108055e-04      
   0.791119       6.564900         3.408453e-05      
   0.791119       6.932477         1.024812e-05      
   0.791119       7.320454         2.542099e-06      
   0.791119       7.727785         4.051974e-07      
   0.791119       8.153374         2.005483e-08      
   0.791119       8.596072         -5.515891e-09     
   0.791119       9.054685         -9.711377e-10     
   0.791119       9.527979         6.496544e-12      
   0.791119       10.014676        1.362903e-11      
   0.791119       10.513464        7.370018e-13      
   0.791119       11.023000        -6.830371e-14     
   0.791119       11.541909        -6.282084e-15     
   0.791119       12.068793        8.476779e-17      
   0.791119       12.602230        1.680626e-17      
   0.791119       13.140784        7.961820e-20      
   0.791119       13.683002        -1.740348e-20     
   0.791119       14.227422        -1.406932e-22     
   0.791119       14.772578        8.204337e-24      
   0.791119       15.316998        5.062216e-26      
   0.791119       15.859216        -1.866623e-27     
   0.791119       16.397770        -5.487221e-30     
   0.791119       16.931207        2.122411e-31      
   0.791119       17.458091        -1.852498e-34     
   0.791119       17.977000        -1.020719e-35     
   0.791119       18.486536        8.601402e-38      
   0.791119       18.985324        -4.042164e-38     
   0.791119       19.472021        -5.293357e-36     
   0.791119       19.945315        -6.834836e-34     
   0.791119       20.403928        -8.140727e-32     
   0.791119       20.846626        -8.714735e-30     
   0.791119       21.272215        -8.173070e-28     
   0.791119       21.679546        -6.548443e-26     
   0.791119       22.067523        -4.374511e-24     
   0.791119       22.435100        -2.378151e-22     
   0.791119       22.781284        -1.029616e-20     
   0.791119       23.105144        -3.467103e-19     
   0.791119       23.405806        -8.917360e-18     
   0.791119       23.682459        -1.727591e-16     
   0.791119       23.934358        -2.432048e-15     
   0.791119       24.160824        -2.535125e-14     
   0.791119       24.361246        -1.967333e-13     
   0.791119       24.535084        -1.022553e-12     
   0.791119       24.681869        -3.484567e-12     
   0.791119       24.801206        -8.731134e-12     
   0.791119       24.892773        -1.940455e-11     
   0.791119       24.956326        -4.970127e-11     
   0.791119       24.991706        -2.774418e-10     
   0.875442       0.001580         6.458568e-04      
   0.875442       0.008319         3.401073e-03      
   0.875442       0.020424         8.350871e-03      
   0.875442       0.037866         1.547639e-02      
   0.875442       0.060596         2.474499e-02      
   0.875442       0.088555         3.610573e-02      
   0.875442       0.121667         4.947456e-02      
   0.875442       0.159843         6.473422e-02      
   0.875442       0.202979         8.171832e-02      
   0.875442       0.250960         1.001974e-01      
   0.875442       0.303656         1.198686e-01      
   0.875442       0.360925         1.403450e-01      
   0.875442       0.422613         1.611460e-01      
   0.875442       0.488552         1.816955e-01      
   0.875442       0.558567         2.013304e-01      
   0.875442       0.632467         2.193285e-01      
   0.875442       0.710054         2.349672e-01      
   0.875442       0.791119         2.476151e-01      
   0.875442       0.875442         2.568474e-01      
   0.875442       0.962797         2.625473e-01      
   0.875442       1.052948         2.649457e-01      
   0.875442       1.145653         2.645680e-01      
   0.875442       1.240660         2.621033e-01      
   0.875442       1.337714         2.582518e-01      
   0.875442       1.436554         2.536057e-01      
   0.875442       1.536913         2.485905e-01      
   0.875442       1.638520         2.434571e-01      
   0.875442       1.741102         2.383084e-01      
   0.875442       1.844381         2.331390e-01      
   0.875442       1.948080         2.278775e-01      
   0.875442       2.051920         2.224205e-01      
   0.875442       2.155619         2.166603e-01      
   0.875442       2.258898         2.105039e-01      
   0.875442       2.361480         2.038865e-01      
   0.875442       2.463087         1.967775e-01      
   0.875442       2.563446         1.891825e-01      
   0.875442       2.662286         1.811415e-01      
   0.875442       2.759340         1.727243e-01      
   0.875442       2.854347         1.640238e-01      
   0.875442       2.947052         1.551486e-01      
   0.875442       3.037203         1.462154e-01      
   0.875442       3.124558         1.373417e-01      
   0.875442       3.208881         1.286397e-01      
   0.875442       3.289946         1.202113e-01      
   0.875442       3.367533         1.121445e-01      
   0.875442       3.441433         1.045116e-01      
   0.875442       3.511448         9.736803e-02      
   0.875442       3.577387         9.075330e-02      
   0.875442       3.639075         8.469181e-02      
   0.875442       3.696344         7.919495e-02      
   0.875442       3.749040         7.426328e-02      
   0.875442       3.797021         6.988898e-02      
   0.875442       3.840157         6.605816e-02      
   0.875442       3.878333         6.275308e-02      
   0.875442       3.911445         5.995407e-02      
   0.875442       3.939404         5.764129e-02      
   0.875442       3.962134         5.579602e-02      
   0.875442       3.979576         5.440185e-02      
   0.875442       3.991681         5.344545e-02      
   0.875442       3.998420         5.291702e-02      
   0.875442       4.008294         5.214806e-02      
   0.875442       4.043674         4.944406e-02      
   0.875442       4.107227         4.479328e-02      
   0.875442       4.198794         3.856996e-02      
   0.875442       4.318131         3.132032e-02      
   0.875442       4.464916         2.373094e-02      
   0.875442       4.638754         1.654717e-02      
   0.875442       4.839176         1.043749e-02      
   0.875442       5.065642         5.835450e-03      
   0.875442       5.317541         2.828343e-03      
   0.875442       5.594194         1.166502e-03      
   0.875442       5.894856         4.093701e-04      
   0.875442       6.218716         1.280520e-04      
   0.875442       6.564900         3.902013e-05      
   0.875442       6.932477         1.164384e-05      
   0.875442       7.320454         2.890995e-06      
   0.875442       7.727785         4.660627e-07      
   0.875442       8.153374         2.474918e-08      
   0.875442       8.596072         -5.977904e-09     
   0.875442       9.054685         -1.095841e-09     
   0.875442       9.527979         3.858604e-12      
   0.875442       10.014676        1.507068e-11      
   0.875442       10.513464        8.386059e-13      
   0.875442       11.023000        -7.504973e-14     
   0.875442       11.541909        -7.054409e-15     
   0.875442       12.068793        9.080137e-17      
   0.875442       12.602230        1.884576e-17      
   0.875442       13.140784        9.573817e-20      
   0.875442       13.683002        -1.951338e-20     
   0.875442       14.227422        -1.625811e-22     
   0.875442       14.772578        9.206565e-24      
   0.875442       15.316998        5.839763e-26      
   0.875442       15.859216        -2.096987e-27     
   0.875442       16.397770        -6.403664e-30     
   0.875442       16.931207        2.386554e-31      
   0.875442       17.458091        -1.933220e-34     
   0.875442       17.977000        -1.144379e-35     
   0.875442       18.486536        9.719218e-38      
   0.875442       18.985324        -1.503144e-39     
   0.875442       19.472021        4.361331e-38      
   0.875442       19.945315        5.662040e-36      
   0.875442       20.403928        6.781907e-34      
   0.875442       20.846626        7.300005e-32      
   0.875442       21.272215        6.882563e-30      
   0.875442       21.679546        5.542494e-28      
   0.875442       22.067523        3.720493e-26      
   0.875442       22.435100        2.031944e-24      
   0.875442       22.781284        8.835830e-23      
   0.875442       23.105144        2.987651e-21      
   0.875442       23.405806        7.714043e-20      
   0.875442       23.682459        1.499942e-18      
   0.875442       23.934358        2.118632e-17      
   0.875442       24.160824        2.215132e-16      
   0.875442       24.361246        1.724178e-15      
   0.875442       24.535084        8.987227e-15      
   0.875442       24.681869        3.068652e-14      
   0.875442       24.801206        7.693094e-14      
   0.875442       24.892773        1.706556e-13      
   0.875442       24.956326        4.324208e-13      
   0.875442       24.991706        2.494016e-12      
   0.962797       0.001580         6.128597e-04      
   0.962797       0.008319         3.227312e-03      
   0.962797       0.020424         7.924230e-03      
   0.962797       0.037866         1.468795e-02      
   0.962797       0.060596         2.348943e-02      
   0.962797       0.088555         3.428719e-02      
   0.962797       0.121667         4.701322e-02      
   0.962797       0.159843         6.157637e-02      
   0.962797       0.202979         7.784903e-02      
   0.962797       0.250960         9.565589e-02      
   0.962797       0.303656         1.147662e-01      
   0.962797       0.360925         1.348832e-01      
   0.962797       0.422613         1.556337e-01      
   0.962797       0.488552         1.765588e-01      
   0.962797       0.558567         1.971109e-01      
   0.962797       0.632467         2.166603e-01      
   0.962797       0.710054         2.345228e-01      
   0.962797       0.791119         2.500155e-01      
   0.962797       0.875442         2.625473e-01      
   0.962797       0.962797         2.717303e-01      
   0.962797       1.052948         2.774769e-01      
   0.962797       1.145653         2.800326e-01      
   0.962797       1.240660         2.799157e-01      
   0.962797       1.337714         2.777832e-01      
   0.962797       1.436554         2.742814e-01      
   0.962797       1.536913         2.699398e-01      
   0.962797       1.638520         2.651242e-01      
   0.962797       1.741102         2.600388e-01      
   0.962797       1.844381         2.547556e-01      
   0.962797       1.948080         2.492562e-01      
   0.962797       2.051920         2.434722e-01      
   0.962797       2.155619         2.373170e-01      
   0.962797       2.258898         2.307090e-01      
   0.962797       2.361480         2.235889e-01      
   0.962797       2.463087         2.159294e-01      
   0.962797       2.563446         2.077388e-01      
   0.962797       2.662286         1.990599e-01      
   0.962797       2.759340         1.899663e-01      
   0.962797       2.854347         1.805569e-01      
   0.962797       2.947052         1.709474e-01      
   0.962797       3.037203         1.612628e-01      
   0.962797       3.124558         1.516296e-01      
   0.962797       3.208881         1.421695e-01      
   0.962797       3.289946         1.329938e-01      
   0.962797       3.367533         1.241992e-01      
   0.962797       3.441433         1.158657e-01      
   0.962797       3.511448         1.080558e-01      
   0.962797       3.577387         1.008142e-01      
   0.962797       3.639075         9.416989e-02      
   0.962797       3.696344         8.813717e-02      
   0.962797       3.749040         8.271860e-02      
   0.962797       3.797021         7.790736e-02      
   0.962797       3.840157         7.368984e-02      
   0.962797       3.878333         7.004796e-02      
   0.962797       3.911445         6.696137e-02      
   0.962797       3.939404         6.440928e-02      
   0.962797       3.962134         6.237197e-02      
   0.962797       3.979576         6.083203e-02      
   0.962797       3.991681         5.977529e-02      
   0.962797       3.998420         5.919130e-02      
   0.962797       4.008294         5.834134e-02      
   0.962797       4.043674         5.535103e-02      
   0.962797       4.107227         5.020223e-02      
   0.962797       4.198794         4.330066e-02      
   0.962797       4.318131         3.524183e-02      
   0.962797       4.464916         2.677971e-02      
   0.962797       4.638754         1.873987e-02      
   0.962797       4.839176         1.187140e-02      
   0.962797       5.065642         6.670428e-03      
   0.962797       5.317541         3.251025e-03      
   0.962797       5.594194         1.348080e-03      
   0.962797       5.894856         4.746010e-04      
   0.962797       6.218716         1.480102e-04      
   0.962797       6.564900         4.463627e-05      
   0.962797       6.932477         1.320296e-05      
   0.962797       7.320454         3.280391e-06      
   0.962797       7.727785         5.354661e-07      
   0.962797       8.153374         3.056759e-08      
   0.962797       8.596072         -6.400490e-09     
   0.962797       9.054685         -1.231429e-09     
   0.962797       9.527979         -6.990613e-14     
   0.962797       10.014676        1.654752e-11      
   0.962797       10.513464        9.513056e-13      
   0.962797       11.023000        -8.181393e-14     
   0.962797       11.541909        -7.887105e-15     
   0.962797       12.068793        9.596588e-17      
   0.962797       12.602230        2.103919e-17      
   0.962797       13.140784        1.151359e-19      
   0.962797       13.683002        -2.178264e-20     
   0.962797       14.227422        -1.876937e-22     
   0.962797       14.772578        1.028701e-23      
   0.962797       15.316998        6.729947e-26      
   0.962797       15.859216        -2.346063e-27     
   0.962797       16.397770        -7.472335e-30     
   0.962797       16.931207        2.672806e-31      
   0.962797       17.458091        -1.973261e-34     
   0.962797       17.977000        -1.277148e-35     
   0.962797       18.486536        1.091054e-37      
   0.962797       18.985324        1.720581e-39      
   0.962797       19.472021        5.191375e-37      
   0.962797       19.945315        6.707164e-35      
   0.962797       20.403928        7.993528e-33      
   0.962797       20.846626        8.562179e-31      
   0.962797       21.272215        8.034502e-29      
   0.962797       21.679546        6.440859e-27      
   0.962797       22.067523        4.304827e-25      
   0.962797       22.435100        2.341393e-23      
   0.962797       22.781284        1.014163e-21      
   0.962797       23.105144        3.416523e-20      
   0.962797       23.405806        8.790802e-19      
   0.962797       23.682459        1.703719e-17      
   0.962797       23.934358        2.399250e-16      
   0.962797       24.160824        2.501747e-15      
   0.962797       24.361246        1.942052e-14      
   0.962797       24.535084        1.009677e-13      
   0.962797       24.681869        3.441295e-13      
   0.962797       24.801206        8.623520e-13      
   0.962797       24.892773        1.916529e-12      
   0.962797       24.956326        4.907413e-12      
   0.962797       24.991706        2.744329e-11      
   1.052948       0.001580         5.813217e-04      
   1.052948       0.008319         3.061231e-03      
   1.052948       0.020424         7.516327e-03      
   1.052948       0.037866         1.393374e-02      
   1.052948       0.060596         2.228704e-02      
   1.052948       0.088555         3.254178e-02      
   1.052948       0.121667         4.464192e-02      
   1.052948       0.159843         5.851578e-02      
   1.052948       0.202979         7.406485e-02      
   1.052948       0.250960         9.115483e-02      
   1.052948       0.303656         1.096106e-01      
   1.052948       0.360925         1.292071e-01      
   1.052948       0.422613         1.496595e-01      
   1.052948       0.488552         1.706118e-01      
   1.052948       0.558567         1.916280e-01      
   1.052948       0.632467         2.121883e-01      
   1.052948       0.710054         2.316950e-01      
   1.052948       0.791119         2.494976e-01      
   1.052948       0.875442         2.649457e-01      
   1.052948       0.962797         2.774769e-01      
   1.052948       1.052948         2.867263e-01      
   1.052948       1.145653         2.926209e-01      
   1.052948       1.240660         2.954067e-01      
   1.052948       1.337714         2.955812e-01      
   1.052948       1.436554         2.937595e-01      
   1.052948       1.536913         2.905330e-01      
   1.052948       1.638520         2.863740e-01      
   1.052948       1.741102         2.815990e-01      
   1.052948       1.844381         2.763774e-01      
   1.052948       1.948080         2.707646e-01      
   1.052948       2.051920         2.647427e-01      
   1.052948       2.155619         2.582580e-01      
   1.052948       2.258898         2.512495e-01      
   1.052948       2.361480         2.436696e-01      
   1.052948       2.463087         2.354975e-01      
   1.052948       2.563446         2.267457e-01      
   1.052948       2.662286         2.174607e-01      
   1.052948       2.759340         2.077206e-01      
   1.052948       2.854347         1.976291e-01      
   1.052948       2.947052         1.873088e-01      
   1.052948       3.037203         1.768924e-01      
   1.052948       3.124558         1.665153e-01      
   1.052948       3.208881         1.563083e-01      
   1.052948       3.289946         1.463920e-01      
   1.052948       3.367533         1.368721e-01      
   1.052948       3.441433         1.278369e-01      
   1.052948       3.511448         1.193560e-01      
   1.052948       3.577387         1.114805e-01      
   1.052948       3.639075         1.042439e-01      
   1.052948       3.696344         9.766448e-02      
   1.052948       3.749040         9.174726e-02      
   1.052948       3.797021         8.648702e-02      
   1.052948       3.840157         8.187089e-02      
   1.052948       3.878333         7.788093e-02      
   1.052948       3.911445         7.449641e-02      
   1.052948       3.939404         7.169591e-02      
   1.052948       3.962134         6.945890e-02      
   1.052948       3.979576         6.776718e-02      
   1.052948       3.991681         6.660586e-02      
   1.052948       3.998420         6.596393e-02      
   1.052948       4.008294         6.502944e-02      
   1.052948       4.043674         6.173994e-02      
   1.052948       4.107227         5.606901e-02      
   1.052948       4.198794         4.845283e-02      
   1.052948       4.318131         3.953582e-02      
   1.052948       4.464916         3.014046e-02      
   1.052948       4.638754         2.117628e-02      
   1.052948       4.839176         1.347946e-02      
   1.052948       5.065642         7.616545e-03      
   1.052948       5.317541         3.735314e-03      
   1.052948       5.594194         1.558388e-03      
   1.052948       5.894856         5.507376e-04      
   1.052948       6.218716         1.712702e-04      
   1.052948       6.564900         5.107471e-05      
   1.052948       6.932477         1.495467e-05      
   1.052948       7.320454         3.716829e-06      
   1.052948       7.727785         6.149361e-07      
   1.052948       8.153374         3.777183e-08      
   1.052948       8.596072         -6.761457e-09     
   1.052948       9.054685         -1.378573e-09     
   1.052948       9.527979         -5.596128e-12     
   1.052948       10.014676        1.804440e-11      
   1.052948       10.513464        1.076329e-12      
   1.052948       11.023000        -8.850226e-14     
   1.052948       11.541909        -8.784398e-15     
   1.052948       12.068793        9.995598e-17      
   1.052948       12.602230        2.339786e-17      
   1.052948       13.140784        1.384576e-19      
   1.052948       13.683002        -2.422341e-20     
   1.052948       14.227422        -2.165976e-22     
   1.052948       14.772578        1.145219e-23      
   1.052948       15.316998        7.752707e-26      
   1.052948       15.859216        -2.615542e-27     
   1.052948       16.397770        -8.722514e-30     
   1.052948       16.931207        2.983254e-31      
   1.052948       17.458091        -1.959993e-34     
   1.052948       17.977000        -1.419555e-35     
   1.052948       18.486536        1.220981e-37      
   1.052948       18.985324        1.845760e-40      
   1.052948       19.472021        3.508677e-37      
   1.052948       19.945315        4.534262e-35      
   1.052948       20.403928        5.405257e-33      
   1.052948       20.846626        5.791184e-31      
   1.052948       21.272215        5.435529e-29      
   1.052948       21.679546        4.358341e-27      
   1.052948       22.067523        2.913549e-25      
   1.052948       22.435100        1.584984e-23      
   1.052948       22.781284        6.866535e-22      
   1.052948       23.105144        2.313598e-20      
   1.052948       23.405806        5.953899e-19      
   1.052948       23.682459        1.154080e-17      
   1.052948       23.934358        1.625440e-16      
   1.052948       24.160824        1.695100e-15      
   1.052948       24.361246        1.316036e-14      
   1.052948       24.535084        6.842752e-14      
   1.052948       24.681869        2.332375e-13      
   1.052948       24.801206        5.844970e-13      
   1.052948       24.892773        1.299071e-12      
   1.052948       24.956326        3.326325e-12      
   1.052948       24.991706        1.860970e-11      
   1.145653       0.001580         5.523275e-04      
   1.145653       0.008319         2.908546e-03      
   1.145653       0.020424         7.141262e-03      
   1.145653       0.037866         1.324000e-02      
   1.145653       0.060596         2.118041e-02      
   1.145653       0.088555         3.093333e-02      
   1.145653       0.121667         4.245183e-02      
   1.145653       0.159843         5.567876e-02      
   1.145653       0.202979         7.053710e-02      
   1.145653       0.250960         8.692246e-02      
   1.145653       0.303656         1.047002e-01      
   1.145653       0.360925         1.236987e-01      
   1.145653       0.422613         1.437010e-01      
   1.145653       0.488552         1.644348e-01      
   1.145653       0.558567         1.855618e-01      
   1.145653       0.632467         2.066687e-01      
   1.145653       0.710054         2.272613e-01      
   1.145653       0.791119         2.467690e-01      
   1.145653       0.875442         2.645680e-01      
   1.145653       0.962797         2.800326e-01      
   1.145653       1.052948         2.926209e-01      
   1.145653       1.145653         3.019828e-01      
   1.145653       1.240660         3.080492e-01      
   1.145653       1.337714         3.110550e-01      
   1.145653       1.436554         3.114697e-01      
   1.145653       1.536913         3.098646e-01      
   1.145653       1.638520         3.067789e-01      
   1.145653       1.741102         3.026351e-01      
   1.145653       1.844381         2.977122e-01      
   1.145653       1.948080         2.921584e-01      
   1.145653       2.051920         2.860250e-01      
   1.145653       2.155619         2.793058e-01      
   1.145653       2.258898         2.719714e-01      
   1.145653       2.361480         2.639937e-01      
   1.145653       2.463087         2.553633e-01      
   1.145653       2.563446         2.460995e-01      
   1.145653       2.662286         2.362541e-01      
   1.145653       2.759340         2.259099e-01      
   1.145653       2.854347         2.151757e-01      
   1.145653       2.947052         2.041799e-01      
   1.145653       3.037203         1.930626e-01      
   1.145653       3.124558         1.819677e-01      
   1.145653       3.208881         1.710348e-01      
   1.145653       3.289946         1.603937e-01      
   1.145653       3.367533         1.501593e-01      
   1.145653       3.441433         1.404284e-01      
   1.145653       3.511448         1.312785e-01      
   1.145653       3.577387         1.227672e-01      
   1.145653       3.639075         1.149338e-01      
   1.145653       3.696344         1.078007e-01      
   1.145653       3.749040         1.013763e-01      
   1.145653       3.797021         9.565760e-02      
   1.145653       3.840157         9.063306e-02      
   1.145653       3.878333         8.628533e-02      
   1.145653       3.911445         8.259379e-02      
   1.145653       3.939404         7.953669e-02      
   1.145653       3.962134         7.709302e-02      
   1.145653       3.979576         7.524400e-02      
   1.145653       3.991681         7.397418e-02      
   1.145653       3.998420         7.327209e-02      
   1.145653       4.008294         7.224979e-02      
   1.145653       4.043674         6.864893e-02      
   1.145653       4.107227         6.243273e-02      
   1.145653       4.198794         5.406611e-02      
   1.145653       4.318131         4.424125e-02      
   1.145653       4.464916         3.384965e-02      
   1.145653       4.638754         2.388826e-02      
   1.145653       4.839176         1.528700e-02      
   1.145653       5.065642         8.691748e-03      
   1.145653       5.317541         4.292190e-03      
   1.145653       5.594194         1.803035e-03      
   1.145653       5.894856         6.400860e-04      
   1.145653       6.218716         1.985655e-04      
   1.145653       6.564900         5.851379e-05      
   1.145653       6.932477         1.693525e-05      
   1.145653       7.320454         4.208162e-06      
   1.145653       7.727785         7.062855e-07      
   1.145653       8.153374         4.667791e-08      
   1.145653       8.596072         -7.032437e-09     
   1.145653       9.054685         -1.537784e-09     
   1.145653       9.527979         -1.307451e-11     
   1.145653       10.014676        1.954136e-11      
   1.145653       10.513464        1.214926e-12      
   1.145653       11.023000        -9.500238e-14     
   1.145653       11.541909        -9.750519e-15     
   1.145653       12.068793        1.024218e-16      
   1.145653       12.602230        2.593390e-17      
   1.145653       13.140784        1.664487e-19      
   1.145653       13.683002        -2.684895e-20     
   1.145653       14.227422        -2.499519e-22     
   1.145653       14.772578        1.270927e-23      
   1.145653       15.316998        8.931383e-26      
   1.145653       15.859216        -2.907290e-27     
   1.145653       16.397770        -1.018868e-29     
   1.145653       16.931207        3.320201e-31      
   1.145653       17.458091        -1.878446e-34     
   1.145653       17.977000        -1.572101e-35     
   1.145653       18.486536        1.363550e-37      
   1.145653       18.985324        -8.105006e-40     
   1.145653       19.472021        2.623998e-37      
   1.145653       19.945315        3.391787e-35      
   1.145653       20.403928        4.044316e-33      
   1.145653       20.846626        4.334086e-31      
   1.145653       21.272215        4.068815e-29      
   1.145653       21.679546        3.263154e-27      
   1.145653       22.067523        2.181844e-25      
   1.145653       22.435100        1.187151e-23      
   1.145653       22.781284        5.143915e-22      
   1.145653       23.105144        1.733459e-20      
   1.145653       23.405806        4.461622e-19      
   1.145653       23.682459        8.649453e-18      
   1.145653       23.934358        1.218363e-16      
   1.145653       24.160824        1.270734e-15      
   1.145653       24.361246        9.866853e-15      
   1.145653       24.535084        5.130719e-14      
   1.145653       24.681869        1.748924e-13      
   1.145653       24.801206        4.383061e-13      
   1.145653       24.892773        9.742223e-13      
   1.145653       24.956326        2.494797e-12      
   1.145653       24.991706        1.395984e-11      
   1.240660       0.001580         5.265338e-04      
   1.240660       0.008319         2.772718e-03      
   1.240660       0.020424         6.807573e-03      
   1.240660       0.037866         1.262255e-02      
   1.240660       0.060596         2.019503e-02      
   1.240660       0.088555         2.949963e-02      
   1.240660       0.121667         4.049614e-02      
   1.240660       0.159843         5.313808e-02      
   1.240660       0.202979         6.736393e-02      
   1.240660       0.250960         8.309072e-02      
   1.240660       0.303656         1.002127e-01      
   1.240660       0.360925         1.185966e-01      
   1.240660       0.422613         1.380754e-01      
   1.240660       0.488552         1.584406e-01      
   1.240660       0.558567         1.794323e-01      
   1.240660       0.632467         2.007286e-01      
   1.240660       0.710054         2.219342e-01      
   1.240660       0.791119         2.425754e-01      
   1.240660       0.875442         2.621033e-01      
   1.240660       0.962797         2.799157e-01      
   1.240660       1.052948         2.954067e-01      
   1.240660       1.145653         3.080492e-01      
   1.240660       1.240660         3.175005e-01      
   1.240660       1.337714         3.236896e-01      
   1.240660       1.436554         3.268362e-01      
   1.240660       1.536913         3.273786e-01      
   1.240660       1.638520         3.258448e-01      
   1.240660       1.741102         3.227278e-01      
   1.240660       1.844381         3.184108e-01      
   1.240660       1.948080         3.131468e-01      
   1.240660       2.051920         3.070745e-01      
   1.240660       2.155619         3.002526e-01      
   1.240660       2.258898         2.926959e-01      
   1.240660       2.361480         2.844055e-01      
   1.240660       2.463087         2.753905e-01      
   1.240660       2.563446         2.656812e-01      
   1.240660       2.662286         2.553366e-01      
   1.240660       2.759340         2.444450e-01      
   1.240660       2.854347         2.331205e-01      
   1.240660       2.947052         2.214972e-01      
   1.240660       3.037203         2.097222e-01      
   1.240660       3.124558         1.979470e-01      
   1.240660       3.208881         1.863199e-01      
   1.240660       3.289946         1.749797e-01      
   1.240660       3.367533         1.640505e-01      
   1.240660       3.441433         1.536382e-01      
   1.240660       3.511448         1.438282e-01      
   1.240660       3.577387         1.346857e-01      
   1.240660       3.639075         1.262561e-01      
   1.240660       3.696344         1.185670e-01      
   1.240660       3.749040         1.116308e-01      
   1.240660       3.797021         1.054473e-01      
   1.240660       3.840157         1.000071e-01      
   1.240660       3.878333         9.529391e-02      
   1.240660       3.911445         9.128780e-02      
   1.240660       3.939404         8.796713e-02      
   1.240660       3.962134         8.531074e-02      
   1.240660       3.979576         8.329953e-02      
   1.240660       3.991681         8.191770e-02      
   1.240660       3.998420         8.115347e-02      
   1.240660       4.008294         8.004039e-02      
   1.240660       4.043674         7.611708e-02      
   1.240660       4.107227         6.933390e-02      
   1.240660       4.198794         6.018216e-02      
   1.240660       4.318131         4.939974e-02      
   1.240660       4.464916         3.794693e-02      
   1.240660       4.638754         2.691102e-02      
   1.240660       4.839176         1.732259e-02      
   1.240660       5.065642         9.916628e-03      
   1.240660       5.317541         4.934490e-03      
   1.240660       5.594194         2.088711e-03      
   1.240660       5.894856         7.454510e-04      
   1.240660       6.218716         2.308062e-04      
   1.240660       6.564900         6.717772e-05      
   1.240660       6.932477         1.918991e-05      
   1.240660       7.320454         4.763825e-06      
   1.240660       7.727785         8.116571e-07      
   1.240660       8.153374         5.766617e-08      
   1.240660       8.596072         -7.177279e-09     
   1.240660       9.054685         -1.709287e-09     
   1.240660       9.527979         -2.290998e-11     
   1.240660       10.014676        2.101238e-11      
   1.240660       10.513464        1.368309e-12      
   1.240660       11.023000        -1.011811e-13     
   1.240660       11.541909        -1.078947e-14     
   1.240660       12.068793        1.029668e-16      
   1.240660       12.602230        2.865997e-17      
   1.240660       13.140784        1.999609e-19      
   1.240660       13.683002        -2.967340e-20     
   1.240660       14.227422        -2.885176e-22     
   1.240660       14.772578        1.406599e-23      
   1.240660       15.316998        1.029312e-25      
   1.240660       15.859216        -3.223340e-27     
   1.240660       16.397770        -1.191123e-29     
   1.240660       16.931207        3.686149e-31      
   1.240660       17.458091        -1.710978e-34     
   1.240660       17.977000        -1.735217e-35     
   1.240660       18.486536        1.520472e-37      
   1.240660       18.985324        -1.697775e-39     
   1.240660       19.472021        1.958480e-37      
   1.240660       19.945315        2.532237e-35      
   1.240660       20.403928        3.020303e-33      
   1.240660       20.846626        3.237623e-31      
   1.240660       21.272215        3.040278e-29      
   1.240660       21.679546        2.438895e-27      
   1.240660       22.067523        1.631108e-25      
   1.240660       22.435100        8.876920e-24      
   1.240660       22.781284        3.847173e-22      
   1.240660       23.105144        1.296721e-20      
   1.240660       23.405806        3.338148e-19      
   1.240660       23.682459        6.472562e-18      
   1.240660       23.934358        9.118632e-17      
   1.240660       24.160824        9.512016e-16      
   1.240660       24.361246        7.386839e-15      
   1.240660       24.535084        3.841524e-14      
   1.240660       24.681869        1.309568e-13      
   1.240660       24.801206        3.282178e-13      
   1.240660       24.892773        7.295842e-13      
   1.240660       24.956326        1.868492e-12      
   1.240660       24.991706        1.045795e-11      
   1.337714       0.001580         5.041881e-04      
   1.337714       0.008319         2.655048e-03      
   1.337714       0.020424         6.518489e-03      
   1.337714       0.037866         1.208733e-02      
   1.337714       0.060596         1.934045e-02      
   1.337714       0.088555         2.825481e-02      
   1.337714       0.121667         3.879479e-02      
   1.337714       0.159843         5.092124e-02      
   1.337714       0.202979         6.458354e-02      
   1.337714       0.250960         7.971389e-02      
   1.337714       0.303656         9.622733e-02      
   1.337714       0.360925         1.140184e-01      
   1.337714       0.422613         1.329560e-01      
   1.337714       0.488552         1.528778e-01      
   1.337714       0.558567         1.735819e-01      
   1.337714       0.632467         1.948177e-01      
   1.337714       0.710054         2.162746e-01      
   1.337714       0.791119         2.375718e-01      
   1.337714       0.875442         2.582518e-01      
   1.337714       0.962797         2.777832e-01      
   1.337714       1.052948         2.955812e-01      
   1.337714       1.145653         3.110550e-01      
   1.337714       1.240660         3.236896e-01      
   1.337714       1.337714         3.331482e-01      
   1.337714       1.436554         3.393556e-01      
   1.337714       1.536913         3.425136e-01      
   1.337714       1.638520         3.430305e-01      
   1.337714       1.741102         3.413953e-01      
   1.337714       1.844381         3.380625e-01      
   1.337714       1.948080         3.333858e-01      
   1.337714       2.051920         3.276030e-01      
   1.337714       2.155619         3.208545e-01      
   1.337714       2.258898         3.132147e-01      
   1.337714       2.361480         3.047254e-01      
   1.337714       2.463087         2.954227e-01      
   1.337714       2.563446         2.853540e-01      
   1.337714       2.662286         2.745886e-01      
   1.337714       2.759340         2.632220e-01      
   1.337714       2.854347         2.513741e-01      
   1.337714       2.947052         2.391852e-01      
   1.337714       3.037203         2.268085e-01      
   1.337714       3.124558         2.144026e-01      
   1.337714       3.208881         2.021244e-01      
   1.337714       3.289946         1.901215e-01      
   1.337714       3.367533         1.785273e-01      
   1.337714       3.441433         1.674565e-01      
   1.337714       3.511448         1.570035e-01      
   1.337714       3.577387         1.472412e-01      
   1.337714       3.639075         1.382223e-01      
   1.337714       3.696344         1.299801e-01      
   1.337714       3.749040         1.225318e-01      
   1.337714       3.797021         1.158810e-01      
   1.337714       3.840157         1.100208e-01      
   1.337714       3.878333         1.049371e-01      
   1.337714       3.911445         1.006109e-01      
   1.337714       3.939404         9.702120e-02      
   1.337714       3.962134         9.414719e-02      
   1.337714       3.979576         9.196975e-02      
   1.337714       3.991681         9.047297e-02      
   1.337714       3.998420         8.964490e-02      
   1.337714       4.008294         8.843850e-02      
   1.337714       4.043674         8.418302e-02      
   1.337714       4.107227         7.681323e-02      
   1.337714       4.198794         6.684369e-02      
   1.337714       4.318131         5.505488e-02      
   1.337714       4.464916         4.247469e-02      
   1.337714       4.638754         3.028301e-02      
   1.337714       4.839176         1.961801e-02      
   1.337714       5.065642         1.131459e-02      
   1.337714       5.317541         5.677116e-03      
   1.337714       5.594194         2.423351e-03      
   1.337714       5.894856         8.702333e-04      
   1.337714       6.218716         2.691190e-04      
   1.337714       6.564900         7.734827e-05      
   1.337714       6.932477         2.177507e-05      
   1.337714       7.320454         5.395164e-06      
   1.337714       7.727785         9.335796e-07      
   1.337714       8.153374         7.119341e-08      
   1.337714       8.596072         -7.150074e-09     
   1.337714       9.054685         -1.892871e-09     
   1.337714       9.527979         -3.556067e-11     
   1.337714       10.014676        2.242386e-11      
   1.337714       10.513464        1.537572e-12      
   1.337714       11.023000        -1.068815e-13     
   1.337714       11.541909        -1.190476e-14     
   1.337714       12.068793        1.011453e-16      
   1.337714       12.602230        3.158899e-17      
   1.337714       13.140784        2.399621e-19      
   1.337714       13.683002        -3.271160e-20     
   1.337714       14.227422        -3.331689e-22     
   1.337714       14.772578        1.553061e-23      
   1.337714       15.316998        1.186934e-25      
   1.337714       15.859216        -3.565868e-27     
   1.337714       16.397770        -1.393728e-29     
   1.337714       16.931207        4.083764e-31      
   1.337714       17.458091        -1.436885e-34     
   1.337714       17.977000        -1.909202e-35     
   1.337714       18.486536        1.693805e-37      
   1.337714       18.985324        -2.489352e-39     
   1.337714       19.472021        1.509620e-37      
   1.337714       19.945315        1.952441e-35      
   1.337714       20.403928        2.329503e-33      
   1.337714       20.846626        2.497879e-31      
   1.337714       21.272215        2.346300e-29      
   1.337714       21.679546        1.882700e-27      
   1.337714       22.067523        1.259452e-25      
   1.337714       22.435100        6.855909e-24      
   1.337714       22.781284        2.971954e-22      
   1.337714       23.105144        1.001930e-20      
   1.337714       23.405806        2.579773e-19      
   1.337714       23.682459        5.003011e-18      
   1.337714       23.934358        7.049435e-17      
   1.337714       24.160824        7.354720e-16      
   1.337714       24.361246        5.712385e-15      
   1.337714       24.535084        2.971050e-14      
   1.337714       24.681869        1.012904e-13      
   1.337714       24.801206        2.538829e-13      
   1.337714       24.892773        5.643968e-13      
   1.337714       24.956326        1.445587e-12      
   1.337714       24.991706        8.092738e-12      
   1.436554       0.001580         4.850668e-04      
   1.436554       0.008319         2.554356e-03      
   1.436554       0.020424         6.271153e-03      
   1.436554       0.037866         1.162912e-02      
   1.436554       0.060596         1.860858e-02      
   1.436554       0.088555         2.718784e-02      
   1.436554       0.121667         3.733434e-02      
   1.436554       0.159843         4.901394e-02      
   1.436554       0.202979         6.218349e-02      
   1.436554       0.250960         7.678571e-02      
   1.436554       0.303656         9.275025e-02      
   1.436554       0.360925         1.099912e-01      
   1.436554       0.422613         1.284031e-01      
   1.436554       0.488552         1.478560e-01      
   1.436554       0.558567         1.681895e-01      
   1.436554       0.632467         1.892058e-01      
   1.436554       0.710054         2.106600e-01      
   1.436554       0.791119         2.322501e-01      
   1.436554       0.875442         2.536057e-01      
   1.436554       0.962797         2.742814e-01      
   1.436554       1.052948         2.937595e-01      
   1.436554       1.145653         3.114697e-01      
   1.436554       1.240660         3.268362e-01      
   1.436554       1.337714         3.393556e-01      
   1.436554       1.436554         3.486963e-01      
   1.436554       1.536913         3.547794e-01      
   1.436554       1.638520         3.577914e-01      
   1.436554       1.741102         3.581127e-01      
   1.436554       1.844381         3.561991e-01      
   1.436554       1.948080         3.524746e-01      
   1.436554       2.051920         3.472730e-01      
   1.436554       2.155619         3.408267e-01      
   1.436554       2.258898         3.332852e-01      
   1.436554       2.361480         3.247452e-01      
   1.436554       2.463087         3.152796e-01      
   1.436554       2.563446         3.049603e-01      
   1.436554       2.662286         2.938721e-01      
   1.436554       2.759340         2.821203e-01      
   1.436554       2.854347         2.698321e-01      
   1.436554       2.947052         2.571537e-01      
   1.436554       3.037203         2.442449e-01      
   1.436554       3.124558         2.312712e-01      
   1.436554       3.208881         2.183972e-01      
   1.436554       3.289946         2.057794e-01      
   1.436554       3.367533         1.935602e-01      
   1.436554       3.441433         1.818638e-01      
   1.436554       3.511448         1.707935e-01      
   1.436554       3.577387         1.604311e-01      
   1.436554       3.639075         1.508365e-01      
   1.436554       3.696344         1.420501e-01      
   1.436554       3.749040         1.340946e-01      
   1.436554       3.797021         1.269782e-01      
   1.436554       3.840157         1.206976e-01      
   1.436554       3.878333         1.152410e-01      
   1.436554       3.911445         1.105916e-01      
   1.436554       3.939404         1.067294e-01      
   1.436554       3.962134         1.036344e-01      
   1.436554       3.979576         1.012878e-01      
   1.436554       3.991681         9.967379e-02      
   1.436554       3.998420         9.878057e-02      
   1.436554       4.008294         9.747888e-02      
   1.436554       4.043674         9.288339e-02      
   1.436554       4.107227         8.491018e-02      
   1.436554       4.198794         7.409310e-02      
   1.436554       4.318131         6.125118e-02      
   1.436554       4.464916         4.747732e-02      
   1.436554       4.638754         3.404551e-02      
   1.436554       4.839176         2.220825e-02      
   1.436554       5.065642         1.291200e-02      
   1.436554       5.317541         6.537240e-03      
   1.436554       5.594194         2.816314e-03      
   1.436554       5.894856         1.018538e-03      
   1.436554       6.218716         3.148948e-04      
   1.436554       6.564900         8.937951e-05      
   1.436554       6.932477         2.476139e-05      
   1.436554       7.320454         6.115866e-06      
   1.436554       7.727785         1.075031e-06      
   1.436554       8.153374         8.780640e-08      
   1.436554       8.596072         -6.892811e-09     
   1.436554       9.054685         -2.087668e-09     
   1.436554       9.527979         -5.153749e-11     
   1.436554       10.014676        2.373287e-11      
   1.436554       10.513464        1.723571e-12      
   1.436554       11.023000        -1.119210e-13     
   1.436554       11.541909        -1.309899e-14     
   1.436554       12.068793        9.646429e-17      
   1.436554       12.602230        3.473369e-17      
   1.436554       13.140784        2.875410e-19      
   1.436554       13.683002        -3.597872e-20     
   1.436554       14.227422        -3.849027e-22     
   1.436554       14.772578        1.711172e-23      
   1.436554       15.316998        1.369622e-25      
   1.436554       15.859216        -3.937156e-27     
   1.436554       16.397770        -1.632145e-29     
   1.436554       16.931207        4.515825e-31      
   1.436554       17.458091        -1.032056e-34     
   1.436554       17.977000        -2.094151e-35     
   1.436554       18.486536        1.885982e-37      
   1.436554       18.985324        -3.252704e-39     
   1.436554       19.472021        1.202194e-37      
   1.436554       19.945315        1.555277e-35      
   1.436554       20.403928        1.856252e-33      
   1.436554       20.846626        1.991046e-31      
   1.436554       21.272215        1.870776e-29      
   1.436554       21.679546        1.501551e-27      
   1.436554       22.067523        1.004740e-25      
   1.436554       22.435100        5.470705e-24      
   1.436554       22.781284        2.372028e-22      
   1.436554       23.105144        7.998474e-21      
   1.436554       23.405806        2.059860e-19      
   1.436554       23.682459        3.995469e-18      
   1.436554       23.934358        5.630678e-17      
   1.436554       24.160824        5.875467e-16      
   1.436554       24.361246        4.564144e-15      
   1.436554       24.535084        2.374099e-14      
   1.436554       24.681869        8.094525e-14      
   1.436554       24.801206        2.029036e-13      
   1.436554       24.892773        4.511126e-13      
   1.436554       24.956326        1.155602e-12      
   1.436554       24.991706        6.469994e-12      
   1.536913       0.001580         4.686728e-04      
   1.536913       0.008319         2.468026e-03      
   1.536913       0.020424         6.059159e-03      
   1.536913       0.037866         1.123615e-02      
   1.536913       0.060596         1.798090e-02      
   1.536913       0.088555         2.627250e-02      
   1.536913       0.121667         3.608072e-02      
   1.536913       0.159843         4.737500e-02      
   1.536913       0.202979         6.011745e-02      
   1.536913       0.250960         7.425777e-02      
   1.536913       0.303656         8.973515e-02      
   1.536913       0.360925         1.064766e-01      
   1.536913       0.422613         1.243939e-01      
   1.536913       0.488552         1.433801e-01      
   1.536913       0.558567         1.633049e-01      
   1.536913       0.632467         1.840084e-01      
   1.536913       0.710054         2.052943e-01      
   1.536913       0.791119         2.269208e-01      
   1.536913       0.875442         2.485905e-01      
   1.536913       0.962797         2.699398e-01      
   1.536913       1.052948         2.905330e-01      
   1.536913       1.145653         3.098646e-01      
   1.536913       1.240660         3.273786e-01      
   1.536913       1.337714         3.425136e-01      
   1.536913       1.436554         3.547794e-01      
   1.536913       1.536913         3.638527e-01      
   1.536913       1.638520         3.696534e-01      
   1.536913       1.741102         3.723547e-01      
   1.536913       1.844381         3.723141e-01      
   1.536913       1.948080         3.699603e-01      
   1.536913       2.051920         3.656944e-01      
   1.536913       2.155619         3.598383e-01      
   1.536913       2.258898         3.526266e-01      
   1.536913       2.361480         3.442242e-01      
   1.536913       2.463087         3.347533e-01      
   1.536913       2.563446         3.243190e-01      
   1.536913       2.662286         3.130281e-01      
   1.536913       2.759340         3.010002e-01      
   1.536913       2.854347         2.883717e-01      
   1.536913       2.947052         2.752959e-01      
   1.536913       3.037203         2.619392e-01      
   1.536913       3.124558         2.484740e-01      
   1.536913       3.208881         2.350727e-01      
   1.536913       3.289946         2.218998e-01      
   1.536913       3.367533         2.091071e-01      
   1.536913       3.441433         1.968283e-01      
   1.536913       3.511448         1.851762e-01      
   1.536913       3.577387         1.742415e-01      
   1.536913       3.639075         1.640928e-01      
   1.536913       3.696344         1.547779e-01      
   1.536913       3.749040         1.463260e-01      
   1.536913       3.797021         1.387509e-01      
   1.536913       3.840157         1.320535e-01      
   1.536913       3.878333         1.262256e-01      
   1.536913       3.911445         1.212527e-01      
   1.536913       3.939404         1.171169e-01      
   1.536913       3.962134         1.137992e-01      
   1.536913       3.979576         1.112817e-01      
   1.536913       3.991681         1.095492e-01      
   1.536913       3.998420         1.085900e-01      
   1.536913       4.008294         1.071917e-01      
   1.536913       4.043674         1.022508e-01      
   1.536913       4.107227         9.366112e-02      
   1.536913       4.198794         8.197103e-02      
   1.536913       4.318131         6.803272e-02      
   1.536913       4.464916         5.300031e-02      
   1.536913       4.638754         3.824209e-02      
   1.536913       4.839176         2.513128e-02      
   1.536913       5.065642         1.473822e-02      
   1.536913       5.317541         7.534486e-03      
   1.536913       5.594194         3.278566e-03      
   1.536913       5.894856         1.195297e-03      
   1.536913       6.218716         3.698464e-04      
   1.536913       6.564900         1.037158e-04      
   1.536913       6.932477         2.823755e-05      
   1.536913       7.320454         6.942503e-06      
   1.536913       7.727785         1.239513e-06      
   1.536913       8.153374         1.081574e-07      
   1.536913       8.596072         -6.332560e-09     
   1.536913       9.054685         -2.291887e-09     
   1.536913       9.527979         -7.140055e-11     
   1.536913       10.014676        2.488516e-11      
   1.536913       10.513464        1.926774e-12      
   1.536913       11.023000        -1.160900e-13     
   1.536913       11.541909        -1.437341e-14     
   1.536913       12.068793        8.838845e-17      
   1.536913       12.602230        3.810609e-17      
   1.536913       13.140784        3.439086e-19      
   1.536913       13.683002        -3.948985e-20     
   1.536913       14.227422        -4.448471e-22     
   1.536913       14.772578        1.881808e-23      
   1.536913       15.316998        1.581509e-25      
   1.536913       15.859216        -4.339547e-27     
   1.536913       16.397770        -1.912673e-29     
   1.536913       16.931207        4.985159e-31      
   1.536913       17.458091        -4.686320e-35     
   1.536913       17.977000        -2.289847e-35     
   1.536913       18.486536        2.099883e-37      
   1.536913       18.985324        -4.048736e-39     
   1.536913       19.472021        9.732260e-38      
   1.536913       19.945315        1.259421e-35      
   1.536913       20.403928        1.503676e-33      
   1.536913       20.846626        1.613411e-31      
   1.536913       21.272215        1.516432e-29      
   1.536913       21.679546        1.217504e-27      
   1.536913       22.067523        8.149016e-26      
   1.536913       22.435100        4.438209e-24      
   1.536913       22.781284        1.924821e-22      
   1.536913       23.105144        6.491957e-21      
   1.536913       23.405806        1.672238e-19      
   1.536913       23.682459        3.244243e-18      
   1.536913       23.934358        4.572785e-17      
   1.536913       24.160824        4.772397e-16      
   1.536913       24.361246        3.707853e-15      
   1.536913       24.535084        1.928907e-14      
   1.536913       24.681869        6.577192e-14      
   1.536913       24.801206        1.648829e-13      
   1.536913       24.892773        3.666227e-13      
   1.536913       24.956326        9.393147e-13      
   1.536913       24.991706        5.259428e-12      
   1.638520       0.001580         4.544949e-04      
   1.638520       0.008319         2.393365e-03      
   1.638520       0.020424         5.875886e-03      
   1.638520       0.037866         1.089619e-02      
   1.638520       0.060596         1.743786e-02      
   1.638520       0.088555         2.548036e-02      
   1.638520       0.121667         3.499515e-02      
   1.638520       0.159843         4.595429e-02      
   1.638520       0.202979         5.832355e-02      
   1.638520       0.250960         7.205736e-02      
   1.638520       0.303656         8.710112e-02      
   1.638520       0.360925         1.033902e-01      
   1.638520       0.422613         1.208480e-01      
   1.638520       0.488552         1.393833e-01      
   1.638520       0.558567         1.588868e-01      
   1.638520       0.632467         1.792262e-01      
   1.638520       0.710054         2.002400e-01      
   1.638520       0.791119         2.217308e-01      
   1.638520       0.875442         2.434571e-01      
   1.638520       0.962797         2.651242e-01      
   1.638520       1.052948         2.863740e-01      
   1.638520       1.145653         3.067789e-01      
   1.638520       1.240660         3.258448e-01      
   1.638520       1.337714         3.430305e-01      
   1.638520       1.436554         3.577914e-01      
   1.638520       1.536913         3.696534e-01      
   1.638520       1.638520         3.783044e-01      
   1.638520       1.741102         3.836665e-01      
   1.638520       1.844381         3.859044e-01      
   1.638520       1.948080         3.853567e-01      
   1.638520       2.051920         3.824307e-01      
   1.638520       2.155619         3.775115e-01      
   1.638520       2.258898         3.709158e-01      
   1.638520       2.361480         3.628856e-01      
   1.638520       2.463087         3.536047e-01      
   1.638520       2.563446         3.432221e-01      
   1.638520       2.662286         3.318745e-01      
   1.638520       2.759340         3.197008e-01      
   1.638520       2.854347         3.068506e-01      
   1.638520       2.947052         2.934863e-01      
   1.638520       3.037203         2.797813e-01      
   1.638520       3.124558         2.659155e-01      
   1.638520       3.208881         2.520684e-01      
   1.638520       3.289946         2.384132e-01      
   1.638520       3.367533         2.251105e-01      
   1.638520       3.441433         2.123037e-01      
   1.638520       3.511448         2.001154e-01      
   1.638520       3.577387         1.886459e-01      
   1.638520       3.639075         1.779730e-01      
   1.638520       3.696344         1.681529e-01      
   1.638520       3.749040         1.592221e-01      
   1.638520       3.797021         1.512008e-01      
   1.638520       3.840157         1.440953e-01      
   1.638520       3.878333         1.379016e-01      
   1.638520       3.911445         1.326085e-01      
   1.638520       3.939404         1.282006e-01      
   1.638520       3.962134         1.246608e-01      
   1.638520       3.979576         1.219725e-01      
   1.638520       3.991681         1.201212e-01      
   1.638520       3.998420         1.190958e-01      
   1.638520       4.008294         1.176006e-01      
   1.638520       4.043674         1.123116e-01      
   1.638520       4.107227         1.030973e-01      
   1.638520       4.198794         9.051438e-02      
   1.638520       4.318131         7.544162e-02      
   1.638520       4.464916         5.908898e-02      
   1.638520       4.638754         4.291781e-02      
   1.638520       4.839176         2.842764e-02      
   1.638520       5.065642         1.682557e-02      
   1.638520       5.317541         8.691070e-03      
   1.638520       5.594194         3.822864e-03      
   1.638520       5.894856         1.406404e-03      
   1.638520       6.218716         4.360738e-04      
   1.638520       6.564900         1.209141e-04      
   1.638520       6.932477         3.231511e-05      
   1.638520       7.320454         7.895230e-06      
   1.638520       7.727785         1.431144e-06      
   1.638520       8.153374         1.330220e-07      
   1.638520       8.596072         -5.378196e-09     
   1.638520       9.054685         -2.502461e-09     
   1.638520       9.527979         -9.575132e-11     
   1.638520       10.014676        2.581308e-11      
   1.638520       10.513464        2.147064e-12      
   1.638520       11.023000        -1.191520e-13     
   1.638520       11.541909        -1.572736e-14     
   1.638520       12.068793        7.634895e-17      
   1.638520       12.602230        4.171695e-17      
   1.638520       13.140784        4.103977e-19      
   1.638520       13.683002        -4.325957e-20     
   1.638520       14.227422        -5.142695e-22     
   1.638520       14.772578        2.065839e-23      
   1.638520       15.316998        1.827293e-25      
   1.638520       15.859216        -4.775380e-27     
   1.638520       16.397770        -2.242531e-29     
   1.638520       16.931207        5.494542e-31      
   1.638520       17.458091        2.852897e-35      
   1.638520       17.977000        -2.495651e-35     
   1.638520       18.486536        2.338920e-37      
   1.638520       18.985324        -4.912351e-39     
   1.638520       19.472021        7.990963e-38      
   1.638520       19.945315        1.034375e-35      
   1.638520       20.403928        1.235453e-33      
   1.638520       20.846626        1.326089e-31      
   1.638520       21.272215        1.246801e-29      
   1.638520       21.679546        1.001341e-27      
   1.638520       22.067523        6.704178e-26      
   1.638520       22.435100        3.652316e-24      
   1.638520       22.781284        1.584395e-22      
   1.638520       23.105144        5.345061e-21      
   1.638520       23.405806        1.377122e-19      
   1.638520       23.682459        2.672254e-18      
   1.638520       23.934358        3.767245e-17      
   1.638520       24.160824        3.932402e-16      
   1.638520       24.361246        3.055737e-15      
   1.638520       24.535084        1.589852e-14      
   1.638520       24.681869        5.421571e-14      
   1.638520       24.801206        1.359253e-13      
   1.638520       24.892773        3.022705e-13      
   1.638520       24.956326        7.745553e-13      
   1.638520       24.991706        4.337236e-12      
   1.741102       0.001580         4.420009e-04      
   1.741102       0.008319         2.327571e-03      
   1.741102       0.020424         5.714424e-03      
   1.741102       0.037866         1.059646e-02      
   1.741102       0.060596         1.695894e-02      
   1.741102       0.088555         2.478129e-02      
   1.741102       0.121667         3.403604e-02      
   1.741102       0.159843         4.469693e-02      
   1.741102       0.202979         5.673228e-02      
   1.741102       0.250960         7.009987e-02      
   1.741102       0.303656         8.474963e-02      
   1.741102       0.360925         1.006230e-01      
   1.741102       0.422613         1.176514e-01      
   1.741102       0.488552         1.357541e-01      
   1.741102       0.558567         1.548358e-01      
   1.741102       0.632467         1.747831e-01      
   1.741102       0.710054         1.954598e-01      
   1.741102       0.791119         2.167013e-01      
   1.741102       0.875442         2.383084e-01      
   1.741102       0.962797         2.600388e-01      
   1.741102       1.052948         2.815990e-01      
   1.741102       1.145653         3.026351e-01      
   1.741102       1.240660         3.227278e-01      
   1.741102       1.337714         3.413953e-01      
   1.741102       1.436554         3.581127e-01      
   1.741102       1.536913         3.723547e-01      
   1.741102       1.638520         3.836665e-01      
   1.741102       1.741102         3.917516e-01      
   1.741102       1.844381         3.965382e-01      
   1.741102       1.948080         3.981854e-01      
   1.741102       2.051920         3.970181e-01      
   1.741102       2.155619         3.934274e-01      
   1.741102       2.258898         3.877875e-01      
   1.741102       2.361480         3.804145e-01      
   1.741102       2.463087         3.715615e-01      
   1.741102       2.563446         3.614324e-01      
   1.741102       2.662286         3.502026e-01      
   1.741102       2.759340         3.380378e-01      
   1.741102       2.854347         3.251050e-01      
   1.741102       2.947052         3.115788e-01      
   1.741102       3.037203         2.976416e-01      
   1.741102       3.124558         2.834807e-01      
   1.741102       3.208881         2.692837e-01      
   1.741102       3.289946         2.552320e-01      
   1.741102       3.367533         2.414953e-01      
   1.741102       3.441433         2.282267e-01      
   1.741102       3.511448         2.155587e-01      
   1.741102       3.577387         2.036020e-01      
   1.741102       3.639075         1.924441e-01      
   1.741102       3.696344         1.821503e-01      
   1.741102       3.749040         1.727656e-01      
   1.741102       3.797021         1.643172e-01      
   1.741102       3.840157         1.568179e-01      
   1.741102       3.878333         1.502687e-01      
   1.741102       3.911445         1.446626e-01      
   1.741102       3.939404         1.399874e-01      
   1.741102       3.962134         1.362286e-01      
   1.741102       3.979576         1.333713e-01      
   1.741102       3.991681         1.314023e-01      
   1.741102       3.998420         1.303113e-01      
   1.741102       4.008294         1.287196e-01      
   1.741102       4.043674         1.230838e-01      
   1.741102       4.107227         1.132423e-01      
   1.741102       4.198794         9.975413e-02      
   1.741102       4.318131         8.351612e-02      
   1.741102       4.464916         6.578696e-02      
   1.741102       4.638754         4.811812e-02      
   1.741102       4.839176         3.213985e-02      
   1.741102       5.065642         1.920912e-02      
   1.741102       5.317541         1.003187e-02      
   1.741102       5.594194         4.463921e-03      
   1.741102       5.894856         1.658854e-03      
   1.741102       6.218716         5.161394e-04      
   1.741102       6.564900         1.416700e-04      
   1.741102       6.932477         3.713456e-05      
   1.741102       7.320454         8.998671e-06      
   1.741102       7.727785         1.654764e-06      
   1.741102       8.153374         1.633183e-07      
   1.741102       8.596072         -3.916627e-09     
   1.741102       9.054685         -2.714632e-09     
   1.741102       9.527979         -1.252192e-10     
   1.741102       10.014676        2.643333e-11      
   1.741102       10.513464        2.383514e-12      
   1.741102       11.023000        -1.208454e-13     
   1.741102       11.541909        -1.715769e-14     
   1.741102       12.068793        5.975688e-17      
   1.741102       12.602230        4.557520e-17      
   1.741102       13.140784        4.884583e-19      
   1.741102       13.683002        -4.730143e-20     
   1.741102       14.227422        -5.945830e-22     
   1.741102       14.772578        2.264100e-23      
   1.741102       15.316998        2.112278e-25      
   1.741102       15.859216        -5.246921e-27     
   1.741102       16.397770        -2.629937e-29     
   1.741102       16.931207        6.046598e-31      
   1.741102       17.458091        1.265883e-34      
   1.741102       17.977000        -2.710352e-35     
   1.741102       18.486536        2.607136e-37      
   1.741102       18.985324        -5.875388e-39     
   1.741102       19.472021        6.649572e-38      
   1.741102       19.945315        8.609660e-36      
   1.741102       20.403928        1.028745e-33      
   1.741102       20.846626        1.104633e-31      
   1.741102       21.272215        1.038955e-29      
   1.741102       21.679546        8.346912e-28      
   1.741102       22.067523        5.590163e-26      
   1.741102       22.435100        3.046303e-24      
   1.741102       22.781284        1.321861e-22      
   1.741102       23.105144        4.460502e-21      
   1.741102       23.405806        1.149490e-19      
   1.741102       23.682459        2.231024e-18      
   1.741102       23.934358        3.145809e-17      
   1.741102       24.160824        3.284338e-16      
   1.741102       24.361246        2.552586e-15      
   1.741102       24.535084        1.328234e-14      
   1.741102       24.681869        4.529859e-14      
   1.741102       24.801206        1.135803e-13      
   1.741102       24.892773        2.526112e-13      
   1.741102       24.956326        6.473992e-13      
   1.741102       24.991706        3.625450e-12      
   1.844381       0.001580         4.305556e-04      
   1.844381       0.008319         2.267302e-03      
   1.844381       0.020424         5.566543e-03      
   1.844381       0.037866         1.032183e-02      
   1.844381       0.060596         1.652002e-02      
   1.844381       0.088555         2.414037e-02      
   1.844381       0.121667         3.315620e-02      
   1.844381       0.159843         4.354238e-02      
   1.844381       0.202979         5.526908e-02      
   1.844381       0.250960         6.829652e-02      
   1.844381       0.303656         8.257796e-02      
   1.844381       0.360925         9.805931e-02      
   1.844381       0.422613         1.146776e-01      
   1.844381       0.488552         1.323597e-01      
   1.844381       0.558567         1.510197e-01      
   1.844381       0.632467         1.705574e-01      
   1.844381       0.710054         1.908547e-01      
   1.844381       0.791119         2.117713e-01      
   1.844381       0.875442         2.331390e-01      
   1.844381       0.962797         2.547556e-01      
   1.844381       1.052948         2.763774e-01      
   1.844381       1.145653         2.977122e-01      
   1.844381       1.240660         3.184108e-01      
   1.844381       1.337714         3.380625e-01      
   1.844381       1.436554         3.561991e-01      
   1.844381       1.536913         3.723141e-01      
   1.844381       1.638520         3.859044e-01      
   1.844381       1.741102         3.965382e-01      
   1.844381       1.844381         4.039376e-01      
   1.844381       1.948080         4.080410e-01      
   1.844381       2.051920         4.090056e-01      
   1.844381       2.155619         4.071461e-01      
   1.844381       2.258898         4.028411e-01      
   1.844381       2.361480         3.964584e-01      
   1.844381       2.463087         3.883168e-01      
   1.844381       2.563446         3.786814e-01      
   1.844381       2.662286         3.677764e-01      
   1.844381       2.759340         3.558016e-01      
   1.844381       2.854347         3.429478e-01      
   1.844381       2.947052         3.294056e-01      
   1.844381       3.037203         3.153690e-01      
   1.844381       3.124558         3.010345e-01      
   1.844381       3.208881         2.865978e-01      
   1.844381       3.289946         2.722491e-01      
   1.844381       3.367533         2.581672e-01      
   1.844381       3.441433         2.445150e-01      
   1.844381       3.511448         2.314355e-01      
   1.844381       3.577387         2.190498e-01      
   1.844381       3.639075         2.074558e-01      
   1.844381       3.696344         1.967288e-01      
   1.844381       3.749040         1.869230e-01      
   1.844381       3.797021         1.780739e-01      
   1.844381       3.840157         1.702012e-01      
   1.844381       3.878333         1.633122e-01      
   1.844381       3.911445         1.574049e-01      
   1.844381       3.939404         1.524711e-01      
   1.844381       3.962134         1.484993e-01      
   1.844381       3.979576         1.454770e-01      
   1.844381       3.991681         1.433929e-01      
   1.844381       3.998420         1.422375e-01      
   1.844381       4.008294         1.405512e-01      
   1.844381       4.043674         1.345738e-01      
   1.844381       4.107227         1.241100e-01      
   1.844381       4.198794         1.097129e-01      
   1.844381       4.318131         9.228831e-02      
   1.844381       4.464916         7.313430e-02      
   1.844381       4.638754         5.388743e-02      
   1.844381       4.839176         3.631157e-02      
   1.844381       5.065642         2.192634e-02      
   1.844381       5.317541         1.158439e-02      
   1.844381       5.594194         5.218544e-03      
   1.844381       5.894856         1.960884e-03      
   1.844381       6.218716         6.131504e-04      
   1.844381       6.564900         1.668493e-04      
   1.844381       6.932477         4.287287e-05      
   1.844381       7.320454         1.028306e-05      
   1.844381       7.727785         1.916065e-06      
   1.844381       8.153374         2.001289e-07      
   1.844381       8.596072         -1.808542e-09     
   1.844381       9.054685         -2.921423e-09     
   1.844381       9.527979         -1.604384e-10     
   1.844381       10.014676        2.664490e-11      
   1.844381       10.513464        2.634090e-12      
   1.844381       11.023000        -1.208885e-13     
   1.844381       11.541909        -1.865807e-14     
   1.844381       12.068793        3.802626e-17      
   1.844381       12.602230        4.968730e-17      
   1.844381       13.140784        5.796430e-19      
   1.844381       13.683002        -5.162740e-20     
   1.844381       14.227422        -6.873481e-22     
   1.844381       14.772578        2.477367e-23      
   1.844381       15.316998        2.442399e-25      
   1.844381       15.859216        -5.756271e-27     
   1.844381       16.397770        -3.084175e-29     
   1.844381       16.931207        6.643649e-31      
   1.844381       17.458091        2.513636e-34      
   1.844381       17.977000        -2.931996e-35     
   1.844381       18.486536        2.909331e-37      
   1.844381       18.985324        -6.970933e-39     
   1.844381       19.472021        5.596085e-38      
   1.844381       19.945315        7.247280e-36      
   1.844381       20.403928        8.663210e-34      
   1.844381       20.846626        9.305946e-32      
   1.844381       21.272215        8.755881e-30      
   1.844381       21.679546        7.036868e-28      
   1.844381       22.067523        4.714315e-26      
   1.844381       22.435100        2.569794e-24      
   1.844381       22.781284        1.115407e-22      
   1.844381       23.105144        3.764817e-21      
   1.844381       23.405806        9.704438e-20      
   1.844381       23.682459        1.883938e-18      
   1.844381       23.934358        2.656927e-17      
   1.844381       24.160824        2.774464e-16      
   1.844381       24.361246        2.156691e-15      
   1.844381       24.535084        1.122373e-14      
   1.844381       24.681869        3.828166e-14      
   1.844381       24.801206        9.599632e-14      
   1.844381       24.892773        2.135311e-13      
   1.844381       24.956326        5.473202e-13      
   1.844381       24.991706        3.065174e-12      
   1.948080       0.001580         4.195472e-04      
   1.948080       0.008319         2.209333e-03      
   1.948080       0.020424         5.424311e-03      
   1.948080       0.037866         1.005768e-02      
   1.948080       0.060596         1.609785e-02      
   1.948080       0.088555         2.352405e-02      
   1.948080       0.121667         3.231030e-02      
   1.948080       0.159843         4.243258e-02      
   1.948080       0.202979         5.386260e-02      
   1.948080       0.250960         6.656239e-02      
   1.948080       0.303656         8.048749e-02      
   1.948080       0.360925         9.558686e-02      
   1.948080       0.422613         1.118017e-01      
   1.948080       0.488552         1.290644e-01      
   1.948080       0.558567         1.472970e-01      
   1.948080       0.632467         1.664091e-01      
   1.948080       0.710054         1.862955e-01      
   1.948080       0.791119         2.068333e-01      
   1.948080       0.875442         2.278775e-01      
   1.948080       0.962797         2.492562e-01      
   1.948080       1.052948         2.707646e-01      
   1.948080       1.145653         2.921584e-01      
   1.948080       1.240660         3.131468e-01      
   1.948080       1.337714         3.333858e-01      
   1.948080       1.436554         3.524746e-01      
   1.948080       1.536913         3.699603e-01      
   1.948080       1.638520         3.853567e-01      
   1.948080       1.741102         3.981854e-01      
   1.948080       1.844381         4.080410e-01      
   1.948080       1.948080         4.146675e-01      
   1.948080       2.051920         4.180159e-01      
   1.948080       2.155619         4.182449e-01      
   1.948080       2.258898         4.156615e-01      
   1.948080       2.361480         4.106357e-01      
   1.948080       2.463087         4.035309e-01      
   1.948080       2.563446         3.946702e-01      
   1.948080       2.662286         3.843312e-01      
   1.948080       2.759340         3.727567e-01      
   1.948080       2.854347         3.601678e-01      
   1.948080       2.947052         3.467762e-01      
   1.948080       3.037203         3.327911e-01      
   1.948080       3.124558         3.184202e-01      
   1.948080       3.208881         3.038690e-01      
   1.948080       3.289946         2.893366e-01      
   1.948080       3.367533         2.750113e-01      
   1.948080       3.441433         2.610661e-01      
   1.948080       3.511448         2.476549e-01      
   1.948080       3.577387         2.349094e-01      
   1.948080       3.639075         2.229386e-01      
   1.948080       3.696344         2.118284e-01      
   1.948080       3.749040         2.016430e-01      
   1.948080       3.797021         1.924270e-01      
   1.948080       3.840157         1.842083e-01      
   1.948080       3.878333         1.770011e-01      
   1.948080       3.911445         1.708093e-01      
   1.948080       3.939404         1.656295e-01      
   1.948080       3.962134         1.614542e-01      
   1.948080       3.979576         1.582736e-01      
   1.948080       3.991681         1.560786e-01      
   1.948080       3.998420         1.548611e-01      
   1.948080       4.008294         1.530835e-01      
   1.948080       4.043674         1.467745e-01      
   1.948080       4.107227         1.357012e-01      
   1.948080       4.198794         1.204025e-01      
   1.948080       4.318131         1.017817e-01      
   1.948080       4.464916         8.116535e-02      
   1.948080       4.638754         6.026745e-02      
   1.948080       4.839176         4.098637e-02      
   1.948080       5.065642         2.501644e-02      
   1.948080       5.317541         1.337862e-02      
   1.948080       5.594194         6.105702e-03      
   1.948080       5.894856         2.322105e-03      
   1.948080       6.218716         7.308473e-04      
   1.948080       6.564900         1.975240e-04      
   1.948080       6.932477         4.975264e-05      
   1.948080       7.320454         1.178567e-05      
   1.948080       7.727785         2.221741e-06      
   1.948080       8.153374         2.447230e-07      
   1.948080       8.596072         1.116300e-09      
   1.948080       9.054685         -3.113013e-09     
   1.948080       9.527979         -2.020147e-10     
   1.948080       10.014676        2.632697e-11      
   1.948080       10.513464        2.895306e-12      
   1.948080       11.023000        -1.189882e-13     
   1.948080       11.541909        -2.021825e-14     
   1.948080       12.068793        1.060574e-17      
   1.948080       12.602230        5.405660e-17      
   1.948080       13.140784        6.855837e-19      
   1.948080       13.683002        -5.624731e-20     
   1.948080       14.227422        -7.942689e-22     
   1.948080       14.772578        2.706314e-23      
   1.948080       15.316998        2.824244e-25      
   1.948080       15.859216        -6.305248e-27     
   1.948080       16.397770        -3.615637e-29     
   1.948080       16.931207        7.287541e-31      
   1.948080       17.458091        4.073207e-34      
   1.948080       17.977000        -3.157677e-35     
   1.948080       18.486536        3.251196e-37      
   1.948080       18.985324        -8.234088e-39     
   1.948080       19.472021        4.753071e-38      
   1.948080       19.945315        6.156589e-36      
   1.948080       20.403928        7.362632e-34      
   1.948080       20.846626        7.912119e-32      
   1.948080       21.272215        7.447301e-30      
   1.948080       21.679546        5.987347e-28      
   1.948080       22.067523        4.012538e-26      
   1.948080       22.435100        2.187934e-24      
   1.948080       22.781284        9.499384e-23      
   1.948080       23.105144        3.207171e-21      
   1.948080       23.405806        8.269078e-20      
   1.948080       23.682459        1.605657e-18      
   1.948080       23.934358        2.264922e-17      
   1.948080       24.160824        2.365586e-16      
   1.948080       24.361246        1.839185e-15      
   1.948080       24.535084        9.572622e-15      
   1.948080       24.681869        3.265350e-14      
   1.948080       24.801206        8.189202e-14      
   1.948080       24.892773        1.821824e-13      
   1.948080       24.956326        4.670305e-13      
   1.948080       24.991706        2.615641e-12      
   2.051920       0.001580         4.085212e-04      
   2.051920       0.008319         2.151270e-03      
   2.051920       0.020424         5.281831e-03      
   2.051920       0.037866         9.793136e-03      
   2.051920       0.060596         1.567494e-02      
   2.051920       0.088555         2.290659e-02      
   2.051920       0.121667         3.146280e-02      
   2.051920       0.159843         4.132049e-02      
   2.051920       0.202979         5.245281e-02      
   2.051920       0.250960         6.482343e-02      
   2.051920       0.303656         7.838985e-02      
   2.051920       0.360925         9.310353e-02      
   2.051920       0.422613         1.089091e-01      
   2.051920       0.488552         1.257435e-01      
   2.051920       0.558567         1.435349e-01      
   2.051920       0.632467         1.622010e-01      
   2.051920       0.710054         1.816468e-01      
   2.051920       0.791119         2.017625e-01      
   2.051920       0.875442         2.224205e-01      
   2.051920       0.962797         2.434722e-01      
   2.051920       1.052948         2.647427e-01      
   2.051920       1.145653         2.860250e-01      
   2.051920       1.240660         3.070745e-01      
   2.051920       1.337714         3.276030e-01      
   2.051920       1.436554         3.472730e-01      
   2.051920       1.536913         3.656944e-01      
   2.051920       1.638520         3.824307e-01      
   2.051920       1.741102         3.970181e-01      
   2.051920       1.844381         4.090056e-01      
   2.051920       1.948080         4.180159e-01      
   2.051920       2.051920         4.238176e-01      
   2.051920       2.155619         4.263769e-01      
   2.051920       2.258898         4.258559e-01      
   2.051920       2.361480         4.225565e-01      
   2.051920       2.463087         4.168416e-01      
   2.051920       2.563446         4.090722e-01      
   2.051920       2.662286         3.995760e-01      
   2.051920       2.759340         3.886423e-01      
   2.051920       2.854347         3.765298e-01      
   2.051920       2.947052         3.634774e-01      
   2.051920       3.037203         3.497134e-01      
   2.051920       3.124558         3.354600e-01      
   2.051920       3.208881         3.209341e-01      
   2.051920       3.289946         3.063452e-01      
   2.051920       3.367533         2.918915e-01      
   2.051920       3.441433         2.777565e-01      
   2.051920       3.511448         2.641050e-01      
   2.051920       3.577387         2.510801e-01      
   2.051920       3.639075         2.388023e-01      
   2.051920       3.696344         2.273687e-01      
   2.051920       3.749040         2.168542e-01      
   2.051920       3.797021         2.073134e-01      
   2.051920       3.840157         1.987832e-01      
   2.051920       3.878333         1.912857e-01      
   2.051920       3.911445         1.848315e-01      
   2.051920       3.939404         1.794230e-01      
   2.051920       3.962134         1.750571e-01      
   2.051920       3.979576         1.717276e-01      
   2.051920       3.991681         1.694278e-01      
   2.051920       3.998420         1.681516e-01      
   2.051920       4.008294         1.662872e-01      
   2.051920       4.043674         1.596622e-01      
   2.051920       4.107227         1.480018e-01      
   2.051920       4.198794         1.318211e-01      
   2.051920       4.318131         1.120088e-01      
   2.051920       4.464916         8.990629e-02      
   2.051920       4.638754         6.729512e-02      
   2.051920       4.839176         4.620627e-02      
   2.051920       5.065642         2.851954e-02      
   2.051920       5.317541         1.544664e-02      
   2.051920       5.594194         7.146518e-03      
   2.051920       5.894856         2.753608e-03      
   2.051920       6.218716         8.736937e-04      
   2.051920       6.564900         2.350126e-04      
   2.051920       6.932477         5.805316e-05      
   2.051920       7.320454         1.355258e-05      
   2.051920       7.727785         2.579681e-06      
   2.051920       8.153374         2.985812e-07      
   2.051920       8.596072         5.064112e-09      
   2.051920       9.054685         -3.276007e-09     
   2.051920       9.527979         -2.504798e-10     
   2.051920       10.014676        2.533749e-11      
   2.051920       10.513464        3.161831e-12      
   2.051920       11.023000        -1.148534e-13     
   2.051920       11.541909        -2.182328e-14     
   2.051920       12.068793        -2.298087e-17     
   2.051920       12.602230        5.868289e-17      
   2.051920       13.140784        8.079608e-19      
   2.051920       13.683002        -6.116828e-20     
   2.051920       14.227422        -9.171850e-22     
   2.051920       14.772578        2.951478e-23      
   2.051920       15.316998        3.265045e-25      
   2.051920       15.859216        -6.895267e-27     
   2.051920       16.397770        -4.235839e-29     
   2.051920       16.931207        7.979443e-31      
   2.051920       17.458091        5.993024e-34      
   2.051920       17.977000        -3.383313e-35     
   2.051920       18.486536        3.639479e-37      
   2.051920       18.985324        -9.703421e-39     
   2.051920       19.472021        4.066751e-38      
   2.051920       19.945315        5.268093e-36      
   2.051920       20.403928        6.302921e-34      
   2.051920       20.846626        6.776187e-32      
   2.051920       21.272215        6.380627e-30      
   2.051920       21.679546        5.131678e-28      
   2.051920       22.067523        3.440279e-26      
   2.051920       22.435100        1.876496e-24      
   2.051920       22.781284        8.149639e-23      
   2.051920       23.105144        2.752226e-21      
   2.051920       23.405806        7.097902e-20      
   2.051920       23.682459        1.378565e-18      
   2.051920       23.934358        1.944988e-17      
   2.051920       24.160824        2.031844e-16      
   2.051920       24.361246        1.579994e-15      
   2.051920       24.535084        8.224661e-15      
   2.051920       24.681869        2.805844e-14      
   2.051920       24.801206        7.037615e-14      
   2.051920       24.892773        1.565847e-13      
   2.051920       24.956326        4.014614e-13      
   2.051920       24.991706        2.248495e-12      
   2.155619       0.001580         3.971168e-04      
   2.155619       0.008319         2.091215e-03      
   2.155619       0.020424         5.134423e-03      
   2.155619       0.037866         9.519521e-03      
   2.155619       0.060596         1.523735e-02      
   2.155619       0.088555         2.226751e-02      
   2.155619       0.121667         3.058528e-02      
   2.155619       0.159843         4.016839e-02      
   2.155619       0.202979         5.099134e-02      
   2.155619       0.250960         6.301951e-02      
   2.155619       0.303656         7.621259e-02      
   2.155619       0.360925         9.052478e-02      
   2.155619       0.422613         1.059040e-01      
   2.155619       0.488552         1.222912e-01      
   2.155619       0.558567         1.396196e-01      
   2.155619       0.632467         1.578134e-01      
   2.155619       0.710054         1.767863e-01      
   2.155619       0.791119         1.964397e-01      
   2.155619       0.875442         2.166603e-01      
   2.155619       0.962797         2.373170e-01      
   2.155619       1.052948         2.582580e-01      
   2.155619       1.145653         2.793058e-01      
   2.155619       1.240660         3.002526e-01      
   2.155619       1.337714         3.208545e-01      
   2.155619       1.436554         3.408267e-01      
   2.155619       1.536913         3.598383e-01      
   2.155619       1.638520         3.775115e-01      
   2.155619       1.741102         3.934274e-01      
   2.155619       1.844381         4.071461e-01      
   2.155619       1.948080         4.182449e-01      
   2.155619       2.051920         4.263769e-01      
   2.155619       2.155619         4.313373e-01      
   2.155619       2.258898         4.331088e-01      
   2.155619       2.361480         4.318585e-01      
   2.155619       2.463087         4.278845e-01      
   2.155619       2.563446         4.215445e-01      
   2.155619       2.662286         4.131973e-01      
   2.155619       2.759340         4.031751e-01      
   2.155619       2.854347         3.917768e-01      
   2.155619       2.947052         3.792744e-01      
   2.155619       3.037203         3.659204e-01      
   2.155619       3.124558         3.519551e-01      
   2.155619       3.208881         3.376095e-01      
   2.155619       3.289946         3.231048e-01      
   2.155619       3.367533         3.086506e-01      
   2.155619       3.441433         2.944411e-01      
   2.155619       3.511448         2.806525e-01      
   2.155619       3.577387         2.674397e-01      
   2.155619       3.639075         2.549350e-01      
   2.155619       3.696344         2.432475e-01      
   2.155619       3.749040         2.324635e-01      
   2.155619       3.797021         2.226484e-01      
   2.155619       3.840157         2.138487e-01      
   2.155619       3.878333         2.060955e-01      
   2.155619       3.911445         1.994070e-01      
   2.155619       3.939404         1.937918e-01      
   2.155619       3.962134         1.892520e-01      
   2.155619       3.979576         1.857859e-01      
   2.155619       3.991681         1.833896e-01      
   2.155619       3.998420         1.820591e-01      
   2.155619       4.008294         1.801145e-01      
   2.155619       4.043674         1.731948e-01      
   2.155619       4.107227         1.609797e-01      
   2.155619       4.198794         1.439508e-01      
   2.155619       4.318131         1.229680e-01      
   2.155619       4.464916         9.937259e-02      
   2.155619       4.638754         7.500030e-02      
   2.155619       4.839176         5.200993e-02      
   2.155619       5.065642         3.247547e-02      
   2.155619       5.317541         1.782212e-02      
   2.155619       5.594194         8.364152e-03      
   2.155619       5.894856         3.268032e-03      
   2.155619       6.218716         1.046961e-03      
   2.155619       6.564900         2.809239e-04      
   2.155619       6.932477         6.812320e-05      
   2.155619       7.320454         1.564091e-05      
   2.155619       7.727785         2.999185e-06      
   2.155619       8.153374         3.634199e-07      
   2.155619       8.596072         1.028230e-08      
   2.155619       9.054685         -3.392616e-09     
   2.155619       9.527979         -3.062307e-10     
   2.155619       10.014676        2.351242e-11      
   2.155619       10.513464        3.426066e-12      
   2.155619       11.023000        -1.082132e-13     
   2.155619       11.541909        -2.345297e-14     
   2.155619       12.068793        -6.308376e-17     
   2.155619       12.602230        6.356207e-17      
   2.155619       13.140784        9.484621e-19      
   2.155619       13.683002        -6.639429e-20     
   2.155619       14.227422        -1.058057e-21     
   2.155619       14.772578        3.213224e-23      
   2.155619       15.316998        3.772663e-25      
   2.155619       15.859216        -7.527203e-27     
   2.155619       16.397770        -4.957405e-29     
   2.155619       16.931207        8.719618e-31      
   2.155619       17.458091        8.324549e-34      
   2.155619       17.977000        -3.603388e-35     
   2.155619       18.486536        4.082167e-37      
   2.155619       18.985324        -1.142222e-38     
   2.155619       19.472021        3.499174e-38      
   2.155619       19.945315        4.532744e-36      
   2.155619       20.403928        5.425632e-34      
   2.155619       20.846626        5.835556e-32      
   2.155619       21.272215        5.497134e-30      
   2.155619       21.679546        4.422791e-28      
   2.155619       22.067523        2.966084e-26      
   2.155619       22.435100        1.618376e-24      
   2.155619       22.781284        7.030754e-23      
   2.155619       23.105144        2.375028e-21      
   2.155619       23.405806        6.126709e-20      
   2.155619       23.682459        1.190221e-18      
   2.155619       23.934358        1.679608e-17      
   2.155619       24.160824        1.754971e-16      
   2.155619       24.361246        1.364941e-15      
   2.155619       24.535084        7.106144e-15      
   2.155619       24.681869        2.424531e-14      
   2.155619       24.801206        6.081927e-14      
   2.155619       24.892773        1.353394e-13      
   2.155619       24.956326        3.470331e-13      
   2.155619       24.991706        1.943706e-12      
   2.258898       0.001580         3.850097e-04      
   2.258898       0.008319         2.027459e-03      
   2.258898       0.020424         4.977897e-03      
   2.258898       0.037866         9.229107e-03      
   2.258898       0.060596         1.477280e-02      
   2.258898       0.088555         2.158907e-02      
   2.258898       0.121667         2.965381e-02      
   2.258898       0.159843         3.894563e-02      
   2.258898       0.202979         4.944044e-02      
   2.258898       0.250960         6.110541e-02      
   2.258898       0.303656         7.390248e-02      
   2.258898       0.360925         8.778867e-02      
   2.258898       0.422613         1.027152e-01      
   2.258898       0.488552         1.186273e-01      
   2.258898       0.558567         1.354628e-01      
   2.258898       0.632467         1.531522e-01      
   2.258898       0.710054         1.716168e-01      
   2.258898       0.791119         1.907678e-01      
   2.258898       0.875442         2.105039e-01      
   2.258898       0.962797         2.307090e-01      
   2.258898       1.052948         2.512495e-01      
   2.258898       1.145653         2.719714e-01      
   2.258898       1.240660         2.926959e-01      
   2.258898       1.337714         3.132147e-01      
   2.258898       1.436554         3.332852e-01      
   2.258898       1.536913         3.526266e-01      
   2.258898       1.638520         3.709158e-01      
   2.258898       1.741102         3.877875e-01      
   2.258898       1.844381         4.028411e-01      
   2.258898       1.948080         4.156615e-01      
   2.258898       2.051920         4.258559e-01      
   2.258898       2.155619         4.331088e-01      
   2.258898       2.258898         4.372428e-01      
   2.258898       2.361480         4.382582e-01      
   2.258898       2.463087         4.363283e-01      
   2.258898       2.563446         4.317486e-01      
   2.258898       2.662286         4.248718e-01      
   2.258898       2.759340         4.160550e-01      
   2.258898       2.854347         4.056335e-01      
   2.258898       2.947052         3.939140e-01      
   2.258898       3.037203         3.811780e-01      
   2.258898       3.124558         3.676882e-01      
   2.258898       3.208881         3.536925e-01      
   2.258898       3.289946         3.394263e-01      
   2.258898       3.367533         3.251116e-01      
   2.258898       3.441433         3.109545e-01      
   2.258898       3.511448         2.971432e-01      
   2.258898       3.577387         2.838446e-01      
   2.258898       3.639075         2.712036e-01      
   2.258898       3.696344         2.593414e-01      
   2.258898       3.749040         2.483566e-01      
   2.258898       3.797021         2.383258e-01      
   2.258898       3.840157         2.293063e-01      
   2.258898       3.878333         2.213387e-01      
   2.258898       3.911445         2.144495e-01      
   2.258898       3.939404         2.086546e-01      
   2.258898       3.962134         2.039621e-01      
   2.258898       3.979576         2.003747e-01      
   2.258898       3.991681         1.978923e-01      
   2.258898       3.998420         1.965131e-01      
   2.258898       4.008294         1.944963e-01      
   2.258898       4.043674         1.873095e-01      
   2.258898       4.107227         1.745834e-01      
   2.258898       4.198794         1.567552e-01      
   2.258898       4.318131         1.346417e-01      
   2.258898       4.464916         1.095664e-01      
   2.258898       4.638754         8.340328e-02      
   2.258898       4.839176         5.843057e-02      
   2.258898       5.065642         3.692232e-02      
   2.258898       5.317541         2.053948e-02      
   2.258898       5.594194         9.783516e-03      
   2.258898       5.894856         3.879567e-03      
   2.258898       6.218716         1.256799e-03      
   2.258898       6.564900         3.372017e-04      
   2.258898       6.932477         8.039561e-05      
   2.258898       7.320454         1.812144e-05      
   2.258898       7.727785         3.491239e-06      
   2.258898       8.153374         4.412163e-07      
   2.258898       8.596072         1.706456e-08      
   2.258898       9.054685         -3.439746e-09     
   2.258898       9.527979         -3.694517e-10     
   2.258898       10.014676        2.066614e-11      
   2.258898       10.513464        3.677682e-12      
   2.258898       11.023000        -9.884288e-14     
   2.258898       11.541909        -2.508124e-14     
   2.258898       12.068793        -1.098631e-16     
   2.258898       12.602230        6.868607e-17      
   2.258898       13.140784        1.108727e-18      
   2.258898       13.683002        -7.192588e-20     
   2.258898       14.227422        -1.218943e-21     
   2.258898       14.772578        3.491703e-23      
   2.258898       15.316998        4.355519e-25      
   2.258898       15.859216        -8.201231e-27     
   2.258898       16.397770        -5.793980e-29     
   2.258898       16.931207        9.507164e-31      
   2.258898       17.458091        1.112108e-33      
   2.258898       17.977000        -3.810687e-35     
   2.258898       18.486536        4.588684e-37      
   2.258898       18.985324        -1.343951e-38     
   2.258898       19.472021        3.023303e-38      
   2.258898       19.945315        3.915585e-36      
   2.258898       20.403928        4.689111e-34      
   2.258898       20.846626        5.045619e-32      
   2.258898       21.272215        4.754968e-30      
   2.258898       21.679546        3.827141e-28      
   2.258898       22.067523        2.567536e-26      
   2.258898       22.435100        1.401381e-24      
   2.258898       22.781284        6.089927e-23      
   2.258898       23.105144        2.057791e-21      
   2.258898       23.405806        5.309745e-20      
   2.258898       23.682459        1.031758e-18      
   2.258898       23.934358        1.456295e-17      
   2.258898       24.160824        1.521951e-16      
   2.258898       24.361246        1.183922e-15      
   2.258898       24.535084        6.164544e-15      
   2.258898       24.681869        2.103506e-14      
   2.258898       24.801206        5.277276e-14      
   2.258898       24.892773        1.174497e-13      
   2.258898       24.956326        3.011944e-13      
   2.258898       24.991706        1.686998e-12      
   2.361480       0.001580         3.719960e-04      
   2.361480       0.008319         1.958931e-03      
   2.361480       0.020424         4.809629e-03      
   2.361480       0.037866         8.917033e-03      
   2.361480       0.060596         1.427355e-02      
   2.361480       0.088555         2.086008e-02      
   2.361480       0.121667         2.865327e-02      
   2.361480       0.159843         3.763280e-02      
   2.361480       0.202979         4.777611e-02      
   2.361480       0.250960         5.905231e-02      
   2.361480       0.303656         7.142557e-02      
   2.361480       0.360925         8.485565e-02      
   2.361480       0.422613         9.929730e-02      
   2.361480       0.488552         1.147000e-01      
   2.361480       0.558567         1.310070e-01      
   2.361480       0.632467         1.481551e-01      
   2.361480       0.710054         1.660729e-01      
   2.361480       0.791119         1.846802e-01      
   2.361480       0.875442         2.038865e-01      
   2.361480       0.962797         2.235889e-01      
   2.361480       1.052948         2.436696e-01      
   2.361480       1.145653         2.639937e-01      
   2.361480       1.240660         2.844055e-01      
   2.361480       1.337714         3.047254e-01      
   2.361480       1.436554         3.247452e-01      
   2.361480       1.536913         3.442242e-01      
   2.361480       1.638520         3.628856e-01      
   2.361480       1.741102         3.804145e-01      
   2.361480       1.844381         3.964584e-01      
   2.361480       1.948080         4.106357e-01      
   2.361480       2.051920         4.225565e-01      
   2.361480       2.155619         4.318585e-01      
   2.361480       2.258898         4.382582e-01      
   2.361480       2.361480         4.416065e-01      
   2.361480       2.463087         4.419219e-01      
   2.361480       2.563446         4.393842e-01      
   2.361480       2.662286         4.342872e-01      
   2.361480       2.759340         4.269788e-01      
   2.361480       2.854347         4.178140e-01      
   2.361480       2.947052         4.071297e-01      
   2.361480       3.037203         3.952378e-01      
   2.361480       3.124558         3.824265e-01      
   2.361480       3.208881         3.689645e-01      
   2.361480       3.289946         3.551036e-01      
   2.361480       3.367533         3.410800e-01      
   2.361480       3.441433         3.271132e-01      
   2.361480       3.511448         3.134037e-01      
   2.361480       3.577387         3.001316e-01      
   2.361480       3.639075         2.874542e-01      
   2.361480       3.696344         2.755058e-01      
   2.361480       3.749040         2.643974e-01      
   2.361480       3.797021         2.542178e-01      
   2.361480       3.840157         2.450355e-01      
   2.361480       3.878333         2.369014e-01      
   2.361480       3.911445         2.298512e-01      
   2.361480       3.939404         2.239086e-01      
   2.361480       3.962134         2.190882e-01      
   2.361480       3.979576         2.153981e-01      
   2.361480       3.991681         2.128421e-01      
   2.361480       3.998420         2.114211e-01      
   2.361480       4.008294         2.093420e-01      
   2.361480       4.043674         2.019221e-01      
   2.361480       4.107227         1.887399e-01      
   2.361480       4.198794         1.701778e-01      
   2.361480       4.318131         1.469937e-01      
   2.361480       4.464916         1.204741e-01      
   2.361480       4.638754         9.251227e-02      
   2.361480       4.839176         6.549366e-02      
   2.361480       5.065642         4.189462e-02      
   2.361480       5.317541         2.363282e-02      
   2.361480       5.594194         1.143082e-02      
   2.361480       5.894856         4.603870e-03      
   2.361480       6.218716         1.510282e-03      
   2.361480       6.564900         4.061673e-04      
   2.361480       6.932477         9.540317e-05      
   2.361480       7.320454         2.108170e-05      
   2.361480       7.727785         4.068828e-06      
   2.361480       8.153374         5.342314e-07      
   2.361480       8.596072         2.575561e-08      
   2.361480       9.054685         -3.388028e-09     
   2.361480       9.527979         -4.400184e-10     
   2.361480       10.014676        1.659328e-11      
   2.361480       10.513464        3.903155e-12      
   2.361480       11.023000        -8.659590e-14     
   2.361480       11.541909        -2.667582e-14     
   2.361480       12.068793        -1.632153e-16     
   2.361480       12.602230        7.404313e-17      
   2.361480       13.140784        1.290281e-18      
   2.361480       13.683002        -7.775994e-20     
   2.361480       14.227422        -1.401959e-21     
   2.361480       14.772578        3.786812e-23      
   2.361480       15.316998        5.022500e-25      
   2.361480       15.859216        -8.916666e-27     
   2.361480       16.397770        -6.760088e-29     
   2.361480       16.931207        1.033973e-30      
   2.361480       17.458091        1.443609e-33      
   2.361480       17.977000        -3.996015e-35     
   2.361480       18.486536        5.170096e-37      
   2.361480       18.985324        -1.581089e-38     
   2.361480       19.472021        2.619705e-38      
   2.361480       19.945315        3.391477e-36      
   2.361480       20.403928        4.063408e-34      
   2.361480       20.846626        4.374301e-32      
   2.361480       21.272215        4.124041e-30      
   2.361480       21.679546        3.320612e-28      
   2.361480       22.067523        2.228520e-26      
   2.361480       22.435100        1.216749e-24      
   2.361480       22.781284        5.289212e-23      
   2.361480       23.105144        1.787735e-21      
   2.361480       23.405806        4.614127e-20      
   2.361480       23.682459        8.968039e-19      
   2.361480       23.934358        1.266078e-17      
   2.361480       24.160824        1.323429e-16      
   2.361480       24.361246        1.029676e-15      
   2.361480       24.535084        5.362117e-15      
   2.361480       24.681869        1.829906e-14      
   2.361480       24.801206        4.591433e-14      
   2.361480       24.892773        1.021993e-13      
   2.361480       24.956326        2.621125e-13      
   2.361480       24.991706        1.468117e-12      
   2.463087       0.001580         3.580280e-04      
   2.463087       0.008319         1.885376e-03      
   2.463087       0.020424         4.629006e-03      
   2.463087       0.037866         8.582127e-03      
   2.463087       0.060596         1.373766e-02      
   2.463087       0.088555         2.007752e-02      
   2.463087       0.121667         2.757918e-02      
   2.463087       0.159843         3.622341e-02      
   2.463087       0.202979         4.598935e-02      
   2.463087       0.250960         5.684819e-02      
   2.463087       0.303656         6.876664e-02      
   2.463087       0.360925         8.170752e-02      
   2.463087       0.422613         9.562932e-02      
   2.463087       0.488552         1.104860e-01      
   2.463087       0.558567         1.262265e-01      
   2.463087       0.632467         1.427938e-01      
   2.463087       0.710054         1.601240e-01      
   2.463087       0.791119         1.781454e-01      
   2.463087       0.875442         1.967775e-01      
   2.463087       0.962797         2.159294e-01      
   2.463087       1.052948         2.354975e-01      
   2.463087       1.145653         2.553633e-01      
   2.463087       1.240660         2.753905e-01      
   2.463087       1.337714         2.954227e-01      
   2.463087       1.436554         3.152796e-01      
   2.463087       1.536913         3.347533e-01      
   2.463087       1.638520         3.536047e-01      
   2.463087       1.741102         3.715615e-01      
   2.463087       1.844381         3.883168e-01      
   2.463087       1.948080         4.035309e-01      
   2.463087       2.051920         4.168416e-01      
   2.463087       2.155619         4.278845e-01      
   2.463087       2.258898         4.363283e-01      
   2.463087       2.361480         4.419219e-01      
   2.463087       2.463087         4.445444e-01      
   2.463087       2.563446         4.442331e-01      
   2.463087       2.662286         4.411746e-01      
   2.463087       2.759340         4.356609e-01      
   2.463087       2.854347         4.280357e-01      
   2.463087       2.947052         4.186508e-01      
   2.463087       3.037203         4.078433e-01      
   2.463087       3.124558         3.959275e-01      
   2.463087       3.208881         3.831953e-01      
   2.463087       3.289946         3.699178e-01      
   2.463087       3.367533         3.563475e-01      
   2.463087       3.441433         3.427184e-01      
   2.463087       3.511448         3.292448e-01      
   2.463087       3.577387         3.161200e-01      
   2.463087       3.639075         3.035150e-01      
   2.463087       3.696344         2.915771e-01      
   2.463087       3.749040         2.804304e-01      
   2.463087       3.797021         2.701763e-01      
   2.463087       3.840157         2.608953e-01      
   2.463087       3.878333         2.526490e-01      
   2.463087       3.911445         2.454830e-01      
   2.463087       3.939404         2.394294e-01      
   2.463087       3.962134         2.345101e-01      
   2.463087       3.979576         2.307388e-01      
   2.463087       3.991681         2.281238e-01      
   2.463087       3.998420         2.266691e-01      
   2.463087       4.008294         2.245394e-01      
   2.463087       4.043674         2.169267e-01      
   2.463087       4.107227         2.033549e-01      
   2.463087       4.198794         1.841409e-01      
   2.463087       4.318131         1.599676e-01      
   2.463087       4.464916         1.320640e-01      
   2.463087       4.638754         1.023209e-01      
   2.463087       4.839176         7.321443e-02      
   2.463087       5.065642         4.742138e-02      
   2.463087       5.317541         2.713456e-02      
   2.463087       5.594194         1.333288e-02      
   2.463087       5.894856         5.457866e-03      
   2.463087       6.218716         1.815416e-03      
   2.463087       6.564900         4.905556e-04      
   2.463087       6.932477         1.137948e-04      
   2.463087       7.320454         2.462951e-05      
   2.463087       7.727785         4.747307e-06      
   2.463087       8.153374         6.450310e-07      
   2.463087       8.596072         3.675495e-08      
   2.463087       9.054685         -3.200877e-09     
   2.463087       9.527979         -5.173859e-10     
   2.463087       10.014676        1.107261e-11      
   2.463087       10.513464        4.085363e-12      
   2.463087       11.023000        -7.144211e-14     
   2.463087       11.541909        -2.819829e-14     
   2.463087       12.068793        -2.226948e-16     
   2.463087       12.602230        7.961858e-17      
   2.463087       13.140784        1.494461e-18      
   2.463087       13.683002        -8.388982e-20     
   2.463087       14.227422        -1.609240e-21     
   2.463087       14.772578        4.098168e-23      
   2.463087       15.316998        5.782818e-25      
   2.463087       15.859216        -9.671806e-27     
   2.463087       16.397770        -7.870906e-29     
   2.463087       16.931207        1.121324e-30      
   2.463087       17.458091        1.832107e-33      
   2.463087       17.977000        -4.147942e-35     
   2.463087       18.486536        5.839307e-37      
   2.463087       18.985324        -1.859914e-38     
   2.463087       19.472021        2.274274e-38      
   2.463087       19.945315        2.942165e-36      
   2.463087       20.403928        3.526774e-34      
   2.463087       20.846626        3.798319e-32      
   2.463087       21.272215        3.582511e-30      
   2.463087       21.679546        2.885703e-28      
   2.463087       22.067523        1.937343e-26      
   2.463087       22.435100        1.058122e-24      
   2.463087       22.781284        4.601080e-23      
   2.463087       23.105144        1.555588e-21      
   2.463087       23.405806        4.016008e-20      
   2.463087       23.682459        7.807386e-19      
   2.463087       23.934358        1.102452e-17      
   2.463087       24.160824        1.152625e-16      
   2.463087       24.361246        8.969421e-16      
   2.463087       24.535084        4.671507e-15      
   2.463087       24.681869        1.594408e-14      
   2.463087       24.801206        4.001037e-14      
   2.463087       24.892773        8.906943e-14      
   2.463087       24.956326        2.284592e-13      
   2.463087       24.991706        1.279629e-12      
   2.563446       0.001580         3.431346e-04      
   2.563446       0.008319         1.806948e-03      
   2.563446       0.020424         4.436414e-03      
   2.563446       0.037866         8.225068e-03      
   2.563446       0.060596         1.316622e-02      
   2.563446       0.088555         1.924290e-02      
   2.563446       0.121667         2.643345e-02      
   2.563446       0.159843         3.471973e-02      
   2.563446       0.202979         4.408262e-02      
   2.563446       0.250960         5.449563e-02      
   2.563446       0.303656         6.592832e-02      
   2.563446       0.360925         7.834701e-02      
   2.563446       0.422613         9.171427e-02      
   2.563446       0.488552         1.059888e-01      
   2.563446       0.558567         1.211249e-01      
   2.563446       0.632467         1.370720e-01      
   2.563446       0.710054         1.537738e-01      
   2.563446       0.791119         1.711676e-01      
   2.563446       0.875442         1.891825e-01      
   2.563446       0.962797         2.077388e-01      
   2.563446       1.052948         2.267457e-01      
   2.563446       1.145653         2.460995e-01      
   2.563446       1.240660         2.656812e-01      
   2.563446       1.337714         2.853540e-01      
   2.563446       1.436554         3.049603e-01      
   2.563446       1.536913         3.243190e-01      
   2.563446       1.638520         3.432221e-01      
   2.563446       1.741102         3.614324e-01      
   2.563446       1.844381         3.786814e-01      
   2.563446       1.948080         3.946702e-01      
   2.563446       2.051920         4.090722e-01      
   2.563446       2.155619         4.215445e-01      
   2.563446       2.258898         4.317486e-01      
   2.563446       2.361480         4.393842e-01      
   2.563446       2.463087         4.442331e-01      
   2.563446       2.563446         4.462025e-01      
   2.563446       2.662286         4.453483e-01      
   2.563446       2.759340         4.418639e-01      
   2.563446       2.854347         4.360404e-01      
   2.563446       2.947052         4.282163e-01      
   2.563446       3.037203         4.187398e-01      
   2.563446       3.124558         4.079461e-01      
   2.563446       3.208881         3.961498e-01      
   2.563446       3.289946         3.836431e-01      
   2.563446       3.367533         3.706968e-01      
   2.563446       3.441433         3.575610e-01      
   2.563446       3.511448         3.444650e-01      
   2.563446       3.577387         3.316162e-01      
   2.563446       3.639075         3.191994e-01      
   2.563446       3.696344         3.073759e-01      
   2.563446       3.749040         2.962832e-01      
   2.563446       3.797021         2.860356e-01      
   2.563446       3.840157         2.767261e-01      
   2.563446       3.878333         2.684277e-01      
   2.563446       3.911445         2.611961e-01      
   2.563446       3.939404         2.550728e-01      
   2.563446       3.962134         2.500871e-01      
   2.563446       3.979576         2.462591e-01      
   2.563446       3.991681         2.436019e-01      
   2.563446       3.998420         2.421226e-01      
   2.563446       4.008294         2.399556e-01      
   2.563446       4.043674         2.321964e-01      
   2.563446       4.107227         2.183126e-01      
   2.563446       4.198794         1.985452e-01      
   2.563446       4.318131         1.734860e-01      
   2.563446       4.464916         1.442849e-01      
   2.563446       4.638754         1.128059e-01      
   2.563446       4.839176         8.159551e-02      
   2.563446       5.065642         5.352383e-02      
   2.563446       5.317541         3.107383e-02      
   2.563446       5.594194         1.551624e-02      
   2.563446       5.894856         6.459410e-03      
   2.563446       6.218716         2.181083e-03      
   2.563446       6.564900         5.935372e-04      
   2.563446       6.932477         1.363510e-04      
   2.563446       7.320454         2.889675e-05      
   2.563446       7.727785         5.544820e-06      
   2.563446       8.153374         7.765032e-07      
   2.563446       8.596072         5.051903e-08      
   2.563446       9.054685         -2.833626e-09     
   2.563446       9.527979         -6.004635e-10     
   2.563446       10.014676        3.873466e-12      
   2.563446       10.513464        4.203277e-12      
   2.563446       11.023000        -5.351251e-14     
   2.563446       11.541909        -2.960460e-14     
   2.563446       12.068793        -2.874318e-16     
   2.563446       12.602230        8.539619e-17      
   2.563446       13.140784        1.722336e-18      
   2.563446       13.683002        -9.030585e-20     
   2.563446       14.227422        -1.842885e-21     
   2.563446       14.772578        4.425085e-23      
   2.563446       15.316998        6.645818e-25      
   2.563446       15.859216        -1.046379e-26     
   2.563446       16.397770        -9.141953e-29     
   2.563446       16.931207        1.212163e-30      
   2.563446       17.458091        2.282276e-33      
   2.563446       17.977000        -4.252595e-35     
   2.563446       18.486536        6.611233e-37      
   2.563446       18.985324        -2.187456e-38     
   2.563446       19.472021        1.976641e-38      
   2.563446       19.945315        2.554221e-36      
   2.563446       20.403928        3.063221e-34      
   2.563446       20.846626        3.300560e-32      
   2.563446       21.272215        3.114334e-30      
   2.563446       21.679546        2.509560e-28      
   2.563446       22.067523        1.685421e-26      
   2.563446       22.435100        9.208340e-25      
   2.563446       22.781284        4.005331e-23      
   2.563446       23.105144        1.354549e-21      
   2.563446       23.405806        3.497898e-20      
   2.563446       23.682459        6.801739e-19      
   2.563446       23.934358        9.606466e-18      
   2.563446       24.160824        1.004567e-16      
   2.563446       24.361246        7.818616e-16      
   2.563446       24.535084        4.072664e-15      
   2.563446       24.681869        1.390180e-14      
   2.563446       24.801206        3.488971e-14      
   2.563446       24.892773        7.767972e-14      
   2.563446       24.956326        1.992618e-13      
   2.563446       24.991706        1.116089e-12      
   2.662286       0.001580         3.273877e-04      
   2.662286       0.008319         1.724024e-03      
   2.662286       0.020424         4.232795e-03      
   2.662286       0.037866         7.847597e-03      
   2.662286       0.060596         1.256206e-02      
   2.662286       0.088555         1.836050e-02      
   2.662286       0.121667         2.522221e-02      
   2.662286       0.159843         3.313025e-02      
   2.662286       0.202979         4.206729e-02      
   2.662286       0.250960         5.200925e-02      
   2.662286       0.303656         6.292864e-02      
   2.662286       0.360925         7.479536e-02      
   2.662286       0.422613         8.757624e-02      
   2.662286       0.488552         1.012349e-01      
   2.662286       0.558567         1.157315e-01      
   2.662286       0.632467         1.310219e-01      
   2.662286       0.710054         1.470576e-01      
   2.662286       0.791119         1.637844e-01      
   2.662286       0.875442         1.811415e-01      
   2.662286       0.962797         1.990599e-01      
   2.662286       1.052948         2.174607e-01      
   2.662286       1.145653         2.362541e-01      
   2.662286       1.240660         2.553366e-01      
   2.662286       1.337714         2.745886e-01      
   2.662286       1.436554         2.938721e-01      
   2.662286       1.536913         3.130281e-01      
   2.662286       1.638520         3.318745e-01      
   2.662286       1.741102         3.502026e-01      
   2.662286       1.844381         3.677764e-01      
   2.662286       1.948080         3.843312e-01      
   2.662286       2.051920         3.995760e-01      
   2.662286       2.155619         4.131973e-01      
   2.662286       2.258898         4.248718e-01      
   2.662286       2.361480         4.342872e-01      
   2.662286       2.463087         4.411746e-01      
   2.662286       2.563446         4.453483e-01      
   2.662286       2.662286         4.467436e-01      
   2.662286       2.759340         4.454348e-01      
   2.662286       2.854347         4.416224e-01      
   2.662286       2.947052         4.355961e-01      
   2.662286       3.037203         4.276894e-01      
   2.662286       3.124558         4.182454e-01      
   2.662286       3.208881         4.075962e-01      
   2.662286       3.289946         3.960538e-01      
   2.662286       3.367533         3.839083e-01      
   2.662286       3.441433         3.714275e-01      
   2.662286       3.511448         3.588565e-01      
   2.662286       3.577387         3.464181e-01      
   2.662286       3.639075         3.343114e-01      
   2.662286       3.696344         3.227118e-01      
   2.662286       3.749040         3.117708e-01      
   2.662286       3.797021         3.016162e-01      
   2.662286       3.840157         2.923536e-01      
   2.662286       3.878333         2.840679e-01      
   2.662286       3.911445         2.768257e-01      
   2.662286       3.939404         2.706777e-01      
   2.662286       3.962134         2.656615e-01      
   2.662286       3.979576         2.618038e-01      
   2.662286       3.991681         2.591227e-01      
   2.662286       3.998420         2.576291e-01      
   2.662286       4.008294         2.554395e-01      
   2.662286       4.043674         2.475856e-01      
   2.662286       4.107227         2.334776e-01      
   2.662286       4.198794         2.132708e-01      
   2.662286       4.318131         1.874504e-01      
   2.662286       4.464916         1.570651e-01      
   2.662286       4.638754         1.239258e-01      
   2.662286       4.839176         9.062470e-02      
   2.662286       5.065642         6.021316e-02      
   2.662286       5.317541         3.547461e-02      
   2.662286       5.594194         1.800602e-02      
   2.662286       5.894856         7.626785e-03      
   2.662286       6.218716         2.616920e-03      
   2.662286       6.564900         7.187199e-04      
   2.662286       6.932477         1.639961e-04      
   2.662286       7.320454         3.404317e-05      
   2.662286       7.727785         6.482744e-06      
   2.662286       8.153374         9.318679e-07      
   2.662286       8.596072         6.756120e-08      
   2.662286       9.054685         -2.232848e-09     
   2.662286       9.527979         -6.874788e-10     
   2.662286       10.014676        -5.235274e-12     
   2.662286       10.513464        4.231789e-12      
   2.662286       11.023000        -3.314749e-14     
   2.662286       11.541909        -3.084608e-14     
   2.662286       12.068793        -3.560524e-16     
   2.662286       12.602230        9.135999e-17      
   2.662286       13.140784        1.974624e-18      
   2.662286       13.683002        -9.699597e-20     
   2.662286       14.227422        -2.104888e-21     
   2.662286       14.772578        4.766560e-23      
   2.662286       15.316998        7.620726e-25      
   2.662286       15.859216        -1.128847e-26     
   2.662286       16.397770        -1.058866e-28     
   2.662286       16.931207        1.305659e-30      
   2.662286       17.458091        2.797988e-33      
   2.662286       17.977000        -4.293503e-35     
   2.662286       18.486536        7.502918e-37      
   2.662286       18.985324        -2.571490e-38     
   2.662286       19.472021        1.719067e-38      
   2.662286       19.945315        2.217608e-36      
   2.662286       20.403928        2.660804e-34      
   2.662286       20.846626        2.868245e-32      
   2.662286       21.272215        2.707533e-30      
   2.662286       21.679546        2.182593e-28      
   2.662286       22.067523        1.466349e-26      
   2.662286       22.435100        8.014060e-25      
   2.662286       22.781284        3.486910e-23      
   2.662286       23.105144        1.179551e-21      
   2.662286       23.405806        3.046768e-20      
   2.662286       23.682459        5.925869e-19      
   2.662286       23.934358        8.371125e-18      
   2.662286       24.160824        8.755552e-17      
   2.662286       24.361246        6.815646e-16      
   2.662286       24.535084        3.550672e-15      
   2.662286       24.681869        1.212140e-14      
   2.662286       24.801206        3.042506e-14      
   2.662286       24.892773        6.774754e-14      
   2.662286       24.956326        1.737968e-13      
   2.662286       24.991706        9.734505e-13      
   2.759340       0.001580         3.109398e-04      
   2.759340       0.008319         1.637411e-03      
   2.759340       0.020424         4.020129e-03      
   2.759340       0.037866         7.453370e-03      
   2.759340       0.060596         1.193107e-02      
   2.759340       0.088555         1.743893e-02      
   2.759340       0.121667         2.395733e-02      
   2.759340       0.159843         3.147060e-02      
   2.759340       0.202979         3.996330e-02      
   2.759340       0.250960         4.941375e-02      
   2.759340       0.303656         5.979740e-02      
   2.759340       0.360925         7.108765e-02      
   2.759340       0.422613         8.325557e-02      
   2.759340       0.488552         9.626998e-02      
   2.759340       0.558567         1.100969e-01      
   2.759340       0.632467         1.246993e-01      
   2.759340       0.710054         1.400360e-01      
   2.759340       0.791119         1.560615e-01      
   2.759340       0.875442         1.727243e-01      
   2.759340       0.962797         1.899663e-01      
   2.759340       1.052948         2.077206e-01      
   2.759340       1.145653         2.259099e-01      
   2.759340       1.240660         2.444450e-01      
   2.759340       1.337714         2.632220e-01      
   2.759340       1.436554         2.821203e-01      
   2.759340       1.536913         3.010002e-01      
   2.759340       1.638520         3.197008e-01      
   2.759340       1.741102         3.380378e-01      
   2.759340       1.844381         3.558016e-01      
   2.759340       1.948080         3.727567e-01      
   2.759340       2.051920         3.886423e-01      
   2.759340       2.155619         4.031751e-01      
   2.759340       2.258898         4.160550e-01      
   2.759340       2.361480         4.269788e-01      
   2.759340       2.463087         4.356609e-01      
   2.759340       2.563446         4.418639e-01      
   2.759340       2.662286         4.454348e-01      
   2.759340       2.759340         4.463364e-01      
   2.759340       2.854347         4.446612e-01      
   2.759340       2.947052         4.406166e-01      
   2.759340       3.037203         4.344908e-01      
   2.759340       3.124558         4.266121e-01      
   2.759340       3.208881         4.173173e-01      
   2.759340       3.289946         4.069335e-01      
   2.759340       3.367533         3.957682e-01      
   2.759340       3.441433         3.841070e-01      
   2.759340       3.511448         3.722120e-01      
   2.759340       3.577387         3.603217e-01      
   2.759340       3.639075         3.486505e-01      
   2.759340       3.696344         3.373884e-01      
   2.759340       3.749040         3.267010e-01      
   2.759340       3.797021         3.167298e-01      
   2.759340       3.840157         3.075935e-01      
   2.759340       3.878333         2.993891e-01      
   2.759340       3.911445         2.921944e-01      
   2.759340       3.939404         2.860699e-01      
   2.759340       3.962134         2.810617e-01      
   2.759340       3.979576         2.772034e-01      
   2.759340       3.991681         2.745185e-01      
   2.759340       3.998420         2.730215e-01      
   2.759340       4.008294         2.708255e-01      
   2.759340       4.043674         2.629332e-01      
   2.759340       4.107227         2.486979e-01      
   2.759340       4.198794         2.281798e-01      
   2.759340       4.318131         2.017426e-01      
   2.759340       4.464916         1.703124e-01      
   2.759340       4.638754         1.356192e-01      
   2.759340       4.839176         1.002731e-01      
   2.759340       5.065642         6.748835e-02      
   2.759340       5.317541         4.035377e-02      
   2.759340       5.594194         2.082454e-02      
   2.759340       5.894856         8.978022e-03      
   2.759340       6.218716         3.133099e-03      
   2.759340       6.564900         8.701201e-04      
   2.759340       6.932477         1.978053e-04      
   2.759340       7.320454         4.025980e-05      
   2.759340       7.727785         7.586138e-06      
   2.759340       8.153374         1.114677e-06      
   2.759340       8.596072         8.844857e-08      
   2.759340       9.054685         -1.335998e-09     
   2.759340       9.527979         -7.758440e-10     
   2.759340       10.014676        -1.647327e-11     
   2.759340       10.513464        4.141772e-12      
   2.759340       11.023000        -1.094510e-14     
   2.759340       11.541909        -3.187107e-14     
   2.759340       12.068793        -4.266126e-16     
   2.759340       12.602230        9.749661e-17      
   2.759340       13.140784        2.251608e-18      
   2.759340       13.683002        -1.039467e-19     
   2.759340       14.227422        -2.397062e-21     
   2.759340       14.772578        5.121272e-23      
   2.759340       15.316998        8.716336e-25      
   2.759340       15.859216        -1.214031e-26     
   2.759340       16.397770        -1.222584e-28     
   2.759340       16.931207        1.400742e-30      
   2.759340       17.458091        3.381945e-33      
   2.759340       17.977000        -4.251569e-35     
   2.759340       18.486536        8.533554e-37      
   2.759340       18.985324        -3.020478e-38     
   2.759340       19.472021        1.495647e-38      
   2.759340       19.945315        1.924664e-36      
   2.759340       20.403928        2.310409e-34      
   2.759340       20.846626        2.491630e-32      
   2.759340       21.272215        2.352981e-30      
   2.759340       21.679546        1.897498e-28      
   2.759340       22.067523        1.275256e-26      
   2.759340       22.435100        6.971908e-25      
   2.759340       22.781284        3.034366e-23      
   2.759340       23.105144        1.026741e-21      
   2.759340       23.405806        2.652719e-20      
   2.759340       23.682459        5.160610e-19      
   2.759340       23.934358        7.291530e-18      
   2.759340       24.160824        7.627821e-17      
   2.759340       24.361246        5.938729e-16      
   2.759340       24.535084        3.094213e-15      
   2.759340       24.681869        1.056431e-14      
   2.759340       24.801206        2.651986e-14      
   2.759340       24.892773        5.905848e-14      
   2.759340       24.956326        1.515159e-13      
   2.759340       24.991706        8.486430e-13      
   2.854347       0.001580         2.940149e-04      
   2.854347       0.008319         1.548284e-03      
   2.854347       0.020424         3.801307e-03      
   2.854347       0.037866         7.047726e-03      
   2.854347       0.060596         1.128175e-02      
   2.854347       0.088555         1.649051e-02      
   2.854347       0.121667         2.265548e-02      
   2.854347       0.159843         2.976227e-02      
   2.854347       0.202979         3.779727e-02      
   2.854347       0.250960         4.674130e-02      
   2.854347       0.303656         5.657274e-02      
   2.854347       0.360925         6.726857e-02      
   2.854347       0.422613         7.880413e-02      
   2.854347       0.488552         9.115328e-02      
   2.854347       0.558567         1.042880e-01      
   2.854347       0.632467         1.181778e-01      
   2.854347       0.710054         1.327894e-01      
   2.854347       0.791119         1.480854e-01      
   2.854347       0.875442         1.640238e-01      
   2.854347       0.962797         1.805569e-01      
   2.854347       1.052948         1.976291e-01      
   2.854347       1.145653         2.151757e-01      
   2.854347       1.240660         2.331205e-01      
   2.854347       1.337714         2.513741e-01      
   2.854347       1.436554         2.698321e-01      
   2.854347       1.536913         2.883717e-01      
   2.854347       1.638520         3.068506e-01      
   2.854347       1.741102         3.251050e-01      
   2.854347       1.844381         3.429478e-01      
   2.854347       1.948080         3.601678e-01      
   2.854347       2.051920         3.765298e-01      
   2.854347       2.155619         3.917768e-01      
   2.854347       2.258898         4.056335e-01      
   2.854347       2.361480         4.178140e-01      
   2.854347       2.463087         4.280357e-01      
   2.854347       2.563446         4.360404e-01      
   2.854347       2.662286         4.416224e-01      
   2.854347       2.759340         4.446612e-01      
   2.854347       2.854347         4.451469e-01      
   2.854347       2.947052         4.431895e-01      
   2.854347       3.037203         4.390033e-01      
   2.854347       3.124558         4.328746e-01      
   2.854347       3.208881         4.251259e-01      
   2.854347       3.289946         4.160870e-01      
   2.854347       3.367533         4.060781e-01      
   2.854347       3.441433         3.954003e-01      
   2.854347       3.511448         3.843323e-01      
   2.854347       3.577387         3.731289e-01      
   2.854347       3.639075         3.620199e-01      
   2.854347       3.696344         3.512104e-01      
   2.854347       3.749040         3.408804e-01      
   2.854347       3.797021         3.311854e-01      
   2.854347       3.840157         3.222572e-01      
   2.854347       3.878333         3.142052e-01      
   2.854347       3.911445         3.071186e-01      
   2.854347       3.939404         3.010680e-01      
   2.854347       3.962134         2.961082e-01      
   2.854347       3.979576         2.922799e-01      
   2.854347       3.991681         2.896122e-01      
   2.854347       3.998420         2.881234e-01      
   2.854347       4.008294         2.859379e-01      
   2.854347       4.043674         2.780672e-01      
   2.854347       4.107227         2.638083e-01      
   2.854347       4.198794         2.431186e-01      
   2.854347       4.318131         2.162268e-01      
   2.854347       4.464916         1.839155e-01      
   2.854347       4.638754         1.478057e-01      
   2.854347       4.839176         1.104938e-01      
   2.854347       5.065642         7.533423e-02      
   2.854347       5.317541         4.571909e-02      
   2.854347       5.594194         2.398981e-02      
   2.854347       5.894856         1.053005e-02      
   2.854347       6.218716         3.739999e-03      
   2.854347       6.564900         1.052093e-03      
   2.854347       6.932477         2.390026e-04      
   2.854347       7.320454         4.777132e-05      
   2.854347       7.727785         8.884131e-06      
   2.854347       8.153374         1.328799e-06      
   2.854347       8.596072         1.137947e-07      
   2.854347       9.054685         -7.157261e-11     
   2.854347       9.527979         -8.620387e-10     
   2.854347       10.014676        -3.003386e-11     
   2.854347       10.513464        3.900481e-12      
   2.854347       11.023000        1.219554e-14      
   2.854347       11.541909        -3.262742e-14     
   2.854347       12.068793        -4.965591e-16     
   2.854347       12.602230        1.037981e-16      
   2.854347       13.140784        2.553071e-18      
   2.854347       13.683002        -1.111446e-19     
   2.854347       14.227422        -2.720957e-21     
   2.854347       14.772578        5.487600e-23      
   2.854347       15.316998        9.940645e-25      
   2.854347       15.859216        -1.301235e-26     
   2.854347       16.397770        -1.406704e-28     
   2.854347       16.931207        1.496091e-30      
   2.854347       17.458091        4.035287e-33      
   2.854347       17.977000        -4.105203e-35     
   2.854347       18.486536        9.724361e-37      
   2.854347       18.985324        -3.543446e-38     
   2.854347       19.472021        1.301772e-38      
   2.854347       19.945315        1.669394e-36      
   2.854347       20.403928        2.004909e-34      
   2.854347       20.846626        2.163102e-32      
   2.854347       21.272215        2.043550e-30      
   2.854347       21.679546        1.648573e-28      
   2.854347       22.067523        1.108336e-26      
   2.854347       22.435100        6.061241e-25      
   2.854347       22.781284        2.638776e-23      
   2.854347       23.105144        8.931178e-22      
   2.854347       23.405806        2.308041e-20      
   2.854347       23.682459        4.491041e-19      
   2.854347       23.934358        6.346696e-18      
   2.854347       24.160824        6.640617e-17      
   2.854347       24.361246        5.170920e-16      
   2.854347       24.535084        2.694485e-15      
   2.854347       24.681869        9.200565e-15      
   2.854347       24.801206        2.309906e-14      
   2.854347       24.892773        5.144594e-14      
   2.854347       24.956326        1.319929e-13      
   2.854347       24.991706        7.392812e-13      
   2.947052       0.001580         2.768491e-04      
   2.947052       0.008319         1.457890e-03      
   2.947052       0.020424         3.579383e-03      
   2.947052       0.037866         6.636315e-03      
   2.947052       0.060596         1.062316e-02      
   2.947052       0.088555         1.552842e-02      
   2.947052       0.121667         2.133468e-02      
   2.947052       0.159843         2.802876e-02      
   2.947052       0.202979         3.559884e-02      
   2.947052       0.250960         4.402815e-02      
   2.947052       0.303656         5.329810e-02      
   2.947052       0.360925         6.338924e-02      
   2.947052       0.422613         7.428114e-02      
   2.947052       0.488552         8.595252e-02      
   2.947052       0.558567         9.838088e-02      
   2.947052       0.632467         1.115423e-01      
   2.947052       0.710054         1.254106e-01      
   2.947052       0.791119         1.399570e-01      
   2.947052       0.875442         1.551486e-01      
   2.947052       0.962797         1.709474e-01      
   2.947052       1.052948         1.873088e-01      
   2.947052       1.145653         2.041799e-01      
   2.947052       1.240660         2.214972e-01      
   2.947052       1.337714         2.391852e-01      
   2.947052       1.436554         2.571537e-01      
   2.947052       1.536913         2.752959e-01      
   2.947052       1.638520         2.934863e-01      
   2.947052       1.741102         3.115788e-01      
   2.947052       1.844381         3.294056e-01      
   2.947052       1.948080         3.467762e-01      
   2.947052       2.051920         3.634774e-01      
   2.947052       2.155619         3.792744e-01      
   2.947052       2.258898         3.939140e-01      
   2.947052       2.361480         4.071297e-01      
   2.947052       2.463087         4.186508e-01      
   2.947052       2.563446         4.282163e-01      
   2.947052       2.662286         4.355961e-01      
   2.947052       2.759340         4.406166e-01      
   2.947052       2.854347         4.431895e-01      
   2.947052       2.947052         4.433316e-01      
   2.947052       3.037203         4.411699e-01      
   2.947052       3.124558         4.369250e-01      
   2.947052       3.208881         4.308812e-01      
   2.947052       3.289946         4.233545e-01      
   2.947052       3.367533         4.146667e-01      
   2.947052       3.441433         4.051294e-01      
   2.947052       3.511448         3.950355e-01      
   2.947052       3.577387         3.846551e-01      
   2.947052       3.639075         3.742336e-01      
   2.947052       3.696344         3.639910e-01      
   2.947052       3.749040         3.541221e-01      
   2.947052       3.797021         3.447963e-01      
   2.947052       3.840157         3.361586e-01      
   2.947052       3.878333         3.283311e-01      
   2.947052       3.911445         3.214142e-01      
   2.947052       3.939404         3.154890e-01      
   2.947052       3.962134         3.106189e-01      
   2.947052       3.979576         3.068520e-01      
   2.947052       3.991681         3.042232e-01      
   2.947052       3.998420         3.027548e-01      
   2.947052       4.008294         3.005974e-01      
   2.947052       4.043674         2.928104e-01      
   2.947052       4.107227         2.786364e-01      
   2.947052       4.198794         2.579236e-01      
   2.947052       4.318131         2.307537e-01      
   2.947052       4.464916         1.977462e-01      
   2.947052       4.638754         1.603856e-01      
   2.947052       4.839176         1.212217e-01      
   2.947052       5.065642         8.372000e-02      
   2.947052       5.317541         5.156734e-02      
   2.947052       5.594194         2.751390e-02      
   2.947052       5.894856         1.229765e-02      
   2.947052       6.218716         4.447770e-03      
   2.947052       6.564900         1.269212e-03      
   2.947052       6.932477         2.889458e-04      
   2.947052       7.320454         5.683671e-05      
   2.947052       7.727785         1.041017e-05      
   2.947052       8.153374         1.578389e-06      
   2.947052       8.596072         1.442470e-07      
   2.947052       9.054685         1.640058e-09      
   2.947052       9.527979         -9.415244e-10     
   2.947052       10.014676        -4.606671e-11     
   2.947052       10.513464        3.472317e-12      
   2.947052       11.023000        3.504114e-14      
   2.947052       11.541909        -3.306557e-14     
   2.947052       12.068793        -5.627242e-16     
   2.947052       12.602230        1.102651e-16      
   2.947052       13.140784        2.878241e-18      
   2.947052       13.683002        -1.185774e-19     
   2.947052       14.227422        -3.077769e-21     
   2.947052       14.772578        5.863653e-23      
   2.947052       15.316998        1.130043e-24      
   2.947052       15.859216        -1.389628e-26     
   2.947052       16.397770        -1.612381e-28     
   2.947052       16.931207        1.590143e-30      
   2.947052       17.458091        4.757192e-33      
   2.947052       17.977000        -3.830665e-35     
   2.947052       18.486536        1.109828e-36      
   2.947052       18.985324        -4.149776e-38     
   2.947052       19.472021        1.133735e-38      
   2.947052       19.945315        1.446972e-36      
   2.947052       20.403928        1.738571e-34      
   2.947052       20.846626        1.876538e-32      
   2.947052       21.272215        1.773513e-30      
   2.947052       21.679546        1.431240e-28      
   2.947052       22.067523        9.625394e-27      
   2.947052       22.435100        5.265498e-25      
   2.947052       22.781284        2.292982e-23      
   2.947052       23.105144        7.762760e-22      
   2.947052       23.405806        2.006556e-20      
   2.947052       23.682459        3.905211e-19      
   2.947052       23.934358        5.519819e-18      
   2.947052       24.160824        5.776448e-17      
   2.947052       24.361246        4.498657e-16      
   2.947052       24.535084        2.344444e-15      
   2.947052       24.681869        8.006171e-15      
   2.947052       24.801206        2.010262e-14      
   2.947052       24.892773        4.477665e-14      
   2.947052       24.956326        1.148869e-13      
   2.947052       24.991706        6.434569e-13      
   3.037203       0.001580         2.596686e-04      
   3.037203       0.008319         1.367418e-03      
   3.037203       0.020424         3.357273e-03      
   3.037203       0.037866         6.224558e-03      
   3.037203       0.060596         9.964009e-03      
   3.037203       0.088555         1.456547e-02      
   3.037203       0.121667         2.001266e-02      
   3.037203       0.159843         2.629357e-02      
   3.037203       0.202979         3.339811e-02      
   3.037203       0.250960         4.131184e-02      
   3.037203       0.303656         5.001898e-02      
   3.037203       0.360925         5.950351e-02      
   3.037203       0.422613         6.974901e-02      
   3.037203       0.488552         8.073884e-02      
   3.037203       0.558567         9.245584e-02      
   3.037203       0.632467         1.048822e-01      
   3.037203       0.710054         1.179987e-01      
   3.037203       0.791119         1.317845e-01      
   3.037203       0.875442         1.462154e-01      
   3.037203       0.962797         1.612628e-01      
   3.037203       1.052948         1.768924e-01      
   3.037203       1.145653         1.930626e-01      
   3.037203       1.240660         2.097222e-01      
   3.037203       1.337714         2.268085e-01      
   3.037203       1.436554         2.442449e-01      
   3.037203       1.536913         2.619392e-01      
   3.037203       1.638520         2.797813e-01      
   3.037203       1.741102         2.976416e-01      
   3.037203       1.844381         3.153690e-01      
   3.037203       1.948080         3.327911e-01      
   3.037203       2.051920         3.497134e-01      
   3.037203       2.155619         3.659204e-01      
   3.037203       2.258898         3.811780e-01      
   3.037203       2.361480         3.952378e-01      
   3.037203       2.463087         4.078433e-01      
   3.037203       2.563446         4.187398e-01      
   3.037203       2.662286         4.276894e-01      
   3.037203       2.759340         4.344908e-01      
   3.037203       2.854347         4.390033e-01      
   3.037203       2.947052         4.411699e-01      
   3.037203       3.037203         4.410337e-01      
   3.037203       3.124558         4.387377e-01      
   3.037203       3.208881         4.345082e-01      
   3.037203       3.289946         4.286271e-01      
   3.037203       3.367533         4.214032e-01      
   3.037203       3.441433         4.131492e-01      
   3.037203       3.511448         4.041668e-01      
   3.037203       3.577387         3.947388e-01      
   3.037203       3.639075         3.851251e-01      
   3.037203       3.696344         3.755602e-01      
   3.037203       3.749040         3.662533e-01      
   3.037203       3.797021         3.573876e-01      
   3.037203       3.840157         3.491217e-01      
   3.037203       3.878333         3.415898e-01      
   3.037203       3.911445         3.349040e-01      
   3.037203       3.939404         3.291554e-01      
   3.037203       3.962134         3.244165e-01      
   3.037203       3.979576         3.207427e-01      
   3.037203       3.991681         3.181746e-01      
   3.037203       3.998420         3.167387e-01      
   3.037203       4.008294         3.146270e-01      
   3.037203       4.043674         3.069867e-01      
   3.037203       4.107227         2.930084e-01      
   3.037203       4.198794         2.724259e-01      
   3.037203       4.318131         2.451642e-01      
   3.037203       4.464916         2.116628e-01      
   3.037203       4.638754         1.732430e-01      
   3.037203       4.839176         1.323737e-01      
   3.037203       5.065642         9.259836e-02      
   3.037203       5.317541         5.788267e-02      
   3.037203       5.594194         3.140127e-02      
   3.037203       5.894856         1.429236e-02      
   3.037203       6.218716         5.265771e-03      
   3.037203       6.564900         1.526096e-03      
   3.037203       6.932477         3.490945e-04      
   3.037203       7.320454         6.774699e-05      
   3.037203       7.727785         1.220198e-05      
   3.037203       8.153374         1.867818e-06      
   3.037203       8.596072         1.804688e-07      
   3.037203       9.054685         3.884964e-09      
   3.037203       9.527979         -1.008712e-09     
   3.037203       10.014676        -6.465917e-11     
   3.037203       10.513464        2.820026e-12      
   3.037203       11.023000        5.600947e-14      
   3.037203       11.541909        -3.314213e-14     
   3.037203       12.068793        -6.213667e-16     
   3.037203       12.602230        1.169092e-16      
   3.037203       13.140784        3.225763e-18      
   3.037203       13.683002        -1.262354e-19     
   3.037203       14.227422        -3.468236e-21     
   3.037203       14.772578        6.247310e-23      
   3.037203       15.316998        1.280077e-24      
   3.037203       15.859216        -1.478246e-26     
   3.037203       16.397770        -1.840483e-28     
   3.037203       16.931207        1.681110e-30      
   3.037203       17.458091        5.544511e-33      
   3.037203       17.977000        -3.402647e-35     
   3.037203       18.486536        1.267940e-36      
   3.037203       18.985324        -4.848897e-38     
   3.037203       19.472021        9.884731e-39      
   3.037203       19.945315        1.253401e-36      
   3.037203       20.403928        1.506650e-34      
   3.037203       20.846626        1.626874e-32      
   3.037203       21.272215        1.538130e-30      
   3.037203       21.679546        1.241711e-28      
   3.037203       22.067523        8.353410e-27      
   3.037203       22.435100        4.570992e-25      
   3.037203       22.781284        1.991070e-23      
   3.037203       23.105144        6.742275e-22      
   3.037203       23.405806        1.743159e-20      
   3.037203       23.682459        3.393249e-19      
   3.037203       23.934358        4.797023e-18      
   3.037203       24.160824        5.020871e-17      
   3.037203       24.361246        3.910748e-16      
   3.037203       24.535084        2.038277e-15      
   3.037203       24.681869        6.961338e-15      
   3.037203       24.801206        1.748099e-14      
   3.037203       24.892773        3.894070e-14      
   3.037203       24.956326        9.991657e-14      
   3.037203       24.991706        5.595957e-13      
   3.124558       0.001580         2.427013e-04      
   3.124558       0.008319         1.278068e-03      
   3.124558       0.020424         3.137926e-03      
   3.124558       0.037866         5.817924e-03      
   3.124558       0.060596         9.313070e-03      
   3.124558       0.088555         1.361449e-02      
   3.124558       0.121667         1.870709e-02      
   3.124558       0.159843         2.458002e-02      
   3.124558       0.202979         3.122479e-02      
   3.124558       0.250960         3.862912e-02      
   3.124558       0.303656         4.677986e-02      
   3.124558       0.360925         5.566407e-02      
   3.124558       0.422613         6.526902e-02      
   3.124558       0.488552         7.558244e-02      
   3.124558       0.558567         8.659227e-02      
   3.124558       0.632467         9.828645e-02      
   3.124558       0.710054         1.106523e-01      
   3.124558       0.791119         1.236761e-01      
   3.124558       0.875442         1.373417e-01      
   3.124558       0.962797         1.516296e-01      
   3.124558       1.052948         1.665153e-01      
   3.124558       1.145653         1.819677e-01      
   3.124558       1.240660         1.979470e-01      
   3.124558       1.337714         2.144026e-01      
   3.124558       1.436554         2.312712e-01      
   3.124558       1.536913         2.484740e-01      
   3.124558       1.638520         2.659155e-01      
   3.124558       1.741102         2.834807e-01      
   3.124558       1.844381         3.010345e-01      
   3.124558       1.948080         3.184202e-01      
   3.124558       2.051920         3.354600e-01      
   3.124558       2.155619         3.519551e-01      
   3.124558       2.258898         3.676882e-01      
   3.124558       2.361480         3.824265e-01      
   3.124558       2.463087         3.959275e-01      
   3.124558       2.563446         4.079461e-01      
   3.124558       2.662286         4.182454e-01      
   3.124558       2.759340         4.266121e-01      
   3.124558       2.854347         4.328746e-01      
   3.124558       2.947052         4.369250e-01      
   3.124558       3.037203         4.387377e-01      
   3.124558       3.124558         4.383804e-01      
   3.124558       3.208881         4.360115e-01      
   3.124558       3.289946         4.318621e-01      
   3.124558       3.367533         4.262111e-01      
   3.124558       3.441433         4.193593e-01      
   3.124558       3.511448         4.116090e-01      
   3.124558       3.577387         4.032509e-01      
   3.124558       3.639075         3.945562e-01      
   3.124558       3.696344         3.857727e-01      
   3.124558       3.749040         3.771232e-01      
   3.124558       3.797021         3.688045e-01      
   3.124558       3.840157         3.609880e-01      
   3.124558       3.878333         3.538204e-01      
   3.124558       3.911445         3.474248e-01      
   3.124558       3.939404         3.419028e-01      
   3.124558       3.962134         3.373354e-01      
   3.124558       3.979576         3.337857e-01      
   3.124558       3.991681         3.312997e-01      
   3.124558       3.998420         3.299081e-01      
   3.124558       4.008294         3.278595e-01      
   3.124558       4.043674         3.204279e-01      
   3.124558       4.107227         3.067554e-01      
   3.124558       4.198794         2.864578e-01      
   3.124558       4.318131         2.592959e-01      
   3.124558       4.464916         2.255148e-01      
   3.124558       4.638754         1.862482e-01      
   3.124558       4.839176         1.438501e-01      
   3.124558       5.065642         1.019054e-01      
   3.124558       5.317541         6.463546e-02      
   3.124558       5.594194         3.564728e-02      
   3.124558       5.894856         1.652119e-02      
   3.124558       6.218716         6.201911e-03      
   3.124558       6.564900         1.827167e-03      
   3.124558       6.932477         4.209586e-04      
   3.124558       7.320454         8.081912e-05      
   3.124558       7.727785         1.430116e-05      
   3.124558       8.153374         2.201574e-06      
   3.124558       8.596072         2.231133e-07      
   3.124558       9.054685         6.752911e-09      
   3.124558       9.527979         -1.057009e-09     
   3.124558       10.014676        -8.581743e-11     
   3.124558       10.513464        1.906378e-12      
   3.124558       11.023000        7.318175e-14      
   3.124558       11.541909        -3.282379e-14     
   3.124558       12.068793        -6.682746e-16     
   3.124558       12.602230        1.237553e-16      
   3.124558       13.140784        3.593695e-18      
   3.124558       13.683002        -1.341123e-19     
   3.124558       14.227422        -3.892546e-21     
   3.124558       14.772578        6.636265e-23      
   3.124558       15.316998        1.444450e-24      
   3.124558       15.859216        -1.566020e-26     
   3.124558       16.397770        -2.091502e-28     
   3.124558       16.931207        1.767020e-30      
   3.124558       17.458091        6.391479e-33      
   3.124558       17.977000        -2.795159e-35     
   3.124558       18.486536        1.449210e-36      
   3.124558       18.985324        -5.649868e-38     
   3.124558       19.472021        8.633815e-39      
   3.124558       19.945315        1.085278e-36      
   3.124558       20.403928        1.305107e-34      
   3.124558       20.846626        1.409797e-32      
   3.124558       21.272215        1.333372e-30      
   3.124558       21.679546        1.076766e-28      
   3.124558       22.067523        7.245949e-27      
   3.124558       22.435100        3.966079e-25      
   3.124558       22.781284        1.728011e-23      
   3.124558       23.105144        5.852823e-22      
   3.124558       23.405806        1.513513e-20      
   3.124558       23.682459        2.946764e-19      
   3.124558       23.934358        4.166514e-18      
   3.124558       24.160824        4.361609e-17      
   3.124558       24.361246        3.397675e-16      
   3.124558       24.535084        1.771042e-15      
   3.124558       24.681869        6.049240e-15      
   3.124558       24.801206        1.519208e-14      
   3.124558       24.892773        3.384463e-14      
   3.124558       24.956326        8.684290e-14      
   3.124558       24.991706        4.863588e-13      
   3.208881       0.001580         2.261725e-04      
   3.208881       0.008319         1.191028e-03      
   3.208881       0.020424         2.924246e-03      
   3.208881       0.037866         5.421794e-03      
   3.208881       0.060596         8.678944e-03      
   3.208881       0.088555         1.268802e-02      
   3.208881       0.121667         1.743507e-02      
   3.208881       0.159843         2.291034e-02      
   3.208881       0.202979         2.910683e-02      
   3.208881       0.250960         3.601427e-02      
   3.208881       0.303656         4.362190e-02      
   3.208881       0.360925         5.191961e-02      
   3.208881       0.422613         6.089804e-02      
   3.208881       0.488552         7.054890e-02      
   3.208881       0.558567         8.086478e-02      
   3.208881       0.632467         9.183888e-02      
   3.208881       0.710054         1.034645e-01      
   3.208881       0.791119         1.157343e-01      
   3.208881       0.875442         1.286397e-01      
   3.208881       0.962797         1.421695e-01      
   3.208881       1.052948         1.563083e-01      
   3.208881       1.145653         1.710348e-01      
   3.208881       1.240660         1.863199e-01      
   3.208881       1.337714         2.021244e-01      
   3.208881       1.436554         2.183972e-01      
   3.208881       1.536913         2.350727e-01      
   3.208881       1.638520         2.520684e-01      
   3.208881       1.741102         2.692837e-01      
   3.208881       1.844381         2.865978e-01      
   3.208881       1.948080         3.038690e-01      
   3.208881       2.051920         3.209341e-01      
   3.208881       2.155619         3.376095e-01      
   3.208881       2.258898         3.536925e-01      
   3.208881       2.361480         3.689645e-01      
   3.208881       2.463087         3.831953e-01      
   3.208881       2.563446         3.961498e-01      
   3.208881       2.662286         4.075962e-01      
   3.208881       2.759340         4.173173e-01      
   3.208881       2.854347         4.251259e-01      
   3.208881       2.947052         4.308812e-01      
   3.208881       3.037203         4.345082e-01      
   3.208881       3.124558         4.360115e-01      
   3.208881       3.208881         4.354826e-01      
   3.208881       3.289946         4.330935e-01      
   3.208881       3.367533         4.290795e-01      
   3.208881       3.441433         4.237154e-01      
   3.208881       3.511448         4.172932e-01      
   3.208881       3.577387         4.101038e-01      
   3.208881       3.639075         4.024254e-01      
   3.208881       3.696344         3.945162e-01      
   3.208881       3.749040         3.866110e-01      
   3.208881       3.797021         3.789190e-01      
   3.208881       3.840157         3.716241e-01      
   3.208881       3.878333         3.648848e-01      
   3.208881       3.911445         3.588352e-01      
   3.208881       3.939404         3.535867e-01      
   3.208881       3.962134         3.492292e-01      
   3.208881       3.979576         3.458328e-01      
   3.208881       3.991681         3.434494e-01      
   3.208881       3.998420         3.421134e-01      
   3.208881       4.008294         3.401446e-01      
   3.208881       4.043674         3.329812e-01      
   3.208881       4.107227         3.197208e-01      
   3.208881       4.198794         2.998595e-01      
   3.208881       4.318131         2.729888e-01      
   3.208881       4.464916         2.391481e-01      
   3.208881       4.638754         1.992622e-01      
   3.208881       4.839176         1.555374e-01      
   3.208881       5.065642         1.115614e-01      
   3.208881       5.317541         7.178169e-02      
   3.208881       5.594194         4.023689e-02      
   3.208881       5.894856         1.898548e-02      
   3.208881       6.218716         7.261909e-03      
   3.208881       6.564900         2.176354e-03      
   3.208881       6.932477         5.060215e-04      
   3.208881       7.320454         9.638477e-05      
   3.208881       7.727785         1.675207e-05      
   3.208881       8.153374         2.584106e-06      
   3.208881       8.596072         2.727910e-07      
   3.208881       9.054685         1.033341e-08      
   3.208881       9.527979         -1.078971e-09     
   3.208881       10.014676        -1.094493e-10     
   3.208881       10.513464        6.963303e-13      
   3.208881       11.023000        8.434920e-14      
   3.208881       11.541909        -3.209131e-14     
   3.208881       12.068793        -6.989358e-16     
   3.208881       12.602230        1.308420e-16      
   3.208881       13.140784        3.979534e-18      
   3.208881       13.683002        -1.422054e-19     
   3.208881       14.227422        -4.350231e-21     
   3.208881       14.772578        7.028087e-23      
   3.208881       15.316998        1.623171e-24      
   3.208881       15.859216        -1.651799e-26     
   3.208881       16.397770        -2.365455e-28     
   3.208881       16.931207        1.845782e-30      
   3.208881       17.458091        7.289545e-33      
   3.208881       17.977000        -1.982739e-35     
   3.208881       18.486536        1.655977e-36      
   3.208881       18.985324        -6.560834e-38     
   3.208881       19.472021        7.561921e-39      
   3.208881       19.945315        9.396429e-37      
   3.208881       20.403928        1.130424e-34      
   3.208881       20.846626        1.221554e-32      
   3.208881       21.272215        1.155726e-30      
   3.208881       21.679546        9.335983e-29      
   3.208881       22.067523        6.284306e-27      
   3.208881       22.435100        3.440615e-25      
   3.208881       22.781284        1.499422e-23      
   3.208881       23.105144        5.079669e-22      
   3.208881       23.405806        1.313835e-20      
   3.208881       23.682459        2.558437e-19      
   3.208881       23.934358        3.618003e-18      
   3.208881       24.160824        3.787953e-17      
   3.208881       24.361246        2.951138e-16      
   3.208881       24.535084        1.538427e-15      
   3.208881       24.681869        5.255198e-15      
   3.208881       24.801206        1.319914e-14      
   3.208881       24.892773        2.940689e-14      
   3.208881       24.956326        7.545717e-14      
   3.208881       24.991706        4.225774e-13      
   3.289946       0.001580         2.102781e-04      
   3.289946       0.008319         1.107328e-03      
   3.289946       0.020424         2.718762e-03      
   3.289946       0.037866         5.040855e-03      
   3.289946       0.060596         8.069125e-03      
   3.289946       0.088555         1.179696e-02      
   3.289946       0.121667         1.621152e-02      
   3.289946       0.159843         2.130403e-02      
   3.289946       0.202979         2.706881e-02      
   3.289946       0.250960         3.349745e-02      
   3.289946       0.303656         4.058139e-02      
   3.289946       0.360925         4.831314e-02      
   3.289946       0.422613         5.668640e-02      
   3.289946       0.488552         6.569640e-02      
   3.289946       0.558567         7.533974e-02      
   3.289946       0.632467         8.561432e-02      
   3.289946       0.710054         9.651870e-02      
   3.289946       0.791119         1.080517e-01      
   3.289946       0.875442         1.202113e-01      
   3.289946       0.962797         1.329938e-01      
   3.289946       1.052948         1.463920e-01      
   3.289946       1.145653         1.603937e-01      
   3.289946       1.240660         1.749797e-01      
   3.289946       1.337714         1.901215e-01      
   3.289946       1.436554         2.057794e-01      
   3.289946       1.536913         2.218998e-01      
   3.289946       1.638520         2.384132e-01      
   3.289946       1.741102         2.552320e-01      
   3.289946       1.844381         2.722491e-01      
   3.289946       1.948080         2.893366e-01      
   3.289946       2.051920         3.063452e-01      
   3.289946       2.155619         3.231048e-01      
   3.289946       2.258898         3.394263e-01      
   3.289946       2.361480         3.551036e-01      
   3.289946       2.463087         3.699178e-01      
   3.289946       2.563446         3.836431e-01      
   3.289946       2.662286         3.960538e-01      
   3.289946       2.759340         4.069335e-01      
   3.289946       2.854347         4.160870e-01      
   3.289946       2.947052         4.233545e-01      
   3.289946       3.037203         4.286271e-01      
   3.289946       3.124558         4.318621e-01      
   3.289946       3.208881         4.330935e-01      
   3.289946       3.289946         4.324348e-01      
   3.289946       3.367533         4.300702e-01      
   3.289946       3.441433         4.262376e-01      
   3.289946       3.511448         4.212069e-01      
   3.289946       3.577387         4.152603e-01      
   3.289946       3.639075         4.086762e-01      
   3.289946       3.696344         4.017191e-01      
   3.289946       3.749040         3.946328e-01      
   3.289946       3.797021         3.876375e-01      
   3.289946       3.840157         3.809284e-01      
   3.289946       3.878333         3.746749e-01      
   3.289946       3.911445         3.690217e-01      
   3.289946       3.939404         3.640897e-01      
   3.289946       3.962134         3.599771e-01      
   3.289946       3.979576         3.567610e-01      
   3.289946       3.991681         3.544988e-01      
   3.289946       3.998420         3.532290e-01      
   3.289946       4.008294         3.513553e-01      
   3.289946       4.043674         3.445153e-01      
   3.289946       4.107227         3.317667e-01      
   3.289946       4.198794         3.124856e-01      
   3.289946       4.318131         2.860917e-01      
   3.289946       4.464916         2.524108e-01      
   3.289946       4.638754         2.121412e-01      
   3.289946       4.839176         1.673114e-01      
   3.289946       5.065642         1.214724e-01      
   3.289946       5.317541         7.926300e-02      
   3.289946       5.594194         4.514374e-02      
   3.289946       5.894856         2.167973e-02      
   3.289946       6.218716         8.448516e-03      
   3.289946       6.564900         2.576740e-03      
   3.289946       6.932477         6.056407e-04      
   3.289946       7.320454         1.147731e-04      
   3.289946       7.727785         1.960006e-05      
   3.289946       8.153374         3.019598e-06      
   3.289946       8.596072         3.300288e-07      
   3.289946       9.054685         1.471049e-08      
   3.289946       9.527979         -1.066580e-09     
   3.289946       10.014676        -1.353508e-10     
   3.289946       10.513464        -8.403874e-13     
   3.289946       11.023000        8.709953e-14      
   3.289946       11.541909        -3.094311e-14     
   3.289946       12.068793        -7.087750e-16     
   3.289946       12.602230        1.382211e-16      
   3.289946       13.140784        4.380280e-18      
   3.289946       13.683002        -1.505150e-19     
   3.289946       14.227422        -4.840069e-21     
   3.289946       14.772578        7.420272e-23      
   3.289946       15.316998        1.815915e-24      
   3.289946       15.859216        -1.734391e-26     
   3.289946       16.397770        -2.661799e-28     
   3.289946       16.931207        1.915268e-30      
   3.289946       17.458091        8.227359e-33      
   3.289946       17.977000        -9.419991e-36     
   3.289946       18.486536        1.890324e-36      
   3.289946       18.985324        -7.588366e-38     
   3.289946       19.472021        6.648932e-39      
   3.289946       19.945315        8.138729e-37      
   3.289946       20.403928        9.794875e-35      
   3.289946       20.846626        1.058819e-32      
   3.289946       21.272215        1.002080e-30      
   3.289946       21.679546        8.097189e-29      
   3.289946       22.067523        5.451888e-27      
   3.289946       22.435100        2.985595e-25      
   3.289946       22.781284        1.301410e-23      
   3.289946       23.105144        4.409729e-22      
   3.289946       23.405806        1.140763e-20      
   3.289946       23.682459        2.221767e-19      
   3.289946       23.934358        3.142348e-18      
   3.289946       24.160824        3.290382e-17      
   3.289946       24.361246        2.563753e-16      
   3.289946       24.535084        1.336598e-15      
   3.289946       24.681869        4.566154e-15      
   3.289946       24.801206        1.146950e-14      
   3.289946       24.892773        2.555493e-14      
   3.289946       24.956326        6.557356e-14      
   3.289946       24.991706        3.672111e-13      
   3.367533       0.001580         1.951717e-04      
   3.367533       0.008319         1.027778e-03      
   3.367533       0.020424         2.523461e-03      
   3.367533       0.037866         4.678795e-03      
   3.367533       0.060596         7.489529e-03      
   3.367533       0.088555         1.095000e-02      
   3.367533       0.121667         1.504841e-02      
   3.367533       0.159843         1.977688e-02      
   3.367533       0.202979         2.513091e-02      
   3.367533       0.250960         3.110372e-02      
   3.367533       0.303656         3.768877e-02      
   3.367533       0.360925         4.488090e-02      
   3.367533       0.422613         5.267651e-02      
   3.367533       0.488552         6.107389e-02      
   3.367533       0.558567         7.007318e-02      
   3.367533       0.632467         7.967629e-02      
   3.367533       0.710054         8.988649e-02      
   3.367533       0.791119         1.007079e-01      
   3.367533       0.875442         1.121445e-01      
   3.367533       0.962797         1.241992e-01      
   3.367533       1.052948         1.368721e-01      
   3.367533       1.145653         1.501593e-01      
   3.367533       1.240660         1.640505e-01      
   3.367533       1.337714         1.785273e-01      
   3.367533       1.436554         1.935602e-01      
   3.367533       1.536913         2.091071e-01      
   3.367533       1.638520         2.251105e-01      
   3.367533       1.741102         2.414953e-01      
   3.367533       1.844381         2.581672e-01      
   3.367533       1.948080         2.750113e-01      
   3.367533       2.051920         2.918915e-01      
   3.367533       2.155619         3.086506e-01      
   3.367533       2.258898         3.251116e-01      
   3.367533       2.361480         3.410800e-01      
   3.367533       2.463087         3.563475e-01      
   3.367533       2.563446         3.706968e-01      
   3.367533       2.662286         3.839083e-01      
   3.367533       2.759340         3.957682e-01      
   3.367533       2.854347         4.060781e-01      
   3.367533       2.947052         4.146667e-01      
   3.367533       3.037203         4.214032e-01      
   3.367533       3.124558         4.262111e-01      
   3.367533       3.208881         4.290795e-01      
   3.367533       3.289946         4.300702e-01      
   3.367533       3.367533         4.293167e-01      
   3.367533       3.441433         4.270135e-01      
   3.367533       3.511448         4.233997e-01      
   3.367533       3.577387         4.187391e-01      
   3.367533       3.639075         4.133030e-01      
   3.367533       3.696344         4.073560e-01      
   3.367533       3.749040         4.011477e-01      
   3.367533       3.797021         3.949064e-01      
   3.367533       3.840157         3.888368e-01      
   3.367533       3.878333         3.831181e-01      
   3.367533       3.911445         3.779048e-01      
   3.367533       3.939404         3.733266e-01      
   3.367533       3.962134         3.694896e-01      
   3.367533       3.979576         3.664777e-01      
   3.367533       3.991681         3.643534e-01      
   3.367533       3.998420         3.631590e-01      
   3.367533       4.008294         3.613941e-01      
   3.367533       4.043674         3.549267e-01      
   3.367533       4.107227         3.427798e-01      
   3.367533       4.198794         3.242111e-01      
   3.367533       4.318131         2.984682e-01      
   3.367533       4.464916         2.651589e-01      
   3.367533       4.638754         2.247419e-01      
   3.367533       4.839176         1.790414e-01      
   3.367533       5.065642         1.315330e-01      
   3.367533       5.317541         8.700757e-02      
   3.367533       5.594194         5.032976e-02      
   3.367533       5.894856         2.459072e-02      
   3.367533       6.218716         9.760750e-03      
   3.367533       6.564900         3.030179e-03      
   3.367533       6.932477         7.209241e-04      
   3.367533       7.320454         1.362873e-04      
   3.367533       7.727785         2.288860e-05      
   3.367533       8.153374         3.511671e-06      
   3.367533       8.596072         3.952212e-07      
   3.367533       9.054685         1.995623e-08      
   3.367533       9.527979         -1.011654e-09     
   3.367533       10.014676        -1.631993e-10     
   3.367533       10.513464        -2.726434e-12     
   3.367533       11.023000        7.894691e-14      
   3.367533       11.541909        -2.939777e-14     
   3.367533       12.068793        -6.934511e-16     
   3.367533       12.602230        1.459536e-16      
   3.367533       13.140784        4.792509e-18      
   3.367533       13.683002        -1.590425e-19     
   3.367533       14.227422        -5.359992e-21     
   3.367533       14.772578        7.810290e-23      
   3.367533       15.316998        2.021972e-24      
   3.367533       15.859216        -1.812611e-26     
   3.367533       16.397770        -2.979334e-28     
   3.367533       16.931207        1.973421e-30      
   3.367533       17.458091        9.190960e-33      
   3.367533       17.977000        3.465449e-36      
   3.367533       18.486536        2.153874e-36      
   3.367533       18.985324        -8.736689e-38     
   3.367533       19.472021        5.876756e-39      
   3.367533       19.945315        7.056212e-37      
   3.367533       20.403928        8.495063e-35      
   3.367533       20.846626        9.186093e-33      
   3.367533       21.272215        8.696423e-31      
   3.367533       21.679546        7.028944e-29      
   3.367533       22.067523        4.733798e-27      
   3.367533       22.435100        2.592930e-25      
   3.367533       22.781284        1.130478e-23      
   3.367533       23.105144        3.831235e-22      
   3.367533       23.405806        9.912744e-21      
   3.367533       23.682459        1.930900e-19      
   3.367533       23.934358        2.731315e-18      
   3.367533       24.160824        2.860321e-17      
   3.367533       24.361246        2.228869e-16      
   3.367533       24.535084        1.162098e-15      
   3.367533       24.681869        3.970336e-15      
   3.367533       24.801206        9.973674e-15      
   3.367533       24.892773        2.222328e-14      
   3.367533       24.956326        5.702447e-14      
   3.367533       24.991706        3.193210e-13      
   3.441433       0.001580         1.809712e-04      
   3.441433       0.008319         9.529979e-04      
   3.441433       0.020424         2.339867e-03      
   3.441433       0.037866         4.338440e-03      
   3.441433       0.060596         6.944690e-03      
   3.441433       0.088555         1.015381e-02      
   3.441433       0.121667         1.395497e-02      
   3.441433       0.159843         1.834114e-02      
   3.441433       0.202979         2.330883e-02      
   3.441433       0.250960         2.885273e-02      
   3.441433       0.303656         3.496800e-02      
   3.441433       0.360925         4.165151e-02      
   3.441433       0.422613         4.890195e-02      
   3.441433       0.488552         5.672032e-02      
   3.441433       0.558567         6.510977e-02      
   3.441433       0.632467         7.407573e-02      
   3.441433       0.710054         8.362548e-02      
   3.441433       0.791119         9.376769e-02      
   3.441433       0.875442         1.045116e-01      
   3.441433       0.962797         1.158657e-01      
   3.441433       1.052948         1.278369e-01      
   3.441433       1.145653         1.404284e-01      
   3.441433       1.240660         1.536382e-01      
   3.441433       1.337714         1.674565e-01      
   3.441433       1.436554         1.818638e-01      
   3.441433       1.536913         1.968283e-01      
   3.441433       1.638520         2.123037e-01      
   3.441433       1.741102         2.282267e-01      
   3.441433       1.844381         2.445150e-01      
   3.441433       1.948080         2.610661e-01      
   3.441433       2.051920         2.777565e-01      
   3.441433       2.155619         2.944411e-01      
   3.441433       2.258898         3.109545e-01      
   3.441433       2.361480         3.271132e-01      
   3.441433       2.463087         3.427184e-01      
   3.441433       2.563446         3.575610e-01      
   3.441433       2.662286         3.714275e-01      
   3.441433       2.759340         3.841070e-01      
   3.441433       2.854347         3.954003e-01      
   3.441433       2.947052         4.051294e-01      
   3.441433       3.037203         4.131492e-01      
   3.441433       3.124558         4.193593e-01      
   3.441433       3.208881         4.237154e-01      
   3.441433       3.289946         4.262376e-01      
   3.441433       3.367533         4.270135e-01      
   3.441433       3.441433         4.261943e-01      
   3.441433       3.511448         4.239827e-01      
   3.441433       3.577387         4.206172e-01      
   3.441433       3.639075         4.163541e-01      
   3.441433       3.696344         4.114523e-01      
   3.441433       3.749040         4.061620e-01      
   3.441433       3.797021         4.007164e-01      
   3.441433       3.840157         3.953271e-01      
   3.441433       3.878333         3.901819e-01      
   3.441433       3.911445         3.854434e-01      
   3.441433       3.939404         3.812494e-01      
   3.441433       3.962134         3.777134e-01      
   3.441433       3.979576         3.749254e-01      
   3.441433       3.991681         3.729529e-01      
   3.441433       3.998420         3.718418e-01      
   3.441433       4.008294         3.701971e-01      
   3.441433       4.043674         3.641442e-01      
   3.441433       4.107227         3.526767e-01      
   3.441433       4.198794         3.349364e-01      
   3.441433       4.318131         3.100019e-01      
   3.441433       4.464916         2.772621e-01      
   3.441433       4.638754         2.369271e-01      
   3.441433       4.839176         1.905947e-01      
   3.441433       5.065642         1.416289e-01      
   3.441433       5.317541         9.493160e-02      
   3.441433       5.594194         5.574529e-02      
   3.441433       5.894856         2.769687e-02      
   3.441433       6.218716         1.119321e-02      
   3.441433       6.564900         3.536892e-03      
   3.441433       6.932477         8.525899e-04      
   3.441433       7.320454         1.611739e-04      
   3.441433       7.727785         2.665543e-05      
   3.441433       8.153374         4.062988e-06      
   3.441433       8.596072         4.685754e-07      
   3.441433       9.054685         2.612331e-08      
   3.441433       9.527979         -9.064055e-10     
   3.441433       10.014676        -1.925548e-10     
   3.441433       10.513464        -4.973913e-12     
   3.441433       11.023000        5.750520e-14      
   3.441433       11.541909        -2.749511e-14     
   3.441433       12.068793        -6.492029e-16     
   3.441433       12.602230        1.541041e-16      
   3.441433       13.140784        5.212458e-18      
   3.441433       13.683002        -1.677874e-19     
   3.441433       14.227422        -5.906988e-21     
   3.441433       14.772578        8.195609e-23      
   3.441433       15.316998        2.240196e-24      
   3.441433       15.859216        -1.885335e-26     
   3.441433       16.397770        -3.316131e-28     
   3.441433       16.931207        2.018383e-30      
   3.441433       17.458091        1.016420e-32      
   3.441433       17.977000        1.896418e-35      
   3.441433       18.486536        2.447561e-36      
   3.441433       18.985324        -1.000683e-37     
   3.441433       19.472021        5.228977e-39      
   3.441433       19.945315        6.127755e-37      
   3.441433       20.403928        7.379675e-35      
   3.441433       20.846626        7.982375e-33      
   3.441433       21.272215        7.558938e-31      
   3.441433       21.679546        6.111083e-29      
   3.441433       22.067523        4.116572e-27      
   3.441433       22.435100        2.255305e-25      
   3.441433       22.781284        9.834596e-24      
   3.441433       23.105144        3.333535e-22      
   3.441433       23.405806        8.626302e-21      
   3.441433       23.682459        1.680533e-19      
   3.441433       23.934358        2.377440e-18      
   3.441433       24.160824        2.489991e-17      
   3.441433       24.361246        1.940449e-16      
   3.441433       24.535084        1.011790e-15      
   3.441433       24.681869        3.457059e-15      
   3.441433       24.801206        8.684910e-15      
   3.441433       24.892773        1.935250e-14      
   3.441433       24.956326        4.965755e-14      
   3.441433       24.991706        2.780537e-13      
   3.511448       0.001580         1.677655e-04      
   3.511448       0.008319         8.834569e-04      
   3.511448       0.020424         2.169131e-03      
   3.511448       0.037866         4.021924e-03      
   3.511448       0.060596         6.438028e-03      
   3.511448       0.088555         9.413371e-03      
   3.511448       0.121667         1.293809e-02      
   3.511448       0.159843         1.700586e-02      
   3.511448       0.202979         2.161412e-02      
   3.511448       0.250960         2.675880e-02      
   3.511448       0.303656         3.243652e-02      
   3.511448       0.360925         3.864582e-02      
   3.511448       0.422613         4.538737e-02      
   3.511448       0.488552         5.266442e-02      
   3.511448       0.558567         6.048277e-02      
   3.511448       0.632467         6.885081e-02      
   3.511448       0.710054         7.777919e-02      
   3.511448       0.791119         8.728040e-02      
   3.511448       0.875442         9.736803e-02      
   3.511448       0.962797         1.080558e-01      
   3.511448       1.052948         1.193560e-01      
   3.511448       1.145653         1.312785e-01      
   3.511448       1.240660         1.438282e-01      
   3.511448       1.337714         1.570035e-01      
   3.511448       1.436554         1.707935e-01      
   3.511448       1.536913         1.851762e-01      
   3.511448       1.638520         2.001154e-01      
   3.511448       1.741102         2.155587e-01      
   3.511448       1.844381         2.314355e-01      
   3.511448       1.948080         2.476549e-01      
   3.511448       2.051920         2.641050e-01      
   3.511448       2.155619         2.806525e-01      
   3.511448       2.258898         2.971432e-01      
   3.511448       2.361480         3.134037e-01      
   3.511448       2.463087         3.292448e-01      
   3.511448       2.563446         3.444650e-01      
   3.511448       2.662286         3.588565e-01      
   3.511448       2.759340         3.722120e-01      
   3.511448       2.854347         3.843323e-01      
   3.511448       2.947052         3.950355e-01      
   3.511448       3.037203         4.041668e-01      
   3.511448       3.124558         4.116090e-01      
   3.511448       3.208881         4.172932e-01      
   3.511448       3.289946         4.212069e-01      
   3.511448       3.367533         4.233997e-01      
   3.511448       3.441433         4.239827e-01      
   3.511448       3.511448         4.231221e-01      
   3.511448       3.577387         4.210263e-01      
   3.511448       3.639075         4.179311e-01      
   3.511448       3.696344         4.140838e-01      
   3.511448       3.749040         4.097301e-01      
   3.511448       3.797021         4.051039e-01      
   3.511448       3.840157         4.004212e-01      
   3.511448       3.878333         3.958757e-01      
   3.511448       3.911445         3.916369e-01      
   3.511448       3.939404         3.878496e-01      
   3.511448       3.962134         3.846336e-01      
   3.511448       3.979576         3.820846e-01      
   3.511448       3.991681         3.802747e-01      
   3.511448       3.998420         3.792528e-01      
   3.511448       4.008294         3.777374e-01      
   3.511448       4.043674         3.721320e-01      
   3.511448       4.107227         3.614065e-01      
   3.511448       4.198794         3.445916e-01      
   3.511448       4.318131         3.206015e-01      
   3.511448       4.464916         2.886086e-01      
   3.511448       4.638754         2.485702e-01      
   3.511448       4.839176         2.018411e-01      
   3.511448       5.065642         1.516414e-01      
   3.511448       5.317541         1.029416e-01      
   3.511448       5.594194         6.132982e-02      
   3.511448       5.894856         3.096799e-02      
   3.511448       6.218716         1.273556e-02      
   3.511448       6.564900         4.095097e-03      
   3.511448       6.932477         1.000816e-03      
   3.511448       7.320454         1.895881e-04      
   3.511448       7.727785         3.092766e-05      
   3.511448       8.153374         4.674770e-06      
   3.511448       8.596072         5.500519e-07      
   3.511448       9.054685         3.323670e-08      
   3.511448       9.527979         -7.441206e-10     
   3.511448       10.014676        -2.228724e-10     
   3.511448       10.513464        -7.581553e-12     
   3.511448       11.023000        2.069685e-14      
   3.511448       11.541909        -2.529553e-14     
   3.511448       12.068793        -5.732193e-16     
   3.511448       12.602230        1.627314e-16      
   3.511448       13.140784        5.636114e-18      
   3.511448       13.683002        -1.767424e-19     
   3.511448       14.227422        -6.477032e-21     
   3.511448       14.772578        8.573706e-23      
   3.511448       15.316998        2.468964e-24      
   3.511448       15.859216        -1.951553e-26     
   3.511448       16.397770        -3.669482e-28     
   3.511448       16.931207        2.048625e-30      
   3.511448       17.458091        1.112939e-32      
   3.511448       17.977000        3.712993e-35      
   3.511448       18.486536        2.771368e-36      
   3.511448       18.985324        -1.139574e-37     
   3.511448       19.472021        4.690620e-39      
   3.511448       19.945315        5.334328e-37      
   3.511448       20.403928        6.426045e-35      
   3.511448       20.846626        6.952772e-33      
   3.511448       21.272215        6.585592e-31      
   3.511448       21.679546        5.325374e-29      
   3.511448       22.067523        3.588030e-27      
   3.511448       22.435100        1.966099e-25      
   3.511448       22.781284        8.574884e-24      
   3.511448       23.105144        2.906972e-22      
   3.511448       23.405806        7.523464e-21      
   3.511448       23.682459        1.465852e-19      
   3.511448       23.934358        2.073945e-18      
   3.511448       24.160824        2.172325e-17      
   3.511448       24.361246        1.693007e-16      
   3.511448       24.535084        8.828224e-16      
   3.511448       24.681869        3.016605e-15      
   3.511448       24.801206        7.578863e-15      
   3.511448       24.892773        1.688849e-14      
   3.511448       24.956326        4.333416e-14      
   3.511448       24.991706        2.426326e-13      
   3.577387       0.001580         1.556154e-04      
   3.577387       0.008319         8.194745e-04      
   3.577387       0.020424         2.012040e-03      
   3.577387       0.037866         3.730701e-03      
   3.577387       0.060596         5.971859e-03      
   3.577387       0.088555         8.732077e-03      
   3.577387       0.121667         1.200236e-02      
   3.577387       0.159843         1.577705e-02      
   3.577387       0.202979         2.005434e-02      
   3.577387       0.250960         2.483124e-02      
   3.577387       0.303656         3.010562e-02      
   3.577387       0.360925         3.587741e-02      
   3.577387       0.422613         4.214892e-02      
   3.577387       0.488552         4.892529e-02      
   3.577387       0.558567         5.621450e-02      
   3.577387       0.632467         6.402743e-02      
   3.577387       0.710054         7.237750e-02      
   3.577387       0.791119         8.128037e-02      
   3.577387       0.875442         9.075330e-02      
   3.577387       0.962797         1.008142e-01      
   3.577387       1.052948         1.114805e-01      
   3.577387       1.145653         1.227672e-01      
   3.577387       1.240660         1.346857e-01      
   3.577387       1.337714         1.472412e-01      
   3.577387       1.436554         1.604311e-01      
   3.577387       1.536913         1.742415e-01      
   3.577387       1.638520         1.886459e-01      
   3.577387       1.741102         2.036020e-01      
   3.577387       1.844381         2.190498e-01      
   3.577387       1.948080         2.349094e-01      
   3.577387       2.051920         2.510801e-01      
   3.577387       2.155619         2.674397e-01      
   3.577387       2.258898         2.838446e-01      
   3.577387       2.361480         3.001316e-01      
   3.577387       2.463087         3.161200e-01      
   3.577387       2.563446         3.316162e-01      
   3.577387       2.662286         3.464181e-01      
   3.577387       2.759340         3.603217e-01      
   3.577387       2.854347         3.731289e-01      
   3.577387       2.947052         3.846551e-01      
   3.577387       3.037203         3.947388e-01      
   3.577387       3.124558         4.032509e-01      
   3.577387       3.208881         4.101038e-01      
   3.577387       3.289946         4.152603e-01      
   3.577387       3.367533         4.187391e-01      
   3.577387       3.441433         4.206172e-01      
   3.577387       3.511448         4.210263e-01      
   3.577387       3.577387         4.201444e-01      
   3.577387       3.639075         4.181832e-01      
   3.577387       3.696344         4.153738e-01      
   3.577387       3.749040         4.119526e-01      
   3.577387       3.797021         4.081505e-01      
   3.577387       3.840157         4.041843e-01      
   3.577387       3.878333         4.002513e-01      
   3.577387       3.911445         3.965260e-01      
   3.577387       3.939404         3.931588e-01      
   3.577387       3.962134         3.902749e-01      
   3.577387       3.979576         3.879748e-01      
   3.577387       3.991681         3.863345e-01      
   3.577387       3.998420         3.854059e-01      
   3.577387       4.008294         3.840258e-01      
   3.577387       4.043674         3.788910e-01      
   3.577387       4.107227         3.689532e-01      
   3.577387       4.198794         3.531384e-01      
   3.577387       4.318131         3.302029e-01      
   3.577387       4.464916         2.991084e-01      
   3.577387       4.638754         2.595598e-01      
   3.577387       4.839176         2.126577e-01      
   3.577387       5.065642         1.614506e-01      
   3.577387       5.317541         1.109371e-01      
   3.577387       5.594194         6.701328e-02      
   3.577387       5.894856         3.436547e-02      
   3.577387       6.218716         1.437214e-02      
   3.577387       6.564900         4.700685e-03      
   3.577387       6.932477         1.165092e-03      
   3.577387       7.320454         2.215548e-04      
   3.577387       7.727785         3.571594e-05      
   3.577387       8.153374         5.346236e-06      
   3.577387       8.596072         6.393032e-07      
   3.577387       9.054685         4.128536e-08      
   3.577387       9.527979         -5.199319e-10     
   3.577387       10.014676        -2.535249e-10     
   3.577387       10.513464        -1.053229e-11     
   3.577387       11.023000        -3.301634e-14     
   3.577387       11.541909        -2.287726e-14     
   3.577387       12.068793        -4.640029e-16     
   3.577387       12.602230        1.718778e-16      
   3.577387       13.140784        6.059300e-18      
   3.577387       13.683002        -1.858887e-19     
   3.577387       14.227422        -7.065016e-21     
   3.577387       14.772578        8.942071e-23      
   3.577387       15.316998        2.706148e-24      
   3.577387       15.859216        -2.010432e-26     
   3.577387       16.397770        -4.035862e-28     
   3.577387       16.931207        2.063098e-30      
   3.577387       17.458091        1.206818e-32      
   3.577387       17.977000        5.791332e-35      
   3.577387       18.486536        3.124071e-36      
   3.577387       18.985324        -1.289543e-37     
   3.577387       19.472021        4.247982e-39      
   3.577387       19.945315        4.658831e-37      
   3.577387       20.403928        5.613787e-35      
   3.577387       20.846626        6.075440e-33      
   3.577387       21.272215        5.755879e-31      
   3.577387       21.679546        4.655374e-29      
   3.577387       22.067523        3.137179e-27      
   3.577387       22.435100        1.719330e-25      
   3.577387       22.781284        7.499724e-24      
   3.577387       23.105144        2.542811e-22      
   3.577387       23.405806        6.581747e-21      
   3.577387       23.682459        1.282497e-19      
   3.577387       23.934358        1.814690e-18      
   3.577387       24.160824        1.900919e-17      
   3.577387       24.361246        1.481569e-16      
   3.577387       24.535084        7.726074e-16      
   3.577387       24.681869        2.640155e-15      
   3.577387       24.801206        6.633440e-15      
   3.577387       24.892773        1.478211e-14      
   3.577387       24.956326        3.792838e-14      
   3.577387       24.991706        2.123522e-13      
   3.639075       0.001580         1.445518e-04      
   3.639075       0.008319         7.612136e-04      
   3.639075       0.020424         1.868993e-03      
   3.639075       0.037866         3.465512e-03      
   3.639075       0.060596         5.547363e-03      
   3.639075       0.088555         8.111645e-03      
   3.639075       0.121667         1.115014e-02      
   3.639075       0.159843         1.465777e-02      
   3.639075       0.202979         1.863336e-02      
   3.639075       0.250960         2.307484e-02      
   3.639075       0.303656         2.798113e-02      
   3.639075       0.360925         3.335338e-02      
   3.639075       0.422613         3.919522e-02      
   3.639075       0.488552         4.551333e-02      
   3.639075       0.558567         5.231744e-02      
   3.639075       0.632467         5.962040e-02      
   3.639075       0.710054         6.743793e-02      
   3.639075       0.791119         7.578831e-02      
   3.639075       0.875442         8.469181e-02      
   3.639075       0.962797         9.416989e-02      
   3.639075       1.052948         1.042439e-01      
   3.639075       1.145653         1.149338e-01      
   3.639075       1.240660         1.262561e-01      
   3.639075       1.337714         1.382223e-01      
   3.639075       1.436554         1.508365e-01      
   3.639075       1.536913         1.640928e-01      
   3.639075       1.638520         1.779730e-01      
   3.639075       1.741102         1.924441e-01      
   3.639075       1.844381         2.074558e-01      
   3.639075       1.948080         2.229386e-01      
   3.639075       2.051920         2.388023e-01      
   3.639075       2.155619         2.549350e-01      
   3.639075       2.258898         2.712036e-01      
   3.639075       2.361480         2.874542e-01      
   3.639075       2.463087         3.035150e-01      
   3.639075       2.563446         3.191994e-01      
   3.639075       2.662286         3.343114e-01      
   3.639075       2.759340         3.486505e-01      
   3.639075       2.854347         3.620199e-01      
   3.639075       2.947052         3.742336e-01      
   3.639075       3.037203         3.851251e-01      
   3.639075       3.124558         3.945562e-01      
   3.639075       3.208881         4.024254e-01      
   3.639075       3.289946         4.086762e-01      
   3.639075       3.367533         4.133030e-01      
   3.639075       3.441433         4.163541e-01      
   3.639075       3.511448         4.179311e-01      
   3.639075       3.577387         4.181832e-01      
   3.639075       3.639075         4.172972e-01      
   3.639075       3.696344         4.154851e-01      
   3.639075       3.749040         4.129707e-01      
   3.639075       3.797021         4.099781e-01      
   3.639075       3.840157         4.067218e-01      
   3.639075       3.878333         4.034000e-01      
   3.639075       3.911445         4.001904e-01      
   3.639075       3.939404         3.972471e-01      
   3.639075       3.962134         3.946997e-01      
   3.639075       3.979576         3.926526e-01      
   3.639075       3.991681         3.911852e-01      
   3.639075       3.998420         3.903519e-01      
   3.639075       4.008294         3.891100e-01      
   3.639075       4.043674         3.844581e-01      
   3.639075       4.107227         3.753353e-01      
   3.639075       4.198794         3.605707e-01      
   3.639075       4.318131         3.387713e-01      
   3.639075       4.464916         3.086964e-01      
   3.639075       4.638754         2.698031e-01      
   3.639075       4.839176         2.229324e-01      
   3.639075       5.065642         1.709397e-01      
   3.639075       5.317541         1.188138e-01      
   3.639075       5.594194         7.271792e-02      
   3.639075       5.894856         3.784291e-02      
   3.639075       6.218716         1.608199e-02      
   3.639075       6.564900         5.346997e-03      
   3.639075       6.932477         1.344091e-03      
   3.639075       7.320454         2.569303e-04      
   3.639075       7.727785         4.100828e-05      
   3.639075       8.153374         6.074001e-06      
   3.639075       8.596072         7.356163e-07      
   3.639075       9.054685         5.021426e-08      
   3.639075       9.527979         -2.316198e-10     
   3.639075       10.014676        -2.838354e-10     
   3.639075       10.513464        -1.379155e-11     
   3.639075       11.023000        -1.044002e-13     
   3.639075       11.541909        -2.033159e-14     
   3.639075       12.068793        -3.216850e-16     
   3.639075       12.602230        1.815563e-16      
   3.639075       13.140784        6.477722e-18      
   3.639075       13.683002        -1.951899e-19     
   3.639075       14.227422        -7.664717e-21     
   3.639075       14.772578        9.298193e-23      
   3.639075       15.316998        2.949106e-24      
   3.639075       15.859216        -2.061374e-26     
   3.639075       16.397770        -4.410939e-28     
   3.639075       16.931207        2.061363e-30      
   3.639075       17.458091        1.296261e-32      
   3.639075       17.977000        8.114258e-35      
   3.639075       18.486536        3.502995e-36      
   3.639075       18.985324        -1.449223e-37     
   3.639075       19.472021        3.888516e-39      
   3.639075       19.945315        4.085976e-37      
   3.639075       20.403928        4.924659e-35      
   3.639075       20.846626        5.330814e-33      
   3.639075       21.272215        5.051419e-31      
   3.639075       21.679546        4.086329e-29      
   3.639075       22.067523        2.754146e-27      
   3.639075       22.435100        1.509623e-25      
   3.639075       22.781284        6.585811e-24      
   3.639075       23.105144        2.233194e-22      
   3.639075       23.405806        5.780911e-21      
   3.639075       23.682459        1.126544e-19      
   3.639075       23.934358        1.594141e-18      
   3.639075       24.160824        1.669997e-17      
   3.639075       24.361246        1.301647e-16      
   3.639075       24.535084        6.788111e-16      
   3.639075       24.681869        2.319754e-15      
   3.639075       24.801206        5.828697e-15      
   3.639075       24.892773        1.298901e-14      
   3.639075       24.956326        3.332648e-14      
   3.639075       24.991706        1.865752e-13      
   3.696344       0.001580         1.345789e-04      
   3.696344       0.008319         7.086960e-04      
   3.696344       0.020424         1.740047e-03      
   3.696344       0.037866         3.226458e-03      
   3.696344       0.060596         5.164702e-03      
   3.696344       0.088555         7.552319e-03      
   3.696344       0.121667         1.038179e-02      
   3.696344       0.159843         1.364852e-02      
   3.696344       0.202979         1.735188e-02      
   3.696344       0.250960         2.149055e-02      
   3.696344       0.303656         2.606436e-02      
   3.696344       0.360925         3.107544e-02      
   3.696344       0.422613         3.652854e-02      
   3.696344       0.488552         4.243155e-02      
   3.696344       0.558567         4.879555e-02      
   3.696344       0.632467         5.563497e-02      
   3.696344       0.710054         6.296735e-02      
   3.696344       0.791119         7.081310e-02      
   3.696344       0.875442         7.919495e-02      
   3.696344       0.962797         8.813717e-02      
   3.696344       1.052948         9.766448e-02      
   3.696344       1.145653         1.078007e-01      
   3.696344       1.240660         1.185670e-01      
   3.696344       1.337714         1.299801e-01      
   3.696344       1.436554         1.420501e-01      
   3.696344       1.536913         1.547779e-01      
   3.696344       1.638520         1.681529e-01      
   3.696344       1.741102         1.821503e-01      
   3.696344       1.844381         1.967288e-01      
   3.696344       1.948080         2.118284e-01      
   3.696344       2.051920         2.273687e-01      
   3.696344       2.155619         2.432475e-01      
   3.696344       2.258898         2.593414e-01      
   3.696344       2.361480         2.755058e-01      
   3.696344       2.463087         2.915771e-01      
   3.696344       2.563446         3.073759e-01      
   3.696344       2.662286         3.227118e-01      
   3.696344       2.759340         3.373884e-01      
   3.696344       2.854347         3.512104e-01      
   3.696344       2.947052         3.639910e-01      
   3.696344       3.037203         3.755602e-01      
   3.696344       3.124558         3.857727e-01      
   3.696344       3.208881         3.945162e-01      
   3.696344       3.289946         4.017191e-01      
   3.696344       3.367533         4.073560e-01      
   3.696344       3.441433         4.114523e-01      
   3.696344       3.511448         4.140838e-01      
   3.696344       3.577387         4.153738e-01      
   3.696344       3.639075         4.154851e-01      
   3.696344       3.696344         4.146098e-01      
   3.696344       3.749040         4.129571e-01      
   3.696344       3.797021         4.107416e-01      
   3.696344       3.840157         4.081726e-01      
   3.696344       3.878333         4.054472e-01      
   3.696344       3.911445         4.027436e-01      
   3.696344       3.939404         4.002185e-01      
   3.696344       3.962134         3.980044e-01      
   3.696344       3.979576         3.962087e-01      
   3.696344       3.991681         3.949135e-01      
   3.696344       3.998420         3.941752e-01      
   3.696344       4.008294         3.930715e-01      
   3.696344       4.043674         3.889034e-01      
   3.696344       4.107227         3.806038e-01      
   3.696344       4.198794         3.669133e-01      
   3.696344       4.318131         3.463004e-01      
   3.696344       4.464916         3.173327e-01      
   3.696344       4.638754         2.792277e-01      
   3.696344       4.839176         2.325671e-01      
   3.696344       5.065642         1.799981e-01      
   3.696344       5.317541         1.264664e-01      
   3.696344       5.594194         7.836053e-02      
   3.696344       5.894856         4.134719e-02      
   3.696344       6.218716         1.783900e-02      
   3.696344       6.564900         6.024737e-03      
   3.696344       6.932477         1.535576e-03      
   3.696344       7.320454         2.953691e-04      
   3.696344       7.727785         4.676391e-05      
   3.696344       8.153374         6.851473e-06      
   3.696344       8.596072         8.378645e-07      
   3.696344       9.054685         5.991805e-08      
   3.696344       9.527979         1.196340e-10      
   3.696344       10.014676        -3.131197e-10     
   3.696344       10.513464        -1.730655e-11     
   3.696344       11.023000        -1.932371e-13     
   3.696344       11.541909        -1.775633e-14     
   3.696344       12.068793        -1.482574e-16     
   3.696344       12.602230        1.917385e-16      
   3.696344       13.140784        6.886998e-18      
   3.696344       13.683002        -2.045864e-19     
   3.696344       14.227422        -8.268793e-21     
   3.696344       14.772578        9.639529e-23      
   3.696344       15.316998        3.194686e-24      
   3.696344       15.859216        -2.104055e-26     
   3.696344       16.397770        -4.789612e-28     
   3.696344       16.931207        2.043705e-30      
   3.696344       17.458091        1.379616e-32      
   3.696344       17.977000        1.065089e-34      
   3.696344       18.486536        3.903818e-36      
   3.696344       18.985324        -1.616626e-37     
   3.696344       19.472021        3.600728e-39      
   3.696344       19.945315        3.602193e-37      
   3.696344       20.403928        4.342450e-35      
   3.696344       20.846626        4.701493e-33      
   3.696344       21.272215        4.455848e-31      
   3.696344       21.679546        3.605096e-29      
   3.696344       22.067523        2.430131e-27      
   3.696344       22.435100        1.332183e-25      
   3.696344       22.781284        5.812338e-24      
   3.696344       23.105144        1.971101e-22      
   3.696344       23.405806        5.102867e-21      
   3.696344       23.682459        9.944795e-20      
   3.696344       23.934358        1.407349e-18      
   3.696344       24.160824        1.474392e-17      
   3.696344       24.361246        1.149223e-16      
   3.696344       24.535084        5.993429e-16      
   3.696344       24.681869        2.048271e-15      
   3.696344       24.801206        5.146759e-15      
   3.696344       24.892773        1.146944e-14      
   3.696344       24.956326        2.942647e-14      
   3.696344       24.991706        1.647304e-13      
   3.749040       0.001580         1.256804e-04      
   3.749040       0.008319         6.618364e-04      
   3.749040       0.020424         1.624992e-03      
   3.749040       0.037866         3.013153e-03      
   3.749040       0.060596         4.823263e-03      
   3.749040       0.088555         7.053223e-03      
   3.749040       0.121667         9.696132e-03      
   3.749040       0.159843         1.274783e-02      
   3.749040       0.202979         1.620809e-02      
   3.749040       0.250960         2.007626e-02      
   3.749040       0.303656         2.435289e-02      
   3.749040       0.360925         2.904093e-02      
   3.749040       0.422613         3.414602e-02      
   3.749040       0.488552         3.967698e-02      
   3.749040       0.558567         4.564597e-02      
   3.749040       0.632467         5.206862e-02      
   3.749040       0.710054         5.896389e-02      
   3.749040       0.791119         6.635389e-02      
   3.749040       0.875442         7.426328e-02      
   3.749040       0.962797         8.271860e-02      
   3.749040       1.052948         9.174726e-02      
   3.749040       1.145653         1.013763e-01      
   3.749040       1.240660         1.116308e-01      
   3.749040       1.337714         1.225318e-01      
   3.749040       1.436554         1.340946e-01      
   3.749040       1.536913         1.463260e-01      
   3.749040       1.638520         1.592221e-01      
   3.749040       1.741102         1.727656e-01      
   3.749040       1.844381         1.869230e-01      
   3.749040       1.948080         2.016430e-01      
   3.749040       2.051920         2.168542e-01      
   3.749040       2.155619         2.324635e-01      
   3.749040       2.258898         2.483566e-01      
   3.749040       2.361480         2.643974e-01      
   3.749040       2.463087         2.804304e-01      
   3.749040       2.563446         2.962832e-01      
   3.749040       2.662286         3.117708e-01      
   3.749040       2.759340         3.267010e-01      
   3.749040       2.854347         3.408804e-01      
   3.749040       2.947052         3.541221e-01      
   3.749040       3.037203         3.662533e-01      
   3.749040       3.124558         3.771232e-01      
   3.749040       3.208881         3.866110e-01      
   3.749040       3.289946         3.946328e-01      
   3.749040       3.367533         4.011477e-01      
   3.749040       3.441433         4.061620e-01      
   3.749040       3.511448         4.097301e-01      
   3.749040       3.577387         4.119526e-01      
   3.749040       3.639075         4.129707e-01      
   3.749040       3.696344         4.129571e-01      
   3.749040       3.749040         4.121056e-01      
   3.749040       3.797021         4.106195e-01      
   3.749040       3.840157         4.087015e-01      
   3.749040       3.878333         4.065447e-01      
   3.749040       3.911445         4.043267e-01      
   3.749040       3.939404         4.022049e-01      
   3.749040       3.962134         4.003135e-01      
   3.749040       3.979576         3.987620e-01      
   3.749040       3.991681         3.976344e-01      
   3.749040       3.998420         3.969888e-01      
   3.749040       4.008294         3.960199e-01      
   3.749040       4.043674         3.923256e-01      
   3.749040       4.107227         3.848379e-01      
   3.749040       4.198794         3.722193e-01      
   3.749040       4.318131         3.528113e-01      
   3.749040       4.464916         3.250024e-01      
   3.749040       4.638754         2.877825e-01      
   3.749040       4.839176         2.414799e-01      
   3.749040       5.065642         1.885248e-01      
   3.749040       5.317541         1.337923e-01      
   3.749040       5.594194         8.385486e-02      
   3.749040       5.894856         4.481991e-02      
   3.749040       6.218716         1.961250e-02      
   3.749040       6.564900         6.722031e-03      
   3.749040       6.932477         1.736355e-03      
   3.749040       7.320454         3.362989e-04      
   3.749040       7.727785         5.290821e-05      
   3.749040       8.153374         7.668351e-06      
   3.749040       8.596072         9.444753e-07      
   3.749040       9.054685         7.023690e-08      
   3.749040       9.527979         5.286363e-10      
   3.749040       10.014676        -3.407311e-10     
   3.749040       10.513464        -2.100669e-11     
   3.749040       11.023000        -2.981635e-13     
   3.749040       11.541909        -1.524811e-14     
   3.749040       12.068793        5.231318e-17      
   3.749040       12.602230        2.023427e-16      
   3.749040       13.140784        7.282653e-18      
   3.749040       13.683002        -2.139911e-19     
   3.749040       14.227422        -8.868820e-21     
   3.749040       14.772578        9.963480e-23      
   3.749040       15.316998        3.439262e-24      
   3.749040       15.859216        -2.138461e-26     
   3.749040       16.397770        -5.166093e-28     
   3.749040       16.931207        2.011210e-30      
   3.749040       17.458091        1.455488e-32      
   3.749040       17.977000        1.335588e-34      
   3.749040       18.486536        4.320454e-36      
   3.749040       18.985324        -1.789119e-37     
   3.749040       19.472021        3.374100e-39      
   3.749040       19.945315        3.195533e-37      
   3.749040       20.403928        3.852876e-35      
   3.749040       20.846626        4.172129e-33      
   3.749040       21.272215        3.954722e-31      
   3.749040       21.679546        3.200065e-29      
   3.749040       22.067523        2.157354e-27      
   3.749040       22.435100        1.182768e-25      
   3.749040       22.781284        5.160890e-24      
   3.749040       23.105144        1.750314e-22      
   3.749040       23.405806        4.531583e-21      
   3.749040       23.682459        8.831922e-20      
   3.749040       23.934358        1.249921e-18      
   3.749040       24.160824        1.309515e-17      
   3.749040       24.361246        1.020732e-16      
   3.749040       24.535084        5.323465e-16      
   3.749040       24.681869        1.819376e-15      
   3.749040       24.801206        4.571750e-15      
   3.749040       24.892773        1.018806e-14      
   3.749040       24.956326        2.613773e-14      
   3.749040       24.991706        1.463099e-13      
   3.797021       0.001580         1.178266e-04      
   3.797021       0.008319         6.204782e-04      
   3.797021       0.020424         1.523444e-03      
   3.797021       0.037866         2.824887e-03      
   3.797021       0.060596         4.521907e-03      
   3.797021       0.088555         6.612705e-03      
   3.797021       0.121667         9.090928e-03      
   3.797021       0.159843         1.195277e-02      
   3.797021       0.202979         1.519837e-02      
   3.797021       0.250960         1.882759e-02      
   3.797021       0.303656         2.284158e-02      
   3.797021       0.360925         2.724392e-02      
   3.797021       0.422613         3.204093e-02      
   3.797021       0.488552         3.724220e-02      
   3.797021       0.558567         4.286068e-02      
   3.797021       0.632467         4.891294e-02      
   3.797021       0.710054         5.541902e-02      
   3.797021       0.791119         6.240231e-02      
   3.797021       0.875442         6.988898e-02      
   3.797021       0.962797         7.790736e-02      
   3.797021       1.052948         8.648702e-02      
   3.797021       1.145653         9.565760e-02      
   3.797021       1.240660         1.054473e-01      
   3.797021       1.337714         1.158810e-01      
   3.797021       1.436554         1.269782e-01      
   3.797021       1.536913         1.387509e-01      
   3.797021       1.638520         1.512008e-01      
   3.797021       1.741102         1.643172e-01      
   3.797021       1.844381         1.780739e-01      
   3.797021       1.948080         1.924270e-01      
   3.797021       2.051920         2.073134e-01      
   3.797021       2.155619         2.226484e-01      
   3.797021       2.258898         2.383258e-01      
   3.797021       2.361480         2.542178e-01      
   3.797021       2.463087         2.701763e-01      
   3.797021       2.563446         2.860356e-01      
   3.797021       2.662286         3.016162e-01      
   3.797021       2.759340         3.167298e-01      
   3.797021       2.854347         3.311854e-01      
   3.797021       2.947052         3.447963e-01      
   3.797021       3.037203         3.573876e-01      
   3.797021       3.124558         3.688045e-01      
   3.797021       3.208881         3.789190e-01      
   3.797021       3.289946         3.876375e-01      
   3.797021       3.367533         3.949064e-01      
   3.797021       3.441433         4.007164e-01      
   3.797021       3.511448         4.051039e-01      
   3.797021       3.577387         4.081505e-01      
   3.797021       3.639075         4.099781e-01      
   3.797021       3.696344         4.107416e-01      
   3.797021       3.749040         4.106195e-01      
   3.797021       3.797021         4.098037e-01      
   3.797021       3.840157         4.084883e-01      
   3.797021       3.878333         4.068619e-01      
   3.797021       3.911445         4.050996e-01      
   3.797021       3.939404         4.033580e-01      
   3.797021       3.962134         4.017719e-01      
   3.797021       3.979576         4.004522e-01      
   3.797021       3.991681         3.994841e-01      
   3.797021       3.998420         3.989268e-01      
   3.797021       4.008294         3.980864e-01      
   3.797021       4.043674         3.948456e-01      
   3.797021       4.107227         3.881403e-01      
   3.797021       4.198794         3.765652e-01      
   3.797021       4.318131         3.583484e-01      
   3.797021       4.464916         3.317135e-01      
   3.797021       4.638754         2.954374e-01      
   3.797021       4.839176         2.496056e-01      
   3.797021       5.065642         1.964300e-01      
   3.797021       5.317541         1.406938e-01      
   3.797021       5.594194         8.911424e-02      
   3.797021       5.894856         4.819918e-02      
   3.797021       6.218716         2.136808e-02      
   3.797021       6.564900         7.424680e-03      
   3.797021       6.932477         1.942303e-03      
   3.797021       7.320454         3.789114e-04      
   3.797021       7.727785         5.932946e-05      
   3.797021       8.153374         8.510294e-06      
   3.797021       8.596072         1.053423e-06      
   3.797021       9.054685         8.095586e-08      
   3.797021       9.527979         9.858155e-10      
   3.797021       10.014676        -3.661064e-10     
   3.797021       10.513464        -2.480523e-11     
   3.797021       11.023000        -4.165846e-13     
   3.797021       11.541909        -1.289452e-14     
   3.797021       12.068793        2.741146e-16      
   3.797021       12.602230        2.132263e-16      
   3.797021       13.140784        7.660110e-18      
   3.797021       13.683002        -2.232862e-19     
   3.797021       14.227422        -9.455396e-21     
   3.797021       14.772578        1.026737e-22      
   3.797021       15.316998        3.678797e-24      
   3.797021       15.859216        -2.164902e-26     
   3.797021       16.397770        -5.534029e-28     
   3.797021       16.931207        1.965788e-30      
   3.797021       17.458091        1.522831e-32      
   3.797021       17.977000        1.616955e-34      
   3.797021       18.486536        4.745041e-36      
   3.797021       18.985324        -1.963444e-37     
   3.797021       19.472021        3.199023e-39      
   3.797021       19.945315        2.855574e-37      
   3.797021       20.403928        3.443466e-35      
   3.797021       20.846626        3.729313e-33      
   3.797021       21.272215        3.535413e-31      
   3.797021       21.679546        2.861077e-29      
   3.797021       22.067523        1.929003e-27      
   3.797021       22.435100        1.057661e-25      
   3.797021       22.781284        4.615323e-24      
   3.797021       23.105144        1.565380e-22      
   3.797021       23.405806        4.052995e-21      
   3.797021       23.682459        7.899491e-20      
   3.797021       23.934358        1.118003e-18      
   3.797021       24.160824        1.171340e-17      
   3.797021       24.361246        9.130394e-17      
   3.797021       24.535084        4.761903e-16      
   3.797021       24.681869        1.627502e-15      
   3.797021       24.801206        4.089708e-15      
   3.797021       24.892773        9.113797e-15      
   3.797021       24.956326        2.338053e-14      
   3.797021       24.991706        1.308670e-13      
   3.840157       0.001580         1.109793e-04      
   3.840157       0.008319         5.844202e-04      
   3.840157       0.020424         1.434909e-03      
   3.840157       0.037866         2.660745e-03      
   3.840157       0.060596         4.259171e-03      
   3.840157       0.088555         6.228633e-03      
   3.840157       0.121667         8.563255e-03      
   3.840157       0.159843         1.125955e-02      
   3.840157       0.202979         1.431793e-02      
   3.840157       0.250960         1.773868e-02      
   3.840157       0.303656         2.152341e-02      
   3.840157       0.360925         2.567620e-02      
   3.840157       0.422613         3.020391e-02      
   3.840157       0.488552         3.511667e-02      
   3.840157       0.558567         4.042808e-02      
   3.840157       0.632467         4.615539e-02      
   3.840157       0.710054         5.231946e-02      
   3.840157       0.791119         5.894461e-02      
   3.840157       0.875442         6.605816e-02      
   3.840157       0.962797         7.368984e-02      
   3.840157       1.052948         8.187089e-02      
   3.840157       1.145653         9.063306e-02      
   3.840157       1.240660         1.000071e-01      
   3.840157       1.337714         1.100208e-01      
   3.840157       1.436554         1.206976e-01      
   3.840157       1.536913         1.320535e-01      
   3.840157       1.638520         1.440953e-01      
   3.840157       1.741102         1.568179e-01      
   3.840157       1.844381         1.702012e-01      
   3.840157       1.948080         1.842083e-01      
   3.840157       2.051920         1.987832e-01      
   3.840157       2.155619         2.138487e-01      
   3.840157       2.258898         2.293063e-01      
   3.840157       2.361480         2.450355e-01      
   3.840157       2.463087         2.608953e-01      
   3.840157       2.563446         2.767261e-01      
   3.840157       2.662286         2.923536e-01      
   3.840157       2.759340         3.075935e-01      
   3.840157       2.854347         3.222572e-01      
   3.840157       2.947052         3.361586e-01      
   3.840157       3.037203         3.491217e-01      
   3.840157       3.124558         3.609880e-01      
   3.840157       3.208881         3.716241e-01      
   3.840157       3.289946         3.809284e-01      
   3.840157       3.367533         3.888368e-01      
   3.840157       3.441433         3.953271e-01      
   3.840157       3.511448         4.004212e-01      
   3.840157       3.577387         4.041843e-01      
   3.840157       3.639075         4.067218e-01      
   3.840157       3.696344         4.081726e-01      
   3.840157       3.749040         4.087015e-01      
   3.840157       3.797021         4.084883e-01      
   3.840157       3.840157         4.077191e-01      
   3.840157       3.878333         4.065763e-01      
   3.840157       3.911445         4.052316e-01      
   3.840157       3.939404         4.038403e-01      
   3.840157       3.962134         4.025367e-01      
   3.840157       3.979576         4.014319e-01      
   3.840157       3.991681         4.006120e-01      
   3.840157       3.998420         4.001368e-01      
   3.840157       4.008294         3.994162e-01      
   3.840157       4.043674         3.965991e-01      
   3.840157       4.107227         3.906295e-01      
   3.840157       4.198794         3.800456e-01      
   3.840157       4.318131         3.629753e-01      
   3.840157       4.464916         3.374935e-01      
   3.840157       4.638754         3.021812e-01      
   3.840157       4.839176         2.568961e-01      
   3.840157       5.065642         2.036368e-01      
   3.840157       5.317541         1.470806e-01      
   3.840157       5.594194         9.405402e-02      
   3.840157       5.894856         5.142156e-02      
   3.840157       6.218716         2.306873e-02      
   3.840157       6.564900         8.116576e-03      
   3.840157       6.932477         2.148455e-03      
   3.840157       7.320454         4.221709e-04      
   3.840157       7.727785         6.587845e-05      
   3.840157       8.153374         9.358885e-06      
   3.840157       8.596072         1.162255e-06      
   3.840157       9.054685         9.180813e-08      
   3.840157       9.527979         1.477191e-09      
   3.840157       10.014676        -3.888031e-10     
   3.840157       10.513464        -2.860229e-11     
   3.840157       11.023000        -5.446872e-13     
   3.840157       11.541909        -1.076713e-14     
   3.840157       12.068793        5.094750e-16      
   3.840157       12.602230        2.241830e-16      
   3.840157       13.140784        8.014676e-18      
   3.840157       13.683002        -2.323239e-19     
   3.840157       14.227422        -1.001832e-20     
   3.840157       14.772578        1.054845e-22      
   3.840157       15.316998        3.908934e-24      
   3.840157       15.859216        -2.183998e-26     
   3.840157       16.397770        -5.886673e-28     
   3.840157       16.931207        1.910142e-30      
   3.840157       17.458091        1.581013e-32      
   3.840157       17.977000        1.901908e-34      
   3.840157       18.486536        5.168075e-36      
   3.840157       18.985324        -2.135780e-37     
   3.840157       19.472021        3.066754e-39      
   3.840157       19.945315        2.573319e-37      
   3.840157       20.403928        3.103445e-35      
   3.840157       20.846626        3.361451e-33      
   3.840157       21.272215        3.186994e-31      
   3.840157       21.679546        2.579338e-29      
   3.840157       22.067523        1.739177e-27      
   3.840157       22.435100        9.536415e-26      
   3.840157       22.781284        4.161639e-24      
   3.840157       23.105144        1.411568e-22      
   3.840157       23.405806        3.654893e-21      
   3.840157       23.682459        7.123778e-20      
   3.840157       23.934358        1.008245e-18      
   3.840157       24.160824        1.056364e-17      
   3.840157       24.361246        8.234211e-17      
   3.840157       24.535084        4.294558e-16      
   3.840157       24.681869        1.467810e-15      
   3.840157       24.801206        3.688489e-15      
   3.840157       24.892773        8.219610e-15      
   3.840157       24.956326        2.108550e-14      
   3.840157       24.991706        1.180130e-13      
   3.878333       0.001580         1.050955e-04      
   3.878333       0.008319         5.534361e-04      
   3.878333       0.020424         1.358834e-03      
   3.878333       0.037866         2.519700e-03      
   3.878333       0.060596         4.033407e-03      
   3.878333       0.088555         5.898598e-03      
   3.878333       0.121667         8.109812e-03      
   3.878333       0.159843         1.066382e-02      
   3.878333       0.202979         1.356126e-02      
   3.878333       0.250960         1.680276e-02      
   3.878333       0.303656         2.039029e-02      
   3.878333       0.360925         2.432830e-02      
   3.878333       0.422613         2.862403e-02      
   3.878333       0.488552         3.328806e-02      
   3.878333       0.558567         3.833446e-02      
   3.878333       0.632467         4.378098e-02      
   3.878333       0.710054         4.964907e-02      
   3.878333       0.791119         5.596370e-02      
   3.878333       0.875442         6.275308e-02      
   3.878333       0.962797         7.004796e-02      
   3.878333       1.052948         7.788093e-02      
   3.878333       1.145653         8.628533e-02      
   3.878333       1.240660         9.529391e-02      
   3.878333       1.337714         1.049371e-01      
   3.878333       1.436554         1.152410e-01      
   3.878333       1.536913         1.262256e-01      
   3.878333       1.638520         1.379016e-01      
   3.878333       1.741102         1.502687e-01      
   3.878333       1.844381         1.633122e-01      
   3.878333       1.948080         1.770011e-01      
   3.878333       2.051920         1.912857e-01      
   3.878333       2.155619         2.060955e-01      
   3.878333       2.258898         2.213387e-01      
   3.878333       2.361480         2.369014e-01      
   3.878333       2.463087         2.526490e-01      
   3.878333       2.563446         2.684277e-01      
   3.878333       2.662286         2.840679e-01      
   3.878333       2.759340         2.993891e-01      
   3.878333       2.854347         3.142052e-01      
   3.878333       2.947052         3.283311e-01      
   3.878333       3.037203         3.415898e-01      
   3.878333       3.124558         3.538204e-01      
   3.878333       3.208881         3.648848e-01      
   3.878333       3.289946         3.746749e-01      
   3.878333       3.367533         3.831181e-01      
   3.878333       3.441433         3.901819e-01      
   3.878333       3.511448         3.958757e-01      
   3.878333       3.577387         4.002513e-01      
   3.878333       3.639075         4.034000e-01      
   3.878333       3.696344         4.054472e-01      
   3.878333       3.749040         4.065447e-01      
   3.878333       3.797021         4.068619e-01      
   3.878333       3.840157         4.065763e-01      
   3.878333       3.878333         4.058643e-01      
   3.878333       3.911445         4.048936e-01      
   3.878333       3.939404         4.038171e-01      
   3.878333       3.962134         4.027683e-01      
   3.878333       3.979576         4.018580e-01      
   3.878333       3.991681         4.011724e-01      
   3.878333       3.998420         4.007717e-01      
   3.878333       4.008294         4.001600e-01      
   3.878333       4.043674         3.977289e-01      
   3.878333       4.107227         3.924337e-01      
   3.878333       4.198794         3.827664e-01      
   3.878333       4.318131         3.667693e-01      
   3.878333       4.464916         3.423853e-01      
   3.878333       4.638754         3.080188e-01      
   3.878333       4.839176         2.633187e-01      
   3.878333       5.065642         2.100815e-01      
   3.878333       5.317541         1.528714e-01      
   3.878333       5.594194         9.859391e-02      
   3.878333       5.894856         5.442409e-02      
   3.878333       6.218716         2.467612e-02      
   3.878333       6.564900         8.780291e-03      
   3.878333       6.932477         2.349181e-03      
   3.878333       7.320454         4.648447e-04      
   3.878333       7.727785         7.237159e-05      
   3.878333       8.153374         1.019196e-05      
   3.878333       8.596072         1.268151e-06      
   3.878333       9.054685         1.024831e-07      
   3.878333       9.527979         1.984747e-09      
   3.878333       10.014676        -4.085261e-10     
   3.878333       10.513464        -3.228881e-11     
   3.878333       11.023000        -6.775662e-13     
   3.878333       11.541909        -8.916473e-15     
   3.878333       12.068793        7.493029e-16      
   3.878333       12.602230        2.349466e-16      
   3.878333       13.140784        8.341551e-18      
   3.878333       13.683002        -2.409291e-19     
   3.878333       14.227422        -1.054683e-20     
   3.878333       14.772578        1.080392e-22      
   3.878333       15.316998        4.125121e-24      
   3.878333       15.859216        -2.196651e-26     
   3.878333       16.397770        -6.217080e-28     
   3.878333       16.931207        1.847666e-30      
   3.878333       17.458091        1.629844e-32      
   3.878333       17.977000        2.182092e-34      
   3.878333       18.486536        5.578678e-36      
   3.878333       18.985324        -2.301862e-37     
   3.878333       19.472021        2.969386e-39      
   3.878333       19.945315        2.341095e-37      
   3.878333       20.403928        2.823619e-35      
   3.878333       20.846626        3.058640e-33      
   3.878333       21.272215        2.900127e-31      
   3.878333       21.679546        2.347325e-29      
   3.878333       22.067523        1.582828e-27      
   3.878333       22.435100        8.679523e-26      
   3.878333       22.781284        3.787846e-24      
   3.878333       23.105144        1.284826e-22      
   3.878333       23.405806        3.326812e-21      
   3.878333       23.682459        6.484434e-20      
   3.878333       23.934358        9.177737e-19      
   3.878333       24.160824        9.615830e-18      
   3.878333       24.361246        7.495390e-17      
   3.878333       24.535084        3.909254e-16      
   3.878333       24.681869        1.336143e-15      
   3.878333       24.801206        3.357664e-15      
   3.878333       24.892773        7.482279e-15      
   3.878333       24.956326        1.919306e-14      
   3.878333       24.991706        1.074142e-13      
   3.911445       0.001580         1.001306e-04      
   3.911445       0.008319         5.272912e-04      
   3.911445       0.020424         1.294640e-03      
   3.911445       0.037866         2.400681e-03      
   3.911445       0.060596         3.842902e-03      
   3.911445       0.088555         5.620102e-03      
   3.911445       0.121667         7.727165e-03      
   3.911445       0.159843         1.016108e-02      
   3.911445       0.202979         1.292267e-02      
   3.911445       0.250960         1.601281e-02      
   3.911445       0.303656         1.943377e-02      
   3.911445       0.360925         2.319026e-02      
   3.911445       0.422613         2.728983e-02      
   3.911445       0.488552         3.174336e-02      
   3.911445       0.558567         3.656526e-02      
   3.911445       0.632467         4.177366e-02      
   3.911445       0.710054         4.739039e-02      
   3.911445       0.791119         5.344093e-02      
   3.911445       0.875442         5.995407e-02      
   3.911445       0.962797         6.696137e-02      
   3.911445       1.052948         7.449641e-02      
   3.911445       1.145653         8.259379e-02      
   3.911445       1.240660         9.128780e-02      
   3.911445       1.337714         1.006109e-01      
   3.911445       1.436554         1.105916e-01      
   3.911445       1.536913         1.212527e-01      
   3.911445       1.638520         1.326085e-01      
   3.911445       1.741102         1.446626e-01      
   3.911445       1.844381         1.574049e-01      
   3.911445       1.948080         1.708093e-01      
   3.911445       2.051920         1.848315e-01      
   3.911445       2.155619         1.994070e-01      
   3.911445       2.258898         2.144495e-01      
   3.911445       2.361480         2.298512e-01      
   3.911445       2.463087         2.454830e-01      
   3.911445       2.563446         2.611961e-01      
   3.911445       2.662286         2.768257e-01      
   3.911445       2.759340         2.921944e-01      
   3.911445       2.854347         3.071186e-01      
   3.911445       2.947052         3.214142e-01      
   3.911445       3.037203         3.349040e-01      
   3.911445       3.124558         3.474248e-01      
   3.911445       3.208881         3.588352e-01      
   3.911445       3.289946         3.690217e-01      
   3.911445       3.367533         3.779048e-01      
   3.911445       3.441433         3.854434e-01      
   3.911445       3.511448         3.916369e-01      
   3.911445       3.577387         3.965260e-01      
   3.911445       3.639075         4.001904e-01      
   3.911445       3.696344         4.027436e-01      
   3.911445       3.749040         4.043267e-01      
   3.911445       3.797021         4.050996e-01      
   3.911445       3.840157         4.052316e-01      
   3.911445       3.878333         4.048936e-01      
   3.911445       3.911445         4.042489e-01      
   3.911445       3.939404         4.034481e-01      
   3.911445       3.962134         4.026230e-01      
   3.911445       3.979576         4.018838e-01      
   3.911445       3.991681         4.013167e-01      
   3.911445       3.998420         4.009818e-01      
   3.911445       4.008294         4.004662e-01      
   3.911445       4.043674         3.983771e-01      
   3.911445       4.107227         3.936827e-01      
   3.911445       4.198794         3.848386e-01      
   3.911445       4.318131         3.698156e-01      
   3.911445       4.464916         3.464423e-01      
   3.911445       4.638754         3.129678e-01      
   3.911445       4.839176         2.688543e-01      
   3.911445       5.065642         2.157131e-01      
   3.911445       5.317541         1.579953e-01      
   3.911445       5.594194         1.026599e-01      
   3.911445       5.894856         5.714635e-02      
   3.911445       6.218716         2.615206e-02      
   3.911445       6.564900         9.397794e-03      
   3.911445       6.932477         2.538429e-03      
   3.911445       7.320454         5.055550e-04      
   3.911445       7.727785         7.859802e-05      
   3.911445       8.153374         1.098439e-05      
   3.911445       8.596072         1.368030e-06      
   3.911445       9.054685         1.126392e-07      
   3.911445       9.527979         2.487245e-09      
   3.911445       10.014676        -4.251361e-10     
   3.911445       10.513464        -3.575149e-11     
   3.911445       11.023000        -8.094663e-13     
   3.911445       11.541909        -7.369584e-15     
   3.911445       12.068793        9.835641e-16      
   3.911445       12.602230        2.452015e-16      
   3.911445       13.140784        8.635882e-18      
   3.911445       13.683002        -2.489063e-19     
   3.911445       14.227422        -1.102997e-20     
   3.911445       14.772578        1.103099e-22      
   3.911445       15.316998        4.322759e-24      
   3.911445       15.859216        -2.203981e-26     
   3.911445       16.397770        -6.518343e-28     
   3.911445       16.931207        1.782274e-30      
   3.911445       17.458091        1.669551e-32      
   3.911445       17.977000        2.448428e-34      
   3.911445       18.486536        5.965038e-36      
   3.911445       18.985324        -2.457140e-37     
   3.911445       19.472021        2.899841e-39      
   3.911445       19.945315        2.152442e-37      
   3.911445       20.403928        2.596242e-35      
   3.911445       20.846626        2.812538e-33      
   3.911445       21.272215        2.666939e-31      
   3.911445       21.679546        2.158694e-29      
   3.911445       22.067523        1.455693e-27      
   3.911445       22.435100        7.982651e-26      
   3.911445       22.781284        3.483819e-24      
   3.911445       23.105144        1.181727e-22      
   3.911445       23.405806        3.059906e-21      
   3.911445       23.682459        5.964257e-20      
   3.911445       23.934358        8.441592e-19      
   3.911445       24.160824        8.844565e-18      
   3.911445       24.361246        6.894149e-17      
   3.911445       24.535084        3.595683e-16      
   3.911445       24.681869        1.228984e-15      
   3.911445       24.801206        3.088403e-15      
   3.911445       24.892773        6.882143e-15      
   3.911445       24.956326        1.765275e-14      
   3.911445       24.991706        9.878765e-14      
   3.939404       0.001580         9.604122e-05      
   3.939404       0.008319         5.057564e-04      
   3.939404       0.020424         1.241765e-03      
   3.939404       0.037866         2.302648e-03      
   3.939404       0.060596         3.685987e-03      
   3.939404       0.088555         5.390704e-03      
   3.939404       0.121667         7.411967e-03      
   3.939404       0.159843         9.746939e-03      
   3.939404       0.202979         1.239658e-02      
   3.939404       0.250960         1.536198e-02      
   3.939404       0.303656         1.864560e-02      
   3.939404       0.360925         2.225237e-02      
   3.939404       0.422613         2.619005e-02      
   3.939404       0.488552         3.046976e-02      
   3.939404       0.558567         3.510612e-02      
   3.939404       0.632467         4.011752e-02      
   3.939404       0.710054         4.552608e-02      
   3.939404       0.791119         5.135760e-02      
   3.939404       0.875442         5.764129e-02      
   3.939404       0.962797         6.440928e-02      
   3.939404       1.052948         7.169591e-02      
   3.939404       1.145653         7.953669e-02      
   3.939404       1.240660         8.796713e-02      
   3.939404       1.337714         9.702120e-02      
   3.939404       1.436554         1.067294e-01      
   3.939404       1.536913         1.171169e-01      
   3.939404       1.638520         1.282006e-01      
   3.939404       1.741102         1.399874e-01      
   3.939404       1.844381         1.524711e-01      
   3.939404       1.948080         1.656295e-01      
   3.939404       2.051920         1.794230e-01      
   3.939404       2.155619         1.937918e-01      
   3.939404       2.258898         2.086546e-01      
   3.939404       2.361480         2.239086e-01      
   3.939404       2.463087         2.394294e-01      
   3.939404       2.563446         2.550728e-01      
   3.939404       2.662286         2.706777e-01      
   3.939404       2.759340         2.860699e-01      
   3.939404       2.854347         3.010680e-01      
   3.939404       2.947052         3.154890e-01      
   3.939404       3.037203         3.291554e-01      
   3.939404       3.124558         3.419028e-01      
   3.939404       3.208881         3.535867e-01      
   3.939404       3.289946         3.640897e-01      
   3.939404       3.367533         3.733266e-01      
   3.939404       3.441433         3.812494e-01      
   3.939404       3.511448         3.878496e-01      
   3.939404       3.577387         3.931588e-01      
   3.939404       3.639075         3.972471e-01      
   3.939404       3.696344         4.002185e-01      
   3.939404       3.749040         4.022049e-01      
   3.939404       3.797021         4.033580e-01      
   3.939404       3.840157         4.038403e-01      
   3.939404       3.878333         4.038171e-01      
   3.939404       3.911445         4.034481e-01      
   3.939404       3.939404         4.028809e-01      
   3.939404       3.962134         4.022460e-01      
   3.939404       3.979576         4.016527e-01      
   3.939404       3.991681         4.011867e-01      
   3.939404       3.998420         4.009079e-01      
   3.939404       4.008294         4.004746e-01      
   3.939404       4.043674         3.986786e-01      
   3.939404       4.107227         3.945015e-01      
   3.939404       4.198794         3.863714e-01      
   3.939404       4.318131         3.722011e-01      
   3.939404       4.464916         3.497233e-01      
   3.939404       4.638754         3.170543e-01      
   3.939404       4.839176         2.734948e-01      
   3.939404       5.065642         2.204925e-01      
   3.939404       5.317541         1.623919e-01      
   3.939404       5.594194         1.061859e-01      
   3.939404       5.894856         5.953236e-02      
   3.939404       6.218716         2.745997e-02      
   3.939404       6.564900         9.951267e-03      
   3.939404       6.932477         2.710019e-03      
   3.939404       7.320454         5.428513e-04      
   3.939404       7.727785         8.433056e-05      
   3.939404       8.153374         1.170927e-05      
   3.939404       8.596072         1.458692e-06      
   3.939404       9.054685         1.219206e-07      
   3.939404       9.527979         2.961448e-09      
   3.939404       10.014676        -4.386398e-10     
   3.939404       10.513464        -3.887825e-11     
   3.939404       11.023000        -9.341285e-13     
   3.939404       11.541909        -6.130830e-15     
   3.939404       12.068793        1.201859e-15      
   3.939404       12.602230        2.546009e-16      
   3.939404       13.140784        8.892867e-18      
   3.939404       13.683002        -2.560496e-19     
   3.939404       14.227422        -1.145694e-20     
   3.939404       14.772578        1.122697e-22      
   3.939404       15.316998        4.497376e-24      
   3.939404       15.859216        -2.207251e-26     
   3.939404       16.397770        -6.783838e-28     
   3.939404       16.931207        1.718170e-30      
   3.939404       17.458091        1.700723e-32      
   3.939404       17.977000        2.691561e-34      
   3.939404       18.486536        6.314969e-36      
   3.939404       18.985324        -2.596998e-37     
   3.939404       19.472021        2.851888e-39      
   3.939404       19.945315        2.002020e-37      
   3.939404       20.403928        2.414907e-35      
   3.939404       20.846626        2.616235e-33      
   3.939404       21.272215        2.480908e-31      
   3.939404       21.679546        2.008189e-29      
   3.939404       22.067523        1.354241e-27      
   3.939404       22.435100        7.426488e-26      
   3.939404       22.781284        3.241153e-24      
   3.939404       23.105144        1.099428e-22      
   3.939404       23.405806        2.846831e-21      
   3.939404       23.682459        5.548960e-20      
   3.939404       23.934358        7.853831e-19      
   3.939404       24.160824        8.228724e-18      
   3.939404       24.361246        6.414046e-17      
   3.939404       24.535084        3.345281e-16      
   3.939404       24.681869        1.143409e-15      
   3.939404       24.801206        2.873367e-15      
   3.939404       24.892773        6.402851e-15      
   3.939404       24.956326        1.642260e-14      
   3.939404       24.991706        9.189834e-14      
   3.962134       0.001580         9.278719e-05      
   3.962134       0.008319         4.886207e-04      
   3.962134       0.020424         1.199692e-03      
   3.962134       0.037866         2.224640e-03      
   3.962134       0.060596         3.561125e-03      
   3.962134       0.088555         5.208161e-03      
   3.962134       0.121667         7.161139e-03      
   3.962134       0.159843         9.417362e-03      
   3.962134       0.202979         1.197789e-02      
   3.962134       0.250960         1.484396e-02      
   3.962134       0.303656         1.801820e-02      
   3.962134       0.360925         2.150570e-02      
   3.962134       0.422613         2.531436e-02      
   3.962134       0.488552         2.945545e-02      
   3.962134       0.558567         3.394375e-02      
   3.962134       0.632467         3.879783e-02      
   3.962134       0.710054         4.403997e-02      
   3.962134       0.791119         4.969620e-02      
   3.962134       0.875442         5.579602e-02      
   3.962134       0.962797         6.237197e-02      
   3.962134       1.052948         6.945890e-02      
   3.962134       1.145653         7.709302e-02      
   3.962134       1.240660         8.531074e-02      
   3.962134       1.337714         9.414719e-02      
   3.962134       1.436554         1.036344e-01      
   3.962134       1.536913         1.137992e-01      
   3.962134       1.638520         1.246608e-01      
   3.962134       1.741102         1.362286e-01      
   3.962134       1.844381         1.484993e-01      
   3.962134       1.948080         1.614542e-01      
   3.962134       2.051920         1.750571e-01      
   3.962134       2.155619         1.892520e-01      
   3.962134       2.258898         2.039621e-01      
   3.962134       2.361480         2.190882e-01      
   3.962134       2.463087         2.345101e-01      
   3.962134       2.563446         2.500871e-01      
   3.962134       2.662286         2.656615e-01      
   3.962134       2.759340         2.810617e-01      
   3.962134       2.854347         2.961082e-01      
   3.962134       2.947052         3.106189e-01      
   3.962134       3.037203         3.244165e-01      
   3.962134       3.124558         3.373354e-01      
   3.962134       3.208881         3.492292e-01      
   3.962134       3.289946         3.599771e-01      
   3.962134       3.367533         3.694896e-01      
   3.962134       3.441433         3.777134e-01      
   3.962134       3.511448         3.846336e-01      
   3.962134       3.577387         3.902749e-01      
   3.962134       3.639075         3.946997e-01      
   3.962134       3.696344         3.980044e-01      
   3.962134       3.749040         4.003135e-01      
   3.962134       3.797021         4.017719e-01      
   3.962134       3.840157         4.025367e-01      
   3.962134       3.878333         4.027683e-01      
   3.962134       3.911445         4.026230e-01      
   3.962134       3.939404         4.022460e-01      
   3.962134       3.962134         4.017663e-01      
   3.962134       3.979576         4.012922e-01      
   3.962134       3.991681         4.009088e-01      
   3.962134       3.998420         4.006761e-01      
   3.962134       4.008294         4.003101e-01      
   3.962134       4.043674         3.987547e-01      
   3.962134       4.107227         3.950041e-01      
   3.962134       4.198794         3.874665e-01      
   3.962134       4.318131         3.740090e-01      
   3.962134       4.464916         3.522873e-01      
   3.962134       4.638754         3.203086e-01      
   3.962134       4.839176         2.772399e-01      
   3.962134       5.065642         2.243908e-01      
   3.962134       5.317541         1.660118e-01      
   3.962134       5.594194         1.091151e-01      
   3.962134       5.894856         6.153228e-02      
   3.962134       6.218716         2.856637e-02      
   3.962134       6.564900         1.042396e-02      
   3.962134       6.932477         2.857989e-03      
   3.962134       7.320454         5.752969e-04      
   3.962134       7.727785         8.933984e-05      
   3.962134       8.153374         1.233954e-05      
   3.962134       8.596072         1.536991e-06      
   3.962134       9.054685         1.299779e-07      
   3.962134       9.527979         3.383679e-09      
   3.962134       10.014676        -4.491609e-10     
   3.962134       10.513464        -4.156376e-11     
   3.962134       11.023000        -1.045215e-12     
   3.962134       11.541909        -5.185761e-15     
   3.962134       12.068793        1.394060e-15      
   3.962134       12.602230        2.627893e-16      
   3.962134       13.140784        9.107920e-18      
   3.962134       13.683002        -2.621543e-19     
   3.962134       14.227422        -1.181760e-20     
   3.962134       14.772578        1.138932e-22      
   3.962134       15.316998        4.644807e-24      
   3.962134       15.859216        -2.207765e-26     
   3.962134       16.397770        -7.007480e-28     
   3.962134       16.931207        1.659575e-30      
   3.962134       17.458091        1.724194e-32      
   3.962134       17.977000        2.902385e-34      
   3.962134       18.486536        6.616586e-36      
   3.962134       18.985324        -2.716983e-37     
   3.962134       19.472021        2.820175e-39      
   3.962134       19.945315        1.885509e-37      
   3.962134       20.403928        2.274428e-35      
   3.962134       20.846626        2.464138e-33      
   3.962134       21.272215        2.336752e-31      
   3.962134       21.679546        1.891548e-29      
   3.962134       22.067523        1.275608e-27      
   3.962134       22.435100        6.995378e-26      
   3.962134       22.781284        3.053035e-24      
   3.962134       23.105144        1.035624e-22      
   3.962134       23.405806        2.681627e-21      
   3.962134       23.682459        5.226946e-20      
   3.962134       23.934358        7.398066e-19      
   3.962134       24.160824        7.751162e-18      
   3.962134       24.361246        6.041730e-17      
   3.962134       24.535084        3.151089e-16      
   3.962134       24.681869        1.077041e-15      
   3.962134       24.801206        2.706590e-15      
   3.962134       24.892773        6.031118e-15      
   3.962134       24.956326        1.546851e-14      
   3.962134       24.991706        8.655519e-14      
   3.979576       0.001580         9.033392e-05      
   3.979576       0.008319         4.757017e-04      
   3.979576       0.020424         1.167972e-03      
   3.979576       0.037866         2.165827e-03      
   3.979576       0.060596         3.466988e-03      
   3.979576       0.088555         5.070533e-03      
   3.979576       0.121667         6.972024e-03      
   3.979576       0.159843         9.168862e-03      
   3.979576       0.202979         1.166218e-02      
   3.979576       0.250960         1.445333e-02      
   3.979576       0.303656         1.754505e-02      
   3.979576       0.360925         2.094254e-02      
   3.979576       0.422613         2.465381e-02      
   3.979576       0.488552         2.869020e-02      
   3.979576       0.558567         3.306663e-02      
   3.979576       0.632467         3.780174e-02      
   3.979576       0.710054         4.291796e-02      
   3.979576       0.791119         4.844143e-02      
   3.979576       0.875442         5.440185e-02      
   3.979576       0.962797         6.083203e-02      
   3.979576       1.052948         6.776718e-02      
   3.979576       1.145653         7.524400e-02      
   3.979576       1.240660         8.329953e-02      
   3.979576       1.337714         9.196975e-02      
   3.979576       1.436554         1.012878e-01      
   3.979576       1.536913         1.112817e-01      
   3.979576       1.638520         1.219725e-01      
   3.979576       1.741102         1.333713e-01      
   3.979576       1.844381         1.454770e-01      
   3.979576       1.948080         1.582736e-01      
   3.979576       2.051920         1.717276e-01      
   3.979576       2.155619         1.857859e-01      
   3.979576       2.258898         2.003747e-01      
   3.979576       2.361480         2.153981e-01      
   3.979576       2.463087         2.307388e-01      
   3.979576       2.563446         2.462591e-01      
   3.979576       2.662286         2.618038e-01      
   3.979576       2.759340         2.772034e-01      
   3.979576       2.854347         2.922799e-01      
   3.979576       2.947052         3.068520e-01      
   3.979576       3.037203         3.207427e-01      
   3.979576       3.124558         3.337857e-01      
   3.979576       3.208881         3.458328e-01      
   3.979576       3.289946         3.567610e-01      
   3.979576       3.367533         3.664777e-01      
   3.979576       3.441433         3.749254e-01      
   3.979576       3.511448         3.820846e-01      
   3.979576       3.577387         3.879748e-01      
   3.979576       3.639075         3.926526e-01      
   3.979576       3.696344         3.962087e-01      
   3.979576       3.749040         3.987620e-01      
   3.979576       3.797021         4.004522e-01      
   3.979576       3.840157         4.014319e-01      
   3.979576       3.878333         4.018580e-01      
   3.979576       3.911445         4.018838e-01      
   3.979576       3.939404         4.016527e-01      
   3.979576       3.962134         4.012922e-01      
   3.979576       3.979576         4.009097e-01      
   3.979576       3.991681         4.005900e-01      
   3.979576       3.998420         4.003927e-01      
   3.979576       4.008294         4.000787e-01      
   3.979576       4.043674         3.987091e-01      
   3.979576       4.107227         3.952890e-01      
   3.979576       4.198794         3.882125e-01      
   3.979576       4.318131         3.753135e-01      
   3.979576       4.464916         3.541889e-01      
   3.979576       4.638754         3.227615e-01      
   3.979576       4.839176         2.800942e-01      
   3.979576       5.065642         2.273877e-01      
   3.979576       5.317541         1.688160e-01      
   3.979576       5.594194         1.114005e-01      
   3.979576       5.894856         6.310388e-02      
   3.979576       6.218716         2.944224e-02      
   3.979576       6.564900         1.080101e-02      
   3.979576       6.932477         2.976939e-03      
   3.979576       7.320454         6.015640e-04      
   3.979576       7.727785         9.341053e-05      
   3.979576       8.153374         1.284981e-05      
   3.979576       8.596072         1.600035e-06      
   3.979576       9.054685         1.364898e-07      
   3.979576       9.527979         3.731586e-09      
   3.979576       10.014676        -4.568976e-10     
   3.979576       10.513464        -4.371487e-11     
   3.979576       11.023000        -1.136777e-12     
   3.979576       11.541909        -4.507506e-15     
   3.979576       12.068793        1.550953e-15      
   3.979576       12.602230        2.694297e-16      
   3.979576       13.140784        9.276884e-18      
   3.979576       13.683002        -2.670310e-19     
   3.979576       14.227422        -1.210294e-20     
   3.979576       14.772578        1.151582e-22      
   3.979576       15.316998        4.761384e-24      
   3.979576       15.859216        -2.206763e-26     
   3.979576       16.397770        -7.183970e-28     
   3.979576       16.931207        1.610422e-30      
   3.979576       17.458091        1.740913e-32      
   3.979576       17.977000        3.072593e-34      
   3.979576       18.486536        6.859026e-36      
   3.979576       18.985324        -2.813068e-37     
   3.979576       19.472021        2.800273e-39      
   3.979576       19.945315        1.799527e-37      
   3.979576       20.403928        2.170743e-35      
   3.979576       20.846626        2.351867e-33      
   3.979576       21.272215        2.230331e-31      
   3.979576       21.679546        1.805432e-29      
   3.979576       22.067523        1.217548e-27      
   3.979576       22.435100        6.677038e-26      
   3.979576       22.781284        2.914115e-24      
   3.979576       23.105144        9.885032e-23      
   3.979576       23.405806        2.559614e-21      
   3.979576       23.682459        4.989108e-20      
   3.979576       23.934358        7.061427e-19      
   3.979576       24.160824        7.398409e-18      
   3.979576       24.361246        5.766709e-17      
   3.979576       24.535084        3.007640e-16      
   3.979576       24.681869        1.028014e-15      
   3.979576       24.801206        2.583387e-15      
   3.979576       24.892773        5.756502e-15      
   3.979576       24.956326        1.476368e-14      
   3.979576       24.991706        8.260806e-14      
   3.991681       0.001580         8.865363e-05      
   3.991681       0.008319         4.668533e-04      
   3.991681       0.020424         1.146247e-03      
   3.991681       0.037866         2.125545e-03      
   3.991681       0.060596         3.402511e-03      
   3.991681       0.088555         4.976268e-03      
   3.991681       0.121667         6.842490e-03      
   3.991681       0.159843         8.998648e-03      
   3.991681       0.202979         1.144593e-02      
   3.991681       0.250960         1.418574e-02      
   3.991681       0.303656         1.722091e-02      
   3.991681       0.360925         2.055671e-02      
   3.991681       0.422613         2.420120e-02      
   3.991681       0.488552         2.816580e-02      
   3.991681       0.558567         3.246547e-02      
   3.991681       0.632467         3.711893e-02      
   3.991681       0.710054         4.214866e-02      
   3.991681       0.791119         4.758089e-02      
   3.991681       0.875442         5.344545e-02      
   3.991681       0.962797         5.977529e-02      
   3.991681       1.052948         6.660586e-02      
   3.991681       1.145653         7.397418e-02      
   3.991681       1.240660         8.191770e-02      
   3.991681       1.337714         9.047297e-02      
   3.991681       1.436554         9.967379e-02      
   3.991681       1.536913         1.095492e-01      
   3.991681       1.638520         1.201212e-01      
   3.991681       1.741102         1.314023e-01      
   3.991681       1.844381         1.433929e-01      
   3.991681       1.948080         1.560786e-01      
   3.991681       2.051920         1.694278e-01      
   3.991681       2.155619         1.833896e-01      
   3.991681       2.258898         1.978923e-01      
   3.991681       2.361480         2.128421e-01      
   3.991681       2.463087         2.281238e-01      
   3.991681       2.563446         2.436019e-01      
   3.991681       2.662286         2.591227e-01      
   3.991681       2.759340         2.745185e-01      
   3.991681       2.854347         2.896122e-01      
   3.991681       2.947052         3.042232e-01      
   3.991681       3.037203         3.181746e-01      
   3.991681       3.124558         3.312997e-01      
   3.991681       3.208881         3.434494e-01      
   3.991681       3.289946         3.544988e-01      
   3.991681       3.367533         3.643534e-01      
   3.991681       3.441433         3.729529e-01      
   3.991681       3.511448         3.802747e-01      
   3.991681       3.577387         3.863345e-01      
   3.991681       3.639075         3.911852e-01      
   3.991681       3.696344         3.949135e-01      
   3.991681       3.749040         3.976344e-01      
   3.991681       3.797021         3.994841e-01      
   3.991681       3.840157         4.006120e-01      
   3.991681       3.878333         4.011724e-01      
   3.991681       3.911445         4.013167e-01      
   3.991681       3.939404         4.011867e-01      
   3.991681       3.962134         4.009088e-01      
   3.991681       3.979576         4.005900e-01      
   3.991681       3.991681         4.003146e-01      
   3.991681       3.998420         4.001420e-01      
   3.991681       4.008294         3.998641e-01      
   3.991681       4.043674         3.986239e-01      
   3.991681       4.107227         3.954345e-01      
   3.991681       4.198794         3.886813e-01      
   3.991681       4.318131         3.761757e-01      
   3.991681       4.464916         3.554740e-01      
   3.991681       4.638754         3.244402e-01      
   3.991681       4.839176         2.820643e-01      
   3.991681       5.065642         2.294700e-01      
   3.991681       5.317541         1.707753e-01      
   3.991681       5.594194         1.130059e-01      
   3.991681       5.894856         6.421378e-02      
   3.991681       6.218716         3.006416e-02      
   3.991681       6.564900         1.107027e-02      
   3.991681       6.932477         3.062367e-03      
   3.991681       7.320454         6.205281e-04      
   3.991681       7.727785         9.635798e-05      
   3.991681       8.153374         1.321833e-05      
   3.991681       8.596072         1.645375e-06      
   3.991681       9.054685         1.411854e-07      
   3.991681       9.527979         3.985935e-09      
   3.991681       10.014676        -4.620710e-10     
   3.991681       10.513464        -4.525536e-11     
   3.991681       11.023000        -1.203722e-12     
   3.991681       11.541909        -4.064625e-15     
   3.991681       12.068793        1.664838e-15      
   3.991681       12.602230        2.742316e-16      
   3.991681       13.140784        9.396271e-18      
   3.991681       13.683002        -2.705189e-19     
   3.991681       14.227422        -1.230552e-20     
   3.991681       14.772578        1.160464e-22      
   3.991681       15.316998        4.844111e-24      
   3.991681       15.859216        -2.205317e-26     
   3.991681       16.397770        -7.309020e-28     
   3.991681       16.931207        1.574061e-30      
   3.991681       17.458091        1.751794e-32      
   3.991681       17.977000        3.195219e-34      
   3.991681       18.486536        7.033156e-36      
   3.991681       18.985324        -2.881889e-37     
   3.991681       19.472021        2.788726e-39      
   3.991681       19.945315        1.741555e-37      
   3.991681       20.403928        2.100830e-35      
   3.991681       20.846626        2.276158e-33      
   3.991681       21.272215        2.158561e-31      
   3.991681       21.679546        1.747352e-29      
   3.991681       22.067523        1.178388e-27      
   3.991681       22.435100        6.462312e-26      
   3.991681       22.781284        2.820406e-24      
   3.991681       23.105144        9.567167e-23      
   3.991681       23.405806        2.477303e-21      
   3.991681       23.682459        4.828656e-20      
   3.991681       23.934358        6.834313e-19      
   3.991681       24.160824        7.160418e-18      
   3.991681       24.361246        5.581157e-17      
   3.991681       24.535084        2.910856e-16      
   3.991681       24.681869        9.949347e-16      
   3.991681       24.801206        2.500259e-15      
   3.991681       24.892773        5.571211e-15      
   3.991681       24.956326        1.428812e-14      
   3.991681       24.991706        7.994485e-14      
   3.998420       0.001580         8.772619e-05      
   3.998420       0.008319         4.619693e-04      
   3.998420       0.020424         1.134255e-03      
   3.998420       0.037866         2.103311e-03      
   3.998420       0.060596         3.366923e-03      
   3.998420       0.088555         4.924237e-03      
   3.998420       0.121667         6.770991e-03      
   3.998420       0.159843         8.904693e-03      
   3.998420       0.202979         1.132655e-02      
   3.998420       0.250960         1.403802e-02      
   3.998420       0.303656         1.704197e-02      
   3.998420       0.360925         2.034370e-02      
   3.998420       0.422613         2.395131e-02      
   3.998420       0.488552         2.787626e-02      
   3.998420       0.558567         3.213352e-02      
   3.998420       0.632467         3.674185e-02      
   3.998420       0.710054         4.172375e-02      
   3.998420       0.791119         4.710552e-02      
   3.998420       0.875442         5.291702e-02      
   3.998420       0.962797         5.919130e-02      
   3.998420       1.052948         6.596393e-02      
   3.998420       1.145653         7.327209e-02      
   3.998420       1.240660         8.115347e-02      
   3.998420       1.337714         8.964490e-02      
   3.998420       1.436554         9.878057e-02      
   3.998420       1.536913         1.085900e-01      
   3.998420       1.638520         1.190958e-01      
   3.998420       1.741102         1.303113e-01      
   3.998420       1.844381         1.422375e-01      
   3.998420       1.948080         1.548611e-01      
   3.998420       2.051920         1.681516e-01      
   3.998420       2.155619         1.820591e-01      
   3.998420       2.258898         1.965131e-01      
   3.998420       2.361480         2.114211e-01      
   3.998420       2.463087         2.266691e-01      
   3.998420       2.563446         2.421226e-01      
   3.998420       2.662286         2.576291e-01      
   3.998420       2.759340         2.730215e-01      
   3.998420       2.854347         2.881234e-01      
   3.998420       2.947052         3.027548e-01      
   3.998420       3.037203         3.167387e-01      
   3.998420       3.124558         3.299081e-01      
   3.998420       3.208881         3.421134e-01      
   3.998420       3.289946         3.532290e-01      
   3.998420       3.367533         3.631590e-01      
   3.998420       3.441433         3.718418e-01      
   3.998420       3.511448         3.792528e-01      
   3.998420       3.577387         3.854059e-01      
   3.998420       3.639075         3.903519e-01      
   3.998420       3.696344         3.941752e-01      
   3.998420       3.749040         3.969888e-01      
   3.998420       3.797021         3.989268e-01      
   3.998420       3.840157         4.001368e-01      
   3.998420       3.878333         4.007717e-01      
   3.998420       3.911445         4.009818e-01      
   3.998420       3.939404         4.009079e-01      
   3.998420       3.962134         4.006761e-01      
   3.998420       3.979576         4.003927e-01      
   3.998420       3.991681         4.001420e-01      
   3.998420       3.998420         3.999831e-01      
   3.998420       4.008294         3.997254e-01      
   3.998420       4.043674         3.985574e-01      
   3.998420       4.107227         3.954969e-01      
   3.998420       4.198794         3.889247e-01      
   3.998420       4.318131         3.766401e-01      
   3.998420       4.464916         3.561768e-01      
   3.998420       4.638754         3.253661e-01      
   3.998420       4.839176         2.831570e-01      
   3.998420       5.065642         2.306298e-01      
   3.998420       5.317541         1.718707e-01      
   3.998420       5.594194         1.139065e-01      
   3.998420       5.894856         6.483851e-02      
   3.998420       6.218716         3.041545e-02      
   3.998420       6.564900         1.122290e-02      
   3.998420       6.932477         3.110972e-03      
   3.998420       7.320454         6.313545e-04      
   3.998420       7.727785         9.804385e-05      
   3.998420       8.153374         1.342877e-05      
   3.998420       8.596072         1.671197e-06      
   3.998420       9.054685         1.438639e-07      
   3.998420       9.527979         4.132282e-09      
   3.998420       10.014676        -4.648749e-10     
   3.998420       10.513464        -4.613016e-11     
   3.998420       11.023000        -1.242240e-12     
   3.998420       11.541909        -3.828991e-15     
   3.998420       12.068793        1.730060e-15      
   3.998420       12.602230        2.769761e-16      
   3.998420       13.140784        9.463514e-18      
   3.998420       13.683002        -2.724985e-19     
   3.998420       14.227422        -1.241995e-20     
   3.998420       14.772578        1.165446e-22      
   3.998420       15.316998        4.890824e-24      
   3.998420       15.859216        -2.204236e-26     
   3.998420       16.397770        -7.379561e-28     
   3.998420       16.931207        1.552994e-30      
   3.998420       17.458091        1.757579e-32      
   3.998420       17.977000        3.265128e-34      
   3.998420       18.486536        7.132243e-36      
   3.998420       18.985324        -2.920982e-37     
   3.998420       19.472021        2.783104e-39      
   3.998420       19.945315        1.709877e-37      
   3.998420       20.403928        2.062624e-35      
   3.998420       20.846626        2.234783e-33      
   3.998420       21.272215        2.119337e-31      
   3.998420       21.679546        1.715608e-29      
   3.998420       22.067523        1.156985e-27      
   3.998420       22.435100        6.344946e-26      
   3.998420       22.781284        2.769185e-24      
   3.998420       23.105144        9.393416e-23      
   3.998420       23.405806        2.432310e-21      
   3.998420       23.682459        4.740946e-20      
   3.998420       23.934358        6.710160e-19      
   3.998420       24.160824        7.030316e-18      
   3.998420       24.361246        5.479720e-17      
   3.998420       24.535084        2.857946e-16      
   3.998420       24.681869        9.768509e-16      
   3.998420       24.801206        2.454814e-15      
   3.998420       24.892773        5.469912e-15      
   3.998420       24.956326        1.402813e-14      
   3.998420       24.991706        7.848889e-14      
   4.008294       0.001580         8.637779e-05      
   4.008294       0.008319         4.548687e-04      
   4.008294       0.020424         1.116821e-03      
   4.008294       0.037866         2.070986e-03      
   4.008294       0.060596         3.315182e-03      
   4.008294       0.088555         4.848589e-03      
   4.008294       0.121667         6.667037e-03      
   4.008294       0.159843         8.768088e-03      
   4.008294       0.202979         1.115299e-02      
   4.008294       0.250960         1.382324e-02      
   4.008294       0.303656         1.678178e-02      
   4.008294       0.360925         2.003396e-02      
   4.008294       0.422613         2.358792e-02      
   4.008294       0.488552         2.745517e-02      
   4.008294       0.558567         3.165071e-02      
   4.008294       0.632467         3.619334e-02      
   4.008294       0.710054         4.110561e-02      
   4.008294       0.791119         4.641387e-02      
   4.008294       0.875442         5.214806e-02      
   4.008294       0.962797         5.834134e-02      
   4.008294       1.052948         6.502944e-02      
   4.008294       1.145653         7.224979e-02      
   4.008294       1.240660         8.004039e-02      
   4.008294       1.337714         8.843850e-02      
   4.008294       1.436554         9.747888e-02      
   4.008294       1.536913         1.071917e-01      
   4.008294       1.638520         1.176006e-01      
   4.008294       1.741102         1.287196e-01      
   4.008294       1.844381         1.405512e-01      
   4.008294       1.948080         1.530835e-01      
   4.008294       2.051920         1.662872e-01      
   4.008294       2.155619         1.801145e-01      
   4.008294       2.258898         1.944963e-01      
   4.008294       2.361480         2.093420e-01      
   4.008294       2.463087         2.245394e-01      
   4.008294       2.563446         2.399556e-01      
   4.008294       2.662286         2.554395e-01      
   4.008294       2.759340         2.708255e-01      
   4.008294       2.854347         2.859379e-01      
   4.008294       2.947052         3.005974e-01      
   4.008294       3.037203         3.146270e-01      
   4.008294       3.124558         3.278595e-01      
   4.008294       3.208881         3.401446e-01      
   4.008294       3.289946         3.513553e-01      
   4.008294       3.367533         3.613941e-01      
   4.008294       3.441433         3.701971e-01      
   4.008294       3.511448         3.777374e-01      
   4.008294       3.577387         3.840258e-01      
   4.008294       3.639075         3.891100e-01      
   4.008294       3.696344         3.930715e-01      
   4.008294       3.749040         3.960199e-01      
   4.008294       3.797021         3.980864e-01      
   4.008294       3.840157         3.994162e-01      
   4.008294       3.878333         4.001600e-01      
   4.008294       3.911445         4.004662e-01      
   4.008294       3.939404         4.004746e-01      
   4.008294       3.962134         4.003101e-01      
   4.008294       3.979576         4.000787e-01      
   4.008294       3.991681         3.998641e-01      
   4.008294       3.998420         3.997254e-01      
   4.008294       4.008294         3.994972e-01      
   4.008294       4.043674         3.984351e-01      
   4.008294       4.107227         3.955641e-01      
   4.008294       4.198794         3.892585e-01      
   4.008294       4.318131         3.773001e-01      
   4.008294       4.464916         3.571899e-01      
   4.008294       4.638754         3.267112e-01      
   4.008294       4.839176         2.847524e-01      
   4.008294       5.065642         2.323296e-01      
   4.008294       5.317541         1.734813e-01      
   4.008294       5.594194         1.152347e-01      
   4.008294       5.894856         6.576267e-02      
   4.008294       6.218716         3.093672e-02      
   4.008294       6.564900         1.145011e-02      
   4.008294       6.932477         3.183563e-03      
   4.008294       7.320454         6.475722e-04      
   4.008294       7.727785         1.005736e-04      
   4.008294       8.153374         1.374413e-05      
   4.008294       8.596072         1.709799e-06      
   4.008294       9.054685         1.478735e-07      
   4.008294       9.527979         4.353004e-09      
   4.008294       10.014676        -4.688775e-10     
   4.008294       10.513464        -4.743435e-11     
   4.008294       11.023000        -1.300330e-12     
   4.008294       11.541909        -3.498983e-15     
   4.008294       12.068793        1.828013e-15      
   4.008294       12.602230        2.810917e-16      
   4.008294       13.140784        9.563062e-18      
   4.008294       13.683002        -2.754491e-19     
   4.008294       14.227422        -1.258977e-20     
   4.008294       14.772578        1.172793e-22      
   4.008294       15.316998        4.960126e-24      
   4.008294       15.859216        -2.202285e-26     
   4.008294       16.397770        -7.484116e-28     
   4.008294       16.931207        1.521038e-30      
   4.008294       17.458091        1.765684e-32      
   4.008294       17.977000        3.369719e-34      
   4.008294       18.486536        7.280250e-36      
   4.008294       18.985324        -2.979283e-37     
   4.008294       19.472021        2.775911e-39      
   4.008294       19.945315        1.664227e-37      
   4.008294       20.403928        2.007564e-35      
   4.008294       20.846626        2.175152e-33      
   4.008294       21.272215        2.062805e-31      
   4.008294       21.679546        1.669855e-29      
   4.008294       22.067523        1.126134e-27      
   4.008294       22.435100        6.175770e-26      
   4.008294       22.781284        2.695350e-24      
   4.008294       23.105144        9.142952e-23      
   4.008294       23.405806        2.367449e-21      
   4.008294       23.682459        4.614506e-20      
   4.008294       23.934358        6.531181e-19      
   4.008294       24.160824        6.842759e-18      
   4.008294       24.361246        5.333486e-17      
   4.008294       24.535084        2.781668e-16      
   4.008294       24.681869        9.507800e-16      
   4.008294       24.801206        2.389296e-15      
   4.008294       24.892773        5.323872e-15      
   4.008294       24.956326        1.365331e-14      
   4.008294       24.991706        7.638988e-14      
   4.043674       0.001580         8.164783e-05      
   4.043674       0.008319         4.299606e-04      
   4.043674       0.020424         1.055665e-03      
   4.043674       0.037866         1.957591e-03      
   4.043674       0.060596         3.133678e-03      
   4.043674       0.088555         4.583218e-03      
   4.043674       0.121667         6.302356e-03      
   4.043674       0.159843         8.288840e-03      
   4.043674       0.202979         1.054403e-02      
   4.043674       0.250960         1.306963e-02      
   4.043674       0.303656         1.586876e-02      
   4.043674       0.360925         1.894692e-02      
   4.043674       0.422613         2.231242e-02      
   4.043674       0.488552         2.597686e-02      
   4.043674       0.558567         2.995535e-02      
   4.043674       0.632467         3.426676e-02      
   4.043674       0.710054         3.893374e-02      
   4.043674       0.791119         4.398279e-02      
   4.043674       0.875442         4.944406e-02      
   4.043674       0.962797         5.535103e-02      
   4.043674       1.052948         6.173994e-02      
   4.043674       1.145653         6.864893e-02      
   4.043674       1.240660         7.611708e-02      
   4.043674       1.337714         8.418302e-02      
   4.043674       1.436554         9.288339e-02      
   4.043674       1.536913         1.022508e-01      
   4.043674       1.638520         1.123116e-01      
   4.043674       1.741102         1.230838e-01      
   4.043674       1.844381         1.345738e-01      
   4.043674       1.948080         1.467745e-01      
   4.043674       2.051920         1.596622e-01      
   4.043674       2.155619         1.731948e-01      
   4.043674       2.258898         1.873095e-01      
   4.043674       2.361480         2.019221e-01      
   4.043674       2.463087         2.169267e-01      
   4.043674       2.563446         2.321964e-01      
   4.043674       2.662286         2.475856e-01      
   4.043674       2.759340         2.629332e-01      
   4.043674       2.854347         2.780672e-01      
   4.043674       2.947052         2.928104e-01      
   4.043674       3.037203         3.069867e-01      
   4.043674       3.124558         3.204279e-01      
   4.043674       3.208881         3.329812e-01      
   4.043674       3.289946         3.445153e-01      
   4.043674       3.367533         3.549267e-01      
   4.043674       3.441433         3.641442e-01      
   4.043674       3.511448         3.721320e-01      
   4.043674       3.577387         3.788910e-01      
   4.043674       3.639075         3.844581e-01      
   4.043674       3.696344         3.889034e-01      
   4.043674       3.749040         3.923256e-01      
   4.043674       3.797021         3.948456e-01      
   4.043674       3.840157         3.965991e-01      
   4.043674       3.878333         3.977289e-01      
   4.043674       3.911445         3.983771e-01      
   4.043674       3.939404         3.986786e-01      
   4.043674       3.962134         3.987547e-01      
   4.043674       3.979576         3.987091e-01      
   4.043674       3.991681         3.986239e-01      
   4.043674       3.998420         3.985574e-01      
   4.043674       4.008294         3.984351e-01      
   4.043674       4.043674         3.977536e-01      
   4.043674       4.107227         3.955658e-01      
   4.043674       4.198794         3.902273e-01      
   4.043674       4.318131         3.794613e-01      
   4.043674       4.464916         3.606534e-01      
   4.043674       4.638754         3.314135e-01      
   4.043674       4.839176         2.904100e-01      
   4.043674       5.065642         2.384223e-01      
   4.043674       5.317541         1.793066e-01      
   4.043674       5.594194         1.200795e-01      
   4.043674       5.894856         6.916177e-02      
   4.043674       6.218716         3.287036e-02      
   4.043674       6.564900         1.230042e-02      
   4.043674       6.932477         3.457677e-03      
   4.043674       7.320454         7.093275e-04      
   4.043674       7.727785         1.102543e-04      
   4.043674       8.153374         1.494667e-05      
   4.043674       8.596072         1.856004e-06      
   4.043674       9.054685         1.631121e-07      
   4.043674       9.527979         5.208923e-09      
   4.043674       10.014676        -4.820609e-10     
   4.043674       10.513464        -5.233370e-11     
   4.043674       11.023000        -1.525498e-12     
   4.043674       11.541909        -2.485916e-15     
   4.043674       12.068793        2.203317e-15      
   4.043674       12.602230        2.968184e-16      
   4.043674       13.140784        9.930394e-18      
   4.043674       13.683002        -2.865369e-19     
   4.043674       14.227422        -1.322030e-20     
   4.043674       14.772578        1.199619e-22      
   4.043674       15.316998        5.217151e-24      
   4.043674       15.859216        -2.191525e-26     
   4.043674       16.397770        -7.870855e-28     
   4.043674       16.931207        1.395344e-30      
   4.043674       17.458091        1.790783e-32      
   4.043674       17.977000        3.766578e-34      
   4.043674       18.486536        7.839537e-36      
   4.043674       18.985324        -3.198636e-37     
   4.043674       19.472021        2.760365e-39      
   4.043674       19.945315        1.507894e-37      
   4.043674       20.403928        1.818976e-35      
   4.043674       20.846626        1.970886e-33      
   4.043674       21.272215        1.869130e-31      
   4.043674       21.679546        1.513094e-29      
   4.043674       22.067523        1.020422e-27      
   4.043674       22.435100        5.596038e-26      
   4.043674       22.781284        2.442316e-24      
   4.043674       23.105144        8.284540e-23      
   4.043674       23.405806        2.145142e-21      
   4.043674       23.682459        4.181110e-20      
   4.043674       23.934358        5.917675e-19      
   4.043674       24.160824        6.199822e-18      
   4.043674       24.361246        4.832186e-17      
   4.043674       24.535084        2.520177e-16      
   4.043674       24.681869        8.614025e-16      
   4.043674       24.801206        2.164678e-15      
   4.043674       24.892773        4.823187e-15      
   4.043674       24.956326        1.236827e-14      
   4.043674       24.991706        6.919384e-14      
   4.107227       0.001580         7.355552e-05      
   4.107227       0.008319         3.873463e-04      
   4.107227       0.020424         9.510360e-04      
   4.107227       0.037866         1.763585e-03      
   4.107227       0.060596         2.823145e-03      
   4.107227       0.088555         4.129174e-03      
   4.107227       0.121667         5.678352e-03      
   4.107227       0.159843         7.468730e-03      
   4.107227       0.202979         9.501838e-03      
   4.107227       0.250960         1.177965e-02      
   4.107227       0.303656         1.430556e-02      
   4.107227       0.360925         1.708531e-02      
   4.107227       0.422613         2.012734e-02      
   4.107227       0.488552         2.344333e-02      
   4.107227       0.558567         2.704838e-02      
   4.107227       0.632467         3.096134e-02      
   4.107227       0.710054         3.520484e-02      
   4.107227       0.791119         3.980540e-02      
   4.107227       0.875442         4.479328e-02      
   4.107227       0.962797         5.020223e-02      
   4.107227       1.052948         5.606901e-02      
   4.107227       1.145653         6.243273e-02      
   4.107227       1.240660         6.933390e-02      
   4.107227       1.337714         7.681323e-02      
   4.107227       1.436554         8.491018e-02      
   4.107227       1.536913         9.366112e-02      
   4.107227       1.638520         1.030973e-01      
   4.107227       1.741102         1.132423e-01      
   4.107227       1.844381         1.241100e-01      
   4.107227       1.948080         1.357012e-01      
   4.107227       2.051920         1.480018e-01      
   4.107227       2.155619         1.609797e-01      
   4.107227       2.258898         1.745834e-01      
   4.107227       2.361480         1.887399e-01      
   4.107227       2.463087         2.033549e-01      
   4.107227       2.563446         2.183126e-01      
   4.107227       2.662286         2.334776e-01      
   4.107227       2.759340         2.486979e-01      
   4.107227       2.854347         2.638083e-01      
   4.107227       2.947052         2.786364e-01      
   4.107227       3.037203         2.930084e-01      
   4.107227       3.124558         3.067554e-01      
   4.107227       3.208881         3.197208e-01      
   4.107227       3.289946         3.317667e-01      
   4.107227       3.367533         3.427798e-01      
   4.107227       3.441433         3.526767e-01      
   4.107227       3.511448         3.614065e-01      
   4.107227       3.577387         3.689532e-01      
   4.107227       3.639075         3.753353e-01      
   4.107227       3.696344         3.806038e-01      
   4.107227       3.749040         3.848379e-01      
   4.107227       3.797021         3.881403e-01      
   4.107227       3.840157         3.906295e-01      
   4.107227       3.878333         3.924337e-01      
   4.107227       3.911445         3.936827e-01      
   4.107227       3.939404         3.945015e-01      
   4.107227       3.962134         3.950041e-01      
   4.107227       3.979576         3.952890e-01      
   4.107227       3.991681         3.954345e-01      
   4.107227       3.998420         3.954969e-01      
   4.107227       4.008294         3.955641e-01      
   4.107227       4.043674         3.955658e-01      
   4.107227       4.107227         3.946149e-01      
   4.107227       4.198794         3.910504e-01      
   4.107227       4.318131         3.825087e-01      
   4.107227       4.464916         3.661787e-01      
   4.107227       4.638754         3.393561e-01      
   4.107227       4.839176         3.003011e-01      
   4.107227       5.065642         2.493415e-01      
   4.107227       5.317541         1.899635e-01      
   4.107227       5.594194         1.291112e-01      
   4.107227       5.894856         7.561689e-02      
   4.107227       6.218716         3.661243e-02      
   4.107227       6.564900         1.397843e-02      
   4.107227       6.932477         4.009510e-03      
   4.107227       7.320454         8.360009e-04      
   4.107227       7.727785         1.303450e-04      
   4.107227       8.153374         1.742589e-05      
   4.107227       8.596072         2.152822e-06      
   4.107227       9.054685         1.942438e-07      
   4.107227       9.527979         7.031633e-09      
   4.107227       10.014676        -4.999754e-10     
   4.107227       10.513464        -6.206997e-11     
   4.107227       11.023000        -2.004058e-12     
   4.107227       11.541909        -1.526417e-15     
   4.107227       12.068793        2.980333e-15      
   4.107227       12.602230        3.293815e-16      
   4.107227       13.140784        1.063684e-17      
   4.107227       13.683002        -3.086895e-19     
   4.107227       14.227422        -1.444589e-20     
   4.107227       14.772578        1.249910e-22      
   4.107227       15.316998        5.715163e-24      
   4.107227       15.859216        -2.155733e-26     
   4.107227       16.397770        -8.615381e-28     
   4.107227       16.931207        1.121083e-30      
   4.107227       17.458091        1.817398e-32      
   4.107227       17.977000        4.573969e-34      
   4.107227       18.486536        8.968496e-36      
   4.107227       18.985324        -3.637186e-37     
   4.107227       19.472021        2.773063e-39      
   4.107227       19.945315        1.254192e-37      
   4.107227       20.403928        1.512830e-35      
   4.107227       20.846626        1.639201e-33      
   4.107227       21.272215        1.554571e-31      
   4.107227       21.679546        1.258436e-29      
   4.107227       22.067523        8.486590e-28      
   4.107227       22.435100        4.653915e-26      
   4.107227       22.781284        2.031046e-24      
   4.107227       23.105144        6.889128e-23      
   4.107227       23.405806        1.783719e-21      
   4.107227       23.682459        3.476431e-20      
   4.107227       23.934358        4.920048e-19      
   4.107227       24.160824        5.154247e-18      
   4.107227       24.361246        4.016898e-17      
   4.107227       24.535084        2.094876e-16      
   4.107227       24.681869        7.160258e-16      
   4.107227       24.801206        1.799306e-15      
   4.107227       24.892773        4.008731e-15      
   4.107227       24.956326        1.027797e-14      
   4.107227       24.991706        5.748894e-14      
   4.198794       0.001580         6.281558e-05      
   4.198794       0.008319         3.307895e-04      
   4.198794       0.020424         8.121763e-04      
   4.198794       0.037866         1.506098e-03      
   4.198794       0.060596         2.411003e-03      
   4.198794       0.088555         3.526533e-03      
   4.198794       0.121667         4.850057e-03      
   4.198794       0.159843         6.380014e-03      
   4.198794       0.202979         8.118085e-03      
   4.198794       0.250960         1.006652e-02      
   4.198794       0.303656         1.222896e-02      
   4.198794       0.360925         1.461126e-02      
   4.198794       0.422613         1.722188e-02      
   4.198794       0.488552         2.007233e-02      
   4.198794       0.558567         2.317745e-02      
   4.198794       0.632467         2.655565e-02      
   4.198794       0.710054         3.022913e-02      
   4.198794       0.791119         3.422395e-02      
   4.198794       0.875442         3.856996e-02      
   4.198794       0.962797         4.330066e-02      
   4.198794       1.052948         4.845283e-02      
   4.198794       1.145653         5.406611e-02      
   4.198794       1.240660         6.018216e-02      
   4.198794       1.337714         6.684369e-02      
   4.198794       1.436554         7.409310e-02      
   4.198794       1.536913         8.197103e-02      
   4.198794       1.638520         9.051438e-02      
   4.198794       1.741102         9.975413e-02      
   4.198794       1.844381         1.097129e-01      
   4.198794       1.948080         1.204025e-01      
   4.198794       2.051920         1.318211e-01      
   4.198794       2.155619         1.439508e-01      
   4.198794       2.258898         1.567552e-01      
   4.198794       2.361480         1.701778e-01      
   4.198794       2.463087         1.841409e-01      
   4.198794       2.563446         1.985452e-01      
   4.198794       2.662286         2.132708e-01      
   4.198794       2.759340         2.281798e-01      
   4.198794       2.854347         2.431186e-01      
   4.198794       2.947052         2.579236e-01      
   4.198794       3.037203         2.724259e-01      
   4.198794       3.124558         2.864578e-01      
   4.198794       3.208881         2.998595e-01      
   4.198794       3.289946         3.124856e-01      
   4.198794       3.367533         3.242111e-01      
   4.198794       3.441433         3.349364e-01      
   4.198794       3.511448         3.445916e-01      
   4.198794       3.577387         3.531384e-01      
   4.198794       3.639075         3.605707e-01      
   4.198794       3.696344         3.669133e-01      
   4.198794       3.749040         3.722193e-01      
   4.198794       3.797021         3.765652e-01      
   4.198794       3.840157         3.800456e-01      
   4.198794       3.878333         3.827664e-01      
   4.198794       3.911445         3.848386e-01      
   4.198794       3.939404         3.863714e-01      
   4.198794       3.962134         3.874665e-01      
   4.198794       3.979576         3.882125e-01      
   4.198794       3.991681         3.886813e-01      
   4.198794       3.998420         3.889247e-01      
   4.198794       4.008294         3.892585e-01      
   4.198794       4.043674         3.902273e-01      
   4.198794       4.107227         3.910504e-01      
   4.198794       4.198794         3.900833e-01      
   4.198794       4.318131         3.848885e-01      
   4.198794       4.464916         3.724092e-01      
   4.198794       4.638754         3.494910e-01      
   4.198794       4.839176         3.137758e-01      
   4.198794       5.065642         2.648829e-01      
   4.198794       5.317541         2.056670e-01      
   4.198794       5.594194         1.428391e-01      
   4.198794       5.894856         8.572687e-02      
   4.198794       6.218716         4.265355e-02      
   4.198794       6.564900         1.677337e-02      
   4.198794       6.932477         4.958540e-03      
   4.198794       7.320454         1.060596e-03      
   4.198794       7.727785         1.667085e-04      
   4.198794       8.153374         2.188119e-05      
   4.198794       8.596072         2.672875e-06      
   4.198794       9.054685         2.491360e-07      
   4.198794       9.527979         1.044029e-08      
   4.198794       10.014676        -5.068822e-10     
   4.198794       10.513464        -7.840494e-11     
   4.198794       11.023000        -2.893770e-12     
   4.198794       11.541909        -3.034913e-15     
   4.198794       12.068793        4.363477e-15      
   4.198794       12.602230        3.882107e-16      
   4.198794       13.140784        1.178458e-17      
   4.198794       13.683002        -3.466260e-19     
   4.198794       14.227422        -1.645224e-20     
   4.198794       14.772578        1.327825e-22      
   4.198794       15.316998        6.524568e-24      
   4.198794       15.859216        -2.059478e-26     
   4.198794       16.397770        -9.810994e-28     
   4.198794       16.931207        5.958069e-31      
   4.198794       17.458091        1.799990e-32      
   4.198794       17.977000        5.986033e-34      
   4.198794       18.486536        1.092473e-35      
   4.198794       18.985324        -4.385582e-37     
   4.198794       19.472021        2.885807e-39      
   4.198794       19.945315        9.446658e-38      
   4.198794       20.403928        1.139125e-35      
   4.198794       20.846626        1.234166e-33      
   4.198794       21.272215        1.170313e-31      
   4.198794       21.679546        9.472519e-30      
   4.198794       22.067523        6.387115e-28      
   4.198794       22.435100        3.502054e-26      
   4.198794       22.781284        1.528103e-24      
   4.198794       23.105144        5.182327e-23      
   4.198794       23.405806        1.341564e-21      
   4.198794       23.682459        2.614210e-20      
   4.198794       23.934358        3.699215e-19      
   4.198794       24.160824        3.874585e-18      
   4.198794       24.361246        3.018992e-17      
   4.198794       24.535084        1.574268e-16      
   4.198794       24.681869        5.380550e-16      
   4.198794       24.801206        1.351978e-15      
   4.198794       24.892773        3.011552e-15      
   4.198794       24.956326        7.718820e-15      
   4.198794       24.991706        4.315993e-14      
   4.318131       0.001580         5.044352e-05      
   4.318131       0.008319         2.656379e-04      
   4.318131       0.020424         6.522166e-04      
   4.318131       0.037866         1.209476e-03      
   4.318131       0.060596         1.936223e-03      
   4.318131       0.088555         2.832260e-03      
   4.318131       0.121667         3.895730e-03      
   4.318131       0.159843         5.125491e-03      
   4.318131       0.202979         6.523302e-03      
   4.318131       0.250960         8.091575e-03      
   4.318131       0.303656         9.834008e-03      
   4.318131       0.360925         1.175634e-02      
   4.318131       0.422613         1.386669e-02      
   4.318131       0.488552         1.617602e-02      
   4.318131       0.558567         1.869836e-02      
   4.318131       0.632467         2.145114e-02      
   4.318131       0.710054         2.445531e-02      
   4.318131       0.791119         2.773555e-02      
   4.318131       0.875442         3.132032e-02      
   4.318131       0.962797         3.524183e-02      
   4.318131       1.052948         3.953582e-02      
   4.318131       1.145653         4.424125e-02      
   4.318131       1.240660         4.939974e-02      
   4.318131       1.337714         5.505488e-02      
   4.318131       1.436554         6.125118e-02      
   4.318131       1.536913         6.803272e-02      
   4.318131       1.638520         7.544162e-02      
   4.318131       1.741102         8.351612e-02      
   4.318131       1.844381         9.228831e-02      
   4.318131       1.948080         1.017817e-01      
   4.318131       2.051920         1.120088e-01      
   4.318131       2.155619         1.229680e-01      
   4.318131       2.258898         1.346417e-01      
   4.318131       2.361480         1.469937e-01      
   4.318131       2.463087         1.599676e-01      
   4.318131       2.563446         1.734860e-01      
   4.318131       2.662286         1.874504e-01      
   4.318131       2.759340         2.017426e-01      
   4.318131       2.854347         2.162268e-01      
   4.318131       2.947052         2.307537e-01      
   4.318131       3.037203         2.451642e-01      
   4.318131       3.124558         2.592959e-01      
   4.318131       3.208881         2.729888e-01      
   4.318131       3.289946         2.860917e-01      
   4.318131       3.367533         2.984682e-01      
   4.318131       3.441433         3.100019e-01      
   4.318131       3.511448         3.206015e-01      
   4.318131       3.577387         3.302029e-01      
   4.318131       3.639075         3.387713e-01      
   4.318131       3.696344         3.463004e-01      
   4.318131       3.749040         3.528113e-01      
   4.318131       3.797021         3.583484e-01      
   4.318131       3.840157         3.629753e-01      
   4.318131       3.878333         3.667693e-01      
   4.318131       3.911445         3.698156e-01      
   4.318131       3.939404         3.722011e-01      
   4.318131       3.962134         3.740090e-01      
   4.318131       3.979576         3.753135e-01      
   4.318131       3.991681         3.761757e-01      
   4.318131       3.998420         3.766401e-01      
   4.318131       4.008294         3.773001e-01      
   4.318131       4.043674         3.794613e-01      
   4.318131       4.107227         3.825087e-01      
   4.318131       4.198794         3.848885e-01      
   4.318131       4.318131         3.841734e-01      
   4.318131       4.464916         3.770919e-01      
   4.318131       4.638754         3.599440e-01      
   4.318131       4.839176         3.295224e-01      
   4.318131       5.065642         2.844181e-01      
   4.318131       5.317541         2.264863e-01      
   4.318131       5.594194         1.618856e-01      
   4.318131       5.894856         1.003673e-01      
   4.318131       6.218716         5.178363e-02      
   4.318131       6.564900         2.118659e-02      
   4.318131       6.932477         6.525871e-03      
   4.318131       7.320454         1.448021e-03      
   4.318131       7.727785         2.314937e-04      
   4.318131       8.153374         2.979399e-05      
   4.318131       8.596072         3.564248e-06      
   4.318131       9.054685         3.433656e-07      
   4.318131       9.527979         1.671214e-08      
   4.318131       10.014676        -4.620323e-10     
   4.318131       10.513464        -1.042460e-10     
   4.318131       11.023000        -4.509210e-12     
   4.318131       11.541909        -1.341568e-14     
   4.318131       12.068793        6.717952e-15      
   4.318131       12.602230        4.929044e-16      
   4.318131       13.140784        1.359865e-17      
   4.318131       13.683002        -4.097240e-19     
   4.318131       14.227422        -1.958949e-20     
   4.318131       14.772578        1.441092e-22      
   4.318131       15.316998        7.771788e-24      
   4.318131       15.859216        -1.831363e-26     
   4.318131       16.397770        -1.161602e-27     
   4.318131       16.931207        -3.834731e-31     
   4.318131       17.458091        1.631982e-32      
   4.318131       17.977000        8.375636e-34      
   4.318131       18.486536        1.421087e-35      
   4.318131       18.985324        -5.616578e-37     
   4.318131       19.472021        3.210904e-39      
   4.318131       19.945315        6.278263e-38      
   4.318131       20.403928        7.563043e-36      
   4.318131       20.846626        8.190472e-34      
   4.318131       21.272215        7.763173e-32      
   4.318131       21.679546        6.280567e-30      
   4.318131       22.067523        4.232835e-28      
   4.318131       22.435100        2.319755e-26      
   4.318131       22.781284        1.011727e-24      
   4.318131       23.105144        3.429514e-23      
   4.318131       23.405806        8.873928e-22      
   4.318131       23.682459        1.728396e-20      
   4.318131       23.934358        2.444770e-19      
   4.318131       24.160824        2.559513e-18      
   4.318131       24.361246        1.993380e-17      
   4.318131       24.535084        1.039156e-16      
   4.318131       24.681869        3.551048e-16      
   4.318131       24.801206        8.920897e-16      
   4.318131       24.892773        1.986349e-15      
   4.318131       24.956326        5.087982e-15      
   4.318131       24.991706        2.843165e-14      
   4.464916       0.001580         3.768134e-05      
   4.464916       0.008319         1.984320e-04      
   4.464916       0.020424         4.872134e-04      
   4.464916       0.037866         9.034899e-04      
   4.464916       0.060596         1.446445e-03      
   4.464916       0.088555         2.115979e-03      
   4.464916       0.121667         2.910972e-03      
   4.464916       0.159843         3.830675e-03      
   4.464916       0.202979         4.876779e-03      
   4.464916       0.250960         6.051670e-03      
   4.464916       0.303656         7.358870e-03      
   4.464916       0.360925         8.803661e-03      
   4.464916       0.422613         1.039340e-02      
   4.464916       0.488552         1.213793e-02      
   4.464916       0.558567         1.404978e-02      
   4.464916       0.632467         1.614453e-02      
   4.464916       0.710054         1.844092e-02      
   4.464916       0.791119         2.096114e-02      
   4.464916       0.875442         2.373094e-02      
   4.464916       0.962797         2.677971e-02      
   4.464916       1.052948         3.014046e-02      
   4.464916       1.145653         3.384965e-02      
   4.464916       1.240660         3.794693e-02      
   4.464916       1.337714         4.247469e-02      
   4.464916       1.436554         4.747732e-02      
   4.464916       1.536913         5.300031e-02      
   4.464916       1.638520         5.908898e-02      
   4.464916       1.741102         6.578696e-02      
   4.464916       1.844381         7.313430e-02      
   4.464916       1.948080         8.116535e-02      
   4.464916       2.051920         8.990629e-02      
   4.464916       2.155619         9.937259e-02      
   4.464916       2.258898         1.095664e-01      
   4.464916       2.361480         1.204741e-01      
   4.464916       2.463087         1.320640e-01      
   4.464916       2.563446         1.442849e-01      
   4.464916       2.662286         1.570651e-01      
   4.464916       2.759340         1.703124e-01      
   4.464916       2.854347         1.839155e-01      
   4.464916       2.947052         1.977462e-01      
   4.464916       3.037203         2.116628e-01      
   4.464916       3.124558         2.255148e-01      
   4.464916       3.208881         2.391481e-01      
   4.464916       3.289946         2.524108e-01      
   4.464916       3.367533         2.651589e-01      
   4.464916       3.441433         2.772621e-01      
   4.464916       3.511448         2.886086e-01      
   4.464916       3.577387         2.991084e-01      
   4.464916       3.639075         3.086964e-01      
   4.464916       3.696344         3.173327e-01      
   4.464916       3.749040         3.250024e-01      
   4.464916       3.797021         3.317135e-01      
   4.464916       3.840157         3.374935e-01      
   4.464916       3.878333         3.423853e-01      
   4.464916       3.911445         3.464423e-01      
   4.464916       3.939404         3.497233e-01      
   4.464916       3.962134         3.522873e-01      
   4.464916       3.979576         3.541889e-01      
   4.464916       3.991681         3.554740e-01      
   4.464916       3.998420         3.561768e-01      
   4.464916       4.008294         3.571899e-01      
   4.464916       4.043674         3.606534e-01      
   4.464916       4.107227         3.661787e-01      
   4.464916       4.198794         3.724092e-01      
   4.464916       4.318131         3.770919e-01      
   4.464916       4.464916         3.769175e-01      
   4.464916       4.638754         3.676886e-01      
   4.464916       4.839176         3.451505e-01      
   4.464916       5.065642         3.064682e-01      
   4.464916       5.317541         2.519874e-01      
   4.464916       5.594194         1.867673e-01      
   4.464916       5.894856         1.206377e-01      
   4.464916       6.218716         6.516237e-02      
   4.464916       6.564900         2.803681e-02      
   4.464916       6.932477         9.106481e-03      
   4.464916       7.320454         2.124111e-03      
   4.464916       7.727785         3.500032e-04      
   4.464916       8.153374         4.437448e-05      
   4.464916       8.596072         5.136489e-06      
   4.464916       9.054685         5.079425e-07      
   4.464916       9.527979         2.848906e-08      
   4.464916       10.014676        -2.618511e-10     
   4.464916       10.513464        -1.438137e-10     
   4.464916       11.023000        -7.466274e-12     
   4.464916       11.541909        -4.915895e-14     
   4.464916       12.068793        1.064614e-14      
   4.464916       12.602230        6.839794e-16      
   4.464916       13.140784        1.660245e-17      
   4.464916       13.683002        -5.162709e-19     
   4.464916       14.227422        -2.452226e-20     
   4.464916       14.772578        1.603329e-22      
   4.464916       15.316998        9.680185e-24      
   4.464916       15.859216        -1.328406e-26     
   4.464916       16.397770        -1.428654e-27     
   4.464916       16.931207        -2.215542e-30     
   4.464916       17.458091        1.066241e-32      
   4.464916       17.977000        1.245124e-33      
   4.464916       18.486536        1.980446e-35      
   4.464916       18.985324        -7.656646e-37     
   4.464916       19.472021        3.922599e-39      
   4.464916       19.945315        3.487542e-38      
   4.464916       20.403928        4.187546e-36      
   4.464916       20.846626        4.528253e-34      
   4.464916       21.272215        4.285673e-32      
   4.464916       21.679546        3.462119e-30      
   4.464916       22.067523        2.329950e-28      
   4.464916       22.435100        1.275097e-26      
   4.464916       22.781284        5.553425e-25      
   4.464916       23.105144        1.879973e-23      
   4.464916       23.405806        4.858107e-22      
   4.464916       23.682459        9.450250e-21      
   4.464916       23.934358        1.335234e-19      
   4.464916       24.160824        1.396229e-18      
   4.464916       24.361246        1.086097e-17      
   4.464916       24.535084        5.657439e-17      
   4.464916       24.681869        1.932306e-16      
   4.464916       24.801206        4.851444e-16      
   4.464916       24.892773        1.079189e-15      
   4.464916       24.956326        2.760471e-15      
   4.464916       24.991706        1.540464e-14      
   4.638754       0.001580         2.581851e-05      
   4.638754       0.008319         1.359619e-04      
   4.638754       0.020424         3.338355e-04      
   4.638754       0.037866         6.190592e-04      
   4.638754       0.060596         9.911508e-04      
   4.638754       0.088555         1.450052e-03      
   4.638754       0.121667         1.995243e-03      
   4.638754       0.159843         2.626297e-03      
   4.638754       0.202979         3.344682e-03      
   4.638754       0.250960         4.152531e-03      
   4.638754       0.303656         5.052911e-03      
   4.638754       0.360925         6.050304e-03      
   4.638754       0.422613         7.150866e-03      
   4.638754       0.488552         8.362751e-03      
   4.638754       0.558567         9.696335e-03      
   4.638754       0.632467         1.116449e-02      
   4.638754       0.710054         1.278280e-02      
   4.638754       0.791119         1.456980e-02      
   4.638754       0.875442         1.654717e-02      
   4.638754       0.962797         1.873987e-02      
   4.638754       1.052948         2.117628e-02      
   4.638754       1.145653         2.388826e-02      
   4.638754       1.240660         2.691102e-02      
   4.638754       1.337714         3.028301e-02      
   4.638754       1.436554         3.404551e-02      
   4.638754       1.536913         3.824209e-02      
   4.638754       1.638520         4.291781e-02      
   4.638754       1.741102         4.811812e-02      
   4.638754       1.844381         5.388743e-02      
   4.638754       1.948080         6.026745e-02      
   4.638754       2.051920         6.729512e-02      
   4.638754       2.155619         7.500030e-02      
   4.638754       2.258898         8.340328e-02      
   4.638754       2.361480         9.251227e-02      
   4.638754       2.463087         1.023209e-01      
   4.638754       2.563446         1.128059e-01      
   4.638754       2.662286         1.239258e-01      
   4.638754       2.759340         1.356192e-01      
   4.638754       2.854347         1.478057e-01      
   4.638754       2.947052         1.603856e-01      
   4.638754       3.037203         1.732430e-01      
   4.638754       3.124558         1.862482e-01      
   4.638754       3.208881         1.992622e-01      
   4.638754       3.289946         2.121412e-01      
   4.638754       3.367533         2.247419e-01      
   4.638754       3.441433         2.369271e-01      
   4.638754       3.511448         2.485702e-01      
   4.638754       3.577387         2.595598e-01      
   4.638754       3.639075         2.698031e-01      
   4.638754       3.696344         2.792277e-01      
   4.638754       3.749040         2.877825e-01      
   4.638754       3.797021         2.954374e-01      
   4.638754       3.840157         3.021812e-01      
   4.638754       3.878333         3.080188e-01      
   4.638754       3.911445         3.129678e-01      
   4.638754       3.939404         3.170543e-01      
   4.638754       3.962134         3.203086e-01      
   4.638754       3.979576         3.227615e-01      
   4.638754       3.991681         3.244402e-01      
   4.638754       3.998420         3.253661e-01      
   4.638754       4.008294         3.267112e-01      
   4.638754       4.043674         3.314135e-01      
   4.638754       4.107227         3.393561e-01      
   4.638754       4.198794         3.494910e-01      
   4.638754       4.318131         3.599440e-01      
   4.638754       4.464916         3.676886e-01      
   4.638754       4.638754         3.683663e-01      
   4.638754       4.839176         3.567235e-01      
   4.638754       5.065642         3.280965e-01      
   4.638754       5.317541         2.806287e-01      
   4.638754       5.594194         2.174357e-01      
   4.638754       5.894856         1.476485e-01      
   4.638754       6.218716         8.434621e-02      
   4.638754       6.564900         3.860491e-02      
   4.638754       6.932477         1.339604e-02      
   4.638754       7.320454         3.334908e-03      
   4.638754       7.727785         5.765256e-04      
   4.638754       8.153374         7.295587e-05      
   4.638754       8.596072         8.082081e-06      
   4.638754       9.054685         8.075532e-07      
   4.638754       9.527979         5.141840e-08      
   4.638754       10.014676        3.577660e-10      
   4.638754       10.513464        -2.018437e-10     
   4.638754       11.023000        -1.297344e-11     
   4.638754       11.541909        -1.522493e-13     
   4.638754       12.068793        1.703603e-14      
   4.638754       12.602230        1.046429e-15      
   4.638754       13.140784        2.210156e-17      
   4.638754       13.683002        -7.017518e-19     
   4.638754       14.227422        -3.257643e-20     
   4.638754       14.772578        1.836188e-22      
   4.638754       15.316998        1.265554e-23      
   4.638754       15.859216        -2.559755e-27     
   4.638754       16.397770        -1.823002e-27     
   4.638754       16.931207        -5.701953e-30     
   4.638754       17.458091        -4.781154e-33     
   4.638754       17.977000        1.959044e-33      
   4.638754       18.486536        2.966761e-35      
   4.638754       18.985324        -1.114012e-36     
   4.638754       19.472021        5.311753e-39      
   4.638754       19.945315        1.392520e-38      
   4.638754       20.403928        1.648954e-36      
   4.638754       20.846626        1.772823e-34      
   4.638754       21.272215        1.668266e-32      
   4.638754       21.679546        1.340115e-30      
   4.638754       22.067523        8.969156e-29      
   4.638754       22.435100        4.882222e-27      
   4.638754       22.781284        2.115237e-25      
   4.638754       23.105144        7.124810e-24      
   4.638754       23.405806        1.832165e-22      
   4.638754       23.682459        3.547264e-21      
   4.638754       23.934358        4.991183e-20      
   4.638754       24.160824        5.196189e-19      
   4.638754       24.361246        4.024524e-18      
   4.638754       24.535084        2.090225e-17      
   4.638754       24.681869        7.124684e-17      
   4.638754       24.801206        1.784711e-16      
   4.638754       24.892773        3.956486e-16      
   4.638754       24.956326        1.007338e-15      
   4.638754       24.991706        5.596611e-15      
   4.839176       0.001580         1.594517e-05      
   4.839176       0.008319         8.396835e-05      
   4.839176       0.020424         2.061758e-04      
   4.839176       0.037866         3.823271e-04      
   4.839176       0.060596         6.121864e-04      
   4.839176       0.088555         8.957070e-04      
   4.839176       0.121667         1.232775e-03      
   4.839176       0.159843         1.623200e-03      
   4.839176       0.202979         2.068111e-03      
   4.839176       0.250960         2.569196e-03      
   4.839176       0.303656         3.128832e-03      
   4.839176       0.360925         3.750427e-03      
   4.839176       0.422613         4.438619e-03      
   4.839176       0.488552         5.199527e-03      
   4.839176       0.558567         6.040933e-03      
   4.839176       0.632467         6.972509e-03      
   4.839176       0.710054         8.005999e-03      
   4.839176       0.791119         9.155462e-03      
   4.839176       0.875442         1.043749e-02      
   4.839176       0.962797         1.187140e-02      
   4.839176       1.052948         1.347946e-02      
   4.839176       1.145653         1.528700e-02      
   4.839176       1.240660         1.732259e-02      
   4.839176       1.337714         1.961801e-02      
   4.839176       1.436554         2.220825e-02      
   4.839176       1.536913         2.513128e-02      
   4.839176       1.638520         2.842764e-02      
   4.839176       1.741102         3.213985e-02      
   4.839176       1.844381         3.631157e-02      
   4.839176       1.948080         4.098637e-02      
   4.839176       2.051920         4.620627e-02      
   4.839176       2.155619         5.200993e-02      
   4.839176       2.258898         5.843057e-02      
   4.839176       2.361480         6.549366e-02      
   4.839176       2.463087         7.321443e-02      
   4.839176       2.563446         8.159551e-02      
   4.839176       2.662286         9.062470e-02      
   4.839176       2.759340         1.002731e-01      
   4.839176       2.854347         1.104938e-01      
   4.839176       2.947052         1.212217e-01      
   4.839176       3.037203         1.323737e-01      
   4.839176       3.124558         1.438501e-01      
   4.839176       3.208881         1.555374e-01      
   4.839176       3.289946         1.673114e-01      
   4.839176       3.367533         1.790414e-01      
   4.839176       3.441433         1.905947e-01      
   4.839176       3.511448         2.018411e-01      
   4.839176       3.577387         2.126577e-01      
   4.839176       3.639075         2.229324e-01      
   4.839176       3.696344         2.325671e-01      
   4.839176       3.749040         2.414799e-01      
   4.839176       3.797021         2.496056e-01      
   4.839176       3.840157         2.568961e-01      
   4.839176       3.878333         2.633187e-01      
   4.839176       3.911445         2.688543e-01      
   4.839176       3.939404         2.734948e-01      
   4.839176       3.962134         2.772399e-01      
   4.839176       3.979576         2.800942e-01      
   4.839176       3.991681         2.820643e-01      
   4.839176       3.998420         2.831570e-01      
   4.839176       4.008294         2.847524e-01      
   4.839176       4.043674         2.904100e-01      
   4.839176       4.107227         3.003011e-01      
   4.839176       4.198794         3.137758e-01      
   4.839176       4.318131         3.295224e-01      
   4.839176       4.464916         3.451505e-01      
   4.839176       4.638754         3.567235e-01      
   4.839176       4.839176         3.585873e-01      
   4.839176       5.065642         3.442570e-01      
   4.839176       5.317541         3.088916e-01      
   4.839176       5.594194         2.524451e-01      
   4.839176       5.894856         1.819728e-01      
   4.839176       6.218716         1.111415e-01      
   4.839176       6.564900         5.478064e-02      
   4.839176       6.932477         2.059650e-02      
   4.839176       7.320454         5.565343e-03      
   4.839176       7.727785         1.031335e-03      
   4.839176       8.153374         1.333170e-04      
   4.839176       8.596072         1.409377e-05      
   4.839176       9.054685         1.387451e-06      
   4.839176       9.527979         9.815546e-08      
   4.839176       10.014676        2.081919e-09      
   4.839176       10.513464        -2.785542e-10     
   4.839176       11.023000        -2.340066e-11     
   4.839176       11.541909        -4.294279e-13     
   4.839176       12.068793        2.683613e-14      
   4.839176       12.602230        1.761006e-15      
   4.839176       13.140784        3.354385e-17      
   4.839176       13.683002        -1.033480e-18     
   4.839176       14.227422        -4.657778e-20     
   4.839176       14.772578        2.162555e-22      
   4.839176       15.316998        1.747292e-23      
   4.839176       15.859216        2.023095e-26      
   4.839176       16.397770        -2.408673e-27     
   4.839176       16.931207        -1.251317e-29     
   4.839176       17.458091        -4.403669e-32     
   4.839176       17.977000        3.257377e-33      
   4.839176       18.486536        4.792731e-35      
   4.839176       18.985324        -1.735495e-36     
   4.839176       19.472021        7.917703e-39      
   4.839176       19.945315        1.134706e-39      
   4.839176       20.403928        9.215462e-38      
   4.839176       20.846626        8.308435e-36      
   4.839176       21.272215        6.331940e-34      
   4.839176       21.679546        3.913784e-32      
   4.839176       22.067523        1.851536e-30      
   4.839176       22.435100        6.010764e-29      
   4.839176       22.781284        8.839745e-28      
   4.839176       23.105144        -2.568620e-26     
   4.839176       23.405806        -2.051766e-24     
   4.839176       23.682459        -6.565295e-23     
   4.839176       23.934358        -1.247395e-21     
   4.839176       24.160824        -1.654137e-20     
   4.839176       24.361246        -1.549418e-19     
   4.839176       24.535084        -9.008056e-19     
   4.839176       24.681869        -3.305115e-18     
   4.839176       24.801206        -8.928221e-18     
   4.839176       24.892773        -2.185349e-17     
   4.839176       24.956326        -6.258280e-17     
   4.839176       24.991706        -3.838985e-16     
   5.065642       0.001580         8.698035e-06      
   5.065642       0.008319         4.580457e-05      
   5.065642       0.020424         1.124686e-04      
   5.065642       0.037866         2.085619e-04      
   5.065642       0.060596         3.339903e-04      
   5.065642       0.088555         4.887100e-04      
   5.065642       0.121667         6.727978e-04      
   5.065642       0.159843         8.862071e-04      
   5.065642       0.202979         1.129683e-03      
   5.065642       0.250960         1.404384e-03      
   5.065642       0.303656         1.711922e-03      
   5.065642       0.360925         2.054577e-03      
   5.065642       0.422613         2.435424e-03      
   5.065642       0.488552         2.858507e-03      
   5.065642       0.558567         3.328971e-03      
   5.065642       0.632467         3.853230e-03      
   5.065642       0.710054         4.439123e-03      
   5.065642       0.791119         5.096108e-03      
   5.065642       0.875442         5.835450e-03      
   5.065642       0.962797         6.670428e-03      
   5.065642       1.052948         7.616545e-03      
   5.065642       1.145653         8.691748e-03      
   5.065642       1.240660         9.916628e-03      
   5.065642       1.337714         1.131459e-02      
   5.065642       1.436554         1.291200e-02      
   5.065642       1.536913         1.473822e-02      
   5.065642       1.638520         1.682557e-02      
   5.065642       1.741102         1.920912e-02      
   5.065642       1.844381         2.192634e-02      
   5.065642       1.948080         2.501644e-02      
   5.065642       2.051920         2.851954e-02      
   5.065642       2.155619         3.247547e-02      
   5.065642       2.258898         3.692232e-02      
   5.065642       2.361480         4.189462e-02      
   5.065642       2.463087         4.742138e-02      
   5.065642       2.563446         5.352383e-02      
   5.065642       2.662286         6.021316e-02      
   5.065642       2.759340         6.748835e-02      
   5.065642       2.854347         7.533423e-02      
   5.065642       2.947052         8.372000e-02      
   5.065642       3.037203         9.259836e-02      
   5.065642       3.124558         1.019054e-01      
   5.065642       3.208881         1.115614e-01      
   5.065642       3.289946         1.214724e-01      
   5.065642       3.367533         1.315330e-01      
   5.065642       3.441433         1.416289e-01      
   5.065642       3.511448         1.516414e-01      
   5.065642       3.577387         1.614506e-01      
   5.065642       3.639075         1.709397e-01      
   5.065642       3.696344         1.799981e-01      
   5.065642       3.749040         1.885248e-01      
   5.065642       3.797021         1.964300e-01      
   5.065642       3.840157         2.036368e-01      
   5.065642       3.878333         2.100815e-01      
   5.065642       3.911445         2.157131e-01      
   5.065642       3.939404         2.204925e-01      
   5.065642       3.962134         2.243908e-01      
   5.065642       3.979576         2.273877e-01      
   5.065642       3.991681         2.294700e-01      
   5.065642       3.998420         2.306298e-01      
   5.065642       4.008294         2.323296e-01      
   5.065642       4.043674         2.384223e-01      
   5.065642       4.107227         2.493415e-01      
   5.065642       4.198794         2.648829e-01      
   5.065642       4.318131         2.844181e-01      
   5.065642       4.464916         3.064682e-01      
   5.065642       4.638754         3.280965e-01      
   5.065642       4.839176         3.442570e-01      
   5.065642       5.065642         3.476602e-01      
   5.065642       5.317541         3.303649e-01      
   5.065642       5.594194         2.877017e-01      
   5.065642       5.894856         2.225279e-01      
   5.065642       6.218716         1.470173e-01      
   5.065642       6.564900         7.906713e-02      
   5.065642       6.932477         3.270030e-02      
   5.065642       7.320454         9.766266e-03      
   5.065642       7.727785         1.987269e-03      
   5.065642       8.153374         2.710003e-04      
   5.065642       8.596072         2.772810e-05      
   5.065642       9.054685         2.607976e-06      
   5.065642       9.527979         1.988136e-07      
   5.065642       10.014676        6.740197e-09      
   5.065642       10.513464        -3.484997e-10     
   5.065642       11.023000        -4.330369e-11     
   5.065642       11.541909        -1.153148e-12     
   5.065642       12.068793        3.958458e-14      
   5.065642       12.602230        3.213225e-15      
   5.065642       13.140784        6.040544e-17      
   5.065642       13.683002        -1.629769e-18     
   5.065642       14.227422        -7.296151e-20     
   5.065642       14.772578        2.547799e-22      
   5.065642       15.316998        2.570512e-23      
   5.065642       15.859216        6.976531e-26      
   5.065642       16.397770        -3.282645e-27     
   5.065642       16.931207        -2.628324e-29     
   5.065642       17.458091        -1.423062e-31     
   5.065642       17.977000        5.726667e-33      
   5.065642       18.486536        8.376561e-35      
   5.065642       18.985324        -2.905967e-36     
   5.065642       19.472021        1.284368e-38      
   5.065642       19.945315        -4.322969e-39     
   5.065642       20.403928        -5.859620e-37     
   5.065642       20.846626        -6.514257e-35     
   5.065642       21.272215        -6.328679e-33     
   5.065642       21.679546        -5.239980e-31     
   5.065642       22.067523        -3.608977e-29     
   5.065642       22.435100        -2.018350e-27     
   5.065642       22.781284        -8.971650e-26     
   5.065642       23.105144        -3.095008e-24     
   5.065642       23.405806        -8.141649e-23     
   5.065642       23.682459        -1.610259e-21     
   5.065642       23.934358        -2.308142e-20     
   5.065642       24.160824        -2.449256e-19     
   5.065642       24.361246        -1.931706e-18     
   5.065642       24.535084        -1.015822e-17     
   5.065642       24.681869        -3.493613e-17     
   5.065642       24.801206        -8.836496e-17     
   5.065642       24.892773        -1.985296e-16     
   5.065642       24.956326        -5.141872e-16     
   5.065642       24.991706        -2.901788e-15     
   5.317541       0.001580         4.102873e-06      
   5.317541       0.008319         2.160611e-05      
   5.317541       0.020424         5.305141e-05      
   5.317541       0.037866         9.838290e-05      
   5.317541       0.060596         1.575706e-04      
   5.317541       0.088555         2.305804e-04      
   5.317541       0.121667         3.175212e-04      
   5.317541       0.159843         4.184143e-04      
   5.317541       0.202979         5.336714e-04      
   5.317541       0.250960         6.639599e-04      
   5.317541       0.303656         8.102065e-04      
   5.317541       0.360925         9.737067e-04      
   5.317541       0.422613         1.156202e-03      
   5.317541       0.488552         1.359979e-03      
   5.317541       0.558567         1.587954e-03      
   5.317541       0.632467         1.843778e-03      
   5.317541       0.710054         2.131950e-03      
   5.317541       0.791119         2.457941e-03      
   5.317541       0.875442         2.828343e-03      
   5.317541       0.962797         3.251025e-03      
   5.317541       1.052948         3.735314e-03      
   5.317541       1.145653         4.292190e-03      
   5.317541       1.240660         4.934490e-03      
   5.317541       1.337714         5.677116e-03      
   5.317541       1.436554         6.537240e-03      
   5.317541       1.536913         7.534486e-03      
   5.317541       1.638520         8.691070e-03      
   5.317541       1.741102         1.003187e-02      
   5.317541       1.844381         1.158439e-02      
   5.317541       1.948080         1.337862e-02      
   5.317541       2.051920         1.544664e-02      
   5.317541       2.155619         1.782212e-02      
   5.317541       2.258898         2.053948e-02      
   5.317541       2.361480         2.363282e-02      
   5.317541       2.463087         2.713456e-02      
   5.317541       2.563446         3.107383e-02      
   5.317541       2.662286         3.547461e-02      
   5.317541       2.759340         4.035377e-02      
   5.317541       2.854347         4.571909e-02      
   5.317541       2.947052         5.156734e-02      
   5.317541       3.037203         5.788267e-02      
   5.317541       3.124558         6.463546e-02      
   5.317541       3.208881         7.178169e-02      
   5.317541       3.289946         7.926300e-02      
   5.317541       3.367533         8.700757e-02      
   5.317541       3.441433         9.493160e-02      
   5.317541       3.511448         1.029416e-01      
   5.317541       3.577387         1.109371e-01      
   5.317541       3.639075         1.188138e-01      
   5.317541       3.696344         1.264664e-01      
   5.317541       3.749040         1.337923e-01      
   5.317541       3.797021         1.406938e-01      
   5.317541       3.840157         1.470806e-01      
   5.317541       3.878333         1.528714e-01      
   5.317541       3.911445         1.579953e-01      
   5.317541       3.939404         1.623919e-01      
   5.317541       3.962134         1.660118e-01      
   5.317541       3.979576         1.688160e-01      
   5.317541       3.991681         1.707753e-01      
   5.317541       3.998420         1.718707e-01      
   5.317541       4.008294         1.734813e-01      
   5.317541       4.043674         1.793066e-01      
   5.317541       4.107227         1.899635e-01      
   5.317541       4.198794         2.056670e-01      
   5.317541       4.318131         2.264863e-01      
   5.317541       4.464916         2.519874e-01      
   5.317541       4.638754         2.806287e-01      
   5.317541       4.839176         3.088916e-01      
   5.317541       5.065642         3.303649e-01      
   5.317541       5.317541         3.356740e-01      
   5.317541       5.594194         3.151386e-01      
   5.317541       5.894856         2.647653e-01      
   5.317541       6.218716         1.916660e-01      
   5.317541       6.564900         1.140731e-01      
   5.317541       6.932477         5.273732e-02      
   5.317541       7.320454         1.774695e-02      
   5.317541       7.727785         4.067429e-03      
   5.317541       8.153374         6.077147e-04      
   5.317541       8.596072         6.243152e-05      
   5.317541       9.054685         5.482152e-06      
   5.317541       9.527979         4.308936e-07      
   5.317541       10.014676        1.942025e-08      
   5.317541       10.513464        -2.801855e-10     
   5.317541       11.023000        -8.082015e-11     
   5.317541       11.541909        -3.021807e-12     
   5.317541       12.068793        4.712983e-14      
   5.317541       12.602230        6.208211e-15      
   5.317541       13.140784        1.294010e-16      
   5.317541       13.683002        -2.651571e-18     
   5.317541       14.227422        -1.272086e-19     
   5.317541       14.772578        2.600026e-22      
   5.317541       15.316998        4.074100e-23      
   5.317541       15.859216        1.825112e-25      
   5.317541       16.397770        -4.573975e-27     
   5.317541       16.931207        -5.529223e-29     
   5.317541       17.458091        -3.923714e-31     
   5.317541       17.977000        1.066337e-32      
   5.317541       18.486536        1.589616e-34      
   5.317541       18.985324        -5.252986e-36     
   5.317541       19.472021        2.253065e-38      
   5.317541       19.945315        -4.661532e-39     
   5.317541       20.403928        -6.632059e-37     
   5.317541       20.846626        -7.318833e-35     
   5.317541       21.272215        -7.061258e-33     
   5.317541       21.679546        -5.808721e-31     
   5.317541       22.067523        -3.976472e-29     
   5.317541       22.435100        -2.211315e-27     
   5.317541       22.781284        -9.777252e-26     
   5.317541       23.105144        -3.356441e-24     
   5.317541       23.405806        -8.788648e-23     
   5.317541       23.682459        -1.730733e-21     
   5.317541       23.934358        -2.471711e-20     
   5.317541       24.160824        -2.612791e-19     
   5.317541       24.361246        -2.053107e-18     
   5.317541       24.535084        -1.077075e-17     
   5.317541       24.681869        -3.698340e-17     
   5.317541       24.801206        -9.337378e-17     
   5.317541       24.892773        -2.092051e-16     
   5.317541       24.956326        -5.398125e-16     
   5.317541       24.991706        -3.035746e-15     
   5.594194       0.001580         1.649292e-06      
   5.594194       0.008319         8.685354e-06      
   5.594194       0.020424         2.132621e-05      
   5.594194       0.037866         3.955161e-05      
   5.594194       0.060596         6.335372e-05      
   5.594194       0.088555         9.271268e-05      
   5.594194       0.121667         1.276950e-04      
   5.594194       0.159843         1.683390e-04      
   5.594194       0.202979         2.148278e-04      
   5.594194       0.250960         2.674719e-04      
   5.594194       0.303656         3.267056e-04      
   5.594194       0.360925         3.931331e-04      
   5.594194       0.422613         4.675667e-04      
   5.594194       0.488552         5.510754e-04      
   5.594194       0.558567         6.450288e-04      
   5.594194       0.632467         7.511526e-04      
   5.594194       0.710054         8.715879e-04      
   5.594194       0.791119         1.008967e-03      
   5.594194       0.875442         1.166502e-03      
   5.594194       0.962797         1.348080e-03      
   5.594194       1.052948         1.558388e-03      
   5.594194       1.145653         1.803035e-03      
   5.594194       1.240660         2.088711e-03      
   5.594194       1.337714         2.423351e-03      
   5.594194       1.436554         2.816314e-03      
   5.594194       1.536913         3.278566e-03      
   5.594194       1.638520         3.822864e-03      
   5.594194       1.741102         4.463921e-03      
   5.594194       1.844381         5.218544e-03      
   5.594194       1.948080         6.105702e-03      
   5.594194       2.051920         7.146518e-03      
   5.594194       2.155619         8.364152e-03      
   5.594194       2.258898         9.783516e-03      
   5.594194       2.361480         1.143082e-02      
   5.594194       2.463087         1.333288e-02      
   5.594194       2.563446         1.551624e-02      
   5.594194       2.662286         1.800602e-02      
   5.594194       2.759340         2.082454e-02      
   5.594194       2.854347         2.398981e-02      
   5.594194       2.947052         2.751390e-02      
   5.594194       3.037203         3.140127e-02      
   5.594194       3.124558         3.564728e-02      
   5.594194       3.208881         4.023689e-02      
   5.594194       3.289946         4.514374e-02      
   5.594194       3.367533         5.032976e-02      
   5.594194       3.441433         5.574529e-02      
   5.594194       3.511448         6.132982e-02      
   5.594194       3.577387         6.701328e-02      
   5.594194       3.639075         7.271792e-02      
   5.594194       3.696344         7.836053e-02      
   5.594194       3.749040         8.385486e-02      
   5.594194       3.797021         8.911424e-02      
   5.594194       3.840157         9.405402e-02      
   5.594194       3.878333         9.859391e-02      
   5.594194       3.911445         1.026599e-01      
   5.594194       3.939404         1.061859e-01      
   5.594194       3.962134         1.091151e-01      
   5.594194       3.979576         1.114005e-01      
   5.594194       3.991681         1.130059e-01      
   5.594194       3.998420         1.139065e-01      
   5.594194       4.008294         1.152347e-01      
   5.594194       4.043674         1.200795e-01      
   5.594194       4.107227         1.291112e-01      
   5.594194       4.198794         1.428391e-01      
   5.594194       4.318131         1.618856e-01      
   5.594194       4.464916         1.867673e-01      
   5.594194       4.638754         2.174357e-01      
   5.594194       4.839176         2.524451e-01      
   5.594194       5.065642         2.877017e-01      
   5.594194       5.317541         3.151386e-01      
   5.594194       5.594194         3.227247e-01      
   5.594194       5.894856         2.986896e-01      
   5.594194       6.218716         2.404092e-01      
   5.594194       6.564900         1.608044e-01      
   5.594194       6.932477         8.454140e-02      
   5.594194       7.320454         3.270849e-02      
   5.594194       7.727785         8.665977e-03      
   5.594194       8.153374         1.475754e-03      
   5.594194       8.596072         1.609840e-04      
   5.594194       9.054685         1.328790e-05      
   5.594194       9.527979         1.016618e-06      
   5.594194       10.014676        5.505143e-08      
   5.594194       10.513464        4.643187e-10      
   5.594194       11.023000        -1.471063e-10     
   5.594194       11.541909        -7.822308e-12     
   5.594194       12.068793        9.912746e-15      
   5.594194       12.602230        1.230559e-14      
   5.594194       13.140784        3.168395e-16      
   5.594194       13.683002        -4.083859e-18     
   5.594194       14.227422        -2.478550e-19     
   5.594194       14.772578        2.467393e-23      
   5.594194       15.316998        7.023052e-23      
   5.594194       15.859216        4.569586e-25      
   5.594194       16.397770        -6.371958e-27     
   5.594194       16.931207        -1.192823e-28     
   5.594194       17.458091        -1.052918e-30     
   5.594194       17.977000        2.106043e-32      
   5.594194       18.486536        3.289895e-34      
   5.594194       18.985324        -1.030169e-35     
   5.594194       19.472021        4.274649e-38      
   5.594194       19.945315        -2.335745e-39     
   5.594194       20.403928        -4.631508e-37     
   5.594194       20.846626        -5.103838e-35     
   5.594194       21.272215        -4.917399e-33     
   5.594194       21.679546        -4.039642e-31     
   5.594194       22.067523        -2.761741e-29     
   5.594194       22.435100        -1.533825e-27     
   5.594194       22.781284        -6.773225e-26     
   5.594194       23.105144        -2.322411e-24     
   5.594194       23.405806        -6.073992e-23     
   5.594194       23.682459        -1.194784e-21     
   5.594194       23.934358        -1.704665e-20     
   5.594194       24.160824        -1.800030e-19     
   5.594194       24.361246        -1.412900e-18     
   5.594194       24.535084        -7.407291e-18     
   5.594194       24.681869        -2.542477e-17     
   5.594194       24.801206        -6.415968e-17     
   5.594194       24.892773        -1.436182e-16     
   5.594194       24.956326        -3.700623e-16     
   5.594194       24.991706        -2.078262e-15     
   5.894856       0.001580         5.717415e-07      
   5.894856       0.008319         3.010859e-06      
   5.894856       0.020424         7.393214e-06      
   5.894856       0.037866         1.371239e-05      
   5.894856       0.060596         2.196542e-05      
   5.894856       0.088555         3.214444e-05      
   5.894856       0.121667         4.426933e-05      
   5.894856       0.159843         5.836897e-05      
   5.894856       0.202979         7.450664e-05      
   5.894856       0.250960         9.279312e-05      
   5.894856       0.303656         1.133878e-04      
   5.894856       0.360925         1.365133e-04      
   5.894856       0.422613         1.624701e-04      
   5.894856       0.488552         1.916550e-04      
   5.894856       0.558567         2.245799e-04      
   5.894856       0.632467         2.618949e-04      
   5.894856       0.710054         3.044154e-04      
   5.894856       0.791119         3.531557e-04      
   5.894856       0.875442         4.093701e-04      
   5.894856       0.962797         4.746010e-04      
   5.894856       1.052948         5.507376e-04      
   5.894856       1.145653         6.400860e-04      
   5.894856       1.240660         7.454510e-04      
   5.894856       1.337714         8.702333e-04      
   5.894856       1.436554         1.018538e-03      
   5.894856       1.536913         1.195297e-03      
   5.894856       1.638520         1.406404e-03      
   5.894856       1.741102         1.658854e-03      
   5.894856       1.844381         1.960884e-03      
   5.894856       1.948080         2.322105e-03      
   5.894856       2.051920         2.753608e-03      
   5.894856       2.155619         3.268032e-03      
   5.894856       2.258898         3.879567e-03      
   5.894856       2.361480         4.603870e-03      
   5.894856       2.463087         5.457866e-03      
   5.894856       2.563446         6.459410e-03      
   5.894856       2.662286         7.626785e-03      
   5.894856       2.759340         8.978022e-03      
   5.894856       2.854347         1.053005e-02      
   5.894856       2.947052         1.229765e-02      
   5.894856       3.037203         1.429236e-02      
   5.894856       3.124558         1.652119e-02      
   5.894856       3.208881         1.898548e-02      
   5.894856       3.289946         2.167973e-02      
   5.894856       3.367533         2.459072e-02      
   5.894856       3.441433         2.769687e-02      
   5.894856       3.511448         3.096799e-02      
   5.894856       3.577387         3.436547e-02      
   5.894856       3.639075         3.784291e-02      
   5.894856       3.696344         4.134719e-02      
   5.894856       3.749040         4.481991e-02      
   5.894856       3.797021         4.819918e-02      
   5.894856       3.840157         5.142156e-02      
   5.894856       3.878333         5.442409e-02      
   5.894856       3.911445         5.714635e-02      
   5.894856       3.939404         5.953236e-02      
   5.894856       3.962134         6.153228e-02      
   5.894856       3.979576         6.310388e-02      
   5.894856       3.991681         6.421378e-02      
   5.894856       3.998420         6.483851e-02      
   5.894856       4.008294         6.576267e-02      
   5.894856       4.043674         6.916177e-02      
   5.894856       4.107227         7.561689e-02      
   5.894856       4.198794         8.572687e-02      
   5.894856       4.318131         1.003673e-01      
   5.894856       4.464916         1.206377e-01      
   5.894856       4.638754         1.476485e-01      
   5.894856       4.839176         1.819728e-01      
   5.894856       5.065642         2.225279e-01      
   5.894856       5.317541         2.647653e-01      
   5.894856       5.594194         2.986896e-01      
   5.894856       5.894856         3.089165e-01      
   5.894856       6.218716         2.811546e-01      
   5.894856       6.564900         2.150568e-01      
   5.894856       6.932477         1.309826e-01      
   5.894856       7.320454         5.950701e-02      
   5.894856       7.727785         1.871028e-02      
   5.894856       8.153374         3.773446e-03      
   5.894856       8.596072         4.660233e-04      
   5.894856       9.054685         3.814601e-05      
   5.894856       9.527979         2.696072e-06      
   5.894856       10.014676        1.607881e-07      
   5.894856       10.513464        3.976289e-09      
   5.894856       11.023000        -2.384665e-10     
   5.894856       11.541909        -2.002972e-11     
   5.894856       12.068793        -2.282116e-13     
   5.894856       12.602230        2.385964e-14      
   5.894856       13.140784        8.403963e-16      
   5.894856       13.683002        -4.455918e-18     
   5.894856       14.227422        -5.308783e-19     
   5.894856       14.772578        -1.377617e-21     
   5.894856       15.316998        1.316549e-22      
   5.894856       15.859216        1.183385e-24      
   5.894856       16.397770        -8.321150e-27     
   5.894856       16.931207        -2.673299e-28     
   5.894856       17.458091        -2.887845e-30     
   5.894856       17.977000        4.404660e-32      
   5.894856       18.486536        7.463944e-34      
   5.894856       18.985324        -2.203008e-35     
   5.894856       19.472021        8.800554e-38      
   5.894856       19.945315        1.197244e-39      
   5.894856       20.403928        -2.318142e-37     
   5.894856       20.846626        -2.553618e-35     
   5.894856       21.272215        -2.459616e-33     
   5.894856       21.679546        -2.019864e-31     
   5.894856       22.067523        -1.380349e-29     
   5.894856       22.435100        -7.662925e-28     
   5.894856       22.781284        -3.382294e-26     
   5.894856       23.105144        -1.159176e-24     
   5.894856       23.405806        -3.030170e-23     
   5.894856       23.682459        -5.957387e-22     
   5.894856       23.934358        -8.496020e-21     
   5.894856       24.160824        -8.966407e-20     
   5.894856       24.361246        -7.033753e-19     
   5.894856       24.535084        -3.686333e-18     
   5.894856       24.681869        -1.265122e-17     
   5.894856       24.801206        -3.191781e-17     
   5.894856       24.892773        -7.140455e-17     
   5.894856       24.956326        -1.838104e-16     
   5.894856       24.991706        -1.031253e-15     
   6.218716       0.001580         1.827847e-07      
   6.218716       0.008319         9.625653e-07      
   6.218716       0.020424         2.363591e-06      
   6.218716       0.037866         4.384050e-06      
   6.218716       0.060596         7.021812e-06      
   6.218716       0.088555         1.027541e-05      
   6.218716       0.121667         1.414318e-05      
   6.218716       0.159843         1.863927e-05      
   6.218716       0.202979         2.378063e-05      
   6.218716       0.250960         2.959558e-05      
   6.218716       0.303656         3.612779e-05      
   6.218716       0.360925         4.343959e-05      
   6.218716       0.422613         5.161615e-05      
   6.218716       0.488552         6.077078e-05      
   6.218716       0.558567         7.105100e-05      
   6.218716       0.632467         8.264619e-05      
   6.218716       0.710054         9.579672e-05      
   6.218716       0.791119         1.108055e-04      
   6.218716       0.875442         1.280520e-04      
   6.218716       0.962797         1.480102e-04      
   6.218716       1.052948         1.712702e-04      
   6.218716       1.145653         1.985655e-04      
   6.218716       1.240660         2.308062e-04      
   6.218716       1.337714         2.691190e-04      
   6.218716       1.436554         3.148948e-04      
   6.218716       1.536913         3.698464e-04      
   6.218716       1.638520         4.360738e-04      
   6.218716       1.741102         5.161394e-04      
   6.218716       1.844381         6.131504e-04      
   6.218716       1.948080         7.308473e-04      
   6.218716       2.051920         8.736937e-04      
   6.218716       2.155619         1.046961e-03      
   6.218716       2.258898         1.256799e-03      
   6.218716       2.361480         1.510282e-03      
   6.218716       2.463087         1.815416e-03      
   6.218716       2.563446         2.181083e-03      
   6.218716       2.662286         2.616920e-03      
   6.218716       2.759340         3.133099e-03      
   6.218716       2.854347         3.739999e-03      
   6.218716       2.947052         4.447770e-03      
   6.218716       3.037203         5.265771e-03      
   6.218716       3.124558         6.201911e-03      
   6.218716       3.208881         7.261909e-03      
   6.218716       3.289946         8.448516e-03      
   6.218716       3.367533         9.760750e-03      
   6.218716       3.441433         1.119321e-02      
   6.218716       3.511448         1.273556e-02      
   6.218716       3.577387         1.437214e-02      
   6.218716       3.639075         1.608199e-02      
   6.218716       3.696344         1.783900e-02      
   6.218716       3.749040         1.961250e-02      
   6.218716       3.797021         2.136808e-02      
   6.218716       3.840157         2.306873e-02      
   6.218716       3.878333         2.467612e-02      
   6.218716       3.911445         2.615206e-02      
   6.218716       3.939404         2.745997e-02      
   6.218716       3.962134         2.856637e-02      
   6.218716       3.979576         2.944224e-02      
   6.218716       3.991681         3.006416e-02      
   6.218716       3.998420         3.041545e-02      
   6.218716       4.008294         3.093672e-02      
   6.218716       4.043674         3.287036e-02      
   6.218716       4.107227         3.661243e-02      
   6.218716       4.198794         4.265355e-02      
   6.218716       4.318131         5.178363e-02      
   6.218716       4.464916         6.516237e-02      
   6.218716       4.638754         8.434621e-02      
   6.218716       4.839176         1.111415e-01      
   6.218716       5.065642         1.470173e-01      
   6.218716       5.317541         1.916660e-01      
   6.218716       5.594194         2.404092e-01      
   6.218716       5.894856         2.811546e-01      
   6.218716       6.218716         2.943635e-01      
   6.218716       6.564900         2.627020e-01      
   6.218716       6.932477         1.892264e-01      
   6.218716       7.320454         1.032357e-01      
   6.218716       7.727785         3.955752e-02      
   6.218716       8.153374         9.796625e-03      
   6.218716       8.596072         1.456419e-03      
   6.218716       9.054685         1.295185e-04      
   6.218716       9.527979         8.438467e-06      
   6.218716       10.014676        5.027084e-07      
   6.218716       10.513464        1.849513e-08      
   6.218716       11.023000        -2.161071e-10     
   6.218716       11.541909        -5.000070e-11     
   6.218716       12.068793        -1.237404e-12     
   6.218716       12.602230        4.075822e-14      
   6.218716       13.140784        2.305283e-15      
   6.218716       13.683002        5.120289e-18      
   6.218716       14.227422        -1.200081e-18     
   6.218716       14.772578        -7.809521e-21     
   6.218716       15.316998        2.620014e-22      
   6.218716       15.859216        3.296782e-24      
   6.218716       16.397770        -7.758275e-27     
   6.218716       16.931207        -6.267547e-28     
   6.218716       17.458091        -8.270275e-30     
   6.218716       17.977000        9.670587e-32      
   6.218716       18.486536        1.864056e-33      
   6.218716       18.985324        -5.161316e-35     
   6.218716       19.472021        1.973716e-37      
   6.218716       19.945315        6.632164e-39      
   6.218716       20.403928        -8.153150e-38     
   6.218716       20.846626        -8.966052e-36     
   6.218716       21.272215        -8.630060e-34     
   6.218716       21.679546        -7.081740e-32     
   6.218716       22.067523        -4.835663e-30     
   6.218716       22.435100        -2.682231e-28     
   6.218716       22.781284        -1.182858e-26     
   6.218716       23.105144        -4.050346e-25     
   6.218716       23.405806        -1.057840e-23     
   6.218716       23.682459        -2.077852e-22     
   6.218716       23.934358        -2.960976e-21     
   6.218716       24.160824        -3.122038e-20     
   6.218716       24.361246        -2.446736e-19     
   6.218716       24.535084        -1.281586e-18     
   6.218716       24.681869        -4.396903e-18     
   6.218716       24.801206        -1.108795e-17     
   6.218716       24.892773        -2.478339e-17     
   6.218716       24.956326        -6.371207e-17     
   6.218716       24.991706        -3.569794e-16     
   6.564900       0.001580         5.885046e-08      
   6.564900       0.008319         3.099118e-07      
   6.564900       0.020424         7.609537e-07      
   6.564900       0.037866         1.411373e-06      
   6.564900       0.060596         2.259965e-06      
   6.564900       0.088555         3.307091e-06      
   6.564900       0.121667         4.548508e-06      
   6.564900       0.159843         5.988580e-06      
   6.564900       0.202979         7.631459e-06      
   6.564900       0.250960         9.482163e-06      
   6.564900       0.303656         1.154962e-05      
   6.564900       0.360925         1.384730e-05      
   6.564900       0.422613         1.639417e-05      
   6.564900       0.488552         1.921575e-05      
   6.564900       0.558567         2.234566e-05      
   6.564900       0.632467         2.582741e-05      
   6.564900       0.710054         2.971677e-05      
   6.564900       0.791119         3.408453e-05      
   6.564900       0.875442         3.902013e-05      
   6.564900       0.962797         4.463627e-05      
   6.564900       1.052948         5.107471e-05      
   6.564900       1.145653         5.851379e-05      
   6.564900       1.240660         6.717772e-05      
   6.564900       1.337714         7.734827e-05      
   6.564900       1.436554         8.937951e-05      
   6.564900       1.536913         1.037158e-04      
   6.564900       1.638520         1.209141e-04      
   6.564900       1.741102         1.416700e-04      
   6.564900       1.844381         1.668493e-04      
   6.564900       1.948080         1.975240e-04      
   6.564900       2.051920         2.350126e-04      
   6.564900       2.155619         2.809239e-04      
   6.564900       2.258898         3.372017e-04      
   6.564900       2.361480         4.061673e-04      
   6.564900       2.463087         4.905556e-04      
   6.564900       2.563446         5.935372e-04      
   6.564900       2.662286         7.187199e-04      
   6.564900       2.759340         8.701201e-04      
   6.564900       2.854347         1.052093e-03      
   6.564900       2.947052         1.269212e-03      
   6.564900       3.037203         1.526096e-03      
   6.564900       3.124558         1.827167e-03      
   6.564900       3.208881         2.176354e-03      
   6.564900       3.289946         2.576740e-03      
   6.564900       3.367533         3.030179e-03      
   6.564900       3.441433         3.536892e-03      
   6.564900       3.511448         4.095097e-03      
   6.564900       3.577387         4.700685e-03      
   6.564900       3.639075         5.346997e-03      
   6.564900       3.696344         6.024737e-03      
   6.564900       3.749040         6.722031e-03      
   6.564900       3.797021         7.424680e-03      
   6.564900       3.840157         8.116576e-03      
   6.564900       3.878333         8.780291e-03      
   6.564900       3.911445         9.397794e-03      
   6.564900       3.939404         9.951267e-03      
   6.564900       3.962134         1.042396e-02      
   6.564900       3.979576         1.080101e-02      
   6.564900       3.991681         1.107027e-02      
   6.564900       3.998420         1.122290e-02      
   6.564900       4.008294         1.145011e-02      
   6.564900       4.043674         1.230042e-02      
   6.564900       4.107227         1.397843e-02      
   6.564900       4.198794         1.677337e-02      
   6.564900       4.318131         2.118659e-02      
   6.564900       4.464916         2.803681e-02      
   6.564900       4.638754         3.860491e-02      
   6.564900       4.839176         5.478064e-02      
   6.564900       5.065642         7.906713e-02      
   6.564900       5.317541         1.140731e-01      
   6.564900       5.594194         1.608044e-01      
   6.564900       5.894856         2.150568e-01      
   6.564900       6.218716         2.627020e-01      
   6.564900       6.564900         2.791944e-01      
   6.564900       6.932477         2.435379e-01      
   6.564900       7.320454         1.635134e-01      
   6.564900       7.727785         7.847007e-02      
   6.564900       8.153374         2.470126e-02      
   6.564900       8.596072         4.665083e-03      
   6.564900       9.054685         4.978598e-04      
   6.564900       9.527979         3.251361e-05      
   6.564900       10.014676        1.773619e-06      
   6.564900       10.513464        7.829530e-08      
   6.564900       11.023000        8.772110e-10      
   6.564900       11.541909        -1.151810e-10     
   6.564900       12.068793        -5.006610e-12     
   6.564900       12.602230        3.755034e-14      
   6.564900       13.140784        6.266660e-15      
   6.564900       13.683002        6.600694e-17      
   6.564900       14.227422        -2.654155e-18     
   6.564900       14.772578        -3.461243e-20     
   6.564900       15.316998        5.101375e-22      
   6.564900       15.859216        1.007462e-23      
   6.564900       16.397770        9.032094e-27      
   6.564900       16.931207        -1.551878e-27     
   6.564900       17.458091        -2.486687e-29     
   6.564900       17.977000        2.187596e-31      
   6.564900       18.486536        5.121244e-33      
   6.564900       18.985324        -1.329877e-34     
   6.564900       19.472021        4.847543e-37      
   6.564900       19.945315        1.894751e-38      
   6.564900       20.403928        -1.695128e-38     
   6.564900       20.846626        -1.826767e-36     
   6.564900       21.272215        -1.749325e-34     
   6.564900       21.679546        -1.428185e-32     
   6.564900       22.067523        -9.703221e-31     
   6.564900       22.435100        -5.355680e-29     
   6.564900       22.781284        -2.350423e-27     
   6.564900       23.105144        -8.010961e-26     
   6.564900       23.405806        -2.082705e-24     
   6.564900       23.682459        -4.072922e-23     
   6.564900       23.934358        -5.781442e-22     
   6.564900       24.160824        -6.070493e-21     
   6.564900       24.361246        -4.738069e-20     
   6.564900       24.535084        -2.475008e-19     
   6.564900       24.681869        -8.474903e-19     
   6.564900       24.801206        -2.132382e-18     
   6.564900       24.892773        -4.750525e-18     
   6.564900       24.956326        -1.215982e-17     
   6.564900       24.991706        -6.786337e-17     
   6.932477       0.001580         1.825938e-08      
   6.932477       0.008319         9.615504e-08      
   6.932477       0.020424         2.360932e-07      
   6.932477       0.037866         4.378302e-07      
   6.932477       0.060596         7.009370e-07      
   6.932477       0.088555         1.025752e-06      
   6.932477       0.121667         1.410562e-06      
   6.932477       0.159843         1.855968e-06      
   6.932477       0.202979         2.363228e-06      
   6.932477       0.250960         2.933267e-06      
   6.932477       0.303656         3.567846e-06      
   6.932477       0.360925         4.269808e-06      
   6.932477       0.422613         5.043264e-06      
   6.932477       0.488552         5.893788e-06      
   6.932477       0.558567         6.828734e-06      
   6.932477       0.632467         7.857567e-06      
   6.932477       0.710054         8.992323e-06      
   6.932477       0.791119         1.024812e-05      
   6.932477       0.875442         1.164384e-05      
   6.932477       0.962797         1.320296e-05      
   6.932477       1.052948         1.495467e-05      
   6.932477       1.145653         1.693525e-05      
   6.932477       1.240660         1.918991e-05      
   6.932477       1.337714         2.177507e-05      
   6.932477       1.436554         2.476139e-05      
   6.932477       1.536913         2.823755e-05      
   6.932477       1.638520         3.231511e-05      
   6.932477       1.741102         3.713456e-05      
   6.932477       1.844381         4.287287e-05      
   6.932477       1.948080         4.975264e-05      
   6.932477       2.051920         5.805316e-05      
   6.932477       2.155619         6.812320e-05      
   6.932477       2.258898         8.039561e-05      
   6.932477       2.361480         9.540317e-05      
   6.932477       2.463087         1.137948e-04      
   6.932477       2.563446         1.363510e-04      
   6.932477       2.662286         1.639961e-04      
   6.932477       2.759340         1.978053e-04      
   6.932477       2.854347         2.390026e-04      
   6.932477       2.947052         2.889458e-04      
   6.932477       3.037203         3.490945e-04      
   6.932477       3.124558         4.209586e-04      
   6.932477       3.208881         5.060215e-04      
   6.932477       3.289946         6.056407e-04      
   6.932477       3.367533         7.209241e-04      
   6.932477       3.441433         8.525899e-04      
   6.932477       3.511448         1.000816e-03      
   6.932477       3.577387         1.165092e-03      
   6.932477       3.639075         1.344091e-03      
   6.932477       3.696344         1.535576e-03      
   6.932477       3.749040         1.736355e-03      
   6.932477       3.797021         1.942303e-03      
   6.932477       3.840157         2.148455e-03      
   6.932477       3.878333         2.349181e-03      
   6.932477       3.911445         2.538429e-03      
   6.932477       3.939404         2.710019e-03      
   6.932477       3.962134         2.857989e-03      
   6.932477       3.979576         2.976939e-03      
   6.932477       3.991681         3.062367e-03      
   6.932477       3.998420         3.110972e-03      
   6.932477       4.008294         3.183563e-03      
   6.932477       4.043674         3.457677e-03      
   6.932477       4.107227         4.009510e-03      
   6.932477       4.198794         4.958540e-03      
   6.932477       4.318131         6.525871e-03      
   6.932477       4.464916         9.106481e-03      
   6.932477       4.638754         1.339604e-02      
   6.932477       4.839176         2.059650e-02      
   6.932477       5.065642         3.270030e-02      
   6.932477       5.317541         5.273732e-02      
   6.932477       5.594194         8.454140e-02      
   6.932477       5.894856         1.309826e-01      
   6.932477       6.218716         1.892264e-01      
   6.932477       6.564900         2.435379e-01      
   6.932477       6.932477         2.635562e-01      
   6.932477       7.320454         2.239079e-01      
   6.932477       7.727785         1.385546e-01      
   6.932477       8.153374         5.734325e-02      
   6.932477       8.596072         1.441950e-02      
   6.932477       9.054685         2.011408e-03      
   6.932477       9.527979         1.517952e-04      
   6.932477       10.014676        7.621507e-06      
   6.932477       10.513464        3.417577e-07      
   6.932477       11.023000        8.641748e-09      
   6.932477       11.541909        -1.916841e-10     
   6.932477       12.068793        -1.805528e-11     
   6.932477       12.602230        -1.595015e-13     
   6.932477       13.140784        1.584858e-14      
   6.932477       13.683002        3.486376e-16      
   6.932477       14.227422        -4.753011e-18     
   6.932477       14.772578        -1.383291e-19     
   6.932477       15.316998        6.991623e-22      
   6.932477       15.859216        3.366075e-23      
   6.932477       16.397770        1.152563e-25      
   6.932477       16.931207        -4.183341e-27     
   6.932477       17.458091        -7.850085e-29     
   6.932477       17.977000        4.990514e-31      
   6.932477       18.486536        1.534234e-32      
   6.932477       18.985324        -3.785257e-34     
   6.932477       19.472021        1.320137e-36      
   6.932477       19.945315        5.548824e-38      
   6.932477       20.403928        -4.340308e-40     
   6.932477       20.846626        4.986486e-38      
   6.932477       21.272215        5.662639e-36      
   6.932477       21.679546        5.331651e-34      
   6.932477       22.067523        4.091085e-32      
   6.932477       22.435100        2.508685e-30      
   6.932477       22.781284        1.207744e-28      
   6.932477       23.105144        4.463170e-27      
   6.932477       23.405806        1.247852e-25      
   6.932477       23.682459        2.603591e-24      
   6.932477       23.934358        3.902014e-23      
   6.932477       24.160824        4.323082e-22      
   6.932477       24.361246        3.542027e-21      
   6.932477       24.535084        1.911744e-20      
   6.932477       24.681869        6.705941e-20      
   6.932477       24.801206        1.731318e-19      
   6.932477       24.892773        3.986551e-19      
   6.932477       24.956326        1.060626e-18      
   6.932477       24.991706        6.115391e-18      
   7.320454       0.001580         4.494464e-09      
   7.320454       0.008319         2.366810e-08      
   7.320454       0.020424         5.811305e-08      
   7.320454       0.037866         1.077582e-07      
   7.320454       0.060596         1.725112e-07      
   7.320454       0.088555         2.524675e-07      
   7.320454       0.121667         3.473812e-07      
   7.320454       0.159843         4.571530e-07      
   7.320454       0.202979         5.821800e-07      
   7.320454       0.250960         7.228120e-07      
   7.320454       0.303656         8.795620e-07      
   7.320454       0.360925         1.053214e-06      
   7.320454       0.422613         1.244874e-06      
   7.320454       0.488552         1.456026e-06      
   7.320454       0.558567         1.688592e-06      
   7.320454       0.632467         1.944999e-06      
   7.320454       0.710054         2.228267e-06      
   7.320454       0.791119         2.542099e-06      
   7.320454       0.875442         2.890995e-06      
   7.320454       0.962797         3.280391e-06      
   7.320454       1.052948         3.716829e-06      
   7.320454       1.145653         4.208162e-06      
   7.320454       1.240660         4.763825e-06      
   7.320454       1.337714         5.395164e-06      
   7.320454       1.436554         6.115866e-06      
   7.320454       1.536913         6.942503e-06      
   7.320454       1.638520         7.895230e-06      
   7.320454       1.741102         8.998671e-06      
   7.320454       1.844381         1.028306e-05      
   7.320454       1.948080         1.178567e-05      
   7.320454       2.051920         1.355258e-05      
   7.320454       2.155619         1.564091e-05      
   7.320454       2.258898         1.812144e-05      
   7.320454       2.361480         2.108170e-05      
   7.320454       2.463087         2.462951e-05      
   7.320454       2.563446         2.889675e-05      
   7.320454       2.662286         3.404317e-05      
   7.320454       2.759340         4.025980e-05      
   7.320454       2.854347         4.777132e-05      
   7.320454       2.947052         5.683671e-05      
   7.320454       3.037203         6.774699e-05      
   7.320454       3.124558         8.081912e-05      
   7.320454       3.208881         9.638477e-05      
   7.320454       3.289946         1.147731e-04      
   7.320454       3.367533         1.362873e-04      
   7.320454       3.441433         1.611739e-04      
   7.320454       3.511448         1.895881e-04      
   7.320454       3.577387         2.215548e-04      
   7.320454       3.639075         2.569303e-04      
   7.320454       3.696344         2.953691e-04      
   7.320454       3.749040         3.362989e-04      
   7.320454       3.797021         3.789114e-04      
   7.320454       3.840157         4.221709e-04      
   7.320454       3.878333         4.648447e-04      
   7.320454       3.911445         5.055550e-04      
   7.320454       3.939404         5.428513e-04      
   7.320454       3.962134         5.752969e-04      
   7.320454       3.979576         6.015640e-04      
   7.320454       3.991681         6.205281e-04      
   7.320454       3.998420         6.313545e-04      
   7.320454       4.008294         6.475722e-04      
   7.320454       4.043674         7.093275e-04      
   7.320454       4.107227         8.360009e-04      
   7.320454       4.198794         1.060596e-03      
   7.320454       4.318131         1.448021e-03      
   7.320454       4.464916         2.124111e-03      
   7.320454       4.638754         3.334908e-03      
   7.320454       4.839176         5.565343e-03      
   7.320454       5.065642         9.766266e-03      
   7.320454       5.317541         1.774695e-02      
   7.320454       5.594194         3.270849e-02      
   7.320454       5.894856         5.950701e-02      
   7.320454       6.218716         1.032357e-01      
   7.320454       6.564900         1.635134e-01      
   7.320454       6.932477         2.239079e-01      
   7.320454       7.320454         2.476172e-01      
   7.320454       7.727785         2.040945e-01      
   7.320454       8.153374         1.149783e-01      
   7.320454       8.596072         4.017638e-02      
   7.320454       9.054685         7.838393e-03      
   7.320454       9.527979         7.841099e-04      
   7.320454       10.014676        4.198132e-05      
   7.320454       10.513464        1.698084e-06      
   7.320454       11.023000        5.583063e-08      
   7.320454       11.541909        2.950235e-10      
   7.320454       12.068793        -5.802396e-11     
   7.320454       12.602230        -1.472956e-12     
   7.320454       13.140784        3.116751e-14      
   7.320454       13.683002        1.480229e-15      
   7.320454       14.227422        -4.609122e-19     
   7.320454       14.772578        -4.911633e-19     
   7.320454       15.316998        -1.501312e-21     
   7.320454       15.859216        1.169650e-22      
   7.320454       16.397770        7.674091e-25      
   7.320454       16.931207        -1.292441e-26     
   7.320454       17.458091        -2.660903e-28     
   7.320454       17.977000        1.171556e-30      
   7.320454       18.486536        4.956081e-32      
   7.320454       18.985324        -1.202673e-33     
   7.320454       19.472021        4.089642e-36      
   7.320454       19.945315        1.804664e-37      
   7.320454       20.403928        -1.051205e-39     
   7.320454       20.846626        1.776368e-37      
   7.320454       21.272215        1.753565e-35      
   7.320454       21.679546        1.473260e-33      
   7.320454       22.067523        1.028268e-31      
   7.320454       22.435100        5.820626e-30      
   7.320454       22.781284        2.615849e-28      
   7.320454       23.105144        9.113943e-27      
   7.320454       23.405806        2.419145e-25      
   7.320454       23.682459        4.822900e-24      
   7.320454       23.934358        6.962489e-23      
   7.320454       24.160824        7.436262e-22      
   7.320454       24.361246        5.896104e-21      
   7.320454       24.535084        3.114358e-20      
   7.320454       24.681869        1.075605e-19      
   7.320454       24.801206        2.731031e-19      
   7.320454       24.892773        6.153008e-19      
   7.320454       24.956326        1.595397e-18      
   7.320454       24.991706        9.000635e-18      
   7.727785       0.001580         6.775498e-10      
   7.727785       0.008319         3.568026e-09      
   7.727785       0.020424         8.760790e-09      
   7.727785       0.037866         1.624418e-08      
   7.727785       0.060596         2.601181e-08      
   7.727785       0.088555         3.806964e-08      
   7.727785       0.121667         5.245785e-08      
   7.727785       0.159843         6.911869e-08      
   7.727785       0.202979         8.813862e-08      
   7.727785       0.250960         1.096405e-07      
   7.727785       0.303656         1.337754e-07      
   7.727785       0.360925         1.607531e-07      
   7.727785       0.422613         1.908556e-07      
   7.727785       0.488552         2.244546e-07      
   7.727785       0.558567         2.620242e-07      
   7.727785       0.632467         3.041583e-07      
   7.727785       0.710054         3.515865e-07      
   7.727785       0.791119         4.051974e-07      
   7.727785       0.875442         4.660627e-07      
   7.727785       0.962797         5.354661e-07      
   7.727785       1.052948         6.149361e-07      
   7.727785       1.145653         7.062855e-07      
   7.727785       1.240660         8.116571e-07      
   7.727785       1.337714         9.335796e-07      
   7.727785       1.436554         1.075031e-06      
   7.727785       1.536913         1.239513e-06      
   7.727785       1.638520         1.431144e-06      
   7.727785       1.741102         1.654764e-06      
   7.727785       1.844381         1.916065e-06      
   7.727785       1.948080         2.221741e-06      
   7.727785       2.051920         2.579681e-06      
   7.727785       2.155619         2.999185e-06      
   7.727785       2.258898         3.491239e-06      
   7.727785       2.361480         4.068828e-06      
   7.727785       2.463087         4.747307e-06      
   7.727785       2.563446         5.544820e-06      
   7.727785       2.662286         6.482744e-06      
   7.727785       2.759340         7.586138e-06      
   7.727785       2.854347         8.884131e-06      
   7.727785       2.947052         1.041017e-05      
   7.727785       3.037203         1.220198e-05      
   7.727785       3.124558         1.430116e-05      
   7.727785       3.208881         1.675207e-05      
   7.727785       3.289946         1.960006e-05      
   7.727785       3.367533         2.288860e-05      
   7.727785       3.441433         2.665543e-05      
   7.727785       3.511448         3.092766e-05      
   7.727785       3.577387         3.571594e-05      
   7.727785       3.639075         4.100828e-05      
   7.727785       3.696344         4.676391e-05      
   7.727785       3.749040         5.290821e-05      
   7.727785       3.797021         5.932946e-05      
   7.727785       3.840157         6.587845e-05      
   7.727785       3.878333         7.237159e-05      
   7.727785       3.911445         7.859802e-05      
   7.727785       3.939404         8.433056e-05      
   7.727785       3.962134         8.933984e-05      
   7.727785       3.979576         9.341053e-05      
   7.727785       3.991681         9.635798e-05      
   7.727785       3.998420         9.804385e-05      
   7.727785       4.008294         1.005736e-04      
   7.727785       4.043674         1.102543e-04      
   7.727785       4.107227         1.303450e-04      
   7.727785       4.198794         1.667085e-04      
   7.727785       4.318131         2.314937e-04      
   7.727785       4.464916         3.500032e-04      
   7.727785       4.638754         5.765256e-04      
   7.727785       4.839176         1.031335e-03      
   7.727785       5.065642         1.987269e-03      
   7.727785       5.317541         4.067429e-03      
   7.727785       5.594194         8.665977e-03      
   7.727785       5.894856         1.871028e-02      
   7.727785       6.218716         3.955752e-02      
   7.727785       6.564900         7.847007e-02      
   7.727785       6.932477         1.385546e-01      
   7.727785       7.320454         2.040945e-01      
   7.727785       7.727785         2.315662e-01      
   7.727785       8.153374         1.844071e-01      
   7.727785       8.596072         9.334413e-02      
   7.727785       9.054685         2.692884e-02      
   7.727785       9.527979         3.957412e-03      
   7.727785       10.014676        2.771474e-04      
   7.727785       10.513464        1.079407e-05      
   7.727785       11.023000        3.535478e-07      
   7.727785       11.541909        6.772985e-09      
   7.727785       12.068793        -1.306003e-10     
   7.727785       12.602230        -8.272203e-12     
   7.727785       13.140784        -3.835963e-15     
   7.727785       13.683002        5.381824e-15      
   7.727785       14.227422        6.075159e-17      
   7.727785       14.772578        -1.320276e-18     
   7.727785       15.316998        -2.166199e-20     
   7.727785       15.859216        3.587193e-22      
   7.727785       16.397770        5.024445e-24      
   7.727785       16.931207        -4.343500e-26     
   7.727785       17.458091        -1.055512e-27     
   7.727785       17.977000        3.221942e-30      
   7.727785       18.486536        1.752445e-31      
   7.727785       18.985324        -4.362198e-33     
   7.727785       19.472021        1.474646e-35      
   7.727785       19.945315        6.640100e-37      
   7.727785       20.403928        -9.163240e-39     
   7.727785       20.846626        6.131957e-38      
   7.727785       21.272215        6.028750e-36      
   7.727785       21.679546        5.046875e-34      
   7.727785       22.067523        3.510249e-32      
   7.727785       22.435100        1.980376e-30      
   7.727785       22.781284        8.871226e-29      
   7.727785       23.105144        3.081418e-27      
   7.727785       23.405806        8.154861e-26      
   7.727785       23.682459        1.621169e-24      
   7.727785       23.934358        2.334678e-23      
   7.727785       24.160824        2.486914e-22      
   7.727785       24.361246        1.966674e-21      
   7.727785       24.535084        1.037112e-20      
   7.727785       24.681869        3.578083e-20      
   7.727785       24.801206        9.072986e-20      
   7.727785       24.892773        2.039717e-19      
   7.727785       24.956326        5.272935e-19      
   7.727785       24.991706        2.966547e-18      
   8.153374       0.001580         2.156744e-11      
   8.153374       0.008319         1.135809e-10      
   8.153374       0.020424         2.789489e-10      
   8.153374       0.037866         5.173108e-10      
   8.153374       0.060596         8.307491e-10      
   8.153374       0.088555         1.216068e-09      
   8.153374       0.121667         1.695262e-09      
   8.153374       0.159843         2.261010e-09      
   8.153374       0.202979         2.922275e-09      
   8.153374       0.250960         3.703454e-09      
   8.153374       0.303656         4.633002e-09      
   8.153374       0.360925         5.747344e-09      
   8.153374       0.422613         7.093221e-09      
   8.153374       0.488552         8.731412e-09      
   8.153374       0.558567         1.073873e-08      
   8.153374       0.632467         1.321146e-08      
   8.153374       0.710054         1.626824e-08      
   8.153374       0.791119         2.005483e-08      
   8.153374       0.875442         2.474918e-08      
   8.153374       0.962797         3.056759e-08      
   8.153374       1.052948         3.777183e-08      
   8.153374       1.145653         4.667791e-08      
   8.153374       1.240660         5.766617e-08      
   8.153374       1.337714         7.119341e-08      
   8.153374       1.436554         8.780640e-08      
   8.153374       1.536913         1.081574e-07      
   8.153374       1.638520         1.330220e-07      
   8.153374       1.741102         1.633183e-07      
   8.153374       1.844381         2.001289e-07      
   8.153374       1.948080         2.447230e-07      
   8.153374       2.051920         2.985812e-07      
   8.153374       2.155619         3.634199e-07      
   8.153374       2.258898         4.412163e-07      
   8.153374       2.361480         5.342314e-07      
   8.153374       2.463087         6.450310e-07      
   8.153374       2.563446         7.765032e-07      
   8.153374       2.662286         9.318679e-07      
   8.153374       2.759340         1.114677e-06      
   8.153374       2.854347         1.328799e-06      
   8.153374       2.947052         1.578389e-06      
   8.153374       3.037203         1.867818e-06      
   8.153374       3.124558         2.201574e-06      
   8.153374       3.208881         2.584106e-06      
   8.153374       3.289946         3.019598e-06      
   8.153374       3.367533         3.511671e-06      
   8.153374       3.441433         4.062988e-06      
   8.153374       3.511448         4.674770e-06      
   8.153374       3.577387         5.346236e-06      
   8.153374       3.639075         6.074001e-06      
   8.153374       3.696344         6.851473e-06      
   8.153374       3.749040         7.668351e-06      
   8.153374       3.797021         8.510294e-06      
   8.153374       3.840157         9.358885e-06      
   8.153374       3.878333         1.019196e-05      
   8.153374       3.911445         1.098439e-05      
   8.153374       3.939404         1.170927e-05      
   8.153374       3.962134         1.233954e-05      
   8.153374       3.979576         1.284981e-05      
   8.153374       3.991681         1.321833e-05      
   8.153374       3.998420         1.342877e-05      
   8.153374       4.008294         1.374413e-05      
   8.153374       4.043674         1.494667e-05      
   8.153374       4.107227         1.742589e-05      
   8.153374       4.198794         2.188119e-05      
   8.153374       4.318131         2.979399e-05      
   8.153374       4.464916         4.437448e-05      
   8.153374       4.638754         7.295587e-05      
   8.153374       4.839176         1.333170e-04      
   8.153374       5.065642         2.710003e-04      
   8.153374       5.317541         6.077147e-04      
   8.153374       5.594194         1.475754e-03      
   8.153374       5.894856         3.773446e-03      
   8.153374       6.218716         9.796625e-03      
   8.153374       6.564900         2.470126e-02      
   8.153374       6.932477         5.734325e-02      
   8.153374       7.320454         1.149783e-01      
   8.153374       7.727785         1.844071e-01      
   8.153374       8.153374         2.156082e-01      
   8.153374       8.596072         1.651659e-01      
   8.153374       9.054685         7.408761e-02      
   8.153374       9.527979         1.724217e-02      
   8.153374       10.014676        1.853965e-03      
   8.153374       10.513464        8.956246e-05      
   8.153374       11.023000        2.639845e-06      
   8.153374       11.541909        6.565601e-08      
   8.153374       12.068793        3.522913e-10      
   8.153374       12.602230        -3.734832e-11     
   8.153374       13.140784        -6.169541e-13     
   8.153374       13.683002        1.537645e-14      
   8.153374       14.227422        4.341075e-16      
   8.153374       14.772578        -5.403758e-19     
   8.153374       15.316998        -1.264013e-19     
   8.153374       15.859216        4.333691e-22      
   8.153374       16.397770        3.036034e-23      
   8.153374       16.931207        -8.770185e-26     
   8.153374       17.458091        -5.288926e-27     
   8.153374       17.977000        8.852722e-30      
   8.153374       18.486536        7.338816e-31      
   8.153374       18.985324        -1.843489e-32     
   8.153374       19.472021        5.987893e-35      
   8.153374       19.945315        2.808471e-36      
   8.153374       20.403928        -4.095076e-38     
   8.153374       20.846626        9.938554e-39      
   8.153374       21.272215        9.629040e-37      
   8.153374       21.679546        8.033577e-35      
   8.153374       22.067523        5.568451e-33      
   8.153374       22.435100        3.130768e-31      
   8.153374       22.781284        1.397619e-29      
   8.153374       23.105144        4.838365e-28      
   8.153374       23.405806        1.276168e-26      
   8.153374       23.682459        2.528679e-25      
   8.153374       23.934358        3.631130e-24      
   8.153374       24.160824        3.855549e-23      
   8.153374       24.361246        3.039338e-22      
   8.153374       24.535084        1.599523e-21      
   8.153374       24.681869        5.510824e-21      
   8.153374       24.801206        1.394996e-20      
   8.153374       24.892773        3.127620e-20      
   8.153374       24.956326        8.055816e-20      
   8.153374       24.991706        4.517087e-19      
   8.596072       0.001580         -1.179344e-11     
   8.596072       0.008319         -6.210373e-11     
   8.596072       0.020424         -1.524694e-10     
   8.596072       0.037866         -2.826361e-10     
   8.596072       0.060596         -4.520584e-10     
   8.596072       0.088555         -6.615081e-10     
   8.596072       0.121667         -9.080373e-10     
   8.596072       0.159843         -1.190650e-09     
   8.596072       0.202979         -1.509690e-09     
   8.596072       0.250960         -1.863231e-09     
   8.596072       0.303656         -2.248898e-09     
   8.596072       0.360925         -2.663965e-09     
   8.596072       0.422613         -3.105184e-09     
   8.596072       0.488552         -3.568459e-09     
   8.596072       0.558567         -4.048644e-09     
   8.596072       0.632467         -4.539187e-09     
   8.596072       0.710054         -5.031802e-09     
   8.596072       0.791119         -5.515891e-09     
   8.596072       0.875442         -5.977904e-09     
   8.596072       0.962797         -6.400490e-09     
   8.596072       1.052948         -6.761457e-09     
   8.596072       1.145653         -7.032437e-09     
   8.596072       1.240660         -7.177279e-09     
   8.596072       1.337714         -7.150074e-09     
   8.596072       1.436554         -6.892811e-09     
   8.596072       1.536913         -6.332560e-09     
   8.596072       1.638520         -5.378196e-09     
   8.596072       1.741102         -3.916627e-09     
   8.596072       1.844381         -1.808542e-09     
   8.596072       1.948080         1.116300e-09      
   8.596072       2.051920         5.064112e-09      
   8.596072       2.155619         1.028230e-08      
   8.596072       2.258898         1.706456e-08      
   8.596072       2.361480         2.575561e-08      
   8.596072       2.463087         3.675495e-08      
   8.596072       2.563446         5.051903e-08      
   8.596072       2.662286         6.756120e-08      
   8.596072       2.759340         8.844857e-08      
   8.596072       2.854347         1.137947e-07      
   8.596072       2.947052         1.442470e-07      
   8.596072       3.037203         1.804688e-07      
   8.596072       3.124558         2.231133e-07      
   8.596072       3.208881         2.727910e-07      
   8.596072       3.289946         3.300288e-07      
   8.596072       3.367533         3.952212e-07      
   8.596072       3.441433         4.685754e-07      
   8.596072       3.511448         5.500519e-07      
   8.596072       3.577387         6.393032e-07      
   8.596072       3.639075         7.356163e-07      
   8.596072       3.696344         8.378645e-07      
   8.596072       3.749040         9.444753e-07      
   8.596072       3.797021         1.053423e-06      
   8.596072       3.840157         1.162255e-06      
   8.596072       3.878333         1.268151e-06      
   8.596072       3.911445         1.368030e-06      
   8.596072       3.939404         1.458692e-06      
   8.596072       3.962134         1.536991e-06      
   8.596072       3.979576         1.600035e-06      
   8.596072       3.991681         1.645375e-06      
   8.596072       3.998420         1.671197e-06      
   8.596072       4.008294         1.709799e-06      
   8.596072       4.043674         1.856004e-06      
   8.596072       4.107227         2.152822e-06      
   8.596072       4.198794         2.672875e-06      
   8.596072       4.318131         3.564248e-06      
   8.596072       4.464916         5.136489e-06      
   8.596072       4.638754         8.082081e-06      
   8.596072       4.839176         1.409377e-05      
   8.596072       5.065642         2.772810e-05      
   8.596072       5.317541         6.243152e-05      
   8.596072       5.594194         1.609840e-04      
   8.596072       5.894856         4.660233e-04      
   8.596072       6.218716         1.456419e-03      
   8.596072       6.564900         4.665083e-03      
   8.596072       6.932477         1.441950e-02      
   8.596072       7.320454         4.017638e-02      
   8.596072       7.727785         9.334413e-02      
   8.596072       8.153374         1.651659e-01      
   8.596072       8.596072         1.999541e-01      
   8.596072       9.054685         1.466795e-01      
   8.596072       9.527979         5.747752e-02      
   8.596072       10.014676        1.054056e-02      
   8.596072       10.513464        8.069099e-04      
   8.596072       11.023000        2.685208e-05      
   8.596072       11.541909        6.190570e-07      
   8.596072       12.068793        1.014145e-08      
   8.596072       12.602230        -9.070223e-11     
   8.596072       13.140784        -5.708973e-12     
   8.596072       13.683002        1.056794e-14      
   8.596072       14.227422        2.209356e-15      
   8.596072       14.772578        2.160271e-17      
   8.596072       15.316998        -3.710352e-19     
   8.596072       15.859216        -4.619433e-21     
   8.596072       16.397770        1.263630e-22      
   8.596072       16.931207        6.939426e-25      
   8.596072       17.458091        -2.800175e-26     
   8.596072       17.977000        -3.886439e-29     
   8.596072       18.486536        3.794813e-30      
   8.596072       18.985324        -8.851220e-32     
   8.596072       19.472021        2.475544e-34      
   8.596072       19.945315        1.370296e-35      
   8.596072       20.403928        -1.977203e-37     
   8.596072       20.846626        9.209688e-40      
   8.596072       21.272215        2.509122e-38      
   8.596072       21.679546        1.936004e-36      
   8.596072       22.067523        1.237054e-34      
   8.596072       22.435100        6.383457e-33      
   8.596072       22.781284        2.601873e-31      
   8.596072       23.105144        8.190406e-30      
   8.596072       23.405806        1.951119e-28      
   8.596072       23.682459        3.471432e-27      
   8.596072       23.934358        4.481246e-26      
   8.596072       24.160824        4.199211e-25      
   8.596072       24.361246        2.893891e-24      
   8.596072       24.535084        1.369877e-23      
   8.596072       24.681869        4.315007e-23      
   8.596072       24.801206        9.791750e-23      
   8.596072       24.892773        1.864527e-22      
   8.596072       24.956326        3.794994e-22      
   8.596072       24.991706        1.648454e-21      
   9.054685       0.001580         -1.764193e-12     
   9.054685       0.008319         -9.290244e-12     
   9.054685       0.020424         -2.280931e-11     
   9.054685       0.037866         -4.227886e-11     
   9.054685       0.060596         -6.767022e-11     
   9.054685       0.088555         -9.900734e-11     
   9.054685       0.121667         -1.363970e-10     
   9.054685       0.159843         -1.794372e-10     
   9.054685       0.202979         -2.283019e-10     
   9.054685       0.250960         -2.831672e-10     
   9.054685       0.303656         -3.441741e-10     
   9.054685       0.360925         -4.115249e-10     
   9.054685       0.422613         -4.854989e-10     
   9.054685       0.488552         -5.664740e-10     
   9.054685       0.558567         -6.549217e-10     
   9.054685       0.632467         -7.514076e-10     
   9.054685       0.710054         -8.565760e-10     
   9.054685       0.791119         -9.711377e-10     
   9.054685       0.875442         -1.095841e-09     
   9.054685       0.962797         -1.231429e-09     
   9.054685       1.052948         -1.378573e-09     
   9.054685       1.145653         -1.537784e-09     
   9.054685       1.240660         -1.709287e-09     
   9.054685       1.337714         -1.892871e-09     
   9.054685       1.436554         -2.087668e-09     
   9.054685       1.536913         -2.291887e-09     
   9.054685       1.638520         -2.502461e-09     
   9.054685       1.741102         -2.714632e-09     
   9.054685       1.844381         -2.921423e-09     
   9.054685       1.948080         -3.113013e-09     
   9.054685       2.051920         -3.276007e-09     
   9.054685       2.155619         -3.392616e-09     
   9.054685       2.258898         -3.439746e-09     
   9.054685       2.361480         -3.388028e-09     
   9.054685       2.463087         -3.200877e-09     
   9.054685       2.563446         -2.833626e-09     
   9.054685       2.662286         -2.232848e-09     
   9.054685       2.759340         -1.335998e-09     
   9.054685       2.854347         -7.157261e-11     
   9.054685       2.947052         1.640058e-09      
   9.054685       3.037203         3.884964e-09      
   9.054685       3.124558         6.752911e-09      
   9.054685       3.208881         1.033341e-08      
   9.054685       3.289946         1.471049e-08      
   9.054685       3.367533         1.995623e-08      
   9.054685       3.441433         2.612331e-08      
   9.054685       3.511448         3.323670e-08      
   9.054685       3.577387         4.128536e-08      
   9.054685       3.639075         5.021426e-08      
   9.054685       3.696344         5.991805e-08      
   9.054685       3.749040         7.023690e-08      
   9.054685       3.797021         8.095586e-08      
   9.054685       3.840157         9.180813e-08      
   9.054685       3.878333         1.024831e-07      
   9.054685       3.911445         1.126392e-07      
   9.054685       3.939404         1.219206e-07      
   9.054685       3.962134         1.299779e-07      
   9.054685       3.979576         1.364898e-07      
   9.054685       3.991681         1.411854e-07      
   9.054685       3.998420         1.438639e-07      
   9.054685       4.008294         1.478735e-07      
   9.054685       4.043674         1.631121e-07      
   9.054685       4.107227         1.942438e-07      
   9.054685       4.198794         2.491360e-07      
   9.054685       4.318131         3.433656e-07      
   9.054685       4.464916         5.079425e-07      
   9.054685       4.638754         8.075532e-07      
   9.054685       4.839176         1.387451e-06      
   9.054685       5.065642         2.607976e-06      
   9.054685       5.317541         5.482152e-06      
   9.054685       5.594194         1.328790e-05      
   9.054685       5.894856         3.814601e-05      
   9.054685       6.218716         1.295185e-04      
   9.054685       6.564900         4.978598e-04      
   9.054685       6.932477         2.011408e-03      
   9.054685       7.320454         7.838393e-03      
   9.054685       7.727785         2.692884e-02      
   9.054685       8.153374         7.408761e-02      
   9.054685       8.596072         1.466795e-01      
   9.054685       9.054685         1.848073e-01      
   9.054685       9.527979         1.292222e-01      
   9.054685       10.014676        4.359868e-02      
   9.054685       10.513464        6.155564e-03      
   9.054685       11.023000        3.275348e-04      
   9.054685       11.541909        7.617549e-06      
   9.054685       12.068793        1.377732e-07      
   9.054685       12.602230        1.111322e-09      
   9.054685       13.140784        -3.501298e-11     
   9.054685       13.683002        -5.009201e-13     
   9.054685       14.227422        1.053353e-14      
   9.054685       14.772578        1.696810e-16      
   9.054685       15.316998        3.425609e-19      
   9.054685       15.859216        -2.371638e-20     
   9.054685       16.397770        5.756718e-23      
   9.054685       16.931207        8.088138e-24      
   9.054685       17.458091        -9.422615e-26     
   9.054685       17.977000        -9.973735e-28     
   9.054685       18.486536        1.918511e-29      
   9.054685       18.985324        -4.567799e-31     
   9.054685       19.472021        1.071502e-33      
   9.054685       19.945315        7.534392e-35      
   9.054685       20.403928        -1.088818e-36     
   9.054685       20.846626        4.059896e-39      
   9.054685       21.272215        -1.777787e-38     
   9.054685       21.679546        -1.546604e-36     
   9.054685       22.067523        -1.105968e-34     
   9.054685       22.435100        -6.400379e-33     
   9.054685       22.781284        -2.935002e-31     
   9.054685       23.105144        -1.041408e-29     
   9.054685       23.405806        -2.810760e-28     
   9.054685       23.682459        -5.688288e-27     
   9.054685       23.934358        -8.320276e-26     
   9.054685       24.160824        -8.998261e-25     
   9.054685       24.361246        -7.212278e-24     
   9.054685       24.535084        -3.841051e-23     
   9.054685       24.681869        -1.335898e-22     
   9.054685       24.801206        -3.415016e-22     
   9.054685       24.892773        -7.745084e-22     
   9.054685       24.956326        -2.019744e-21     
   9.054685       24.991706        -1.143723e-20     
   9.527979       0.001580         3.769324e-14      
   9.527979       0.008319         1.984882e-13      
   9.527979       0.020424         4.872682e-13      
   9.527979       0.037866         9.040992e-13      
   9.527979       0.060596         1.442510e-12      
   9.527979       0.088555         2.115060e-12      
   9.527979       0.121667         2.853573e-12      
   9.527979       0.159843         3.692016e-12      
   9.527979       0.202979         4.623814e-12      
   9.527979       0.250960         5.600954e-12      
   9.527979       0.303656         6.575762e-12      
   9.527979       0.360925         7.492307e-12      
   9.527979       0.422613         8.282681e-12      
   9.527979       0.488552         8.859618e-12      
   9.527979       0.558567         9.115462e-12      
   9.527979       0.632467         8.917729e-12      
   9.527979       0.710054         8.108009e-12      
   9.527979       0.791119         6.496544e-12      
   9.527979       0.875442         3.858604e-12      
   9.527979       0.962797         -6.990613e-14     
   9.527979       1.052948         -5.596128e-12     
   9.527979       1.145653         -1.307451e-11     
   9.527979       1.240660         -2.290998e-11     
   9.527979       1.337714         -3.556067e-11     
   9.527979       1.436554         -5.153749e-11     
   9.527979       1.536913         -7.140055e-11     
   9.527979       1.638520         -9.575132e-11     
   9.527979       1.741102         -1.252192e-10     
   9.527979       1.844381         -1.604384e-10     
   9.527979       1.948080         -2.020147e-10     
   9.527979       2.051920         -2.504798e-10     
   9.527979       2.155619         -3.062307e-10     
   9.527979       2.258898         -3.694517e-10     
   9.527979       2.361480         -4.400184e-10     
   9.527979       2.463087         -5.173859e-10     
   9.527979       2.563446         -6.004635e-10     
   9.527979       2.662286         -6.874788e-10     
   9.527979       2.759340         -7.758440e-10     
   9.527979       2.854347         -8.620387e-10     
   9.527979       2.947052         -9.415244e-10     
   9.527979       3.037203         -1.008712e-09     
   9.527979       3.124558         -1.057009e-09     
   9.527979       3.208881         -1.078971e-09     
   9.527979       3.289946         -1.066580e-09     
   9.527979       3.367533         -1.011654e-09     
   9.527979       3.441433         -9.064055e-10     
   9.527979       3.511448         -7.441206e-10     
   9.527979       3.577387         -5.199319e-10     
   9.527979       3.639075         -2.316198e-10     
   9.527979       3.696344         1.196340e-10      
   9.527979       3.749040         5.286363e-10      
   9.527979       3.797021         9.858155e-10      
   9.527979       3.840157         1.477191e-09      
   9.527979       3.878333         1.984747e-09      
   9.527979       3.911445         2.487245e-09      
   9.527979       3.939404         2.961448e-09      
   9.527979       3.962134         3.383679e-09      
   9.527979       3.979576         3.731586e-09      
   9.527979       3.991681         3.985935e-09      
   9.527979       3.998420         4.132282e-09      
   9.527979       4.008294         4.353004e-09      
   9.527979       4.043674         5.208923e-09      
   9.527979       4.107227         7.031633e-09      
   9.527979       4.198794         1.044029e-08      
   9.527979       4.318131         1.671214e-08      
   9.527979       4.464916         2.848906e-08      
   9.527979       4.638754         5.141840e-08      
   9.527979       4.839176         9.815546e-08      
   9.527979       5.065642         1.988136e-07      
   9.527979       5.317541         4.308936e-07      
   9.527979       5.594194         1.016618e-06      
   9.527979       5.894856         2.696072e-06      
   9.527979       6.218716         8.438467e-06      
   9.527979       6.564900         3.251361e-05      
   9.527979       6.932477         1.517952e-04      
   9.527979       7.320454         7.841099e-04      
   9.527979       7.727785         3.957412e-03      
   9.527979       8.153374         1.724217e-02      
   9.527979       8.596072         5.747752e-02      
   9.527979       9.054685         1.292222e-01      
   9.527979       9.527979         1.703480e-01      
   9.527979       10.014676        1.130128e-01      
   9.527979       10.513464        3.236259e-02      
   9.527979       11.023000        3.439938e-03      
   9.527979       11.541909        1.248805e-04      
   9.527979       12.068793        2.084880e-06      
   9.527979       12.602230        2.863988e-08      
   9.527979       13.140784        1.439986e-11      
   9.527979       13.683002        -7.609682e-12     
   9.527979       14.227422        1.935542e-14      
   9.527979       14.772578        1.652178e-15      
   9.527979       15.316998        1.468012e-19      
   9.527979       15.859216        1.356868e-19      
   9.527979       16.397770        -6.558104e-22     
   9.527979       16.931207        1.221109e-24      
   9.527979       17.458091        2.537209e-26      
   9.527979       17.977000        -5.679816e-27     
   9.527979       18.486536        5.684814e-29      
   9.527979       18.985324        -2.818148e-30     
   9.527979       19.472021        7.770585e-33      
   9.527979       19.945315        4.683913e-34      
   9.527979       20.403928        -7.075600e-36     
   9.527979       20.846626        3.344640e-38      
   9.527979       21.272215        -1.988920e-39     
   9.527979       21.679546        -2.524200e-37     
   9.527979       22.067523        -1.792852e-35     
   9.527979       22.435100        -1.030839e-33     
   9.527979       22.781284        -4.697499e-32     
   9.527979       23.105144        -1.656936e-30     
   9.527979       23.405806        -4.446383e-29     
   9.527979       23.682459        -8.949138e-28     
   9.527979       23.934358        -1.302803e-26     
   9.527979       24.160824        -1.401740e-25     
   9.527979       24.361246        -1.117960e-24     
   9.527979       24.535084        -5.935112e-24     
   9.527979       24.681869        -2.059679e-23     
   9.527979       24.801206        -5.251165e-23     
   9.527979       24.892773        -1.186101e-22     
   9.527979       24.956326        -3.076813e-22     
   9.527979       24.991706        -1.734186e-21     
   10.014676      0.001580         2.710765e-14      
   10.014676      0.008319         1.427485e-13      
   10.014676      0.020424         3.504696e-13      
   10.014676      0.037866         6.497085e-13      
   10.014676      0.060596         1.039488e-12      
   10.014676      0.088555         1.521285e-12      
   10.014676      0.121667         2.090232e-12      
   10.014676      0.159843         2.744047e-12      
   10.014676      0.202979         3.484544e-12      
   10.014676      0.250960         4.309657e-12      
   10.014676      0.303656         5.216896e-12      
   10.014676      0.360925         6.203870e-12      
   10.014676      0.422613         7.268182e-12      
   10.014676      0.488552         8.407057e-12      
   10.014676      0.558567         9.617229e-12      
   10.014676      0.632467         1.089461e-11      
   10.014676      0.710054         1.223410e-11      
   10.014676      0.791119         1.362903e-11      
   10.014676      0.875442         1.507068e-11      
   10.014676      0.962797         1.654752e-11      
   10.014676      1.052948         1.804440e-11      
   10.014676      1.145653         1.954136e-11      
   10.014676      1.240660         2.101238e-11      
   10.014676      1.337714         2.242386e-11      
   10.014676      1.436554         2.373287e-11      
   10.014676      1.536913         2.488516e-11      
   10.014676      1.638520         2.581308e-11      
   10.014676      1.741102         2.643333e-11      
   10.014676      1.844381         2.664490e-11      
   10.014676      1.948080         2.632697e-11      
   10.014676      2.051920         2.533749e-11      
   10.014676      2.155619         2.351242e-11      
   10.014676      2.258898         2.066614e-11      
   10.014676      2.361480         1.659328e-11      
   10.014676      2.463087         1.107261e-11      
   10.014676      2.563446         3.873466e-12      
   10.014676      2.662286         -5.235274e-12     
   10.014676      2.759340         -1.647327e-11     
   10.014676      2.854347         -3.003386e-11     
   10.014676      2.947052         -4.606671e-11     
   10.014676      3.037203         -6.465917e-11     
   10.014676      3.124558         -8.581743e-11     
   10.014676      3.208881         -1.094493e-10     
   10.014676      3.289946         -1.353508e-10     
   10.014676      3.367533         -1.631993e-10     
   10.014676      3.441433         -1.925548e-10     
   10.014676      3.511448         -2.228724e-10     
   10.014676      3.577387         -2.535249e-10     
   10.014676      3.639075         -2.838354e-10     
   10.014676      3.696344         -3.131197e-10     
   10.014676      3.749040         -3.407311e-10     
   10.014676      3.797021         -3.661064e-10     
   10.014676      3.840157         -3.888031e-10     
   10.014676      3.878333         -4.085261e-10     
   10.014676      3.911445         -4.251361e-10     
   10.014676      3.939404         -4.386398e-10     
   10.014676      3.962134         -4.491609e-10     
   10.014676      3.979576         -4.568976e-10     
   10.014676      3.991681         -4.620710e-10     
   10.014676      3.998420         -4.648749e-10     
   10.014676      4.008294         -4.688775e-10     
   10.014676      4.043674         -4.820609e-10     
   10.014676      4.107227         -4.999754e-10     
   10.014676      4.198794         -5.068822e-10     
   10.014676      4.318131         -4.620323e-10     
   10.014676      4.464916         -2.618511e-10     
   10.014676      4.638754         3.577660e-10      
   10.014676      4.839176         2.081919e-09      
   10.014676      5.065642         6.740197e-09      
   10.014676      5.317541         1.942025e-08      
   10.014676      5.594194         5.505143e-08      
   10.014676      5.894856         1.607881e-07      
   10.014676      6.218716         5.027084e-07      
   10.014676      6.564900         1.773619e-06      
   10.014676      6.932477         7.621507e-06      
   10.014676      7.320454         4.198132e-05      
   10.014676      7.727785         2.771474e-04      
   10.014676      8.153374         1.853965e-03      
   10.014676      8.596072         1.054056e-02      
   10.014676      9.054685         4.359868e-02      
   10.014676      9.527979         1.130128e-01      
   10.014676      10.014676        1.567209e-01      
   10.014676      10.513464        9.820241e-02      
   10.014676      11.023000        2.354128e-02      
   10.014676      11.541909        1.844963e-03      
   10.014676      12.068793        4.523042e-05      
   10.014676      12.602230        5.556567e-07      
   10.014676      13.140784        5.592348e-09      
   10.014676      13.683002        -3.755981e-11     
   10.014676      14.227422        -1.294943e-12     
   10.014676      14.772578        2.071199e-14      
   10.014676      15.316998        9.506012e-17      
   10.014676      15.859216        -1.398172e-18     
   10.014676      16.397770        4.545359e-20      
   10.014676      16.931207        -1.287443e-22     
   10.014676      17.458091        -4.829634e-24     
   10.014676      17.977000        1.518586e-26      
   10.014676      18.486536        3.267284e-28      
   10.014676      18.985324        -2.626964e-29     
   10.014676      19.472021        6.556570e-32      
   10.014676      19.945315        3.647341e-33      
   10.014676      20.403928        -5.499862e-35     
   10.014676      20.846626        2.966227e-37      
   10.014676      21.272215        7.277423e-39      
   10.014676      21.679546        -1.069114e-38     
   10.014676      22.067523        -7.390758e-37     
   10.014676      22.435100        -4.170140e-35     
   10.014676      22.781284        -1.864813e-33     
   10.014676      23.105144        -6.457601e-32     
   10.014676      23.405806        -1.701307e-30     
   10.014676      23.682459        -3.363312e-29     
   10.014676      23.934358        -4.817666e-28     
   10.014676      24.160824        -5.093615e-27     
   10.014676      24.361246        -3.994352e-26     
   10.014676      24.535084        -2.095871e-25     
   10.014676      24.681869        -7.208420e-25     
   10.014676      24.801206        -1.818915e-24     
   10.014676      24.892773        -4.051059e-24     
   10.014676      24.956326        -1.033077e-23     
   10.014676      24.991706        -5.737971e-23     
   10.513464      0.001580         1.288129e-15      
   10.513464      0.008319         6.783271e-15      
   10.513464      0.020424         1.665403e-14      
   10.513464      0.037866         3.086386e-14      
   10.513464      0.060596         4.940668e-14      
   10.513464      0.088555         7.226193e-14      
   10.513464      0.121667         9.974003e-14      
   10.513464      0.159843         1.313453e-13      
   10.513464      0.202979         1.672269e-13      
   10.513464      0.250960         2.076481e-13      
   10.513464      0.303656         2.528174e-13      
   10.513464      0.360925         3.030003e-13      
   10.513464      0.422613         3.585416e-13      
   10.513464      0.488552         4.199050e-13      
   10.513464      0.558567         4.876684e-13      
   10.513464      0.632467         5.625369e-13      
   10.513464      0.710054         6.453326e-13      
   10.513464      0.791119         7.370018e-13      
   10.513464      0.875442         8.386059e-13      
   10.513464      0.962797         9.513056e-13      
   10.513464      1.052948         1.076329e-12      
   10.513464      1.145653         1.214926e-12      
   10.513464      1.240660         1.368309e-12      
   10.513464      1.337714         1.537572e-12      
   10.513464      1.436554         1.723571e-12      
   10.513464      1.536913         1.926774e-12      
   10.513464      1.638520         2.147064e-12      
   10.513464      1.741102         2.383514e-12      
   10.513464      1.844381         2.634090e-12      
   10.513464      1.948080         2.895306e-12      
   10.513464      2.051920         3.161831e-12      
   10.513464      2.155619         3.426066e-12      
   10.513464      2.258898         3.677682e-12      
   10.513464      2.361480         3.903155e-12      
   10.513464      2.463087         4.085363e-12      
   10.513464      2.563446         4.203277e-12      
   10.513464      2.662286         4.231789e-12      
   10.513464      2.759340         4.141772e-12      
   10.513464      2.854347         3.900481e-12      
   10.513464      2.947052         3.472317e-12      
   10.513464      3.037203         2.820026e-12      
   10.513464      3.124558         1.906378e-12      
   10.513464      3.208881         6.963303e-13      
   10.513464      3.289946         -8.403874e-13     
   10.513464      3.367533         -2.726434e-12     
   10.513464      3.441433         -4.973913e-12     
   10.513464      3.511448         -7.581553e-12     
   10.513464      3.577387         -1.053229e-11     
   10.513464      3.639075         -1.379155e-11     
   10.513464      3.696344         -1.730655e-11     
   10.513464      3.749040         -2.100669e-11     
   10.513464      3.797021         -2.480523e-11     
   10.513464      3.840157         -2.860229e-11     
   10.513464      3.878333         -3.228881e-11     
   10.513464      3.911445         -3.575149e-11     
   10.513464      3.939404         -3.887825e-11     
   10.513464      3.962134         -4.156376e-11     
   10.513464      3.979576         -4.371487e-11     
   10.513464      3.991681         -4.525536e-11     
   10.513464      3.998420         -4.613016e-11     
   10.513464      4.008294         -4.743435e-11     
   10.513464      4.043674         -5.233370e-11     
   10.513464      4.107227         -6.206997e-11     
   10.513464      4.198794         -7.840494e-11     
   10.513464      4.318131         -1.042460e-10     
   10.513464      4.464916         -1.438137e-10     
   10.513464      4.638754         -2.018437e-10     
   10.513464      4.839176         -2.785542e-10     
   10.513464      5.065642         -3.484997e-10     
   10.513464      5.317541         -2.801855e-10     
   10.513464      5.594194         4.643187e-10      
   10.513464      5.894856         3.976289e-09      
   10.513464      6.218716         1.849513e-08      
   10.513464      6.564900         7.829530e-08      
   10.513464      6.932477         3.417577e-07      
   10.513464      7.320454         1.698084e-06      
   10.513464      7.727785         1.079407e-05      
   10.513464      8.153374         8.956246e-05      
   10.513464      8.596072         8.069099e-04      
   10.513464      9.054685         6.155564e-03      
   10.513464      9.527979         3.236259e-02      
   10.513464      10.014676        9.820241e-02      
   10.513464      10.513464        1.440265e-01      
   10.513464      11.023000        8.487042e-02      
   10.513464      11.541909        1.681556e-02      
   10.513464      12.068793        9.536117e-04      
   10.513464      12.602230        1.582054e-05      
   10.513464      13.140784        1.425296e-07      
   10.513464      13.683002        1.095370e-09      
   10.513464      14.227422        -1.498264e-11     
   10.513464      14.772578        -1.861486e-13     
   10.513464      15.316998        5.847003e-15      
   10.513464      15.859216        -1.184075e-17     
   10.513464      16.397770        -2.301130e-19     
   10.513464      16.931207        8.612375e-21      
   10.513464      17.458091        -6.192390e-23     
   10.513464      17.977000        -5.746169e-25     
   10.513464      18.486536        8.597054e-27      
   10.513464      18.985324        -2.422655e-28     
   10.513464      19.472021        5.701211e-34      
   10.513464      19.945315        3.355403e-32      
   10.513464      20.403928        -4.732572e-34     
   10.513464      20.846626        2.966587e-36      
   10.513464      21.272215        6.638083e-38      
   10.513464      21.679546        1.520765e-40      
   10.513464      22.067523        6.839860e-38      
   10.513464      22.435100        4.095195e-36      
   10.513464      22.781284        1.936649e-34      
   10.513464      23.105144        7.064016e-33      
   10.513464      23.405806        1.955129e-31      
   10.513464      23.682459        4.046706e-30      
   10.513464      23.934358        6.035583e-29      
   10.513464      24.160824        6.650695e-28      
   10.513464      24.361246        5.418126e-27      
   10.513464      24.535084        2.920428e-26      
   10.513464      24.681869        1.025895e-25      
   10.513464      24.801206        2.648565e-25      
   10.513464      24.892773        6.068283e-25      
   10.513464      24.956326        1.597545e-24      
   10.513464      24.991706        9.106713e-24      
   11.023000      0.001580         -1.398552e-16     
   11.023000      0.008319         -7.364786e-16     
   11.023000      0.020424         -1.808205e-15     
   11.023000      0.037866         -3.352815e-15     
   11.023000      0.060596         -5.364008e-15     
   11.023000      0.088555         -7.852310e-15     
   11.023000      0.121667         -1.077019e-14     
   11.023000      0.159843         -1.412803e-14     
   11.023000      0.202979         -1.793318e-14     
   11.023000      0.250960         -2.216265e-14     
   11.023000      0.303656         -2.679513e-14     
   11.023000      0.360925         -3.180952e-14     
   11.023000      0.422613         -3.718364e-14     
   11.023000      0.488552         -4.289041e-14     
   11.023000      0.558567         -4.889800e-14     
   11.023000      0.632467         -5.516780e-14     
   11.023000      0.710054         -6.165456e-14     
   11.023000      0.791119         -6.830371e-14     
   11.023000      0.875442         -7.504973e-14     
   11.023000      0.962797         -8.181393e-14     
   11.023000      1.052948         -8.850226e-14     
   11.023000      1.145653         -9.500238e-14     
   11.023000      1.240660         -1.011811e-13     
   11.023000      1.337714         -1.068815e-13     
   11.023000      1.436554         -1.119210e-13     
   11.023000      1.536913         -1.160900e-13     
   11.023000      1.638520         -1.191520e-13     
   11.023000      1.741102         -1.208454e-13     
   11.023000      1.844381         -1.208885e-13     
   11.023000      1.948080         -1.189882e-13     
   11.023000      2.051920         -1.148534e-13     
   11.023000      2.155619         -1.082132e-13     
   11.023000      2.258898         -9.884288e-14     
   11.023000      2.361480         -8.659590e-14     
   11.023000      2.463087         -7.144211e-14     
   11.023000      2.563446         -5.351251e-14     
   11.023000      2.662286         -3.314749e-14     
   11.023000      2.759340         -1.094510e-14     
   11.023000      2.854347         1.219554e-14      
   11.023000      2.947052         3.504114e-14      
   11.023000      3.037203         5.600947e-14      
   11.023000      3.124558         7.318175e-14      
   11.023000      3.208881         8.434920e-14      
   11.023000      3.289946         8.709953e-14      
   11.023000      3.367533         7.894691e-14      
   11.023000      3.441433         5.750520e-14      
   11.023000      3.511448         2.069685e-14      
   11.023000      3.577387         -3.301634e-14     
   11.023000      3.639075         -1.044002e-13     
   11.023000      3.696344         -1.932371e-13     
   11.023000      3.749040         -2.981635e-13     
   11.023000      3.797021         -4.165846e-13     
   11.023000      3.840157         -5.446872e-13     
   11.023000      3.878333         -6.775662e-13     
   11.023000      3.911445         -8.094663e-13     
   11.023000      3.939404         -9.341285e-13     
   11.023000      3.962134         -1.045215e-12     
   11.023000      3.979576         -1.136777e-12     
   11.023000      3.991681         -1.203722e-12     
   11.023000      3.998420         -1.242240e-12     
   11.023000      4.008294         -1.300330e-12     
   11.023000      4.043674         -1.525498e-12     
   11.023000      4.107227         -2.004058e-12     
   11.023000      4.198794         -2.893770e-12     
   11.023000      4.318131         -4.509210e-12     
   11.023000      4.464916         -7.466274e-12     
   11.023000      4.638754         -1.297344e-11     
   11.023000      4.839176         -2.340066e-11     
   11.023000      5.065642         -4.330369e-11     
   11.023000      5.317541         -8.082015e-11     
   11.023000      5.594194         -1.471063e-10     
   11.023000      5.894856         -2.384665e-10     
   11.023000      6.218716         -2.161071e-10     
   11.023000      6.564900         8.772110e-10      
   11.023000      6.932477         8.641748e-09      
   11.023000      7.320454         5.583063e-08      
   11.023000      7.727785         3.535478e-07      
   11.023000      8.153374         2.639845e-06      
   11.023000      8.596072         2.685208e-05      
   11.023000      9.054685         3.275348e-04      
   11.023000      9.527979         3.439938e-03      
   11.023000      10.014676        2.354128e-02      
   11.023000      10.513464        8.487042e-02      
   11.023000      11.023000        1.323192e-01      
   11.023000      11.541909        7.303039e-02      
   11.023000      12.068793        1.182542e-02      
   11.023000      12.602230        4.775033e-04      
   11.023000      13.140784        5.466489e-06      
   11.023000      13.683002        3.353225e-08      
   11.023000      14.227422        2.561078e-10      
   11.023000      14.772578        -4.479548e-12     
   11.023000      15.316998        -2.472612e-14     
   11.023000      15.859216        1.354823e-15      
   11.023000      16.397770        -5.239415e-18     
   11.023000      16.931207        -3.102989e-20     
   11.023000      17.458091        1.047149e-21      
   11.023000      17.977000        -9.627851e-24     
   11.023000      18.486536        -1.202369e-26     
   11.023000      18.985324        -1.893065e-27     
   11.023000      19.472021        -2.376250e-30     
   11.023000      19.945315        2.930132e-31      
   11.023000      20.403928        -4.773114e-33     
   11.023000      20.846626        3.875473e-35      
   11.023000      21.272215        6.964312e-37      
   11.023000      21.679546        -7.751185e-39     
   11.023000      22.067523        7.470265e-39      
   11.023000      22.435100        4.379493e-37      
   11.023000      22.781284        2.043430e-35      
   11.023000      23.105144        7.361073e-34      
   11.023000      23.405806        2.013187e-32      
   11.023000      23.682459        4.120631e-31      
   11.023000      23.934358        6.087144e-30      
   11.023000      24.160824        6.639488e-29      
   11.023000      24.361246        5.357377e-28      
   11.023000      24.535084        2.869805e-27      
   11.023000      24.681869        1.003598e-26      
   11.023000      24.801206        2.577248e-26      
   11.023000      24.892773        5.860349e-26      
   11.023000      24.956326        1.528518e-25      
   11.023000      24.991706        8.644398e-25      
   11.541909      0.001580         -1.171611e-17     
   11.541909      0.008319         -6.169705e-17     
   11.541909      0.020424         -1.514784e-16     
   11.541909      0.037866         -2.808050e-16     
   11.541909      0.060596         -4.494103e-16     
   11.541909      0.088555         -6.575448e-16     
   11.541909      0.121667         -9.049221e-16     
   11.541909      0.159843         -1.189678e-15     
   11.541909      0.202979         -1.512773e-15     
   11.541909      0.250960         -1.874652e-15     
   11.541909      0.303656         -2.275608e-15     
   11.541909      0.360925         -2.716257e-15     
   11.541909      0.422613         -3.197605e-15     
   11.541909      0.488552         -3.721109e-15     
   11.541909      0.558567         -4.288687e-15     
   11.541909      0.632467         -4.902729e-15     
   11.541909      0.710054         -5.566094e-15     
   11.541909      0.791119         -6.282084e-15     
   11.541909      0.875442         -7.054409e-15     
   11.541909      0.962797         -7.887105e-15     
   11.541909      1.052948         -8.784398e-15     
   11.541909      1.145653         -9.750519e-15     
   11.541909      1.240660         -1.078947e-14     
   11.541909      1.337714         -1.190476e-14     
   11.541909      1.436554         -1.309899e-14     
   11.541909      1.536913         -1.437341e-14     
   11.541909      1.638520         -1.572736e-14     
   11.541909      1.741102         -1.715769e-14     
   11.541909      1.844381         -1.865807e-14     
   11.541909      1.948080         -2.021825e-14     
   11.541909      2.051920         -2.182328e-14     
   11.541909      2.155619         -2.345297e-14     
   11.541909      2.258898         -2.508124e-14     
   11.541909      2.361480         -2.667582e-14     
   11.541909      2.463087         -2.819829e-14     
   11.541909      2.563446         -2.960460e-14     
   11.541909      2.662286         -3.084608e-14     
   11.541909      2.759340         -3.187107e-14     
   11.541909      2.854347         -3.262742e-14     
   11.541909      2.947052         -3.306557e-14     
   11.541909      3.037203         -3.314213e-14     
   11.541909      3.124558         -3.282379e-14     
   11.541909      3.208881         -3.209131e-14     
   11.541909      3.289946         -3.094311e-14     
   11.541909      3.367533         -2.939777e-14     
   11.541909      3.441433         -2.749511e-14     
   11.541909      3.511448         -2.529553e-14     
   11.541909      3.577387         -2.287726e-14     
   11.541909      3.639075         -2.033159e-14     
   11.541909      3.696344         -1.775633e-14     
   11.541909      3.749040         -1.524811e-14     
   11.541909      3.797021         -1.289452e-14     
   11.541909      3.840157         -1.076713e-14     
   11.541909      3.878333         -8.916473e-15     
   11.541909      3.911445         -7.369584e-15     
   11.541909      3.939404         -6.130830e-15     
   11.541909      3.962134         -5.185761e-15     
   11.541909      3.979576         -4.507506e-15     
   11.541909      3.991681         -4.064625e-15     
   11.541909      3.998420         -3.828991e-15     
   11.541909      4.008294         -3.498983e-15     
   11.541909      4.043674         -2.485916e-15     
   11.541909      4.107227         -1.526417e-15     
   11.541909      4.198794         -3.034913e-15     
   11.541909      4.318131         -1.341568e-14     
   11.541909      4.464916         -4.915895e-14     
   11.541909      4.638754         -1.522493e-13     
   11.541909      4.839176         -4.294279e-13     
   11.541909      5.065642         -1.153148e-12     
   11.541909      5.317541         -3.021807e-12     
   11.541909      5.594194         -7.822308e-12     
   11.541909      5.894856         -2.002972e-11     
   11.541909      6.218716         -5.000070e-11     
   11.541909      6.564900         -1.151810e-10     
   11.541909      6.932477         -1.916841e-10     
   11.541909      7.320454         2.950235e-10      
   11.541909      7.727785         6.772985e-09      
   11.541909      8.153374         6.565601e-08      
   11.541909      8.596072         6.190570e-07      
   11.541909      9.054685         7.617549e-06      
   11.541909      9.527979         1.248805e-04      
   11.541909      10.014676        1.844963e-03      
   11.541909      10.513464        1.681556e-02      
   11.541909      11.023000        7.303039e-02      
   11.541909      11.541909        1.216104e-01      
   11.541909      12.068793        6.264238e-02      
   11.541909      12.602230        8.213231e-03      
   11.541909      13.140784        2.330889e-04      
   11.541909      13.683002        1.918575e-06      
   11.541909      14.227422        6.294900e-09      
   11.541909      14.772578        8.195439e-11      
   11.541909      15.316998        -1.246658e-12     
   11.541909      15.859216        -2.934620e-15     
   11.541909      16.397770        2.951352e-16      
   11.541909      16.931207        -1.222309e-18     
   11.541909      17.458091        -8.059863e-21     
   11.541909      17.977000        1.388926e-22      
   11.541909      18.486536        -7.213767e-25     
   11.541909      18.985324        -3.773180e-26     
   11.541909      19.472021        9.522559e-30      
   11.541909      19.945315        3.419590e-30      
   11.541909      20.403928        -6.430448e-32     
   11.541909      20.846626        5.758338e-34      
   11.541909      21.272215        9.218035e-36      
   11.541909      21.679546        -9.002761e-38     
   11.541909      22.067523        1.179913e-39      
   11.541909      22.435100        6.767595e-39      
   11.541909      22.781284        3.019980e-37      
   11.541909      23.105144        1.042404e-35      
   11.541909      23.405806        2.728993e-34      
   11.541909      23.682459        5.347730e-33      
   11.541909      23.934358        7.586749e-32      
   11.541909      24.160824        7.913894e-31      
   11.541909      24.361246        6.112338e-30      
   11.541909      24.535084        3.172862e-29      
   11.541909      24.681869        1.081923e-28      
   11.541909      24.801206        2.698377e-28      
   11.541909      24.892773        5.900665e-28      
   11.541909      24.956326        1.468622e-27      
   11.541909      24.991706        7.979394e-27      
   12.068793      0.001580         1.914136e-19      
   12.068793      0.008319         1.007990e-18      
   12.068793      0.020424         2.474880e-18      
   12.068793      0.037866         4.590696e-18      
   12.068793      0.060596         7.342463e-18      
   12.068793      0.088555         1.075561e-17      
   12.068793      0.121667         1.469347e-17      
   12.068793      0.159843         1.923134e-17      
   12.068793      0.202979         2.437354e-17      
   12.068793      0.250960         3.004611e-17      
   12.068793      0.303656         3.618617e-17      
   12.068793      0.360925         4.272761e-17      
   12.068793      0.422613         4.959614e-17      
   12.068793      0.488552         5.669712e-17      
   12.068793      0.558567         6.391650e-17      
   12.068793      0.632467         7.111508e-17      
   12.068793      0.710054         7.813001e-17      
   12.068793      0.791119         8.476779e-17      
   12.068793      0.875442         9.080137e-17      
   12.068793      0.962797         9.596588e-17      
   12.068793      1.052948         9.995598e-17      
   12.068793      1.145653         1.024218e-16      
   12.068793      1.240660         1.029668e-16      
   12.068793      1.337714         1.011453e-16      
   12.068793      1.436554         9.646429e-17      
   12.068793      1.536913         8.838845e-17      
   12.068793      1.638520         7.634895e-17      
   12.068793      1.741102         5.975688e-17      
   12.068793      1.844381         3.802626e-17      
   12.068793      1.948080         1.060574e-17      
   12.068793      2.051920         -2.298087e-17     
   12.068793      2.155619         -6.308376e-17     
   12.068793      2.258898         -1.098631e-16     
   12.068793      2.361480         -1.632153e-16     
   12.068793      2.463087         -2.226948e-16     
   12.068793      2.563446         -2.874318e-16     
   12.068793      2.662286         -3.560524e-16     
   12.068793      2.759340         -4.266126e-16     
   12.068793      2.854347         -4.965591e-16     
   12.068793      2.947052         -5.627242e-16     
   12.068793      3.037203         -6.213667e-16     
   12.068793      3.124558         -6.682746e-16     
   12.068793      3.208881         -6.989358e-16     
   12.068793      3.289946         -7.087750e-16     
   12.068793      3.367533         -6.934511e-16     
   12.068793      3.441433         -6.492029e-16     
   12.068793      3.511448         -5.732193e-16     
   12.068793      3.577387         -4.640029e-16     
   12.068793      3.639075         -3.216850e-16     
   12.068793      3.696344         -1.482574e-16     
   12.068793      3.749040         5.231318e-17      
   12.068793      3.797021         2.741146e-16      
   12.068793      3.840157         5.094750e-16      
   12.068793      3.878333         7.493029e-16      
   12.068793      3.911445         9.835641e-16      
   12.068793      3.939404         1.201859e-15      
   12.068793      3.962134         1.394060e-15      
   12.068793      3.979576         1.550953e-15      
   12.068793      3.991681         1.664838e-15      
   12.068793      3.998420         1.730060e-15      
   12.068793      4.008294         1.828013e-15      
   12.068793      4.043674         2.203317e-15      
   12.068793      4.107227         2.980333e-15      
   12.068793      4.198794         4.363477e-15      
   12.068793      4.318131         6.717952e-15      
   12.068793      4.464916         1.064614e-14      
   12.068793      4.638754         1.703603e-14      
   12.068793      4.839176         2.683613e-14      
   12.068793      5.065642         3.958458e-14      
   12.068793      5.317541         4.712983e-14      
   12.068793      5.594194         9.912746e-15      
   12.068793      5.894856         -2.282116e-13     
   12.068793      6.218716         -1.237404e-12     
   12.068793      6.564900         -5.006610e-12     
   12.068793      6.932477         -1.805528e-11     
   12.068793      7.320454         -5.802396e-11     
   12.068793      7.727785         -1.306003e-10     
   12.068793      8.153374         3.522913e-10      
   12.068793      8.596072         1.014145e-08      
   12.068793      9.054685         1.377732e-07      
   12.068793      9.527979         2.084880e-06      
   12.068793      10.014676        4.523042e-05      
   12.068793      10.513464        9.536117e-04      
   12.068793      11.023000        1.182542e-02      
   12.068793      11.541909        6.264238e-02      
   12.068793      12.068793        1.118762e-01      
   12.068793      12.602230        5.362739e-02      
   12.068793      13.140784        5.654460e-03      
   12.068793      13.683002        1.117173e-04      
   12.068793      14.227422        7.039534e-07      
   12.068793      14.772578        3.353403e-10      
   12.068793      15.316998        3.185279e-11      
   12.068793      15.859216        -3.277744e-13     
   12.068793      16.397770        -4.554112e-16     
   12.068793      16.931207        6.609111e-17      
   12.068793      17.458091        -3.079484e-19     
   12.068793      17.977000        -1.732337e-21     
   12.068793      18.486536        2.673156e-23      
   12.068793      18.985324        -6.233570e-25     
   12.068793      19.472021        -2.667452e-27     
   12.068793      19.945315        5.103811e-29      
   12.068793      20.403928        -9.160441e-31     
   12.068793      20.846626        9.070886e-33      
   12.068793      21.272215        1.421170e-34      
   12.068793      21.679546        -1.024861e-36     
   12.068793      22.067523        2.438068e-38      
   12.068793      22.435100        -4.118482e-40     
   12.068793      22.781284        -2.872805e-38     
   12.068793      23.105144        -1.075993e-36     
   12.068793      23.405806        -3.051201e-35     
   12.068793      23.682459        -6.449529e-34     
   12.068793      23.934358        -9.794583e-33     
   12.068793      24.160824        -1.097248e-31     
   12.068793      24.361246        -9.062274e-31     
   12.068793      24.535084        -4.936952e-30     
   12.068793      24.681869        -1.750440e-29     
   12.068793      24.801206        -4.557985e-29     
   12.068793      24.892773        -1.052021e-28     
   12.068793      24.956326        -2.784251e-28     
   12.068793      24.991706        -1.591512e-27     
   12.602230      0.001580         3.158477e-20      
   12.602230      0.008319         1.663259e-19      
   12.602230      0.020424         4.083678e-19      
   12.602230      0.037866         7.571027e-19      
   12.602230      0.060596         1.211719e-18      
   12.602230      0.088555         1.773017e-18      
   12.602230      0.121667         2.438291e-18      
   12.602230      0.159843         3.204864e-18      
   12.602230      0.202979         4.074988e-18      
   12.602230      0.250960         5.048824e-18      
   12.602230      0.303656         6.126592e-18      
   12.602230      0.360925         7.309394e-18      
   12.602230      0.422613         8.599340e-18      
   12.602230      0.488552         9.999565e-18      
   12.602230      0.558567         1.151433e-17      
   12.602230      0.632467         1.314905e-17      
   12.602230      0.710054         1.491039e-17      
   12.602230      0.791119         1.680626e-17      
   12.602230      0.875442         1.884576e-17      
   12.602230      0.962797         2.103919e-17      
   12.602230      1.052948         2.339786e-17      
   12.602230      1.145653         2.593390e-17      
   12.602230      1.240660         2.865997e-17      
   12.602230      1.337714         3.158899e-17      
   12.602230      1.436554         3.473369e-17      
   12.602230      1.536913         3.810609e-17      
   12.602230      1.638520         4.171695e-17      
   12.602230      1.741102         4.557520e-17      
   12.602230      1.844381         4.968730e-17      
   12.602230      1.948080         5.405660e-17      
   12.602230      2.051920         5.868289e-17      
   12.602230      2.155619         6.356207e-17      
   12.602230      2.258898         6.868607e-17      
   12.602230      2.361480         7.404313e-17      
   12.602230      2.463087         7.961858e-17      
   12.602230      2.563446         8.539619e-17      
   12.602230      2.662286         9.135999e-17      
   12.602230      2.759340         9.749661e-17      
   12.602230      2.854347         1.037981e-16      
   12.602230      2.947052         1.102651e-16      
   12.602230      3.037203         1.169092e-16      
   12.602230      3.124558         1.237553e-16      
   12.602230      3.208881         1.308420e-16      
   12.602230      3.289946         1.382211e-16      
   12.602230      3.367533         1.459536e-16      
   12.602230      3.441433         1.541041e-16      
   12.602230      3.511448         1.627314e-16      
   12.602230      3.577387         1.718778e-16      
   12.602230      3.639075         1.815563e-16      
   12.602230      3.696344         1.917385e-16      
   12.602230      3.749040         2.023427e-16      
   12.602230      3.797021         2.132263e-16      
   12.602230      3.840157         2.241830e-16      
   12.602230      3.878333         2.349466e-16      
   12.602230      3.911445         2.452015e-16      
   12.602230      3.939404         2.546009e-16      
   12.602230      3.962134         2.627893e-16      
   12.602230      3.979576         2.694297e-16      
   12.602230      3.991681         2.742316e-16      
   12.602230      3.998420         2.769761e-16      
   12.602230      4.008294         2.810917e-16      
   12.602230      4.043674         2.968184e-16      
   12.602230      4.107227         3.293815e-16      
   12.602230      4.198794         3.882107e-16      
   12.602230      4.318131         4.929044e-16      
   12.602230      4.464916         6.839794e-16      
   12.602230      4.638754         1.046429e-15      
   12.602230      4.839176         1.761006e-15      
   12.602230      5.065642         3.213225e-15      
   12.602230      5.317541         6.208211e-15      
   12.602230      5.594194         1.230559e-14      
   12.602230      5.894856         2.385964e-14      
   12.602230      6.218716         4.075822e-14      
   12.602230      6.564900         3.755034e-14      
   12.602230      6.932477         -1.595015e-13     
   12.602230      7.320454         -1.472956e-12     
   12.602230      7.727785         -8.272203e-12     
   12.602230      8.153374         -3.734832e-11     
   12.602230      8.596072         -9.070223e-11     
   12.602230      9.054685         1.111322e-09      
   12.602230      9.527979         2.863988e-08      
   12.602230      10.014676        5.556567e-07      
   12.602230      10.513464        1.582054e-05      
   12.602230      11.023000        4.775033e-04      
   12.602230      11.541909        8.213231e-03      
   12.602230      12.068793        5.362739e-02      
   12.602230      12.602230        1.030679e-01      
   12.602230      13.140784        4.587903e-02      
   12.602230      13.683002        3.874746e-03      
   12.602230      14.227422        5.299605e-05      
   12.602230      14.772578        2.760233e-07      
   12.602230      15.316998        -5.360624e-10     
   12.602230      15.859216        1.292292e-11      
   12.602230      16.397770        -7.960370e-14     
   12.602230      16.931207        -1.637398e-16     
   12.602230      17.458091        1.508795e-17      
   12.602230      17.977000        -7.536773e-20     
   12.602230      18.486536        -2.793562e-22     
   12.602230      18.985324        -4.920719e-24     
   12.602230      19.472021        -7.159817e-26     
   12.602230      19.945315        3.402195e-28      
   12.602230      20.403928        -1.556274e-29     
   12.602230      20.846626        1.884586e-31      
   12.602230      21.272215        2.542876e-33      
   12.602230      21.679546        -1.097022e-35     
   12.602230      22.067523        6.470440e-37      
   12.602230      22.435100        3.391721e-39      
   12.602230      22.781284        -1.613394e-39     
   12.602230      23.105144        -3.590343e-38     
   12.602230      23.405806        -1.001737e-36     
   12.602230      23.682459        -2.085891e-35     
   12.602230      23.934358        -3.126237e-34     
   12.602230      24.160824        -3.452208e-33     
   12.602230      24.361246        -2.812639e-32     
   12.602230      24.535084        -1.518654e-31     
   12.602230      24.681869        -5.348650e-31     
   12.602230      24.801206        -1.381573e-30     
   12.602230      24.892773        -3.153035e-30     
   12.602230      24.956326        -8.232321e-30     
   12.602230      24.991706        -4.652591e-29     
   13.140784      0.001580         1.015931e-22      
   13.140784      0.008319         5.349906e-22      
   13.140784      0.020424         1.313524e-21      
   13.140784      0.037866         2.432654e-21      
   13.140784      0.060596         3.900996e-21      
   13.140784      0.088555         5.690578e-21      
   13.140784      0.121667         7.959802e-21      
   13.140784      0.159843         1.058360e-20      
   13.140784      0.202979         1.357903e-20      
   13.140784      0.250960         1.705307e-20      
   13.140784      0.303656         2.110152e-20      
   13.140784      0.360925         2.583672e-20      
   13.140784      0.422613         3.139644e-20      
   13.140784      0.488552         3.796190e-20      
   13.140784      0.558567         4.575862e-20      
   13.140784      0.632467         5.506619e-20      
   13.140784      0.710054         6.621904e-20      
   13.140784      0.791119         7.961820e-20      
   13.140784      0.875442         9.573817e-20      
   13.140784      0.962797         1.151359e-19      
   13.140784      1.052948         1.384576e-19      
   13.140784      1.145653         1.664487e-19      
   13.140784      1.240660         1.999609e-19      
   13.140784      1.337714         2.399621e-19      
   13.140784      1.436554         2.875410e-19      
   13.140784      1.536913         3.439086e-19      
   13.140784      1.638520         4.103977e-19      
   13.140784      1.741102         4.884583e-19      
   13.140784      1.844381         5.796430e-19      
   13.140784      1.948080         6.855837e-19      
   13.140784      2.051920         8.079608e-19      
   13.140784      2.155619         9.484621e-19      
   13.140784      2.258898         1.108727e-18      
   13.140784      2.361480         1.290281e-18      
   13.140784      2.463087         1.494461e-18      
   13.140784      2.563446         1.722336e-18      
   13.140784      2.662286         1.974624e-18      
   13.140784      2.759340         2.251608e-18      
   13.140784      2.854347         2.553071e-18      
   13.140784      2.947052         2.878241e-18      
   13.140784      3.037203         3.225763e-18      
   13.140784      3.124558         3.593695e-18      
   13.140784      3.208881         3.979534e-18      
   13.140784      3.289946         4.380280e-18      
   13.140784      3.367533         4.792509e-18      
   13.140784      3.441433         5.212458e-18      
   13.140784      3.511448         5.636114e-18      
   13.140784      3.577387         6.059300e-18      
   13.140784      3.639075         6.477722e-18      
   13.140784      3.696344         6.886998e-18      
   13.140784      3.749040         7.282653e-18      
   13.140784      3.797021         7.660110e-18      
   13.140784      3.840157         8.014676e-18      
   13.140784      3.878333         8.341551e-18      
   13.140784      3.911445         8.635882e-18      
   13.140784      3.939404         8.892867e-18      
   13.140784      3.962134         9.107920e-18      
   13.140784      3.979576         9.276884e-18      
   13.140784      3.991681         9.396271e-18      
   13.140784      3.998420         9.463514e-18      
   13.140784      4.008294         9.563062e-18      
   13.140784      4.043674         9.930394e-18      
   13.140784      4.107227         1.063684e-17      
   13.140784      4.198794         1.178458e-17      
   13.140784      4.318131         1.359865e-17      
   13.140784      4.464916         1.660245e-17      
   13.140784      4.638754         2.210156e-17      
   13.140784      4.839176         3.354385e-17      
   13.140784      5.065642         6.040544e-17      
   13.140784      5.317541         1.294010e-16      
   13.140784      5.594194         3.168395e-16      
   13.140784      5.894856         8.403963e-16      
   13.140784      6.218716         2.305283e-15      
   13.140784      6.564900         6.266660e-15      
   13.140784      6.932477         1.584858e-14      
   13.140784      7.320454         3.116751e-14      
   13.140784      7.727785         -3.835963e-15     
   13.140784      8.153374         -6.169541e-13     
   13.140784      8.596072         -5.708973e-12     
   13.140784      9.054685         -3.501298e-11     
   13.140784      9.527979         1.439986e-11      
   13.140784      10.014676        5.592348e-09      
   13.140784      10.513464        1.425296e-07      
   13.140784      11.023000        5.466489e-06      
   13.140784      11.541909        2.330889e-04      
   13.140784      12.068793        5.654460e-03      
   13.140784      12.602230        4.587903e-02      
   13.140784      13.140784        9.512069e-02      
   13.140784      13.683002        3.927814e-02      
   13.140784      14.227422        2.654804e-03      
   13.140784      14.772578        2.510775e-05      
   13.140784      15.316998        1.165430e-07      
   13.140784      15.859216        -4.179536e-10     
   13.140784      16.397770        5.106214e-12      
   13.140784      16.931207        -1.538986e-14     
   13.140784      17.458091        -1.077506e-16     
   13.140784      17.977000        3.777106e-18      
   13.140784      18.486536        -1.722511e-20     
   13.140784      18.985324        -2.677309e-22     
   13.140784      19.472021        -7.891900e-25     
   13.140784      19.945315        -1.229249e-27     
   13.140784      20.403928        -4.127089e-28     
   13.140784      20.846626        4.303347e-30      
   13.140784      21.272215        5.860461e-32      
   13.140784      21.679546        -5.703156e-36     
   13.140784      22.067523        1.926085e-35      
   13.140784      22.435100        9.792388e-38      
   13.140784      22.781284        -1.554920e-38     
   13.140784      23.105144        -3.296998e-40     
   13.140784      23.405806        6.127996e-39      
   13.140784      23.682459        1.471601e-37      
   13.140784      23.934358        2.461902e-36      
   13.140784      24.160824        3.009283e-35      
   13.140784      24.361246        2.668206e-34      
   13.140784      24.535084        1.524537e-33      
   13.140784      24.681869        5.610468e-33      
   13.140784      24.801206        1.516505e-32      
   13.140784      24.892773        3.643581e-32      
   13.140784      24.956326        1.002317e-31      
   13.140784      24.991706        5.889983e-31      
   13.683002      0.001580         -3.273436e-23     
   13.683002      0.008319         -1.723798e-22     
   13.683002      0.020424         -4.232342e-22     
   13.683002      0.037866         -7.846998e-22     
   13.683002      0.060596         -1.255926e-21     
   13.683002      0.088555         -1.837672e-21     
   13.683002      0.121667         -2.526664e-21     
   13.683002      0.159843         -3.320983e-21     
   13.683002      0.202979         -4.222746e-21     
   13.683002      0.250960         -5.231863e-21     
   13.683002      0.303656         -6.348486e-21     
   13.683002      0.360925         -7.573701e-21     
   13.683002      0.422613         -8.909645e-21     
   13.683002      0.488552         -1.035949e-20     
   13.683002      0.558567         -1.192759e-20     
   13.683002      0.632467         -1.361947e-20     
   13.683002      0.710054         -1.544203e-20     
   13.683002      0.791119         -1.740348e-20     
   13.683002      0.875442         -1.951338e-20     
   13.683002      0.962797         -2.178264e-20     
   13.683002      1.052948         -2.422341e-20     
   13.683002      1.145653         -2.684895e-20     
   13.683002      1.240660         -2.967340e-20     
   13.683002      1.337714         -3.271160e-20     
   13.683002      1.436554         -3.597872e-20     
   13.683002      1.536913         -3.948985e-20     
   13.683002      1.638520         -4.325957e-20     
   13.683002      1.741102         -4.730143e-20     
   13.683002      1.844381         -5.162740e-20     
   13.683002      1.948080         -5.624731e-20     
   13.683002      2.051920         -6.116828e-20     
   13.683002      2.155619         -6.639429e-20     
   13.683002      2.258898         -7.192588e-20     
   13.683002      2.361480         -7.775994e-20     
   13.683002      2.463087         -8.388982e-20     
   13.683002      2.563446         -9.030585e-20     
   13.683002      2.662286         -9.699597e-20     
   13.683002      2.759340         -1.039467e-19     
   13.683002      2.854347         -1.111446e-19     
   13.683002      2.947052         -1.185774e-19     
   13.683002      3.037203         -1.262354e-19     
   13.683002      3.124558         -1.341123e-19     
   13.683002      3.208881         -1.422054e-19     
   13.683002      3.289946         -1.505150e-19     
   13.683002      3.367533         -1.590425e-19     
   13.683002      3.441433         -1.677874e-19     
   13.683002      3.511448         -1.767424e-19     
   13.683002      3.577387         -1.858887e-19     
   13.683002      3.639075         -1.951899e-19     
   13.683002      3.696344         -2.045864e-19     
   13.683002      3.749040         -2.139911e-19     
   13.683002      3.797021         -2.232862e-19     
   13.683002      3.840157         -2.323239e-19     
   13.683002      3.878333         -2.409291e-19     
   13.683002      3.911445         -2.489063e-19     
   13.683002      3.939404         -2.560496e-19     
   13.683002      3.962134         -2.621543e-19     
   13.683002      3.979576         -2.670310e-19     
   13.683002      3.991681         -2.705189e-19     
   13.683002      3.998420         -2.724985e-19     
   13.683002      4.008294         -2.754491e-19     
   13.683002      4.043674         -2.865369e-19     
   13.683002      4.107227         -3.086895e-19     
   13.683002      4.198794         -3.466260e-19     
   13.683002      4.318131         -4.097240e-19     
   13.683002      4.464916         -5.162709e-19     
   13.683002      4.638754         -7.017518e-19     
   13.683002      4.839176         -1.033480e-18     
   13.683002      5.065642         -1.629769e-18     
   13.683002      5.317541         -2.651571e-18     
   13.683002      5.594194         -4.083859e-18     
   13.683002      5.894856         -4.455918e-18     
   13.683002      6.218716         5.120289e-18      
   13.683002      6.564900         6.600694e-17      
   13.683002      6.932477         3.486376e-16      
   13.683002      7.320454         1.480229e-15      
   13.683002      7.727785         5.381824e-15      
   13.683002      8.153374         1.537645e-14      
   13.683002      8.596072         1.056794e-14      
   13.683002      9.054685         -5.009201e-13     
   13.683002      9.527979         -7.609682e-12     
   13.683002      10.014676        -3.755981e-11     
   13.683002      10.513464        1.095370e-09      
   13.683002      11.023000        3.353225e-08      
   13.683002      11.541909        1.918575e-06      
   13.683002      12.068793        1.117173e-04      
   13.683002      12.602230        3.874746e-03      
   13.683002      13.140784        3.927814e-02      
   13.683002      13.683002        8.796291e-02      
   13.683002      14.227422        3.369856e-02      
   13.683002      14.772578        1.827597e-03      
   13.683002      15.316998        1.199967e-05      
   13.683002      15.859216        5.277769e-08      
   13.683002      16.397770        -2.292086e-10     
   13.683002      16.931207        1.949352e-12      
   13.683002      17.458091        -9.398936e-16     
   13.683002      17.977000        -6.108452e-17     
   13.683002      18.486536        1.064623e-18      
   13.683002      18.985324        -8.889263e-21     
   13.683002      19.472021        -8.050085e-23     
   13.683002      19.945315        3.164590e-27      
   13.683002      20.403928        -1.184046e-26     
   13.683002      20.846626        8.746892e-29      
   13.683002      21.272215        1.549633e-30      
   13.683002      21.679546        8.549868e-33      
   13.683002      22.067523        6.702481e-34      
   13.683002      22.435100        3.915117e-36      
   13.683002      22.781284        -4.298491e-37     
   13.683002      23.105144        -1.620063e-38     
   13.683002      23.405806        -5.899895e-41     
   13.683002      23.682459        1.107719e-38      
   13.683002      23.934358        1.730449e-37      
   13.683002      24.160824        1.983621e-36      
   13.683002      24.361246        1.667914e-35      
   13.683002      24.535084        9.214981e-35      
   13.683002      24.681869        3.307476e-34      
   13.683002      24.801206        8.702395e-34      
   13.683002      24.892773        2.023533e-33      
   13.683002      24.956326        5.374966e-33      
   13.683002      24.991706        3.074511e-32      
   14.227422      0.001580         -2.291237e-25     
   14.227422      0.008319         -1.206574e-24     
   14.227422      0.020424         -2.962485e-24     
   14.227422      0.037866         -5.491523e-24     
   14.227422      0.060596         -8.795405e-24     
   14.227422      0.088555         -1.285717e-23     
   14.227422      0.121667         -1.776479e-23     
   14.227422      0.159843         -2.343845e-23     
   14.227422      0.202979         -2.989682e-23     
   14.227422      0.250960         -3.721252e-23     
   14.227422      0.303656         -4.545591e-23     
   14.227422      0.360925         -5.471494e-23     
   14.227422      0.422613         -6.510196e-23     
   14.227422      0.488552         -7.676630e-23     
   14.227422      0.558567         -8.989644e-23     
   14.227422      0.632467         -1.047278e-22     
   14.227422      0.710054         -1.215454e-22     
   14.227422      0.791119         -1.406932e-22     
   14.227422      0.875442         -1.625811e-22     
   14.227422      0.962797         -1.876937e-22     
   14.227422      1.052948         -2.165976e-22     
   14.227422      1.145653         -2.499519e-22     
   14.227422      1.240660         -2.885176e-22     
   14.227422      1.337714         -3.331689e-22     
   14.227422      1.436554         -3.849027e-22     
   14.227422      1.536913         -4.448471e-22     
   14.227422      1.638520         -5.142695e-22     
   14.227422      1.741102         -5.945830e-22     
   14.227422      1.844381         -6.873481e-22     
   14.227422      1.948080         -7.942689e-22     
   14.227422      2.051920         -9.171850e-22     
   14.227422      2.155619         -1.058057e-21     
   14.227422      2.258898         -1.218943e-21     
   14.227422      2.361480         -1.401959e-21     
   14.227422      2.463087         -1.609240e-21     
   14.227422      2.563446         -1.842885e-21     
   14.227422      2.662286         -2.104888e-21     
   14.227422      2.759340         -2.397062e-21     
   14.227422      2.854347         -2.720957e-21     
   14.227422      2.947052         -3.077769e-21     
   14.227422      3.037203         -3.468236e-21     
   14.227422      3.124558         -3.892546e-21     
   14.227422      3.208881         -4.350231e-21     
   14.227422      3.289946         -4.840069e-21     
   14.227422      3.367533         -5.359992e-21     
   14.227422      3.441433         -5.906988e-21     
   14.227422      3.511448         -6.477032e-21     
   14.227422      3.577387         -7.065016e-21     
   14.227422      3.639075         -7.664717e-21     
   14.227422      3.696344         -8.268793e-21     
   14.227422      3.749040         -8.868820e-21     
   14.227422      3.797021         -9.455396e-21     
   14.227422      3.840157         -1.001832e-20     
   14.227422      3.878333         -1.054683e-20     
   14.227422      3.911445         -1.102997e-20     
   14.227422      3.939404         -1.145694e-20     
   14.227422      3.962134         -1.181760e-20     
   14.227422      3.979576         -1.210294e-20     
   14.227422      3.991681         -1.230552e-20     
   14.227422      3.998420         -1.241995e-20     
   14.227422      4.008294         -1.258977e-20     
   14.227422      4.043674         -1.322030e-20     
   14.227422      4.107227         -1.444589e-20     
   14.227422      4.198794         -1.645224e-20     
   14.227422      4.318131         -1.958949e-20     
   14.227422      4.464916         -2.452226e-20     
   14.227422      4.638754         -3.257643e-20     
   14.227422      4.839176         -4.657778e-20     
   14.227422      5.065642         -7.296151e-20     
   14.227422      5.317541         -1.272086e-19     
   14.227422      5.594194         -2.478550e-19     
   14.227422      5.894856         -5.308783e-19     
   14.227422      6.218716         -1.200081e-18     
   14.227422      6.564900         -2.654155e-18     
   14.227422      6.932477         -4.753011e-18     
   14.227422      7.320454         -4.609122e-19     
   14.227422      7.727785         6.075159e-17      
   14.227422      8.153374         4.341075e-16      
   14.227422      8.596072         2.209356e-15      
   14.227422      9.054685         1.053353e-14      
   14.227422      9.527979         1.935542e-14      
   14.227422      10.014676        -1.294943e-12     
   14.227422      10.513464        -1.498264e-11     
   14.227422      11.023000        2.561078e-10      
   14.227422      11.541909        6.294900e-09      
   14.227422      12.068793        7.039534e-07      
   14.227422      12.602230        5.299605e-05      
   14.227422      13.140784        2.654804e-03      
   14.227422      13.683002        3.369856e-02      
   14.227422      14.227422        8.152223e-02      
   14.227422      14.772578        2.901596e-02      
   14.227422      15.316998        1.270635e-03      
   14.227422      15.859216        5.853601e-06      
   14.227422      16.397770        2.539159e-08      
   14.227422      16.931207        -1.104737e-10     
   14.227422      17.458091        7.104910e-13      
   14.227422      17.977000        1.509264e-15      
   14.227422      18.486536        -3.067917e-17     
   14.227422      18.985324        1.859315e-19      
   14.227422      19.472021        -2.937725e-21     
   14.227422      19.945315        -2.706341e-23     
   14.227422      20.403928        -3.428763e-25     
   14.227422      20.846626        2.034327e-27      
   14.227422      21.272215        3.893979e-29      
   14.227422      21.679546        5.582177e-31      
   14.227422      22.067523        2.739304e-32      
   14.227422      22.435100        2.022964e-34      
   14.227422      22.781284        -1.314731e-35     
   14.227422      23.105144        -5.921611e-37     
   14.227422      23.405806        -2.483817e-38     
   14.227422      23.682459        -6.737231e-40     
   14.227422      23.934358        9.834011e-40      
   14.227422      24.160824        9.751084e-39      
   14.227422      24.361246        7.302195e-38      
   14.227422      24.535084        3.693965e-37      
   14.227422      24.681869        1.227670e-36      
   14.227422      24.801206        2.957898e-36      
   14.227422      24.892773        6.156374e-36      
   14.227422      24.956326        1.439913e-35      
   14.227422      24.991706        7.399953e-35      
   14.772578      0.001580         1.537693e-26      
   14.772578      0.008319         8.097530e-26      
   14.772578      0.020424         1.988146e-25      
   14.772578      0.037866         3.686192e-25      
   14.772578      0.060596         5.900052e-25      
   14.772578      0.088555         8.632445e-25      
   14.772578      0.121667         1.186948e-24      
   14.772578      0.159843         1.560266e-24      
   14.772578      0.202979         1.984120e-24      
   14.772578      0.250960         2.458548e-24      
   14.772578      0.303656         2.983736e-24      
   14.772578      0.360925         3.560320e-24      
   14.772578      0.422613         4.189459e-24      
   14.772578      0.488552         4.872843e-24      
   14.772578      0.558567         5.612759e-24      
   14.772578      0.632467         6.412121e-24      
   14.772578      0.710054         7.274540e-24      
   14.772578      0.791119         8.204337e-24      
   14.772578      0.875442         9.206565e-24      
   14.772578      0.962797         1.028701e-23      
   14.772578      1.052948         1.145219e-23      
   14.772578      1.145653         1.270927e-23      
   14.772578      1.240660         1.406599e-23      
   14.772578      1.337714         1.553061e-23      
   14.772578      1.436554         1.711172e-23      
   14.772578      1.536913         1.881808e-23      
   14.772578      1.638520         2.065839e-23      
   14.772578      1.741102         2.264100e-23      
   14.772578      1.844381         2.477367e-23      
   14.772578      1.948080         2.706314e-23      
   14.772578      2.051920         2.951478e-23      
   14.772578      2.155619         3.213224e-23      
   14.772578      2.258898         3.491703e-23      
   14.772578      2.361480         3.786812e-23      
   14.772578      2.463087         4.098168e-23      
   14.772578      2.563446         4.425085e-23      
   14.772578      2.662286         4.766560e-23      
   14.772578      2.759340         5.121272e-23      
   14.772578      2.854347         5.487600e-23      
   14.772578      2.947052         5.863653e-23      
   14.772578      3.037203         6.247310e-23      
   14.772578      3.124558         6.636265e-23      
   14.772578      3.208881         7.028087e-23      
   14.772578      3.289946         7.420272e-23      
   14.772578      3.367533         7.810290e-23      
   14.772578      3.441433         8.195609e-23      
   14.772578      3.511448         8.573706e-23      
   14.772578      3.577387         8.942071e-23      
   14.772578      3.639075         9.298193e-23      
   14.772578      3.696344         9.639529e-23      
   14.772578      3.749040         9.963480e-23      
   14.772578      3.797021         1.026737e-22      
   14.772578      3.840157         1.054845e-22      
   14.772578      3.878333         1.080392e-22      
   14.772578      3.911445         1.103099e-22      
   14.772578      3.939404         1.122697e-22      
   14.772578      3.962134         1.138932e-22      
   14.772578      3.979576         1.151582e-22      
   14.772578      3.991681         1.160464e-22      
   14.772578      3.998420         1.165446e-22      
   14.772578      4.008294         1.172793e-22      
   14.772578      4.043674         1.199619e-22      
   14.772578      4.107227         1.249910e-22      
   14.772578      4.198794         1.327825e-22      
   14.772578      4.318131         1.441092e-22      
   14.772578      4.464916         1.603329e-22      
   14.772578      4.638754         1.836188e-22      
   14.772578      4.839176         2.162555e-22      
   14.772578      5.065642         2.547799e-22      
   14.772578      5.317541         2.600026e-22      
   14.772578      5.594194         2.467393e-23      
   14.772578      5.894856         -1.377617e-21     
   14.772578      6.218716         -7.809521e-21     
   14.772578      6.564900         -3.461243e-20     
   14.772578      6.932477         -1.383291e-19     
   14.772578      7.320454         -4.911633e-19     
   14.772578      7.727785         -1.320276e-18     
   14.772578      8.153374         -5.403758e-19     
   14.772578      8.596072         2.160271e-17      
   14.772578      9.054685         1.696810e-16      
   14.772578      9.527979         1.652178e-15      
   14.772578      10.014676        2.071199e-14      
   14.772578      10.513464        -1.861486e-13     
   14.772578      11.023000        -4.479548e-12     
   14.772578      11.541909        8.195439e-11      
   14.772578      12.068793        3.353403e-10      
   14.772578      12.602230        2.760233e-07      
   14.772578      13.140784        2.510775e-05      
   14.772578      13.683002        1.827597e-03      
   14.772578      14.227422        2.901596e-02      
   14.772578      14.772578        7.572811e-02      
   14.772578      15.316998        2.511207e-02      
   14.772578      15.859216        8.969619e-04      
   14.772578      16.397770        2.955617e-06      
   14.772578      16.931207        1.288197e-08      
   14.772578      17.458091        -4.976824e-11     
   14.772578      17.977000        2.434094e-13      
   14.772578      18.486536        1.403340e-15      
   14.772578      18.985324        -1.897182e-17     
   14.772578      19.472021        1.362631e-20      
   14.772578      19.945315        -1.056845e-21     
   14.772578      20.403928        -2.363145e-23     
   14.772578      20.846626        4.078291e-26      
   14.772578      21.272215        1.279041e-27      
   14.772578      21.679546        2.748765e-29      
   14.772578      22.067523        1.257770e-30      
   14.772578      22.435100        1.256451e-32      
   14.772578      22.781284        -4.188309e-34     
   14.772578      23.105144        -2.455873e-35     
   14.772578      23.405806        -1.224702e-36     
   14.772578      23.682459        -4.387848e-38     
   14.772578      23.934358        4.388403e-40      
   14.772578      24.160824        5.246078e-41      
   14.772578      24.361246        -2.418481e-39     
   14.772578      24.535084        -1.432080e-38     
   14.772578      24.681869        -5.352957e-38     
   14.772578      24.801206        -1.461966e-37     
   14.772578      24.892773        -3.520951e-37     
   14.772578      24.956326        -9.634931e-37     
   14.772578      24.991706        -5.618752e-36     
   15.316998      0.001580         8.326464e-29      
   15.316998      0.008319         4.384758e-28      
   15.316998      0.020424         1.076597e-27      
   15.316998      0.037866         1.995926e-27      
   15.316998      0.060596         3.196747e-27      
   15.316998      0.088555         4.673388e-27      
   15.316998      0.121667         6.451781e-27      
   15.316998      0.159843         8.509956e-27      
   15.316998      0.202979         1.085347e-26      
   15.316998      0.250960         1.350539e-26      
   15.316998      0.303656         1.648923e-26      
   15.316998      0.360925         1.983483e-26      
   15.316998      0.422613         2.358055e-26      
   15.316998      0.488552         2.777743e-26      
   15.316998      0.558567         3.249005e-26      
   15.316998      0.632467         3.779933e-26      
   15.316998      0.710054         4.380363e-26      
   15.316998      0.791119         5.062216e-26      
   15.316998      0.875442         5.839763e-26      
   15.316998      0.962797         6.729947e-26      
   15.316998      1.052948         7.752707e-26      
   15.316998      1.145653         8.931383e-26      
   15.316998      1.240660         1.029312e-25      
   15.316998      1.337714         1.186934e-25      
   15.316998      1.436554         1.369622e-25      
   15.316998      1.536913         1.581509e-25      
   15.316998      1.638520         1.827293e-25      
   15.316998      1.741102         2.112278e-25      
   15.316998      1.844381         2.442399e-25      
   15.316998      1.948080         2.824244e-25      
   15.316998      2.051920         3.265045e-25      
   15.316998      2.155619         3.772663e-25      
   15.316998      2.258898         4.355519e-25      
   15.316998      2.361480         5.022500e-25      
   15.316998      2.463087         5.782818e-25      
   15.316998      2.563446         6.645818e-25      
   15.316998      2.662286         7.620726e-25      
   15.316998      2.759340         8.716336e-25      
   15.316998      2.854347         9.940645e-25      
   15.316998      2.947052         1.130043e-24      
   15.316998      3.037203         1.280077e-24      
   15.316998      3.124558         1.444450e-24      
   15.316998      3.208881         1.623171e-24      
   15.316998      3.289946         1.815915e-24      
   15.316998      3.367533         2.021972e-24      
   15.316998      3.441433         2.240196e-24      
   15.316998      3.511448         2.468964e-24      
   15.316998      3.577387         2.706148e-24      
   15.316998      3.639075         2.949106e-24      
   15.316998      3.696344         3.194686e-24      
   15.316998      3.749040         3.439262e-24      
   15.316998      3.797021         3.678797e-24      
   15.316998      3.840157         3.908934e-24      
   15.316998      3.878333         4.125121e-24      
   15.316998      3.911445         4.322759e-24      
   15.316998      3.939404         4.497376e-24      
   15.316998      3.962134         4.644807e-24      
   15.316998      3.979576         4.761384e-24      
   15.316998      3.991681         4.844111e-24      
   15.316998      3.998420         4.890824e-24      
   15.316998      4.008294         4.960126e-24      
   15.316998      4.043674         5.217151e-24      
   15.316998      4.107227         5.715163e-24      
   15.316998      4.198794         6.524568e-24      
   15.316998      4.318131         7.771788e-24      
   15.316998      4.464916         9.680185e-24      
   15.316998      4.638754         1.265554e-23      
   15.316998      4.839176         1.747292e-23      
   15.316998      5.065642         2.570512e-23      
   15.316998      5.317541         4.074100e-23      
   15.316998      5.594194         7.023052e-23      
   15.316998      5.894856         1.316549e-22      
   15.316998      6.218716         2.620014e-22      
   15.316998      6.564900         5.101375e-22      
   15.316998      6.932477         6.991623e-22      
   15.316998      7.320454         -1.501312e-21     
   15.316998      7.727785         -2.166199e-20     
   15.316998      8.153374         -1.264013e-19     
   15.316998      8.596072         -3.710352e-19     
   15.316998      9.054685         3.425609e-19      
   15.316998      9.527979         1.468012e-19      
   15.316998      10.014676        9.506012e-17      
   15.316998      10.513464        5.847003e-15      
   15.316998      11.023000        -2.472612e-14     
   15.316998      11.541909        -1.246658e-12     
   15.316998      12.068793        3.185279e-11      
   15.316998      12.602230        -5.360624e-10     
   15.316998      13.140784        1.165430e-07      
   15.316998      13.683002        1.199967e-05      
   15.316998      14.227422        1.270635e-03      
   15.316998      14.772578        2.511207e-02      
   15.316998      15.316998        7.051541e-02      
   15.316998      15.859216        2.187790e-02      
   15.316998      16.397770        6.464046e-04      
   15.316998      16.931207        1.571270e-06      
   15.316998      17.458091        6.862359e-09      
   15.316998      17.977000        -2.111218e-11     
   15.316998      18.486536        7.276522e-14      
   15.316998      18.985324        8.144929e-16      
   15.316998      19.472021        -1.073035e-17     
   15.316998      19.945315        -2.907719e-20     
   15.316998      20.403928        -9.056337e-22     
   15.316998      20.846626        -5.420903e-24     
   15.316998      21.272215        2.430111e-26      
   15.316998      21.679546        1.639357e-27      
   15.316998      22.067523        6.385194e-29      
   15.316998      22.435100        8.234882e-31      
   15.316998      22.781284        -1.179724e-32     
   15.316998      23.105144        -1.116238e-33     
   15.316998      23.405806        -6.714173e-35     
   15.316998      23.682459        -2.796325e-36     
   15.316998      23.934358        -1.793300e-38     
   15.316998      24.160824        1.413141e-38      
   15.316998      24.361246        2.237038e-39      
   15.316998      24.535084        1.676042e-41      
   15.316998      24.681869        -6.022309e-40     
   15.316998      24.801206        -1.510289e-39     
   15.316998      24.892773        -3.382193e-39     
   15.316998      24.956326        -8.685165e-39     
   15.316998      24.991706        -4.841078e-38     
   15.859216      0.001580         -3.481037e-30     
   15.859216      0.008319         -1.833123e-29     
   15.859216      0.020424         -4.500781e-29     
   15.859216      0.037866         -8.344826e-29     
   15.859216      0.060596         -1.335713e-28     
   15.859216      0.088555         -1.954124e-28     
   15.859216      0.121667         -2.687351e-28     
   15.859216      0.159843         -3.533146e-28     
   15.859216      0.202979         -4.493425e-28     
   15.859216      0.250960         -5.568682e-28     
   15.859216      0.303656         -6.759712e-28     
   15.859216      0.360925         -8.068374e-28     
   15.859216      0.422613         -9.497767e-28     
   15.859216      0.488552         -1.105234e-27     
   15.859216      0.558567         -1.273803e-27     
   15.859216      0.632467         -1.456240e-27     
   15.859216      0.710054         -1.653476e-27     
   15.859216      0.791119         -1.866623e-27     
   15.859216      0.875442         -2.096987e-27     
   15.859216      0.962797         -2.346063e-27     
   15.859216      1.052948         -2.615542e-27     
   15.859216      1.145653         -2.907290e-27     
   15.859216      1.240660         -3.223340e-27     
   15.859216      1.337714         -3.565868e-27     
   15.859216      1.436554         -3.937156e-27     
   15.859216      1.536913         -4.339547e-27     
   15.859216      1.638520         -4.775380e-27     
   15.859216      1.741102         -5.246921e-27     
   15.859216      1.844381         -5.756271e-27     
   15.859216      1.948080         -6.305248e-27     
   15.859216      2.051920         -6.895267e-27     
   15.859216      2.155619         -7.527203e-27     
   15.859216      2.258898         -8.201231e-27     
   15.859216      2.361480         -8.916666e-27     
   15.859216      2.463087         -9.671806e-27     
   15.859216      2.563446         -1.046379e-26     
   15.859216      2.662286         -1.128847e-26     
   15.859216      2.759340         -1.214031e-26     
   15.859216      2.854347         -1.301235e-26     
   15.859216      2.947052         -1.389628e-26     
   15.859216      3.037203         -1.478246e-26     
   15.859216      3.124558         -1.566020e-26     
   15.859216      3.208881         -1.651799e-26     
   15.859216      3.289946         -1.734391e-26     
   15.859216      3.367533         -1.812611e-26     
   15.859216      3.441433         -1.885335e-26     
   15.859216      3.511448         -1.951553e-26     
   15.859216      3.577387         -2.010432e-26     
   15.859216      3.639075         -2.061374e-26     
   15.859216      3.696344         -2.104055e-26     
   15.859216      3.749040         -2.138461e-26     
   15.859216      3.797021         -2.164902e-26     
   15.859216      3.840157         -2.183998e-26     
   15.859216      3.878333         -2.196651e-26     
   15.859216      3.911445         -2.203981e-26     
   15.859216      3.939404         -2.207251e-26     
   15.859216      3.962134         -2.207765e-26     
   15.859216      3.979576         -2.206763e-26     
   15.859216      3.991681         -2.205317e-26     
   15.859216      3.998420         -2.204236e-26     
   15.859216      4.008294         -2.202285e-26     
   15.859216      4.043674         -2.191525e-26     
   15.859216      4.107227         -2.155733e-26     
   15.859216      4.198794         -2.059478e-26     
   15.859216      4.318131         -1.831363e-26     
   15.859216      4.464916         -1.328406e-26     
   15.859216      4.638754         -2.559755e-27     
   15.859216      4.839176         2.023095e-26      
   15.859216      5.065642         6.976531e-26      
   15.859216      5.317541         1.825112e-25      
   15.859216      5.594194         4.569586e-25      
   15.859216      5.894856         1.183385e-24      
   15.859216      6.218716         3.296782e-24      
   15.859216      6.564900         1.007462e-23      
   15.859216      6.932477         3.366075e-23      
   15.859216      7.320454         1.169650e-22      
   15.859216      7.727785         3.587193e-22      
   15.859216      8.153374         4.333691e-22      
   15.859216      8.596072         -4.619433e-21     
   15.859216      9.054685         -2.371638e-20     
   15.859216      9.527979         1.356868e-19      
   15.859216      10.014676        -1.398172e-18     
   15.859216      10.513464        -1.184075e-17     
   15.859216      11.023000        1.354823e-15      
   15.859216      11.541909        -2.934620e-15     
   15.859216      12.068793        -3.277744e-13     
   15.859216      12.602230        1.292292e-11      
   15.859216      13.140784        -4.179536e-10     
   15.859216      13.683002        5.277769e-08      
   15.859216      14.227422        5.853601e-06      
   15.859216      14.772578        8.969619e-04      
   15.859216      15.316998        2.187790e-02      
   15.859216      15.859216        6.582408e-02      
   15.859216      16.397770        1.921563e-02      
   15.859216      16.931207        4.781743e-04      
   15.859216      17.458091        8.971259e-07      
   15.859216      17.977000        3.837597e-09      
   15.859216      18.486536        -8.042536e-12     
   15.859216      18.985324        6.917467e-15      
   15.859216      19.472021        4.375214e-16      
   15.859216      19.945315        -6.586474e-18     
   15.859216      20.403928        -5.655366e-20     
   15.859216      20.846626        -2.895575e-22     
   15.859216      21.272215        -2.835341e-24     
   15.859216      21.679546        7.030372e-26      
   15.859216      22.067523        3.755459e-27      
   15.859216      22.435100        5.976241e-29      
   15.859216      22.781284        -1.167144e-31     
   15.859216      23.105144        -5.369766e-32     
   15.859216      23.405806        -4.009132e-33     
   15.859216      23.682459        -1.922948e-34     
   15.859216      23.934358        -3.755614e-36     
   15.859216      24.160824        6.321750e-37      
   15.859216      24.361246        1.248871e-37      
   15.859216      24.535084        1.188710e-38      
   15.859216      24.681869        -3.352633e-40     
   15.859216      24.801206        -2.751385e-41     
   15.859216      24.892773        6.459812e-40      
   15.859216      24.956326        8.910304e-40      
   15.859216      24.991706        1.091414e-39      
   16.397770      0.001580         -8.493722e-33     
   16.397770      0.008319         -4.472857e-32     
   16.397770      0.020424         -1.098255e-31     
   16.397770      0.037866         -2.036177e-31     
   16.397770      0.060596         -3.262452e-31     
   16.397770      0.088555         -4.767416e-31     
   16.397770      0.121667         -6.592617e-31     
   16.397770      0.159843         -8.710942e-31     
   16.397770      0.202979         -1.112724e-30     
   16.397770      0.250960         -1.387588e-30     
   16.397770      0.303656         -1.699252e-30     
   16.397770      0.360925         -2.052140e-30     
   16.397770      0.422613         -2.451855e-30     
   16.397770      0.488552         -2.905797e-30     
   16.397770      0.558567         -3.423299e-30     
   16.397770      0.632467         -4.016049e-30     
   16.397770      0.710054         -4.698265e-30     
   16.397770      0.791119         -5.487221e-30     
   16.397770      0.875442         -6.403664e-30     
   16.397770      0.962797         -7.472335e-30     
   16.397770      1.052948         -8.722514e-30     
   16.397770      1.145653         -1.018868e-29     
   16.397770      1.240660         -1.191123e-29     
   16.397770      1.337714         -1.393728e-29     
   16.397770      1.436554         -1.632145e-29     
   16.397770      1.536913         -1.912673e-29     
   16.397770      1.638520         -2.242531e-29     
   16.397770      1.741102         -2.629937e-29     
   16.397770      1.844381         -3.084175e-29     
   16.397770      1.948080         -3.615637e-29     
   16.397770      2.051920         -4.235839e-29     
   16.397770      2.155619         -4.957405e-29     
   16.397770      2.258898         -5.793980e-29     
   16.397770      2.361480         -6.760088e-29     
   16.397770      2.463087         -7.870906e-29     
   16.397770      2.563446         -9.141953e-29     
   16.397770      2.662286         -1.058866e-28     
   16.397770      2.759340         -1.222584e-28     
   16.397770      2.854347         -1.406704e-28     
   16.397770      2.947052         -1.612381e-28     
   16.397770      3.037203         -1.840483e-28     
   16.397770      3.124558         -2.091502e-28     
   16.397770      3.208881         -2.365455e-28     
   16.397770      3.289946         -2.661799e-28     
   16.397770      3.367533         -2.979334e-28     
   16.397770      3.441433         -3.316131e-28     
   16.397770      3.511448         -3.669482e-28     
   16.397770      3.577387         -4.035862e-28     
   16.397770      3.639075         -4.410939e-28     
   16.397770      3.696344         -4.789612e-28     
   16.397770      3.749040         -5.166093e-28     
   16.397770      3.797021         -5.534029e-28     
   16.397770      3.840157         -5.886673e-28     
   16.397770      3.878333         -6.217080e-28     
   16.397770      3.911445         -6.518343e-28     
   16.397770      3.939404         -6.783838e-28     
   16.397770      3.962134         -7.007480e-28     
   16.397770      3.979576         -7.183970e-28     
   16.397770      3.991681         -7.309020e-28     
   16.397770      3.998420         -7.379561e-28     
   16.397770      4.008294         -7.484116e-28     
   16.397770      4.043674         -7.870855e-28     
   16.397770      4.107227         -8.615381e-28     
   16.397770      4.198794         -9.810994e-28     
   16.397770      4.318131         -1.161602e-27     
   16.397770      4.464916         -1.428654e-27     
   16.397770      4.638754         -1.823002e-27     
   16.397770      4.839176         -2.408673e-27     
   16.397770      5.065642         -3.282645e-27     
   16.397770      5.317541         -4.573975e-27     
   16.397770      5.594194         -6.371958e-27     
   16.397770      5.894856         -8.321150e-27     
   16.397770      6.218716         -7.758275e-27     
   16.397770      6.564900         9.032094e-27      
   16.397770      6.932477         1.152563e-25      
   16.397770      7.320454         7.674091e-25      
   16.397770      7.727785         5.024445e-24      
   16.397770      8.153374         3.036034e-23      
   16.397770      8.596072         1.263630e-22      
   16.397770      9.054685         5.756718e-23      
   16.397770      9.527979         -6.558104e-22     
   16.397770      10.014676        4.545359e-20      
   16.397770      10.513464        -2.301130e-19     
   16.397770      11.023000        -5.239415e-18     
   16.397770      11.541909        2.951352e-16      
   16.397770      12.068793        -4.554112e-16     
   16.397770      12.602230        -7.960370e-14     
   16.397770      13.140784        5.106214e-12      
   16.397770      13.683002        -2.292086e-10     
   16.397770      14.227422        2.539159e-08      
   16.397770      14.772578        2.955617e-06      
   16.397770      15.316998        6.464046e-04      
   16.397770      15.859216        1.921563e-02      
   16.397770      16.397770        6.160028e-02      
   16.397770      16.931207        1.703965e-02      
   16.397770      17.458091        3.650528e-04      
   16.397770      17.977000        5.617819e-07      
   16.397770      18.486536        2.257966e-09      
   16.397770      18.985324        -2.359811e-12     
   16.397770      19.472021        -1.665207e-14     
   16.397770      19.945315        1.916629e-16      
   16.397770      20.403928        -5.374445e-18     
   16.397770      20.846626        -4.383408e-20     
   16.397770      21.272215        -2.285574e-22     
   16.397770      21.679546        2.205939e-24      
   16.397770      22.067523        2.084956e-25      
   16.397770      22.435100        4.621084e-27      
   16.397770      22.781284        3.409385e-29      
   16.397770      23.105144        -2.546713e-30     
   16.397770      23.405806        -2.569147e-31     
   16.397770      23.682459        -1.415503e-32     
   16.397770      23.934358        -4.336279e-34     
   16.397770      24.160824        2.570804e-35      
   16.397770      24.361246        7.277482e-36      
   16.397770      24.535084        8.056866e-37      
   16.397770      24.681869        5.706030e-39      
   16.397770      24.801206        9.201866e-39      
   16.397770      24.892773        4.781409e-38      
   16.397770      24.956326        6.100897e-38      
   16.397770      24.991706        6.285971e-38      
   16.931207      0.001580         3.941022e-34      
   16.931207      0.008319         2.075352e-33      
   16.931207      0.020424         5.095512e-33      
   16.931207      0.037866         9.447402e-33      
   16.931207      0.060596         1.512248e-32      
   16.931207      0.088555         2.212150e-32      
   16.931207      0.121667         3.042867e-32      
   16.931207      0.159843         4.001197e-32      
   16.931207      0.202979         5.089095e-32      
   16.931207      0.250960         6.307629e-32      
   16.931207      0.303656         7.658109e-32      
   16.931207      0.360925         9.143053e-32      
   16.931207      0.422613         1.076642e-31      
   16.931207      0.488552         1.253385e-31      
   16.931207      0.558567         1.445281e-31      
   16.931207      0.632467         1.653274e-31      
   16.931207      0.710054         1.878523e-31      
   16.931207      0.791119         2.122411e-31      
   16.931207      0.875442         2.386554e-31      
   16.931207      0.962797         2.672806e-31      
   16.931207      1.052948         2.983254e-31      
   16.931207      1.145653         3.320201e-31      
   16.931207      1.240660         3.686149e-31      
   16.931207      1.337714         4.083764e-31      
   16.931207      1.436554         4.515825e-31      
   16.931207      1.536913         4.985159e-31      
   16.931207      1.638520         5.494542e-31      
   16.931207      1.741102         6.046598e-31      
   16.931207      1.844381         6.643649e-31      
   16.931207      1.948080         7.287541e-31      
   16.931207      2.051920         7.979443e-31      
   16.931207      2.155619         8.719618e-31      
   16.931207      2.258898         9.507164e-31      
   16.931207      2.361480         1.033973e-30      
   16.931207      2.463087         1.121324e-30      
   16.931207      2.563446         1.212163e-30      
   16.931207      2.662286         1.305659e-30      
   16.931207      2.759340         1.400742e-30      
   16.931207      2.854347         1.496091e-30      
   16.931207      2.947052         1.590143e-30      
   16.931207      3.037203         1.681110e-30      
   16.931207      3.124558         1.767020e-30      
   16.931207      3.208881         1.845782e-30      
   16.931207      3.289946         1.915268e-30      
   16.931207      3.367533         1.973421e-30      
   16.931207      3.441433         2.018383e-30      
   16.931207      3.511448         2.048625e-30      
   16.931207      3.577387         2.063098e-30      
   16.931207      3.639075         2.061363e-30      
   16.931207      3.696344         2.043705e-30      
   16.931207      3.749040         2.011210e-30      
   16.931207      3.797021         1.965788e-30      
   16.931207      3.840157         1.910142e-30      
   16.931207      3.878333         1.847666e-30      
   16.931207      3.911445         1.782274e-30      
   16.931207      3.939404         1.718170e-30      
   16.931207      3.962134         1.659575e-30      
   16.931207      3.979576         1.610422e-30      
   16.931207      3.991681         1.574061e-30      
   16.931207      3.998420         1.552994e-30      
   16.931207      4.008294         1.521038e-30      
   16.931207      4.043674         1.395344e-30      
   16.931207      4.107227         1.121083e-30      
   16.931207      4.198794         5.958069e-31      
   16.931207      4.318131         -3.834731e-31     
   16.931207      4.464916         -2.215542e-30     
   16.931207      4.638754         -5.701953e-30     
   16.931207      4.839176         -1.251317e-29     
   16.931207      5.065642         -2.628324e-29     
   16.931207      5.317541         -5.529223e-29     
   16.931207      5.594194         -1.192823e-28     
   16.931207      5.894856         -2.673299e-28     
   16.931207      6.218716         -6.267547e-28     
   16.931207      6.564900         -1.551878e-27     
   16.931207      6.932477         -4.183341e-27     
   16.931207      7.320454         -1.292441e-26     
   16.931207      7.727785         -4.343500e-26     
   16.931207      8.153374         -8.770185e-26     
   16.931207      8.596072         6.939426e-25      
   16.931207      9.054685         8.088138e-24      
   16.931207      9.527979         1.221109e-24      
   16.931207      10.014676        -1.287443e-22     
   16.931207      10.513464        8.612375e-21      
   16.931207      11.023000        -3.102989e-20     
   16.931207      11.541909        -1.222309e-18     
   16.931207      12.068793        6.609111e-17      
   16.931207      12.602230        -1.637398e-16     
   16.931207      13.140784        -1.538986e-14     
   16.931207      13.683002        1.949352e-12      
   16.931207      14.227422        -1.104737e-10     
   16.931207      14.772578        1.288197e-08      
   16.931207      15.316998        1.571270e-06      
   16.931207      15.859216        4.781743e-04      
   16.931207      16.397770        1.703965e-02      
   16.931207      16.931207        5.779525e-02      
   16.931207      17.458091        1.527649e-02      
   16.931207      17.977000        2.891051e-04      
   16.931207      18.486536        3.929564e-07      
   16.931207      18.985324        1.392166e-09      
   16.931207      19.472021        1.126259e-13      
   16.931207      19.945315        -2.627448e-14     
   16.931207      20.403928        -1.599540e-17     
   16.931207      20.846626        -4.020106e-18     
   16.931207      21.272215        -4.655424e-20     
   16.931207      21.679546        1.220230e-23      
   16.931207      22.067523        1.263903e-23      
   16.931207      22.435100        3.431653e-25      
   16.931207      22.781284        5.181276e-27      
   16.931207      23.105144        -9.324578e-29     
   16.931207      23.405806        -1.701002e-29     
   16.931207      23.682459        -1.100065e-30     
   16.931207      23.934358        -4.500525e-32     
   16.931207      24.160824        5.241040e-34      
   16.931207      24.361246        4.284882e-34      
   16.931207      24.535084        5.587244e-35      
   16.931207      24.681869        1.872291e-36      
   16.931207      24.801206        1.410509e-36      
   16.931207      24.892773        3.892254e-36      
   16.931207      24.956326        4.745975e-36      
   16.931207      24.991706        4.843419e-36      
   17.458091      0.001580         -4.541642e-37     
   17.458091      0.008319         -2.391623e-36     
   17.458091      0.020424         -5.871797e-36     
   17.458091      0.037866         -1.088854e-35     
   17.458091      0.060596         -1.740836e-35     
   17.458091      0.088555         -2.551317e-35     
   17.458091      0.121667         -3.482867e-35     
   17.458091      0.159843         -4.550485e-35     
   17.458091      0.202979         -5.757587e-35     
   17.458091      0.250960         -7.082449e-35     
   17.458091      0.303656         -8.504440e-35     
   17.458091      0.360925         -1.000100e-34     
   17.458091      0.422613         -1.154608e-34     
   17.458091      0.488552         -1.310622e-34     
   17.458091      0.558567         -1.464038e-34     
   17.458091      0.632467         -1.609770e-34     
   17.458091      0.710054         -1.741721e-34     
   17.458091      0.791119         -1.852498e-34     
   17.458091      0.875442         -1.933220e-34     
   17.458091      0.962797         -1.973261e-34     
   17.458091      1.052948         -1.959993e-34     
   17.458091      1.145653         -1.878446e-34     
   17.458091      1.240660         -1.710978e-34     
   17.458091      1.337714         -1.436885e-34     
   17.458091      1.436554         -1.032056e-34     
   17.458091      1.536913         -4.686320e-35     
   17.458091      1.638520         2.852897e-35      
   17.458091      1.741102         1.265883e-34      
   17.458091      1.844381         2.513636e-34      
   17.458091      1.948080         4.073207e-34      
   17.458091      2.051920         5.993024e-34      
   17.458091      2.155619         8.324549e-34      
   17.458091      2.258898         1.112108e-33      
   17.458091      2.361480         1.443609e-33      
   17.458091      2.463087         1.832107e-33      
   17.458091      2.563446         2.282276e-33      
   17.458091      2.662286         2.797988e-33      
   17.458091      2.759340         3.381945e-33      
   17.458091      2.854347         4.035287e-33      
   17.458091      2.947052         4.757192e-33      
   17.458091      3.037203         5.544511e-33      
   17.458091      3.124558         6.391479e-33      
   17.458091      3.208881         7.289545e-33      
   17.458091      3.289946         8.227359e-33      
   17.458091      3.367533         9.190960e-33      
   17.458091      3.441433         1.016420e-32      
   17.458091      3.511448         1.112939e-32      
   17.458091      3.577387         1.206818e-32      
   17.458091      3.639075         1.296261e-32      
   17.458091      3.696344         1.379616e-32      
   17.458091      3.749040         1.455488e-32      
   17.458091      3.797021         1.522831e-32      
   17.458091      3.840157         1.581013e-32      
   17.458091      3.878333         1.629844e-32      
   17.458091      3.911445         1.669551e-32      
   17.458091      3.939404         1.700723e-32      
   17.458091      3.962134         1.724194e-32      
   17.458091      3.979576         1.740913e-32      
   17.458091      3.991681         1.751794e-32      
   17.458091      3.998420         1.757579e-32      
   17.458091      4.008294         1.765684e-32      
   17.458091      4.043674         1.790783e-32      
   17.458091      4.107227         1.817398e-32      
   17.458091      4.198794         1.799990e-32      
   17.458091      4.318131         1.631982e-32      
   17.458091      4.464916         1.066241e-32      
   17.458091      4.638754         -4.781154e-33     
   17.458091      4.839176         -4.403669e-32     
   17.458091      5.065642         -1.423062e-31     
   17.458091      5.317541         -3.923714e-31     
   17.458091      5.594194         -1.052918e-30     
   17.458091      5.894856         -2.887845e-30     
   17.458091      6.218716         -8.270275e-30     
   17.458091      6.564900         -2.486687e-29     
   17.458091      6.932477         -7.850085e-29     
   17.458091      7.320454         -2.660903e-28     
   17.458091      7.727785         -1.055512e-27     
   17.458091      8.153374         -5.288926e-27     
   17.458091      8.596072         -2.800175e-26     
   17.458091      9.054685         -9.422615e-26     
   17.458091      9.527979         2.537209e-26      
   17.458091      10.014676        -4.829634e-24     
   17.458091      10.513464        -6.192390e-23     
   17.458091      11.023000        1.047149e-21      
   17.458091      11.541909        -8.059863e-21     
   17.458091      12.068793        -3.079484e-19     
   17.458091      12.602230        1.508795e-17      
   17.458091      13.140784        -1.077506e-16     
   17.458091      13.683002        -9.398936e-16     
   17.458091      14.227422        7.104910e-13      
   17.458091      14.772578        -4.976824e-11     
   17.458091      15.316998        6.862359e-09      
   17.458091      15.859216        8.971259e-07      
   17.458091      16.397770        3.650528e-04      
   17.458091      16.931207        1.527649e-02      
   17.458091      17.458091        5.436538e-02      
   17.458091      17.977000        1.386388e-02      
   17.458091      18.486536        2.386746e-04      
   17.458091      18.985324        3.098286e-07      
   17.458091      19.472021        8.949815e-10      
   17.458091      19.945315        1.127139e-12      
   17.458091      20.403928        -3.432834e-14     
   17.458091      20.846626        -1.444621e-16     
   17.458091      21.272215        -4.055960e-18     
   17.458091      21.679546        -3.655313e-20     
   17.458091      22.067523        6.284027e-22      
   17.458091      22.435100        2.762863e-23      
   17.458091      22.781284        5.782657e-25      
   17.458091      23.105144        1.939317e-28      
   17.458091      23.405806        -1.119955e-27     
   17.458091      23.682459        -8.775037e-29     
   17.458091      23.934358        -4.508918e-30     
   17.458091      24.160824        -7.511971e-32     
   17.458091      24.361246        2.327069e-32      
   17.458091      24.535084        3.774779e-33      
   17.458091      24.681869        1.972719e-34      
   17.458091      24.801206        1.577693e-34      
   17.458091      24.892773        3.363736e-34      
   17.458091      24.956326        3.970946e-34      
   17.458091      24.991706        4.023506e-34      
   17.977000      0.001580         -1.917688e-38     
   17.977000      0.008319         -1.009856e-37     
   17.977000      0.020424         -2.479416e-37     
   17.977000      0.037866         -4.596637e-37     
   17.977000      0.060596         -7.357508e-37     
   17.977000      0.088555         -1.076054e-36     
   17.977000      0.121667         -1.480448e-36     
   17.977000      0.159843         -1.946521e-36     
   17.977000      0.202979         -2.474893e-36     
   17.977000      0.250960         -3.066115e-36     
   17.977000      0.303656         -3.720576e-36     
   17.977000      0.360925         -4.439000e-36     
   17.977000      0.422613         -5.222588e-36     
   17.977000      0.488552         -6.073285e-36     
   17.977000      0.558567         -6.993616e-36     
   17.977000      0.632467         -7.986744e-36     
   17.977000      0.710054         -9.056470e-36     
   17.977000      0.791119         -1.020719e-35     
   17.977000      0.875442         -1.144379e-35     
   17.977000      0.962797         -1.277148e-35     
   17.977000      1.052948         -1.419555e-35     
   17.977000      1.145653         -1.572101e-35     
   17.977000      1.240660         -1.735217e-35     
   17.977000      1.337714         -1.909202e-35     
   17.977000      1.436554         -2.094151e-35     
   17.977000      1.536913         -2.289847e-35     
   17.977000      1.638520         -2.495651e-35     
   17.977000      1.741102         -2.710352e-35     
   17.977000      1.844381         -2.931996e-35     
   17.977000      1.948080         -3.157677e-35     
   17.977000      2.051920         -3.383313e-35     
   17.977000      2.155619         -3.603388e-35     
   17.977000      2.258898         -3.810687e-35     
   17.977000      2.361480         -3.996015e-35     
   17.977000      2.463087         -4.147942e-35     
   17.977000      2.563446         -4.252595e-35     
   17.977000      2.662286         -4.293503e-35     
   17.977000      2.759340         -4.251569e-35     
   17.977000      2.854347         -4.105203e-35     
   17.977000      2.947052         -3.830665e-35     
   17.977000      3.037203         -3.402647e-35     
   17.977000      3.124558         -2.795159e-35     
   17.977000      3.208881         -1.982739e-35     
   17.977000      3.289946         -9.419991e-36     
   17.977000      3.367533         3.465449e-36      
   17.977000      3.441433         1.896418e-35      
   17.977000      3.511448         3.712993e-35      
   17.977000      3.577387         5.791332e-35      
   17.977000      3.639075         8.114258e-35      
   17.977000      3.696344         1.065089e-34      
   17.977000      3.749040         1.335588e-34      
   17.977000      3.797021         1.616955e-34      
   17.977000      3.840157         1.901908e-34      
   17.977000      3.878333         2.182092e-34      
   17.977000      3.911445         2.448428e-34      
   17.977000      3.939404         2.691561e-34      
   17.977000      3.962134         2.902385e-34      
   17.977000      3.979576         3.072593e-34      
   17.977000      3.991681         3.195219e-34      
   17.977000      3.998420         3.265128e-34      
   17.977000      4.008294         3.369719e-34      
   17.977000      4.043674         3.766578e-34      
   17.977000      4.107227         4.573969e-34      
   17.977000      4.198794         5.986033e-34      
   17.977000      4.318131         8.375636e-34      
   17.977000      4.464916         1.245124e-33      
   17.977000      4.638754         1.959044e-33      
   17.977000      4.839176         3.257377e-33      
   17.977000      5.065642         5.726667e-33      
   17.977000      5.317541         1.066337e-32      
   17.977000      5.594194         2.106043e-32      
   17.977000      5.894856         4.404660e-32      
   17.977000      6.218716         9.670587e-32      
   17.977000      6.564900         2.187596e-31      
   17.977000      6.932477         4.990514e-31      
   17.977000      7.320454         1.171556e-30      
   17.977000      7.727785         3.221942e-30      
   17.977000      8.153374         8.852722e-30      
   17.977000      8.596072         -3.886439e-29     
   17.977000      9.054685         -9.973735e-28     
   17.977000      9.527979         -5.679816e-27     
   17.977000      10.014676        1.518586e-26      
   17.977000      10.513464        -5.746169e-25     
   17.977000      11.023000        -9.627851e-24     
   17.977000      11.541909        1.388926e-22      
   17.977000      12.068793        -1.732337e-21     
   17.977000      12.602230        -7.536773e-20     
   17.977000      13.140784        3.777106e-18      
   17.977000      13.683002        -6.108452e-17     
   17.977000      14.227422        1.509264e-15      
   17.977000      14.772578        2.434094e-13      
   17.977000      15.316998        -2.111218e-11     
   17.977000      15.859216        3.837597e-09      
   17.977000      16.397770        5.617819e-07      
   17.977000      16.931207        2.891051e-04      
   17.977000      17.458091        1.386388e-02      
   17.977000      17.977000        5.127234e-02      
   17.977000      18.486536        1.275047e-02      
   17.977000      18.985324        2.063108e-04      
   17.977000      19.472021        2.751125e-07      
   17.977000      19.945315        5.888251e-10      
   17.977000      20.403928        1.336226e-12      
   17.977000      20.846626        -4.165874e-14     
   17.977000      21.272215        -3.226594e-16     
   17.977000      21.679546        -3.853822e-18     
   17.977000      22.067523        -4.208092e-22     
   17.977000      22.435100        1.832478e-21      
   17.977000      22.781284        6.022761e-23      
   17.977000      23.105144        6.953982e-25      
   17.977000      23.405806        -6.917139e-26     
   17.977000      23.682459        -7.046183e-27     
   17.977000      23.934358        -4.413439e-28     
   17.977000      24.160824        -1.625784e-29     
   17.977000      24.361246        8.828261e-31      
   17.977000      24.535084        2.251791e-31      
   17.977000      24.681869        1.349857e-32      
   17.977000      24.801206        1.551599e-32      
   17.977000      24.892773        3.013026e-32      
   17.977000      24.956326        3.492655e-32      
   17.977000      24.991706        3.524128e-32      
   18.486536      0.001580         1.254456e-40      
   18.486536      0.008319         6.603245e-40      
   18.486536      0.020424         1.632110e-39      
   18.486536      0.037866         3.048683e-39      
   18.486536      0.060596         4.763616e-39      
   18.486536      0.088555         7.469633e-39      
   18.486536      0.121667         1.478645e-38      
   18.486536      0.159843         1.394962e-38      
   18.486536      0.202979         1.922072e-38      
   18.486536      0.250960         2.650412e-38      
   18.486536      0.303656         2.985746e-38      
   18.486536      0.360925         3.246774e-38      
   18.486536      0.422613         4.171447e-38      
   18.486536      0.488552         4.984176e-38      
   18.486536      0.558567         5.661009e-38      
   18.486536      0.632467         6.495953e-38      
   18.486536      0.710054         7.516982e-38      
   18.486536      0.791119         8.601402e-38      
   18.486536      0.875442         9.719218e-38      
   18.486536      0.962797         1.091054e-37      
   18.486536      1.052948         1.220981e-37      
   18.486536      1.145653         1.363550e-37      
   18.486536      1.240660         1.520472e-37      
   18.486536      1.337714         1.693805e-37      
   18.486536      1.436554         1.885982e-37      
   18.486536      1.536913         2.099883e-37      
   18.486536      1.638520         2.338920e-37      
   18.486536      1.741102         2.607136e-37      
   18.486536      1.844381         2.909331e-37      
   18.486536      1.948080         3.251196e-37      
   18.486536      2.051920         3.639479e-37      
   18.486536      2.155619         4.082167e-37      
   18.486536      2.258898         4.588684e-37      
   18.486536      2.361480         5.170096e-37      
   18.486536      2.463087         5.839307e-37      
   18.486536      2.563446         6.611233e-37      
   18.486536      2.662286         7.502918e-37      
   18.486536      2.759340         8.533554e-37      
   18.486536      2.854347         9.724361e-37      
   18.486536      2.947052         1.109828e-36      
   18.486536      3.037203         1.267940e-36      
   18.486536      3.124558         1.449210e-36      
   18.486536      3.208881         1.655977e-36      
   18.486536      3.289946         1.890324e-36      
   18.486536      3.367533         2.153874e-36      
   18.486536      3.441433         2.447561e-36      
   18.486536      3.511448         2.771368e-36      
   18.486536      3.577387         3.124071e-36      
   18.486536      3.639075         3.502995e-36      
   18.486536      3.696344         3.903818e-36      
   18.486536      3.749040         4.320454e-36      
   18.486536      3.797021         4.745041e-36      
   18.486536      3.840157         5.168075e-36      
   18.486536      3.878333         5.578678e-36      
   18.486536      3.911445         5.965038e-36      
   18.486536      3.939404         6.314969e-36      
   18.486536      3.962134         6.616586e-36      
   18.486536      3.979576         6.859026e-36      
   18.486536      3.991681         7.033156e-36      
   18.486536      3.998420         7.132243e-36      
   18.486536      4.008294         7.280250e-36      
   18.486536      4.043674         7.839537e-36      
   18.486536      4.107227         8.968496e-36      
   18.486536      4.198794         1.092473e-35      
   18.486536      4.318131         1.421087e-35      
   18.486536      4.464916         1.980446e-35      
   18.486536      4.638754         2.966761e-35      
   18.486536      4.839176         4.792731e-35      
   18.486536      5.065642         8.376561e-35      
   18.486536      5.317541         1.589616e-34      
   18.486536      5.594194         3.289895e-34      
   18.486536      5.894856         7.463944e-34      
   18.486536      6.218716         1.864056e-33      
   18.486536      6.564900         5.121244e-33      
   18.486536      6.932477         1.534234e-32      
   18.486536      7.320454         4.956081e-32      
   18.486536      7.727785         1.752445e-31      
   18.486536      8.153374         7.338816e-31      
   18.486536      8.596072         3.794813e-30      
   18.486536      9.054685         1.918511e-29      
   18.486536      9.527979         5.684814e-29      
   18.486536      10.014676        3.267284e-28      
   18.486536      10.513464        8.597054e-27      
   18.486536      11.023000        -1.202369e-26     
   18.486536      11.541909        -7.213767e-25     
   18.486536      12.068793        2.673156e-23      
   18.486536      12.602230        -2.793562e-22     
   18.486536      13.140784        -1.722511e-20     
   18.486536      13.683002        1.064623e-18      
   18.486536      14.227422        -3.067917e-17     
   18.486536      14.772578        1.403340e-15      
   18.486536      15.316998        7.276522e-14      
   18.486536      15.859216        -8.042536e-12     
   18.486536      16.397770        2.257966e-09      
   18.486536      16.931207        3.929564e-07      
   18.486536      17.458091        2.386746e-04      
   18.486536      17.977000        1.275047e-02      
   18.486536      18.486536        4.848099e-02      
   18.486536      18.985324        1.189466e-02      
   18.486536      19.472021        1.874304e-04      
   18.486536      19.945315        2.728487e-07      
   18.486536      20.403928        3.700541e-10      
   18.486536      20.846626        1.171063e-12      
   18.486536      21.272215        -5.576422e-14     
   18.486536      21.679546        -5.262118e-16     
   18.486536      22.067523        -2.534785e-18     
   18.486536      22.435100        9.501388e-20      
   18.486536      22.781284        5.050199e-21      
   18.486536      23.105144        1.139186e-22      
   18.486536      23.405806        -3.304068e-24     
   18.486536      23.682459        -5.454386e-25     
   18.486536      23.934358        -4.200864e-26     
   18.486536      24.160824        -2.246026e-27     
   18.486536      24.361246        -2.828157e-29     
   18.486536      24.535084        8.368596e-30      
   18.486536      24.681869        1.795024e-31      
   18.486536      24.801206        1.362846e-30      
   18.486536      24.892773        2.726549e-30      
   18.486536      24.956326        3.151836e-30      
   18.486536      24.991706        3.178658e-30      
   18.985324      0.001580         -4.761041e-39     
   18.985324      0.008319         -2.511076e-38     
   18.985324      0.020424         -6.014130e-38     
   18.985324      0.037866         -1.084098e-37     
   18.985324      0.060596         -1.898497e-37     
   18.985324      0.088555         -2.080061e-37     
   18.985324      0.121667         3.467006e-37      
   18.985324      0.159843         -3.126840e-37     
   18.985324      0.202979         -1.915564e-37     
   18.985324      0.250960         1.368769e-37      
   18.985324      0.303656         -1.597983e-37     
   18.985324      0.360925         -6.371419e-37     
   18.985324      0.422613         -2.648925e-37     
   18.985324      0.488552         -1.323147e-37     
   18.985324      0.558567         -2.778956e-37     
   18.985324      0.632467         -2.964245e-37     
   18.985324      0.710054         -1.567303e-37     
   18.985324      0.791119         -4.042164e-38     
   18.985324      0.875442         -1.503144e-39     
   18.985324      0.962797         1.720581e-39      
   18.985324      1.052948         1.845760e-40      
   18.985324      1.145653         -8.105006e-40     
   18.985324      1.240660         -1.697775e-39     
   18.985324      1.337714         -2.489352e-39     
   18.985324      1.436554         -3.252704e-39     
   18.985324      1.536913         -4.048736e-39     
   18.985324      1.638520         -4.912351e-39     
   18.985324      1.741102         -5.875388e-39     
   18.985324      1.844381         -6.970933e-39     
   18.985324      1.948080         -8.234088e-39     
   18.985324      2.051920         -9.703421e-39     
   18.985324      2.155619         -1.142222e-38     
   18.985324      2.258898         -1.343951e-38     
   18.985324      2.361480         -1.581089e-38     
   18.985324      2.463087         -1.859914e-38     
   18.985324      2.563446         -2.187456e-38     
   18.985324      2.662286         -2.571490e-38     
   18.985324      2.759340         -3.020478e-38     
   18.985324      2.854347         -3.543446e-38     
   18.985324      2.947052         -4.149776e-38     
   18.985324      3.037203         -4.848897e-38     
   18.985324      3.124558         -5.649868e-38     
   18.985324      3.208881         -6.560834e-38     
   18.985324      3.289946         -7.588366e-38     
   18.985324      3.367533         -8.736689e-38     
   18.985324      3.441433         -1.000683e-37     
   18.985324      3.511448         -1.139574e-37     
   18.985324      3.577387         -1.289543e-37     
   18.985324      3.639075         -1.449223e-37     
   18.985324      3.696344         -1.616626e-37     
   18.985324      3.749040         -1.789119e-37     
   18.985324      3.797021         -1.963444e-37     
   18.985324      3.840157         -2.135780e-37     
   18.985324      3.878333         -2.301862e-37     
   18.985324      3.911445         -2.457140e-37     
   18.985324      3.939404         -2.596998e-37     
   18.985324      3.962134         -2.716983e-37     
   18.985324      3.979576         -2.813068e-37     
   18.985324      3.991681         -2.881889e-37     
   18.985324      3.998420         -2.920982e-37     
   18.985324      4.008294         -2.979283e-37     
   18.985324      4.043674         -3.198636e-37     
   18.985324      4.107227         -3.637186e-37     
   18.985324      4.198794         -4.385582e-37     
   18.985324      4.318131         -5.616578e-37     
   18.985324      4.464916         -7.656646e-37     
   18.985324      4.638754         -1.114012e-36     
   18.985324      4.839176         -1.735495e-36     
   18.985324      5.065642         -2.905967e-36     
   18.985324      5.317541         -5.252986e-36     
   18.985324      5.594194         -1.030169e-35     
   18.985324      5.894856         -2.203008e-35     
   18.985324      6.218716         -5.161316e-35     
   18.985324      6.564900         -1.329877e-34     
   18.985324      6.932477         -3.785257e-34     
   18.985324      7.320454         -1.202673e-33     
   18.985324      7.727785         -4.362198e-33     
   18.985324      8.153374         -1.843489e-32     
   18.985324      8.596072         -8.851220e-32     
   18.985324      9.054685         -4.567799e-31     
   18.985324      9.527979         -2.818148e-30     
   18.985324      10.014676        -2.626964e-29     
   18.985324      10.513464        -2.422655e-28     
   18.985324      11.023000        -1.893065e-27     
   18.985324      11.541909        -3.773180e-26     
   18.985324      12.068793        -6.233570e-25     
   18.985324      12.602230        -4.920719e-24     
   18.985324      13.140784        -2.677309e-22     
   18.985324      13.683002        -8.889263e-21     
   18.985324      14.227422        1.859315e-19      
   18.985324      14.772578        -1.897182e-17     
   18.985324      15.316998        8.144929e-16      
   18.985324      15.859216        6.917467e-15      
   18.985324      16.397770        -2.359811e-12     
   18.985324      16.931207        1.392166e-09      
   18.985324      17.458091        3.098286e-07      
   18.985324      17.977000        2.063108e-04      
   18.985324      18.486536        1.189466e-02      
   18.985324      18.985324        4.596068e-02      
   18.985324      19.472021        1.126302e-02      
   18.985324      19.945315        1.795032e-04      
   18.985324      20.403928        2.986189e-07      
   18.985324      20.846626        1.820094e-10      
   18.985324      21.272215        3.992954e-13      
   18.985324      21.679546        -7.800651e-14     
   18.985324      22.067523        -7.708266e-16     
   18.985324      22.435100        2.370380e-18      
   18.985324      22.781284        3.990073e-19      
   18.985324      23.105144        1.252816e-20      
   18.985324      23.405806        -4.834470e-23     
   18.985324      23.682459        -3.876894e-23     
   18.985324      23.934358        -3.771626e-24     
   18.985324      24.160824        -2.621334e-25     
   18.985324      24.361246        -1.236404e-26     
   18.985324      24.535084        -5.285954e-28     
   18.985324      24.681869        -1.443294e-28     
   18.985324      24.801206        1.008458e-28      
   18.985324      24.892773        2.423928e-28      
   18.985324      24.956326        2.844654e-28      
   18.985324      24.991706        2.880221e-28      
   19.472021      0.001580         -6.484483e-37     
   19.472021      0.008319         -3.420060e-36     
   19.472021      0.020424         -8.191068e-36     
   19.472021      0.037866         -1.476486e-35     
   19.472021      0.060596         -2.585787e-35     
   19.472021      0.088555         -2.832575e-35     
   19.472021      0.121667         4.727484e-35      
   19.472021      0.159843         -4.257444e-35     
   19.472021      0.202979         -2.605744e-35     
   19.472021      0.250960         1.871286e-35      
   19.472021      0.303656         -2.170524e-35     
   19.472021      0.360925         -8.674543e-35     
   19.472021      0.422613         -3.599821e-35     
   19.472021      0.488552         -1.791196e-35     
   19.472021      0.558567         -3.773484e-35     
   19.472021      0.632467         -4.023972e-35     
   19.472021      0.710054         -2.117511e-35     
   19.472021      0.791119         -5.293357e-36     
   19.472021      0.875442         4.361331e-38      
   19.472021      0.962797         5.191375e-37      
   19.472021      1.052948         3.508677e-37      
   19.472021      1.145653         2.623998e-37      
   19.472021      1.240660         1.958480e-37      
   19.472021      1.337714         1.509620e-37      
   19.472021      1.436554         1.202194e-37      
   19.472021      1.536913         9.732260e-38      
   19.472021      1.638520         7.990963e-38      
   19.472021      1.741102         6.649572e-38      
   19.472021      1.844381         5.596085e-38      
   19.472021      1.948080         4.753071e-38      
   19.472021      2.051920         4.066751e-38      
   19.472021      2.155619         3.499174e-38      
   19.472021      2.258898         3.023303e-38      
   19.472021      2.361480         2.619705e-38      
   19.472021      2.463087         2.274274e-38      
   19.472021      2.563446         1.976641e-38      
   19.472021      2.662286         1.719067e-38      
   19.472021      2.759340         1.495647e-38      
   19.472021      2.854347         1.301772e-38      
   19.472021      2.947052         1.133735e-38      
   19.472021      3.037203         9.884731e-39      
   19.472021      3.124558         8.633815e-39      
   19.472021      3.208881         7.561921e-39      
   19.472021      3.289946         6.648932e-39      
   19.472021      3.367533         5.876756e-39      
   19.472021      3.441433         5.228977e-39      
   19.472021      3.511448         4.690620e-39      
   19.472021      3.577387         4.247982e-39      
   19.472021      3.639075         3.888516e-39      
   19.472021      3.696344         3.600728e-39      
   19.472021      3.749040         3.374100e-39      
   19.472021      3.797021         3.199023e-39      
   19.472021      3.840157         3.066754e-39      
   19.472021      3.878333         2.969386e-39      
   19.472021      3.911445         2.899841e-39      
   19.472021      3.939404         2.851888e-39      
   19.472021      3.962134         2.820175e-39      
   19.472021      3.979576         2.800273e-39      
   19.472021      3.991681         2.788726e-39      
   19.472021      3.998420         2.783104e-39      
   19.472021      4.008294         2.775911e-39      
   19.472021      4.043674         2.760365e-39      
   19.472021      4.107227         2.773063e-39      
   19.472021      4.198794         2.885807e-39      
   19.472021      4.318131         3.210904e-39      
   19.472021      4.464916         3.922599e-39      
   19.472021      4.638754         5.311753e-39      
   19.472021      4.839176         7.917703e-39      
   19.472021      5.065642         1.284368e-38      
   19.472021      5.317541         2.253065e-38      
   19.472021      5.594194         4.274649e-38      
   19.472021      5.894856         8.800554e-38      
   19.472021      6.218716         1.973716e-37      
   19.472021      6.564900         4.847543e-37      
   19.472021      6.932477         1.320137e-36      
   19.472021      7.320454         4.089642e-36      
   19.472021      7.727785         1.474646e-35      
   19.472021      8.153374         5.987893e-35      
   19.472021      8.596072         2.475544e-34      
   19.472021      9.054685         1.071502e-33      
   19.472021      9.527979         7.770585e-33      
   19.472021      10.014676        6.556570e-32      
   19.472021      10.513464        5.701211e-34      
   19.472021      11.023000        -2.376250e-30     
   19.472021      11.541909        9.522559e-30      
   19.472021      12.068793        -2.667452e-27     
   19.472021      12.602230        -7.159817e-26     
   19.472021      13.140784        -7.891900e-25     
   19.472021      13.683002        -8.050085e-23     
   19.472021      14.227422        -2.937725e-21     
   19.472021      14.772578        1.362631e-20      
   19.472021      15.316998        -1.073035e-17     
   19.472021      15.859216        4.375214e-16      
   19.472021      16.397770        -1.665207e-14     
   19.472021      16.931207        1.126259e-13      
   19.472021      17.458091        8.949815e-10      
   19.472021      17.977000        2.751125e-07      
   19.472021      18.486536        1.874304e-04      
   19.472021      18.985324        1.126302e-02      
   19.472021      19.472021        4.368466e-02      
   19.472021      19.945315        1.083029e-02      
   19.472021      20.403928        1.815797e-04      
   19.472021      20.846626        3.576924e-07      
   19.472021      21.272215        -4.143679e-11     
   19.472021      21.679546        -1.209099e-12     
   19.472021      22.067523        -1.138593e-13     
   19.472021      22.435100        -9.845048e-16     
   19.472021      22.781284        2.142304e-17      
   19.472021      23.105144        1.262155e-18      
   19.472021      23.405806        1.463667e-20      
   19.472021      23.682459        -2.387953e-21     
   19.472021      23.934358        -3.146935e-22     
   19.472021      24.160824        -2.703385e-23     
   19.472021      24.361246        -1.929400e-24     
   19.472021      24.535084        -1.758446e-25     
   19.472021      24.681869        -3.305009e-26     
   19.472021      24.801206        5.020776e-27      
   19.472021      24.892773        2.051504e-26      
   19.472021      24.956326        2.499583e-26      
   19.472021      24.991706        2.554782e-26      
   19.945315      0.001580         -8.370872e-35     
   19.945315      0.008319         -4.414983e-34     
   19.945315      0.020424         -1.057392e-33     
   19.945315      0.037866         -1.906009e-33     
   19.945315      0.060596         -3.338018e-33     
   19.945315      0.088555         -3.656611e-33     
   19.945315      0.121667         6.102723e-33      
   19.945315      0.159843         -5.496038e-33     
   19.945315      0.202979         -3.363853e-33     
   19.945315      0.250960         2.415714e-33      
   19.945315      0.303656         -2.802072e-33     
   19.945315      0.360925         -1.119869e-32     
   19.945315      0.422613         -4.647400e-33     
   19.945315      0.488552         -2.312497e-33     
   19.945315      0.558567         -4.871890e-33     
   19.945315      0.632467         -5.195496e-33     
   19.945315      0.710054         -2.734103e-33     
   19.945315      0.791119         -6.834836e-34     
   19.945315      0.875442         5.662040e-36      
   19.945315      0.962797         6.707164e-35      
   19.945315      1.052948         4.534262e-35      
   19.945315      1.145653         3.391787e-35      
   19.945315      1.240660         2.532237e-35      
   19.945315      1.337714         1.952441e-35      
   19.945315      1.436554         1.555277e-35      
   19.945315      1.536913         1.259421e-35      
   19.945315      1.638520         1.034375e-35      
   19.945315      1.741102         8.609660e-36      
   19.945315      1.844381         7.247280e-36      
   19.945315      1.948080         6.156589e-36      
   19.945315      2.051920         5.268093e-36      
   19.945315      2.155619         4.532744e-36      
   19.945315      2.258898         3.915585e-36      
   19.945315      2.361480         3.391477e-36      
   19.945315      2.463087         2.942165e-36      
   19.945315      2.563446         2.554221e-36      
   19.945315      2.662286         2.217608e-36      
   19.945315      2.759340         1.924664e-36      
   19.945315      2.854347         1.669394e-36      
   19.945315      2.947052         1.446972e-36      
   19.945315      3.037203         1.253401e-36      
   19.945315      3.124558         1.085278e-36      
   19.945315      3.208881         9.396429e-37      
   19.945315      3.289946         8.138729e-37      
   19.945315      3.367533         7.056212e-37      
   19.945315      3.441433         6.127755e-37      
   19.945315      3.511448         5.334328e-37      
   19.945315      3.577387         4.658831e-37      
   19.945315      3.639075         4.085976e-37      
   19.945315      3.696344         3.602193e-37      
   19.945315      3.749040         3.195533e-37      
   19.945315      3.797021         2.855574e-37      
   19.945315      3.840157         2.573319e-37      
   19.945315      3.878333         2.341095e-37      
   19.945315      3.911445         2.152442e-37      
   19.945315      3.939404         2.002020e-37      
   19.945315      3.962134         1.885509e-37      
   19.945315      3.979576         1.799527e-37      
   19.945315      3.991681         1.741555e-37      
   19.945315      3.998420         1.709877e-37      
   19.945315      4.008294         1.664227e-37      
   19.945315      4.043674         1.507894e-37      
   19.945315      4.107227         1.254192e-37      
   19.945315      4.198794         9.446658e-38      
   19.945315      4.318131         6.278263e-38      
   19.945315      4.464916         3.487542e-38      
   19.945315      4.638754         1.392520e-38      
   19.945315      4.839176         1.134706e-39      
   19.945315      5.065642         -4.322969e-39     
   19.945315      5.317541         -4.661532e-39     
   19.945315      5.594194         -2.335745e-39     
   19.945315      5.894856         1.197244e-39      
   19.945315      6.218716         6.632164e-39      
   19.945315      6.564900         1.894751e-38      
   19.945315      6.932477         5.548824e-38      
   19.945315      7.320454         1.804664e-37      
   19.945315      7.727785         6.640100e-37      
   19.945315      8.153374         2.808471e-36      
   19.945315      8.596072         1.370296e-35      
   19.945315      9.054685         7.534392e-35      
   19.945315      9.527979         4.683913e-34      
   19.945315      10.014676        3.647341e-33      
   19.945315      10.513464        3.355403e-32      
   19.945315      11.023000        2.930132e-31      
   19.945315      11.541909        3.419590e-30      
   19.945315      12.068793        5.103811e-29      
   19.945315      12.602230        3.402195e-28      
   19.945315      13.140784        -1.229249e-27     
   19.945315      13.683002        3.164590e-27      
   19.945315      14.227422        -2.706341e-23     
   19.945315      14.772578        -1.056845e-21     
   19.945315      15.316998        -2.907719e-20     
   19.945315      15.859216        -6.586474e-18     
   19.945315      16.397770        1.916629e-16      
   19.945315      16.931207        -2.627448e-14     
   19.945315      17.458091        1.127139e-12      
   19.945315      17.977000        5.888251e-10      
   19.945315      18.486536        2.728487e-07      
   19.945315      18.985324        1.795032e-04      
   19.945315      19.472021        1.083029e-02      
   19.945315      19.945315        4.162854e-02      
   19.945315      20.403928        1.057759e-02      
   19.945315      20.846626        1.941697e-04      
   19.945315      21.272215        4.659994e-07      
   19.945315      21.679546        -3.723596e-10     
   19.945315      22.067523        -4.406700e-12     
   19.945315      22.435100        -1.690038e-13     
   19.945315      22.781284        -5.753694e-16     
   19.945315      23.105144        8.173751e-17      
   19.945315      23.405806        2.740250e-18      
   19.945315      23.682459        -1.062943e-19     
   19.945315      23.934358        -2.340259e-20     
   19.945315      24.160824        -2.502725e-21     
   19.945315      24.361246        -2.288128e-22     
   19.945315      24.535084        -2.681462e-23     
   19.945315      24.681869        -5.021689e-24     
   19.945315      24.801206        -8.438659e-26     
   19.945315      24.892773        1.596112e-24      
   19.945315      24.956326        2.080219e-24      
   19.945315      24.991706        2.160559e-24      
   20.403928      0.001580         -9.968171e-33     
   20.403928      0.008319         -5.257434e-32     
   20.403928      0.020424         -1.259160e-31     
   20.403928      0.037866         -2.269708e-31     
   20.403928      0.060596         -3.974972e-31     
   20.403928      0.088555         -4.354368e-31     
   20.403928      0.121667         7.267248e-31      
   20.403928      0.159843         -6.544844e-31     
   20.403928      0.202979         -4.005802e-31     
   20.403928      0.250960         2.876758e-31      
   20.403928      0.303656         -3.336877e-31     
   20.403928      0.360925         -1.333632e-30     
   20.403928      0.422613         -5.534600e-31     
   20.403928      0.488552         -2.754008e-31     
   20.403928      0.558567         -5.802260e-31     
   20.403928      0.632467         -6.187884e-31     
   20.403928      0.710054         -3.256456e-31     
   20.403928      0.791119         -8.140727e-32     
   20.403928      0.875442         6.781907e-34      
   20.403928      0.962797         7.993528e-33      
   20.403928      1.052948         5.405257e-33      
   20.403928      1.145653         4.044316e-33      
   20.403928      1.240660         3.020303e-33      
   20.403928      1.337714         2.329503e-33      
   20.403928      1.436554         1.856252e-33      
   20.403928      1.536913         1.503676e-33      
   20.403928      1.638520         1.235453e-33      
   20.403928      1.741102         1.028745e-33      
   20.403928      1.844381         8.663210e-34      
   20.403928      1.948080         7.362632e-34      
   20.403928      2.051920         6.302921e-34      
   20.403928      2.155619         5.425632e-34      
   20.403928      2.258898         4.689111e-34      
   20.403928      2.361480         4.063408e-34      
   20.403928      2.463087         3.526774e-34      
   20.403928      2.563446         3.063221e-34      
   20.403928      2.662286         2.660804e-34      
   20.403928      2.759340         2.310409e-34      
   20.403928      2.854347         2.004909e-34      
   20.403928      2.947052         1.738571e-34      
   20.403928      3.037203         1.506650e-34      
   20.403928      3.124558         1.305107e-34      
   20.403928      3.208881         1.130424e-34      
   20.403928      3.289946         9.794875e-35      
   20.403928      3.367533         8.495063e-35      
   20.403928      3.441433         7.379675e-35      
   20.403928      3.511448         6.426045e-35      
   20.403928      3.577387         5.613787e-35      
   20.403928      3.639075         4.924659e-35      
   20.403928      3.696344         4.342450e-35      
   20.403928      3.749040         3.852876e-35      
   20.403928      3.797021         3.443466e-35      
   20.403928      3.840157         3.103445e-35      
   20.403928      3.878333         2.823619e-35      
   20.403928      3.911445         2.596242e-35      
   20.403928      3.939404         2.414907e-35      
   20.403928      3.962134         2.274428e-35      
   20.403928      3.979576         2.170743e-35      
   20.403928      3.991681         2.100830e-35      
   20.403928      3.998420         2.062624e-35      
   20.403928      4.008294         2.007564e-35      
   20.403928      4.043674         1.818976e-35      
   20.403928      4.107227         1.512830e-35      
   20.403928      4.198794         1.139125e-35      
   20.403928      4.318131         7.563043e-36      
   20.403928      4.464916         4.187546e-36      
   20.403928      4.638754         1.648954e-36      
   20.403928      4.839176         9.215462e-38      
   20.403928      5.065642         -5.859620e-37     
   20.403928      5.317541         -6.632059e-37     
   20.403928      5.594194         -4.631508e-37     
   20.403928      5.894856         -2.318142e-37     
   20.403928      6.218716         -8.153150e-38     
   20.403928      6.564900         -1.695128e-38     
   20.403928      6.932477         -4.340308e-40     
   20.403928      7.320454         -1.051205e-39     
   20.403928      7.727785         -9.163240e-39     
   20.403928      8.153374         -4.095076e-38     
   20.403928      8.596072         -1.977203e-37     
   20.403928      9.054685         -1.088818e-36     
   20.403928      9.527979         -7.075600e-36     
   20.403928      10.014676        -5.499862e-35     
   20.403928      10.513464        -4.732572e-34     
   20.403928      11.023000        -4.773114e-33     
   20.403928      11.541909        -6.430448e-32     
   20.403928      12.068793        -9.160441e-31     
   20.403928      12.602230        -1.556274e-29     
   20.403928      13.140784        -4.127089e-28     
   20.403928      13.683002        -1.184046e-26     
   20.403928      14.227422        -3.428763e-25     
   20.403928      14.772578        -2.363145e-23     
   20.403928      15.316998        -9.056337e-22     
   20.403928      15.859216        -5.655366e-20     
   20.403928      16.397770        -5.374445e-18     
   20.403928      16.931207        -1.599540e-17     
   20.403928      17.458091        -3.432834e-14     
   20.403928      17.977000        1.336226e-12      
   20.403928      18.486536        3.700541e-10      
   20.403928      18.985324        2.986189e-07      
   20.403928      19.472021        1.815797e-04      
   20.403928      19.945315        1.057759e-02      
   20.403928      20.403928        3.977347e-02      
   20.403928      20.846626        1.049186e-02      
   20.403928      21.272215        2.193733e-04      
   20.403928      21.679546        6.593777e-07      
   20.403928      22.067523        -9.262703e-10     
   20.403928      22.435100        -1.057162e-11     
   20.403928      22.781284        -2.343686e-13     
   20.403928      23.105144        2.445848e-15      
   20.403928      23.405806        2.041951e-16      
   20.403928      23.682459        -7.074412e-19     
   20.403928      23.934358        -1.487300e-18     
   20.403928      24.160824        -2.010153e-19     
   20.403928      24.361246        -2.266414e-20     
   20.403928      24.535084        -3.124406e-21     
   20.403928      24.681869        -6.131967e-22     
   20.403928      24.801206        -6.280054e-23     
   20.403928      24.892773        1.090943e-22      
   20.403928      24.956326        1.592923e-22      
   20.403928      24.991706        1.695657e-22      
   20.846626      0.001580         -1.066906e-30     
   20.846626      0.008319         -5.627099e-30     
   20.846626      0.020424         -1.347695e-29     
   20.846626      0.037866         -2.429299e-29     
   20.846626      0.060596         -4.254470e-29     
   20.846626      0.088555         -4.660549e-29     
   20.846626      0.121667         7.778295e-29      
   20.846626      0.159843         -7.005099e-29     
   20.846626      0.202979         -4.287521e-29     
   20.846626      0.250960         3.079135e-29      
   20.846626      0.303656         -3.571614e-29     
   20.846626      0.360925         -1.427477e-28     
   20.846626      0.422613         -5.924147e-29     
   20.846626      0.488552         -2.947893e-29     
   20.846626      0.558567         -6.210951e-29     
   20.846626      0.632467         -6.623948e-29     
   20.846626      0.710054         -3.486048e-29     
   20.846626      0.791119         -8.714735e-30     
   20.846626      0.875442         7.300005e-32      
   20.846626      0.962797         8.562179e-31      
   20.846626      1.052948         5.791184e-31      
   20.846626      1.145653         4.334086e-31      
   20.846626      1.240660         3.237623e-31      
   20.846626      1.337714         2.497879e-31      
   20.846626      1.436554         1.991046e-31      
   20.846626      1.536913         1.613411e-31      
   20.846626      1.638520         1.326089e-31      
   20.846626      1.741102         1.104633e-31      
   20.846626      1.844381         9.305946e-32      
   20.846626      1.948080         7.912119e-32      
   20.846626      2.051920         6.776187e-32      
   20.846626      2.155619         5.835556e-32      
   20.846626      2.258898         5.045619e-32      
   20.846626      2.361480         4.374301e-32      
   20.846626      2.463087         3.798319e-32      
   20.846626      2.563446         3.300560e-32      
   20.846626      2.662286         2.868245e-32      
   20.846626      2.759340         2.491630e-32      
   20.846626      2.854347         2.163102e-32      
   20.846626      2.947052         1.876538e-32      
   20.846626      3.037203         1.626874e-32      
   20.846626      3.124558         1.409797e-32      
   20.846626      3.208881         1.221554e-32      
   20.846626      3.289946         1.058819e-32      
   20.846626      3.367533         9.186093e-33      
   20.846626      3.441433         7.982375e-33      
   20.846626      3.511448         6.952772e-33      
   20.846626      3.577387         6.075440e-33      
   20.846626      3.639075         5.330814e-33      
   20.846626      3.696344         4.701493e-33      
   20.846626      3.749040         4.172129e-33      
   20.846626      3.797021         3.729313e-33      
   20.846626      3.840157         3.361451e-33      
   20.846626      3.878333         3.058640e-33      
   20.846626      3.911445         2.812538e-33      
   20.846626      3.939404         2.616235e-33      
   20.846626      3.962134         2.464138e-33      
   20.846626      3.979576         2.351867e-33      
   20.846626      3.991681         2.276158e-33      
   20.846626      3.998420         2.234783e-33      
   20.846626      4.008294         2.175152e-33      
   20.846626      4.043674         1.970886e-33      
   20.846626      4.107227         1.639201e-33      
   20.846626      4.198794         1.234166e-33      
   20.846626      4.318131         8.190472e-34      
   20.846626      4.464916         4.528253e-34      
   20.846626      4.638754         1.772823e-34      
   20.846626      4.839176         8.308435e-36      
   20.846626      5.065642         -6.514257e-35     
   20.846626      5.317541         -7.318833e-35     
   20.846626      5.594194         -5.103838e-35     
   20.846626      5.894856         -2.553618e-35     
   20.846626      6.218716         -8.966052e-36     
   20.846626      6.564900         -1.826767e-36     
   20.846626      6.932477         4.986486e-38      
   20.846626      7.320454         1.776368e-37      
   20.846626      7.727785         6.131957e-38      
   20.846626      8.153374         9.938554e-39      
   20.846626      8.596072         9.209688e-40      
   20.846626      9.054685         4.059896e-39      
   20.846626      9.527979         3.344640e-38      
   20.846626      10.014676        2.966227e-37      
   20.846626      10.513464        2.966587e-36      
   20.846626      11.023000        3.875473e-35      
   20.846626      11.541909        5.758338e-34      
   20.846626      12.068793        9.070886e-33      
   20.846626      12.602230        1.884586e-31      
   20.846626      13.140784        4.303347e-30      
   20.846626      13.683002        8.746892e-29      
   20.846626      14.227422        2.034327e-27      
   20.846626      14.772578        4.078291e-26      
   20.846626      15.316998        -5.420903e-24     
   20.846626      15.859216        -2.895575e-22     
   20.846626      16.397770        -4.383408e-20     
   20.846626      16.931207        -4.020106e-18     
   20.846626      17.458091        -1.444621e-16     
   20.846626      17.977000        -4.165874e-14     
   20.846626      18.486536        1.171063e-12      
   20.846626      18.985324        1.820094e-10      
   20.846626      19.472021        3.576924e-07      
   20.846626      19.945315        1.941697e-04      
   20.846626      20.403928        1.049186e-02      
   20.846626      20.846626        3.810237e-02      
   20.846626      21.272215        1.056611e-02      
   20.846626      21.679546        2.613559e-04      
   20.846626      22.067523        1.015425e-06      
   20.846626      22.435100        -1.875352e-09     
   20.846626      22.781284        -2.135992e-11     
   20.846626      23.105144        -2.741798e-13     
   20.846626      23.405806        1.188327e-14      
   20.846626      23.682459        9.937453e-17      
   20.846626      23.934358        -7.718503e-17     
   20.846626      24.160824        -1.406605e-17     
   20.846626      24.361246        -1.877990e-18     
   20.846626      24.535084        -2.976166e-19     
   20.846626      24.681869        -6.252008e-20     
   20.846626      24.801206        -9.821267e-21     
   20.846626      24.892773        6.112653e-21      
   20.846626      24.956326        1.088235e-20      
   20.846626      24.991706        1.201216e-20      
   21.272215      0.001580         -1.000429e-28     
   21.272215      0.008319         -5.276482e-28     
   21.272215      0.020424         -1.263722e-27     
   21.272215      0.037866         -2.277933e-27     
   21.272215      0.060596         -3.989385e-27     
   21.272215      0.088555         -4.370166e-27     
   21.272215      0.121667         7.293725e-27      
   21.272215      0.159843         -6.568677e-27     
   21.272215      0.202979         -4.020416e-27     
   21.272215      0.250960         2.887380e-27      
   21.272215      0.303656         -3.349161e-27     
   21.272215      0.360925         -1.338596e-26     
   21.272215      0.422613         -5.555358e-27     
   21.272215      0.488552         -2.764421e-27     
   21.272215      0.558567         -5.824567e-27     
   21.272215      0.632467         -6.212048e-27     
   21.272215      0.710054         -3.269362e-27     
   21.272215      0.791119         -8.173070e-28     
   21.272215      0.875442         6.882563e-30      
   21.272215      0.962797         8.034502e-29      
   21.272215      1.052948         5.435529e-29      
   21.272215      1.145653         4.068815e-29      
   21.272215      1.240660         3.040278e-29      
   21.272215      1.337714         2.346300e-29      
   21.272215      1.436554         1.870776e-29      
   21.272215      1.536913         1.516432e-29      
   21.272215      1.638520         1.246801e-29      
   21.272215      1.741102         1.038955e-29      
   21.272215      1.844381         8.755881e-30      
   21.272215      1.948080         7.447301e-30      
   21.272215      2.051920         6.380627e-30      
   21.272215      2.155619         5.497134e-30      
   21.272215      2.258898         4.754968e-30      
   21.272215      2.361480         4.124041e-30      
   21.272215      2.463087         3.582511e-30      
   21.272215      2.563446         3.114334e-30      
   21.272215      2.662286         2.707533e-30      
   21.272215      2.759340         2.352981e-30      
   21.272215      2.854347         2.043550e-30      
   21.272215      2.947052         1.773513e-30      
   21.272215      3.037203         1.538130e-30      
   21.272215      3.124558         1.333372e-30      
   21.272215      3.208881         1.155726e-30      
   21.272215      3.289946         1.002080e-30      
   21.272215      3.367533         8.696423e-31      
   21.272215      3.441433         7.558938e-31      
   21.272215      3.511448         6.585592e-31      
   21.272215      3.577387         5.755879e-31      
   21.272215      3.639075         5.051419e-31      
   21.272215      3.696344         4.455848e-31      
   21.272215      3.749040         3.954722e-31      
   21.272215      3.797021         3.535413e-31      
   21.272215      3.840157         3.186994e-31      
   21.272215      3.878333         2.900127e-31      
   21.272215      3.911445         2.666939e-31      
   21.272215      3.939404         2.480908e-31      
   21.272215      3.962134         2.336752e-31      
   21.272215      3.979576         2.230331e-31      
   21.272215      3.991681         2.158561e-31      
   21.272215      3.998420         2.119337e-31      
   21.272215      4.008294         2.062805e-31      
   21.272215      4.043674         1.869130e-31      
   21.272215      4.107227         1.554571e-31      
   21.272215      4.198794         1.170313e-31      
   21.272215      4.318131         7.763173e-32      
   21.272215      4.464916         4.285673e-32      
   21.272215      4.638754         1.668266e-32      
   21.272215      4.839176         6.331940e-34      
   21.272215      5.065642         -6.328679e-33     
   21.272215      5.317541         -7.061258e-33     
   21.272215      5.594194         -4.917399e-33     
   21.272215      5.894856         -2.459616e-33     
   21.272215      6.218716         -8.630060e-34     
   21.272215      6.564900         -1.749325e-34     
   21.272215      6.932477         5.662639e-36      
   21.272215      7.320454         1.753565e-35      
   21.272215      7.727785         6.028750e-36      
   21.272215      8.153374         9.629040e-37      
   21.272215      8.596072         2.509122e-38      
   21.272215      9.054685         -1.777787e-38     
   21.272215      9.527979         -1.988920e-39     
   21.272215      10.014676        7.277423e-39      
   21.272215      10.513464        6.638083e-38      
   21.272215      11.023000        6.964312e-37      
   21.272215      11.541909        9.218035e-36      
   21.272215      12.068793        1.421170e-34      
   21.272215      12.602230        2.542876e-33      
   21.272215      13.140784        5.860461e-32      
   21.272215      13.683002        1.549633e-30      
   21.272215      14.227422        3.893979e-29      
   21.272215      14.772578        1.279041e-27      
   21.272215      15.316998        2.430111e-26      
   21.272215      15.859216        -2.835341e-24     
   21.272215      16.397770        -2.285574e-22     
   21.272215      16.931207        -4.655424e-20     
   21.272215      17.458091        -4.055960e-18     
   21.272215      17.977000        -3.226594e-16     
   21.272215      18.486536        -5.576422e-14     
   21.272215      18.985324        3.992954e-13      
   21.272215      19.472021        -4.143679e-11     
   21.272215      19.945315        4.659994e-07      
   21.272215      20.403928        2.193733e-04      
   21.272215      20.846626        1.056611e-02      
   21.272215      21.272215        3.660488e-02      
   21.272215      21.679546        1.079758e-02      
   21.272215      22.067523        3.272948e-04      
   21.272215      22.435100        1.707065e-06      
   21.272215      22.781284        -3.312852e-09     
   21.272215      23.105144        -3.859934e-11     
   21.272215      23.405806        -3.636547e-13     
   21.272215      23.682459        2.339161e-14      
   21.272215      23.934358        -4.151931e-15     
   21.272215      24.160824        -8.431000e-16     
   21.272215      24.361246        -1.341609e-16     
   21.272215      24.535084        -2.369687e-17     
   21.272215      24.681869        -5.323903e-18     
   21.272215      24.801206        -1.051142e-18     
   21.272215      24.892773        2.420838e-19      
   21.272215      24.956326        6.419500e-19      
   21.272215      24.991706        7.471356e-19      
   21.679546      0.001580         -8.014488e-27     
   21.679546      0.008319         -4.227019e-26     
   21.679546      0.020424         -1.012375e-25     
   21.679546      0.037866         -1.824866e-25     
   21.679546      0.060596         -3.195924e-25     
   21.679546      0.088555         -3.500971e-25     
   21.679546      0.121667         5.843123e-25      
   21.679546      0.159843         -5.262244e-25     
   21.679546      0.202979         -3.220806e-25     
   21.679546      0.250960         2.313179e-25      
   21.679546      0.303656         -2.683092e-25     
   21.679546      0.360925         -1.072403e-24     
   21.679546      0.422613         -4.450675e-25     
   21.679546      0.488552         -2.214744e-25     
   21.679546      0.558567         -4.666539e-25     
   21.679546      0.632467         -4.977109e-25     
   21.679546      0.710054         -2.619483e-25     
   21.679546      0.791119         -6.548443e-26     
   21.679546      0.875442         5.542494e-28      
   21.679546      0.962797         6.440859e-27      
   21.679546      1.052948         4.358341e-27      
   21.679546      1.145653         3.263154e-27      
   21.679546      1.240660         2.438895e-27      
   21.679546      1.337714         1.882700e-27      
   21.679546      1.436554         1.501551e-27      
   21.679546      1.536913         1.217504e-27      
   21.679546      1.638520         1.001341e-27      
   21.679546      1.741102         8.346912e-28      
   21.679546      1.844381         7.036868e-28      
   21.679546      1.948080         5.987347e-28      
   21.679546      2.051920         5.131678e-28      
   21.679546      2.155619         4.422791e-28      
   21.679546      2.258898         3.827141e-28      
   21.679546      2.361480         3.320612e-28      
   21.679546      2.463087         2.885703e-28      
   21.679546      2.563446         2.509560e-28      
   21.679546      2.662286         2.182593e-28      
   21.679546      2.759340         1.897498e-28      
   21.679546      2.854347         1.648573e-28      
   21.679546      2.947052         1.431240e-28      
   21.679546      3.037203         1.241711e-28      
   21.679546      3.124558         1.076766e-28      
   21.679546      3.208881         9.335983e-29      
   21.679546      3.289946         8.097189e-29      
   21.679546      3.367533         7.028944e-29      
   21.679546      3.441433         6.111083e-29      
   21.679546      3.511448         5.325374e-29      
   21.679546      3.577387         4.655374e-29      
   21.679546      3.639075         4.086329e-29      
   21.679546      3.696344         3.605096e-29      
   21.679546      3.749040         3.200065e-29      
   21.679546      3.797021         2.861077e-29      
   21.679546      3.840157         2.579338e-29      
   21.679546      3.878333         2.347325e-29      
   21.679546      3.911445         2.158694e-29      
   21.679546      3.939404         2.008189e-29      
   21.679546      3.962134         1.891548e-29      
   21.679546      3.979576         1.805432e-29      
   21.679546      3.991681         1.747352e-29      
   21.679546      3.998420         1.715608e-29      
   21.679546      4.008294         1.669855e-29      
   21.679546      4.043674         1.513094e-29      
   21.679546      4.107227         1.258436e-29      
   21.679546      4.198794         9.472519e-30      
   21.679546      4.318131         6.280567e-30      
   21.679546      4.464916         3.462119e-30      
   21.679546      4.638754         1.340115e-30      
   21.679546      4.839176         3.913784e-32      
   21.679546      5.065642         -5.239980e-31     
   21.679546      5.317541         -5.808721e-31     
   21.679546      5.594194         -4.039642e-31     
   21.679546      5.894856         -2.019864e-31     
   21.679546      6.218716         -7.081740e-32     
   21.679546      6.564900         -1.428185e-32     
   21.679546      6.932477         5.331651e-34      
   21.679546      7.320454         1.473260e-33      
   21.679546      7.727785         5.046875e-34      
   21.679546      8.153374         8.033577e-35      
   21.679546      8.596072         1.936004e-36      
   21.679546      9.054685         -1.546604e-36     
   21.679546      9.527979         -2.524200e-37     
   21.679546      10.014676        -1.069114e-38     
   21.679546      10.513464        1.520765e-40      
   21.679546      11.023000        -7.751185e-39     
   21.679546      11.541909        -9.002761e-38     
   21.679546      12.068793        -1.024861e-36     
   21.679546      12.602230        -1.097022e-35     
   21.679546      13.140784        -5.703156e-36     
   21.679546      13.683002        8.549868e-33      
   21.679546      14.227422        5.582177e-31      
   21.679546      14.772578        2.748765e-29      
   21.679546      15.316998        1.639357e-27      
   21.679546      15.859216        7.030372e-26      
   21.679546      16.397770        2.205939e-24      
   21.679546      16.931207        1.220230e-23      
   21.679546      17.458091        -3.655313e-20     
   21.679546      17.977000        -3.853822e-18     
   21.679546      18.486536        -5.262118e-16     
   21.679546      18.985324        -7.800651e-14     
   21.679546      19.472021        -1.209099e-12     
   21.679546      19.945315        -3.723596e-10     
   21.679546      20.403928        6.593777e-07      
   21.679546      20.846626        2.613559e-04      
   21.679546      21.272215        1.079758e-02      
   21.679546      21.679546        3.527541e-02      
   21.679546      22.067523        1.118975e-02      
   21.679546      22.435100        4.288897e-04      
   21.679546      22.781284        3.142386e-06      
   21.679546      23.105144        -4.513673e-09     
   21.679546      23.405806        -6.890245e-11     
   21.679546      23.682459        -1.898745e-12     
   21.679546      23.934358        -1.290605e-13     
   21.679546      24.160824        -4.656709e-14     
   21.679546      24.361246        -8.105534e-15     
   21.679546      24.535084        -1.595399e-15     
   21.679546      24.681869        -3.833527e-16     
   21.679546      24.801206        -8.774377e-17     
   21.679546      24.892773        2.613954e-18      
   21.679546      24.956326        3.145290e-17      
   21.679546      24.991706        3.964815e-17      
   22.067523      0.001580         -5.353171e-25     
   22.067523      0.008319         -2.823381e-24     
   22.067523      0.020424         -6.762024e-24     
   22.067523      0.037866         -1.218895e-23     
   22.067523      0.060596         -2.134678e-23     
   22.067523      0.088555         -2.338430e-23     
   22.067523      0.121667         3.902897e-23      
   22.067523      0.159843         -3.514870e-23     
   22.067523      0.202979         -2.151309e-23     
   22.067523      0.250960         1.545113e-23      
   22.067523      0.303656         -1.792171e-23     
   22.067523      0.360925         -7.163265e-23     
   22.067523      0.422613         -2.972920e-23     
   22.067523      0.488552         -1.479400e-23     
   22.067523      0.558567         -3.117225e-23     
   22.067523      0.632467         -3.324760e-23     
   22.067523      0.710054         -1.749878e-23     
   22.067523      0.791119         -4.374511e-24     
   22.067523      0.875442         3.720493e-26      
   22.067523      0.962797         4.304827e-25      
   22.067523      1.052948         2.913549e-25      
   22.067523      1.145653         2.181844e-25      
   22.067523      1.240660         1.631108e-25      
   22.067523      1.337714         1.259452e-25      
   22.067523      1.436554         1.004740e-25      
   22.067523      1.536913         8.149016e-26      
   22.067523      1.638520         6.704178e-26      
   22.067523      1.741102         5.590163e-26      
   22.067523      1.844381         4.714315e-26      
   22.067523      1.948080         4.012538e-26      
   22.067523      2.051920         3.440279e-26      
   22.067523      2.155619         2.966084e-26      
   22.067523      2.258898         2.567536e-26      
   22.067523      2.361480         2.228520e-26      
   22.067523      2.463087         1.937343e-26      
   22.067523      2.563446         1.685421e-26      
   22.067523      2.662286         1.466349e-26      
   22.067523      2.759340         1.275256e-26      
   22.067523      2.854347         1.108336e-26      
   22.067523      2.947052         9.625394e-27      
   22.067523      3.037203         8.353410e-27      
   22.067523      3.124558         7.245949e-27      
   22.067523      3.208881         6.284306e-27      
   22.067523      3.289946         5.451888e-27      
   22.067523      3.367533         4.733798e-27      
   22.067523      3.441433         4.116572e-27      
   22.067523      3.511448         3.588030e-27      
   22.067523      3.577387         3.137179e-27      
   22.067523      3.639075         2.754146e-27      
   22.067523      3.696344         2.430131e-27      
   22.067523      3.749040         2.157354e-27      
   22.067523      3.797021         1.929003e-27      
   22.067523      3.840157         1.739177e-27      
   22.067523      3.878333         1.582828e-27      
   22.067523      3.911445         1.455693e-27      
   22.067523      3.939404         1.354241e-27      
   22.067523      3.962134         1.275608e-27      
   22.067523      3.979576         1.217548e-27      
   22.067523      3.991681         1.178388e-27      
   22.067523      3.998420         1.156985e-27      
   22.067523      4.008294         1.126134e-27      
   22.067523      4.043674         1.020422e-27      
   22.067523      4.107227         8.486590e-28      
   22.067523      4.198794         6.387115e-28      
   22.067523      4.318131         4.232835e-28      
   22.067523      4.464916         2.329950e-28      
   22.067523      4.638754         8.969156e-29      
   22.067523      4.839176         1.851536e-30      
   22.067523      5.065642         -3.608977e-29     
   22.067523      5.317541         -3.976472e-29     
   22.067523      5.594194         -2.761741e-29     
   22.067523      5.894856         -1.380349e-29     
   22.067523      6.218716         -4.835663e-30     
   22.067523      6.564900         -9.703221e-31     
   22.067523      6.932477         4.091085e-32      
   22.067523      7.320454         1.028268e-31      
   22.067523      7.727785         3.510249e-32      
   22.067523      8.153374         5.568451e-33      
   22.067523      8.596072         1.237054e-34      
   22.067523      9.054685         -1.105968e-34     
   22.067523      9.527979         -1.792852e-35     
   22.067523      10.014676        -7.390758e-37     
   22.067523      10.513464        6.839860e-38      
   22.067523      11.023000        7.470265e-39      
   22.067523      11.541909        1.179913e-39      
   22.067523      12.068793        2.438068e-38      
   22.067523      12.602230        6.470440e-37      
   22.067523      13.140784        1.926085e-35      
   22.067523      13.683002        6.702481e-34      
   22.067523      14.227422        2.739304e-32      
   22.067523      14.772578        1.257770e-30      
   22.067523      15.316998        6.385194e-29      
   22.067523      15.859216        3.755459e-27      
   22.067523      16.397770        2.084956e-25      
   22.067523      16.931207        1.263903e-23      
   22.067523      17.458091        6.284027e-22      
   22.067523      17.977000        -4.208092e-22     
   22.067523      18.486536        -2.534785e-18     
   22.067523      18.985324        -7.708266e-16     
   22.067523      19.472021        -1.138593e-13     
   22.067523      19.945315        -4.406700e-12     
   22.067523      20.403928        -9.262703e-10     
   22.067523      20.846626        1.015425e-06      
   22.067523      21.272215        3.272948e-04      
   22.067523      21.679546        1.118975e-02      
   22.067523      22.067523        3.411400e-02      
   22.067523      22.435100        1.174980e-02      
   22.067523      22.781284        5.849409e-04      
   22.067523      23.105144        6.320936e-06      
   22.067523      23.405806        1.191824e-11      
   22.067523      23.682459        -1.646859e-10     
   22.067523      23.934358        -1.742435e-11     
   22.067523      24.160824        -2.040286e-12     
   22.067523      24.361246        -4.238583e-13     
   22.067523      24.535084        -8.988230e-14     
   22.067523      24.681869        -2.291667e-14     
   22.067523      24.801206        -5.906182e-15     
   22.067523      24.892773        -5.663922e-16     
   22.067523      24.956326        1.198176e-15      
   22.067523      24.991706        1.731064e-15      
   22.435100      0.001580         -2.909855e-23     
   22.435100      0.008319         -1.534722e-22     
   22.435100      0.020424         -3.675674e-22     
   22.435100      0.037866         -6.625622e-22     
   22.435100      0.060596         -1.160362e-21     
   22.435100      0.088555         -1.271116e-21     
   22.435100      0.121667         2.121556e-21      
   22.435100      0.159843         -1.910610e-21     
   22.435100      0.202979         -1.169406e-21     
   22.435100      0.250960         8.399166e-22      
   22.435100      0.303656         -9.741968e-22     
   22.435100      0.360925         -3.893923e-21     
   22.435100      0.422613         -1.616083e-21     
   22.435100      0.488552         -8.042118e-22     
   22.435100      0.558567         -1.694583e-21     
   22.435100      0.632467         -1.807440e-21     
   22.435100      0.710054         -9.513042e-22     
   22.435100      0.791119         -2.378151e-22     
   22.435100      0.875442         2.031944e-24      
   22.435100      0.962797         2.341393e-23      
   22.435100      1.052948         1.584984e-23      
   22.435100      1.145653         1.187151e-23      
   22.435100      1.240660         8.876920e-24      
   22.435100      1.337714         6.855909e-24      
   22.435100      1.436554         5.470705e-24      
   22.435100      1.536913         4.438209e-24      
   22.435100      1.638520         3.652316e-24      
   22.435100      1.741102         3.046303e-24      
   22.435100      1.844381         2.569794e-24      
   22.435100      1.948080         2.187934e-24      
   22.435100      2.051920         1.876496e-24      
   22.435100      2.155619         1.618376e-24      
   22.435100      2.258898         1.401381e-24      
   22.435100      2.361480         1.216749e-24      
   22.435100      2.463087         1.058122e-24      
   22.435100      2.563446         9.208340e-25      
   22.435100      2.662286         8.014060e-25      
   22.435100      2.759340         6.971908e-25      
   22.435100      2.854347         6.061241e-25      
   22.435100      2.947052         5.265498e-25      
   22.435100      3.037203         4.570992e-25      
   22.435100      3.124558         3.966079e-25      
   22.435100      3.208881         3.440615e-25      
   22.435100      3.289946         2.985595e-25      
   22.435100      3.367533         2.592930e-25      
   22.435100      3.441433         2.255305e-25      
   22.435100      3.511448         1.966099e-25      
   22.435100      3.577387         1.719330e-25      
   22.435100      3.639075         1.509623e-25      
   22.435100      3.696344         1.332183e-25      
   22.435100      3.749040         1.182768e-25      
   22.435100      3.797021         1.057661e-25      
   22.435100      3.840157         9.536415e-26      
   22.435100      3.878333         8.679523e-26      
   22.435100      3.911445         7.982651e-26      
   22.435100      3.939404         7.426488e-26      
   22.435100      3.962134         6.995378e-26      
   22.435100      3.979576         6.677038e-26      
   22.435100      3.991681         6.462312e-26      
   22.435100      3.998420         6.344946e-26      
   22.435100      4.008294         6.175770e-26      
   22.435100      4.043674         5.596038e-26      
   22.435100      4.107227         4.653915e-26      
   22.435100      4.198794         3.502054e-26      
   22.435100      4.318131         2.319755e-26      
   22.435100      4.464916         1.275097e-26      
   22.435100      4.638754         4.882222e-27      
   22.435100      4.839176         6.010764e-29      
   22.435100      5.065642         -2.018350e-27     
   22.435100      5.317541         -2.211315e-27     
   22.435100      5.594194         -1.533825e-27     
   22.435100      5.894856         -7.662925e-28     
   22.435100      6.218716         -2.682231e-28     
   22.435100      6.564900         -5.355680e-29     
   22.435100      6.932477         2.508685e-30      
   22.435100      7.320454         5.820626e-30      
   22.435100      7.727785         1.980376e-30      
   22.435100      8.153374         3.130768e-31      
   22.435100      8.596072         6.383457e-33      
   22.435100      9.054685         -6.400379e-33     
   22.435100      9.527979         -1.030839e-33     
   22.435100      10.014676        -4.170140e-35     
   22.435100      10.513464        4.095195e-36      
   22.435100      11.023000        4.379493e-37      
   22.435100      11.541909        6.767595e-39      
   22.435100      12.068793        -4.118482e-40     
   22.435100      12.602230        3.391721e-39      
   22.435100      13.140784        9.792388e-38      
   22.435100      13.683002        3.915117e-36      
   22.435100      14.227422        2.022964e-34      
   22.435100      14.772578        1.256451e-32      
   22.435100      15.316998        8.234882e-31      
   22.435100      15.859216        5.976241e-29      
   22.435100      16.397770        4.621084e-27      
   22.435100      16.931207        3.431653e-25      
   22.435100      17.458091        2.762863e-23      
   22.435100      17.977000        1.832478e-21      
   22.435100      18.486536        9.501388e-20      
   22.435100      18.985324        2.370380e-18      
   22.435100      19.472021        -9.845048e-16     
   22.435100      19.945315        -1.690038e-13     
   22.435100      20.403928        -1.057162e-11     
   22.435100      20.846626        -1.875352e-09     
   22.435100      21.272215        1.707065e-06      
   22.435100      21.679546        4.288897e-04      
   22.435100      22.067523        1.174980e-02      
   22.435100      22.435100        3.312789e-02      
   22.435100      22.781284        1.249226e-02      
   22.435100      23.105144        8.251004e-04      
   22.435100      23.405806        1.377033e-05      
   22.435100      23.682459        4.048087e-08      
   22.435100      23.934358        -7.302781e-10     
   22.435100      24.160824        -1.300611e-10     
   22.435100      24.361246        -1.949868e-11     
   22.435100      24.535084        -4.255993e-12     
   22.435100      24.681869        -1.143555e-12     
   22.435100      24.801206        -3.202665e-13     
   22.435100      24.892773        -5.797824e-14     
   22.435100      24.956326        3.128816e-14      
   22.435100      24.991706        5.959319e-14      
   22.781284      0.001580         -1.259685e-21     
   22.781284      0.008319         -6.643858e-21     
   22.781284      0.020424         -1.591210e-20     
   22.781284      0.037866         -2.868251e-20     
   22.781284      0.060596         -5.023246e-20     
   22.781284      0.088555         -5.502701e-20     
   22.781284      0.121667         9.184437e-20      
   22.781284      0.159843         -8.271133e-20     
   22.781284      0.202979         -5.062413e-20     
   22.781284      0.250960         3.636154e-20      
   22.781284      0.303656         -4.217387e-20     
   22.781284      0.360925         -1.685749e-19     
   22.781284      0.422613         -6.996373e-20     
   22.781284      0.488552         -3.481639e-20     
   22.781284      0.558567         -7.336441e-20     
   22.781284      0.632467         -7.825185e-20     
   22.781284      0.710054         -4.118673e-20     
   22.781284      0.791119         -1.029616e-20     
   22.781284      0.875442         8.835830e-23      
   22.781284      0.962797         1.014163e-21      
   22.781284      1.052948         6.866535e-22      
   22.781284      1.145653         5.143915e-22      
   22.781284      1.240660         3.847173e-22      
   22.781284      1.337714         2.971954e-22      
   22.781284      1.436554         2.372028e-22      
   22.781284      1.536913         1.924821e-22      
   22.781284      1.638520         1.584395e-22      
   22.781284      1.741102         1.321861e-22      
   22.781284      1.844381         1.115407e-22      
   22.781284      1.948080         9.499384e-23      
   22.781284      2.051920         8.149639e-23      
   22.781284      2.155619         7.030754e-23      
   22.781284      2.258898         6.089927e-23      
   22.781284      2.361480         5.289212e-23      
   22.781284      2.463087         4.601080e-23      
   22.781284      2.563446         4.005331e-23      
   22.781284      2.662286         3.486910e-23      
   22.781284      2.759340         3.034366e-23      
   22.781284      2.854347         2.638776e-23      
   22.781284      2.947052         2.292982e-23      
   22.781284      3.037203         1.991070e-23      
   22.781284      3.124558         1.728011e-23      
   22.781284      3.208881         1.499422e-23      
   22.781284      3.289946         1.301410e-23      
   22.781284      3.367533         1.130478e-23      
   22.781284      3.441433         9.834596e-24      
   22.781284      3.511448         8.574884e-24      
   22.781284      3.577387         7.499724e-24      
   22.781284      3.639075         6.585811e-24      
   22.781284      3.696344         5.812338e-24      
   22.781284      3.749040         5.160890e-24      
   22.781284      3.797021         4.615323e-24      
   22.781284      3.840157         4.161639e-24      
   22.781284      3.878333         3.787846e-24      
   22.781284      3.911445         3.483819e-24      
   22.781284      3.939404         3.241153e-24      
   22.781284      3.962134         3.053035e-24      
   22.781284      3.979576         2.914115e-24      
   22.781284      3.991681         2.820406e-24      
   22.781284      3.998420         2.769185e-24      
   22.781284      4.008294         2.695350e-24      
   22.781284      4.043674         2.442316e-24      
   22.781284      4.107227         2.031046e-24      
   22.781284      4.198794         1.528103e-24      
   22.781284      4.318131         1.011727e-24      
   22.781284      4.464916         5.553425e-25      
   22.781284      4.638754         2.115237e-25      
   22.781284      4.839176         8.839745e-28      
   22.781284      5.065642         -8.971650e-26     
   22.781284      5.317541         -9.777252e-26     
   22.781284      5.594194         -6.773225e-26     
   22.781284      5.894856         -3.382294e-26     
   22.781284      6.218716         -1.182858e-26     
   22.781284      6.564900         -2.350423e-27     
   22.781284      6.932477         1.207744e-28      
   22.781284      7.320454         2.615849e-28      
   22.781284      7.727785         8.871226e-29      
   22.781284      8.153374         1.397619e-29      
   22.781284      8.596072         2.601873e-31      
   22.781284      9.054685         -2.935002e-31     
   22.781284      9.527979         -4.697499e-32     
   22.781284      10.014676        -1.864813e-33     
   22.781284      10.513464        1.936649e-34      
   22.781284      11.023000        2.043430e-35      
   22.781284      11.541909        3.019980e-37      
   22.781284      12.068793        -2.872805e-38     
   22.781284      12.602230        -1.613394e-39     
   22.781284      13.140784        -1.554920e-38     
   22.781284      13.683002        -4.298491e-37     
   22.781284      14.227422        -1.314731e-35     
   22.781284      14.772578        -4.188309e-34     
   22.781284      15.316998        -1.179724e-32     
   22.781284      15.859216        -1.167144e-31     
   22.781284      16.397770        3.409385e-29      
   22.781284      16.931207        5.181276e-27      
   22.781284      17.458091        5.782657e-25      
   22.781284      17.977000        6.022761e-23      
   22.781284      18.486536        5.050199e-21      
   22.781284      18.985324        3.990073e-19      
   22.781284      19.472021        2.142304e-17      
   22.781284      19.945315        -5.753694e-16     
   22.781284      20.403928        -2.343686e-13     
   22.781284      20.846626        -2.135992e-11     
   22.781284      21.272215        -3.312852e-09     
   22.781284      21.679546        3.142386e-06      
   22.781284      22.067523        5.849409e-04      
   22.781284      22.435100        1.249226e-02      
   22.781284      22.781284        3.232957e-02      
   22.781284      23.105144        1.343509e-02      
   22.781284      23.405806        1.195523e-03      
   22.781284      23.682459        3.196410e-05      
   22.781284      23.934358        2.714113e-07      
   22.781284      24.160824        -3.570065e-09     
   22.781284      24.361246        -8.869963e-10     
   22.781284      24.535084        -1.815199e-10     
   22.781284      24.681869        -4.785311e-11     
   22.781284      24.801206        -1.427834e-11     
   22.781284      24.892773        -3.498755e-12     
   22.781284      24.956326        2.555834e-13      
   22.781284      24.991706        1.490146e-12      
   23.105144      0.001580         -4.241447e-20     
   23.105144      0.008319         -2.237034e-19     
   23.105144      0.020424         -5.357715e-19     
   23.105144      0.037866         -9.657603e-19     
   23.105144      0.060596         -1.691365e-18     
   23.105144      0.088555         -1.852798e-18     
   23.105144      0.121667         3.092524e-18      
   23.105144      0.159843         -2.784961e-18     
   23.105144      0.202979         -1.704553e-18     
   23.105144      0.250960         1.224363e-18      
   23.105144      0.303656         -1.420039e-18     
   23.105144      0.360925         -5.676217e-18     
   23.105144      0.422613         -2.355820e-18     
   23.105144      0.488552         -1.172347e-18     
   23.105144      0.558567         -2.470394e-18     
   23.105144      0.632467         -2.635012e-18     
   23.105144      0.710054         -1.386920e-18     
   23.105144      0.791119         -3.467103e-19     
   23.105144      0.875442         2.987651e-21      
   23.105144      0.962797         3.416523e-20      
   23.105144      1.052948         2.313598e-20      
   23.105144      1.145653         1.733459e-20      
   23.105144      1.240660         1.296721e-20      
   23.105144      1.337714         1.001930e-20      
   23.105144      1.436554         7.998474e-21      
   23.105144      1.536913         6.491957e-21      
   23.105144      1.638520         5.345061e-21      
   23.105144      1.741102         4.460502e-21      
   23.105144      1.844381         3.764817e-21      
   23.105144      1.948080         3.207171e-21      
   23.105144      2.051920         2.752226e-21      
   23.105144      2.155619         2.375028e-21      
   23.105144      2.258898         2.057791e-21      
   23.105144      2.361480         1.787735e-21      
   23.105144      2.463087         1.555588e-21      
   23.105144      2.563446         1.354549e-21      
   23.105144      2.662286         1.179551e-21      
   23.105144      2.759340         1.026741e-21      
   23.105144      2.854347         8.931178e-22      
   23.105144      2.947052         7.762760e-22      
   23.105144      3.037203         6.742275e-22      
   23.105144      3.124558         5.852823e-22      
   23.105144      3.208881         5.079669e-22      
   23.105144      3.289946         4.409729e-22      
   23.105144      3.367533         3.831235e-22      
   23.105144      3.441433         3.333535e-22      
   23.105144      3.511448         2.906972e-22      
   23.105144      3.577387         2.542811e-22      
   23.105144      3.639075         2.233194e-22      
   23.105144      3.696344         1.971101e-22      
   23.105144      3.749040         1.750314e-22      
   23.105144      3.797021         1.565380e-22      
   23.105144      3.840157         1.411568e-22      
   23.105144      3.878333         1.284826e-22      
   23.105144      3.911445         1.181727e-22      
   23.105144      3.939404         1.099428e-22      
   23.105144      3.962134         1.035624e-22      
   23.105144      3.979576         9.885032e-23      
   23.105144      3.991681         9.567167e-23      
   23.105144      3.998420         9.393416e-23      
   23.105144      4.008294         9.142952e-23      
   23.105144      4.043674         8.284540e-23      
   23.105144      4.107227         6.889128e-23      
   23.105144      4.198794         5.182327e-23      
   23.105144      4.318131         3.429514e-23      
   23.105144      4.464916         1.879973e-23      
   23.105144      4.638754         7.124810e-24      
   23.105144      4.839176         -2.568620e-26     
   23.105144      5.065642         -3.095008e-24     
   23.105144      5.317541         -3.356441e-24     
   23.105144      5.594194         -2.322411e-24     
   23.105144      5.894856         -1.159176e-24     
   23.105144      6.218716         -4.050346e-25     
   23.105144      6.564900         -8.010961e-26     
   23.105144      6.932477         4.463170e-27      
   23.105144      7.320454         9.113943e-27      
   23.105144      7.727785         3.081418e-27      
   23.105144      8.153374         4.838365e-28      
   23.105144      8.596072         8.190406e-30      
   23.105144      9.054685         -1.041408e-29     
   23.105144      9.527979         -1.656936e-30     
   23.105144      10.014676        -6.457601e-32     
   23.105144      10.513464        7.064016e-33      
   23.105144      11.023000        7.361073e-34      
   23.105144      11.541909        1.042404e-35      
   23.105144      12.068793        -1.075993e-36     
   23.105144      12.602230        -3.590343e-38     
   23.105144      13.140784        -3.296998e-40     
   23.105144      13.683002        -1.620063e-38     
   23.105144      14.227422        -5.921611e-37     
   23.105144      14.772578        -2.455873e-35     
   23.105144      15.316998        -1.116238e-33     
   23.105144      15.859216        -5.369766e-32     
   23.105144      16.397770        -2.546713e-30     
   23.105144      16.931207        -9.324578e-29     
   23.105144      17.458091        1.939317e-28      
   23.105144      17.977000        6.953982e-25      
   23.105144      18.486536        1.139186e-22      
   23.105144      18.985324        1.252816e-20      
   23.105144      19.472021        1.262155e-18      
   23.105144      19.945315        8.173751e-17      
   23.105144      20.403928        2.445848e-15      
   23.105144      20.846626        -2.741798e-13     
   23.105144      21.272215        -3.859934e-11     
   23.105144      21.679546        -4.513673e-09     
   23.105144      22.067523        6.320936e-06      
   23.105144      22.435100        8.251004e-04      
   23.105144      22.781284        1.343509e-02      
   23.105144      23.105144        3.173621e-02      
   23.105144      23.405806        1.460501e-02      
   23.105144      23.682459        1.766617e-03      
   23.105144      23.934358        7.733550e-05      
   23.105144      24.160824        1.479933e-06      
   23.105144      24.361246        -9.329446e-09     
   23.105144      24.535084        -6.308610e-09     
   23.105144      24.681869        -1.738818e-09     
   23.105144      24.801206        -5.319921e-10     
   23.105144      24.892773        -1.555936e-10     
   23.105144      24.956326        -2.424544e-11     
   23.105144      24.991706        2.004087e-11      
   23.405806      0.001580         -1.090803e-18     
   23.405806      0.008319         -5.753135e-18     
   23.405806      0.020424         -1.377881e-17     
   23.405806      0.037866         -2.483713e-17     
   23.405806      0.060596         -4.349807e-17     
   23.405806      0.088555         -4.764973e-17     
   23.405806      0.121667         7.953405e-17      
   23.405806      0.159843         -7.162312e-17     
   23.405806      0.202979         -4.383728e-17     
   23.405806      0.250960         3.148889e-17      
   23.405806      0.303656         -3.652053e-17     
   23.405806      0.360925         -1.459837e-16     
   23.405806      0.422613         -6.058852e-17     
   23.405806      0.488552         -3.015142e-17     
   23.405806      0.558567         -6.353687e-17     
   23.405806      0.632467         -6.777176e-17     
   23.405806      0.710054         -3.567167e-17     
   23.405806      0.791119         -8.917360e-18     
   23.405806      0.875442         7.714043e-20      
   23.405806      0.962797         8.790802e-19      
   23.405806      1.052948         5.953899e-19      
   23.405806      1.145653         4.461622e-19      
   23.405806      1.240660         3.338148e-19      
   23.405806      1.337714         2.579773e-19      
   23.405806      1.436554         2.059860e-19      
   23.405806      1.536913         1.672238e-19      
   23.405806      1.638520         1.377122e-19      
   23.405806      1.741102         1.149490e-19      
   23.405806      1.844381         9.704438e-20      
   23.405806      1.948080         8.269078e-20      
   23.405806      2.051920         7.097902e-20      
   23.405806      2.155619         6.126709e-20      
   23.405806      2.258898         5.309745e-20      
   23.405806      2.361480         4.614127e-20      
   23.405806      2.463087         4.016008e-20      
   23.405806      2.563446         3.497898e-20      
   23.405806      2.662286         3.046768e-20      
   23.405806      2.759340         2.652719e-20      
   23.405806      2.854347         2.308041e-20      
   23.405806      2.947052         2.006556e-20      
   23.405806      3.037203         1.743159e-20      
   23.405806      3.124558         1.513513e-20      
   23.405806      3.208881         1.313835e-20      
   23.405806      3.289946         1.140763e-20      
   23.405806      3.367533         9.912744e-21      
   23.405806      3.441433         8.626302e-21      
   23.405806      3.511448         7.523464e-21      
   23.405806      3.577387         6.581747e-21      
   23.405806      3.639075         5.780911e-21      
   23.405806      3.696344         5.102867e-21      
   23.405806      3.749040         4.531583e-21      
   23.405806      3.797021         4.052995e-21      
   23.405806      3.840157         3.654893e-21      
   23.405806      3.878333         3.326812e-21      
   23.405806      3.911445         3.059906e-21      
   23.405806      3.939404         2.846831e-21      
   23.405806      3.962134         2.681627e-21      
   23.405806      3.979576         2.559614e-21      
   23.405806      3.991681         2.477303e-21      
   23.405806      3.998420         2.432310e-21      
   23.405806      4.008294         2.367449e-21      
   23.405806      4.043674         2.145142e-21      
   23.405806      4.107227         1.783719e-21      
   23.405806      4.198794         1.341564e-21      
   23.405806      4.318131         8.873928e-22      
   23.405806      4.464916         4.858107e-22      
   23.405806      4.638754         1.832165e-22      
   23.405806      4.839176         -2.051766e-24     
   23.405806      5.065642         -8.141649e-23     
   23.405806      5.317541         -8.788648e-23     
   23.405806      5.594194         -6.073992e-23     
   23.405806      5.894856         -3.030170e-23     
   23.405806      6.218716         -1.057840e-23     
   23.405806      6.564900         -2.082705e-24     
   23.405806      6.932477         1.247852e-25      
   23.405806      7.320454         2.419145e-25      
   23.405806      7.727785         8.154861e-26      
   23.405806      8.153374         1.276168e-26      
   23.405806      8.596072         1.951119e-28      
   23.405806      9.054685         -2.810760e-28     
   23.405806      9.527979         -4.446383e-29     
   23.405806      10.014676        -1.701307e-30     
   23.405806      10.513464        1.955129e-31      
   23.405806      11.023000        2.013187e-32      
   23.405806      11.541909        2.728993e-34      
   23.405806      12.068793        -3.051201e-35     
   23.405806      12.602230        -1.001737e-36     
   23.405806      13.140784        6.127996e-39      
   23.405806      13.683002        -5.899895e-41     
   23.405806      14.227422        -2.483817e-38     
   23.405806      14.772578        -1.224702e-36     
   23.405806      15.316998        -6.714173e-35     
   23.405806      15.859216        -4.009132e-33     
   23.405806      16.397770        -2.569147e-31     
   23.405806      16.931207        -1.701002e-29     
   23.405806      17.458091        -1.119955e-27     
   23.405806      17.977000        -6.917139e-26     
   23.405806      18.486536        -3.304068e-24     
   23.405806      18.985324        -4.834470e-23     
   23.405806      19.472021        1.463667e-20      
   23.405806      19.945315        2.740250e-18      
   23.405806      20.403928        2.041951e-16      
   23.405806      20.846626        1.188327e-14      
   23.405806      21.272215        -3.636547e-13     
   23.405806      21.679546        -6.890245e-11     
   23.405806      22.067523        1.191824e-11      
   23.405806      22.435100        1.377033e-05      
   23.405806      22.781284        1.195523e-03      
   23.405806      23.105144        1.460501e-02      
   23.405806      23.405806        3.137457e-02      
   23.405806      23.682459        1.603372e-02      
   23.405806      23.934358        2.642331e-03      
   23.405806      24.160824        1.905054e-04      
   23.405806      24.361246        7.563221e-06      
   23.405806      24.535084        8.423738e-08      
   23.405806      24.681869        -4.339978e-08     
   23.405806      24.801206        -1.618660e-08     
   23.405806      24.892773        -5.423547e-09     
   23.405806      24.956326        -1.579493e-09     
   23.405806      24.991706        -2.625970e-10     
   23.682459      0.001580         -2.113078e-17     
   23.682459      0.008319         -1.114484e-16     
   23.682459      0.020424         -2.669199e-16     
   23.682459      0.037866         -4.811392e-16     
   23.682459      0.060596         -8.426359e-16     
   23.682459      0.088555         -9.230595e-16     
   23.682459      0.121667         1.540749e-15      
   23.682459      0.159843         -1.387472e-15     
   23.682459      0.202979         -8.492057e-16     
   23.682459      0.250960         6.100190e-16      
   23.682459      0.303656         -7.074732e-16     
   23.682459      0.360925         -2.828047e-15     
   23.682459      0.422613         -1.173750e-15     
   23.682459      0.488552         -5.841120e-16     
   23.682459      0.558567         -1.230897e-15     
   23.682459      0.632467         -1.312958e-15     
   23.682459      0.710054         -6.910840e-16     
   23.682459      0.791119         -1.727591e-16     
   23.682459      0.875442         1.499942e-18      
   23.682459      0.962797         1.703719e-17      
   23.682459      1.052948         1.154080e-17      
   23.682459      1.145653         8.649453e-18      
   23.682459      1.240660         6.472562e-18      
   23.682459      1.337714         5.003011e-18      
   23.682459      1.436554         3.995469e-18      
   23.682459      1.536913         3.244243e-18      
   23.682459      1.638520         2.672254e-18      
   23.682459      1.741102         2.231024e-18      
   23.682459      1.844381         1.883938e-18      
   23.682459      1.948080         1.605657e-18      
   23.682459      2.051920         1.378565e-18      
   23.682459      2.155619         1.190221e-18      
   23.682459      2.258898         1.031758e-18      
   23.682459      2.361480         8.968039e-19      
   23.682459      2.463087         7.807386e-19      
   23.682459      2.563446         6.801739e-19      
   23.682459      2.662286         5.925869e-19      
   23.682459      2.759340         5.160610e-19      
   23.682459      2.854347         4.491041e-19      
   23.682459      2.947052         3.905211e-19      
   23.682459      3.037203         3.393249e-19      
   23.682459      3.124558         2.946764e-19      
   23.682459      3.208881         2.558437e-19      
   23.682459      3.289946         2.221767e-19      
   23.682459      3.367533         1.930900e-19      
   23.682459      3.441433         1.680533e-19      
   23.682459      3.511448         1.465852e-19      
   23.682459      3.577387         1.282497e-19      
   23.682459      3.639075         1.126544e-19      
   23.682459      3.696344         9.944795e-20      
   23.682459      3.749040         8.831922e-20      
   23.682459      3.797021         7.899491e-20      
   23.682459      3.840157         7.123778e-20      
   23.682459      3.878333         6.484434e-20      
   23.682459      3.911445         5.964257e-20      
   23.682459      3.939404         5.548960e-20      
   23.682459      3.962134         5.226946e-20      
   23.682459      3.979576         4.989108e-20      
   23.682459      3.991681         4.828656e-20      
   23.682459      3.998420         4.740946e-20      
   23.682459      4.008294         4.614506e-20      
   23.682459      4.043674         4.181110e-20      
   23.682459      4.107227         3.476431e-20      
   23.682459      4.198794         2.614210e-20      
   23.682459      4.318131         1.728396e-20      
   23.682459      4.464916         9.450250e-21      
   23.682459      4.638754         3.547264e-21      
   23.682459      4.839176         -6.565295e-23     
   23.682459      5.065642         -1.610259e-21     
   23.682459      5.317541         -1.730733e-21     
   23.682459      5.594194         -1.194784e-21     
   23.682459      5.894856         -5.957387e-22     
   23.682459      6.218716         -2.077852e-22     
   23.682459      6.564900         -4.072922e-23     
   23.682459      6.932477         2.603591e-24      
   23.682459      7.320454         4.822900e-24      
   23.682459      7.727785         1.621169e-24      
   23.682459      8.153374         2.528679e-25      
   23.682459      8.596072         3.471432e-27      
   23.682459      9.054685         -5.688288e-27     
   23.682459      9.527979         -8.949138e-28     
   23.682459      10.014676        -3.363312e-29     
   23.682459      10.513464        4.046706e-30      
   23.682459      11.023000        4.120631e-31      
   23.682459      11.541909        5.347730e-33      
   23.682459      12.068793        -6.449529e-34     
   23.682459      12.602230        -2.085891e-35     
   23.682459      13.140784        1.471601e-37      
   23.682459      13.683002        1.107719e-38      
   23.682459      14.227422        -6.737231e-40     
   23.682459      14.772578        -4.387848e-38     
   23.682459      15.316998        -2.796325e-36     
   23.682459      15.859216        -1.922948e-34     
   23.682459      16.397770        -1.415503e-32     
   23.682459      16.931207        -1.100065e-30     
   23.682459      17.458091        -8.775037e-29     
   23.682459      17.977000        -7.046183e-27     
   23.682459      18.486536        -5.454386e-25     
   23.682459      18.985324        -3.876894e-23     
   23.682459      19.472021        -2.387953e-21     
   23.682459      19.945315        -1.062943e-19     
   23.682459      20.403928        -7.074412e-19     
   23.682459      20.846626        9.937453e-17      
   23.682459      21.272215        2.339161e-14      
   23.682459      21.679546        -1.898745e-12     
   23.682459      22.067523        -1.646859e-10     
   23.682459      22.435100        4.048087e-08      
   23.682459      22.781284        3.196410e-05      
   23.682459      23.105144        1.766617e-03      
   23.682459      23.405806        1.603372e-02      
   23.682459      23.682459        3.127418e-02      
   23.682459      23.934358        1.776392e-02      
   23.682459      24.160824        3.972064e-03      
   23.682459      24.361246        4.671632e-04      
   23.682459      24.535084        3.661993e-05      
   23.682459      24.681869        1.884538e-06      
   23.682459      24.801206        -1.435906e-07     
   23.682459      24.892773        -1.163822e-07     
   23.682459      24.956326        -4.872020e-08     
   23.682459      24.991706        -2.033501e-08     
   23.934358      0.001580         -2.974572e-16     
   23.934358      0.008319         -1.568856e-15     
   23.934358      0.020424         -3.757421e-15     
   23.934358      0.037866         -6.772979e-15     
   23.934358      0.060596         -1.186178e-14     
   23.934358      0.088555         -1.299386e-14     
   23.934358      0.121667         2.168964e-14      
   23.934358      0.159843         -1.953144e-14     
   23.934358      0.202979         -1.195419e-14     
   23.934358      0.250960         8.587554e-15      
   23.934358      0.303656         -9.959086e-15     
   23.934358      0.360925         -3.981124e-14     
   23.934358      0.422613         -1.652328e-14     
   23.934358      0.488552         -8.222781e-15     
   23.934358      0.558567         -1.732806e-14     
   23.934358      0.632467         -1.848345e-14     
   23.934358      0.710054         -9.728956e-15     
   23.934358      0.791119         -2.432048e-15     
   23.934358      0.875442         2.118632e-17      
   23.934358      0.962797         2.399250e-16      
   23.934358      1.052948         1.625440e-16      
   23.934358      1.145653         1.218363e-16      
   23.934358      1.240660         9.118632e-17      
   23.934358      1.337714         7.049435e-17      
   23.934358      1.436554         5.630678e-17      
   23.934358      1.536913         4.572785e-17      
   23.934358      1.638520         3.767245e-17      
   23.934358      1.741102         3.145809e-17      
   23.934358      1.844381         2.656927e-17      
   23.934358      1.948080         2.264922e-17      
   23.934358      2.051920         1.944988e-17      
   23.934358      2.155619         1.679608e-17      
   23.934358      2.258898         1.456295e-17      
   23.934358      2.361480         1.266078e-17      
   23.934358      2.463087         1.102452e-17      
   23.934358      2.563446         9.606466e-18      
   23.934358      2.662286         8.371125e-18      
   23.934358      2.759340         7.291530e-18      
   23.934358      2.854347         6.346696e-18      
   23.934358      2.947052         5.519819e-18      
   23.934358      3.037203         4.797023e-18      
   23.934358      3.124558         4.166514e-18      
   23.934358      3.208881         3.618003e-18      
   23.934358      3.289946         3.142348e-18      
   23.934358      3.367533         2.731315e-18      
   23.934358      3.441433         2.377440e-18      
   23.934358      3.511448         2.073945e-18      
   23.934358      3.577387         1.814690e-18      
   23.934358      3.639075         1.594141e-18      
   23.934358      3.696344         1.407349e-18      
   23.934358      3.749040         1.249921e-18      
   23.934358      3.797021         1.118003e-18      
   23.934358      3.840157         1.008245e-18      
   23.934358      3.878333         9.177737e-19      
   23.934358      3.911445         8.441592e-19      
   23.934358      3.939404         7.853831e-19      
   23.934358      3.962134         7.398066e-19      
   23.934358      3.979576         7.061427e-19      
   23.934358      3.991681         6.834313e-19      
   23.934358      3.998420         6.710160e-19      
   23.934358      4.008294         6.531181e-19      
   23.934358      4.043674         5.917675e-19      
   23.934358      4.107227         4.920048e-19      
   23.934358      4.198794         3.699215e-19      
   23.934358      4.318131         2.444770e-19      
   23.934358      4.464916         1.335234e-19      
   23.934358      4.638754         4.991183e-20      
   23.934358      4.839176         -1.247395e-21     
   23.934358      5.065642         -2.308142e-20     
   23.934358      5.317541         -2.471711e-20     
   23.934358      5.594194         -1.704665e-20     
   23.934358      5.894856         -8.496020e-21     
   23.934358      6.218716         -2.960976e-21     
   23.934358      6.564900         -5.781442e-22     
   23.934358      6.932477         3.902014e-23      
   23.934358      7.320454         6.962489e-23      
   23.934358      7.727785         2.334678e-23      
   23.934358      8.153374         3.631130e-24      
   23.934358      8.596072         4.481246e-26      
   23.934358      9.054685         -8.320276e-26     
   23.934358      9.527979         -1.302803e-26     
   23.934358      10.014676        -4.817666e-28     
   23.934358      10.513464        6.035583e-29      
   23.934358      11.023000        6.087144e-30      
   23.934358      11.541909        7.586749e-32      
   23.934358      12.068793        -9.794583e-33     
   23.934358      12.602230        -3.126237e-34     
   23.934358      13.140784        2.461902e-36      
   23.934358      13.683002        1.730449e-37      
   23.934358      14.227422        9.834011e-40      
   23.934358      14.772578        4.388403e-40      
   23.934358      15.316998        -1.793300e-38     
   23.934358      15.859216        -3.755614e-36     
   23.934358      16.397770        -4.336279e-34     
   23.934358      16.931207        -4.500525e-32     
   23.934358      17.458091        -4.508918e-30     
   23.934358      17.977000        -4.413439e-28     
   23.934358      18.486536        -4.200864e-26     
   23.934358      18.985324        -3.771626e-24     
   23.934358      19.472021        -3.146935e-22     
   23.934358      19.945315        -2.340259e-20     
   23.934358      20.403928        -1.487300e-18     
   23.934358      20.846626        -7.718503e-17     
   23.934358      21.272215        -4.151931e-15     
   23.934358      21.679546        -1.290605e-13     
   23.934358      22.067523        -1.742435e-11     
   23.934358      22.435100        -7.302781e-10     
   23.934358      22.781284        2.714113e-07      
   23.934358      23.105144        7.733550e-05      
   23.934358      23.405806        2.642331e-03      
   23.934358      23.682459        1.776392e-02      
   23.934358      23.934358        3.148898e-02      
   23.934358      24.160824        1.985940e-02      
   23.934358      24.361246        5.963232e-03      
   23.934358      24.535084        1.118992e-03      
   23.934358      24.681869        1.657270e-04      
   23.934358      24.801206        2.298681e-05      
   23.934358      24.892773        3.367425e-06      
   23.934358      24.956326        6.746212e-07      
   23.934358      24.991706        3.127619e-07      
   24.160824      0.001580         -3.100375e-15     
   24.160824      0.008319         -1.635207e-14     
   24.160824      0.020424         -3.916332e-14     
   24.160824      0.037866         -7.059426e-14     
   24.160824      0.060596         -1.236345e-13     
   24.160824      0.088555         -1.354342e-13     
   24.160824      0.121667         2.260719e-13      
   24.160824      0.159843         -2.035757e-13     
   24.160824      0.202979         -1.245982e-13     
   24.160824      0.250960         8.950966e-14      
   24.160824      0.303656         -1.038042e-13     
   24.160824      0.360925         -4.149611e-13     
   24.160824      0.422613         -1.722269e-13     
   24.160824      0.488552         -8.570910e-14     
   24.160824      0.558567         -1.806198e-13     
   24.160824      0.632467         -1.926660e-13     
   24.160824      0.710054         -1.014131e-13     
   24.160824      0.791119         -2.535125e-14     
   24.160824      0.875442         2.215132e-16      
   24.160824      0.962797         2.501747e-15      
   24.160824      1.052948         1.695100e-15      
   24.160824      1.145653         1.270734e-15      
   24.160824      1.240660         9.512016e-16      
   24.160824      1.337714         7.354720e-16      
   24.160824      1.436554         5.875467e-16      
   24.160824      1.536913         4.772397e-16      
   24.160824      1.638520         3.932402e-16      
   24.160824      1.741102         3.284338e-16      
   24.160824      1.844381         2.774464e-16      
   24.160824      1.948080         2.365586e-16      
   24.160824      2.051920         2.031844e-16      
   24.160824      2.155619         1.754971e-16      
   24.160824      2.258898         1.521951e-16      
   24.160824      2.361480         1.323429e-16      
   24.160824      2.463087         1.152625e-16      
   24.160824      2.563446         1.004567e-16      
   24.160824      2.662286         8.755552e-17      
   24.160824      2.759340         7.627821e-17      
   24.160824      2.854347         6.640617e-17      
   24.160824      2.947052         5.776448e-17      
   24.160824      3.037203         5.020871e-17      
   24.160824      3.124558         4.361609e-17      
   24.160824      3.208881         3.787953e-17      
   24.160824      3.289946         3.290382e-17      
   24.160824      3.367533         2.860321e-17      
   24.160824      3.441433         2.489991e-17      
   24.160824      3.511448         2.172325e-17      
   24.160824      3.577387         1.900919e-17      
   24.160824      3.639075         1.669997e-17      
   24.160824      3.696344         1.474392e-17      
   24.160824      3.749040         1.309515e-17      
   24.160824      3.797021         1.171340e-17      
   24.160824      3.840157         1.056364e-17      
   24.160824      3.878333         9.615830e-18      
   24.160824      3.911445         8.844565e-18      
   24.160824      3.939404         8.228724e-18      
   24.160824      3.962134         7.751162e-18      
   24.160824      3.979576         7.398409e-18      
   24.160824      3.991681         7.160418e-18      
   24.160824      3.998420         7.030316e-18      
   24.160824      4.008294         6.842759e-18      
   24.160824      4.043674         6.199822e-18      
   24.160824      4.107227         5.154247e-18      
   24.160824      4.198794         3.874585e-18      
   24.160824      4.318131         2.559513e-18      
   24.160824      4.464916         1.396229e-18      
   24.160824      4.638754         5.196189e-19      
   24.160824      4.839176         -1.654137e-20     
   24.160824      5.065642         -2.449256e-19     
   24.160824      5.317541         -2.612791e-19     
   24.160824      5.594194         -1.800030e-19     
   24.160824      5.894856         -8.966407e-20     
   24.160824      6.218716         -3.122038e-20     
   24.160824      6.564900         -6.070493e-21     
   24.160824      6.932477         4.323082e-22      
   24.160824      7.320454         7.436262e-22      
   24.160824      7.727785         2.486914e-22      
   24.160824      8.153374         3.855549e-23      
   24.160824      8.596072         4.199211e-25      
   24.160824      9.054685         -8.998261e-25     
   24.160824      9.527979         -1.401740e-25     
   24.160824      10.014676        -5.093615e-27     
   24.160824      10.513464        6.650695e-28      
   24.160824      11.023000        6.639488e-29      
   24.160824      11.541909        7.913894e-31      
   24.160824      12.068793        -1.097248e-31     
   24.160824      12.602230        -3.452208e-33     
   24.160824      13.140784        3.009283e-35      
   24.160824      13.683002        1.983621e-36      
   24.160824      14.227422        9.751084e-39      
   24.160824      14.772578        5.246078e-41      
   24.160824      15.316998        1.413141e-38      
   24.160824      15.859216        6.321750e-37      
   24.160824      16.397770        2.570804e-35      
   24.160824      16.931207        5.241040e-34      
   24.160824      17.458091        -7.511971e-32     
   24.160824      17.977000        -1.625784e-29     
   24.160824      18.486536        -2.246026e-27     
   24.160824      18.985324        -2.621334e-25     
   24.160824      19.472021        -2.703385e-23     
   24.160824      19.945315        -2.502725e-21     
   24.160824      20.403928        -2.010153e-19     
   24.160824      20.846626        -1.406605e-17     
   24.160824      21.272215        -8.431000e-16     
   24.160824      21.679546        -4.656709e-14     
   24.160824      22.067523        -2.040286e-12     
   24.160824      22.435100        -1.300611e-10     
   24.160824      22.781284        -3.570065e-09     
   24.160824      23.105144        1.479933e-06      
   24.160824      23.405806        1.905054e-04      
   24.160824      23.682459        3.972064e-03      
   24.160824      23.934358        1.985940e-02      
   24.160824      24.160824        3.210423e-02      
   24.160824      24.361246        2.242151e-02      
   24.160824      24.535084        8.908056e-03      
   24.160824      24.681869        2.592572e-03      
   24.160824      24.801206        6.936030e-04      
   24.160824      24.892773        2.093406e-04      
   24.160824      24.956326        8.484726e-05      
   24.160824      24.991706        5.101083e-05      
   24.361246      0.001580         -2.405765e-14     
   24.361246      0.008319         -1.268854e-13     
   24.361246      0.020424         -3.038915e-13     
   24.361246      0.037866         -5.477828e-13     
   24.361246      0.060596         -9.593558e-13     
   24.361246      0.088555         -1.050914e-12     
   24.361246      0.121667         1.754277e-12      
   24.361246      0.159843         -1.579672e-12     
   24.361246      0.202979         -9.668304e-13     
   24.361246      0.250960         6.945905e-13      
   24.361246      0.303656         -8.054849e-13     
   24.361246      0.360925         -3.220038e-12     
   24.361246      0.422613         -1.336465e-12     
   24.361246      0.488552         -6.651006e-13     
   24.361246      0.558567         -1.401629e-12     
   24.361246      0.632467         -1.495130e-12     
   24.361246      0.710054         -7.869980e-13     
   24.361246      0.791119         -1.967333e-13     
   24.361246      0.875442         1.724178e-15      
   24.361246      0.962797         1.942052e-14      
   24.361246      1.052948         1.316036e-14      
   24.361246      1.145653         9.866853e-15      
   24.361246      1.240660         7.386839e-15      
   24.361246      1.337714         5.712385e-15      
   24.361246      1.436554         4.564144e-15      
   24.361246      1.536913         3.707853e-15      
   24.361246      1.638520         3.055737e-15      
   24.361246      1.741102         2.552586e-15      
   24.361246      1.844381         2.156691e-15      
   24.361246      1.948080         1.839185e-15      
   24.361246      2.051920         1.579994e-15      
   24.361246      2.155619         1.364941e-15      
   24.361246      2.258898         1.183922e-15      
   24.361246      2.361480         1.029676e-15      
   24.361246      2.463087         8.969421e-16      
   24.361246      2.563446         7.818616e-16      
   24.361246      2.662286         6.815646e-16      
   24.361246      2.759340         5.938729e-16      
   24.361246      2.854347         5.170920e-16      
   24.361246      2.947052         4.498657e-16      
   24.361246      3.037203         3.910748e-16      
   24.361246      3.124558         3.397675e-16      
   24.361246      3.208881         2.951138e-16      
   24.361246      3.289946         2.563753e-16      
   24.361246      3.367533         2.228869e-16      
   24.361246      3.441433         1.940449e-16      
   24.361246      3.511448         1.693007e-16      
   24.361246      3.577387         1.481569e-16      
   24.361246      3.639075         1.301647e-16      
   24.361246      3.696344         1.149223e-16      
   24.361246      3.749040         1.020732e-16      
   24.361246      3.797021         9.130394e-17      
   24.361246      3.840157         8.234211e-17      
   24.361246      3.878333         7.495390e-17      
   24.361246      3.911445         6.894149e-17      
   24.361246      3.939404         6.414046e-17      
   24.361246      3.962134         6.041730e-17      
   24.361246      3.979576         5.766709e-17      
   24.361246      3.991681         5.581157e-17      
   24.361246      3.998420         5.479720e-17      
   24.361246      4.008294         5.333486e-17      
   24.361246      4.043674         4.832186e-17      
   24.361246      4.107227         4.016898e-17      
   24.361246      4.198794         3.018992e-17      
   24.361246      4.318131         1.993380e-17      
   24.361246      4.464916         1.086097e-17      
   24.361246      4.638754         4.024524e-18      
   24.361246      4.839176         -1.549418e-19     
   24.361246      5.065642         -1.931706e-18     
   24.361246      5.317541         -2.053107e-18     
   24.361246      5.594194         -1.412900e-18     
   24.361246      5.894856         -7.033753e-19     
   24.361246      6.218716         -2.446736e-19     
   24.361246      6.564900         -4.738069e-20     
   24.361246      6.932477         3.542027e-21      
   24.361246      7.320454         5.896104e-21      
   24.361246      7.727785         1.966674e-21      
   24.361246      8.153374         3.039338e-22      
   24.361246      8.596072         2.893891e-24      
   24.361246      9.054685         -7.212278e-24     
   24.361246      9.527979         -1.117960e-24     
   24.361246      10.014676        -3.994352e-26     
   24.361246      10.513464        5.418126e-27      
   24.361246      11.023000        5.357377e-28      
   24.361246      11.541909        6.112338e-30      
   24.361246      12.068793        -9.062274e-31     
   24.361246      12.602230        -2.812639e-32     
   24.361246      13.140784        2.668206e-34      
   24.361246      13.683002        1.667914e-35      
   24.361246      14.227422        7.302195e-38      
   24.361246      14.772578        -2.418481e-39     
   24.361246      15.316998        2.237038e-39      
   24.361246      15.859216        1.248871e-37      
   24.361246      16.397770        7.277482e-36      
   24.361246      16.931207        4.284882e-34      
   24.361246      17.458091        2.327069e-32      
   24.361246      17.977000        8.828261e-31      
   24.361246      18.486536        -2.828157e-29     
   24.361246      18.985324        -1.236404e-26     
   24.361246      19.472021        -1.929400e-24     
   24.361246      19.945315        -2.288128e-22     
   24.361246      20.403928        -2.266414e-20     
   24.361246      20.846626        -1.877990e-18     
   24.361246      21.272215        -1.341609e-16     
   24.361246      21.679546        -8.105534e-15     
   24.361246      22.067523        -4.238583e-13     
   24.361246      22.435100        -1.949868e-11     
   24.361246      22.781284        -8.869963e-10     
   24.361246      23.105144        -9.329446e-09     
   24.361246      23.405806        7.563221e-06      
   24.361246      23.682459        4.671632e-04      
   24.361246      23.934358        5.963232e-03      
   24.361246      24.160824        2.242151e-02      
   24.361246      24.361246        3.328658e-02      
   24.361246      24.535084        2.568551e-02      
   24.361246      24.681869        1.329457e-02      
   24.361246      24.801206        5.806926e-03      
   24.361246      24.892773        2.603718e-03      
   24.361246      24.956326        1.388520e-03      
   24.361246      24.991706        9.598084e-04      
   24.535084      0.001580         -1.250453e-13     
   24.535084      0.008319         -6.595167e-13     
   24.535084      0.020424         -1.579546e-12     
   24.535084      0.037866         -2.847226e-12     
   24.535084      0.060596         -4.986490e-12     
   24.535084      0.088555         -5.462342e-12     
   24.535084      0.121667         9.118829e-12      
   24.535084      0.159843         -8.210689e-12     
   24.535084      0.202979         -5.025205e-12     
   24.535084      0.250960         3.610564e-12      
   24.535084      0.303656         -4.186589e-12     
   24.535084      0.360925         -1.673716e-11     
   24.535084      0.422613         -6.946677e-12     
   24.535084      0.488552         -3.457057e-12     
   24.535084      0.558567         -7.285407e-12     
   24.535084      0.632467         -7.771394e-12     
   24.535084      0.710054         -4.090638e-12     
   24.535084      0.791119         -1.022553e-12     
   24.535084      0.875442         8.987227e-15      
   24.535084      0.962797         1.009677e-13      
   24.535084      1.052948         6.842752e-14      
   24.535084      1.145653         5.130719e-14      
   24.535084      1.240660         3.841524e-14      
   24.535084      1.337714         2.971050e-14      
   24.535084      1.436554         2.374099e-14      
   24.535084      1.536913         1.928907e-14      
   24.535084      1.638520         1.589852e-14      
   24.535084      1.741102         1.328234e-14      
   24.535084      1.844381         1.122373e-14      
   24.535084      1.948080         9.572622e-15      
   24.535084      2.051920         8.224661e-15      
   24.535084      2.155619         7.106144e-15      
   24.535084      2.258898         6.164544e-15      
   24.535084      2.361480         5.362117e-15      
   24.535084      2.463087         4.671507e-15      
   24.535084      2.563446         4.072664e-15      
   24.535084      2.662286         3.550672e-15      
   24.535084      2.759340         3.094213e-15      
   24.535084      2.854347         2.694485e-15      
   24.535084      2.947052         2.344444e-15      
   24.535084      3.037203         2.038277e-15      
   24.535084      3.124558         1.771042e-15      
   24.535084      3.208881         1.538427e-15      
   24.535084      3.289946         1.336598e-15      
   24.535084      3.367533         1.162098e-15      
   24.535084      3.441433         1.011790e-15      
   24.535084      3.511448         8.828224e-16      
   24.535084      3.577387         7.726074e-16      
   24.535084      3.639075         6.788111e-16      
   24.535084      3.696344         5.993429e-16      
   24.535084      3.749040         5.323465e-16      
   24.535084      3.797021         4.761903e-16      
   24.535084      3.840157         4.294558e-16      
   24.535084      3.878333         3.909254e-16      
   24.535084      3.911445         3.595683e-16      
   24.535084      3.939404         3.345281e-16      
   24.535084      3.962134         3.151089e-16      
   24.535084      3.979576         3.007640e-16      
   24.535084      3.991681         2.910856e-16      
   24.535084      3.998420         2.857946e-16      
   24.535084      4.008294         2.781668e-16      
   24.535084      4.043674         2.520177e-16      
   24.535084      4.107227         2.094876e-16      
   24.535084      4.198794         1.574268e-16      
   24.535084      4.318131         1.039156e-16      
   24.535084      4.464916         5.657439e-17      
   24.535084      4.638754         2.090225e-17      
   24.535084      4.839176         -9.008056e-19     
   24.535084      5.065642         -1.015822e-17     
   24.535084      5.317541         -1.077075e-17     
   24.535084      5.594194         -7.407291e-18     
   24.535084      5.894856         -3.686333e-18     
   24.535084      6.218716         -1.281586e-18     
   24.535084      6.564900         -2.475008e-19     
   24.535084      6.932477         1.911744e-20      
   24.535084      7.320454         3.114358e-20      
   24.535084      7.727785         1.037112e-20      
   24.535084      8.153374         1.599523e-21      
   24.535084      8.596072         1.369877e-23      
   24.535084      9.054685         -3.841051e-23     
   24.535084      9.527979         -5.935112e-24     
   24.535084      10.014676        -2.095871e-25     
   24.535084      10.513464        2.920428e-26      
   24.535084      11.023000        2.869805e-27      
   24.535084      11.541909        3.172862e-29      
   24.535084      12.068793        -4.936952e-30     
   24.535084      12.602230        -1.518654e-31     
   24.535084      13.140784        1.524537e-33      
   24.535084      13.683002        9.214981e-35      
   24.535084      14.227422        3.693965e-37      
   24.535084      14.772578        -1.432080e-38     
   24.535084      15.316998        1.676042e-41      
   24.535084      15.859216        1.188710e-38      
   24.535084      16.397770        8.056866e-37      
   24.535084      16.931207        5.587244e-35      
   24.535084      17.458091        3.774779e-33      
   24.535084      17.977000        2.251791e-31      
   24.535084      18.486536        8.368596e-30      
   24.535084      18.985324        -5.285954e-28     
   24.535084      19.472021        -1.758446e-25     
   24.535084      19.945315        -2.681462e-23     
   24.535084      20.403928        -3.124406e-21     
   24.535084      20.846626        -2.976166e-19     
   24.535084      21.272215        -2.369687e-17     
   24.535084      21.679546        -1.595399e-15     
   24.535084      22.067523        -8.988230e-14     
   24.535084      22.435100        -4.255993e-12     
   24.535084      22.781284        -1.815199e-10     
   24.535084      23.105144        -6.308610e-09     
   24.535084      23.405806        8.423738e-08      
   24.535084      23.682459        3.661993e-05      
   24.535084      23.934358        1.118992e-03      
   24.535084      24.160824        8.908056e-03      
   24.535084      24.361246        2.568551e-02      
   24.535084      24.535084        3.545703e-02      
   24.535084      24.681869        3.021530e-02      
   24.535084      24.801206        1.991566e-02      
   24.535084      24.892773        1.224447e-02      
   24.535084      24.956326        8.073753e-03      
   24.535084      24.991706        6.240924e-03      
   24.681869      0.001580         -4.261321e-13     
   24.681869      0.008319         -2.247516e-12     
   24.681869      0.020424         -5.382810e-12     
   24.681869      0.037866         -9.702831e-12     
   24.681869      0.060596         -1.699311e-11     
   24.681869      0.088555         -1.861460e-11     
   24.681869      0.121667         3.107700e-11      
   24.681869      0.159843         -2.798044e-11     
   24.681869      0.202979         -1.712460e-11     
   24.681869      0.250960         1.230489e-11      
   24.681869      0.303656         -1.426675e-11     
   24.681869      0.360925         -5.703756e-11     
   24.681869      0.422613         -2.367305e-11     
   24.681869      0.488552         -1.178101e-11     
   24.681869      0.558567         -2.482732e-11     
   24.681869      0.632467         -2.648334e-11     
   24.681869      0.710054         -1.393997e-11     
   24.681869      0.791119         -3.484567e-12     
   24.681869      0.875442         3.068652e-14      
   24.681869      0.962797         3.441295e-13      
   24.681869      1.052948         2.332375e-13      
   24.681869      1.145653         1.748924e-13      
   24.681869      1.240660         1.309568e-13      
   24.681869      1.337714         1.012904e-13      
   24.681869      1.436554         8.094525e-14      
   24.681869      1.536913         6.577192e-14      
   24.681869      1.638520         5.421571e-14      
   24.681869      1.741102         4.529859e-14      
   24.681869      1.844381         3.828166e-14      
   24.681869      1.948080         3.265350e-14      
   24.681869      2.051920         2.805844e-14      
   24.681869      2.155619         2.424531e-14      
   24.681869      2.258898         2.103506e-14      
   24.681869      2.361480         1.829906e-14      
   24.681869      2.463087         1.594408e-14      
   24.681869      2.563446         1.390180e-14      
   24.681869      2.662286         1.212140e-14      
   24.681869      2.759340         1.056431e-14      
   24.681869      2.854347         9.200565e-15      
   24.681869      2.947052         8.006171e-15      
   24.681869      3.037203         6.961338e-15      
   24.681869      3.124558         6.049240e-15      
   24.681869      3.208881         5.255198e-15      
   24.681869      3.289946         4.566154e-15      
   24.681869      3.367533         3.970336e-15      
   24.681869      3.441433         3.457059e-15      
   24.681869      3.511448         3.016605e-15      
   24.681869      3.577387         2.640155e-15      
   24.681869      3.639075         2.319754e-15      
   24.681869      3.696344         2.048271e-15      
   24.681869      3.749040         1.819376e-15      
   24.681869      3.797021         1.627502e-15      
   24.681869      3.840157         1.467810e-15      
   24.681869      3.878333         1.336143e-15      
   24.681869      3.911445         1.228984e-15      
   24.681869      3.939404         1.143409e-15      
   24.681869      3.962134         1.077041e-15      
   24.681869      3.979576         1.028014e-15      
   24.681869      3.991681         9.949347e-16      
   24.681869      3.998420         9.768509e-16      
   24.681869      4.008294         9.507800e-16      
   24.681869      4.043674         8.614025e-16      
   24.681869      4.107227         7.160258e-16      
   24.681869      4.198794         5.380550e-16      
   24.681869      4.318131         3.551048e-16      
   24.681869      4.464916         1.932306e-16      
   24.681869      4.638754         7.124684e-17      
   24.681869      4.839176         -3.305115e-18     
   24.681869      5.065642         -3.493613e-17     
   24.681869      5.317541         -3.698340e-17     
   24.681869      5.594194         -2.542477e-17     
   24.681869      5.894856         -1.265122e-17     
   24.681869      6.218716         -4.396903e-18     
   24.681869      6.564900         -8.474903e-19     
   24.681869      6.932477         6.705941e-20      
   24.681869      7.320454         1.075605e-19      
   24.681869      7.727785         3.578083e-20      
   24.681869      8.153374         5.510824e-21      
   24.681869      8.596072         4.315007e-23      
   24.681869      9.054685         -1.335898e-22     
   24.681869      9.527979         -2.059679e-23     
   24.681869      10.014676        -7.208420e-25     
   24.681869      10.513464        1.025895e-25      
   24.681869      11.023000        1.003598e-26      
   24.681869      11.541909        1.081923e-28      
   24.681869      12.068793        -1.750440e-29     
   24.681869      12.602230        -5.348650e-31     
   24.681869      13.140784        5.610468e-33      
   24.681869      13.683002        3.307476e-34      
   24.681869      14.227422        1.227670e-36      
   24.681869      14.772578        -5.352957e-38     
   24.681869      15.316998        -6.022309e-40     
   24.681869      15.859216        -3.352633e-40     
   24.681869      16.397770        5.706030e-39      
   24.681869      16.931207        1.872291e-36      
   24.681869      17.458091        1.972719e-34      
   24.681869      17.977000        1.349857e-32      
   24.681869      18.486536        1.795024e-31      
   24.681869      18.985324        -1.443294e-28     
   24.681869      19.472021        -3.305009e-26     
   24.681869      19.945315        -5.021689e-24     
   24.681869      20.403928        -6.131967e-22     
   24.681869      20.846626        -6.252008e-20     
   24.681869      21.272215        -5.323903e-18     
   24.681869      21.679546        -3.833527e-16     
   24.681869      22.067523        -2.291667e-14     
   24.681869      22.435100        -1.143555e-12     
   24.681869      22.781284        -4.785311e-11     
   24.681869      23.105144        -1.738818e-09     
   24.681869      23.405806        -4.339978e-08     
   24.681869      23.682459        1.884538e-06      
   24.681869      23.934358        1.657270e-04      
   24.681869      24.160824        2.592572e-03      
   24.681869      24.361246        1.329457e-02      
   24.681869      24.535084        3.021530e-02      
   24.681869      24.681869        3.928116e-02      
   24.681869      24.801206        3.644023e-02      
   24.681869      24.892773        2.895345e-02      
   24.681869      24.956326        2.264827e-02      
   24.681869      24.991706        1.917283e-02      
   24.801206      0.001580         -1.067661e-12     
   24.801206      0.008319         -5.631082e-12     
   24.801206      0.020424         -1.348647e-11     
   24.801206      0.037866         -2.431015e-11     
   24.801206      0.060596         -4.257569e-11     
   24.801206      0.088555         -4.663836e-11     
   24.801206      0.121667         7.786151e-11      
   24.801206      0.159843         -7.010429e-11     
   24.801206      0.202979         -4.290548e-11     
   24.801206      0.250960         3.082923e-11      
   24.801206      0.303656         -3.574534e-11     
   24.801206      0.360925         -1.429071e-10     
   24.801206      0.422613         -5.931294e-11     
   24.801206      0.488552         -2.951757e-11     
   24.801206      0.558567         -6.220605e-11     
   24.801206      0.632467         -6.635619e-11     
   24.801206      0.710054         -3.492828e-11     
   24.801206      0.791119         -8.731134e-12     
   24.801206      0.875442         7.693094e-14      
   24.801206      0.962797         8.623520e-13      
   24.801206      1.052948         5.844970e-13      
   24.801206      1.145653         4.383061e-13      
   24.801206      1.240660         3.282178e-13      
   24.801206      1.337714         2.538829e-13      
   24.801206      1.436554         2.029036e-13      
   24.801206      1.536913         1.648829e-13      
   24.801206      1.638520         1.359253e-13      
   24.801206      1.741102         1.135803e-13      
   24.801206      1.844381         9.599632e-14      
   24.801206      1.948080         8.189202e-14      
   24.801206      2.051920         7.037615e-14      
   24.801206      2.155619         6.081927e-14      
   24.801206      2.258898         5.277276e-14      
   24.801206      2.361480         4.591433e-14      
   24.801206      2.463087         4.001037e-14      
   24.801206      2.563446         3.488971e-14      
   24.801206      2.662286         3.042506e-14      
   24.801206      2.759340         2.651986e-14      
   24.801206      2.854347         2.309906e-14      
   24.801206      2.947052         2.010262e-14      
   24.801206      3.037203         1.748099e-14      
   24.801206      3.124558         1.519208e-14      
   24.801206      3.208881         1.319914e-14      
   24.801206      3.289946         1.146950e-14      
   24.801206      3.367533         9.973674e-15      
   24.801206      3.441433         8.684910e-15      
   24.801206      3.511448         7.578863e-15      
   24.801206      3.577387         6.633440e-15      
   24.801206      3.639075         5.828697e-15      
   24.801206      3.696344         5.146759e-15      
   24.801206      3.749040         4.571750e-15      
   24.801206      3.797021         4.089708e-15      
   24.801206      3.840157         3.688489e-15      
   24.801206      3.878333         3.357664e-15      
   24.801206      3.911445         3.088403e-15      
   24.801206      3.939404         2.873367e-15      
   24.801206      3.962134         2.706590e-15      
   24.801206      3.979576         2.583387e-15      
   24.801206      3.991681         2.500259e-15      
   24.801206      3.998420         2.454814e-15      
   24.801206      4.008294         2.389296e-15      
   24.801206      4.043674         2.164678e-15      
   24.801206      4.107227         1.799306e-15      
   24.801206      4.198794         1.351978e-15      
   24.801206      4.318131         8.920897e-16      
   24.801206      4.464916         4.851444e-16      
   24.801206      4.638754         1.784711e-16      
   24.801206      4.839176         -8.928221e-18     
   24.801206      5.065642         -8.836496e-17     
   24.801206      5.317541         -9.337378e-17     
   24.801206      5.594194         -6.415968e-17     
   24.801206      5.894856         -3.191781e-17     
   24.801206      6.218716         -1.108795e-17     
   24.801206      6.564900         -2.132382e-18     
   24.801206      6.932477         1.731318e-19      
   24.801206      7.320454         2.731031e-19      
   24.801206      7.727785         9.072986e-20      
   24.801206      8.153374         1.394996e-20      
   24.801206      8.596072         9.791750e-23      
   24.801206      9.054685         -3.415016e-22     
   24.801206      9.527979         -5.251165e-23     
   24.801206      10.014676        -1.818915e-24     
   24.801206      10.513464        2.648565e-25      
   24.801206      11.023000        2.577248e-26      
   24.801206      11.541909        2.698377e-28      
   24.801206      12.068793        -4.557985e-29     
   24.801206      12.602230        -1.381573e-30     
   24.801206      13.140784        1.516505e-32      
   24.801206      13.683002        8.702395e-34      
   24.801206      14.227422        2.957898e-36      
   24.801206      14.772578        -1.461966e-37     
   24.801206      15.316998        -1.510289e-39     
   24.801206      15.859216        -2.751385e-41     
   24.801206      16.397770        9.201866e-39      
   24.801206      16.931207        1.410509e-36      
   24.801206      17.458091        1.577693e-34      
   24.801206      17.977000        1.551599e-32      
   24.801206      18.486536        1.362846e-30      
   24.801206      18.985324        1.008458e-28      
   24.801206      19.472021        5.020776e-27      
   24.801206      19.945315        -8.438659e-26     
   24.801206      20.403928        -6.280054e-23     
   24.801206      20.846626        -9.821267e-21     
   24.801206      21.272215        -1.051142e-18     
   24.801206      21.679546        -8.774377e-17     
   24.801206      22.067523        -5.906182e-15     
   24.801206      22.435100        -3.202665e-13     
   24.801206      22.781284        -1.427834e-11     
   24.801206      23.105144        -5.319921e-10     
   24.801206      23.405806        -1.618660e-08     
   24.801206      23.682459        -1.435906e-07     
   24.801206      23.934358        2.298681e-05      
   24.801206      24.160824        6.936030e-04      
   24.801206      24.361246        5.806926e-03      
   24.801206      24.535084        1.991566e-02      
   24.801206      24.681869        3.644023e-02      
   24.801206      24.801206        4.435653e-02      
   24.801206      24.892773        4.311237e-02      
   24.801206      24.956326        3.857306e-02      
   24.801206      24.991706        3.509806e-02      
   24.892773      0.001580         -2.371800e-12     
   24.892773      0.008319         -1.250940e-11     
   24.892773      0.020424         -2.996016e-11     
   24.892773      0.037866         -5.400512e-11     
   24.892773      0.060596         -9.458092e-11     
   24.892773      0.088555         -1.036098e-10     
   24.892773      0.121667         1.729300e-10      
   24.892773      0.159843         -1.557421e-10     
   24.892773      0.202979         -9.532702e-11     
   24.892773      0.250960         6.847235e-11      
   24.892773      0.303656         -7.942268e-11     
   24.892773      0.360925         -3.174879e-10     
   24.892773      0.422613         -1.317782e-10     
   24.892773      0.488552         -6.558307e-11     
   24.892773      0.558567         -1.382179e-10     
   24.892773      0.632467         -1.474492e-10     
   24.892773      0.710054         -7.761946e-11     
   24.892773      0.791119         -1.940455e-11     
   24.892773      0.875442         1.706556e-13      
   24.892773      0.962797         1.916529e-12      
   24.892773      1.052948         1.299071e-12      
   24.892773      1.145653         9.742223e-13      
   24.892773      1.240660         7.295842e-13      
   24.892773      1.337714         5.643968e-13      
   24.892773      1.436554         4.511126e-13      
   24.892773      1.536913         3.666227e-13      
   24.892773      1.638520         3.022705e-13      
   24.892773      1.741102         2.526112e-13      
   24.892773      1.844381         2.135311e-13      
   24.892773      1.948080         1.821824e-13      
   24.892773      2.051920         1.565847e-13      
   24.892773      2.155619         1.353394e-13      
   24.892773      2.258898         1.174497e-13      
   24.892773      2.361480         1.021993e-13      
   24.892773      2.463087         8.906943e-14      
   24.892773      2.563446         7.767972e-14      
   24.892773      2.662286         6.774754e-14      
   24.892773      2.759340         5.905848e-14      
   24.892773      2.854347         5.144594e-14      
   24.892773      2.947052         4.477665e-14      
   24.892773      3.037203         3.894070e-14      
   24.892773      3.124558         3.384463e-14      
   24.892773      3.208881         2.940689e-14      
   24.892773      3.289946         2.555493e-14      
   24.892773      3.367533         2.222328e-14      
   24.892773      3.441433         1.935250e-14      
   24.892773      3.511448         1.688849e-14      
   24.892773      3.577387         1.478211e-14      
   24.892773      3.639075         1.298901e-14      
   24.892773      3.696344         1.146944e-14      
   24.892773      3.749040         1.018806e-14      
   24.892773      3.797021         9.113797e-15      
   24.892773      3.840157         8.219610e-15      
   24.892773      3.878333         7.482279e-15      
   24.892773      3.911445         6.882143e-15      
   24.892773      3.939404         6.402851e-15      
   24.892773      3.962134         6.031118e-15      
   24.892773      3.979576         5.756502e-15      
   24.892773      3.991681         5.571211e-15      
   24.892773      3.998420         5.469912e-15      
   24.892773      4.008294         5.323872e-15      
   24.892773      4.043674         4.823187e-15      
   24.892773      4.107227         4.008731e-15      
   24.892773      4.198794         3.011552e-15      
   24.892773      4.318131         1.986349e-15      
   24.892773      4.464916         1.079189e-15      
   24.892773      4.638754         3.956486e-16      
   24.892773      4.839176         -2.185349e-17     
   24.892773      5.065642         -1.985296e-16     
   24.892773      5.317541         -2.092051e-16     
   24.892773      5.594194         -1.436182e-16     
   24.892773      5.894856         -7.140455e-17     
   24.892773      6.218716         -2.478339e-17     
   24.892773      6.564900         -4.750525e-18     
   24.892773      6.932477         3.986551e-19      
   24.892773      7.320454         6.153008e-19      
   24.892773      7.727785         2.039717e-19      
   24.892773      8.153374         3.127620e-20      
   24.892773      8.596072         1.864527e-22      
   24.892773      9.054685         -7.745084e-22     
   24.892773      9.527979         -1.186101e-22     
   24.892773      10.014676        -4.051059e-24     
   24.892773      10.513464        6.068283e-25      
   24.892773      11.023000        5.860349e-26      
   24.892773      11.541909        5.900665e-28      
   24.892773      12.068793        -1.052021e-28     
   24.892773      12.602230        -3.153035e-30     
   24.892773      13.140784        3.643581e-32      
   24.892773      13.683002        2.023533e-33      
   24.892773      14.227422        6.156374e-36      
   24.892773      14.772578        -3.520951e-37     
   24.892773      15.316998        -3.382193e-39     
   24.892773      15.859216        6.459812e-40      
   24.892773      16.397770        4.781409e-38      
   24.892773      16.931207        3.892254e-36      
   24.892773      17.458091        3.363736e-34      
   24.892773      17.977000        3.013026e-32      
   24.892773      18.486536        2.726549e-30      
   24.892773      18.985324        2.423928e-28      
   24.892773      19.472021        2.051504e-26      
   24.892773      19.945315        1.596112e-24      
   24.892773      20.403928        1.090943e-22      
   24.892773      20.846626        6.112653e-21      
   24.892773      21.272215        2.420838e-19      
   24.892773      21.679546        2.613954e-18      
   24.892773      22.067523        -5.663922e-16     
   24.892773      22.435100        -5.797824e-14     
   24.892773      22.781284        -3.498755e-12     
   24.892773      23.105144        -1.555936e-10     
   24.892773      23.405806        -5.423547e-09     
   24.892773      23.682459        -1.163822e-07     
   24.892773      23.934358        3.367425e-06      
   24.892773      24.160824        2.093406e-04      
   24.892773      24.361246        2.603718e-03      
   24.892773      24.535084        1.224447e-02      
   24.892773      24.681869        2.895345e-02      
   24.892773      24.801206        4.311237e-02      
   24.892773      24.892773        4.865256e-02      
   24.892773      24.956326        4.812333e-02      
   24.892773      24.991706        4.623954e-02      
   24.956326      0.001580         -6.067502e-12     
   24.956326      0.008319         -3.200126e-11     
   24.956326      0.020424         -7.664613e-11     
   24.956326      0.037866         -1.381639e-10     
   24.956326      0.060596         -2.419259e-10     
   24.956326      0.088555         -2.651327e-10     
   24.956326      0.121667         4.410441e-10      
   24.956326      0.159843         -3.985158e-10     
   24.956326      0.202979         -2.441892e-10     
   24.956326      0.250960         1.745867e-10      
   24.956326      0.303656         -2.034849e-10     
   24.956326      0.360925         -8.119391e-10     
   24.956326      0.422613         -3.370815e-10     
   24.956326      0.488552         -1.677645e-10     
   24.956326      0.558567         -3.536238e-10     
   24.956326      0.632467         -3.773651e-10     
   24.956326      0.710054         -1.987216e-10     
   24.956326      0.791119         -4.970127e-11     
   24.956326      0.875442         4.324208e-13      
   24.956326      0.962797         4.907413e-12      
   24.956326      1.052948         3.326325e-12      
   24.956326      1.145653         2.494797e-12      
   24.956326      1.240660         1.868492e-12      
   24.956326      1.337714         1.445587e-12      
   24.956326      1.436554         1.155602e-12      
   24.956326      1.536913         9.393147e-13      
   24.956326      1.638520         7.745553e-13      
   24.956326      1.741102         6.473992e-13      
   24.956326      1.844381         5.473202e-13      
   24.956326      1.948080         4.670305e-13      
   24.956326      2.051920         4.014614e-13      
   24.956326      2.155619         3.470331e-13      
   24.956326      2.258898         3.011944e-13      
   24.956326      2.361480         2.621125e-13      
   24.956326      2.463087         2.284592e-13      
   24.956326      2.563446         1.992618e-13      
   24.956326      2.662286         1.737968e-13      
   24.956326      2.759340         1.515159e-13      
   24.956326      2.854347         1.319929e-13      
   24.956326      2.947052         1.148869e-13      
   24.956326      3.037203         9.991657e-14      
   24.956326      3.124558         8.684290e-14      
   24.956326      3.208881         7.545717e-14      
   24.956326      3.289946         6.557356e-14      
   24.956326      3.367533         5.702447e-14      
   24.956326      3.441433         4.965755e-14      
   24.956326      3.511448         4.333416e-14      
   24.956326      3.577387         3.792838e-14      
   24.956326      3.639075         3.332648e-14      
   24.956326      3.696344         2.942647e-14      
   24.956326      3.749040         2.613773e-14      
   24.956326      3.797021         2.338053e-14      
   24.956326      3.840157         2.108550e-14      
   24.956326      3.878333         1.919306e-14      
   24.956326      3.911445         1.765275e-14      
   24.956326      3.939404         1.642260e-14      
   24.956326      3.962134         1.546851e-14      
   24.956326      3.979576         1.476368e-14      
   24.956326      3.991681         1.428812e-14      
   24.956326      3.998420         1.402813e-14      
   24.956326      4.008294         1.365331e-14      
   24.956326      4.043674         1.236827e-14      
   24.956326      4.107227         1.027797e-14      
   24.956326      4.198794         7.718820e-15      
   24.956326      4.318131         5.087982e-15      
   24.956326      4.464916         2.760471e-15      
   24.956326      4.638754         1.007338e-15      
   24.956326      4.839176         -6.258280e-17     
   24.956326      5.065642         -5.141872e-16     
   24.956326      5.317541         -5.398125e-16     
   24.956326      5.594194         -3.700623e-16     
   24.956326      5.894856         -1.838104e-16     
   24.956326      6.218716         -6.371207e-17     
   24.956326      6.564900         -1.215982e-17     
   24.956326      6.932477         1.060626e-18      
   24.956326      7.320454         1.595397e-18      
   24.956326      7.727785         5.272935e-19      
   24.956326      8.153374         8.055816e-20      
   24.956326      8.596072         3.794994e-22      
   24.956326      9.054685         -2.019744e-21     
   24.956326      9.527979         -3.076813e-22     
   24.956326      10.014676        -1.033077e-23     
   24.956326      10.513464        1.597545e-24      
   24.956326      11.023000        1.528518e-25      
   24.956326      11.541909        1.468622e-27      
   24.956326      12.068793        -2.784251e-28     
   24.956326      12.602230        -8.232321e-30     
   24.956326      13.140784        1.002317e-31      
   24.956326      13.683002        5.374966e-33      
   24.956326      14.227422        1.439913e-35      
   24.956326      14.772578        -9.634931e-37     
   24.956326      15.316998        -8.685165e-39     
   24.956326      15.859216        8.910304e-40      
   24.956326      16.397770        6.100897e-38      
   24.956326      16.931207        4.745975e-36      
   24.956326      17.458091        3.970946e-34      
   24.956326      17.977000        3.492655e-32      
   24.956326      18.486536        3.151836e-30      
   24.956326      18.985324        2.844654e-28      
   24.956326      19.472021        2.499583e-26      
   24.956326      19.945315        2.080219e-24      
   24.956326      20.403928        1.592923e-22      
   24.956326      20.846626        1.088235e-20      
   24.956326      21.272215        6.419500e-19      
   24.956326      21.679546        3.145290e-17      
   24.956326      22.067523        1.198176e-15      
   24.956326      22.435100        3.128816e-14      
   24.956326      22.781284        2.555834e-13      
   24.956326      23.105144        -2.424544e-11     
   24.956326      23.405806        -1.579493e-09     
   24.956326      23.682459        -4.872020e-08     
   24.956326      23.934358        6.746212e-07      
   24.956326      24.160824        8.484726e-05      
   24.956326      24.361246        1.388520e-03      
   24.956326      24.535084        8.073753e-03      
   24.956326      24.681869        2.264827e-02      
   24.956326      24.801206        3.857306e-02      
   24.956326      24.892773        4.812333e-02      
   24.956326      24.956326        5.095607e-02      
   24.956326      24.991706        5.082586e-02      
   24.991706      0.001580         -3.394609e-11     
   24.991706      0.008319         -1.790397e-10     
   24.991706      0.020424         -4.287903e-10     
   24.991706      0.037866         -7.729039e-10     
   24.991706      0.060596         -1.353807e-09     
   24.991706      0.088555         -1.482559e-09     
   24.991706      0.121667         2.480859e-09      
   24.991706      0.159843         -2.228620e-09     
   24.991706      0.202979         -1.362951e-09     
   24.991706      0.250960         9.825323e-10      
   24.991706      0.303656         -1.135398e-09     
   24.991706      0.360925         -4.545174e-09     
   24.991706      0.422613         -1.886214e-09     
   24.991706      0.488552         -9.386849e-10     
   24.991706      0.558567         -1.978107e-09     
   24.991706      0.632467         -2.109699e-09     
   24.991706      0.710054         -1.110259e-09     
   24.991706      0.791119         -2.774418e-10     
   24.991706      0.875442         2.494016e-12      
   24.991706      0.962797         2.744329e-11      
   24.991706      1.052948         1.860970e-11      
   24.991706      1.145653         1.395984e-11      
   24.991706      1.240660         1.045795e-11      
   24.991706      1.337714         8.092738e-12      
   24.991706      1.436554         6.469994e-12      
   24.991706      1.536913         5.259428e-12      
   24.991706      1.638520         4.337236e-12      
   24.991706      1.741102         3.625450e-12      
   24.991706      1.844381         3.065174e-12      
   24.991706      1.948080         2.615641e-12      
   24.991706      2.051920         2.248495e-12      
   24.991706      2.155619         1.943706e-12      
   24.991706      2.258898         1.686998e-12      
   24.991706      2.361480         1.468117e-12      
   24.991706      2.463087         1.279629e-12      
   24.991706      2.563446         1.116089e-12      
   24.991706      2.662286         9.734505e-13      
   24.991706      2.759340         8.486430e-13      
   24.991706      2.854347         7.392812e-13      
   24.991706      2.947052         6.434569e-13      
   24.991706      3.037203         5.595957e-13      
   24.991706      3.124558         4.863588e-13      
   24.991706      3.208881         4.225774e-13      
   24.991706      3.289946         3.672111e-13      
   24.991706      3.367533         3.193210e-13      
   24.991706      3.441433         2.780537e-13      
   24.991706      3.511448         2.426326e-13      
   24.991706      3.577387         2.123522e-13      
   24.991706      3.639075         1.865752e-13      
   24.991706      3.696344         1.647304e-13      
   24.991706      3.749040         1.463099e-13      
   24.991706      3.797021         1.308670e-13      
   24.991706      3.840157         1.180130e-13      
   24.991706      3.878333         1.074142e-13      
   24.991706      3.911445         9.878765e-14      
   24.991706      3.939404         9.189834e-14      
   24.991706      3.962134         8.655519e-14      
   24.991706      3.979576         8.260806e-14      
   24.991706      3.991681         7.994485e-14      
   24.991706      3.998420         7.848889e-14      
   24.991706      4.008294         7.638988e-14      
   24.991706      4.043674         6.919384e-14      
   24.991706      4.107227         5.748894e-14      
   24.991706      4.198794         4.315993e-14      
   24.991706      4.318131         2.843165e-14      
   24.991706      4.464916         1.540464e-14      
   24.991706      4.638754         5.596611e-15      
   24.991706      4.839176         -3.838985e-16     
   24.991706      5.065642         -2.901788e-15     
   24.991706      5.317541         -3.035746e-15     
   24.991706      5.594194         -2.078262e-15     
   24.991706      5.894856         -1.031253e-15     
   24.991706      6.218716         -3.569794e-16     
   24.991706      6.564900         -6.786337e-17     
   24.991706      6.932477         6.115391e-18      
   24.991706      7.320454         9.000635e-18      
   24.991706      7.727785         2.966547e-18      
   24.991706      8.153374         4.517087e-19      
   24.991706      8.596072         1.648454e-21      
   24.991706      9.054685         -1.143723e-20     
   24.991706      9.527979         -1.734186e-21     
   24.991706      10.014676        -5.737971e-23     
   24.991706      10.513464        9.106713e-24      
   24.991706      11.023000        8.644398e-25      
   24.991706      11.541909        7.979394e-27      
   24.991706      12.068793        -1.591512e-27     
   24.991706      12.602230        -4.652591e-29     
   24.991706      13.140784        5.889983e-31      
   24.991706      13.683002        3.074511e-32      
   24.991706      14.227422        7.399953e-35      
   24.991706      14.772578        -5.618752e-36     
   24.991706      15.316998        -4.841078e-38     
   24.991706      15.859216        1.091414e-39      
   24.991706      16.397770        6.285971e-38      
   24.991706      16.931207        4.843419e-36      
   24.991706      17.458091        4.023506e-34      
   24.991706      17.977000        3.524128e-32      
   24.991706      18.486536        3.178658e-30      
   24.991706      18.985324        2.880221e-28      
   24.991706      19.472021        2.554782e-26      
   24.991706      19.945315        2.160559e-24      
   24.991706      20.403928        1.695657e-22      
   24.991706      20.846626        1.201216e-20      
   24.991706      21.272215        7.471356e-19      
   24.991706      21.679546        3.964815e-17      
   24.991706      22.067523        1.731064e-15      
   24.991706      22.435100        5.959319e-14      
   24.991706      22.781284        1.490146e-12      
   24.991706      23.105144        2.004087e-11      
   24.991706      23.405806        -2.625970e-10     
   24.991706      23.682459        -2.033501e-08     
   24.991706      23.934358        3.127619e-07      
   24.991706      24.160824        5.101083e-05      
   24.991706      24.361246        9.598084e-04      
   24.991706      24.535084        6.240924e-03      
   24.991706      24.681869        1.917283e-02      
   24.991706      24.801206        3.509806e-02      
   24.991706      24.892773        4.623954e-02      
   24.991706      24.956326        5.082586e-02      
   24.991706      24.991706        5.175401e-02      
