#       k             kp                  V           
   0.001580       0.001580         4.382263e-06      
   0.001580       0.008319         2.307641e-05      
   0.001580       0.020424         5.660382e-05      
   0.001580       0.037866         1.046272e-04      
   0.001580       0.060596         1.663836e-04      
   0.001580       0.088555         2.403482e-04      
   0.001580       0.121667         3.239533e-04      
   0.001580       0.159843         4.134309e-04      
   0.001580       0.202979         5.038788e-04      
   0.001580       0.250960         5.896819e-04      
   0.001580       0.303656         6.653027e-04      
   0.001580       0.360925         7.262431e-04      
   0.001580       0.422613         7.698447e-04      
   0.001580       0.488552         7.956064e-04      
   0.001580       0.558567         8.049409e-04      
   0.001580       0.632467         8.005996e-04      
   0.001580       0.710054         7.860881e-04      
   0.001580       0.791119         7.651714e-04      
   0.001580       0.875442         7.413572e-04      
   0.001580       0.962797         7.173894e-04      
   0.001580       1.052948         6.950484e-04      
   0.001580       1.145653         6.753864e-04      
   0.001580       1.240660         6.590354e-04      
   0.001580       1.337714         6.462272e-04      
   0.001580       1.436554         6.367318e-04      
   0.001580       1.536913         6.300520e-04      
   0.001580       1.638520         6.256855e-04      
   0.001580       1.741102         6.231142e-04      
   0.001580       1.844381         6.217144e-04      
   0.001580       1.948080         6.208785e-04      
   0.001580       2.051920         6.201495e-04      
   0.001580       2.155619         6.191512e-04      
   0.001580       2.258898         6.175209e-04      
   0.001580       2.361480         6.149961e-04      
   0.001580       2.463087         6.114563e-04      
   0.001580       2.563446         6.068405e-04      
   0.001580       2.662286         6.011113e-04      
   0.001580       2.759340         5.943061e-04      
   0.001580       2.854347         5.865391e-04      
   0.001580       2.947052         5.779417e-04      
   0.001580       3.037203         5.686417e-04      
   0.001580       3.124558         5.587877e-04      
   0.001580       3.208881         5.485539e-04      
   0.001580       3.289946         5.381100e-04      
   0.001580       3.367533         5.276043e-04      
   0.001580       3.441433         5.171710e-04      
   0.001580       3.511448         5.069405e-04      
   0.001580       3.577387         4.970363e-04      
   0.001580       3.639075         4.875670e-04      
   0.001580       3.696344         4.786222e-04      
   0.001580       3.749040         4.702761e-04      
   0.001580       3.797021         4.625910e-04      
   0.001580       3.840157         4.556205e-04      
   0.001580       3.878333         4.494099e-04      
   0.001580       3.911445         4.439963e-04      
   0.001580       3.939404         4.394089e-04      
   0.001580       3.962134         4.356700e-04      
   0.001580       3.979576         4.327964e-04      
   0.001580       3.991681         4.307998e-04      
   0.001580       3.998420         4.296876e-04      
   0.001580       4.008294         4.280573e-04      
   0.001580       4.043674         4.222083e-04      
   0.001580       4.107227         4.116838e-04      
   0.001580       4.198794         3.965085e-04      
   0.001580       4.318131         3.767898e-04      
   0.001580       4.464916         3.528048e-04      
   0.001580       4.638754         3.250190e-04      
   0.001580       4.839176         2.941108e-04      
   0.001580       5.065642         2.610038e-04      
   0.001580       5.317541         2.267639e-04      
   0.001580       5.594194         1.925457e-04      
   0.001580       5.894856         1.594939e-04      
   0.001580       6.218716         1.286243e-04      
   0.001580       6.564900         1.007528e-04      
   0.001580       6.932477         7.644568e-05      
   0.001580       7.320454         5.599930e-05      
   0.001580       7.727785         3.944077e-05      
   0.001580       8.153374         2.656864e-05      
   0.001580       8.596072         1.699478e-05      
   0.001580       9.054685         1.021874e-05      
   0.001580       9.527979         5.688395e-06      
   0.001580       10.014676        2.849322e-06      
   0.001580       10.513464        1.210932e-06      
   0.001580       11.023000        3.625813e-07      
   0.001580       11.541909        -8.366588e-09     
   0.001580       12.068793        -1.191261e-07     
   0.001580       12.602230        -1.125711e-07     
   0.001580       13.140784        -6.891555e-08     
   0.001580       13.683002        -2.428816e-08     
   0.001580       14.227422        7.445249e-09      
   0.001580       14.772578        2.020183e-08      
   0.001580       15.316998        2.341651e-08      
   0.001580       15.859216        2.441692e-08      
   0.001580       16.397770        1.666921e-08      
   0.001580       16.931207        1.028343e-08      
   0.001580       17.458091        9.572784e-09      
   0.001580       17.977000        3.718819e-09      
   0.001580       18.486536        9.881852e-10      
   0.001580       18.985324        2.639255e-09      
   0.001580       19.472021        -4.966771e-10     
   0.001580       19.945315        2.028069e-10      
   0.001580       20.403928        -3.054468e-11     
   0.001580       20.846626        -4.935876e-10     
   0.001580       21.272215        3.899169e-10      
   0.001580       21.679546        -1.087572e-09     
   0.001580       22.067523        6.104863e-10      
   0.001580       22.435100        -4.978285e-10     
   0.001580       22.781284        2.169450e-10      
   0.001580       23.105144        -4.966056e-11     
   0.001580       23.405806        -5.629578e-10     
   0.001580       23.682459        6.836017e-10      
   0.001580       23.934358        -2.424697e-10     
   0.001580       24.160824        -4.739542e-10     
   0.001580       24.361246        5.087546e-10      
   0.001580       24.535084        4.196410e-10      
   0.001580       24.681869        -4.208385e-10     
   0.001580       24.801206        -7.290961e-10     
   0.001580       24.892773        -4.254886e-10     
   0.001580       24.956326        -3.409462e-11     
   0.001580       24.991706        1.886748e-10      
   0.008319       0.001580         2.307641e-05      
   0.008319       0.008319         1.215173e-04      
   0.008319       0.020424         2.980683e-04      
   0.008319       0.037866         5.509531e-04      
   0.008319       0.060596         8.761551e-04      
   0.008319       0.088555         1.265645e-03      
   0.008319       0.121667         1.705903e-03      
   0.008319       0.159843         2.177089e-03      
   0.008319       0.202979         2.653389e-03      
   0.008319       0.250960         3.105236e-03      
   0.008319       0.303656         3.503465e-03      
   0.008319       0.360925         3.824386e-03      
   0.008319       0.422613         4.053996e-03      
   0.008319       0.488552         4.189655e-03      
   0.008319       0.558567         4.238804e-03      
   0.008319       0.632467         4.215937e-03      
   0.008319       0.710054         4.139519e-03      
   0.008319       0.791119         4.029376e-03      
   0.008319       0.875442         3.903974e-03      
   0.008319       0.962797         3.777760e-03      
   0.008319       1.052948         3.660110e-03      
   0.008319       1.145653         3.556569e-03      
   0.008319       1.240660         3.470466e-03      
   0.008319       1.337714         3.403020e-03      
   0.008319       1.436554         3.353017e-03      
   0.008319       1.536913         3.317842e-03      
   0.008319       1.638520         3.294847e-03      
   0.008319       1.741102         3.281306e-03      
   0.008319       1.844381         3.273935e-03      
   0.008319       1.948080         3.269534e-03      
   0.008319       2.051920         3.265695e-03      
   0.008319       2.155619         3.260437e-03      
   0.008319       2.258898         3.251852e-03      
   0.008319       2.361480         3.238557e-03      
   0.008319       2.463087         3.219917e-03      
   0.008319       2.563446         3.195610e-03      
   0.008319       2.662286         3.165440e-03      
   0.008319       2.759340         3.129604e-03      
   0.008319       2.854347         3.088703e-03      
   0.008319       2.947052         3.043430e-03      
   0.008319       3.037203         2.994456e-03      
   0.008319       3.124558         2.942565e-03      
   0.008319       3.208881         2.888673e-03      
   0.008319       3.289946         2.833676e-03      
   0.008319       3.367533         2.778353e-03      
   0.008319       3.441433         2.723412e-03      
   0.008319       3.511448         2.669538e-03      
   0.008319       3.577387         2.617383e-03      
   0.008319       3.639075         2.567518e-03      
   0.008319       3.696344         2.520415e-03      
   0.008319       3.749040         2.476464e-03      
   0.008319       3.797021         2.435994e-03      
   0.008319       3.840157         2.399288e-03      
   0.008319       3.878333         2.366584e-03      
   0.008319       3.911445         2.338076e-03      
   0.008319       3.939404         2.313918e-03      
   0.008319       3.962134         2.294230e-03      
   0.008319       3.979576         2.279097e-03      
   0.008319       3.991681         2.268583e-03      
   0.008319       3.998420         2.262726e-03      
   0.008319       4.008294         2.254141e-03      
   0.008319       4.043674         2.223341e-03      
   0.008319       4.107227         2.167919e-03      
   0.008319       4.198794         2.088006e-03      
   0.008319       4.318131         1.984167e-03      
   0.008319       4.464916         1.857863e-03      
   0.008319       4.638754         1.711544e-03      
   0.008319       4.839176         1.548781e-03      
   0.008319       5.065642         1.374441e-03      
   0.008319       5.317541         1.194134e-03      
   0.008319       5.594194         1.013942e-03      
   0.008319       5.894856         8.398916e-04      
   0.008319       6.218716         6.773328e-04      
   0.008319       6.564900         5.305624e-04      
   0.008319       6.932477         4.025614e-04      
   0.008319       7.320454         2.948912e-04      
   0.008319       7.727785         2.076944e-04      
   0.008319       8.153374         1.399100e-04      
   0.008319       8.596072         8.949419e-05      
   0.008319       9.054685         5.381170e-05      
   0.008319       9.527979         2.995496e-05      
   0.008319       10.014676        1.500445e-05      
   0.008319       10.513464        6.376727e-06      
   0.008319       11.023000        1.909342e-06      
   0.008319       11.541909        -4.406657e-08     
   0.008319       12.068793        -6.273272e-07     
   0.008319       12.602230        -5.928020e-07     
   0.008319       13.140784        -3.629188e-07     
   0.008319       13.683002        -1.279102e-07     
   0.008319       14.227422        3.920077e-08      
   0.008319       14.772578        1.063734e-07      
   0.008319       15.316998        1.233075e-07      
   0.008319       15.859216        1.285753e-07      
   0.008319       16.397770        8.777651e-08      
   0.008319       16.931207        5.415215e-08      
   0.008319       17.458091        5.040833e-08      
   0.008319       17.977000        1.958161e-08      
   0.008319       18.486536        5.203181e-09      
   0.008319       18.985324        1.389680e-08      
   0.008319       19.472021        -2.617597e-09     
   0.008319       19.945315        1.066569e-09      
   0.008319       20.403928        -1.609782e-10     
   0.008319       20.846626        -2.598282e-09     
   0.008319       21.272215        2.054352e-09      
   0.008319       21.679546        -5.727051e-09     
   0.008319       22.067523        3.214361e-09      
   0.008319       22.435100        -2.621158e-09     
   0.008319       22.781284        1.142719e-09      
   0.008319       23.105144        -2.619774e-10     
   0.008319       23.405806        -2.964236e-09     
   0.008319       23.682459        3.599541e-09      
   0.008319       23.934358        -1.276494e-09     
   0.008319       24.160824        -2.496237e-09     
   0.008319       24.361246        2.679386e-09      
   0.008319       24.535084        2.209862e-09      
   0.008319       24.681869        -2.216539e-09     
   0.008319       24.801206        -3.839299e-09     
   0.008319       24.892773        -2.240241e-09     
   0.008319       24.956326        -1.792880e-10     
   0.008319       24.991706        9.936636e-10      
   0.020424       0.001580         5.660382e-05      
   0.020424       0.008319         2.980683e-04      
   0.020424       0.020424         7.311292e-04      
   0.020424       0.037866         1.351435e-03      
   0.020424       0.060596         2.149147e-03      
   0.020424       0.088555         3.104599e-03      
   0.020424       0.121667         4.184676e-03      
   0.020424       0.159843         5.340775e-03      
   0.020424       0.202979         6.509645e-03      
   0.020424       0.250960         7.618811e-03      
   0.020424       0.303656         8.596739e-03      
   0.020424       0.360925         9.385251e-03      
   0.020424       0.422613         9.949865e-03      
   0.020424       0.488552         1.028394e-02      
   0.020424       0.558567         1.040559e-02      
   0.020424       0.632467         1.035028e-02      
   0.020424       0.710054         1.016329e-02      
   0.020424       0.791119         9.893264e-03      
   0.020424       0.875442         9.585544e-03      
   0.020424       0.962797         9.275637e-03      
   0.020424       1.052948         8.986635e-03      
   0.020424       1.145653         8.732220e-03      
   0.020424       1.240660         8.520607e-03      
   0.020424       1.337714         8.354825e-03      
   0.020424       1.436554         8.231931e-03      
   0.020424       1.536913         8.145523e-03      
   0.020424       1.638520         8.089092e-03      
   0.020424       1.741102         8.055913e-03      
   0.020424       1.844381         8.037903e-03      
   0.020424       1.948080         8.027187e-03      
   0.020424       2.051920         8.017833e-03      
   0.020424       2.155619         8.004960e-03      
   0.020424       2.258898         7.983883e-03      
   0.020424       2.361480         7.951215e-03      
   0.020424       2.463087         7.905407e-03      
   0.020424       2.563446         7.845681e-03      
   0.020424       2.662286         7.771569e-03      
   0.020424       2.759340         7.683561e-03      
   0.020424       2.854347         7.583134e-03      
   0.020424       2.947052         7.471987e-03      
   0.020424       3.037203         7.351766e-03      
   0.020424       3.124558         7.224393e-03      
   0.020424       3.208881         7.092108e-03      
   0.020424       3.289946         6.957103e-03      
   0.020424       3.367533         6.821293e-03      
   0.020424       3.441433         6.686413e-03      
   0.020424       3.511448         6.554148e-03      
   0.020424       3.577387         6.426097e-03      
   0.020424       3.639075         6.303664e-03      
   0.020424       3.696344         6.188011e-03      
   0.020424       3.749040         6.080095e-03      
   0.020424       3.797021         5.980726e-03      
   0.020424       3.840157         5.890598e-03      
   0.020424       3.878333         5.810296e-03      
   0.020424       3.911445         5.740299e-03      
   0.020424       3.939404         5.680985e-03      
   0.020424       3.962134         5.632643e-03      
   0.020424       3.979576         5.595488e-03      
   0.020424       3.991681         5.569673e-03      
   0.020424       3.998420         5.555293e-03      
   0.020424       4.008294         5.534213e-03      
   0.020424       4.043674         5.458590e-03      
   0.020424       4.107227         5.322517e-03      
   0.020424       4.198794         5.126319e-03      
   0.020424       4.318131         4.871392e-03      
   0.020424       4.464916         4.561317e-03      
   0.020424       4.638754         4.202104e-03      
   0.020424       4.839176         3.802507e-03      
   0.020424       5.065642         3.374458e-03      
   0.020424       5.317541         2.931754e-03      
   0.020424       5.594194         2.489359e-03      
   0.020424       5.894856         2.062065e-03      
   0.020424       6.218716         1.662962e-03      
   0.020424       6.564900         1.302598e-03      
   0.020424       6.932477         9.883393e-04      
   0.020424       7.320454         7.240109e-04      
   0.020424       7.727785         5.099183e-04      
   0.020424       8.153374         3.434923e-04      
   0.020424       8.596072         2.197286e-04      
   0.020424       9.054685         1.321135e-04      
   0.020424       9.527979         7.354118e-05      
   0.020424       10.014676        3.684327e-05      
   0.020424       10.513464        1.565138e-05      
   0.020424       11.023000        4.690025e-06      
   0.020424       11.541909        -1.079432e-07     
   0.020424       12.068793        -1.542051e-06     
   0.020424       12.602230        -1.452816e-06     
   0.020424       13.140784        -8.933849e-07     
   0.020424       13.683002        -3.122699e-07     
   0.020424       14.227422        9.534370e-08      
   0.020424       14.772578        2.612853e-07      
   0.020424       15.316998        3.033029e-07      
   0.020424       15.859216        3.147725e-07      
   0.020424       16.397770        2.164178e-07      
   0.020424       16.931207        1.323085e-07      
   0.020424       17.458091        1.240588e-07      
   0.020424       17.977000        4.808603e-08      
   0.020424       18.486536        1.257581e-08      
   0.020424       18.985324        3.438318e-08      
   0.020424       19.472021        -6.605671e-09     
   0.020424       19.945315        2.642874e-09      
   0.020424       20.403928        -2.988055e-10     
   0.020424       20.846626        -6.482588e-09     
   0.020424       21.272215        5.061850e-09      
   0.020424       21.679546        -1.398817e-08     
   0.020424       22.067523        7.820674e-09      
   0.020424       22.435100        -6.425314e-09     
   0.020424       22.781284        2.833043e-09      
   0.020424       23.105144        -6.492526e-10     
   0.020424       23.405806        -7.281129e-09     
   0.020424       23.682459        8.808615e-09      
   0.020424       23.934358        -3.117933e-09     
   0.020424       24.160824        -6.095221e-09     
   0.020424       24.361246        6.562094e-09      
   0.020424       24.535084        5.395745e-09      
   0.020424       24.681869        -5.437859e-09     
   0.020424       24.801206        -9.399934e-09     
   0.020424       24.892773        -5.482352e-09     
   0.020424       24.956326        -4.389282e-10     
   0.020424       24.991706        2.430722e-09      
   0.037866       0.001580         1.046272e-04      
   0.037866       0.008319         5.509531e-04      
   0.037866       0.020424         1.351435e-03      
   0.037866       0.037866         2.498051e-03      
   0.037866       0.060596         3.972678e-03      
   0.037866       0.088555         5.739094e-03      
   0.037866       0.121667         7.736297e-03      
   0.037866       0.159843         9.874728e-03      
   0.037866       0.202979         1.203777e-02      
   0.037866       0.250960         1.409167e-02      
   0.037866       0.303656         1.590418e-02      
   0.037866       0.360925         1.736747e-02      
   0.037866       0.422613         1.841723e-02      
   0.037866       0.488552         1.904054e-02      
   0.037866       0.558567         1.927040e-02      
   0.037866       0.632467         1.917219e-02      
   0.037866       0.710054         1.882960e-02      
   0.037866       0.791119         1.833267e-02      
   0.037866       0.875442         1.776528e-02      
   0.037866       0.962797         1.719325e-02      
   0.037866       1.052948         1.665946e-02      
   0.037866       1.145653         1.618939e-02      
   0.037866       1.240660         1.579825e-02      
   0.037866       1.337714         1.549162e-02      
   0.037866       1.436554         1.526412e-02      
   0.037866       1.536913         1.510396e-02      
   0.037866       1.638520         1.499914e-02      
   0.037866       1.741102         1.493722e-02      
   0.037866       1.844381         1.490333e-02      
   0.037866       1.948080         1.488297e-02      
   0.037866       2.051920         1.486519e-02      
   0.037866       2.155619         1.484094e-02      
   0.037866       2.258898         1.480159e-02      
   0.037866       2.361480         1.474087e-02      
   0.037866       2.463087         1.465586e-02      
   0.037866       2.563446         1.454510e-02      
   0.037866       2.662286         1.440771e-02      
   0.037866       2.759340         1.424458e-02      
   0.037866       2.854347         1.405842e-02      
   0.037866       2.947052         1.385238e-02      
   0.037866       3.037203         1.362952e-02      
   0.037866       3.124558         1.339341e-02      
   0.037866       3.208881         1.314819e-02      
   0.037866       3.289946         1.289794e-02      
   0.037866       3.367533         1.264619e-02      
   0.037866       3.441433         1.239619e-02      
   0.037866       3.511448         1.215103e-02      
   0.037866       3.577387         1.191370e-02      
   0.037866       3.639075         1.168677e-02      
   0.037866       3.696344         1.147240e-02      
   0.037866       3.749040         1.127238e-02      
   0.037866       3.797021         1.108819e-02      
   0.037866       3.840157         1.092113e-02      
   0.037866       3.878333         1.077228e-02      
   0.037866       3.911445         1.064253e-02      
   0.037866       3.939404         1.053258e-02      
   0.037866       3.962134         1.044297e-02      
   0.037866       3.979576         1.037409e-02      
   0.037866       3.991681         1.032623e-02      
   0.037866       3.998420         1.029958e-02      
   0.037866       4.008294         1.026050e-02      
   0.037866       4.043674         1.012030e-02      
   0.037866       4.107227         9.868029e-03      
   0.037866       4.198794         9.504265e-03      
   0.037866       4.318131         9.031587e-03      
   0.037866       4.464916         8.456619e-03      
   0.037866       4.638754         7.790523e-03      
   0.037866       4.839176         7.049586e-03      
   0.037866       5.065642         6.255965e-03      
   0.037866       5.317541         5.435241e-03      
   0.037866       5.594194         4.615105e-03      
   0.037866       5.894856         3.822963e-03      
   0.037866       6.218716         3.083114e-03      
   0.037866       6.564900         2.415070e-03      
   0.037866       6.932477         1.832391e-03      
   0.037866       7.320454         1.342231e-03      
   0.037866       7.727785         9.453077e-04      
   0.037866       8.153374         6.368119e-04      
   0.037866       8.596072         4.073894e-04      
   0.037866       9.054685         2.449793e-04      
   0.037866       9.527979         1.363461e-04      
   0.037866       10.014676        6.826335e-05      
   0.037866       10.513464        2.901087e-05      
   0.037866       11.023000        8.711408e-06      
   0.037866       11.541909        -1.815191e-07     
   0.037866       12.068793        -2.864689e-06     
   0.037866       12.602230        -2.714910e-06     
   0.037866       13.140784        -1.649720e-06     
   0.037866       13.683002        -5.691438e-07     
   0.037866       14.227422        1.800770e-07      
   0.037866       14.772578        4.751547e-07      
   0.037866       15.316998        5.582283e-07      
   0.037866       15.859216        5.905134e-07      
   0.037866       16.397770        4.033245e-07      
   0.037866       16.931207        2.439374e-07      
   0.037866       17.458091        2.257717e-07      
   0.037866       17.977000        9.012944e-08      
   0.037866       18.486536        2.629248e-08      
   0.037866       18.985324        6.333459e-08      
   0.037866       19.472021        -1.304138e-08     
   0.037866       19.945315        3.871124e-09      
   0.037866       20.403928        -3.635575e-10     
   0.037866       20.846626        -1.101066e-08     
   0.037866       21.272215        9.472815e-09      
   0.037866       21.679546        -2.614521e-08     
   0.037866       22.067523        1.417227e-08      
   0.037866       22.435100        -1.195844e-08     
   0.037866       22.781284        5.234896e-09      
   0.037866       23.105144        -1.082864e-09     
   0.037866       23.405806        -1.325579e-08     
   0.037866       23.682459        1.627313e-08      
   0.037866       23.934358        -5.800755e-09     
   0.037866       24.160824        -1.127772e-08     
   0.037866       24.361246        1.202898e-08      
   0.037866       24.535084        9.858987e-09      
   0.037866       24.681869        -1.005173e-08     
   0.037866       24.801206        -1.728820e-08     
   0.037866       24.892773        -1.006453e-08     
   0.037866       24.956326        -7.954198e-10     
   0.037866       24.991706        4.474234e-09      
   0.060596       0.001580         1.663836e-04      
   0.060596       0.008319         8.761551e-04      
   0.060596       0.020424         2.149147e-03      
   0.060596       0.037866         3.972678e-03      
   0.060596       0.060596         6.318152e-03      
   0.060596       0.088555         9.128412e-03      
   0.060596       0.121667         1.230718e-02      
   0.060596       0.159843         1.571300e-02      
   0.060596       0.202979         1.916148e-02      
   0.060596       0.250960         2.244059e-02      
   0.060596       0.303656         2.534002e-02      
   0.060596       0.360925         2.768713e-02      
   0.060596       0.422613         2.937761e-02      
   0.060596       0.488552         3.038863e-02      
   0.060596       0.558567         3.077086e-02      
   0.060596       0.632467         3.062751e-02      
   0.060596       0.710054         3.009176e-02      
   0.060596       0.791119         2.930711e-02      
   0.060596       0.875442         2.840746e-02      
   0.060596       0.962797         2.749815e-02      
   0.060596       1.052948         2.664845e-02      
   0.060596       1.145653         2.589969e-02      
   0.060596       1.240660         2.527641e-02      
   0.060596       1.337714         2.478758e-02      
   0.060596       1.436554         2.442483e-02      
   0.060596       1.536913         2.416966e-02      
   0.060596       1.638520         2.400285e-02      
   0.060596       1.741102         2.390442e-02      
   0.060596       1.844381         2.385068e-02      
   0.060596       1.948080         2.381857e-02      
   0.060596       2.051920         2.379049e-02      
   0.060596       2.155619         2.375191e-02      
   0.060596       2.258898         2.368908e-02      
   0.060596       2.361480         2.359203e-02      
   0.060596       2.463087         2.345603e-02      
   0.060596       2.563446         2.327869e-02      
   0.060596       2.662286         2.305870e-02      
   0.060596       2.759340         2.279751e-02      
   0.060596       2.854347         2.249942e-02      
   0.060596       2.947052         2.216945e-02      
   0.060596       3.037203         2.181256e-02      
   0.060596       3.124558         2.143448e-02      
   0.060596       3.208881         2.104185e-02      
   0.060596       3.289946         2.064113e-02      
   0.060596       3.367533         2.023805e-02      
   0.060596       3.441433         1.983777e-02      
   0.060596       3.511448         1.944530e-02      
   0.060596       3.577387         1.906536e-02      
   0.060596       3.639075         1.870210e-02      
   0.060596       3.696344         1.835894e-02      
   0.060596       3.749040         1.803876e-02      
   0.060596       3.797021         1.774394e-02      
   0.060596       3.840157         1.747654e-02      
   0.060596       3.878333         1.723831e-02      
   0.060596       3.911445         1.703064e-02      
   0.060596       3.939404         1.685467e-02      
   0.060596       3.962134         1.671125e-02      
   0.060596       3.979576         1.660102e-02      
   0.060596       3.991681         1.652443e-02      
   0.060596       3.998420         1.648177e-02      
   0.060596       4.008294         1.641923e-02      
   0.060596       4.043674         1.619486e-02      
   0.060596       4.107227         1.579113e-02      
   0.060596       4.198794         1.520901e-02      
   0.060596       4.318131         1.445264e-02      
   0.060596       4.464916         1.353263e-02      
   0.060596       4.638754         1.246682e-02      
   0.060596       4.839176         1.128131e-02      
   0.060596       5.065642         1.001145e-02      
   0.060596       5.317541         8.698168e-03      
   0.060596       5.594194         7.385743e-03      
   0.060596       5.894856         6.118029e-03      
   0.060596       6.218716         4.933982e-03      
   0.060596       6.564900         3.864892e-03      
   0.060596       6.932477         2.932469e-03      
   0.060596       7.320454         2.148097e-03      
   0.060596       7.727785         1.512850e-03      
   0.060596       8.153374         1.019036e-03      
   0.060596       8.596072         6.517945e-04      
   0.060596       9.054685         3.919234e-04      
   0.060596       9.527979         2.182101e-04      
   0.060596       10.014676        1.093537e-04      
   0.060596       10.513464        4.651330e-05      
   0.060596       11.023000        1.394266e-05      
   0.060596       11.541909        -3.324547e-07     
   0.060596       12.068793        -4.610777e-06     
   0.060596       12.602230        -4.351673e-06     
   0.060596       13.140784        -2.651212e-06     
   0.060596       13.683002        -9.149123e-07     
   0.060596       14.227422        3.098201e-07      
   0.060596       14.772578        7.886256e-07      
   0.060596       15.316998        8.958533e-07      
   0.060596       15.859216        9.220327e-07      
   0.060596       16.397770        6.286865e-07      
   0.060596       16.931207        3.929473e-07      
   0.060596       17.458091        3.699521e-07      
   0.060596       17.977000        1.496715e-07      
   0.060596       18.486536        4.276305e-08      
   0.060596       18.985324        1.002100e-07      
   0.060596       19.472021        -2.052733e-08     
   0.060596       19.945315        4.631846e-09      
   0.060596       20.403928        -2.643084e-09     
   0.060596       20.846626        -1.868519e-08     
   0.060596       21.272215        1.515585e-08      
   0.060596       21.679546        -4.011475e-08     
   0.060596       22.067523        2.358752e-08      
   0.060596       22.435100        -1.832727e-08     
   0.060596       22.781284        8.182664e-09      
   0.060596       23.105144        -2.242766e-09     
   0.060596       23.405806        -2.132210e-08     
   0.060596       23.682459        2.538134e-08      
   0.060596       23.934358        -9.339934e-09     
   0.060596       24.160824        -1.774972e-08     
   0.060596       24.361246        1.900152e-08      
   0.060596       24.535084        1.544736e-08      
   0.060596       24.681869        -1.586253e-08     
   0.060596       24.801206        -2.710296e-08     
   0.060596       24.892773        -1.570446e-08     
   0.060596       24.956326        -1.167349e-09     
   0.060596       24.991706        7.083071e-09      
   0.088555       0.001580         2.403482e-04      
   0.088555       0.008319         1.265645e-03      
   0.088555       0.020424         3.104599e-03      
   0.088555       0.037866         5.739094e-03      
   0.088555       0.060596         9.128412e-03      
   0.088555       0.088555         1.319118e-02      
   0.088555       0.121667         1.779024e-02      
   0.088555       0.159843         2.272390e-02      
   0.088555       0.202979         2.772852e-02      
   0.088555       0.250960         3.249978e-02      
   0.088555       0.303656         3.673377e-02      
   0.088555       0.360925         4.017821e-02      
   0.088555       0.422613         4.267704e-02      
   0.088555       0.488552         4.419103e-02      
   0.088555       0.558567         4.478858e-02      
   0.088555       0.632467         4.461657e-02      
   0.088555       0.710054         4.386739e-02      
   0.088555       0.791119         4.274926e-02      
   0.088555       0.875442         4.145678e-02      
   0.088555       0.962797         4.014408e-02      
   0.088555       1.052948         3.891393e-02      
   0.088555       1.145653         3.782832e-02      
   0.088555       1.240660         3.692363e-02      
   0.088555       1.337714         3.621312e-02      
   0.088555       1.436554         3.568537e-02      
   0.088555       1.536913         3.531420e-02      
   0.088555       1.638520         3.507165e-02      
   0.088555       1.741102         3.492836e-02      
   0.088555       1.844381         3.485008e-02      
   0.088555       1.948080         3.480350e-02      
   0.088555       2.051920         3.476277e-02      
   0.088555       2.155619         3.470651e-02      
   0.088555       2.258898         3.461487e-02      
   0.088555       2.361480         3.447341e-02      
   0.088555       2.463087         3.427503e-02      
   0.088555       2.563446         3.401618e-02      
   0.088555       2.662286         3.369508e-02      
   0.088555       2.759340         3.331388e-02      
   0.088555       2.854347         3.287875e-02      
   0.088555       2.947052         3.239695e-02      
   0.088555       3.037203         3.187582e-02      
   0.088555       3.124558         3.132379e-02      
   0.088555       3.208881         3.075044e-02      
   0.088555       3.289946         3.016522e-02      
   0.088555       3.367533         2.957648e-02      
   0.088555       3.441433         2.899183e-02      
   0.088555       3.511448         2.841859e-02      
   0.088555       3.577387         2.786362e-02      
   0.088555       3.639075         2.733296e-02      
   0.088555       3.696344         2.683165e-02      
   0.088555       3.749040         2.636386e-02      
   0.088555       3.797021         2.593313e-02      
   0.088555       3.840157         2.554247e-02      
   0.088555       3.878333         2.519441e-02      
   0.088555       3.911445         2.489101e-02      
   0.088555       3.939404         2.463391e-02      
   0.088555       3.962134         2.442436e-02      
   0.088555       3.979576         2.426330e-02      
   0.088555       3.991681         2.415140e-02      
   0.088555       3.998420         2.408906e-02      
   0.088555       4.008294         2.399768e-02      
   0.088555       4.043674         2.366983e-02      
   0.088555       4.107227         2.307987e-02      
   0.088555       4.198794         2.222919e-02      
   0.088555       4.318131         2.112388e-02      
   0.088555       4.464916         1.977931e-02      
   0.088555       4.638754         1.822153e-02      
   0.088555       4.839176         1.648868e-02      
   0.088555       5.065642         1.463239e-02      
   0.088555       5.317541         1.271252e-02      
   0.088555       5.594194         1.079387e-02      
   0.088555       5.894856         8.940569e-03      
   0.088555       6.218716         7.209676e-03      
   0.088555       6.564900         5.647020e-03      
   0.088555       6.932477         4.284366e-03      
   0.088555       7.320454         3.138320e-03      
   0.088555       7.727785         2.210369e-03      
   0.088555       8.153374         1.489142e-03      
   0.088555       8.596072         9.528032e-04      
   0.088555       9.054685         5.732124e-04      
   0.088555       9.527979         3.193529e-04      
   0.088555       10.014676        1.601506e-04      
   0.088555       10.513464        6.814712e-05      
   0.088555       11.023000        2.039767e-05      
   0.088555       11.541909        -5.781709e-07     
   0.088555       12.068793        -6.897360e-06     
   0.088555       12.602230        -6.528975e-06     
   0.088555       13.140784        -4.014963e-06     
   0.088555       13.683002        -1.413001e-06     
   0.088555       14.227422        4.593458e-07      
   0.088555       14.772578        1.228834e-06      
   0.088555       15.316998        1.416041e-06      
   0.088555       15.859216        1.433365e-06      
   0.088555       16.397770        9.607915e-07      
   0.088555       16.931207        5.671308e-07      
   0.088555       17.458091        4.970533e-07      
   0.088555       17.977000        1.731746e-07      
   0.088555       18.486536        3.094981e-08      
   0.088555       18.985324        1.314321e-07      
   0.088555       19.472021        -2.569046e-08     
   0.088555       19.945315        1.691070e-08      
   0.088555       20.403928        8.234866e-09      
   0.088555       20.846626        -1.749951e-08     
   0.088555       21.272215        2.655198e-08      
   0.088555       21.679546        -5.554580e-08     
   0.088555       22.067523        3.348797e-08      
   0.088555       22.435100        -2.721213e-08     
   0.088555       22.781284        1.024409e-08      
   0.088555       23.105144        -4.940473e-09     
   0.088555       23.405806        -3.150821e-08     
   0.088555       23.682459        3.515823e-08      
   0.088555       23.934358        -1.412156e-08     
   0.088555       24.160824        -2.555768e-08     
   0.088555       24.361246        2.667607e-08      
   0.088555       24.535084        2.132185e-08      
   0.088555       24.681869        -2.288352e-08     
   0.088555       24.801206        -3.834772e-08     
   0.088555       24.892773        -2.207479e-08     
   0.088555       24.956326        -1.584061e-09     
   0.088555       24.991706        1.000719e-08      
   0.121667       0.001580         3.239533e-04      
   0.121667       0.008319         1.705903e-03      
   0.121667       0.020424         4.184676e-03      
   0.121667       0.037866         7.736297e-03      
   0.121667       0.060596         1.230718e-02      
   0.121667       0.088555         1.779024e-02      
   0.121667       0.121667         2.400490e-02      
   0.121667       0.159843         3.068503e-02      
   0.121667       0.202979         3.748144e-02      
   0.121667       0.250960         4.398835e-02      
   0.121667       0.303656         4.979610e-02      
   0.121667       0.360925         5.455855e-02      
   0.121667       0.422613         5.805365e-02      
   0.121667       0.488552         6.021481e-02      
   0.121667       0.558567         6.112322e-02      
   0.121667       0.632467         6.097153e-02      
   0.121667       0.710054         6.001868e-02      
   0.121667       0.791119         5.854709e-02      
   0.121667       0.875442         5.682178e-02      
   0.121667       0.962797         5.505491e-02      
   0.121667       1.052948         5.339100e-02      
   0.121667       1.145653         5.191870e-02      
   0.121667       1.240660         5.068929e-02      
   0.121667       1.337714         4.972146e-02      
   0.121667       1.436554         4.900125e-02      
   0.121667       1.536913         4.849462e-02      
   0.121667       1.638520         4.816346e-02      
   0.121667       1.741102         4.796720e-02      
   0.121667       1.844381         4.785957e-02      
   0.121667       1.948080         4.779565e-02      
   0.121667       2.051920         4.773970e-02      
   0.121667       2.155619         4.766206e-02      
   0.121667       2.258898         4.753597e-02      
   0.121667       2.361480         4.734187e-02      
   0.121667       2.463087         4.706968e-02      
   0.121667       2.563446         4.671434e-02      
   0.121667       2.662286         4.627372e-02      
   0.121667       2.759340         4.575087e-02      
   0.121667       2.854347         4.515396e-02      
   0.121667       2.947052         4.449287e-02      
   0.121667       3.037203         4.377785e-02      
   0.121667       3.124558         4.302054e-02      
   0.121667       3.208881         4.223397e-02      
   0.121667       3.289946         4.143096e-02      
   0.121667       3.367533         4.062305e-02      
   0.121667       3.441433         3.982079e-02      
   0.121667       3.511448         3.903422e-02      
   0.121667       3.577387         3.827271e-02      
   0.121667       3.639075         3.754448e-02      
   0.121667       3.696344         3.685646e-02      
   0.121667       3.749040         3.621442e-02      
   0.121667       3.797021         3.562325e-02      
   0.121667       3.840157         3.508709e-02      
   0.121667       3.878333         3.460940e-02      
   0.121667       3.911445         3.419301e-02      
   0.121667       3.939404         3.384015e-02      
   0.121667       3.962134         3.355255e-02      
   0.121667       3.979576         3.333149e-02      
   0.121667       3.991681         3.317789e-02      
   0.121667       3.998420         3.309232e-02      
   0.121667       4.008294         3.296690e-02      
   0.121667       4.043674         3.251688e-02      
   0.121667       4.107227         3.170704e-02      
   0.121667       4.198794         3.053927e-02      
   0.121667       4.318131         2.902200e-02      
   0.121667       4.464916         2.717609e-02      
   0.121667       4.638754         2.503725e-02      
   0.121667       4.839176         2.265792e-02      
   0.121667       5.065642         2.010873e-02      
   0.121667       5.317541         1.747190e-02      
   0.121667       5.594194         1.483638e-02      
   0.121667       5.894856         1.229012e-02      
   0.121667       6.218716         9.911519e-03      
   0.121667       6.564900         7.763602e-03      
   0.121667       6.932477         5.890093e-03      
   0.121667       7.320454         4.313943e-03      
   0.121667       7.727785         3.037396e-03      
   0.121667       8.153374         2.045039e-03      
   0.121667       8.596072         1.307083e-03      
   0.121667       9.054685         7.849892e-04      
   0.121667       9.527979         4.361725e-04      
   0.121667       10.014676        2.178877e-04      
   0.121667       10.513464        9.225587e-05      
   0.121667       11.023000        2.754918e-05      
   0.121667       11.541909        -4.883430e-07     
   0.121667       12.068793        -8.653646e-06     
   0.121667       12.602230        -7.934343e-06     
   0.121667       13.140784        -4.568238e-06     
   0.121667       13.683002        -1.274749e-06     
   0.121667       14.227422        9.537072e-07      
   0.121667       14.772578        1.710487e-06      
   0.121667       15.316998        1.770347e-06      
   0.121667       15.859216        1.701892e-06      
   0.121667       16.397770        1.069249e-06      
   0.121667       16.931207        5.923188e-07      
   0.121667       17.458091        5.608273e-07      
   0.121667       17.977000        1.892074e-07      
   0.121667       18.486536        3.964788e-08      
   0.121667       18.985324        1.947541e-07      
   0.121667       19.472021        -4.246995e-09     
   0.121667       19.945315        4.984376e-08      
   0.121667       20.403928        3.627606e-08      
   0.121667       20.846626        -2.791186e-09     
   0.121667       21.272215        4.932813e-08      
   0.121667       21.679546        -6.364048e-08     
   0.121667       22.067523        5.047235e-08      
   0.121667       22.435100        -3.234690e-08     
   0.121667       22.781284        1.475770e-08      
   0.121667       23.105144        -7.601179e-09     
   0.121667       23.405806        -4.261949e-08     
   0.121667       23.682459        4.431807e-08      
   0.121667       23.934358        -2.086155e-08     
   0.121667       24.160824        -3.517335e-08     
   0.121667       24.361246        3.300841e-08      
   0.121667       24.535084        2.518840e-08      
   0.121667       24.681869        -3.214866e-08     
   0.121667       24.801206        -5.131748e-08     
   0.121667       24.892773        -2.982539e-08     
   0.121667       24.956326        -3.323050e-09     
   0.121667       24.991706        1.158925e-08      
   0.159843       0.001580         4.134309e-04      
   0.159843       0.008319         2.177089e-03      
   0.159843       0.020424         5.340775e-03      
   0.159843       0.037866         9.874728e-03      
   0.159843       0.060596         1.571300e-02      
   0.159843       0.088555         2.272390e-02      
   0.159843       0.121667         3.068503e-02      
   0.159843       0.159843         3.926777e-02      
   0.159843       0.202979         4.803831e-02      
   0.159843       0.250960         5.648754e-02      
   0.159843       0.303656         6.409335e-02      
   0.159843       0.360925         7.040308e-02      
   0.159843       0.422613         7.511169e-02      
   0.159843       0.488552         7.810796e-02      
   0.159843       0.558567         7.947361e-02      
   0.159843       0.632467         7.944280e-02      
   0.159843       0.710054         7.834386e-02      
   0.159843       0.791119         7.654012e-02      
   0.159843       0.875442         7.437515e-02      
   0.159843       0.962797         7.212840e-02      
   0.159843       1.052948         6.999586e-02      
   0.159843       1.145653         6.810055e-02      
   0.159843       1.240660         6.651268e-02      
   0.159843       1.337714         6.525814e-02      
   0.159843       1.436554         6.432187e-02      
   0.159843       1.536913         6.366278e-02      
   0.159843       1.638520         6.323158e-02      
   0.159843       1.741102         6.297473e-02      
   0.159843       1.844381         6.283288e-02      
   0.159843       1.948080         6.274858e-02      
   0.159843       2.051920         6.267453e-02      
   0.159843       2.155619         6.257137e-02      
   0.159843       2.258898         6.240479e-02      
   0.159843       2.361480         6.214966e-02      
   0.159843       2.463087         6.179212e-02      
   0.159843       2.563446         6.132528e-02      
   0.159843       2.662286         6.074686e-02      
   0.159843       2.759340         6.006103e-02      
   0.159843       2.854347         5.927800e-02      
   0.159843       2.947052         5.841059e-02      
   0.159843       3.037203         5.747253e-02      
   0.159843       3.124558         5.647924e-02      
   0.159843       3.208881         5.544757e-02      
   0.159843       3.289946         5.439414e-02      
   0.159843       3.367533         5.333419e-02      
   0.159843       3.441433         5.228173e-02      
   0.159843       3.511448         5.124994e-02      
   0.159843       3.577387         5.025100e-02      
   0.159843       3.639075         4.929562e-02      
   0.159843       3.696344         4.839289e-02      
   0.159843       3.749040         4.755046e-02      
   0.159843       3.797021         4.677478e-02      
   0.159843       3.840157         4.607131e-02      
   0.159843       3.878333         4.544458e-02      
   0.159843       3.911445         4.489827e-02      
   0.159843       3.939404         4.443531e-02      
   0.159843       3.962134         4.405796e-02      
   0.159843       3.979576         4.376791e-02      
   0.159843       3.991681         4.356637e-02      
   0.159843       3.998420         4.345409e-02      
   0.159843       4.008294         4.328951e-02      
   0.159843       4.043674         4.269900e-02      
   0.159843       4.107227         4.163624e-02      
   0.159843       4.198794         4.010378e-02      
   0.159843       4.318131         3.811273e-02      
   0.159843       4.464916         3.569022e-02      
   0.159843       4.638754         3.288303e-02      
   0.159843       4.839176         2.976016e-02      
   0.159843       5.065642         2.641400e-02      
   0.159843       5.317541         2.295261e-02      
   0.159843       5.594194         1.949279e-02      
   0.159843       5.894856         1.614985e-02      
   0.159843       6.218716         1.302676e-02      
   0.159843       6.564900         1.020631e-02      
   0.159843       6.932477         7.745877e-03      
   0.159843       7.320454         5.675559e-03      
   0.159843       7.727785         3.998305e-03      
   0.159843       8.153374         2.693874e-03      
   0.159843       8.596072         1.723221e-03      
   0.159843       9.054685         1.035813e-03      
   0.159843       9.527979         5.758286e-04      
   0.159843       10.014676        2.873193e-04      
   0.159843       10.513464        1.207091e-04      
   0.159843       11.023000        3.449456e-05      
   0.159843       11.541909        -3.129793e-06     
   0.159843       12.068793        -1.418516e-05     
   0.159843       12.602230        -1.309466e-05     
   0.159843       13.140784        -8.199951e-06     
   0.159843       13.683002        -3.203574e-06     
   0.159843       14.227422        4.538634e-07      
   0.159843       14.772578        2.108641e-06      
   0.159843       15.316998        2.680028e-06      
   0.159843       15.859216        2.861116e-06      
   0.159843       16.397770        2.142185e-06      
   0.159843       16.931207        1.469992e-06      
   0.159843       17.458091        1.267699e-06      
   0.159843       17.977000        6.207926e-07      
   0.159843       18.486536        2.606403e-07      
   0.159843       18.985324        3.185407e-07      
   0.159843       19.472021        -1.704375e-08     
   0.159843       19.945315        -4.460797e-09     
   0.159843       20.403928        -3.638287e-08     
   0.159843       20.846626        -8.284534e-08     
   0.159843       21.272215        -8.136403e-09     
   0.159843       21.679546        -1.317390e-07     
   0.159843       22.067523        2.515403e-08      
   0.159843       22.435100        -6.365170e-08     
   0.159843       22.781284        3.916491e-09      
   0.159843       23.105144        -1.832630e-08     
   0.159843       23.405806        -5.498733e-08     
   0.159843       23.682459        5.407269e-08      
   0.159843       23.934358        -2.442238e-08     
   0.159843       24.160824        -3.957506e-08     
   0.159843       24.361246        4.331634e-08      
   0.159843       24.535084        3.218927e-08      
   0.159843       24.681869        -3.680173e-08     
   0.159843       24.801206        -5.841752e-08     
   0.159843       24.892773        -3.217539e-08     
   0.159843       24.956326        -7.105979e-10     
   0.159843       24.991706        1.684383e-08      
   0.202979       0.001580         5.038788e-04      
   0.202979       0.008319         2.653389e-03      
   0.202979       0.020424         6.509645e-03      
   0.202979       0.037866         1.203777e-02      
   0.202979       0.060596         1.916148e-02      
   0.202979       0.088555         2.772852e-02      
   0.202979       0.121667         3.748144e-02      
   0.202979       0.159843         4.803831e-02      
   0.202979       0.202979         5.889081e-02      
   0.202979       0.250960         6.943419e-02      
   0.202979       0.303656         7.903497e-02      
   0.202979       0.360925         8.712518e-02      
   0.202979       0.422613         9.329805e-02      
   0.202979       0.488552         9.737373e-02      
   0.202979       0.558567         9.941248e-02      
   0.202979       0.632467         9.967606e-02      
   0.202979       0.710054         9.855749e-02      
   0.202979       0.791119         9.650293e-02      
   0.202979       0.875442         9.394037e-02      
   0.202979       0.962797         9.122571e-02      
   0.202979       1.052948         8.861765e-02      
   0.202979       1.145653         8.628336e-02      
   0.202979       1.240660         8.431771e-02      
   0.202979       1.337714         8.275676e-02      
   0.202979       1.436554         8.158712e-02      
   0.202979       1.536913         8.076257e-02      
   0.202979       1.638520         8.022229e-02      
   0.202979       1.741102         7.989842e-02      
   0.202979       1.844381         7.971795e-02      
   0.202979       1.948080         7.961036e-02      
   0.202979       2.051920         7.951534e-02      
   0.202979       2.155619         7.938240e-02      
   0.202979       2.258898         7.916928e-02      
   0.202979       2.361480         7.884489e-02      
   0.202979       2.463087         7.839082e-02      
   0.202979       2.563446         7.779795e-02      
   0.202979       2.662286         7.706413e-02      
   0.202979       2.759340         7.619485e-02      
   0.202979       2.854347         7.520238e-02      
   0.202979       2.947052         7.410270e-02      
   0.202979       3.037203         7.291365e-02      
   0.202979       3.124558         7.165493e-02      
   0.202979       3.208881         7.034758e-02      
   0.202979       3.289946         6.901237e-02      
   0.202979       3.367533         6.766873e-02      
   0.202979       3.441433         6.633469e-02      
   0.202979       3.511448         6.502696e-02      
   0.202979       3.577387         6.376081e-02      
   0.202979       3.639075         6.254972e-02      
   0.202979       3.696344         6.140523e-02      
   0.202979       3.749040         6.033712e-02      
   0.202979       3.797021         5.935366e-02      
   0.202979       3.840157         5.846177e-02      
   0.202979       3.878333         5.766719e-02      
   0.202979       3.911445         5.697458e-02      
   0.202979       3.939404         5.638762e-02      
   0.202979       3.962134         5.590919e-02      
   0.202979       3.979576         5.554142e-02      
   0.202979       3.991681         5.528588e-02      
   0.202979       3.998420         5.514352e-02      
   0.202979       4.008294         5.493483e-02      
   0.202979       4.043674         5.418601e-02      
   0.202979       4.107227         5.283827e-02      
   0.202979       4.198794         5.089478e-02      
   0.202979       4.318131         4.836981e-02      
   0.202979       4.464916         4.529728e-02      
   0.202979       4.638754         4.173637e-02      
   0.202979       4.839176         3.777489e-02      
   0.202979       5.065642         3.352952e-02      
   0.202979       5.317541         2.913758e-02      
   0.202979       5.594194         2.474736e-02      
   0.202979       5.894856         2.050498e-02      
   0.202979       6.218716         1.654133e-02      
   0.202979       6.564900         1.296161e-02      
   0.202979       6.932477         9.838717e-03      
   0.202979       7.320454         7.210877e-03      
   0.202979       7.727785         5.081890e-03      
   0.202979       8.153374         3.426051e-03      
   0.202979       8.596072         2.193828e-03      
   0.202979       9.054685         1.321030e-03      
   0.202979       9.527979         7.367378e-04      
   0.202979       10.014676        3.699621e-04      
   0.202979       10.513464        1.577685e-04      
   0.202979       11.023000        4.752898e-05      
   0.202979       11.541909        -1.153076e-06     
   0.202979       12.068793        -1.617181e-05     
   0.202979       12.602230        -1.569150e-05     
   0.202979       13.140784        -1.029829e-05     
   0.202979       13.683002        -4.631667e-06     
   0.202979       14.227422        -4.578731e-07     
   0.202979       14.772578        1.398062e-06      
   0.202979       15.316998        2.058740e-06      
   0.202979       15.859216        2.346896e-06      
   0.202979       16.397770        1.654040e-06      
   0.202979       16.931207        1.056241e-06      
   0.202979       17.458091        1.022529e-06      
   0.202979       17.977000        4.610966e-07      
   0.202979       18.486536        1.941999e-07      
   0.202979       18.985324        3.782648e-07      
   0.202979       19.472021        6.299630e-08      
   0.202979       19.945315        1.057209e-07      
   0.202979       20.403928        8.468051e-08      
   0.202979       20.846626        2.422262e-08      
   0.202979       21.272215        9.110458e-08      
   0.202979       21.679546        -7.165143e-08     
   0.202979       22.067523        9.172585e-08      
   0.202979       22.435100        -2.705519e-08     
   0.202979       22.781284        3.656164e-08      
   0.202979       23.105144        -2.518109e-09     
   0.202979       23.405806        -4.930269e-08     
   0.202979       23.682459        6.929699e-08      
   0.202979       23.934358        -2.474045e-08     
   0.202979       24.160824        -4.205242e-08     
   0.202979       24.361246        4.913457e-08      
   0.202979       24.535084        3.252995e-08      
   0.202979       24.681869        -4.479241e-08     
   0.202979       24.801206        -6.675347e-08     
   0.202979       24.892773        -3.704906e-08     
   0.202979       24.956326        -2.744083e-09     
   0.202979       24.991706        1.617041e-08      
   0.250960       0.001580         5.896819e-04      
   0.250960       0.008319         3.105236e-03      
   0.250960       0.020424         7.618811e-03      
   0.250960       0.037866         1.409167e-02      
   0.250960       0.060596         2.244059e-02      
   0.250960       0.088555         3.249978e-02      
   0.250960       0.121667         4.398835e-02      
   0.250960       0.159843         5.648754e-02      
   0.250960       0.202979         6.943419e-02      
   0.250960       0.250960         8.214650e-02      
   0.250960       0.303656         9.389114e-02      
   0.250960       0.360925         1.039833e-01      
   0.250960       0.422613         1.118979e-01      
   0.250960       0.488552         1.173573e-01      
   0.250960       0.558567         1.203678e-01      
   0.250960       0.632467         1.211918e-01      
   0.250960       0.710054         1.202702e-01      
   0.250960       0.791119         1.181264e-01      
   0.250960       0.875442         1.152751e-01      
   0.250960       0.962797         1.121572e-01      
   0.250960       1.052948         1.091064e-01      
   0.250960       1.145653         1.063456e-01      
   0.250960       1.240660         1.040027e-01      
   0.250960       1.337714         1.021293e-01      
   0.250960       1.436554         1.007179e-01      
   0.250960       1.536913         9.972029e-02      
   0.250960       1.638520         9.906495e-02      
   0.250960       1.741102         9.866924e-02      
   0.250960       1.844381         9.844637e-02      
   0.250960       1.948080         9.831256e-02      
   0.250960       2.051920         9.819343e-02      
   0.250960       2.155619         9.802630e-02      
   0.250960       2.258898         9.776049e-02      
   0.250960       2.361480         9.735867e-02      
   0.250960       2.463087         9.679725e-02      
   0.250960       2.563446         9.606451e-02      
   0.250960       2.662286         9.515861e-02      
   0.250960       2.759340         9.408654e-02      
   0.250960       2.854347         9.286267e-02      
   0.250960       2.947052         9.150634e-02      
   0.250960       3.037203         9.004000e-02      
   0.250960       3.124558         8.848816e-02      
   0.250960       3.208881         8.687633e-02      
   0.250960       3.289946         8.522980e-02      
   0.250960       3.367533         8.357267e-02      
   0.250960       3.441433         8.192742e-02      
   0.250960       3.511448         8.031472e-02      
   0.250960       3.577387         7.875322e-02      
   0.250960       3.639075         7.725940e-02      
   0.250960       3.696344         7.584752e-02      
   0.250960       3.749040         7.452977e-02      
   0.250960       3.797021         7.331644e-02      
   0.250960       3.840157         7.221609e-02      
   0.250960       3.878333         7.123581e-02      
   0.250960       3.911445         7.038131e-02      
   0.250960       3.939404         6.965713e-02      
   0.250960       3.962134         6.906683e-02      
   0.250960       3.979576         6.861306e-02      
   0.250960       3.991681         6.829773e-02      
   0.250960       3.998420         6.812207e-02      
   0.250960       4.008294         6.786455e-02      
   0.250960       4.043674         6.694049e-02      
   0.250960       4.107227         6.527718e-02      
   0.250960       4.198794         6.287850e-02      
   0.250960       4.318131         5.976212e-02      
   0.250960       4.464916         5.596928e-02      
   0.250960       4.638754         5.157281e-02      
   0.250960       4.839176         4.668126e-02      
   0.250960       5.065642         4.143813e-02      
   0.250960       5.317541         3.601318e-02      
   0.250960       5.594194         3.058963e-02      
   0.250960       5.894856         2.534786e-02      
   0.250960       6.218716         2.044980e-02      
   0.250960       6.564900         1.602567e-02      
   0.250960       6.932477         1.216578e-02      
   0.250960       7.320454         8.917453e-03      
   0.250960       7.727785         6.285578e-03      
   0.250960       8.153374         4.238460e-03      
   0.250960       8.596072         2.715020e-03      
   0.250960       9.054685         1.635928e-03      
   0.250960       9.527979         9.134892e-04      
   0.250960       10.014676        4.600243e-04      
   0.250960       10.513464        1.976816e-04      
   0.250960       11.023000        6.142649e-05      
   0.250960       11.541909        1.214257e-06      
   0.250960       12.068793        -1.749040e-05     
   0.250960       12.602230        -1.705465e-05     
   0.250960       13.140784        -1.063842e-05     
   0.250960       13.683002        -3.985564e-06     
   0.250960       14.227422        7.924830e-07      
   0.250960       14.772578        2.731199e-06      
   0.250960       15.316998        3.183454e-06      
   0.250960       15.859216        3.176134e-06      
   0.250960       16.397770        2.104957e-06      
   0.250960       16.931207        1.187820e-06      
   0.250960       17.458091        9.746330e-07      
   0.250960       17.977000        2.635439e-07      
   0.250960       18.486536        -7.581520e-08     
   0.250960       18.985324        1.334566e-07      
   0.250960       19.472021        -1.753534e-07     
   0.250960       19.945315        -1.007907e-07     
   0.250960       20.403928        -6.896807e-08     
   0.250960       20.846626        -9.152324e-08     
   0.250960       21.272215        1.096939e-08      
   0.250960       21.679546        -1.366606e-07     
   0.250960       22.067523        6.335440e-08      
   0.250960       22.435100        -4.818682e-08     
   0.250960       22.781284        2.966042e-08      
   0.250960       23.105144        -9.997674e-09     
   0.250960       23.405806        -5.074967e-08     
   0.250960       23.682459        7.658445e-08      
   0.250960       23.934358        -2.250900e-08     
   0.250960       24.160824        -3.627265e-08     
   0.250960       24.361246        5.743604e-08      
   0.250960       24.535084        3.558075e-08      
   0.250960       24.681869        -4.302649e-08     
   0.250960       24.801206        -6.194872e-08     
   0.250960       24.892773        -3.080263e-08     
   0.250960       24.956326        3.209346e-09      
   0.250960       24.991706        2.162600e-08      
   0.303656       0.001580         6.653027e-04      
   0.303656       0.008319         3.503465e-03      
   0.303656       0.020424         8.596739e-03      
   0.303656       0.037866         1.590418e-02      
   0.303656       0.060596         2.534002e-02      
   0.303656       0.088555         3.673377e-02      
   0.303656       0.121667         4.979610e-02      
   0.303656       0.159843         6.409335e-02      
   0.303656       0.202979         7.903497e-02      
   0.303656       0.250960         9.389114e-02      
   0.303656       0.303656         1.078523e-01      
   0.303656       0.360925         1.201275e-01      
   0.303656       0.422613         1.300642e-01      
   0.303656       0.488552         1.372591e-01      
   0.303656       0.558567         1.416235e-01      
   0.303656       0.632467         1.433774e-01      
   0.303656       0.710054         1.429773e-01      
   0.303656       0.791119         1.410055e-01      
   0.303656       0.875442         1.380604e-01      
   0.303656       0.962797         1.346742e-01      
   0.303656       1.052948         1.312669e-01      
   0.303656       1.145653         1.281306e-01      
   0.303656       1.240660         1.254380e-01      
   0.303656       1.337714         1.232650e-01      
   0.303656       1.436554         1.216161e-01      
   0.303656       1.536913         1.204451e-01      
   0.303656       1.638520         1.196727e-01      
   0.303656       1.741102         1.192027e-01      
   0.303656       1.844381         1.189346e-01      
   0.303656       1.948080         1.187715e-01      
   0.303656       2.051920         1.186247e-01      
   0.303656       2.155619         1.184186e-01      
   0.303656       2.258898         1.180938e-01      
   0.303656       2.361480         1.176063e-01      
   0.303656       2.463087         1.169269e-01      
   0.303656       2.563446         1.160412e-01      
   0.303656       2.662286         1.149476e-01      
   0.303656       2.759340         1.136546e-01      
   0.303656       2.854347         1.121789e-01      
   0.303656       2.947052         1.105434e-01      
   0.303656       3.037203         1.087756e-01      
   0.303656       3.124558         1.069049e-01      
   0.303656       3.208881         1.049619e-01      
   0.303656       3.289946         1.029767e-01      
   0.303656       3.367533         1.009785e-01      
   0.303656       3.441433         9.899456e-02      
   0.303656       3.511448         9.704986e-02      
   0.303656       3.577387         9.516676e-02      
   0.303656       3.639075         9.336502e-02      
   0.303656       3.696344         9.166188e-02      
   0.303656       3.749040         9.007214e-02      
   0.303656       3.797021         8.860830e-02      
   0.303656       3.840157         8.728075e-02      
   0.303656       3.878333         8.609801e-02      
   0.303656       3.911445         8.506700e-02      
   0.303656       3.939404         8.419320e-02      
   0.303656       3.962134         8.348089e-02      
   0.303656       3.979576         8.293331e-02      
   0.303656       3.991681         8.255280e-02      
   0.303656       3.998420         8.234080e-02      
   0.303656       4.008294         8.203003e-02      
   0.303656       4.043674         8.091481e-02      
   0.303656       4.107227         7.890722e-02      
   0.303656       4.198794         7.601177e-02      
   0.303656       4.318131         7.224967e-02      
   0.303656       4.464916         6.767005e-02      
   0.303656       4.638754         6.236040e-02      
   0.303656       4.839176         5.645181e-02      
   0.303656       5.065642         5.011693e-02      
   0.303656       5.317541         4.356097e-02      
   0.303656       5.594194         3.700535e-02      
   0.303656       5.894856         3.066803e-02      
   0.303656       6.218716         2.474504e-02      
   0.303656       6.564900         1.939418e-02      
   0.303656       6.932477         1.472496e-02      
   0.303656       7.320454         1.079483e-02      
   0.303656       7.727785         7.610016e-03      
   0.303656       8.153374         5.132348e-03      
   0.303656       8.596072         3.288205e-03      
   0.303656       9.054685         1.981720e-03      
   0.303656       9.527979         1.106838e-03      
   0.303656       10.014676        5.576409e-04      
   0.303656       10.513464        2.398656e-04      
   0.303656       11.023000        7.488555e-05      
   0.303656       11.541909        2.056748e-06      
   0.303656       12.068793        -2.052763e-05     
   0.303656       12.602230        -1.985389e-05     
   0.303656       13.140784        -1.193975e-05     
   0.303656       13.683002        -3.838195e-06     
   0.303656       14.227422        1.955605e-06      
   0.303656       14.772578        4.328074e-06      
   0.303656       15.316998        4.796754e-06      
   0.303656       15.859216        4.618461e-06      
   0.303656       16.397770        3.254673e-06      
   0.303656       16.931207        2.017683e-06      
   0.303656       17.458091        1.554709e-06      
   0.303656       17.977000        6.357674e-07      
   0.303656       18.486536        1.279634e-07      
   0.303656       18.985324        2.463185e-07      
   0.303656       19.472021        -1.268348e-07     
   0.303656       19.945315        -1.163468e-07     
   0.303656       20.403928        -9.392490e-08     
   0.303656       20.846626        -1.257654e-07     
   0.303656       21.272215        -3.494829e-08     
   0.303656       21.679546        -1.809441e-07     
   0.303656       22.067523        2.666653e-08      
   0.303656       22.435100        -7.745107e-08     
   0.303656       22.781284        2.916327e-09      
   0.303656       23.105144        -3.841638e-08     
   0.303656       23.405806        -6.705510e-08     
   0.303656       23.682459        5.836895e-08      
   0.303656       23.934358        -3.592980e-08     
   0.303656       24.160824        -4.155589e-08     
   0.303656       24.361246        4.596666e-08      
   0.303656       24.535084        2.037302e-08      
   0.303656       24.681869        -4.973976e-08     
   0.303656       24.801206        -6.156584e-08     
   0.303656       24.892773        -3.129249e-08     
   0.303656       24.956326        -9.036773e-10     
   0.303656       24.991706        1.513521e-08      
   0.360925       0.001580         7.262431e-04      
   0.360925       0.008319         3.824386e-03      
   0.360925       0.020424         9.385251e-03      
   0.360925       0.037866         1.736747e-02      
   0.360925       0.060596         2.768713e-02      
   0.360925       0.088555         4.017821e-02      
   0.360925       0.121667         5.455855e-02      
   0.360925       0.159843         7.040308e-02      
   0.360925       0.202979         8.712518e-02      
   0.360925       0.250960         1.039833e-01      
   0.360925       0.303656         1.201275e-01      
   0.360925       0.360925         1.346863e-01      
   0.360925       0.422613         1.468867e-01      
   0.360925       0.488552         1.561811e-01      
   0.360925       0.558567         1.623426e-01      
   0.360925       0.632467         1.654936e-01      
   0.360925       0.710054         1.660539e-01      
   0.360925       0.791119         1.646304e-01      
   0.360925       0.875442         1.618903e-01      
   0.360925       0.962797         1.584587e-01      
   0.360925       1.052948         1.548507e-01      
   0.360925       1.145653         1.514409e-01      
   0.360925       1.240660         1.484619e-01      
   0.360925       1.337714         1.460273e-01      
   0.360925       1.436554         1.441621e-01      
   0.360925       1.536913         1.428279e-01      
   0.360925       1.638520         1.419421e-01      
   0.360925       1.741102         1.413984e-01      
   0.360925       1.844381         1.410840e-01      
   0.360925       1.948080         1.408886e-01      
   0.360925       2.051920         1.407099e-01      
   0.360925       2.155619         1.404599e-01      
   0.360925       2.258898         1.400696e-01      
   0.360925       2.361480         1.394878e-01      
   0.360925       2.463087         1.386802e-01      
   0.360925       2.563446         1.376294e-01      
   0.360925       2.662286         1.363336e-01      
   0.360925       2.759340         1.348030e-01      
   0.360925       2.854347         1.330568e-01      
   0.360925       2.947052         1.311219e-01      
   0.360925       3.037203         1.290306e-01      
   0.360925       3.124558         1.268178e-01      
   0.360925       3.208881         1.245194e-01      
   0.360925       3.289946         1.221709e-01      
   0.360925       3.367533         1.198067e-01      
   0.360925       3.441433         1.174591e-01      
   0.360925       3.511448         1.151578e-01      
   0.360925       3.577387         1.129291e-01      
   0.360925       3.639075         1.107965e-01      
   0.360925       3.696344         1.087803e-01      
   0.360925       3.749040         1.068981e-01      
   0.360925       3.797021         1.051648e-01      
   0.360925       3.840157         1.035928e-01      
   0.360925       3.878333         1.021922e-01      
   0.360925       3.911445         1.009712e-01      
   0.360925       3.939404         9.993634e-02      
   0.360925       3.962134         9.909268e-02      
   0.360925       3.979576         9.844410e-02      
   0.360925       3.991681         9.799338e-02      
   0.360925       3.998420         9.774227e-02      
   0.360925       4.008294         9.737415e-02      
   0.360925       4.043674         9.605307e-02      
   0.360925       4.107227         9.367466e-02      
   0.360925       4.198794         9.024391e-02      
   0.360925       4.318131         8.578556e-02      
   0.360925       4.464916         8.035714e-02      
   0.360925       4.638754         7.406169e-02      
   0.360925       4.839176         6.705421e-02      
   0.360925       5.065642         5.953889e-02      
   0.360925       5.317541         5.175902e-02      
   0.360925       5.594194         4.397731e-02      
   0.360925       5.894856         3.645260e-02      
   0.360925       6.218716         2.941796e-02      
   0.360925       6.564900         2.306122e-02      
   0.360925       6.932477         1.751291e-02      
   0.360925       7.320454         1.284165e-02      
   0.360925       7.727785         9.055318e-03      
   0.360925       8.153374         6.108831e-03      
   0.360925       8.596072         3.915114e-03      
   0.360925       9.054685         2.360434e-03      
   0.360925       9.527979         1.318871e-03      
   0.360925       10.014676        6.647940e-04      
   0.360925       10.513464        2.860591e-04      
   0.360925       11.023000        8.930729e-05      
   0.360925       11.541909        2.410888e-06      
   0.360925       12.068793        -2.463584e-05     
   0.360925       12.602230        -2.383817e-05     
   0.360925       13.140784        -1.429911e-05     
   0.360925       13.683002        -4.597234e-06     
   0.360925       14.227422        2.371892e-06      
   0.360925       14.772578        5.366907e-06      
   0.360925       15.316998        5.979119e-06      
   0.360925       15.859216        5.730174e-06      
   0.360925       16.397770        4.206455e-06      
   0.360925       16.931207        2.739066e-06      
   0.360925       17.458091        2.073993e-06      
   0.360925       17.977000        1.028082e-06      
   0.360925       18.486536        3.911829e-07      
   0.360925       18.985324        4.219772e-07      
   0.360925       19.472021        2.302447e-08      
   0.360925       19.945315        -4.452143e-08     
   0.360925       20.403928        -3.294532e-08     
   0.360925       20.846626        -7.746148e-08     
   0.360925       21.272215        -2.045453e-08     
   0.360925       21.679546        -1.605516e-07     
   0.360925       22.067523        2.902597e-08      
   0.360925       22.435100        -6.451561e-08     
   0.360925       22.781284        2.510000e-09      
   0.360925       23.105144        -4.448596e-08     
   0.360925       23.405806        -5.971059e-08     
   0.360925       23.682459        4.655617e-08      
   0.360925       23.934358        -3.550701e-08     
   0.360925       24.160824        -3.298240e-08     
   0.360925       24.361246        3.517695e-08      
   0.360925       24.535084        6.369580e-09      
   0.360925       24.681869        -4.699627e-08     
   0.360925       24.801206        -5.041172e-08     
   0.360925       24.892773        -2.501121e-08     
   0.360925       24.956326        -2.176009e-09     
   0.360925       24.991706        9.420003e-09      
   0.422613       0.001580         7.698447e-04      
   0.422613       0.008319         4.053996e-03      
   0.422613       0.020424         9.949865e-03      
   0.422613       0.037866         1.841723e-02      
   0.422613       0.060596         2.937761e-02      
   0.422613       0.088555         4.267704e-02      
   0.422613       0.121667         5.805365e-02      
   0.422613       0.159843         7.511169e-02      
   0.422613       0.202979         9.329805e-02      
   0.422613       0.250960         1.118979e-01      
   0.422613       0.303656         1.300642e-01      
   0.422613       0.360925         1.468867e-01      
   0.422613       0.422613         1.614995e-01      
   0.422613       0.488552         1.732109e-01      
   0.422613       0.558567         1.816236e-01      
   0.422613       0.632467         1.867029e-01      
   0.422613       0.710054         1.887639e-01      
   0.422613       0.791119         1.883825e-01      
   0.422613       0.875442         1.862634e-01      
   0.422613       0.962797         1.831133e-01      
   0.422613       1.052948         1.795456e-01      
   0.422613       1.145653         1.760292e-01      
   0.422613       1.240660         1.728742e-01      
   0.422613       1.337714         1.702489e-01      
   0.422613       1.436554         1.682110e-01      
   0.422613       1.536913         1.667376e-01      
   0.422613       1.638520         1.657504e-01      
   0.422613       1.741102         1.651384e-01      
   0.422613       1.844381         1.647785e-01      
   0.422613       1.948080         1.645483e-01      
   0.422613       2.051920         1.643332e-01      
   0.422613       2.155619         1.640340e-01      
   0.422613       2.258898         1.635713e-01      
   0.422613       2.361480         1.628867e-01      
   0.422613       2.463087         1.619407e-01      
   0.422613       2.563446         1.607136e-01      
   0.422613       2.662286         1.592026e-01      
   0.422613       2.759340         1.574195e-01      
   0.422613       2.854347         1.553863e-01      
   0.422613       2.947052         1.531343e-01      
   0.422613       3.037203         1.507004e-01      
   0.422613       3.124558         1.481251e-01      
   0.422613       3.208881         1.454501e-01      
   0.422613       3.289946         1.427166e-01      
   0.422613       3.367533         1.399645e-01      
   0.422613       3.441433         1.372313e-01      
   0.422613       3.511448         1.345516e-01      
   0.422613       3.577387         1.319561e-01      
   0.422613       3.639075         1.294721e-01      
   0.422613       3.696344         1.271234e-01      
   0.422613       3.749040         1.249306e-01      
   0.422613       3.797021         1.229111e-01      
   0.422613       3.840157         1.210792e-01      
   0.422613       3.878333         1.194468e-01      
   0.422613       3.911445         1.180237e-01      
   0.422613       3.939404         1.168174e-01      
   0.422613       3.962134         1.158339e-01      
   0.422613       3.979576         1.150779e-01      
   0.422613       3.991681         1.145524e-01      
   0.422613       3.998420         1.142597e-01      
   0.422613       4.008294         1.138305e-01      
   0.422613       4.043674         1.122903e-01      
   0.422613       4.107227         1.095170e-01      
   0.422613       4.198794         1.055160e-01      
   0.422613       4.318131         1.003153e-01      
   0.422613       4.464916         9.398120e-02      
   0.422613       4.638754         8.663302e-02      
   0.422613       4.839176         7.845076e-02      
   0.422613       5.065642         6.967233e-02      
   0.422613       5.317541         6.058144e-02      
   0.422613       5.594194         5.148496e-02      
   0.422613       5.894856         4.268584e-02      
   0.422613       6.218716         3.445697e-02      
   0.422613       6.564900         2.701864e-02      
   0.422613       6.932477         2.052425e-02      
   0.422613       7.320454         1.505467e-02      
   0.422613       7.727785         1.061980e-02      
   0.422613       8.153374         7.167304e-03      
   0.422613       8.596072         4.595837e-03      
   0.422613       9.054685         2.772575e-03      
   0.422613       9.527979         1.550312e-03      
   0.422613       10.014676        7.823062e-04      
   0.422613       10.513464        3.371043e-04      
   0.422613       11.023000        1.055019e-04      
   0.422613       11.541909        3.044298e-06      
   0.422613       12.068793        -2.910006e-05     
   0.422613       12.602230        -2.836917e-05     
   0.422613       13.140784        -1.715575e-05     
   0.422613       13.683002        -5.789218e-06     
   0.422613       14.227422        2.411995e-06      
   0.422613       14.772578        6.118440e-06      
   0.422613       15.316998        6.903037e-06      
   0.422613       15.859216        6.590950e-06      
   0.422613       16.397770        4.960860e-06      
   0.422613       16.931207        3.291986e-06      
   0.422613       17.458091        2.427790e-06      
   0.422613       17.977000        1.307563e-06      
   0.422613       18.486536        5.709967e-07      
   0.422613       18.985324        5.169392e-07      
   0.422613       19.472021        1.392644e-07      
   0.422613       19.945315        -2.914038e-09     
   0.422613       20.403928        1.144054e-08      
   0.422613       20.846626        -3.077914e-08     
   0.422613       21.272215        -1.278612e-08     
   0.422613       21.679546        -1.274403e-07     
   0.422613       22.067523        3.037337e-08      
   0.422613       22.435100        -3.908666e-08     
   0.422613       22.781284        6.198644e-09      
   0.422613       23.105144        -4.277491e-08     
   0.422613       23.405806        -4.050967e-08     
   0.422613       23.682459        3.378942e-08      
   0.422613       23.934358        -2.588320e-08     
   0.422613       24.160824        -1.552958e-08     
   0.422613       24.361246        2.277479e-08      
   0.422613       24.535084        -5.780005e-09     
   0.422613       24.681869        -3.555443e-08     
   0.422613       24.801206        -3.106277e-08     
   0.422613       24.892773        -1.399564e-08     
   0.422613       24.956326        -1.239294e-09     
   0.422613       24.991706        4.770805e-09      
   0.488552       0.001580         7.956064e-04      
   0.488552       0.008319         4.189655e-03      
   0.488552       0.020424         1.028394e-02      
   0.488552       0.037866         1.904054e-02      
   0.488552       0.060596         3.038863e-02      
   0.488552       0.088555         4.419103e-02      
   0.488552       0.121667         6.021481e-02      
   0.488552       0.159843         7.810796e-02      
   0.488552       0.202979         9.737373e-02      
   0.488552       0.250960         1.173573e-01      
   0.488552       0.303656         1.372591e-01      
   0.488552       0.360925         1.561811e-01      
   0.488552       0.422613         1.732109e-01      
   0.488552       0.488552         1.875397e-01      
   0.488552       0.558567         1.985920e-01      
   0.488552       0.632467         2.061295e-01      
   0.488552       0.710054         2.102907e-01      
   0.488552       0.791119         2.115460e-01      
   0.488552       0.875442         2.105810e-01      
   0.488552       0.962797         2.081532e-01      
   0.488552       1.052948         2.049661e-01      
   0.488552       1.145653         2.015900e-01      
   0.488552       1.240660         1.984292e-01      
   0.488552       1.337714         1.957265e-01      
   0.488552       1.436554         1.935882e-01      
   0.488552       1.536913         1.920190e-01      
   0.488552       1.638520         1.909540e-01      
   0.488552       1.741102         1.902853e-01      
   0.488552       1.844381         1.898842e-01      
   0.488552       1.948080         1.896181e-01      
   0.488552       2.051920         1.893625e-01      
   0.488552       2.155619         1.890082e-01      
   0.488552       2.258898         1.884662e-01      
   0.488552       2.361480         1.876701e-01      
   0.488552       2.463087         1.865765e-01      
   0.488552       2.563446         1.851626e-01      
   0.488552       2.662286         1.834250e-01      
   0.488552       2.759340         1.813764e-01      
   0.488552       2.854347         1.790424e-01      
   0.488552       2.947052         1.764583e-01      
   0.488552       3.037203         1.736659e-01      
   0.488552       3.124558         1.707112e-01      
   0.488552       3.208881         1.676419e-01      
   0.488552       3.289946         1.645052e-01      
   0.488552       3.367533         1.613468e-01      
   0.488552       3.441433         1.582096e-01      
   0.488552       3.511448         1.551330e-01      
   0.488552       3.577387         1.521526e-01      
   0.488552       3.639075         1.492998e-01      
   0.488552       3.696344         1.466021e-01      
   0.488552       3.749040         1.440830e-01      
   0.488552       3.797021         1.417625e-01      
   0.488552       3.840157         1.396574e-01      
   0.488552       3.878333         1.377813e-01      
   0.488552       3.911445         1.361455e-01      
   0.488552       3.939404         1.347588e-01      
   0.488552       3.962134         1.336282e-01      
   0.488552       3.979576         1.327589e-01      
   0.488552       3.991681         1.321548e-01      
   0.488552       3.998420         1.318182e-01      
   0.488552       4.008294         1.313248e-01      
   0.488552       4.043674         1.295537e-01      
   0.488552       4.107227         1.263645e-01      
   0.488552       4.198794         1.217623e-01      
   0.488552       4.318131         1.157782e-01      
   0.488552       4.464916         1.084876e-01      
   0.488552       4.638754         1.000263e-01      
   0.488552       4.839176         9.060027e-02      
   0.488552       5.065642         8.048289e-02      
   0.488552       5.317541         7.000045e-02      
   0.488552       5.594194         5.950661e-02      
   0.488552       5.894856         4.935140e-02      
   0.488552       6.218716         3.985030e-02      
   0.488552       6.564900         3.125841e-02      
   0.488552       6.932477         2.375390e-02      
   0.488552       7.320454         1.743102e-02      
   0.488552       7.727785         1.230216e-02      
   0.488552       8.153374         8.307512e-03      
   0.488552       8.596072         5.330733e-03      
   0.488552       9.054685         3.218809e-03      
   0.488552       9.527979         1.801923e-03      
   0.488552       10.014676        9.109084e-04      
   0.488552       10.513464        3.936659e-04      
   0.488552       11.023000        1.240507e-04      
   0.488552       11.541909        4.451700e-06      
   0.488552       12.068793        -3.348110e-05     
   0.488552       12.602230        -3.305295e-05     
   0.488552       13.140784        -2.016178e-05     
   0.488552       13.683002        -7.087886e-06     
   0.488552       14.227422        2.371191e-06      
   0.488552       14.772578        6.833879e-06      
   0.488552       15.316998        7.792671e-06      
   0.488552       15.859216        7.387567e-06      
   0.488552       16.397770        5.658195e-06      
   0.488552       16.931207        3.785216e-06      
   0.488552       17.458091        2.695039e-06      
   0.488552       17.977000        1.517804e-06      
   0.488552       18.486536        6.923480e-07      
   0.488552       18.985324        5.415347e-07      
   0.488552       19.472021        2.119131e-07      
   0.488552       19.945315        -1.835135e-09     
   0.488552       20.403928        2.099118e-08      
   0.488552       20.846626        -6.397804e-09     
   0.488552       21.272215        -2.978694e-08     
   0.488552       21.679546        -1.014727e-07     
   0.488552       22.067523        1.537244e-08      
   0.488552       22.435100        -1.722667e-08     
   0.488552       22.781284        1.167695e-09      
   0.488552       23.105144        -4.288430e-08     
   0.488552       23.405806        -2.132750e-08     
   0.488552       23.682459        1.449267e-08      
   0.488552       23.934358        -1.383112e-08     
   0.488552       24.160824        1.784681e-09      
   0.488552       24.361246        5.577804e-09      
   0.488552       24.535084        -1.698615e-08     
   0.488552       24.681869        -2.076451e-08     
   0.488552       24.801206        -1.105678e-08     
   0.488552       24.892773        -4.104361e-09     
   0.488552       24.956326        -1.584113e-09     
   0.488552       24.991706        -9.218251e-10     
   0.558567       0.001580         8.049409e-04      
   0.558567       0.008319         4.238804e-03      
   0.558567       0.020424         1.040559e-02      
   0.558567       0.037866         1.927040e-02      
   0.558567       0.060596         3.077086e-02      
   0.558567       0.088555         4.478858e-02      
   0.558567       0.121667         6.112322e-02      
   0.558567       0.159843         7.947361e-02      
   0.558567       0.202979         9.941248e-02      
   0.558567       0.250960         1.203678e-01      
   0.558567       0.303656         1.416235e-01      
   0.558567       0.360925         1.623426e-01      
   0.558567       0.422613         1.816236e-01      
   0.558567       0.488552         1.985920e-01      
   0.558567       0.558567         2.125205e-01      
   0.558567       0.632467         2.229544e-01      
   0.558567       0.710054         2.297996e-01      
   0.558567       0.791119         2.333388e-01      
   0.558567       0.875442         2.341569e-01      
   0.558567       0.962797         2.330037e-01      
   0.558567       1.052948         2.306449e-01      
   0.558567       1.145653         2.277492e-01      
   0.558567       1.240660         2.248269e-01      
   0.558567       1.337714         2.222136e-01      
   0.558567       1.436554         2.200842e-01      
   0.558567       1.536913         2.184876e-01      
   0.558567       1.638520         2.173850e-01      
   0.558567       1.741102         2.166807e-01      
   0.558567       1.844381         2.162473e-01      
   0.558567       1.948080         2.159469e-01      
   0.558567       2.051920         2.156477e-01      
   0.558567       2.155619         2.152324e-01      
   0.558567       2.258898         2.146038e-01      
   0.558567       2.361480         2.136884e-01      
   0.558567       2.463087         2.124383e-01      
   0.558567       2.563446         2.108285e-01      
   0.558567       2.662286         2.088545e-01      
   0.558567       2.759340         2.065302e-01      
   0.558567       2.854347         2.038843e-01      
   0.558567       2.947052         2.009563e-01      
   0.558567       3.037203         1.977930e-01      
   0.558567       3.124558         1.944459e-01      
   0.558567       3.208881         1.909685e-01      
   0.558567       3.289946         1.874146e-01      
   0.558567       3.367533         1.838355e-01      
   0.558567       3.441433         1.802796e-01      
   0.558567       3.511448         1.767916e-01      
   0.558567       3.577387         1.734119e-01      
   0.558567       3.639075         1.701763e-01      
   0.558567       3.696344         1.671159e-01      
   0.558567       3.749040         1.642577e-01      
   0.558567       3.797021         1.616244e-01      
   0.558567       3.840157         1.592350e-01      
   0.558567       3.878333         1.571053e-01      
   0.558567       3.911445         1.552481e-01      
   0.558567       3.939404         1.536735e-01      
   0.558567       3.962134         1.523896e-01      
   0.558567       3.979576         1.514025e-01      
   0.558567       3.991681         1.507164e-01      
   0.558567       3.998420         1.503341e-01      
   0.558567       4.008294         1.497737e-01      
   0.558567       4.043674         1.477620e-01      
   0.558567       4.107227         1.441390e-01      
   0.558567       4.198794         1.389093e-01      
   0.558567       4.318131         1.321068e-01      
   0.558567       4.464916         1.238154e-01      
   0.558567       4.638754         1.141881e-01      
   0.558567       4.839176         1.034571e-01      
   0.558567       5.065642         9.193269e-02      
   0.558567       5.317541         7.998553e-02      
   0.558567       5.594194         6.801858e-02      
   0.558567       5.894856         5.643157e-02      
   0.558567       6.218716         4.558523e-02      
   0.558567       6.564900         3.577195e-02      
   0.558567       6.932477         2.719647e-02      
   0.558567       7.320454         1.996768e-02      
   0.558567       7.727785         1.410099e-02      
   0.558567       8.153374         9.529077e-03      
   0.558567       8.596072         6.120000e-03      
   0.558567       9.054685         3.699587e-03      
   0.558567       9.527979         2.074189e-03      
   0.558567       10.014676        1.050978e-03      
   0.558567       10.513464        4.560069e-04      
   0.558567       11.023000        1.451089e-04      
   0.558567       11.541909        6.677725e-06      
   0.558567       12.068793        -3.778603e-05     
   0.558567       12.602230        -3.791640e-05     
   0.558567       13.140784        -2.336980e-05     
   0.558567       13.683002        -8.521191e-06     
   0.558567       14.227422        2.242507e-06      
   0.558567       14.772578        7.501698e-06      
   0.558567       15.316998        8.666428e-06      
   0.558567       15.859216        8.153037e-06      
   0.558567       16.397770        6.322459e-06      
   0.558567       16.931207        4.252046e-06      
   0.558567       17.458091        2.915850e-06      
   0.558567       17.977000        1.683212e-06      
   0.558567       18.486536        7.809484e-07      
   0.558567       18.985324        5.241250e-07      
   0.558567       19.472021        2.498392e-07      
   0.558567       19.945315        -2.448993e-08     
   0.558567       20.403928        4.949706e-09      
   0.558567       20.846626        -7.278249e-11     
   0.558567       21.272215        -6.345798e-08     
   0.558567       21.679546        -8.335222e-08     
   0.558567       22.067523        -1.130366e-08     
   0.558567       22.435100        -1.085666e-09     
   0.558567       22.781284        -1.178487e-08     
   0.558567       23.105144        -4.386582e-08     
   0.558567       23.405806        -6.879222e-09     
   0.558567       23.682459        -7.758006e-09     
   0.558567       23.934358        -1.315243e-09     
   0.558567       24.160824        1.367147e-08      
   0.558567       24.361246        -1.335977e-08     
   0.558567       24.535084        -2.428997e-08     
   0.558567       24.681869        -6.512933e-09     
   0.558567       24.801206        4.077331e-09      
   0.558567       24.892773        1.623871e-09      
   0.558567       24.956326        -3.695379e-09     
   0.558567       24.991706        -6.813315e-09     
   0.632467       0.001580         8.005996e-04      
   0.632467       0.008319         4.215937e-03      
   0.632467       0.020424         1.035028e-02      
   0.632467       0.037866         1.917219e-02      
   0.632467       0.060596         3.062751e-02      
   0.632467       0.088555         4.461657e-02      
   0.632467       0.121667         6.097153e-02      
   0.632467       0.159843         7.944280e-02      
   0.632467       0.202979         9.967606e-02      
   0.632467       0.250960         1.211918e-01      
   0.632467       0.303656         1.433774e-01      
   0.632467       0.360925         1.654936e-01      
   0.632467       0.422613         1.867029e-01      
   0.632467       0.488552         2.061295e-01      
   0.632467       0.558567         2.229544e-01      
   0.632467       0.632467         2.365369e-01      
   0.632467       0.710054         2.465340e-01      
   0.632467       0.791119         2.529738e-01      
   0.632467       0.875442         2.562468e-01      
   0.632467       0.962797         2.570084e-01      
   0.632467       1.052948         2.560304e-01      
   0.632467       1.145653         2.540567e-01      
   0.632467       1.240660         2.517033e-01      
   0.632467       1.337714         2.494122e-01      
   0.632467       1.436554         2.474483e-01      
   0.632467       1.536913         2.459259e-01      
   0.632467       1.638520         2.448478e-01      
   0.632467       1.741102         2.441422e-01      
   0.632467       1.844381         2.436928e-01      
   0.632467       1.948080         2.433641e-01      
   0.632467       2.051920         2.430205e-01      
   0.632467       2.155619         2.425393e-01      
   0.632467       2.258898         2.418171e-01      
   0.632467       2.361480         2.407751e-01      
   0.632467       2.463087         2.393609e-01      
   0.632467       2.563446         2.375471e-01      
   0.632467       2.662286         2.353290e-01      
   0.632467       2.759340         2.327215e-01      
   0.632467       2.854347         2.297560e-01      
   0.632467       2.947052         2.264760e-01      
   0.632467       3.037203         2.229332e-01      
   0.632467       3.124558         2.191848e-01      
   0.632467       3.208881         2.152904e-01      
   0.632467       3.289946         2.113095e-01      
   0.632467       3.367533         2.072995e-01      
   0.632467       3.441433         2.033148e-01      
   0.632467       3.511448         1.994051e-01      
   0.632467       3.577387         1.956158e-01      
   0.632467       3.639075         1.919871e-01      
   0.632467       3.696344         1.885542e-01      
   0.632467       3.749040         1.853473e-01      
   0.632467       3.797021         1.823920e-01      
   0.632467       3.840157         1.797101e-01      
   0.632467       3.878333         1.773192e-01      
   0.632467       3.911445         1.752339e-01      
   0.632467       3.939404         1.734658e-01      
   0.632467       3.962134         1.720239e-01      
   0.632467       3.979576         1.709151e-01      
   0.632467       3.991681         1.701445e-01      
   0.632467       3.998420         1.697151e-01      
   0.632467       4.008294         1.690855e-01      
   0.632467       4.043674         1.668256e-01      
   0.632467       4.107227         1.627544e-01      
   0.632467       4.198794         1.568761e-01      
   0.632467       4.318131         1.492268e-01      
   0.632467       4.464916         1.398983e-01      
   0.632467       4.638754         1.290602e-01      
   0.632467       4.839176         1.169720e-01      
   0.632467       5.065642         1.039810e-01      
   0.632467       5.317541         9.050422e-02      
   0.632467       5.594194         7.699600e-02      
   0.632467       5.894856         6.390809e-02      
   0.632467       6.218716         5.164910e-02      
   0.632467       6.564900         4.055105e-02      
   0.632467       6.932477         3.084722e-02      
   0.632467       7.320454         2.266244e-02      
   0.632467       7.727785         1.601582e-02      
   0.632467       8.153374         1.083257e-02      
   0.632467       8.596072         6.964761e-03      
   0.632467       9.054685         4.216225e-03      
   0.632467       9.527979         2.368387e-03      
   0.632467       10.014676        1.203608e-03      
   0.632467       10.513464        5.250320e-04      
   0.632467       11.023000        1.693975e-04      
   0.632467       11.541909        1.026738e-05      
   0.632467       12.068793        -4.157751e-05     
   0.632467       12.602230        -4.259891e-05     
   0.632467       13.140784        -2.649422e-05     
   0.632467       13.683002        -9.823654e-06     
   0.632467       14.227422        2.271530e-06      
   0.632467       14.772578        8.323000e-06      
   0.632467       15.316998        9.718344e-06      
   0.632467       15.859216        9.069853e-06      
   0.632467       16.397770        7.096867e-06      
   0.632467       16.931207        4.819111e-06      
   0.632467       17.458091        3.209596e-06      
   0.632467       17.977000        1.888265e-06      
   0.632467       18.486536        9.077189e-07      
   0.632467       18.985324        5.320702e-07      
   0.632467       19.472021        2.893371e-07      
   0.632467       19.945315        -3.164322e-08     
   0.632467       20.403928        -9.681998e-09     
   0.632467       20.846626        4.538544e-09      
   0.632467       21.272215        -9.412547e-08     
   0.632467       21.679546        -6.731230e-08     
   0.632467       22.067523        -3.733004e-08     
   0.632467       22.435100        1.093024e-08      
   0.632467       22.781284        -2.691191e-08     
   0.632467       23.105144        -4.210757e-08     
   0.632467       23.405806        3.605187e-10      
   0.632467       23.682459        -2.617558e-08     
   0.632467       23.934358        1.001671e-08      
   0.632467       24.160824        1.667109e-08      
   0.632467       24.361246        -2.838788e-08     
   0.632467       24.535084        -2.513519e-08     
   0.632467       24.681869        3.361671e-09      
   0.632467       24.801206        1.067216e-08      
   0.632467       24.892773        2.219868e-09      
   0.632467       24.956326        -6.648168e-09     
   0.632467       24.991706        -1.116333e-08     
   0.710054       0.001580         7.860881e-04      
   0.710054       0.008319         4.139519e-03      
   0.710054       0.020424         1.016329e-02      
   0.710054       0.037866         1.882960e-02      
   0.710054       0.060596         3.009176e-02      
   0.710054       0.088555         4.386739e-02      
   0.710054       0.121667         6.001868e-02      
   0.710054       0.159843         7.834386e-02      
   0.710054       0.202979         9.855749e-02      
   0.710054       0.250960         1.202702e-01      
   0.710054       0.303656         1.429773e-01      
   0.710054       0.360925         1.660539e-01      
   0.710054       0.422613         1.887639e-01      
   0.710054       0.488552         2.102907e-01      
   0.710054       0.558567         2.297996e-01      
   0.710054       0.632467         2.465340e-01      
   0.710054       0.710054         2.599350e-01      
   0.710054       0.791119         2.697532e-01      
   0.710054       0.875442         2.761074e-01      
   0.710054       0.962797         2.794581e-01      
   0.710054       1.052948         2.804948e-01      
   0.710054       1.145653         2.799822e-01      
   0.710054       1.240660         2.786213e-01      
   0.710054       1.337714         2.769637e-01      
   0.710054       1.436554         2.753815e-01      
   0.710054       1.536913         2.740768e-01      
   0.710054       1.638520         2.731140e-01      
   0.710054       1.741102         2.724605e-01      
   0.710054       1.844381         2.720234e-01      
   0.710054       1.948080         2.716787e-01      
   0.710054       2.051920         2.712937e-01      
   0.710054       2.155619         2.707437e-01      
   0.710054       2.258898         2.699223e-01      
   0.710054       2.361480         2.687473e-01      
   0.710054       2.463087         2.671627e-01      
   0.710054       2.563446         2.651389e-01      
   0.710054       2.662286         2.626712e-01      
   0.710054       2.759340         2.597758e-01      
   0.710054       2.854347         2.564864e-01      
   0.710054       2.947052         2.528501e-01      
   0.710054       3.037203         2.489237e-01      
   0.710054       3.124558         2.447700e-01      
   0.710054       3.208881         2.404541e-01      
   0.710054       3.289946         2.360414e-01      
   0.710054       3.367533         2.315954e-01      
   0.710054       3.441433         2.271762e-01      
   0.710054       3.511448         2.228392e-01      
   0.710054       3.577387         2.186344e-01      
   0.710054       3.639075         2.146067e-01      
   0.710054       3.696344         2.107950e-01      
   0.710054       3.749040         2.072334e-01      
   0.710054       3.797021         2.039505e-01      
   0.710054       3.840157         2.009706e-01      
   0.710054       3.878333         1.983135e-01      
   0.710054       3.911445         1.959956e-01      
   0.710054       3.939404         1.940300e-01      
   0.710054       3.962134         1.924269e-01      
   0.710054       3.979576         1.911940e-01      
   0.710054       3.991681         1.903370e-01      
   0.710054       3.998420         1.898595e-01      
   0.710054       4.008294         1.891593e-01      
   0.710054       4.043674         1.866457e-01      
   0.710054       4.107227         1.821164e-01      
   0.710054       4.198794         1.755741e-01      
   0.710054       4.318131         1.670566e-01      
   0.710054       4.464916         1.566630e-01      
   0.710054       4.638754         1.445788e-01      
   0.710054       4.839176         1.310905e-01      
   0.710054       5.065642         1.165831e-01      
   0.710054       5.317541         1.015210e-01      
   0.710054       5.594194         8.641166e-02      
   0.710054       5.894856         7.176101e-02      
   0.710054       6.218716         5.802802e-02      
   0.710054       6.564900         4.558674e-02      
   0.710054       6.932477         3.470089e-02      
   0.710054       7.320454         2.551273e-02      
   0.710054       7.727785         1.804581e-02      
   0.710054       8.153374         1.221825e-02      
   0.710054       8.596072         7.865775e-03      
   0.710054       9.054685         4.769608e-03      
   0.710054       9.527979         2.685314e-03      
   0.710054       10.014676        1.369385e-03      
   0.710054       10.513464        6.010932e-04      
   0.710054       11.023000        1.970462e-04      
   0.710054       11.541909        1.517853e-05      
   0.710054       12.068793        -4.499319e-05     
   0.710054       12.602230        -4.730460e-05     
   0.710054       13.140784        -2.977017e-05     
   0.710054       13.683002        -1.121629e-05     
   0.710054       14.227422        2.259421e-06      
   0.710054       14.772578        9.112193e-06      
   0.710054       15.316998        1.079372e-05      
   0.710054       15.859216        1.002402e-05      
   0.710054       16.397770        7.877181e-06      
   0.710054       16.931207        5.401125e-06      
   0.710054       17.458091        3.525919e-06      
   0.710054       17.977000        2.083527e-06      
   0.710054       18.486536        1.033984e-06      
   0.710054       18.985324        5.495003e-07      
   0.710054       19.472021        3.062812e-07      
   0.710054       19.945315        -3.175664e-08     
   0.710054       20.403928        -2.935826e-08     
   0.710054       20.846626        -1.497287e-09     
   0.710054       21.272215        -1.194727e-07     
   0.710054       21.679546        -6.006122e-08     
   0.710054       22.067523        -5.844856e-08     
   0.710054       22.435100        1.453246e-08      
   0.710054       22.781284        -4.114899e-08     
   0.710054       23.105144        -3.728639e-08     
   0.710054       23.405806        -1.777876e-09     
   0.710054       23.682459        -3.525095e-08     
   0.710054       23.934358        1.708101e-08      
   0.710054       24.160824        9.933732e-09      
   0.710054       24.361246        -3.422691e-08     
   0.710054       24.535084        -1.965209e-08     
   0.710054       24.681869        6.189956e-09      
   0.710054       24.801206        8.238888e-09      
   0.710054       24.892773        -1.091378e-09     
   0.710054       24.956326        -8.801076e-09     
   0.710054       24.991706        -1.236038e-08     
   0.791119       0.001580         7.651714e-04      
   0.791119       0.008319         4.029376e-03      
   0.791119       0.020424         9.893264e-03      
   0.791119       0.037866         1.833267e-02      
   0.791119       0.060596         2.930711e-02      
   0.791119       0.088555         4.274926e-02      
   0.791119       0.121667         5.854709e-02      
   0.791119       0.159843         7.654012e-02      
   0.791119       0.202979         9.650293e-02      
   0.791119       0.250960         1.181264e-01      
   0.791119       0.303656         1.410055e-01      
   0.791119       0.360925         1.646304e-01      
   0.791119       0.422613         1.883825e-01      
   0.791119       0.488552         2.115460e-01      
   0.791119       0.558567         2.333388e-01      
   0.791119       0.632467         2.529738e-01      
   0.791119       0.710054         2.697532e-01      
   0.791119       0.791119         2.831851e-01      
   0.791119       0.875442         2.930897e-01      
   0.791119       0.962797         2.996480e-01      
   0.791119       1.052948         3.033605e-01      
   0.791119       1.145653         3.049222e-01      
   0.791119       1.240660         3.050672e-01      
   0.791119       1.337714         3.044405e-01      
   0.791119       1.436554         3.035280e-01      
   0.791119       1.536913         3.026379e-01      
   0.791119       1.638520         3.019186e-01      
   0.791119       1.741102         3.013964e-01      
   0.791119       1.844381         3.010167e-01      
   0.791119       1.948080         3.006787e-01      
   0.791119       2.051920         3.002611e-01      
   0.791119       2.155619         2.996434e-01      
   0.791119       2.258898         2.987199e-01      
   0.791119       2.361480         2.974072e-01      
   0.791119       2.463087         2.956475e-01      
   0.791119       2.563446         2.934101e-01      
   0.791119       2.662286         2.906901e-01      
   0.791119       2.759340         2.875051e-01      
   0.791119       2.854347         2.838911e-01      
   0.791119       2.947052         2.798987e-01      
   0.791119       3.037203         2.755893e-01      
   0.791119       3.124558         2.710308e-01      
   0.791119       3.208881         2.662939e-01      
   0.791119       3.289946         2.614499e-01      
   0.791119       3.367533         2.565680e-01      
   0.791119       3.441433         2.517141e-01      
   0.791119       3.511448         2.469488e-01      
   0.791119       3.577387         2.423273e-01      
   0.791119       3.639075         2.378989e-01      
   0.791119       3.696344         2.337067e-01      
   0.791119       3.749040         2.297883e-01      
   0.791119       3.797021         2.261755e-01      
   0.791119       3.840157         2.228953e-01      
   0.791119       3.878333         2.199698e-01      
   0.791119       3.911445         2.174173e-01      
   0.791119       3.939404         2.152523e-01      
   0.791119       3.962134         2.134862e-01      
   0.791119       3.979576         2.121280e-01      
   0.791119       3.991681         2.111837e-01      
   0.791119       3.998420         2.106575e-01      
   0.791119       4.008294         2.098860e-01      
   0.791119       4.043674         2.071158e-01      
   0.791119       4.107227         2.021227e-01      
   0.791119       4.198794         1.949074e-01      
   0.791119       4.318131         1.855082e-01      
   0.791119       4.464916         1.740306e-01      
   0.791119       4.638754         1.606751e-01      
   0.791119       4.839176         1.457544e-01      
   0.791119       5.065642         1.296914e-01      
   0.791119       5.317541         1.129982e-01      
   0.791119       5.594194         9.623685e-02      
   0.791119       5.894856         7.996954e-02      
   0.791119       6.218716         6.470786e-02      
   0.791119       6.564900         5.087016e-02      
   0.791119       6.932477         3.875262e-02      
   0.791119       7.320454         2.851653e-02      
   0.791119       7.727785         2.019087e-02      
   0.791119       8.153374         1.368708e-02      
   0.791119       8.596072         8.824503e-03      
   0.791119       9.054685         5.361273e-03      
   0.791119       9.527979         3.026359e-03      
   0.791119       10.014676        1.549437e-03      
   0.791119       10.513464        6.850232e-04      
   0.791119       11.023000        2.286038e-04      
   0.791119       11.541909        2.175115e-05      
   0.791119       12.068793        -4.783343e-05     
   0.791119       12.602230        -5.194156e-05     
   0.791119       13.140784        -3.315734e-05     
   0.791119       13.683002        -1.268487e-05     
   0.791119       14.227422        2.211006e-06      
   0.791119       14.772578        9.872469e-06      
   0.791119       15.316998        1.188909e-05      
   0.791119       15.859216        1.102644e-05      
   0.791119       16.397770        8.670350e-06      
   0.791119       16.931207        5.997371e-06      
   0.791119       17.458091        3.877693e-06      
   0.791119       17.977000        2.275454e-06      
   0.791119       18.486536        1.159377e-06      
   0.791119       18.985324        5.854573e-07      
   0.791119       19.472021        3.021400e-07      
   0.791119       19.945315        -2.186560e-08     
   0.791119       20.403928        -5.027859e-08     
   0.791119       20.846626        -2.028886e-08     
   0.791119       21.272215        -1.350521e-07     
   0.791119       21.679546        -6.474575e-08     
   0.791119       22.067523        -7.090400e-08     
   0.791119       22.435100        6.721908e-09      
   0.791119       22.781284        -5.138635e-08     
   0.791119       23.105144        -3.110112e-08     
   0.791119       23.405806        -1.272061e-08     
   0.791119       23.682459        -3.283974e-08     
   0.791119       23.934358        1.615467e-08      
   0.791119       24.160824        -3.751518e-09     
   0.791119       24.361246        -2.927625e-08     
   0.791119       24.535084        -1.148970e-08     
   0.791119       24.681869        1.520906e-09      
   0.791119       24.801206        -6.608244e-10     
   0.791119       24.892773        -6.094367e-09     
   0.791119       24.956326        -9.276398e-09     
   0.791119       24.991706        -1.038914e-08     
   0.875442       0.001580         7.413572e-04      
   0.875442       0.008319         3.903974e-03      
   0.875442       0.020424         9.585544e-03      
   0.875442       0.037866         1.776528e-02      
   0.875442       0.060596         2.840746e-02      
   0.875442       0.088555         4.145678e-02      
   0.875442       0.121667         5.682178e-02      
   0.875442       0.159843         7.437515e-02      
   0.875442       0.202979         9.394037e-02      
   0.875442       0.250960         1.152751e-01      
   0.875442       0.303656         1.380604e-01      
   0.875442       0.360925         1.618903e-01      
   0.875442       0.422613         1.862634e-01      
   0.875442       0.488552         2.105810e-01      
   0.875442       0.558567         2.341569e-01      
   0.875442       0.632467         2.562468e-01      
   0.875442       0.710054         2.761074e-01      
   0.875442       0.791119         2.930897e-01      
   0.875442       0.875442         3.067535e-01      
   0.875442       0.962797         3.169689e-01      
   0.875442       1.052948         3.239547e-01      
   0.875442       1.145653         3.282247e-01      
   0.875442       1.240660         3.304571e-01      
   0.875442       1.337714         3.313428e-01      
   0.875442       1.436554         3.314674e-01      
   0.875442       1.536913         3.312536e-01      
   0.875442       1.638520         3.309540e-01      
   0.875442       1.741102         3.306765e-01      
   0.875442       1.844381         3.304230e-01      
   0.875442       1.948080         3.301295e-01      
   0.875442       2.051920         3.296978e-01      
   0.875442       2.155619         3.290199e-01      
   0.875442       2.258898         3.279956e-01      
   0.875442       2.361480         3.265435e-01      
   0.875442       2.463087         3.246067e-01      
   0.875442       2.563446         3.221546e-01      
   0.875442       2.662286         3.191827e-01      
   0.875442       2.759340         3.157098e-01      
   0.875442       2.854347         3.117744e-01      
   0.875442       2.947052         3.074305e-01      
   0.875442       3.037203         3.027434e-01      
   0.875442       3.124558         2.977858e-01      
   0.875442       3.208881         2.926338e-01      
   0.875442       3.289946         2.873642e-01      
   0.875442       3.367533         2.820520e-01      
   0.875442       3.441433         2.767682e-01      
   0.875442       3.511448         2.715790e-01      
   0.875442       3.577387         2.665445e-01      
   0.875442       3.639075         2.617185e-01      
   0.875442       3.696344         2.571484e-01      
   0.875442       3.749040         2.528752e-01      
   0.875442       3.797021         2.489340e-01      
   0.875442       3.840157         2.453545e-01      
   0.875442       3.878333         2.421613e-01      
   0.875442       3.911445         2.393745e-01      
   0.875442       3.939404         2.370103e-01      
   0.875442       3.962134         2.350815e-01      
   0.875442       3.979576         2.335978e-01      
   0.875442       3.991681         2.325663e-01      
   0.875442       3.998420         2.319914e-01      
   0.875442       4.008294         2.311485e-01      
   0.875442       4.043674         2.281215e-01      
   0.875442       4.107227         2.226638e-01      
   0.875442       4.198794         2.147731e-01      
   0.875442       4.318131         2.044871e-01      
   0.875442       4.464916         1.919164e-01      
   0.875442       4.638754         1.772753e-01      
   0.875442       4.839176         1.609014e-01      
   0.875442       5.065642         1.432546e-01      
   0.875442       5.317541         1.248954e-01      
   0.875442       5.594194         1.064410e-01      
   0.875442       5.894856         8.851169e-02      
   0.875442       6.218716         7.167377e-02      
   0.875442       6.564900         5.639212e-02      
   0.875442       6.932477         4.299752e-02      
   0.875442       7.320454         3.167200e-02      
   0.875442       7.727785         2.245110e-02      
   0.875442       8.153374         1.524031e-02      
   0.875442       8.596072         9.842684e-03      
   0.875442       9.054685         5.993008e-03      
   0.875442       9.527979         3.393114e-03      
   0.875442       10.014676        1.745043e-03      
   0.875442       10.513464        7.777495e-04      
   0.875442       11.023000        2.646907e-04      
   0.875442       11.541909        3.036899e-05      
   0.875442       12.068793        -4.988931e-05     
   0.875442       12.602230        -5.640801e-05     
   0.875442       13.140784        -3.660978e-05     
   0.875442       13.683002        -1.422222e-05     
   0.875442       14.227422        2.125096e-06      
   0.875442       14.772578        1.060840e-05      
   0.875442       15.316998        1.300035e-05      
   0.875442       15.859216        1.207839e-05      
   0.875442       16.397770        9.486482e-06      
   0.875442       16.931207        6.610869e-06      
   0.875442       17.458091        4.269218e-06      
   0.875442       17.977000        2.474632e-06      
   0.875442       18.486536        1.286396e-06      
   0.875442       18.985324        6.430991e-07      
   0.875442       19.472021        2.847655e-07      
   0.875442       19.945315        -2.744182e-09     
   0.875442       20.403928        -6.785089e-08     
   0.875442       20.846626        -5.095792e-08     
   0.875442       21.272215        -1.390236e-07     
   0.875442       21.679546        -8.071420e-08     
   0.875442       22.067523        -7.362396e-08     
   0.875442       22.435100        -1.255375e-08     
   0.875442       22.781284        -5.519888e-08     
   0.875442       23.105144        -2.661714e-08     
   0.875442       23.405806        -2.807471e-08     
   0.875442       23.682459        -2.123464e-08     
   0.875442       23.934358        5.572473e-09      
   0.875442       24.160824        -1.794033e-08     
   0.875442       24.361246        -1.678377e-08     
   0.875442       24.535084        -5.382044e-09     
   0.875442       24.681869        -7.682631e-09     
   0.875442       24.801206        -1.098252e-08     
   0.875442       24.892773        -1.019083e-08     
   0.875442       24.956326        -8.016456e-09     
   0.875442       24.991706        -6.509415e-09     
   0.962797       0.001580         7.173894e-04      
   0.962797       0.008319         3.777760e-03      
   0.962797       0.020424         9.275637e-03      
   0.962797       0.037866         1.719325e-02      
   0.962797       0.060596         2.749815e-02      
   0.962797       0.088555         4.014408e-02      
   0.962797       0.121667         5.505491e-02      
   0.962797       0.159843         7.212840e-02      
   0.962797       0.202979         9.122571e-02      
   0.962797       0.250960         1.121572e-01      
   0.962797       0.303656         1.346742e-01      
   0.962797       0.360925         1.584587e-01      
   0.962797       0.422613         1.831133e-01      
   0.962797       0.488552         2.081532e-01      
   0.962797       0.558567         2.330037e-01      
   0.962797       0.632467         2.570084e-01      
   0.962797       0.710054         2.794581e-01      
   0.962797       0.791119         2.996480e-01      
   0.962797       0.875442         3.169689e-01      
   0.962797       0.962797         3.310185e-01      
   0.962797       1.052948         3.416977e-01      
   0.962797       1.145653         3.492421e-01      
   0.962797       1.240660         3.541611e-01      
   0.962797       1.337714         3.571037e-01      
   0.962797       1.436554         3.587105e-01      
   0.962797       1.536913         3.595083e-01      
   0.962797       1.638520         3.598648e-01      
   0.962797       1.741102         3.599893e-01      
   0.962797       1.844381         3.599620e-01      
   0.962797       1.948080         3.597729e-01      
   0.962797       2.051920         3.593602e-01      
   0.962797       2.155619         3.586388e-01      
   0.962797       2.258898         3.575213e-01      
   0.962797       2.361480         3.559331e-01      
   0.962797       2.463087         3.538209e-01      
   0.962797       2.563446         3.511565e-01      
   0.962797       2.662286         3.479365e-01      
   0.962797       2.759340         3.441813e-01      
   0.962797       2.854347         3.399319e-01      
   0.962797       2.947052         3.352454e-01      
   0.962797       3.037203         3.301907e-01      
   0.962797       3.124558         3.248448e-01      
   0.962797       3.208881         3.192888e-01      
   0.962797       3.289946         3.136049e-01      
   0.962797       3.367533         3.078732e-01      
   0.962797       3.441433         3.021700e-01      
   0.962797       3.511448         2.965666e-01      
   0.962797       3.577387         2.911279e-01      
   0.962797       3.639075         2.859122e-01      
   0.962797       3.696344         2.809711e-01      
   0.962797       3.749040         2.763493e-01      
   0.962797       3.797021         2.720850e-01      
   0.962797       3.840157         2.682107e-01      
   0.962797       3.878333         2.647535e-01      
   0.962797       3.911445         2.617355e-01      
   0.962797       3.939404         2.591746e-01      
   0.962797       3.962134         2.570849e-01      
   0.962797       3.979576         2.554772e-01      
   0.962797       3.991681         2.543594e-01      
   0.962797       3.998420         2.537364e-01      
   0.962797       4.008294         2.528228e-01      
   0.962797       4.043674         2.495415e-01      
   0.962797       4.107227         2.436232e-01      
   0.962797       4.198794         2.350618e-01      
   0.962797       4.318131         2.238929e-01      
   0.962797       4.464916         2.102304e-01      
   0.962797       4.638754         1.943008e-01      
   0.962797       4.839176         1.764647e-01      
   0.962797       5.065642         1.572184e-01      
   0.962797       5.317541         1.371696e-01      
   0.962797       5.594194         1.169917e-01      
   0.962797       5.894856         9.736423e-02      
   0.962797       6.218716         7.891013e-02      
   0.962797       6.564900         6.214307e-02      
   0.962797       6.932477         4.743059e-02      
   0.962797       7.320454         3.497735e-02      
   0.962797       7.727785         2.482684e-02      
   0.962797       8.153374         1.687945e-02      
   0.962797       8.596072         1.092235e-02      
   0.962797       9.054685         6.666894e-03      
   0.962797       9.527979         3.787414e-03      
   0.962797       10.014676        1.957666e-03      
   0.962797       10.513464        8.803380e-04      
   0.962797       11.023000        3.060508e-04      
   0.962797       11.541909        4.150941e-05      
   0.962797       12.068793        -5.089631e-05     
   0.962797       12.602230        -6.054312e-05     
   0.962797       13.140784        -4.003253e-05     
   0.962797       13.683002        -1.578577e-05     
   0.962797       14.227422        2.034479e-06      
   0.962797       14.772578        1.135920e-05      
   0.962797       15.316998        1.415770e-05      
   0.962797       15.859216        1.319998e-05      
   0.962797       16.397770        1.036271e-05      
   0.962797       16.931207        7.273007e-06      
   0.962797       17.458091        4.714761e-06      
   0.962797       17.977000        2.710729e-06      
   0.962797       18.486536        1.435902e-06      
   0.962797       18.985324        7.305797e-07      
   0.962797       19.472021        2.768305e-07      
   0.962797       19.945315        2.935259e-08      
   0.962797       20.403928        -7.150035e-08     
   0.962797       20.846626        -8.349879e-08     
   0.962797       21.272215        -1.289674e-07     
   0.962797       21.679546        -9.949570e-08     
   0.962797       22.067523        -6.645294e-08     
   0.962797       22.435100        -3.732266e-08     
   0.962797       22.781284        -5.041350e-08     
   0.962797       23.105144        -2.561547e-08     
   0.962797       23.405806        -3.990672e-08     
   0.962797       23.682459        -6.408285e-09     
   0.962797       23.934358        -1.139376e-08     
   0.962797       24.160824        -2.524853e-08     
   0.962797       24.361246        -3.425983e-09     
   0.962797       24.535084        -3.860393e-09     
   0.962797       24.681869        -1.595808e-08     
   0.962797       24.801206        -1.727124e-08     
   0.962797       24.892773        -1.125010e-08     
   0.962797       24.956326        -5.473985e-09     
   0.962797       24.991706        -2.384717e-09     
   1.052948       0.001580         6.950484e-04      
   1.052948       0.008319         3.660110e-03      
   1.052948       0.020424         8.986635e-03      
   1.052948       0.037866         1.665946e-02      
   1.052948       0.060596         2.664845e-02      
   1.052948       0.088555         3.891393e-02      
   1.052948       0.121667         5.339100e-02      
   1.052948       0.159843         6.999586e-02      
   1.052948       0.202979         8.861765e-02      
   1.052948       0.250960         1.091064e-01      
   1.052948       0.303656         1.312669e-01      
   1.052948       0.360925         1.548507e-01      
   1.052948       0.422613         1.795456e-01      
   1.052948       0.488552         2.049661e-01      
   1.052948       0.558567         2.306449e-01      
   1.052948       0.632467         2.560304e-01      
   1.052948       0.710054         2.804948e-01      
   1.052948       0.791119         3.033605e-01      
   1.052948       0.875442         3.239547e-01      
   1.052948       0.962797         3.416977e-01      
   1.052948       1.052948         3.562126e-01      
   1.052948       1.145653         3.674181e-01      
   1.052948       1.240660         3.755538e-01      
   1.052948       1.337714         3.811125e-01      
   1.052948       1.436554         3.847056e-01      
   1.052948       1.536913         3.869236e-01      
   1.052948       1.638520         3.882409e-01      
   1.052948       1.741102         3.889802e-01      
   1.052948       1.844381         3.893197e-01      
   1.052948       1.948080         3.893243e-01      
   1.052948       2.051920         3.889847e-01      
   1.052948       2.155619         3.882505e-01      
   1.052948       2.258898         3.870570e-01      
   1.052948       2.361480         3.853428e-01      
   1.052948       2.463087         3.830625e-01      
   1.052948       2.563446         3.801923e-01      
   1.052948       2.662286         3.767320e-01      
   1.052948       2.759340         3.727043e-01      
   1.052948       2.854347         3.681526e-01      
   1.052948       2.947052         3.631367e-01      
   1.052948       3.037203         3.577293e-01      
   1.052948       3.124558         3.520111e-01      
   1.052948       3.208881         3.460678e-01      
   1.052948       3.289946         3.399861e-01      
   1.052948       3.367533         3.338512e-01      
   1.052948       3.441433         3.277443e-01      
   1.052948       3.511448         3.217416e-01      
   1.052948       3.577387         3.159127e-01      
   1.052948       3.639075         3.103202e-01      
   1.052948       3.696344         3.050196e-01      
   1.052948       3.749040         3.000594e-01      
   1.052948       3.797021         2.954812e-01      
   1.052948       3.840157         2.913202e-01      
   1.052948       3.878333         2.876058e-01      
   1.052948       3.911445         2.843624e-01      
   1.052948       3.939404         2.816095e-01      
   1.052948       3.962134         2.793627e-01      
   1.052948       3.979576         2.776339e-01      
   1.052948       3.991681         2.764317e-01      
   1.052948       3.998420         2.757616e-01      
   1.052948       4.008294         2.747789e-01      
   1.052948       4.043674         2.712487e-01      
   1.052948       4.107227         2.648788e-01      
   1.052948       4.198794         2.556583e-01      
   1.052948       4.318131         2.436195e-01      
   1.052948       4.464916         2.288774e-01      
   1.052948       4.638754         2.116683e-01      
   1.052948       4.839176         1.923740e-01      
   1.052948       5.065642         1.715248e-01      
   1.052948       5.317541         1.497752e-01      
   1.052948       5.594194         1.278546e-01      
   1.052948       5.894856         1.065025e-01      
   1.052948       6.218716         8.640034e-02      
   1.052948       6.564900         6.811283e-02      
   1.052948       6.932477         5.204653e-02      
   1.052948       7.320454         3.843069e-02      
   1.052948       7.727785         2.731840e-02      
   1.052948       8.153374         1.860606e-02      
   1.052948       8.596072         1.206558e-02      
   1.052948       9.054685         7.385040e-03      
   1.052948       9.527979         4.211091e-03      
   1.052948       10.014676        2.188743e-03      
   1.052948       10.513464        9.937840e-04      
   1.052948       11.023000        3.533230e-04      
   1.052948       11.541909        5.553063e-05      
   1.052948       12.068793        -5.072857e-05     
   1.052948       12.602230        -6.433493e-05     
   1.052948       13.140784        -4.347109e-05     
   1.052948       13.683002        -1.747476e-05     
   1.052948       14.227422        1.833158e-06      
   1.052948       14.772578        1.204322e-05      
   1.052948       15.316998        1.527903e-05      
   1.052948       15.859216        1.430453e-05      
   1.052948       16.397770        1.124673e-05      
   1.052948       16.931207        7.938863e-06      
   1.052948       17.458091        5.156149e-06      
   1.052948       17.977000        2.955749e-06      
   1.052948       18.486536        1.582445e-06      
   1.052948       18.985324        8.110786e-07      
   1.052948       19.472021        2.703465e-07      
   1.052948       19.945315        5.063660e-08      
   1.052948       20.403928        -7.455490e-08     
   1.052948       20.846626        -1.222605e-07     
   1.052948       21.272215        -1.198797e-07     
   1.052948       21.679546        -1.206038e-07     
   1.052948       22.067523        -6.118628e-08     
   1.052948       22.435100        -6.532424e-08     
   1.052948       22.781284        -4.321508e-08     
   1.052948       23.105144        -3.217219e-08     
   1.052948       23.405806        -4.439892e-08     
   1.052948       23.682459        6.425512e-10      
   1.052948       23.934358        -2.933609e-08     
   1.052948       24.160824        -2.431762e-08     
   1.052948       24.361246        2.334223e-09      
   1.052948       24.535084        -7.450305e-09     
   1.052948       24.681869        -1.976361e-08     
   1.052948       24.801206        -1.767228e-08     
   1.052948       24.892773        -9.755112e-09     
   1.052948       24.956326        -3.505038e-09     
   1.052948       24.991706        -4.306871e-10     
   1.145653       0.001580         6.753864e-04      
   1.145653       0.008319         3.556569e-03      
   1.145653       0.020424         8.732220e-03      
   1.145653       0.037866         1.618939e-02      
   1.145653       0.060596         2.589969e-02      
   1.145653       0.088555         3.782832e-02      
   1.145653       0.121667         5.191870e-02      
   1.145653       0.159843         6.810055e-02      
   1.145653       0.202979         8.628336e-02      
   1.145653       0.250960         1.063456e-01      
   1.145653       0.303656         1.281306e-01      
   1.145653       0.360925         1.514409e-01      
   1.145653       0.422613         1.760292e-01      
   1.145653       0.488552         2.015900e-01      
   1.145653       0.558567         2.277492e-01      
   1.145653       0.632467         2.540567e-01      
   1.145653       0.710054         2.799822e-01      
   1.145653       0.791119         3.049222e-01      
   1.145653       0.875442         3.282247e-01      
   1.145653       0.962797         3.492421e-01      
   1.145653       1.052948         3.674181e-01      
   1.145653       1.145653         3.823942e-01      
   1.145653       1.240660         3.940981e-01      
   1.145653       1.337714         4.027637e-01      
   1.145653       1.436554         4.088612e-01      
   1.145653       1.536913         4.129640e-01      
   1.145653       1.638520         4.156158e-01      
   1.145653       1.741102         4.172466e-01      
   1.145653       1.844381         4.181453e-01      
   1.145653       1.948080         4.184715e-01      
   1.145653       2.051920         4.182866e-01      
   1.145653       2.155619         4.175904e-01      
   1.145653       2.258898         4.163519e-01      
   1.145653       2.361480         4.145318e-01      
   1.145653       2.463087         4.120978e-01      
   1.145653       2.563446         4.090342e-01      
   1.145653       2.662286         4.053462e-01      
   1.145653       2.759340         4.010602e-01      
   1.145653       2.854347         3.962223e-01      
   1.145653       2.947052         3.908951e-01      
   1.145653       3.037203         3.851545e-01      
   1.145653       3.124558         3.790850e-01      
   1.145653       3.208881         3.727760e-01      
   1.145653       3.289946         3.663183e-01      
   1.145653       3.367533         3.598016e-01      
   1.145653       3.441433         3.533120e-01      
   1.145653       3.511448         3.469301e-01      
   1.145653       3.577387         3.407298e-01      
   1.145653       3.639075         3.347780e-01      
   1.145653       3.696344         3.291341e-01      
   1.145653       3.749040         3.238501e-01      
   1.145653       3.797021         3.189708e-01      
   1.145653       3.840157         3.145344e-01      
   1.145653       3.878333         3.105728e-01      
   1.145653       3.911445         3.071125e-01      
   1.145653       3.939404         3.041746e-01      
   1.145653       3.962134         3.017763e-01      
   1.145653       3.979576         2.999305e-01      
   1.145653       3.991681         2.986468e-01      
   1.145653       3.998420         2.979312e-01      
   1.145653       4.008294         2.968818e-01      
   1.145653       4.043674         2.931109e-01      
   1.145653       4.107227         2.863036e-01      
   1.145653       4.198794         2.764431e-01      
   1.145653       4.318131         2.635565e-01      
   1.145653       4.464916         2.477580e-01      
   1.145653       4.638754         2.292908e-01      
   1.145653       4.839176         2.085552e-01      
   1.145653       5.065642         1.861132e-01      
   1.145653       5.317541         1.626644e-01      
   1.145653       5.594194         1.389933e-01      
   1.145653       5.894856         1.159004e-01      
   1.145653       6.218716         9.412697e-02      
   1.145653       6.564900         7.429082e-02      
   1.145653       6.932477         5.683989e-02      
   1.145653       7.320454         4.203020e-02      
   1.145653       7.727785         2.992632e-02      
   1.145653       8.153374         2.042197e-02      
   1.145653       8.596072         1.327476e-02      
   1.145653       9.054685         8.149861e-03      
   1.145653       9.527979         4.666276e-03      
   1.145653       10.014676        2.440005e-03      
   1.145653       10.513464        1.119357e-03      
   1.145653       11.023000        4.073685e-04      
   1.145653       11.541909        7.300205e-05      
   1.145653       12.068793        -4.905861e-05     
   1.145653       12.602230        -6.760825e-05     
   1.145653       13.140784        -4.680911e-05     
   1.145653       13.683002        -1.923790e-05     
   1.145653       14.227422        1.545295e-06      
   1.145653       14.772578        1.270485e-05      
   1.145653       15.316998        1.639257e-05      
   1.145653       15.859216        1.540866e-05      
   1.145653       16.397770        1.217416e-05      
   1.145653       16.931207        8.639556e-06      
   1.145653       17.458091        5.606574e-06      
   1.145653       17.977000        3.236608e-06      
   1.145653       18.486536        1.748383e-06      
   1.145653       18.985324        8.887172e-07      
   1.145653       19.472021        2.884834e-07      
   1.145653       19.945315        6.732993e-08      
   1.145653       20.403928        -7.178774e-08     
   1.145653       20.846626        -1.535350e-07     
   1.145653       21.272215        -1.146660e-07     
   1.145653       21.679546        -1.328623e-07     
   1.145653       22.067523        -6.206781e-08     
   1.145653       22.435100        -8.665591e-08     
   1.145653       22.781284        -3.693354e-08     
   1.145653       23.105144        -4.233335e-08     
   1.145653       23.405806        -3.842690e-08     
   1.145653       23.682459        -5.415962e-09     
   1.145653       23.934358        -3.913140e-08     
   1.145653       24.160824        -1.780962e-08     
   1.145653       24.361246        -1.769550e-09     
   1.145653       24.535084        -1.245353e-08     
   1.145653       24.681869        -1.725000e-08     
   1.145653       24.801206        -1.264362e-08     
   1.145653       24.892773        -6.588992e-09     
   1.145653       24.956326        -2.716937e-09     
   1.145653       24.991706        -1.005991e-09     
   1.240660       0.001580         6.590354e-04      
   1.240660       0.008319         3.470466e-03      
   1.240660       0.020424         8.520607e-03      
   1.240660       0.037866         1.579825e-02      
   1.240660       0.060596         2.527641e-02      
   1.240660       0.088555         3.692363e-02      
   1.240660       0.121667         5.068929e-02      
   1.240660       0.159843         6.651268e-02      
   1.240660       0.202979         8.431771e-02      
   1.240660       0.250960         1.040027e-01      
   1.240660       0.303656         1.254380e-01      
   1.240660       0.360925         1.484619e-01      
   1.240660       0.422613         1.728742e-01      
   1.240660       0.488552         1.984292e-01      
   1.240660       0.558567         2.248269e-01      
   1.240660       0.632467         2.517033e-01      
   1.240660       0.710054         2.786213e-01      
   1.240660       0.791119         3.050672e-01      
   1.240660       0.875442         3.304571e-01      
   1.240660       0.962797         3.541611e-01      
   1.240660       1.052948         3.755538e-01      
   1.240660       1.145653         3.940981e-01      
   1.240660       1.240660         4.094490e-01      
   1.240660       1.337714         4.215388e-01      
   1.240660       1.436554         4.305935e-01      
   1.240660       1.536913         4.370591e-01      
   1.240660       1.638520         4.414722e-01      
   1.240660       1.741102         4.443364e-01      
   1.240660       1.844381         4.460473e-01      
   1.240660       1.948080         4.468712e-01      
   1.240660       2.051920         4.469592e-01      
   1.240660       2.155619         4.463785e-01      
   1.240660       2.258898         4.451453e-01      
   1.240660       2.361480         4.432527e-01      
   1.240660       2.463087         4.406892e-01      
   1.240660       2.563446         4.374524e-01      
   1.240660       2.662286         4.335555e-01      
   1.240660       2.759340         4.290304e-01      
   1.240660       2.854347         4.239270e-01      
   1.240660       2.947052         4.183113e-01      
   1.240660       3.037203         4.122619e-01      
   1.240660       3.124558         4.058664e-01      
   1.240660       3.208881         3.992179e-01      
   1.240660       3.289946         3.924109e-01      
   1.240660       3.367533         3.855391e-01      
   1.240660       3.441433         3.786926e-01      
   1.240660       3.511448         3.719562e-01      
   1.240660       3.577387         3.654080e-01      
   1.240660       3.639075         3.591189e-01      
   1.240660       3.696344         3.531520e-01      
   1.240660       3.749040         3.475628e-01      
   1.240660       3.797021         3.423992e-01      
   1.240660       3.840157         3.377022e-01      
   1.240660       3.878333         3.335063e-01      
   1.240660       3.911445         3.298399e-01      
   1.240660       3.939404         3.267263e-01      
   1.240660       3.962134         3.241838e-01      
   1.240660       3.979576         3.222267e-01      
   1.240660       3.991681         3.208653e-01      
   1.240660       3.998420         3.201064e-01      
   1.240660       4.008294         3.189932e-01      
   1.240660       4.043674         3.149927e-01      
   1.240660       4.107227         3.077673e-01      
   1.240660       4.198794         2.972930e-01      
   1.240660       4.318131         2.835901e-01      
   1.240660       4.464916         2.667693e-01      
   1.240660       4.638754         2.470777e-01      
   1.240660       4.839176         2.249310e-01      
   1.240660       5.065642         2.009199e-01      
   1.240660       5.317541         1.757864e-01      
   1.240660       5.594194         1.503696e-01      
   1.240660       5.894856         1.255303e-01      
   1.240660       6.218716         1.020714e-01      
   1.240660       6.564900         8.066562e-02      
   1.240660       6.932477         6.180468e-02      
   1.240660       7.320454         4.577373e-02      
   1.240660       7.727785         3.265093e-02      
   1.240660       8.153374         2.232895e-02      
   1.240660       8.596072         1.455224e-02      
   1.240660       9.054685         8.963764e-03      
   1.240660       9.527979         5.155098e-03      
   1.240660       10.014676        2.713167e-03      
   1.240660       10.513464        1.258303e-03      
   1.240660       11.023000        4.689979e-04      
   1.240660       11.541909        9.442059e-05      
   1.240660       12.068793        -4.562946e-05     
   1.240660       12.602230        -7.027350e-05     
   1.240660       13.140784        -5.002606e-05     
   1.240660       13.683002        -2.110677e-05     
   1.240660       14.227422        1.114782e-06      
   1.240660       14.772578        1.330154e-05      
   1.240660       15.316998        1.745353e-05      
   1.240660       15.859216        1.647184e-05      
   1.240660       16.397770        1.311540e-05      
   1.240660       16.931207        9.351720e-06      
   1.240660       17.458091        6.044182e-06      
   1.240660       17.977000        3.536108e-06      
   1.240660       18.486536        1.922419e-06      
   1.240660       18.985324        9.479426e-07      
   1.240660       19.472021        3.250347e-07      
   1.240660       19.945315        7.294299e-08      
   1.240660       20.403928        -7.416513e-08     
   1.240660       20.846626        -1.765778e-07     
   1.240660       21.272215        -1.230758e-07     
   1.240660       21.679546        -1.357870e-07     
   1.240660       22.067523        -7.631604e-08     
   1.240660       22.435100        -9.814787e-08     
   1.240660       22.781284        -3.889600e-08     
   1.240660       23.105144        -5.199712e-08     
   1.240660       23.405806        -2.765404e-08     
   1.240660       23.682459        -2.401476e-08     
   1.240660       23.934358        -3.753225e-08     
   1.240660       24.160824        -1.311847e-08     
   1.240660       24.361246        -1.283586e-08     
   1.240660       24.535084        -1.588176e-08     
   1.240660       24.681869        -1.095664e-08     
   1.240660       24.801206        -6.054817e-09     
   1.240660       24.892773        -4.073924e-09     
   1.240660       24.956326        -3.745737e-09     
   1.240660       24.991706        -3.829937e-09     
   1.337714       0.001580         6.462272e-04      
   1.337714       0.008319         3.403020e-03      
   1.337714       0.020424         8.354825e-03      
   1.337714       0.037866         1.549162e-02      
   1.337714       0.060596         2.478758e-02      
   1.337714       0.088555         3.621312e-02      
   1.337714       0.121667         4.972146e-02      
   1.337714       0.159843         6.525814e-02      
   1.337714       0.202979         8.275676e-02      
   1.337714       0.250960         1.021293e-01      
   1.337714       0.303656         1.232650e-01      
   1.337714       0.360925         1.460273e-01      
   1.337714       0.422613         1.702489e-01      
   1.337714       0.488552         1.957265e-01      
   1.337714       0.558567         2.222136e-01      
   1.337714       0.632467         2.494122e-01      
   1.337714       0.710054         2.769637e-01      
   1.337714       0.791119         3.044405e-01      
   1.337714       0.875442         3.313428e-01      
   1.337714       0.962797         3.571037e-01      
   1.337714       1.052948         3.811125e-01      
   1.337714       1.145653         4.027637e-01      
   1.337714       1.240660         4.215388e-01      
   1.337714       1.337714         4.371069e-01      
   1.337714       1.436554         4.494047e-01      
   1.337714       1.536913         4.586492e-01      
   1.337714       1.638520         4.652643e-01      
   1.337714       1.741102         4.697551e-01      
   1.337714       1.844381         4.725927e-01      
   1.337714       1.948080         4.741471e-01      
   1.337714       2.051920         4.746717e-01      
   1.337714       2.155619         4.743183e-01      
   1.337714       2.258898         4.731665e-01      
   1.337714       2.361480         4.712533e-01      
   1.337714       2.463087         4.685980e-01      
   1.337714       2.563446         4.652177e-01      
   1.337714       2.662286         4.611382e-01      
   1.337714       2.759340         4.563994e-01      
   1.337714       2.854347         4.510565e-01      
   1.337714       2.947052         4.451795e-01      
   1.337714       3.037203         4.388499e-01      
   1.337714       3.124558         4.321585e-01      
   1.337714       3.208881         4.252011e-01      
   1.337714       3.289946         4.180759e-01      
   1.337714       3.367533         4.108799e-01      
   1.337714       3.441433         4.037069e-01      
   1.337714       3.511448         3.966452e-01      
   1.337714       3.577387         3.897770e-01      
   1.337714       3.639075         3.831767e-01      
   1.337714       3.696344         3.769111e-01      
   1.337714       3.749040         3.710389e-01      
   1.337714       3.797021         3.656112e-01      
   1.337714       3.840157         3.606715e-01      
   1.337714       3.878333         3.562569e-01      
   1.337714       3.911445         3.523980e-01      
   1.337714       3.939404         3.491197e-01      
   1.337714       3.962134         3.464421e-01      
   1.337714       3.979576         3.443806e-01      
   1.337714       3.991681         3.429463e-01      
   1.337714       3.998420         3.421467e-01      
   1.337714       4.008294         3.409737e-01      
   1.337714       4.043674         3.367572e-01      
   1.337714       4.107227         3.291377e-01      
   1.337714       4.198794         3.180828e-01      
   1.337714       4.318131         3.036038e-01      
   1.337714       4.464916         2.858057e-01      
   1.337714       4.638754         2.649360e-01      
   1.337714       4.839176         2.414217e-01      
   1.337714       5.065642         2.158787e-01      
   1.337714       5.317541         1.890887e-01      
   1.337714       5.594194         1.619430e-01      
   1.337714       5.894856         1.353631e-01      
   1.337714       6.218716         1.102139e-01      
   1.337714       6.564900         8.722496e-02      
   1.337714       6.932477         6.693434e-02      
   1.337714       7.320454         4.965879e-02      
   1.337714       7.727785         3.549241e-02      
   1.337714       8.153374         2.432873e-02      
   1.337714       8.596072         1.590046e-02      
   1.337714       9.054685         9.829286e-03      
   1.337714       9.527979         5.679844e-03      
   1.337714       10.014676        3.010076e-03      
   1.337714       10.513464        1.412006e-03      
   1.337714       11.023000        5.391709e-04      
   1.337714       11.541909        1.203939e-04      
   1.337714       12.068793        -4.007921e-05     
   1.337714       12.602230        -7.213212e-05     
   1.337714       13.140784        -5.303093e-05     
   1.337714       13.683002        -2.303258e-05     
   1.337714       14.227422        5.695678e-07      
   1.337714       14.772578        1.383899e-05      
   1.337714       15.316998        1.847789e-05      
   1.337714       15.859216        1.751732e-05      
   1.337714       16.397770        1.407856e-05      
   1.337714       16.931207        1.009127e-05      
   1.337714       17.458091        6.493357e-06      
   1.337714       17.977000        3.860910e-06      
   1.337714       18.486536        2.117417e-06      
   1.337714       18.985324        1.005311e-06      
   1.337714       19.472021        3.816849e-07      
   1.337714       19.945315        7.993906e-08      
   1.337714       20.403928        -7.953827e-08     
   1.337714       20.846626        -1.842047e-07     
   1.337714       21.272215        -1.410191e-07     
   1.337714       21.679546        -1.279917e-07     
   1.337714       22.067523        -9.997633e-08     
   1.337714       22.435100        -9.720842e-08     
   1.337714       22.781284        -5.002717e-08     
   1.337714       23.105144        -5.444183e-08     
   1.337714       23.405806        -2.035147e-08     
   1.337714       23.682459        -4.435678e-08     
   1.337714       23.934358        -2.779797e-08     
   1.337714       24.160824        -1.440001e-08     
   1.337714       24.361246        -2.324322e-08     
   1.337714       24.535084        -1.575512e-08     
   1.337714       24.681869        -4.616005e-09     
   1.337714       24.801206        -1.501492e-09     
   1.337714       24.892773        -3.392252e-09     
   1.337714       24.956326        -5.761971e-09     
   1.337714       24.991706        -7.070377e-09     
   1.436554       0.001580         6.367318e-04      
   1.436554       0.008319         3.353017e-03      
   1.436554       0.020424         8.231931e-03      
   1.436554       0.037866         1.526412e-02      
   1.436554       0.060596         2.442483e-02      
   1.436554       0.088555         3.568537e-02      
   1.436554       0.121667         4.900125e-02      
   1.436554       0.159843         6.432187e-02      
   1.436554       0.202979         8.158712e-02      
   1.436554       0.250960         1.007179e-01      
   1.436554       0.303656         1.216161e-01      
   1.436554       0.360925         1.441621e-01      
   1.436554       0.422613         1.682110e-01      
   1.436554       0.488552         1.935882e-01      
   1.436554       0.558567         2.200842e-01      
   1.436554       0.632467         2.474483e-01      
   1.436554       0.710054         2.753815e-01      
   1.436554       0.791119         3.035280e-01      
   1.436554       0.875442         3.314674e-01      
   1.436554       0.962797         3.587105e-01      
   1.436554       1.052948         3.847056e-01      
   1.436554       1.145653         4.088612e-01      
   1.436554       1.240660         4.305935e-01      
   1.436554       1.337714         4.494047e-01      
   1.436554       1.436554         4.649794e-01      
   1.436554       1.536913         4.772612e-01      
   1.436554       1.638520         4.864616e-01      
   1.436554       1.741102         4.929859e-01      
   1.436554       1.844381         4.973132e-01      
   1.436554       1.948080         4.998893e-01      
   1.436554       2.051920         5.010676e-01      
   1.436554       2.155619         5.010963e-01      
   1.436554       2.258898         5.001341e-01      
   1.436554       2.361480         4.982768e-01      
   1.436554       2.463087         4.955848e-01      
   1.436554       2.563446         4.921036e-01      
   1.436554       2.662286         4.878773e-01      
   1.436554       2.759340         4.829575e-01      
   1.436554       2.854347         4.774070e-01      
   1.436554       2.947052         4.713007e-01      
   1.436554       3.037203         4.647241e-01      
   1.436554       3.124558         4.577707e-01      
   1.436554       3.208881         4.505393e-01      
   1.436554       3.289946         4.431309e-01      
   1.436554       3.367533         4.356455e-01      
   1.436554       3.441433         4.281800e-01      
   1.436554       3.511448         4.208263e-01      
   1.436554       3.577387         4.136697e-01      
   1.436554       3.639075         4.067882e-01      
   1.436554       3.696344         4.002516e-01      
   1.436554       3.749040         3.941219e-01      
   1.436554       3.797021         3.884531e-01      
   1.436554       3.840157         3.832916e-01      
   1.436554       3.878333         3.786765e-01      
   1.436554       3.911445         3.746408e-01      
   1.436554       3.939404         3.712111e-01      
   1.436554       3.962134         3.684090e-01      
   1.436554       3.979576         3.662511e-01      
   1.436554       3.991681         3.647496e-01      
   1.436554       3.998420         3.639124e-01      
   1.436554       4.008294         3.626842e-01      
   1.436554       4.043674         3.582677e-01      
   1.436554       4.107227         3.502825e-01      
   1.436554       4.198794         3.386865e-01      
   1.436554       4.318131         3.234805e-01      
   1.436554       4.464916         3.047602e-01      
   1.436554       4.638754         2.827704e-01      
   1.436554       4.839176         2.579451e-01      
   1.436554       5.065642         2.309211e-01      
   1.436554       5.317541         2.025162e-01      
   1.436554       5.594194         1.736715e-01      
   1.436554       5.894856         1.453680e-01      
   1.436554       6.218716         1.185332e-01      
   1.436554       6.564900         9.395546e-02      
   1.436554       6.932477         7.222146e-02      
   1.436554       7.320454         5.368227e-02      
   1.436554       7.727785         3.845050e-02      
   1.436554       8.153374         2.642274e-02      
   1.436554       8.596072         1.732165e-02      
   1.436554       9.054685         1.074886e-02      
   1.436554       9.527979         6.242752e-03      
   1.436554       10.014676        3.332536e-03      
   1.436554       10.513464        1.581820e-03      
   1.436554       11.023000        6.188271e-04      
   1.436554       11.541909        1.514893e-04      
   1.436554       12.068793        -3.208689e-05     
   1.436554       12.602230        -7.302377e-05     
   1.436554       13.140784        -5.579260e-05     
   1.436554       13.683002        -2.501830e-05     
   1.436554       14.227422        -1.043247e-07     
   1.436554       14.772578        1.426507e-05      
   1.436554       15.316998        1.943393e-05      
   1.436554       15.859216        1.853459e-05      
   1.436554       16.397770        1.503023e-05      
   1.436554       16.931207        1.083645e-05      
   1.436554       17.458091        6.956659e-06      
   1.436554       17.977000        4.190281e-06      
   1.436554       18.486536        2.320996e-06      
   1.436554       18.985324        1.067320e-06      
   1.436554       19.472021        4.393000e-07      
   1.436554       19.945315        8.959989e-08      
   1.436554       20.403928        -9.230568e-08     
   1.436554       20.846626        -1.822400e-07     
   1.436554       21.272215        -1.647885e-07     
   1.436554       21.679546        -1.187793e-07     
   1.436554       22.067523        -1.272337e-07     
   1.436554       22.435100        -9.028932e-08     
   1.436554       22.781284        -6.838271e-08     
   1.436554       23.105144        -4.918341e-08     
   1.436554       23.405806        -2.507346e-08     
   1.436554       23.682459        -5.503704e-08     
   1.436554       23.934358        -1.988229e-08     
   1.436554       24.160824        -2.135070e-08     
   1.436554       24.361246        -2.760833e-08     
   1.436554       24.535084        -1.333657e-08     
   1.436554       24.681869        -2.179835e-09     
   1.436554       24.801206        -1.513349e-09     
   1.436554       24.892773        -5.018475e-09     
   1.436554       24.956326        -7.956699e-09     
   1.436554       24.991706        -9.374107e-09     
   1.536913       0.001580         6.300520e-04      
   1.536913       0.008319         3.317842e-03      
   1.536913       0.020424         8.145523e-03      
   1.536913       0.037866         1.510396e-02      
   1.536913       0.060596         2.416966e-02      
   1.536913       0.088555         3.531420e-02      
   1.536913       0.121667         4.849462e-02      
   1.536913       0.159843         6.366278e-02      
   1.536913       0.202979         8.076257e-02      
   1.536913       0.250960         9.972029e-02      
   1.536913       0.303656         1.204451e-01      
   1.536913       0.360925         1.428279e-01      
   1.536913       0.422613         1.667376e-01      
   1.536913       0.488552         1.920190e-01      
   1.536913       0.558567         2.184876e-01      
   1.536913       0.632467         2.459259e-01      
   1.536913       0.710054         2.740768e-01      
   1.536913       0.791119         3.026379e-01      
   1.536913       0.875442         3.312536e-01      
   1.536913       0.962797         3.595083e-01      
   1.536913       1.052948         3.869236e-01      
   1.536913       1.145653         4.129640e-01      
   1.536913       1.240660         4.370591e-01      
   1.536913       1.337714         4.586492e-01      
   1.536913       1.436554         4.772612e-01      
   1.536913       1.536913         4.926003e-01      
   1.536913       1.638520         5.046209e-01      
   1.536913       1.741102         5.135325e-01      
   1.536913       1.844381         5.197263e-01      
   1.536913       1.948080         5.236612e-01      
   1.536913       2.051920         5.257649e-01      
   1.536913       2.155619         5.263801e-01      
   1.536913       2.258898         5.257558e-01      
   1.536913       2.361480         5.240612e-01      
   1.536913       2.463087         5.214108e-01      
   1.536913       2.563446         5.178878e-01      
   1.536913       2.662286         5.135625e-01      
   1.536913       2.759340         5.085033e-01      
   1.536913       2.854347         5.027838e-01      
   1.536913       2.947052         4.964858e-01      
   1.536913       3.037203         4.896996e-01      
   1.536913       3.124558         4.825222e-01      
   1.536913       3.208881         4.750552e-01      
   1.536913       3.289946         4.674020e-01      
   1.536913       3.367533         4.596653e-01      
   1.536913       3.441433         4.519449e-01      
   1.536913       3.511448         4.443354e-01      
   1.536913       3.577387         4.369253e-01      
   1.536913       3.639075         4.297954e-01      
   1.536913       3.696344         4.230187e-01      
   1.536913       3.749040         4.166600e-01      
   1.536913       3.797021         4.107760e-01      
   1.536913       3.840157         4.054157e-01      
   1.536913       3.878333         4.006206e-01      
   1.536913       3.911445         3.964257e-01      
   1.536913       3.939404         3.928595e-01      
   1.536913       3.962134         3.899449e-01      
   1.536913       3.979576         3.876999e-01      
   1.536913       3.991681         3.861374e-01      
   1.536913       3.998420         3.852661e-01      
   1.536913       4.008294         3.839877e-01      
   1.536913       4.043674         3.793898e-01      
   1.536913       4.107227         3.710712e-01      
   1.536913       4.198794         3.589796e-01      
   1.536913       4.318131         3.431031e-01      
   1.536913       4.464916         3.235256e-01      
   1.536913       4.638754         3.004850e-01      
   1.536913       4.839176         2.744179e-01      
   1.536913       5.065642         2.459772e-01      
   1.536913       5.317541         2.160122e-01      
   1.536913       5.594194         1.855110e-01      
   1.536913       5.894856         1.555124e-01      
   1.536913       6.218716         1.270067e-01      
   1.536913       6.564900         1.008426e-01      
   1.536913       6.932477         7.765773e-02      
   1.536913       7.320454         5.784042e-02      
   1.536913       7.727785         4.152450e-02      
   1.536913       8.153374         2.861214e-02      
   1.536913       8.596072         1.881788e-02      
   1.536913       9.054685         1.172484e-02      
   1.536913       9.527979         6.846045e-03      
   1.536913       10.014676        3.682402e-03      
   1.536913       10.513464        1.769176e-03      
   1.536913       11.023000        7.089745e-04      
   1.536913       11.541909        1.883500e-04      
   1.536913       12.068793        -2.125367e-05     
   1.536913       12.602230        -7.272858e-05     
   1.536913       13.140784        -5.821849e-05     
   1.536913       13.683002        -2.701689e-05     
   1.536913       14.227422        -8.772130e-07     
   1.536913       14.772578        1.457589e-05      
   1.536913       15.316998        2.032063e-05      
   1.536913       15.859216        1.954750e-05      
   1.536913       16.397770        1.597250e-05      
   1.536913       16.931207        1.158655e-05      
   1.536913       17.458091        7.460416e-06      
   1.536913       17.977000        4.528261e-06      
   1.536913       18.486536        2.533252e-06      
   1.536913       18.985324        1.155618e-06      
   1.536913       19.472021        4.935848e-07      
   1.536913       19.945315        1.104143e-07      
   1.536913       20.403928        -1.047486e-07     
   1.536913       20.846626        -1.745126e-07     
   1.536913       21.272215        -1.828729e-07     
   1.536913       21.679546        -1.157727e-07     
   1.536913       22.067523        -1.466693e-07     
   1.536913       22.435100        -8.497716e-08     
   1.536913       22.781284        -8.506817e-08     
   1.536913       23.105144        -4.030587e-08     
   1.536913       23.405806        -4.043041e-08     
   1.536913       23.682459        -5.082148e-08     
   1.536913       23.934358        -2.065020e-08     
   1.536913       24.160824        -2.866078e-08     
   1.536913       24.361246        -2.460367e-08     
   1.536913       24.535084        -1.067293e-08     
   1.536913       24.681869        -4.506889e-09     
   1.536913       24.801206        -5.357771e-09     
   1.536913       24.892773        -7.689194e-09     
   1.536913       24.956326        -9.168723e-09     
   1.536913       24.991706        -9.757341e-09     
   1.638520       0.001580         6.256855e-04      
   1.638520       0.008319         3.294847e-03      
   1.638520       0.020424         8.089092e-03      
   1.638520       0.037866         1.499914e-02      
   1.638520       0.060596         2.400285e-02      
   1.638520       0.088555         3.507165e-02      
   1.638520       0.121667         4.816346e-02      
   1.638520       0.159843         6.323158e-02      
   1.638520       0.202979         8.022229e-02      
   1.638520       0.250960         9.906495e-02      
   1.638520       0.303656         1.196727e-01      
   1.638520       0.360925         1.419421e-01      
   1.638520       0.422613         1.657504e-01      
   1.638520       0.488552         1.909540e-01      
   1.638520       0.558567         2.173850e-01      
   1.638520       0.632467         2.448478e-01      
   1.638520       0.710054         2.731140e-01      
   1.638520       0.791119         3.019186e-01      
   1.638520       0.875442         3.309540e-01      
   1.638520       0.962797         3.598648e-01      
   1.638520       1.052948         3.882409e-01      
   1.638520       1.145653         4.156158e-01      
   1.638520       1.240660         4.414722e-01      
   1.638520       1.337714         4.652643e-01      
   1.638520       1.436554         4.864616e-01      
   1.638520       1.536913         5.046209e-01      
   1.638520       1.638520         5.194726e-01      
   1.638520       1.741102         5.309867e-01      
   1.638520       1.844381         5.393750e-01      
   1.638520       1.948080         5.450190e-01      
   1.638520       2.051920         5.483623e-01      
   1.638520       2.155619         5.498193e-01      
   1.638520       2.258898         5.497273e-01      
   1.638520       2.361480         5.483392e-01      
   1.638520       2.463087         5.458366e-01      
   1.638520       2.563446         5.423524e-01      
   1.638520       2.662286         5.379913e-01      
   1.638520       2.759340         5.328453e-01      
   1.638520       2.854347         5.270036e-01      
   1.638520       2.947052         5.205577e-01      
   1.638520       3.037203         5.136042e-01      
   1.638520       3.124558         5.062446e-01      
   1.638520       3.208881         4.985834e-01      
   1.638520       3.289946         4.907268e-01      
   1.638520       3.367533         4.827798e-01      
   1.638520       3.441433         4.748445e-01      
   1.638520       3.511448         4.670183e-01      
   1.638520       3.577387         4.593919e-01      
   1.638520       3.639075         4.520491e-01      
   1.638520       3.696344         4.450654e-01      
   1.638520       3.749040         4.385084e-01      
   1.638520       3.797021         4.324373e-01      
   1.638520       3.840157         4.269034e-01      
   1.638520       3.878333         4.219507e-01      
   1.638520       3.911445         4.176158e-01      
   1.638520       3.939404         4.139292e-01      
   1.638520       3.962134         4.109153e-01      
   1.638520       3.979576         4.085931e-01      
   1.638520       3.991681         4.069767e-01      
   1.638520       3.998420         4.060752e-01      
   1.638520       4.008294         4.047524e-01      
   1.638520       4.043674         3.999931e-01      
   1.638520       4.107227         3.913771e-01      
   1.638520       4.198794         3.788406e-01      
   1.638520       4.318131         3.623570e-01      
   1.638520       4.464916         3.419958e-01      
   1.638520       4.638754         3.179841e-01      
   1.638520       4.839176         2.907561e-01      
   1.638520       5.065642         2.609754e-01      
   1.638520       5.317541         2.295183e-01      
   1.638520       5.594194         1.974156e-01      
   1.638520       5.894856         1.657620e-01      
   1.638520       6.218716         1.356102e-01      
   1.638520       6.564900         1.078704e-01      
   1.638520       6.932477         8.323370e-02      
   1.638520       7.320454         6.212853e-02      
   1.638520       7.727785         4.471297e-02      
   1.638520       8.153374         3.089753e-02      
   1.638520       8.596072         2.039085e-02      
   1.638520       9.054685         1.275929e-02      
   1.638520       9.527979         7.491776e-03      
   1.638520       10.014676        4.061436e-03      
   1.638520       10.513464        1.975441e-03      
   1.638520       11.023000        8.105766e-04      
   1.638520       11.541909        2.315921e-04      
   1.638520       12.068793        -7.213272e-06     
   1.638520       12.602230        -7.106324e-05     
   1.638520       13.140784        -6.024299e-05     
   1.638520       13.683002        -2.902221e-05     
   1.638520       14.227422        -1.764072e-06     
   1.638520       14.772578        1.474129e-05      
   1.638520       15.316998        2.109979e-05      
   1.638520       15.859216        2.053867e-05      
   1.638520       16.397770        1.688671e-05      
   1.638520       16.931207        1.231591e-05      
   1.638520       17.458091        7.998943e-06      
   1.638520       17.977000        4.866711e-06      
   1.638520       18.486536        2.737552e-06      
   1.638520       18.985324        1.270535e-06      
   1.638520       19.472021        5.370427e-07      
   1.638520       19.945315        1.354497e-07      
   1.638520       20.403928        -1.145223e-07     
   1.638520       20.846626        -1.721051e-07     
   1.638520       21.272215        -1.913348e-07     
   1.638520       21.679546        -1.278775e-07     
   1.638520       22.067523        -1.534346e-07     
   1.638520       22.435100        -9.043566e-08     
   1.638520       22.781284        -9.305108e-08     
   1.638520       23.105144        -3.810574e-08     
   1.638520       23.405806        -5.736409e-08     
   1.638520       23.682459        -3.898256e-08     
   1.638520       23.934358        -3.011719e-08     
   1.638520       24.160824        -3.219171e-08     
   1.638520       24.361246        -1.824010e-08     
   1.638520       24.535084        -1.027451e-08     
   1.638520       24.681869        -1.013020e-08     
   1.638520       24.801206        -1.073968e-08     
   1.638520       24.892773        -1.024656e-08     
   1.638520       24.956326        -9.439075e-09     
   1.638520       24.991706        -8.907541e-09     
   1.741102       0.001580         6.231142e-04      
   1.741102       0.008319         3.281306e-03      
   1.741102       0.020424         8.055913e-03      
   1.741102       0.037866         1.493722e-02      
   1.741102       0.060596         2.390442e-02      
   1.741102       0.088555         3.492836e-02      
   1.741102       0.121667         4.796720e-02      
   1.741102       0.159843         6.297473e-02      
   1.741102       0.202979         7.989842e-02      
   1.741102       0.250960         9.866924e-02      
   1.741102       0.303656         1.192027e-01      
   1.741102       0.360925         1.413984e-01      
   1.741102       0.422613         1.651384e-01      
   1.741102       0.488552         1.902853e-01      
   1.741102       0.558567         2.166807e-01      
   1.741102       0.632467         2.441422e-01      
   1.741102       0.710054         2.724605e-01      
   1.741102       0.791119         3.013964e-01      
   1.741102       0.875442         3.306765e-01      
   1.741102       0.962797         3.599893e-01      
   1.741102       1.052948         3.889802e-01      
   1.741102       1.145653         4.172466e-01      
   1.741102       1.240660         4.443364e-01      
   1.741102       1.337714         4.697551e-01      
   1.741102       1.436554         4.929859e-01      
   1.741102       1.536913         5.135325e-01      
   1.741102       1.638520         5.309867e-01      
   1.741102       1.741102         5.451097e-01      
   1.741102       1.844381         5.558913e-01      
   1.741102       1.948080         5.635491e-01      
   1.741102       2.051920         5.684585e-01      
   1.741102       2.155619         5.710515e-01      
   1.741102       2.258898         5.717328e-01      
   1.741102       2.361480         5.708372e-01      
   1.741102       2.463087         5.686226e-01      
   1.741102       2.563446         5.652834e-01      
   1.741102       2.662286         5.609691e-01      
   1.741102       2.759340         5.558032e-01      
   1.741102       2.854347         5.498959e-01      
   1.741102       2.947052         5.433531e-01      
   1.741102       3.037203         5.362800e-01      
   1.741102       3.124558         5.287838e-01      
   1.741102       3.208881         5.209732e-01      
   1.741102       3.289946         5.129571e-01      
   1.741102       3.367533         5.048430e-01      
   1.741102       3.441433         4.967351e-01      
   1.741102       3.511448         4.887328e-01      
   1.741102       3.577387         4.809294e-01      
   1.741102       3.639075         4.734109e-01      
   1.741102       3.696344         4.662552e-01      
   1.741102       3.749040         4.595323e-01      
   1.741102       3.797021         4.533037e-01      
   1.741102       3.840157         4.476231e-01      
   1.741102       3.878333         4.425363e-01      
   1.741102       3.911445         4.380821e-01      
   1.741102       3.939404         4.342924e-01      
   1.741102       3.962134         4.311932e-01      
   1.741102       3.979576         4.288047e-01      
   1.741102       3.991681         4.271417e-01      
   1.741102       3.998420         4.262141e-01      
   1.741102       4.008294         4.248529e-01      
   1.741102       4.043674         4.199540e-01      
   1.741102       4.107227         4.110793e-01      
   1.741102       4.198794         3.981525e-01      
   1.741102       4.318131         3.811312e-01      
   1.741102       4.464916         3.600674e-01      
   1.741102       4.638754         3.351734e-01      
   1.741102       4.839176         3.068761e-01      
   1.741102       5.065642         2.758442e-01      
   1.741102       5.317541         2.429752e-01      
   1.741102       5.594194         2.093382e-01      
   1.741102       5.894856         1.760811e-01      
   1.741102       6.218716         1.443179e-01      
   1.741102       6.564900         1.150216e-01      
   1.741102       6.932477         8.893863e-02      
   1.741102       7.320454         6.654084e-02      
   1.741102       7.727785         4.801366e-02      
   1.741102       8.153374         3.327889e-02      
   1.741102       8.596072         2.204182e-02      
   1.741102       9.054685         1.385406e-02      
   1.741102       9.527979         8.181849e-03      
   1.741102       10.014676        4.471335e-03      
   1.741102       10.513464        2.201967e-03      
   1.741102       11.023000        9.246338e-04      
   1.741102       11.541909        2.818847e-04      
   1.741102       12.068793        1.043928e-05      
   1.741102       12.602230        -6.779032e-05     
   1.741102       13.140784        -6.174831e-05     
   1.741102       13.683002        -3.099046e-05     
   1.741102       14.227422        -2.748496e-06     
   1.741102       14.772578        1.476846e-05      
   1.741102       15.316998        2.176868e-05      
   1.741102       15.859216        2.150260e-05      
   1.741102       16.397770        1.778220e-05      
   1.741102       16.931207        1.302911e-05      
   1.741102       17.458091        8.569625e-06      
   1.741102       17.977000        5.217903e-06      
   1.741102       18.486536        2.937298e-06      
   1.741102       18.985324        1.412404e-06      
   1.741102       19.472021        5.799700e-07      
   1.741102       19.945315        1.606370e-07      
   1.741102       20.403928        -1.132788e-07     
   1.741102       20.846626        -1.764434e-07     
   1.741102       21.272215        -1.878505e-07     
   1.741102       21.679546        -1.527048e-07     
   1.741102       22.067523        -1.469785e-07     
   1.741102       22.435100        -1.067473e-07     
   1.741102       22.781284        -8.872968e-08     
   1.741102       23.105144        -4.891316e-08     
   1.741102       23.405806        -6.453683e-08     
   1.741102       23.682459        -3.094341e-08     
   1.741102       23.934358        -4.082593e-08     
   1.741102       24.160824        -3.064557e-08     
   1.741102       24.361246        -1.348382e-08     
   1.741102       24.535084        -1.258142e-08     
   1.741102       24.681869        -1.561171e-08     
   1.741102       24.801206        -1.464713e-08     
   1.741102       24.892773        -1.164118e-08     
   1.741102       24.956326        -9.183112e-09     
   1.741102       24.991706        -7.922281e-09     
   1.844381       0.001580         6.217144e-04      
   1.844381       0.008319         3.273935e-03      
   1.844381       0.020424         8.037903e-03      
   1.844381       0.037866         1.490333e-02      
   1.844381       0.060596         2.385068e-02      
   1.844381       0.088555         3.485008e-02      
   1.844381       0.121667         4.785957e-02      
   1.844381       0.159843         6.283288e-02      
   1.844381       0.202979         7.971795e-02      
   1.844381       0.250960         9.844637e-02      
   1.844381       0.303656         1.189346e-01      
   1.844381       0.360925         1.410840e-01      
   1.844381       0.422613         1.647785e-01      
   1.844381       0.488552         1.898842e-01      
   1.844381       0.558567         2.162473e-01      
   1.844381       0.632467         2.436928e-01      
   1.844381       0.710054         2.720234e-01      
   1.844381       0.791119         3.010167e-01      
   1.844381       0.875442         3.304230e-01      
   1.844381       0.962797         3.599620e-01      
   1.844381       1.052948         3.893197e-01      
   1.844381       1.145653         4.181453e-01      
   1.844381       1.240660         4.460473e-01      
   1.844381       1.337714         4.725927e-01      
   1.844381       1.436554         4.973132e-01      
   1.844381       1.536913         5.197263e-01      
   1.844381       1.638520         5.393750e-01      
   1.844381       1.741102         5.558913e-01      
   1.844381       1.844381         5.690711e-01      
   1.844381       1.948080         5.789276e-01      
   1.844381       2.051920         5.856868e-01      
   1.844381       2.155619         5.897204e-01      
   1.844381       2.258898         5.914510e-01      
   1.844381       2.361480         5.912757e-01      
   1.844381       2.463087         5.895276e-01      
   1.844381       2.563446         5.864702e-01      
   1.844381       2.662286         5.823087e-01      
   1.844381       2.759340         5.772070e-01      
   1.844381       2.854347         5.713037e-01      
   1.844381       2.947052         5.647236e-01      
   1.844381       3.037203         5.575847e-01      
   1.844381       3.124558         5.500022e-01      
   1.844381       3.208881         5.420901e-01      
   1.844381       3.289946         5.339607e-01      
   1.844381       3.367533         5.257244e-01      
   1.844381       3.441433         5.174875e-01      
   1.844381       3.511448         5.093515e-01      
   1.844381       3.577387         5.014115e-01      
   1.844381       3.639075         4.937556e-01      
   1.844381       3.696344         4.864641e-01      
   1.844381       3.749040         4.796088e-01      
   1.844381       3.797021         4.732535e-01      
   1.844381       3.840157         4.674538e-01      
   1.844381       3.878333         4.622576e-01      
   1.844381       3.911445         4.577054e-01      
   1.844381       3.939404         4.538308e-01      
   1.844381       3.962134         4.506610e-01      
   1.844381       3.979576         4.482174e-01      
   1.844381       3.991681         4.465157e-01      
   1.844381       3.998420         4.455664e-01      
   1.844381       4.008294         4.441732e-01      
   1.844381       4.043674         4.391574e-01      
   1.844381       4.107227         4.300646e-01      
   1.844381       4.198794         4.168056e-01      
   1.844381       4.318131         3.993203e-01      
   1.844381       4.464916         3.776410e-01      
   1.844381       4.638754         3.519614e-01      
   1.844381       4.839176         3.226958e-01      
   1.844381       5.065642         2.905120e-01      
   1.844381       5.317541         2.563226e-01      
   1.844381       5.594194         2.212303e-01      
   1.844381       5.894856         1.864321e-01      
   1.844381       6.218716         1.531024e-01      
   1.844381       6.564900         1.222770e-01      
   1.844381       6.932477         9.476033e-02      
   1.844381       7.320454         7.107035e-02      
   1.844381       7.727785         5.142327e-02      
   1.844381       8.153374         3.575539e-02      
   1.844381       8.596072         2.377146e-02      
   1.844381       9.054685         1.501054e-02      
   1.844381       9.527979         8.917883e-03      
   1.844381       10.014676        4.913614e-03      
   1.844381       10.513464        2.449994e-03      
   1.844381       11.023000        1.052084e-03      
   1.844381       11.541909        3.398692e-04      
   1.844381       12.068793        3.208361e-05      
   1.844381       12.602230        -6.269456e-05     
   1.844381       13.140784        -6.262911e-05     
   1.844381       13.683002        -3.289646e-05     
   1.844381       14.227422        -3.842915e-06     
   1.844381       14.772578        1.464632e-05      
   1.844381       15.316998        2.231059e-05      
   1.844381       15.859216        2.240352e-05      
   1.844381       16.397770        1.865080e-05      
   1.844381       16.931207        1.372361e-05      
   1.844381       17.458091        9.145605e-06      
   1.844381       17.977000        5.581945e-06      
   1.844381       18.486536        3.133034e-06      
   1.844381       18.985324        1.563429e-06      
   1.844381       19.472021        6.294153e-07      
   1.844381       19.945315        1.760798e-07      
   1.844381       20.403928        -1.019566e-07     
   1.844381       20.846626        -1.867155e-07     
   1.844381       21.272215        -1.803947e-07     
   1.844381       21.679546        -1.827941e-07     
   1.844381       22.067523        -1.366285e-07     
   1.844381       22.435100        -1.275081e-07     
   1.844381       22.781284        -7.860876e-08     
   1.844381       23.105144        -7.053841e-08     
   1.844381       23.405806        -6.046833e-08     
   1.844381       23.682459        -3.387091e-08     
   1.844381       23.934358        -4.588669e-08     
   1.844381       24.160824        -2.679255e-08     
   1.844381       24.361246        -1.394709e-08     
   1.844381       24.535084        -1.668605e-08     
   1.844381       24.681869        -1.863478e-08     
   1.844381       24.801206        -1.590520e-08     
   1.844381       24.892773        -1.206003e-08     
   1.844381       24.956326        -9.378908e-09     
   1.844381       24.991706        -8.096694e-09     
   1.948080       0.001580         6.208785e-04      
   1.948080       0.008319         3.269534e-03      
   1.948080       0.020424         8.027187e-03      
   1.948080       0.037866         1.488297e-02      
   1.948080       0.060596         2.381857e-02      
   1.948080       0.088555         3.480350e-02      
   1.948080       0.121667         4.779565e-02      
   1.948080       0.159843         6.274858e-02      
   1.948080       0.202979         7.961036e-02      
   1.948080       0.250960         9.831256e-02      
   1.948080       0.303656         1.187715e-01      
   1.948080       0.360925         1.408886e-01      
   1.948080       0.422613         1.645483e-01      
   1.948080       0.488552         1.896181e-01      
   1.948080       0.558567         2.159469e-01      
   1.948080       0.632467         2.433641e-01      
   1.948080       0.710054         2.716787e-01      
   1.948080       0.791119         3.006787e-01      
   1.948080       0.875442         3.301295e-01      
   1.948080       0.962797         3.597729e-01      
   1.948080       1.052948         3.893243e-01      
   1.948080       1.145653         4.184715e-01      
   1.948080       1.240660         4.468712e-01      
   1.948080       1.337714         4.741471e-01      
   1.948080       1.436554         4.998893e-01      
   1.948080       1.536913         5.236612e-01      
   1.948080       1.638520         5.450190e-01      
   1.948080       1.741102         5.635491e-01      
   1.948080       1.844381         5.789276e-01      
   1.948080       1.948080         5.909882e-01      
   1.948080       2.051920         5.997697e-01      
   1.948080       2.155619         6.055078e-01      
   1.948080       2.258898         6.085716e-01      
   1.948080       2.361480         6.093755e-01      
   1.948080       2.463087         6.083095e-01      
   1.948080       2.563446         6.057050e-01      
   1.948080       2.662286         6.018295e-01      
   1.948080       2.759340         5.968969e-01      
   1.948080       2.854347         5.910823e-01      
   1.948080       2.947052         5.845357e-01      
   1.948080       3.037203         5.773924e-01      
   1.948080       3.124558         5.697791e-01      
   1.948080       3.208881         5.618169e-01      
   1.948080       3.289946         5.536231e-01      
   1.948080       3.367533         5.453111e-01      
   1.948080       3.441433         5.369899e-01      
   1.948080       3.511448         5.287631e-01      
   1.948080       3.577387         5.207277e-01      
   1.948080       3.639075         5.129735e-01      
   1.948080       3.696344         5.055827e-01      
   1.948080       3.749040         4.986290e-01      
   1.948080       3.797021         4.921782e-01      
   1.948080       3.840157         4.862878e-01      
   1.948080       3.878333         4.810074e-01      
   1.948080       3.911445         4.763790e-01      
   1.948080       3.939404         4.724379e-01      
   1.948080       3.962134         4.692126e-01      
   1.948080       3.979576         4.667254e-01      
   1.948080       3.991681         4.649931e-01      
   1.948080       3.998420         4.640265e-01      
   1.948080       4.008294         4.626078e-01      
   1.948080       4.043674         4.574986e-01      
   1.948080       4.107227         4.482298e-01      
   1.948080       4.198794         4.346985e-01      
   1.948080       4.318131         4.168263e-01      
   1.948080       4.464916         3.946232e-01      
   1.948080       4.638754         3.682606e-01      
   1.948080       4.839176         3.381354e-01      
   1.948080       5.065642         3.049083e-01      
   1.948080       5.317541         2.695006e-01      
   1.948080       5.594194         2.330425e-01      
   1.948080       5.894856         1.967763e-01      
   1.948080       6.218716         1.619346e-01      
   1.948080       6.564900         1.296161e-01      
   1.948080       6.932477         1.006851e-01      
   1.948080       7.320454         7.570873e-02      
   1.948080       7.727785         5.493742e-02      
   1.948080       8.153374         3.832533e-02      
   1.948080       8.596072         2.557977e-02      
   1.948080       9.054685         1.622968e-02      
   1.948080       9.527979         9.701179e-03      
   1.948080       10.014676        5.389627e-03      
   1.948080       10.513464        2.720698e-03      
   1.948080       11.023000        1.193831e-03      
   1.948080       11.541909        4.062058e-04      
   1.948080       12.068793        5.814716e-05      
   1.948080       12.602230        -5.553169e-05     
   1.948080       13.140784        -6.273491e-05     
   1.948080       13.683002        -3.466927e-05     
   1.948080       14.227422        -5.032950e-06     
   1.948080       14.772578        1.439633e-05      
   1.948080       15.316998        2.273846e-05      
   1.948080       15.859216        2.322929e-05      
   1.948080       16.397770        1.950273e-05      
   1.948080       16.931207        1.441780e-05      
   1.948080       17.458091        9.718306e-06      
   1.948080       17.977000        5.969061e-06      
   1.948080       18.486536        3.341269e-06      
   1.948080       18.985324        1.714818e-06      
   1.948080       19.472021        6.991236e-07      
   1.948080       19.945315        1.854520e-07      
   1.948080       20.403928        -8.146860e-08     
   1.948080       20.846626        -1.932201e-07     
   1.948080       21.272215        -1.768593e-07     
   1.948080       21.679546        -2.048551e-07     
   1.948080       22.067523        -1.325722e-07     
   1.948080       22.435100        -1.405188e-07     
   1.948080       22.781284        -7.373012e-08     
   1.948080       23.105144        -9.004875e-08     
   1.948080       23.405806        -5.287870e-08     
   1.948080       23.682459        -4.443190e-08     
   1.948080       23.934358        -4.288850e-08     
   1.948080       24.160824        -2.386583e-08     
   1.948080       24.361246        -1.899672e-08     
   1.948080       24.535084        -2.036988e-08     
   1.948080       24.681869        -1.854655e-08     
   1.948080       24.801206        -1.492687e-08     
   1.948080       24.892773        -1.199615e-08     
   1.948080       24.956326        -1.030999e-08     
   1.948080       24.991706        -9.556688e-09     
   2.051920       0.001580         6.201495e-04      
   2.051920       0.008319         3.265695e-03      
   2.051920       0.020424         8.017833e-03      
   2.051920       0.037866         1.486519e-02      
   2.051920       0.060596         2.379049e-02      
   2.051920       0.088555         3.476277e-02      
   2.051920       0.121667         4.773970e-02      
   2.051920       0.159843         6.267453e-02      
   2.051920       0.202979         7.951534e-02      
   2.051920       0.250960         9.819343e-02      
   2.051920       0.303656         1.186247e-01      
   2.051920       0.360925         1.407099e-01      
   2.051920       0.422613         1.643332e-01      
   2.051920       0.488552         1.893625e-01      
   2.051920       0.558567         2.156477e-01      
   2.051920       0.632467         2.430205e-01      
   2.051920       0.710054         2.712937e-01      
   2.051920       0.791119         3.002611e-01      
   2.051920       0.875442         3.296978e-01      
   2.051920       0.962797         3.593602e-01      
   2.051920       1.052948         3.889847e-01      
   2.051920       1.145653         4.182866e-01      
   2.051920       1.240660         4.469592e-01      
   2.051920       1.337714         4.746717e-01      
   2.051920       1.436554         5.010676e-01      
   2.051920       1.536913         5.257649e-01      
   2.051920       1.638520         5.483623e-01      
   2.051920       1.741102         5.684585e-01      
   2.051920       1.844381         5.856868e-01      
   2.051920       1.948080         5.997697e-01      
   2.051920       2.051920         6.105804e-01      
   2.051920       2.155619         6.181836e-01      
   2.051920       2.258898         6.228257e-01      
   2.051920       2.361480         6.248727e-01      
   2.051920       2.463087         6.247308e-01      
   2.051920       2.563446         6.227826e-01      
   2.051920       2.662286         6.193564e-01      
   2.051920       2.759340         6.147219e-01      
   2.051920       2.854347         6.090989e-01      
   2.051920       2.947052         6.026700e-01      
   2.051920       3.037203         5.955934e-01      
   2.051920       3.124558         5.880110e-01      
   2.051920       3.208881         5.800543e-01      
   2.051920       3.289946         5.718474e-01      
   2.051920       3.367533         5.635081e-01      
   2.051920       3.441433         5.551484e-01      
   2.051920       3.511448         5.468743e-01      
   2.051920       3.577387         5.387847e-01      
   2.051920       3.639075         5.309712e-01      
   2.051920       3.696344         5.235178e-01      
   2.051920       3.749040         5.164999e-01      
   2.051920       3.797021         5.099849e-01      
   2.051920       3.840157         5.040320e-01      
   2.051920       3.878333         4.986924e-01      
   2.051920       3.911445         4.940099e-01      
   2.051920       3.939404         4.900209e-01      
   2.051920       3.962134         4.867552e-01      
   2.051920       3.979576         4.842361e-01      
   2.051920       3.991681         4.824811e-01      
   2.051920       3.998420         4.815018e-01      
   2.051920       4.008294         4.800642e-01      
   2.051920       4.043674         4.748852e-01      
   2.051920       4.107227         4.654828e-01      
   2.051920       4.198794         4.517404e-01      
   2.051920       4.318131         4.335599e-01      
   2.051920       4.464916         4.109276e-01      
   2.051920       4.638754         3.839892e-01      
   2.051920       4.839176         3.531191e-01      
   2.051920       5.065642         3.189648e-01      
   2.051920       5.317541         2.824499e-01      
   2.051920       5.594194         2.447253e-01      
   2.051920       5.894856         2.070741e-01      
   2.051920       6.218716         1.707839e-01      
   2.051920       6.564900         1.370166e-01      
   2.051920       6.932477         1.066976e-01      
   2.051920       7.320454         8.044616e-02      
   2.051920       7.727785         5.855043e-02      
   2.051920       8.153374         4.098597e-02      
   2.051920       8.596072         2.746589e-02      
   2.051920       9.054685         1.751177e-02      
   2.051920       9.527979         1.053261e-02      
   2.051920       10.014676        5.900435e-03      
   2.051920       10.513464        3.015081e-03      
   2.051920       11.023000        1.350673e-03      
   2.051920       11.541909        4.814893e-04      
   2.051920       12.068793        8.903246e-05      
   2.051920       12.602230        -4.608006e-05     
   2.051920       13.140784        -6.194003e-05     
   2.051920       13.683002        -3.624816e-05     
   2.051920       14.227422        -6.318499e-06     
   2.051920       14.772578        1.401319e-05      
   2.051920       15.316998        2.304853e-05      
   2.051920       15.859216        2.395871e-05      
   2.051920       16.397770        2.032398e-05      
   2.051920       16.931207        1.511322e-05      
   2.051920       17.458091        1.027592e-05      
   2.051920       17.977000        6.370499e-06      
   2.051920       18.486536        3.568270e-06      
   2.051920       18.985324        1.856788e-06      
   2.051920       19.472021        7.871260e-07      
   2.051920       19.945315        1.940411e-07      
   2.051920       20.403928        -6.095795e-08     
   2.051920       20.846626        -1.905505e-07     
   2.051920       21.272215        -1.855226e-07     
   2.051920       21.679546        -2.122286e-07     
   2.051920       22.067523        -1.428030e-07     
   2.051920       22.435100        -1.392729e-07     
   2.051920       22.781284        -8.401690e-08     
   2.051920       23.105144        -9.648998e-08     
   2.051920       23.405806        -5.218662e-08     
   2.051920       23.682459        -5.474799e-08     
   2.051920       23.934358        -3.573397e-08     
   2.051920       24.160824        -2.430085e-08     
   2.051920       24.361246        -2.555407e-08     
   2.051920       24.535084        -2.244594e-08     
   2.051920       24.681869        -1.698511e-08     
   2.051920       24.801206        -1.364769e-08     
   2.051920       24.892773        -1.239427e-08     
   2.051920       24.956326        -1.199302e-08     
   2.051920       24.991706        -1.183423e-08     
   2.155619       0.001580         6.191512e-04      
   2.155619       0.008319         3.260437e-03      
   2.155619       0.020424         8.004960e-03      
   2.155619       0.037866         1.484094e-02      
   2.155619       0.060596         2.375191e-02      
   2.155619       0.088555         3.470651e-02      
   2.155619       0.121667         4.766206e-02      
   2.155619       0.159843         6.257137e-02      
   2.155619       0.202979         7.938240e-02      
   2.155619       0.250960         9.802630e-02      
   2.155619       0.303656         1.184186e-01      
   2.155619       0.360925         1.404599e-01      
   2.155619       0.422613         1.640340e-01      
   2.155619       0.488552         1.890082e-01      
   2.155619       0.558567         2.152324e-01      
   2.155619       0.632467         2.425393e-01      
   2.155619       0.710054         2.707437e-01      
   2.155619       0.791119         2.996434e-01      
   2.155619       0.875442         3.290199e-01      
   2.155619       0.962797         3.586388e-01      
   2.155619       1.052948         3.882505e-01      
   2.155619       1.145653         4.175904e-01      
   2.155619       1.240660         4.463785e-01      
   2.155619       1.337714         4.743183e-01      
   2.155619       1.436554         5.010963e-01      
   2.155619       1.536913         5.263801e-01      
   2.155619       1.638520         5.498193e-01      
   2.155619       1.741102         5.710515e-01      
   2.155619       1.844381         5.897204e-01      
   2.155619       1.948080         6.055078e-01      
   2.155619       2.051920         6.181836e-01      
   2.155619       2.155619         6.276610e-01      
   2.155619       2.258898         6.340301e-01      
   2.155619       2.361480         6.375465e-01      
   2.155619       2.463087         6.385729e-01      
   2.155619       2.563446         6.375062e-01      
   2.155619       2.662286         6.347202e-01      
   2.155619       2.759340         6.305388e-01      
   2.155619       2.854347         6.252312e-01      
   2.155619       2.947052         6.190200e-01      
   2.155619       3.037203         6.120924e-01      
   2.155619       3.124558         6.046108e-01      
   2.155619       3.208881         5.967207e-01      
   2.155619       3.289946         5.885554e-01      
   2.155619       3.367533         5.802389e-01      
   2.155619       3.441433         5.718875e-01      
   2.155619       3.511448         5.636098e-01      
   2.155619       3.577387         5.555073e-01      
   2.155619       3.639075         5.476733e-01      
   2.155619       3.696344         5.401935e-01      
   2.155619       3.749040         5.331449e-01      
   2.155619       3.797021         5.265966e-01      
   2.155619       3.840157         5.206092e-01      
   2.155619       3.878333         5.152354e-01      
   2.155619       3.911445         5.105204e-01      
   2.155619       3.939404         5.065018e-01      
   2.155619       3.962134         5.032106e-01      
   2.155619       3.979576         5.006711e-01      
   2.155619       3.991681         4.989015e-01      
   2.155619       3.998420         4.979139e-01      
   2.155619       4.008294         4.964639e-01      
   2.155619       4.043674         4.912386e-01      
   2.155619       4.107227         4.817449e-01      
   2.155619       4.198794         4.678523e-01      
   2.155619       4.318131         4.494426e-01      
   2.155619       4.464916         4.264767e-01      
   2.155619       4.638754         3.990720e-01      
   2.155619       4.839176         3.675758e-01      
   2.155619       5.065642         3.326164e-01      
   2.155619       5.317541         2.951124e-01      
   2.155619       5.594194         2.562292e-01      
   2.155619       5.894856         2.172846e-01      
   2.155619       6.218716         1.796187e-01      
   2.155619       6.564900         1.444547e-01      
   2.155619       6.932477         1.127810e-01      
   2.155619       7.320454         8.527124e-02      
   2.155619       7.727785         6.225520e-02      
   2.155619       8.153374         4.373337e-02      
   2.155619       8.596072         2.942811e-02      
   2.155619       9.054685         1.885647e-02      
   2.155619       9.527979         1.141258e-02      
   2.155619       10.014676        6.446772e-03      
   2.155619       10.513464        3.333954e-03      
   2.155619       11.023000        1.523320e-03      
   2.155619       11.541909        5.662629e-04      
   2.155619       12.068793        1.251285e-04      
   2.155619       12.602230        -3.410095e-05     
   2.155619       13.140784        -6.012111e-05     
   2.155619       13.683002        -3.755969e-05     
   2.155619       14.227422        -7.676453e-06     
   2.155619       14.772578        1.348559e-05      
   2.155619       15.316998        2.324272e-05      
   2.155619       15.859216        2.458646e-05      
   2.155619       16.397770        2.109620e-05      
   2.155619       16.931207        1.580950e-05      
   2.155619       17.458091        1.081970e-05      
   2.155619       17.977000        6.773533e-06      
   2.155619       18.486536        3.817792e-06      
   2.155619       18.985324        1.991997e-06      
   2.155619       19.472021        8.826080e-07      
   2.155619       19.945315        2.113208e-07      
   2.155619       20.403928        -4.699366e-08     
   2.155619       20.846626        -1.772999e-07     
   2.155619       21.272215        -2.058389e-07     
   2.155619       21.679546        -2.063429e-07     
   2.155619       22.067523        -1.649275e-07     
   2.155619       22.435100        -1.268511e-07     
   2.155619       22.781284        -1.075799e-07     
   2.155619       23.105144        -9.024958e-08     
   2.155619       23.405806        -6.114668e-08     
   2.155619       23.682459        -5.880826e-08     
   2.155619       23.934358        -3.039172e-08     
   2.155619       24.160824        -2.792619e-08     
   2.155619       24.361246        -3.011235e-08     
   2.155619       24.535084        -2.295145e-08     
   2.155619       24.681869        -1.611893e-08     
   2.155619       24.801206        -1.375151e-08     
   2.155619       24.892773        -1.368279e-08     
   2.155619       24.956326        -1.391656e-08     
   2.155619       24.991706        -1.397208e-08     
   2.258898       0.001580         6.175209e-04      
   2.258898       0.008319         3.251852e-03      
   2.258898       0.020424         7.983883e-03      
   2.258898       0.037866         1.480159e-02      
   2.258898       0.060596         2.368908e-02      
   2.258898       0.088555         3.461487e-02      
   2.258898       0.121667         4.753597e-02      
   2.258898       0.159843         6.240479e-02      
   2.258898       0.202979         7.916928e-02      
   2.258898       0.250960         9.776049e-02      
   2.258898       0.303656         1.180938e-01      
   2.258898       0.360925         1.400696e-01      
   2.258898       0.422613         1.635713e-01      
   2.258898       0.488552         1.884662e-01      
   2.258898       0.558567         2.146038e-01      
   2.258898       0.632467         2.418171e-01      
   2.258898       0.710054         2.699223e-01      
   2.258898       0.791119         2.987199e-01      
   2.258898       0.875442         3.279956e-01      
   2.258898       0.962797         3.575213e-01      
   2.258898       1.052948         3.870570e-01      
   2.258898       1.145653         4.163519e-01      
   2.258898       1.240660         4.451453e-01      
   2.258898       1.337714         4.731665e-01      
   2.258898       1.436554         5.001341e-01      
   2.258898       1.536913         5.257558e-01      
   2.258898       1.638520         5.497273e-01      
   2.258898       1.741102         5.717328e-01      
   2.258898       1.844381         5.914510e-01      
   2.258898       1.948080         6.085716e-01      
   2.258898       2.051920         6.228257e-01      
   2.258898       2.155619         6.340301e-01      
   2.258898       2.258898         6.421364e-01      
   2.258898       2.361480         6.472591e-01      
   2.258898       2.463087         6.496611e-01      
   2.258898       2.563446         6.497004e-01      
   2.258898       2.662286         6.477630e-01      
   2.258898       2.759340         6.442126e-01      
   2.258898       2.854347         6.393664e-01      
   2.258898       2.947052         6.334907e-01      
   2.258898       3.037203         6.268079e-01      
   2.258898       3.124558         6.195067e-01      
   2.258898       3.208881         6.117507e-01      
   2.258898       3.289946         6.036859e-01      
   2.258898       3.367533         5.954449e-01      
   2.258898       3.441433         5.871497e-01      
   2.258898       3.511448         5.789128e-01      
   2.258898       3.577387         5.708385e-01      
   2.258898       3.639075         5.630224e-01      
   2.258898       3.696344         5.555517e-01      
   2.258898       3.749040         5.485054e-01      
   2.258898       3.797021         5.419537e-01      
   2.258898       3.840157         5.359590e-01      
   2.258898       3.878333         5.305752e-01      
   2.258898       3.911445         5.258487e-01      
   2.258898       3.939404         5.218185e-01      
   2.258898       3.962134         5.185164e-01      
   2.258898       3.979576         5.159677e-01      
   2.258898       3.991681         5.141913e-01      
   2.258898       3.998420         5.131998e-01      
   2.258898       4.008294         5.117438e-01      
   2.258898       4.043674         5.064951e-01      
   2.258898       4.107227         4.969513e-01      
   2.258898       4.198794         4.829683e-01      
   2.258898       4.318131         4.644075e-01      
   2.258898       4.464916         4.412032e-01      
   2.258898       4.638754         4.134421e-01      
   2.258898       4.839176         3.814406e-01      
   2.258898       5.065642         3.458018e-01      
   2.258898       5.317541         3.074325e-01      
   2.258898       5.594194         2.675054e-01      
   2.258898       5.894856         2.273672e-01      
   2.258898       6.218716         1.884058e-01      
   2.258898       6.564900         1.519051e-01      
   2.258898       6.932477         1.189164e-01      
   2.258898       7.320454         9.017102e-02      
   2.258898       7.727785         6.604322e-02      
   2.258898       8.153374         4.656241e-02      
   2.258898       8.596072         3.146367e-02      
   2.258898       9.054685         2.026267e-02      
   2.258898       9.527979         1.234096e-02      
   2.258898       10.014676        7.029008e-03      
   2.258898       10.513464        3.677902e-03      
   2.258898       11.023000        1.712365e-03      
   2.258898       11.541909        6.610088e-04      
   2.258898       12.068793        1.668054e-04      
   2.258898       12.602230        -1.934699e-05     
   2.258898       13.140784        -5.714673e-05     
   2.258898       13.683002        -3.851983e-05     
   2.258898       14.227422        -9.062515e-06     
   2.258898       14.772578        1.281132e-05      
   2.258898       15.316998        2.332502e-05      
   2.258898       15.859216        2.512254e-05      
   2.258898       16.397770        2.180810e-05      
   2.258898       16.931207        1.650278e-05      
   2.258898       17.458091        1.136196e-05      
   2.258898       17.977000        7.170820e-06      
   2.258898       18.486536        4.089028e-06      
   2.258898       18.985324        2.133289e-06      
   2.258898       19.472021        9.743644e-07      
   2.258898       19.945315        2.461696e-07      
   2.258898       20.403928        -3.878487e-08     
   2.258898       20.846626        -1.576035e-07     
   2.258898       21.272215        -2.282843e-07     
   2.258898       21.679546        -1.960287e-07     
   2.258898       22.067523        -1.872110e-07     
   2.258898       22.435100        -1.152772e-07     
   2.258898       22.781284        -1.304907e-07     
   2.258898       23.105144        -8.223613e-08     
   2.258898       23.405806        -7.372580e-08     
   2.258898       23.682459        -5.615143e-08     
   2.258898       23.934358        -3.065209e-08     
   2.258898       24.160824        -3.249497e-08     
   2.258898       24.361246        -3.101487e-08     
   2.258898       24.535084        -2.272198e-08     
   2.258898       24.681869        -1.715334e-08     
   2.258898       24.801206        -1.560928e-08     
   2.258898       24.892773        -1.547019e-08     
   2.258898       24.956326        -1.532292e-08     
   2.258898       24.991706        -1.509790e-08     
   2.361480       0.001580         6.149961e-04      
   2.361480       0.008319         3.238557e-03      
   2.361480       0.020424         7.951215e-03      
   2.361480       0.037866         1.474087e-02      
   2.361480       0.060596         2.359203e-02      
   2.361480       0.088555         3.447341e-02      
   2.361480       0.121667         4.734187e-02      
   2.361480       0.159843         6.214966e-02      
   2.361480       0.202979         7.884489e-02      
   2.361480       0.250960         9.735867e-02      
   2.361480       0.303656         1.176063e-01      
   2.361480       0.360925         1.394878e-01      
   2.361480       0.422613         1.628867e-01      
   2.361480       0.488552         1.876701e-01      
   2.361480       0.558567         2.136884e-01      
   2.361480       0.632467         2.407751e-01      
   2.361480       0.710054         2.687473e-01      
   2.361480       0.791119         2.974072e-01      
   2.361480       0.875442         3.265435e-01      
   2.361480       0.962797         3.559331e-01      
   2.361480       1.052948         3.853428e-01      
   2.361480       1.145653         4.145318e-01      
   2.361480       1.240660         4.432527e-01      
   2.361480       1.337714         4.712533e-01      
   2.361480       1.436554         4.982768e-01      
   2.361480       1.536913         5.240612e-01      
   2.361480       1.638520         5.483392e-01      
   2.361480       1.741102         5.708372e-01      
   2.361480       1.844381         5.912757e-01      
   2.361480       1.948080         6.093755e-01      
   2.361480       2.051920         6.248727e-01      
   2.361480       2.155619         6.375465e-01      
   2.361480       2.258898         6.472591e-01      
   2.361480       2.361480         6.539984e-01      
   2.361480       2.463087         6.579006e-01      
   2.361480       2.563446         6.592340e-01      
   2.361480       2.662286         6.583497e-01      
   2.361480       2.759340         6.556216e-01      
   2.361480       2.854347         6.514014e-01      
   2.361480       2.947052         6.459972e-01      
   2.361480       3.037203         6.396702e-01      
   2.361480       3.124558         6.326401e-01      
   2.361480       3.208881         6.250939e-01      
   2.361480       3.289946         6.171941e-01      
   2.361480       3.367533         6.090846e-01      
   2.361480       3.441433         6.008953e-01      
   2.361480       3.511448         5.927443e-01      
   2.361480       3.577387         5.847393e-01      
   2.361480       3.639075         5.769788e-01      
   2.361480       3.696344         5.695521e-01      
   2.361480       3.749040         5.625398e-01      
   2.361480       3.797021         5.560140e-01      
   2.361480       3.840157         5.500381e-01      
   2.361480       3.878333         5.446676e-01      
   2.361480       3.911445         5.399500e-01      
   2.361480       3.939404         5.359253e-01      
   2.361480       3.962134         5.326263e-01      
   2.361480       3.979576         5.300792e-01      
   2.361480       3.991681         5.283035e-01      
   2.361480       3.998420         5.273122e-01      
   2.361480       4.008294         5.258564e-01      
   2.361480       4.043674         5.206062e-01      
   2.361480       4.107227         5.110522e-01      
   2.361480       4.198794         4.970364e-01      
   2.361480       4.318131         4.784002e-01      
   2.361480       4.464916         4.550506e-01      
   2.361480       4.638754         4.270417e-01      
   2.361480       4.839176         3.946556e-01      
   2.361480       5.065642         3.584649e-01      
   2.361480       5.317541         3.193577e-01      
   2.361480       5.594194         2.785067e-01      
   2.361480       5.894856         2.372810e-01      
   2.361480       6.218716         1.971119e-01      
   2.361480       6.564900         1.593412e-01      
   2.361480       6.932477         1.250840e-01      
   2.361480       7.320454         9.513092e-02      
   2.361480       7.727785         6.990449e-02      
   2.361480       8.153374         4.946662e-02      
   2.361480       8.596072         3.356876e-02      
   2.361480       9.054685         2.172837e-02      
   2.361480       9.527979         1.331699e-02      
   2.361480       10.014676        7.647094e-03      
   2.361480       10.513464        4.047229e-03      
   2.361480       11.023000        1.918223e-03      
   2.361480       11.541909        7.661173e-04      
   2.361480       12.068793        2.143865e-04      
   2.361480       12.602230        -1.595130e-06     
   2.361480       13.140784        -5.288686e-05     
   2.361480       13.683002        -3.905422e-05     
   2.361480       14.227422        -1.043681e-05     
   2.361480       14.772578        1.199529e-05      
   2.361480       15.316998        2.328562e-05      
   2.361480       15.859216        2.557173e-05      
   2.361480       16.397770        2.245232e-05      
   2.361480       16.931207        1.717684e-05      
   2.361480       17.458091        1.190947e-05      
   2.361480       17.977000        7.559209e-06      
   2.361480       18.486536        4.370981e-06      
   2.361480       18.985324        2.290224e-06      
   2.361480       19.472021        1.055390e-06      
   2.361480       19.945315        2.986854e-07      
   2.361480       20.403928        -3.132905e-08     
   2.361480       20.846626        -1.415037e-07     
   2.361480       21.272215        -2.421617e-07     
   2.361480       21.679546        -1.934152e-07     
   2.361480       22.067523        -1.978169e-07     
   2.361480       22.435100        -1.184372e-07     
   2.361480       22.781284        -1.391304e-07     
   2.361480       23.105144        -8.343788e-08     
   2.361480       23.405806        -8.225513e-08     
   2.361480       23.682459        -5.117067e-08     
   2.361480       23.934358        -3.644034e-08     
   2.361480       24.160824        -3.586398e-08     
   2.361480       24.361246        -2.931528e-08     
   2.361480       24.535084        -2.288404e-08     
   2.361480       24.681869        -1.990114e-08     
   2.361480       24.801206        -1.841184e-08     
   2.361480       24.892773        -1.706874e-08     
   2.361480       24.956326        -1.585931e-08     
   2.361480       24.991706        -1.508657e-08     
   2.463087       0.001580         6.114563e-04      
   2.463087       0.008319         3.219917e-03      
   2.463087       0.020424         7.905407e-03      
   2.463087       0.037866         1.465586e-02      
   2.463087       0.060596         2.345603e-02      
   2.463087       0.088555         3.427503e-02      
   2.463087       0.121667         4.706968e-02      
   2.463087       0.159843         6.179212e-02      
   2.463087       0.202979         7.839082e-02      
   2.463087       0.250960         9.679725e-02      
   2.463087       0.303656         1.169269e-01      
   2.463087       0.360925         1.386802e-01      
   2.463087       0.422613         1.619407e-01      
   2.463087       0.488552         1.865765e-01      
   2.463087       0.558567         2.124383e-01      
   2.463087       0.632467         2.393609e-01      
   2.463087       0.710054         2.671627e-01      
   2.463087       0.791119         2.956475e-01      
   2.463087       0.875442         3.246067e-01      
   2.463087       0.962797         3.538209e-01      
   2.463087       1.052948         3.830625e-01      
   2.463087       1.145653         4.120978e-01      
   2.463087       1.240660         4.406892e-01      
   2.463087       1.337714         4.685980e-01      
   2.463087       1.436554         4.955848e-01      
   2.463087       1.536913         5.214108e-01      
   2.463087       1.638520         5.458366e-01      
   2.463087       1.741102         5.686226e-01      
   2.463087       1.844381         5.895276e-01      
   2.463087       1.948080         6.083095e-01      
   2.463087       2.051920         6.247308e-01      
   2.463087       2.155619         6.385729e-01      
   2.463087       2.258898         6.496611e-01      
   2.463087       2.361480         6.579006e-01      
   2.463087       2.463087         6.633126e-01      
   2.463087       2.563446         6.660517e-01      
   2.463087       2.662286         6.663895e-01      
   2.463087       2.759340         6.646682e-01      
   2.463087       2.854347         6.612476e-01      
   2.463087       2.947052         6.564659e-01      
   2.463087       3.037203         6.506204e-01      
   2.463087       3.124558         6.439646e-01      
   2.463087       3.208881         6.367132e-01      
   2.463087       3.289946         6.290492e-01      
   2.463087       3.367533         6.211317e-01      
   2.463087       3.441433         6.131007e-01      
   2.463087       3.511448         6.050817e-01      
   2.463087       3.577387         5.971874e-01      
   2.463087       3.639075         5.895200e-01      
   2.463087       3.696344         5.821714e-01      
   2.463087       3.749040         5.752242e-01      
   2.463087       3.797021         5.687522e-01      
   2.463087       3.840157         5.628204e-01      
   2.463087       3.878333         5.574853e-01      
   2.463087       3.911445         5.527959e-01      
   2.463087       3.939404         5.487930e-01      
   2.463087       3.962134         5.455105e-01      
   2.463087       3.979576         5.429752e-01      
   2.463087       3.991681         5.412074e-01      
   2.463087       3.998420         5.402202e-01      
   2.463087       4.008294         5.387704e-01      
   2.463087       4.043674         5.335397e-01      
   2.463087       4.107227         5.240131e-01      
   2.463087       4.198794         5.100196e-01      
   2.463087       4.318131         4.913801e-01      
   2.463087       4.464916         4.679746e-01      
   2.463087       4.638754         4.398234e-01      
   2.463087       4.839176         4.071712e-01      
   2.463087       5.065642         3.705556e-01      
   2.463087       5.317541         3.308394e-01      
   2.463087       5.594194         2.891881e-01      
   2.463087       5.894856         2.469861e-01      
   2.463087       6.218716         2.057027e-01      
   2.463087       6.564900         1.667353e-01      
   2.463087       6.932477         1.312619e-01      
   2.463087       7.320454         1.001348e-01      
   2.463087       7.727785         7.382750e-02      
   2.463087       8.153374         5.243823e-02      
   2.463087       8.596072         3.573846e-02      
   2.463087       9.054685         2.325072e-02      
   2.463087       9.527979         1.433924e-02      
   2.463087       10.014676        8.300510e-03      
   2.463087       10.513464        4.441925e-03      
   2.463087       11.023000        2.141124e-03      
   2.463087       11.541909        8.818814e-04      
   2.463087       12.068793        2.681378e-04      
   2.463087       12.602230        1.936128e-05      
   2.463087       13.140784        -4.720473e-05     
   2.463087       13.683002        -3.908991e-05     
   2.463087       14.227422        -1.175652e-05     
   2.463087       14.772578        1.105771e-05      
   2.463087       15.316998        2.311717e-05      
   2.463087       15.859216        2.593414e-05      
   2.463087       16.397770        2.303196e-05      
   2.463087       16.931207        1.781844e-05      
   2.463087       17.458091        1.246125e-05      
   2.463087       17.977000        7.944226e-06      
   2.463087       18.486536        4.653629e-06      
   2.463087       18.985324        2.465922e-06      
   2.463087       19.472021        1.129110e-06      
   2.463087       19.945315        3.621029e-07      
   2.463087       20.403928        -1.681834e-08     
   2.463087       20.846626        -1.368450e-07     
   2.463087       21.272215        -2.407901e-07     
   2.463087       21.679546        -2.043856e-07     
   2.463087       22.067523        -1.924341e-07     
   2.463087       22.435100        -1.399076e-07     
   2.463087       22.781284        -1.319732e-07     
   2.463087       23.105144        -9.499872e-08     
   2.463087       23.405806        -8.341946e-08     
   2.463087       23.682459        -4.892872e-08     
   2.463087       23.934358        -4.437937e-08     
   2.463087       24.160824        -3.723303e-08     
   2.463087       24.361246        -2.737027e-08     
   2.463087       24.535084        -2.400598e-08     
   2.463087       24.681869        -2.298391e-08     
   2.463087       24.801206        -2.074929e-08     
   2.463087       24.892773        -1.791383e-08     
   2.463087       24.956326        -1.568038e-08     
   2.463087       24.991706        -1.445331e-08     
   2.563446       0.001580         6.068405e-04      
   2.563446       0.008319         3.195610e-03      
   2.563446       0.020424         7.845681e-03      
   2.563446       0.037866         1.454510e-02      
   2.563446       0.060596         2.327869e-02      
   2.563446       0.088555         3.401618e-02      
   2.563446       0.121667         4.671434e-02      
   2.563446       0.159843         6.132528e-02      
   2.563446       0.202979         7.779795e-02      
   2.563446       0.250960         9.606451e-02      
   2.563446       0.303656         1.160412e-01      
   2.563446       0.360925         1.376294e-01      
   2.563446       0.422613         1.607136e-01      
   2.563446       0.488552         1.851626e-01      
   2.563446       0.558567         2.108285e-01      
   2.563446       0.632467         2.375471e-01      
   2.563446       0.710054         2.651389e-01      
   2.563446       0.791119         2.934101e-01      
   2.563446       0.875442         3.221546e-01      
   2.563446       0.962797         3.511565e-01      
   2.563446       1.052948         3.801923e-01      
   2.563446       1.145653         4.090342e-01      
   2.563446       1.240660         4.374524e-01      
   2.563446       1.337714         4.652177e-01      
   2.563446       1.436554         4.921036e-01      
   2.563446       1.536913         5.178878e-01      
   2.563446       1.638520         5.423524e-01      
   2.563446       1.741102         5.652834e-01      
   2.563446       1.844381         5.864702e-01      
   2.563446       1.948080         6.057050e-01      
   2.563446       2.051920         6.227826e-01      
   2.563446       2.155619         6.375062e-01      
   2.563446       2.258898         6.497004e-01      
   2.563446       2.361480         6.592340e-01      
   2.563446       2.463087         6.660517e-01      
   2.563446       2.563446         6.702046e-01      
   2.563446       2.662286         6.718628e-01      
   2.563446       2.759340         6.712980e-01      
   2.563446       2.854347         6.688419e-01      
   2.563446       2.947052         6.648387e-01      
   2.563446       3.037203         6.596115e-01      
   2.563446       3.124558         6.534449e-01      
   2.563446       3.208881         6.465831e-01      
   2.563446       3.289946         6.392335e-01      
   2.563446       3.367533         6.315735e-01      
   2.563446       3.441433         6.237566e-01      
   2.563446       3.511448         6.159177e-01      
   2.563446       3.577387         6.081764e-01      
   2.563446       3.639075         6.006395e-01      
   2.563446       3.696344         5.934025e-01      
   2.563446       3.749040         5.865506e-01      
   2.563446       3.797021         5.801593e-01      
   2.563446       3.840157         5.742955e-01      
   2.563446       3.878333         5.690171e-01      
   2.563446       3.911445         5.643741e-01      
   2.563446       3.939404         5.604085e-01      
   2.563446       3.962134         5.571551e-01      
   2.563446       3.979576         5.546413e-01      
   2.563446       3.991681         5.528879e-01      
   2.563446       3.998420         5.519087e-01      
   2.563446       4.008294         5.504702e-01      
   2.563446       4.043674         5.452786e-01      
   2.563446       4.107227         5.358149e-01      
   2.563446       4.198794         5.218950e-01      
   2.563446       4.318131         5.033202e-01      
   2.563446       4.464916         4.799433e-01      
   2.563446       4.638754         4.517505e-01      
   2.563446       4.839176         4.189467e-01      
   2.563446       5.065642         3.820306e-01      
   2.563446       5.317541         3.418338e-01      
   2.563446       5.594194         2.995072e-01      
   2.563446       5.894856         2.564436e-01      
   2.563446       6.218716         2.141445e-01      
   2.563446       6.564900         1.740589e-01      
   2.563446       6.932477         1.374276e-01      
   2.563446       7.320454         1.051652e-01      
   2.563446       7.727785         7.779927e-02      
   2.563446       8.153374         5.546807e-02      
   2.563446       8.596072         3.796667e-02      
   2.563446       9.054685         2.482593e-02      
   2.563446       9.527979         1.540558e-02      
   2.563446       10.014676        8.988219e-03      
   2.563446       10.513464        4.861621e-03      
   2.563446       11.023000        2.381081e-03      
   2.563446       11.541909        1.008473e-03      
   2.563446       12.068793        3.282469e-04      
   2.563446       12.602230        4.369903e-05      
   2.563446       13.140784        -3.996967e-05     
   2.563446       13.683002        -3.856021e-05     
   2.563446       14.227422        -1.298258e-05     
   2.563446       14.772578        1.002304e-05      
   2.563446       15.316998        2.281700e-05      
   2.563446       15.859216        2.619933e-05      
   2.563446       16.397770        2.355107e-05      
   2.563446       16.931207        1.842028e-05      
   2.563446       17.458091        1.300436e-05      
   2.563446       17.977000        8.332118e-06      
   2.563446       18.486536        4.931553e-06      
   2.563446       18.985324        2.653213e-06      
   2.563446       19.472021        1.204474e-06      
   2.563446       19.945315        4.256629e-07      
   2.563446       20.403928        9.180621e-09      
   2.563446       20.846626        -1.447046e-07     
   2.563446       21.272215        -2.263111e-07     
   2.563446       21.679546        -2.247741e-07     
   2.563446       22.067523        -1.784637e-07     
   2.563446       22.435100        -1.690815e-07     
   2.563446       22.781284        -1.206293e-07     
   2.563446       23.105144        -1.095055e-07     
   2.563446       23.405806        -7.970935e-08     
   2.563446       23.682459        -5.199326e-08     
   2.563446       23.934358        -5.074788e-08     
   2.563446       24.160824        -3.742776e-08     
   2.563446       24.361246        -2.728047e-08     
   2.563446       24.535084        -2.594508e-08     
   2.563446       24.681869        -2.499168e-08     
   2.563446       24.801206        -2.169181e-08     
   2.563446       24.892773        -1.798926e-08     
   2.563446       24.956326        -1.536507e-08     
   2.563446       24.991706        -1.402917e-08     
   2.662286       0.001580         6.011113e-04      
   2.662286       0.008319         3.165440e-03      
   2.662286       0.020424         7.771569e-03      
   2.662286       0.037866         1.440771e-02      
   2.662286       0.060596         2.305870e-02      
   2.662286       0.088555         3.369508e-02      
   2.662286       0.121667         4.627372e-02      
   2.662286       0.159843         6.074686e-02      
   2.662286       0.202979         7.706413e-02      
   2.662286       0.250960         9.515861e-02      
   2.662286       0.303656         1.149476e-01      
   2.662286       0.360925         1.363336e-01      
   2.662286       0.422613         1.592026e-01      
   2.662286       0.488552         1.834250e-01      
   2.662286       0.558567         2.088545e-01      
   2.662286       0.632467         2.353290e-01      
   2.662286       0.710054         2.626712e-01      
   2.662286       0.791119         2.906901e-01      
   2.662286       0.875442         3.191827e-01      
   2.662286       0.962797         3.479365e-01      
   2.662286       1.052948         3.767320e-01      
   2.662286       1.145653         4.053462e-01      
   2.662286       1.240660         4.335555e-01      
   2.662286       1.337714         4.611382e-01      
   2.662286       1.436554         4.878773e-01      
   2.662286       1.536913         5.135625e-01      
   2.662286       1.638520         5.379913e-01      
   2.662286       1.741102         5.609691e-01      
   2.662286       1.844381         5.823087e-01      
   2.662286       1.948080         6.018295e-01      
   2.662286       2.051920         6.193564e-01      
   2.662286       2.155619         6.347202e-01      
   2.662286       2.258898         6.477630e-01      
   2.662286       2.361480         6.583497e-01      
   2.662286       2.463087         6.663895e-01      
   2.662286       2.563446         6.718628e-01      
   2.662286       2.662286         6.748467e-01      
   2.662286       2.759340         6.755234e-01      
   2.662286       2.854347         6.741625e-01      
   2.662286       2.947052         6.710830e-01      
   2.662286       3.037203         6.666126e-01      
   2.662286       3.124558         6.610578e-01      
   2.662286       3.208881         6.546894e-01      
   2.662286       3.289946         6.477403e-01      
   2.662286       3.367533         6.404093e-01      
   2.662286       3.441433         6.328664e-01      
   2.662286       3.511448         6.252584e-01      
   2.662286       3.577387         6.177137e-01      
   2.662286       3.639075         6.103453e-01      
   2.662286       3.696344         6.032532e-01      
   2.662286       3.749040         5.965258e-01      
   2.662286       3.797021         5.902415e-01      
   2.662286       3.840157         5.844686e-01      
   2.662286       3.878333         5.792670e-01      
   2.662286       3.911445         5.746877e-01      
   2.662286       3.939404         5.707739e-01      
   2.662286       3.962134         5.675613e-01      
   2.662286       3.979576         5.650779e-01      
   2.662286       3.991681         5.633453e-01      
   2.662286       3.998420         5.623775e-01      
   2.662286       4.008294         5.609555e-01      
   2.662286       4.043674         5.558213e-01      
   2.662286       4.107227         5.464533e-01      
   2.662286       4.198794         5.326546e-01      
   2.662286       4.318131         5.142073e-01      
   2.662286       4.464916         4.909378e-01      
   2.662286       4.638754         4.627975e-01      
   2.662286       4.839176         4.299510e-01      
   2.662286       5.065642         3.928543e-01      
   2.662286       5.317541         3.523027e-01      
   2.662286       5.594194         3.094256e-01      
   2.662286       5.894856         2.656167e-01      
   2.662286       6.218716         2.224037e-01      
   2.662286       6.564900         1.812833e-01      
   2.662286       6.932477         1.435570e-01      
   2.662286       7.320454         1.102030e-01      
   2.662286       7.727785         8.180544e-02      
   2.662286       8.153374         5.854568e-02      
   2.662286       8.596072         4.024612e-02      
   2.662286       9.054685         2.644924e-02      
   2.662286       9.527979         1.651311e-02      
   2.662286       10.014676        9.708651e-03      
   2.662286       10.513464        5.305579e-03      
   2.662286       11.023000        2.637866e-03      
   2.662286       11.541909        1.145933e-03      
   2.662286       12.068793        3.948361e-04      
   2.662286       12.602230        7.156194e-05      
   2.662286       13.140784        -3.104983e-05     
   2.662286       13.683002        -3.738807e-05     
   2.662286       14.227422        -1.407054e-05     
   2.662286       14.772578        8.929396e-06      
   2.662286       15.316998        2.239769e-05      
   2.662286       15.859216        2.636168e-05      
   2.662286       16.397770        2.401930e-05      
   2.662286       16.931207        1.898724e-05      
   2.662286       17.458091        1.352802e-05      
   2.662286       17.977000        8.731006e-06      
   2.662286       18.486536        5.209376e-06      
   2.662286       18.985324        2.843142e-06      
   2.662286       19.472021        1.294124e-06      
   2.662286       19.945315        4.844949e-07      
   2.662286       20.403928        4.684657e-08      
   2.662286       20.846626        -1.569154e-07     
   2.662286       21.272215        -2.072435e-07     
   2.662286       21.679546        -2.421494e-07     
   2.662286       22.067523        -1.696941e-07     
   2.662286       22.435100        -1.887189e-07     
   2.662286       22.781284        -1.179281e-07     
   2.662286       23.105144        -1.182305e-07     
   2.662286       23.405806        -7.584012e-08     
   2.662286       23.682459        -5.903360e-08     
   2.662286       23.934358        -5.352992e-08     
   2.662286       24.160824        -3.767745e-08     
   2.662286       24.361246        -2.951361e-08     
   2.662286       24.535084        -2.784565e-08     
   2.662286       24.681869        -2.519990e-08     
   2.662286       24.801206        -2.114024e-08     
   2.662286       24.892773        -1.759713e-08     
   2.662286       24.956326        -1.536177e-08     
   2.662286       24.991706        -1.428943e-08     
   2.759340       0.001580         5.943061e-04      
   2.759340       0.008319         3.129604e-03      
   2.759340       0.020424         7.683561e-03      
   2.759340       0.037866         1.424458e-02      
   2.759340       0.060596         2.279751e-02      
   2.759340       0.088555         3.331388e-02      
   2.759340       0.121667         4.575087e-02      
   2.759340       0.159843         6.006103e-02      
   2.759340       0.202979         7.619485e-02      
   2.759340       0.250960         9.408654e-02      
   2.759340       0.303656         1.136546e-01      
   2.759340       0.360925         1.348030e-01      
   2.759340       0.422613         1.574195e-01      
   2.759340       0.488552         1.813764e-01      
   2.759340       0.558567         2.065302e-01      
   2.759340       0.632467         2.327215e-01      
   2.759340       0.710054         2.597758e-01      
   2.759340       0.791119         2.875051e-01      
   2.759340       0.875442         3.157098e-01      
   2.759340       0.962797         3.441813e-01      
   2.759340       1.052948         3.727043e-01      
   2.759340       1.145653         4.010602e-01      
   2.759340       1.240660         4.290304e-01      
   2.759340       1.337714         4.563994e-01      
   2.759340       1.436554         4.829575e-01      
   2.759340       1.536913         5.085033e-01      
   2.759340       1.638520         5.328453e-01      
   2.759340       1.741102         5.558032e-01      
   2.759340       1.844381         5.772070e-01      
   2.759340       1.948080         5.968969e-01      
   2.759340       2.051920         6.147219e-01      
   2.759340       2.155619         6.305388e-01      
   2.759340       2.258898         6.442126e-01      
   2.759340       2.361480         6.556216e-01      
   2.759340       2.463087         6.646682e-01      
   2.759340       2.563446         6.712980e-01      
   2.759340       2.662286         6.755234e-01      
   2.759340       2.759340         6.774435e-01      
   2.759340       2.854347         6.772493e-01      
   2.759340       2.947052         6.752059e-01      
   2.759340       3.037203         6.716185e-01      
   2.759340       3.124558         6.667970e-01      
   2.759340       3.208881         6.610303e-01      
   2.759340       3.289946         6.545742e-01      
   2.759340       3.367533         6.476495e-01      
   2.759340       3.441433         6.404447e-01      
   2.759340       3.511448         6.331214e-01      
   2.759340       3.577387         6.258188e-01      
   2.759340       3.639075         6.186577e-01      
   2.759340       3.696344         6.117440e-01      
   2.759340       3.749040         6.051705e-01      
   2.759340       3.797021         5.990183e-01      
   2.759340       3.840157         5.933586e-01      
   2.759340       3.878333         5.882528e-01      
   2.759340       3.911445         5.837535e-01      
   2.759340       3.939404         5.799052e-01      
   2.759340       3.962134         5.767443e-01      
   2.759340       3.979576         5.742999e-01      
   2.759340       3.991681         5.725938e-01      
   2.759340       3.998420         5.716406e-01      
   2.759340       4.008294         5.702399e-01      
   2.759340       4.043674         5.651798e-01      
   2.759340       4.107227         5.559378e-01      
   2.759340       4.198794         5.423040e-01      
   2.759340       4.318131         5.240417e-01      
   2.759340       4.464916         5.009513e-01      
   2.759340       4.638754         4.729506e-01      
   2.759340       4.839176         4.401629e-01      
   2.759340       5.065642         4.029993e-01      
   2.759340       5.317541         3.622140e-01      
   2.759340       5.594194         3.189089e-01      
   2.759340       5.894856         2.744712e-01      
   2.759340       6.218716         2.304482e-01      
   2.759340       6.564900         1.883797e-01      
   2.759340       6.932477         1.496258e-01      
   2.759340       7.320454         1.152284e-01      
   2.759340       7.727785         8.583038e-02      
   2.759340       8.153374         6.165932e-02      
   2.759340       8.596072         4.256840e-02      
   2.759340       9.054685         2.811492e-02      
   2.759340       9.527979         1.765816e-02      
   2.759340       10.014676        1.045965e-02      
   2.759340       10.513464        5.772658e-03      
   2.759340       11.023000        2.910968e-03      
   2.759340       11.541909        1.294127e-03      
   2.759340       12.068793        4.679354e-04      
   2.759340       12.602230        1.030312e-04      
   2.759340       13.140784        -2.034299e-05     
   2.759340       13.683002        -3.550472e-05     
   2.759340       14.227422        -1.498701e-05     
   2.759340       14.772578        7.806564e-06      
   2.759340       15.316998        2.186890e-05      
   2.759340       15.859216        2.641307e-05      
   2.759340       16.397770        2.443526e-05      
   2.759340       16.931207        1.951995e-05      
   2.759340       17.458091        1.402129e-05      
   2.759340       17.977000        9.138349e-06      
   2.759340       18.486536        5.490435e-06      
   2.759340       18.985324        3.025190e-06      
   2.759340       19.472021        1.402833e-06      
   2.759340       19.945315        5.384924e-07      
   2.759340       20.403928        8.863881e-08      
   2.759340       20.846626        -1.636655e-07     
   2.759340       21.272215        -1.954266e-07     
   2.759340       21.679546        -2.460895e-07     
   2.759340       22.067523        -1.777290e-07     
   2.759340       22.435100        -1.903849e-07     
   2.759340       22.781284        -1.281307e-07     
   2.759340       23.105144        -1.183002e-07     
   2.759340       23.405806        -7.579745e-08     
   2.759340       23.682459        -6.696534e-08     
   2.759340       23.934358        -5.348528e-08     
   2.759340       24.160824        -3.909061e-08     
   2.759340       24.361246        -3.323048e-08     
   2.759340       24.535084        -2.907563e-08     
   2.759340       24.681869        -2.410927e-08     
   2.759340       24.801206        -1.995462e-08     
   2.759340       24.892773        -1.735541e-08     
   2.759340       24.956326        -1.597763e-08     
   2.759340       24.991706        -1.535895e-08     
   2.854347       0.001580         5.865391e-04      
   2.854347       0.008319         3.088703e-03      
   2.854347       0.020424         7.583134e-03      
   2.854347       0.037866         1.405842e-02      
   2.854347       0.060596         2.249942e-02      
   2.854347       0.088555         3.287875e-02      
   2.854347       0.121667         4.515396e-02      
   2.854347       0.159843         5.927800e-02      
   2.854347       0.202979         7.520238e-02      
   2.854347       0.250960         9.286267e-02      
   2.854347       0.303656         1.121789e-01      
   2.854347       0.360925         1.330568e-01      
   2.854347       0.422613         1.553863e-01      
   2.854347       0.488552         1.790424e-01      
   2.854347       0.558567         2.038843e-01      
   2.854347       0.632467         2.297560e-01      
   2.854347       0.710054         2.564864e-01      
   2.854347       0.791119         2.838911e-01      
   2.854347       0.875442         3.117744e-01      
   2.854347       0.962797         3.399319e-01      
   2.854347       1.052948         3.681526e-01      
   2.854347       1.145653         3.962223e-01      
   2.854347       1.240660         4.239270e-01      
   2.854347       1.337714         4.510565e-01      
   2.854347       1.436554         4.774070e-01      
   2.854347       1.536913         5.027838e-01      
   2.854347       1.638520         5.270036e-01      
   2.854347       1.741102         5.498959e-01      
   2.854347       1.844381         5.713037e-01      
   2.854347       1.948080         5.910823e-01      
   2.854347       2.051920         6.090989e-01      
   2.854347       2.155619         6.252312e-01      
   2.854347       2.258898         6.393664e-01      
   2.854347       2.361480         6.514014e-01      
   2.854347       2.463087         6.612476e-01      
   2.854347       2.563446         6.688419e-01      
   2.854347       2.662286         6.741625e-01      
   2.854347       2.759340         6.772493e-01      
   2.854347       2.854347         6.782200e-01      
   2.854347       2.947052         6.772712e-01      
   2.854347       3.037203         6.746614e-01      
   2.854347       3.124558         6.706808e-01      
   2.854347       3.208881         6.656207e-01      
   2.854347       3.289946         6.597520e-01      
   2.854347       3.367533         6.533148e-01      
   2.854347       3.441433         6.465165e-01      
   2.854347       3.511448         6.395349e-01      
   2.854347       3.577387         6.325219e-01      
   2.854347       3.639075         6.256083e-01      
   2.854347       3.696344         6.189071e-01      
   2.854347       3.749040         6.125165e-01      
   2.854347       3.797021         6.065216e-01      
   2.854347       3.840157         6.009964e-01      
   2.854347       3.878333         5.960048e-01      
   2.854347       3.911445         5.916011e-01      
   2.854347       3.939404         5.878310e-01      
   2.854347       3.962134         5.847322e-01      
   2.854347       3.979576         5.823344e-01      
   2.854347       3.991681         5.806603e-01      
   2.854347       3.998420         5.797247e-01      
   2.854347       4.008294         5.783497e-01      
   2.854347       4.043674         5.733794e-01      
   2.854347       4.107227         5.642910e-01      
   2.854347       4.198794         5.508616e-01      
   2.854347       4.318131         5.328359e-01      
   2.854347       4.464916         5.099895e-01      
   2.854347       4.638754         4.822071e-01      
   2.854347       4.839176         4.495711e-01      
   2.854347       5.065642         4.124464e-01      
   2.854347       5.317541         3.715424e-01      
   2.854347       5.594194         3.279274e-01      
   2.854347       5.894856         2.829756e-01      
   2.854347       6.218716         2.382471e-01      
   2.854347       6.564900         1.953195e-01      
   2.854347       6.932477         1.556089e-01      
   2.854347       7.320454         1.202205e-01      
   2.854347       7.727785         8.985729e-02      
   2.854347       8.153374         6.479609e-02      
   2.854347       8.596072         4.492398e-02      
   2.854347       9.054685         2.981627e-02      
   2.854347       9.527979         1.883628e-02      
   2.854347       10.014676        1.123846e-02      
   2.854347       10.513464        6.261293e-03      
   2.854347       11.023000        3.199593e-03      
   2.854347       11.541909        1.452739e-03      
   2.854347       12.068793        5.474777e-04      
   2.854347       12.602230        1.381405e-04      
   2.854347       13.140784        -7.776449e-06     
   2.854347       13.683002        -3.284238e-05     
   2.854347       14.227422        -1.569093e-05     
   2.854347       14.772578        6.679803e-06      
   2.854347       15.316998        2.124684e-05      
   2.854347       15.859216        2.635673e-05      
   2.854347       16.397770        2.479340e-05      
   2.854347       16.931207        2.002010e-05      
   2.854347       17.458091        1.448303e-05      
   2.854347       17.977000        9.546497e-06      
   2.854347       18.486536        5.778516e-06      
   2.854347       18.985324        3.196917e-06      
   2.854347       19.472021        1.527778e-06      
   2.854347       19.945315        5.935912e-07      
   2.854347       20.403928        1.261957e-07      
   2.854347       20.846626        -1.570273e-07     
   2.854347       21.272215        -1.969061e-07     
   2.854347       21.679546        -2.339498e-07     
   2.854347       22.067523        -2.017256e-07     
   2.854347       22.435100        -1.796377e-07     
   2.854347       22.781284        -1.450650e-07     
   2.854347       23.105144        -1.126616e-07     
   2.854347       23.405806        -8.037966e-08     
   2.854347       23.682459        -7.288880e-08     
   2.854347       23.934358        -5.269196e-08     
   2.854347       24.160824        -4.183988e-08     
   2.854347       24.361246        -3.681862e-08     
   2.854347       24.535084        -2.944949e-08     
   2.854347       24.681869        -2.279091e-08     
   2.854347       24.801206        -1.916392e-08     
   2.854347       24.892773        -1.770682e-08     
   2.854347       24.956326        -1.715415e-08     
   2.854347       24.991706        -1.692243e-08     
   2.947052       0.001580         5.779417e-04      
   2.947052       0.008319         3.043430e-03      
   2.947052       0.020424         7.471987e-03      
   2.947052       0.037866         1.385238e-02      
   2.947052       0.060596         2.216945e-02      
   2.947052       0.088555         3.239695e-02      
   2.947052       0.121667         4.449287e-02      
   2.947052       0.159843         5.841059e-02      
   2.947052       0.202979         7.410270e-02      
   2.947052       0.250960         9.150634e-02      
   2.947052       0.303656         1.105434e-01      
   2.947052       0.360925         1.311219e-01      
   2.947052       0.422613         1.531343e-01      
   2.947052       0.488552         1.764583e-01      
   2.947052       0.558567         2.009563e-01      
   2.947052       0.632467         2.264760e-01      
   2.947052       0.710054         2.528501e-01      
   2.947052       0.791119         2.798987e-01      
   2.947052       0.875442         3.074305e-01      
   2.947052       0.962797         3.352454e-01      
   2.947052       1.052948         3.631367e-01      
   2.947052       1.145653         3.908951e-01      
   2.947052       1.240660         4.183113e-01      
   2.947052       1.337714         4.451795e-01      
   2.947052       1.436554         4.713007e-01      
   2.947052       1.536913         4.964858e-01      
   2.947052       1.638520         5.205577e-01      
   2.947052       1.741102         5.433531e-01      
   2.947052       1.844381         5.647236e-01      
   2.947052       1.948080         5.845357e-01      
   2.947052       2.051920         6.026700e-01      
   2.947052       2.155619         6.190200e-01      
   2.947052       2.258898         6.334907e-01      
   2.947052       2.361480         6.459972e-01      
   2.947052       2.463087         6.564659e-01      
   2.947052       2.563446         6.648387e-01      
   2.947052       2.662286         6.710830e-01      
   2.947052       2.759340         6.752059e-01      
   2.947052       2.854347         6.772712e-01      
   2.947052       2.947052         6.774110e-01      
   2.947052       3.037203         6.758249e-01      
   2.947052       3.124558         6.727631e-01      
   2.947052       3.208881         6.684999e-01      
   2.947052       3.289946         6.633076e-01      
   2.947052       3.367533         6.574388e-01      
   2.947052       3.441433         6.511172e-01      
   2.947052       3.511448         6.445365e-01      
   2.947052       3.577387         6.378628e-01      
   2.947052       3.639075         6.312382e-01      
   2.947052       3.696344         6.247843e-01      
   2.947052       3.749040         6.186059e-01      
   2.947052       3.797021         6.127931e-01      
   2.947052       3.840157         6.074236e-01      
   2.947052       3.878333         6.025639e-01      
   2.947052       3.911445         5.982706e-01      
   2.947052       3.939404         5.945909e-01      
   2.947052       3.962134         5.915638e-01      
   2.947052       3.979576         5.892201e-01      
   2.947052       3.991681         5.875830e-01      
   2.947052       3.998420         5.866679e-01      
   2.947052       4.008294         5.853224e-01      
   2.947052       4.043674         5.804563e-01      
   2.947052       4.107227         5.715468e-01      
   2.947052       4.198794         5.583574e-01      
   2.947052       4.318131         5.406145e-01      
   2.947052       4.464916         5.180694e-01      
   2.947052       4.638754         4.905754e-01      
   2.947052       4.839176         4.581745e-01      
   2.947052       5.065642         4.211852e-01      
   2.947052       5.317541         3.802695e-01      
   2.947052       5.594194         3.364569e-01      
   2.947052       5.894856         2.911023e-01      
   2.947052       6.218716         2.457718e-01      
   2.947052       6.564900         2.020752e-01      
   2.947052       6.932477         1.614813e-01      
   2.947052       7.320454         1.251576e-01      
   2.947052       7.727785         9.386844e-02      
   2.947052       8.153374         6.794199e-02      
   2.947052       8.596072         4.730229e-02      
   2.947052       9.054685         3.154570e-02      
   2.947052       9.527979         2.004227e-02      
   2.947052       10.014676        1.204172e-02      
   2.947052       10.513464        6.769482e-03      
   2.947052       11.023000        3.502658e-03      
   2.947052       11.541909        1.621251e-03      
   2.947052       12.068793        6.332792e-04      
   2.947052       12.602230        1.768697e-04      
   2.947052       13.140784        6.684150e-06      
   2.947052       13.683002        -2.934450e-05     
   2.947052       14.227422        -1.613501e-05     
   2.947052       14.772578        5.567222e-06      
   2.947052       15.316998        2.054895e-05      
   2.947052       15.859216        2.620460e-05      
   2.947052       16.397770        2.508507e-05      
   2.947052       16.931207        2.048651e-05      
   2.947052       17.458091        1.491866e-05      
   2.947052       17.977000        9.944972e-06      
   2.947052       18.486536        6.073726e-06      
   2.947052       18.985324        3.363318e-06      
   2.947052       19.472021        1.659635e-06      
   2.947052       19.945315        6.563871e-07      
   2.947052       20.403928        1.548329e-07      
   2.947052       20.846626        -1.354606e-07     
   2.947052       21.272215        -2.086653e-07     
   2.947052       21.679546        -2.131345e-07     
   2.947052       22.067523        -2.289257e-07     
   2.947052       22.435100        -1.697485e-07     
   2.947052       22.781284        -1.592665e-07     
   2.947052       23.105144        -1.069210e-07     
   2.947052       23.405806        -8.766057e-08     
   2.947052       23.682459        -7.568400e-08     
   2.947052       23.934358        -5.312040e-08     
   2.947052       24.160824        -4.529035e-08     
   2.947052       24.361246        -3.901889e-08     
   2.947052       24.535084        -2.930726e-08     
   2.947052       24.681869        -2.227317e-08     
   2.947052       24.801206        -1.944595e-08     
   2.947052       24.892773        -1.875883e-08     
   2.947052       24.956326        -1.860570e-08     
   2.947052       24.991706        -1.851508e-08     
   3.037203       0.001580         5.686417e-04      
   3.037203       0.008319         2.994456e-03      
   3.037203       0.020424         7.351766e-03      
   3.037203       0.037866         1.362952e-02      
   3.037203       0.060596         2.181256e-02      
   3.037203       0.088555         3.187582e-02      
   3.037203       0.121667         4.377785e-02      
   3.037203       0.159843         5.747253e-02      
   3.037203       0.202979         7.291365e-02      
   3.037203       0.250960         9.004000e-02      
   3.037203       0.303656         1.087756e-01      
   3.037203       0.360925         1.290306e-01      
   3.037203       0.422613         1.507004e-01      
   3.037203       0.488552         1.736659e-01      
   3.037203       0.558567         1.977930e-01      
   3.037203       0.632467         2.229332e-01      
   3.037203       0.710054         2.489237e-01      
   3.037203       0.791119         2.755893e-01      
   3.037203       0.875442         3.027434e-01      
   3.037203       0.962797         3.301907e-01      
   3.037203       1.052948         3.577293e-01      
   3.037203       1.145653         3.851545e-01      
   3.037203       1.240660         4.122619e-01      
   3.037203       1.337714         4.388499e-01      
   3.037203       1.436554         4.647241e-01      
   3.037203       1.536913         4.896996e-01      
   3.037203       1.638520         5.136042e-01      
   3.037203       1.741102         5.362800e-01      
   3.037203       1.844381         5.575847e-01      
   3.037203       1.948080         5.773924e-01      
   3.037203       2.051920         5.955934e-01      
   3.037203       2.155619         6.120924e-01      
   3.037203       2.258898         6.268079e-01      
   3.037203       2.361480         6.396702e-01      
   3.037203       2.463087         6.506204e-01      
   3.037203       2.563446         6.596115e-01      
   3.037203       2.662286         6.666126e-01      
   3.037203       2.759340         6.716185e-01      
   3.037203       2.854347         6.746614e-01      
   3.037203       2.947052         6.758249e-01      
   3.037203       3.037203         6.752525e-01      
   3.037203       3.124558         6.731440e-01      
   3.037203       3.208881         6.697398e-01      
   3.037203       3.289946         6.652978e-01      
   3.037203       3.367533         6.600714e-01      
   3.037203       3.441433         6.542944e-01      
   3.037203       3.511448         6.481742e-01      
   3.037203       3.577387         6.418905e-01      
   3.037203       3.639075         6.355973e-01      
   3.037203       3.696344         6.294262e-01      
   3.037203       3.749040         6.234897e-01      
   3.037203       3.797021         6.178838e-01      
   3.037203       3.840157         6.126906e-01      
   3.037203       3.878333         6.079802e-01      
   3.037203       3.911445         6.038115e-01      
   3.037203       3.939404         6.002340e-01      
   3.037203       3.962134         5.972878e-01      
   3.037203       3.979576         5.950051e-01      
   3.037203       3.991681         5.934096e-01      
   3.037203       3.998420         5.925175e-01      
   3.037203       4.008294         5.912055e-01      
   3.037203       4.043674         5.864569e-01      
   3.037203       4.107227         5.777492e-01      
   3.037203       4.198794         5.648318e-01      
   3.037203       4.318131         5.474122e-01      
   3.037203       4.464916         5.252184e-01      
   3.037203       4.638754         4.980735e-01      
   3.037203       4.839176         4.659814e-01      
   3.037203       5.065642         4.292139e-01      
   3.037203       5.317541         3.883840e-01      
   3.037203       5.594194         3.444788e-01      
   3.037203       5.894856         2.988276e-01      
   3.037203       6.218716         2.529960e-01      
   3.037203       6.564900         2.086204e-01      
   3.037203       6.932477         1.672183e-01      
   3.037203       7.320454         1.300180e-01      
   3.037203       7.727785         9.784534e-02      
   3.037203       8.153374         7.108212e-02      
   3.037203       8.596072         4.969183e-02      
   3.037203       9.054685         3.329473e-02      
   3.037203       9.527979         2.127020e-02      
   3.037203       10.014676        1.286549e-02      
   3.037203       10.513464        7.294780e-03      
   3.037203       11.023000        3.818767e-03      
   3.037203       11.541909        1.798943e-03      
   3.037203       12.068793        7.250319e-04      
   3.037203       12.602230        2.191314e-04      
   3.037203       13.140784        2.303626e-05      
   3.037203       13.683002        -2.497153e-05     
   3.037203       14.227422        -1.627262e-05     
   3.037203       14.772578        4.487199e-06      
   3.037203       15.316998        1.978980e-05      
   3.037203       15.859216        2.597343e-05      
   3.037203       16.397770        2.530475e-05      
   3.037203       16.931207        2.091360e-05      
   3.037203       17.458091        1.533618e-05      
   3.037203       17.977000        1.032595e-05      
   3.037203       18.486536        6.371024e-06      
   3.037203       18.985324        3.532925e-06      
   3.037203       19.472021        1.788690e-06      
   3.037203       19.945315        7.301128e-07      
   3.037203       20.403928        1.759143e-07      
   3.037203       20.846626        -1.044353e-07     
   3.037203       21.272215        -2.211138e-07     
   3.037203       21.679546        -1.967246e-07     
   3.037203       22.067523        -2.445886e-07     
   3.037203       22.435100        -1.704458e-07     
   3.037203       22.781284        -1.650313e-07     
   3.037203       23.105144        -1.055467e-07     
   3.037203       23.405806        -9.475490e-08     
   3.037203       23.682459        -7.605069e-08     
   3.037203       23.934358        -5.562384e-08     
   3.037203       24.160824        -4.847055e-08     
   3.037203       24.361246        -3.954398e-08     
   3.037203       24.535084        -2.922004e-08     
   3.037203       24.681869        -2.306122e-08     
   3.037203       24.801206        -2.088010e-08     
   3.037203       24.892773        -2.028956e-08     
   3.037203       24.956326        -1.999649e-08     
   3.037203       24.991706        -1.977905e-08     
   3.124558       0.001580         5.587877e-04      
   3.124558       0.008319         2.942565e-03      
   3.124558       0.020424         7.224393e-03      
   3.124558       0.037866         1.339341e-02      
   3.124558       0.060596         2.143448e-02      
   3.124558       0.088555         3.132379e-02      
   3.124558       0.121667         4.302054e-02      
   3.124558       0.159843         5.647924e-02      
   3.124558       0.202979         7.165493e-02      
   3.124558       0.250960         8.848816e-02      
   3.124558       0.303656         1.069049e-01      
   3.124558       0.360925         1.268178e-01      
   3.124558       0.422613         1.481251e-01      
   3.124558       0.488552         1.707112e-01      
   3.124558       0.558567         1.944459e-01      
   3.124558       0.632467         2.191848e-01      
   3.124558       0.710054         2.447700e-01      
   3.124558       0.791119         2.710308e-01      
   3.124558       0.875442         2.977858e-01      
   3.124558       0.962797         3.248448e-01      
   3.124558       1.052948         3.520111e-01      
   3.124558       1.145653         3.790850e-01      
   3.124558       1.240660         4.058664e-01      
   3.124558       1.337714         4.321585e-01      
   3.124558       1.436554         4.577707e-01      
   3.124558       1.536913         4.825222e-01      
   3.124558       1.638520         5.062446e-01      
   3.124558       1.741102         5.287838e-01      
   3.124558       1.844381         5.500022e-01      
   3.124558       1.948080         5.697791e-01      
   3.124558       2.051920         5.880110e-01      
   3.124558       2.155619         6.046108e-01      
   3.124558       2.258898         6.195067e-01      
   3.124558       2.361480         6.326401e-01      
   3.124558       2.463087         6.439646e-01      
   3.124558       2.563446         6.534449e-01      
   3.124558       2.662286         6.610578e-01      
   3.124558       2.759340         6.667970e-01      
   3.124558       2.854347         6.706808e-01      
   3.124558       2.947052         6.727631e-01      
   3.124558       3.037203         6.731440e-01      
   3.124558       3.124558         6.719749e-01      
   3.124558       3.208881         6.694537e-01      
   3.124558       3.289946         6.658098e-01      
   3.124558       3.367533         6.612844e-01      
   3.124558       3.441433         6.561120e-01      
   3.124558       3.511448         6.505081e-01      
   3.124558       3.577387         6.446637e-01      
   3.124558       3.639075         6.387442e-01      
   3.124558       3.696344         6.328915e-01      
   3.124558       3.749040         6.272265e-01      
   3.124558       3.797021         6.218521e-01      
   3.124558       3.840157         6.168558e-01      
   3.124558       3.878333         6.123115e-01      
   3.124558       3.911445         6.082813e-01      
   3.124558       3.939404         6.048170e-01      
   3.124558       3.962134         6.019606e-01      
   3.124558       3.979576         5.997452e-01      
   3.124558       3.991681         5.981959e-01      
   3.124558       3.998420         5.973293e-01      
   3.124558       4.008294         5.960543e-01      
   3.124558       4.043674         5.914355e-01      
   3.124558       4.107227         5.829508e-01      
   3.124558       4.198794         5.703338e-01      
   3.124558       4.318131         5.532728e-01      
   3.124558       4.464916         5.314730e-01      
   3.124558       4.638754         5.047293e-01      
   3.124558       4.839176         4.730089e-01      
   3.124558       5.065642         4.365387e-01      
   3.124558       5.317541         3.958820e-01      
   3.124558       5.594194         3.519802e-01      
   3.124558       5.894856         3.061321e-01      
   3.124558       6.218716         2.598965e-01      
   3.124558       6.564900         2.149305e-01      
   3.124558       6.932477         1.727958e-01      
   3.124558       7.320454         1.347795e-01      
   3.124558       7.727785         1.017690e-01      
   3.124558       8.153374         7.420082e-02      
   3.124558       8.596072         5.208027e-02      
   3.124558       9.054685         3.505407e-02      
   3.124558       9.527979         2.251342e-02      
   3.124558       10.014676        1.370526e-02      
   3.124558       10.513464        7.834307e-03      
   3.124558       11.023000        4.146213e-03      
   3.124558       11.541909        1.984880e-03      
   3.124558       12.068793        8.222964e-04      
   3.124558       12.602230        2.647606e-04      
   3.124558       13.140784        4.124080e-05      
   3.124558       13.683002        -1.970464e-05     
   3.124558       14.227422        -1.606494e-05     
   3.124558       14.772578        3.463024e-06      
   3.124558       15.316998        1.898076e-05      
   3.124558       15.859216        2.567954e-05      
   3.124558       16.397770        2.545355e-05      
   3.124558       16.931207        2.129332e-05      
   3.124558       17.458091        1.574145e-05      
   3.124558       17.977000        1.068715e-05      
   3.124558       18.486536        6.662053e-06      
   3.124558       18.985324        3.712732e-06      
   3.124558       19.472021        1.910002e-06      
   3.124558       19.945315        8.129488e-07      
   3.124558       20.403928        1.955238e-07      
   3.124558       20.846626        -7.317285e-08     
   3.124558       21.272215        -2.242034e-07     
   3.124558       21.679546        -1.952220e-07     
   3.124558       22.067523        -2.427127e-07     
   3.124558       22.435100        -1.821174e-07     
   3.124558       22.781284        -1.626102e-07     
   3.124558       23.105144        -1.098112e-07     
   3.124558       23.405806        -9.961065e-08     
   3.124558       23.682459        -7.561290e-08     
   3.124558       23.934358        -5.974683e-08     
   3.124558       24.160824        -5.064821e-08     
   3.124558       24.361246        -3.898804e-08     
   3.124558       24.535084        -2.966906e-08     
   3.124558       24.681869        -2.501572e-08     
   3.124558       24.801206        -2.304595e-08     
   3.124558       24.892773        -2.193329e-08     
   3.124558       24.956326        -2.111487e-08     
   3.124558       24.991706        -2.060891e-08     
   3.208881       0.001580         5.485539e-04      
   3.208881       0.008319         2.888673e-03      
   3.208881       0.020424         7.092108e-03      
   3.208881       0.037866         1.314819e-02      
   3.208881       0.060596         2.104185e-02      
   3.208881       0.088555         3.075044e-02      
   3.208881       0.121667         4.223397e-02      
   3.208881       0.159843         5.544757e-02      
   3.208881       0.202979         7.034758e-02      
   3.208881       0.250960         8.687633e-02      
   3.208881       0.303656         1.049619e-01      
   3.208881       0.360925         1.245194e-01      
   3.208881       0.422613         1.454501e-01      
   3.208881       0.488552         1.676419e-01      
   3.208881       0.558567         1.909685e-01      
   3.208881       0.632467         2.152904e-01      
   3.208881       0.710054         2.404541e-01      
   3.208881       0.791119         2.662939e-01      
   3.208881       0.875442         2.926338e-01      
   3.208881       0.962797         3.192888e-01      
   3.208881       1.052948         3.460678e-01      
   3.208881       1.145653         3.727760e-01      
   3.208881       1.240660         3.992179e-01      
   3.208881       1.337714         4.252011e-01      
   3.208881       1.436554         4.505393e-01      
   3.208881       1.536913         4.750552e-01      
   3.208881       1.638520         4.985834e-01      
   3.208881       1.741102         5.209732e-01      
   3.208881       1.844381         5.420901e-01      
   3.208881       1.948080         5.618169e-01      
   3.208881       2.051920         5.800543e-01      
   3.208881       2.155619         5.967207e-01      
   3.208881       2.258898         6.117507e-01      
   3.208881       2.361480         6.250939e-01      
   3.208881       2.463087         6.367132e-01      
   3.208881       2.563446         6.465831e-01      
   3.208881       2.662286         6.546894e-01      
   3.208881       2.759340         6.610303e-01      
   3.208881       2.854347         6.656207e-01      
   3.208881       2.947052         6.684999e-01      
   3.208881       3.037203         6.697398e-01      
   3.208881       3.124558         6.694537e-01      
   3.208881       3.208881         6.677978e-01      
   3.208881       3.289946         6.649665e-01      
   3.208881       3.367533         6.611772e-01      
   3.208881       3.441433         6.566544e-01      
   3.208881       3.511448         6.516138e-01      
   3.208881       3.577387         6.462531e-01      
   3.208881       3.639075         6.407470e-01      
   3.208881       3.696344         6.352469e-01      
   3.208881       3.749040         6.298824e-01      
   3.208881       3.797021         6.247638e-01      
   3.208881       3.840157         6.199843e-01      
   3.208881       3.878333         6.156225e-01      
   3.208881       3.911445         6.117442e-01      
   3.208881       3.939404         6.084038e-01      
   3.208881       3.962134         6.056453e-01      
   3.208881       3.979576         6.035036e-01      
   3.208881       3.991681         6.020046e-01      
   3.208881       3.998420         6.011657e-01      
   3.208881       4.008294         5.999310e-01      
   3.208881       4.043674         5.954534e-01      
   3.208881       4.107227         5.872109e-01      
   3.208881       4.198794         5.749197e-01      
   3.208881       4.318131         5.582478e-01      
   3.208881       4.464916         5.368778e-01      
   3.208881       4.638754         5.105782e-01      
   3.208881       4.839176         4.792822e-01      
   3.208881       5.065642         4.431735e-01      
   3.208881       5.317541         4.027662e-01      
   3.208881       5.594194         3.589542e-01      
   3.208881       5.894856         3.130009e-01      
   3.208881       6.218716         2.664531e-01      
   3.208881       6.564900         2.209827e-01      
   3.208881       6.932477         1.781909e-01      
   3.208881       7.320454         1.394205e-01      
   3.208881       7.727785         1.056201e-01      
   3.208881       8.153374         7.728188e-02      
   3.208881       8.596072         5.445458e-02      
   3.208881       9.054685         3.681374e-02      
   3.208881       9.527979         2.376464e-02      
   3.208881       10.014676        1.455597e-02      
   3.208881       10.513464        8.384763e-03      
   3.208881       11.023000        4.482977e-03      
   3.208881       11.541909        2.177919e-03      
   3.208881       12.068793        9.244934e-04      
   3.208881       12.602230        3.135109e-04      
   3.208881       13.140784        6.121775e-05      
   3.208881       13.683002        -1.354891e-05     
   3.208881       14.227422        -1.548501e-05     
   3.208881       14.772578        2.519949e-06      
   3.208881       15.316998        1.813296e-05      
   3.208881       15.859216        2.533452e-05      
   3.208881       16.397770        2.553737e-05      
   3.208881       16.931207        2.161937e-05      
   3.208881       17.458091        1.613431e-05      
   3.208881       17.977000        1.103027e-05      
   3.208881       18.486536        6.938924e-06      
   3.208881       18.985324        3.904496e-06      
   3.208881       19.472021        2.024124e-06      
   3.208881       19.945315        8.987737e-07      
   3.208881       20.403928        2.207234e-07      
   3.208881       20.846626        -4.956818e-08     
   3.208881       21.272215        -2.130454e-07     
   3.208881       21.679546        -2.099908e-07     
   3.208881       22.067523        -2.287963e-07     
   3.208881       22.435100        -1.982227e-07     
   3.208881       22.781284        -1.562470e-07     
   3.208881       23.105144        -1.180548e-07     
   3.208881       23.405806        -1.018427e-07     
   3.208881       23.682459        -7.591551e-08     
   3.208881       23.934358        -6.426471e-08     
   3.208881       24.160824        -5.168149e-08     
   3.208881       24.361246        -3.832869e-08     
   3.208881       24.535084        -3.088016e-08     
   3.208881       24.681869        -2.757809e-08     
   3.208881       24.801206        -2.534565e-08     
   3.208881       24.892773        -2.340826e-08     
   3.208881       24.956326        -2.196236e-08     
   3.208881       24.991706        -2.115301e-08     
   3.289946       0.001580         5.381100e-04      
   3.289946       0.008319         2.833676e-03      
   3.289946       0.020424         6.957103e-03      
   3.289946       0.037866         1.289794e-02      
   3.289946       0.060596         2.064113e-02      
   3.289946       0.088555         3.016522e-02      
   3.289946       0.121667         4.143096e-02      
   3.289946       0.159843         5.439414e-02      
   3.289946       0.202979         6.901237e-02      
   3.289946       0.250960         8.522980e-02      
   3.289946       0.303656         1.029767e-01      
   3.289946       0.360925         1.221709e-01      
   3.289946       0.422613         1.427166e-01      
   3.289946       0.488552         1.645052e-01      
   3.289946       0.558567         1.874146e-01      
   3.289946       0.632467         2.113095e-01      
   3.289946       0.710054         2.360414e-01      
   3.289946       0.791119         2.614499e-01      
   3.289946       0.875442         2.873642e-01      
   3.289946       0.962797         3.136049e-01      
   3.289946       1.052948         3.399861e-01      
   3.289946       1.145653         3.663183e-01      
   3.289946       1.240660         3.924109e-01      
   3.289946       1.337714         4.180759e-01      
   3.289946       1.436554         4.431309e-01      
   3.289946       1.536913         4.674020e-01      
   3.289946       1.638520         4.907268e-01      
   3.289946       1.741102         5.129571e-01      
   3.289946       1.844381         5.339607e-01      
   3.289946       1.948080         5.536231e-01      
   3.289946       2.051920         5.718474e-01      
   3.289946       2.155619         5.885554e-01      
   3.289946       2.258898         6.036859e-01      
   3.289946       2.361480         6.171941e-01      
   3.289946       2.463087         6.290492e-01      
   3.289946       2.563446         6.392335e-01      
   3.289946       2.662286         6.477403e-01      
   3.289946       2.759340         6.545742e-01      
   3.289946       2.854347         6.597520e-01      
   3.289946       2.947052         6.633076e-01      
   3.289946       3.037203         6.652978e-01      
   3.289946       3.124558         6.658098e-01      
   3.289946       3.208881         6.649665e-01      
   3.289946       3.289946         6.629269e-01      
   3.289946       3.367533         6.598797e-01      
   3.289946       3.441433         6.560300e-01      
   3.289946       3.511448         6.515855e-01      
   3.289946       3.577387         6.467439e-01      
   3.289946       3.639075         6.416853e-01      
   3.289946       3.696344         6.365687e-01      
   3.289946       3.749040         6.315316e-01      
   3.289946       3.797021         6.266915e-01      
   3.289946       3.840157         6.221478e-01      
   3.289946       3.878333         6.179842e-01      
   3.289946       3.911445         6.142704e-01      
   3.289946       3.939404         6.110639e-01      
   3.289946       3.962134         6.084112e-01      
   3.289946       3.979576         6.063488e-01      
   3.289946       3.991681         6.049040e-01      
   3.289946       3.998420         6.040950e-01      
   3.289946       4.008294         6.029037e-01      
   3.289946       4.043674         5.985780e-01      
   3.289946       4.107227         5.905951e-01      
   3.289946       4.198794         5.786520e-01      
   3.289946       4.318131         5.623949e-01      
   3.289946       4.464916         5.414840e-01      
   3.289946       4.638754         5.156630e-01      
   3.289946       4.839176         4.848336e-01      
   3.289946       5.065642         4.491393e-01      
   3.289946       5.317541         4.090461e-01      
   3.289946       5.594194         3.653992e-01      
   3.289946       5.894856         3.194240e-01      
   3.289946       6.218716         2.726495e-01      
   3.289946       6.564900         2.267566e-01      
   3.289946       6.932477         1.833815e-01      
   3.289946       7.320454         1.439198e-01      
   3.289946       7.727785         1.093795e-01      
   3.289946       8.153374         8.030870e-02      
   3.289946       8.596072         5.680122e-02      
   3.289946       9.054685         3.856318e-02      
   3.289946       9.527979         2.501604e-02      
   3.289946       10.014676        1.541209e-02      
   3.289946       10.513464        8.942449e-03      
   3.289946       11.023000        4.826752e-03      
   3.289946       11.541909        2.376716e-03      
   3.289946       12.068793        1.030906e-03      
   3.289946       12.602230        3.650549e-04      
   3.289946       13.140784        8.284582e-05      
   3.289946       13.683002        -6.530582e-06     
   3.289946       14.227422        -1.451599e-05     
   3.289946       14.772578        1.684384e-06      
   3.289946       15.316998        1.726305e-05      
   3.289946       15.859216        2.494737e-05      
   3.289946       16.397770        2.556619e-05      
   3.289946       16.931207        2.189250e-05      
   3.289946       17.458091        1.651060e-05      
   3.289946       17.977000        1.135965e-05      
   3.289946       18.486536        7.198813e-06      
   3.289946       18.985324        4.105440e-06      
   3.289946       19.472021        2.135927e-06      
   3.289946       19.945315        9.810712e-07      
   3.289946       20.403928        2.567268e-07      
   3.289946       20.846626        -3.576901e-08     
   3.289946       21.272215        -1.895846e-07     
   3.289946       21.679546        -2.325741e-07     
   3.289946       22.067523        -2.136904e-07     
   3.289946       22.435100        -2.110073e-07     
   3.289946       22.781284        -1.506825e-07     
   3.289946       23.105144        -1.271692e-07     
   3.289946       23.405806        -1.022660e-07     
   3.289946       23.682459        -7.764321e-08     
   3.289946       23.934358        -6.786925e-08     
   3.289946       24.160824        -5.186947e-08     
   3.289946       24.361246        -3.832942e-08     
   3.289946       24.535084        -3.272521e-08     
   3.289946       24.681869        -3.006609e-08     
   3.289946       24.801206        -2.726193e-08     
   3.289946       24.892773        -2.457036e-08     
   3.289946       24.956326        -2.264944e-08     
   3.289946       24.991706        -2.163408e-08     
   3.367533       0.001580         5.276043e-04      
   3.367533       0.008319         2.778353e-03      
   3.367533       0.020424         6.821293e-03      
   3.367533       0.037866         1.264619e-02      
   3.367533       0.060596         2.023805e-02      
   3.367533       0.088555         2.957648e-02      
   3.367533       0.121667         4.062305e-02      
   3.367533       0.159843         5.333419e-02      
   3.367533       0.202979         6.766873e-02      
   3.367533       0.250960         8.357267e-02      
   3.367533       0.303656         1.009785e-01      
   3.367533       0.360925         1.198067e-01      
   3.367533       0.422613         1.399645e-01      
   3.367533       0.488552         1.613468e-01      
   3.367533       0.558567         1.838355e-01      
   3.367533       0.632467         2.072995e-01      
   3.367533       0.710054         2.315954e-01      
   3.367533       0.791119         2.565680e-01      
   3.367533       0.875442         2.820520e-01      
   3.367533       0.962797         3.078732e-01      
   3.367533       1.052948         3.338512e-01      
   3.367533       1.145653         3.598016e-01      
   3.367533       1.240660         3.855391e-01      
   3.367533       1.337714         4.108799e-01      
   3.367533       1.436554         4.356455e-01      
   3.367533       1.536913         4.596653e-01      
   3.367533       1.638520         4.827798e-01      
   3.367533       1.741102         5.048430e-01      
   3.367533       1.844381         5.257244e-01      
   3.367533       1.948080         5.453111e-01      
   3.367533       2.051920         5.635081e-01      
   3.367533       2.155619         5.802389e-01      
   3.367533       2.258898         5.954449e-01      
   3.367533       2.361480         6.090846e-01      
   3.367533       2.463087         6.211317e-01      
   3.367533       2.563446         6.315735e-01      
   3.367533       2.662286         6.404093e-01      
   3.367533       2.759340         6.476495e-01      
   3.367533       2.854347         6.533148e-01      
   3.367533       2.947052         6.574388e-01      
   3.367533       3.037203         6.600714e-01      
   3.367533       3.124558         6.612844e-01      
   3.367533       3.208881         6.611772e-01      
   3.367533       3.289946         6.598797e-01      
   3.367533       3.367533         6.575513e-01      
   3.367533       3.441433         6.543735e-01      
   3.367533       3.511448         6.505388e-01      
   3.367533       3.577387         6.462382e-01      
   3.367533       3.639075         6.416522e-01      
   3.367533       3.696344         6.369439e-01      
   3.367533       3.749040         6.322570e-01      
   3.367533       3.797021         6.277154e-01      
   3.367533       3.840157         6.234245e-01      
   3.367533       3.878333         6.194732e-01      
   3.367533       3.911445         6.159355e-01      
   3.367533       3.939404         6.128722e-01      
   3.367533       3.962134         6.103325e-01      
   3.367533       3.979576         6.083547e-01      
   3.367533       3.991681         6.069677e-01      
   3.367533       3.998420         6.061904e-01      
   3.367533       4.008294         6.050453e-01      
   3.367533       4.043674         6.008809e-01      
   3.367533       4.107227         5.931732e-01      
   3.367533       4.198794         5.815976e-01      
   3.367533       4.318131         5.657768e-01      
   3.367533       4.464916         5.453481e-01      
   3.367533       4.638754         5.200318e-01      
   3.367533       4.839176         4.897014e-01      
   3.367533       5.065642         4.544630e-01      
   3.367533       5.317541         4.147368e-01      
   3.367533       5.594194         3.713195e-01      
   3.367533       5.894856         3.253957e-01      
   3.367533       6.218716         2.784723e-01      
   3.367533       6.564900         2.322344e-01      
   3.367533       6.932477         1.883477e-01      
   3.367533       7.320454         1.482570e-01      
   3.367533       7.727785         1.130279e-01      
   3.367533       8.153374         8.326453e-02      
   3.367533       8.596072         5.910626e-02      
   3.367533       9.054685         4.029136e-02      
   3.367533       9.527979         2.625928e-02      
   3.367533       10.014676        1.626766e-02      
   3.367533       10.513464        9.503310e-03      
   3.367533       11.023000        5.174945e-03      
   3.367533       11.541909        2.579726e-03      
   3.367533       12.068793        1.140680e-03      
   3.367533       12.602230        4.189766e-04      
   3.367533       13.140784        1.059548e-04      
   3.367533       13.683002        1.298141e-06      
   3.367533       14.227422        -1.315795e-05     
   3.367533       14.772578        9.769647e-07      
   3.367533       15.316998        1.638840e-05      
   3.367533       15.859216        2.452250e-05      
   3.367533       16.397770        2.554812e-05      
   3.367533       16.931207        2.211657e-05      
   3.367533       17.458091        1.686223e-05      
   3.367533       17.977000        1.167728e-05      
   3.367533       18.486536        7.441950e-06      
   3.367533       18.985324        4.308256e-06      
   3.367533       19.472021        2.249990e-06      
   3.367533       19.945315        1.054891e-06      
   3.367533       20.403928        3.038475e-07      
   3.367533       20.846626        -2.877312e-08     
   3.367533       21.272215        -1.617174e-07     
   3.367533       21.679546        -2.512172e-07     
   3.367533       22.067523        -2.062096e-07     
   3.367533       22.435100        -2.162815e-07     
   3.367533       22.781284        -1.491243e-07     
   3.367533       23.105144        -1.346314e-07     
   3.367533       23.405806        -1.022789e-07     
   3.367533       23.682459        -8.070004e-08     
   3.367533       23.934358        -6.991184e-08     
   3.367533       24.160824        -5.179820e-08     
   3.367533       24.361246        -3.937845e-08     
   3.367533       24.535084        -3.492202e-08     
   3.367533       24.681869        -3.205717e-08     
   3.367533       24.801206        -2.861086e-08     
   3.367533       24.892773        -2.547666e-08     
   3.367533       24.956326        -2.335692e-08     
   3.367533       24.991706        -2.227520e-08     
   3.441433       0.001580         5.171710e-04      
   3.441433       0.008319         2.723412e-03      
   3.441433       0.020424         6.686413e-03      
   3.441433       0.037866         1.239619e-02      
   3.441433       0.060596         1.983777e-02      
   3.441433       0.088555         2.899183e-02      
   3.441433       0.121667         3.982079e-02      
   3.441433       0.159843         5.228173e-02      
   3.441433       0.202979         6.633469e-02      
   3.441433       0.250960         8.192742e-02      
   3.441433       0.303656         9.899456e-02      
   3.441433       0.360925         1.174591e-01      
   3.441433       0.422613         1.372313e-01      
   3.441433       0.488552         1.582096e-01      
   3.441433       0.558567         1.802796e-01      
   3.441433       0.632467         2.033148e-01      
   3.441433       0.710054         2.271762e-01      
   3.441433       0.791119         2.517141e-01      
   3.441433       0.875442         2.767682e-01      
   3.441433       0.962797         3.021700e-01      
   3.441433       1.052948         3.277443e-01      
   3.441433       1.145653         3.533120e-01      
   3.441433       1.240660         3.786926e-01      
   3.441433       1.337714         4.037069e-01      
   3.441433       1.436554         4.281800e-01      
   3.441433       1.536913         4.519449e-01      
   3.441433       1.638520         4.748445e-01      
   3.441433       1.741102         4.967351e-01      
   3.441433       1.844381         5.174875e-01      
   3.441433       1.948080         5.369899e-01      
   3.441433       2.051920         5.551484e-01      
   3.441433       2.155619         5.718875e-01      
   3.441433       2.258898         5.871497e-01      
   3.441433       2.361480         6.008953e-01      
   3.441433       2.463087         6.131007e-01      
   3.441433       2.563446         6.237566e-01      
   3.441433       2.662286         6.328664e-01      
   3.441433       2.759340         6.404447e-01      
   3.441433       2.854347         6.465165e-01      
   3.441433       2.947052         6.511172e-01      
   3.441433       3.037203         6.542944e-01      
   3.441433       3.124558         6.561120e-01      
   3.441433       3.208881         6.566544e-01      
   3.441433       3.289946         6.560300e-01      
   3.441433       3.367533         6.543735e-01      
   3.441433       3.441433         6.518425e-01      
   3.441433       3.511448         6.486103e-01      
   3.441433       3.577387         6.448562e-01      
   3.441433       3.639075         6.407555e-01      
   3.441433       3.696344         6.364715e-01      
   3.441433       3.749040         6.321514e-01      
   3.441433       3.797021         6.279239e-01      
   3.441433       3.840157         6.238998e-01      
   3.441433       3.878333         6.201727e-01      
   3.441433       3.911445         6.168210e-01      
   3.441433       3.939404         6.139088e-01      
   3.441433       3.962134         6.114882e-01      
   3.441433       3.979576         6.095997e-01      
   3.441433       3.991681         6.082735e-01      
   3.441433       3.998420         6.075298e-01      
   3.441433       4.008294         6.064333e-01      
   3.441433       4.043674         6.024385e-01      
   3.441433       4.107227         5.950193e-01      
   3.441433       4.198794         5.838274e-01      
   3.441433       4.318131         5.684599e-01      
   3.441433       4.464916         5.485306e-01      
   3.441433       4.638754         5.237375e-01      
   3.441433       4.839176         4.939289e-01      
   3.441433       5.065642         4.591769e-01      
   3.441433       5.317541         4.198588e-01      
   3.441433       5.594194         3.767240e-01      
   3.441433       5.894856         3.309147e-01      
   3.441433       6.218716         2.839123e-01      
   3.441433       6.564900         2.374007e-01      
   3.441433       6.932477         1.930708e-01      
   3.441433       7.320454         1.524125e-01      
   3.441433       7.727785         1.165469e-01      
   3.441433       8.153374         8.613269e-02      
   3.441433       8.596072         6.135554e-02      
   3.441433       9.054685         4.198692e-02      
   3.441433       9.527979         2.748568e-02      
   3.441433       10.014676        1.711635e-02      
   3.441433       10.513464        1.006298e-02      
   3.441433       11.023000        5.524715e-03      
   3.441433       11.541909        2.785220e-03      
   3.441433       12.068793        1.252840e-03      
   3.441433       12.602230        4.747747e-04      
   3.441433       13.140784        1.303278e-04      
   3.441433       13.683002        9.862647e-06      
   3.441433       14.227422        -1.142509e-05     
   3.441433       14.772578        4.140196e-07      
   3.441433       15.316998        1.552785e-05      
   3.441433       15.859216        2.406504e-05      
   3.441433       16.397770        2.549065e-05      
   3.441433       16.931207        2.229824e-05      
   3.441433       17.458091        1.718269e-05      
   3.441433       17.977000        1.198322e-05      
   3.441433       18.486536        7.671303e-06      
   3.441433       18.985324        4.505318e-06      
   3.441433       19.472021        2.369289e-06      
   3.441433       19.945315        1.119381e-06      
   3.441433       20.403928        3.584813e-07      
   3.441433       20.846626        -2.238950e-08     
   3.441433       21.272215        -1.385983e-07     
   3.441433       21.679546        -2.576502e-07     
   3.441433       22.067523        -2.087720e-07     
   3.441433       22.435100        -2.140454e-07     
   3.441433       22.781284        -1.522507e-07     
   3.441433       23.105144        -1.392429e-07     
   3.441433       23.405806        -1.029763e-07     
   3.441433       23.682459        -8.439531e-08     
   3.441433       23.934358        -7.042959e-08     
   3.441433       24.160824        -5.196601e-08     
   3.441433       24.361246        -4.139010e-08     
   3.441433       24.535084        -3.712393e-08     
   3.441433       24.681869        -3.342712e-08     
   3.441433       24.801206        -2.946850e-08     
   3.441433       24.892773        -2.625404e-08     
   3.441433       24.956326        -2.419640e-08     
   3.441433       24.991706        -2.316692e-08     
   3.511448       0.001580         5.069405e-04      
   3.511448       0.008319         2.669538e-03      
   3.511448       0.020424         6.554148e-03      
   3.511448       0.037866         1.215103e-02      
   3.511448       0.060596         1.944530e-02      
   3.511448       0.088555         2.841859e-02      
   3.511448       0.121667         3.903422e-02      
   3.511448       0.159843         5.124994e-02      
   3.511448       0.202979         6.502696e-02      
   3.511448       0.250960         8.031472e-02      
   3.511448       0.303656         9.704986e-02      
   3.511448       0.360925         1.151578e-01      
   3.511448       0.422613         1.345516e-01      
   3.511448       0.488552         1.551330e-01      
   3.511448       0.558567         1.767916e-01      
   3.511448       0.632467         1.994051e-01      
   3.511448       0.710054         2.228392e-01      
   3.511448       0.791119         2.469488e-01      
   3.511448       0.875442         2.715790e-01      
   3.511448       0.962797         2.965666e-01      
   3.511448       1.052948         3.217416e-01      
   3.511448       1.145653         3.469301e-01      
   3.511448       1.240660         3.719562e-01      
   3.511448       1.337714         3.966452e-01      
   3.511448       1.436554         4.208263e-01      
   3.511448       1.536913         4.443354e-01      
   3.511448       1.638520         4.670183e-01      
   3.511448       1.741102         4.887328e-01      
   3.511448       1.844381         5.093515e-01      
   3.511448       1.948080         5.287631e-01      
   3.511448       2.051920         5.468743e-01      
   3.511448       2.155619         5.636098e-01      
   3.511448       2.258898         5.789128e-01      
   3.511448       2.361480         5.927443e-01      
   3.511448       2.463087         6.050817e-01      
   3.511448       2.563446         6.159177e-01      
   3.511448       2.662286         6.252584e-01      
   3.511448       2.759340         6.331214e-01      
   3.511448       2.854347         6.395349e-01      
   3.511448       2.947052         6.445365e-01      
   3.511448       3.037203         6.481742e-01      
   3.511448       3.124558         6.505081e-01      
   3.511448       3.208881         6.516138e-01      
   3.511448       3.289946         6.515855e-01      
   3.511448       3.367533         6.505388e-01      
   3.511448       3.441433         6.486103e-01      
   3.511448       3.511448         6.459541e-01      
   3.511448       3.577387         6.427346e-01      
   3.511448       3.639075         6.391177e-01      
   3.511448       3.696344         6.352632e-01      
   3.511448       3.749040         6.313182e-01      
   3.511448       3.797021         6.274145e-01      
   3.511448       3.840157         6.236666e-01      
   3.511448       3.878333         6.201724e-01      
   3.511448       3.911445         6.170140e-01      
   3.511448       3.939404         6.142592e-01      
   3.511448       3.962134         6.119625e-01      
   3.511448       3.979576         6.101668e-01      
   3.511448       3.991681         6.089039e-01      
   3.511448       3.998420         6.081950e-01      
   3.511448       4.008294         6.071490e-01      
   3.511448       4.043674         6.033306e-01      
   3.511448       4.107227         5.962105e-01      
   3.511448       4.198794         5.854150e-01      
   3.511448       4.318131         5.705133e-01      
   3.511448       4.464916         5.510947e-01      
   3.511448       4.638754         5.268360e-01      
   3.511448       4.839176         4.975628e-01      
   3.511448       5.065642         4.633172e-01      
   3.511448       5.317541         4.244371e-01      
   3.511448       5.594194         3.816261e-01      
   3.511448       5.894856         3.359838e-01      
   3.511448       6.218716         2.889633e-01      
   3.511448       6.564900         2.422432e-01      
   3.511448       6.932477         1.975346e-01      
   3.511448       7.320454         1.563685e-01      
   3.511448       7.727785         1.199185e-01      
   3.511448       8.153374         8.889673e-02      
   3.511448       8.596072         6.353492e-02      
   3.511448       9.054685         4.363830e-02      
   3.511448       9.527979         2.868625e-02      
   3.511448       10.014676        1.795155e-02      
   3.511448       10.513464        1.061685e-02      
   3.511448       11.023000        5.873003e-03      
   3.511448       11.541909        2.991305e-03      
   3.511448       12.068793        1.366294e-03      
   3.511448       12.602230        5.318692e-04      
   3.511448       13.140784        1.556996e-04      
   3.511448       13.683002        1.906449e-05      
   3.511448       14.227422        -9.344865e-06     
   3.511448       14.772578        4.835530e-09      
   3.511448       15.316998        1.469927e-05      
   3.511448       15.859216        2.358212e-05      
   3.511448       16.397770        2.539961e-05      
   3.511448       16.931207        2.244447e-05      
   3.511448       17.458091        1.746862e-05      
   3.511448       17.977000        1.227528e-05      
   3.511448       18.486536        7.890270e-06      
   3.511448       18.985324        4.690930e-06      
   3.511448       19.472021        2.493785e-06      
   3.511448       19.945315        1.177021e-06      
   3.511448       20.403928        4.149011e-07      
   3.511448       20.846626        -1.070278e-08     
   3.511448       21.272215        -1.263555e-07     
   3.511448       21.679546        -2.506898e-07     
   3.511448       22.067523        -2.183728e-07     
   3.511448       22.435100        -2.070566e-07     
   3.511448       22.781284        -1.587832e-07     
   3.511448       23.105144        -1.411403e-07     
   3.511448       23.405806        -1.048430e-07     
   3.511448       23.682459        -8.792379e-08     
   3.511448       23.934358        -6.994280e-08     
   3.511448       24.160824        -5.265228e-08     
   3.511448       24.361246        -4.397664e-08     
   3.511448       24.535084        -3.907293e-08     
   3.511448       24.681869        -3.429732e-08     
   3.511448       24.801206        -3.005577e-08     
   3.511448       24.892773        -2.703118e-08     
   3.511448       24.956326        -2.519226e-08     
   3.511448       24.991706        -2.427568e-08     
   3.577387       0.001580         4.970363e-04      
   3.577387       0.008319         2.617383e-03      
   3.577387       0.020424         6.426097e-03      
   3.577387       0.037866         1.191370e-02      
   3.577387       0.060596         1.906536e-02      
   3.577387       0.088555         2.786362e-02      
   3.577387       0.121667         3.827271e-02      
   3.577387       0.159843         5.025100e-02      
   3.577387       0.202979         6.376081e-02      
   3.577387       0.250960         7.875322e-02      
   3.577387       0.303656         9.516676e-02      
   3.577387       0.360925         1.129291e-01      
   3.577387       0.422613         1.319561e-01      
   3.577387       0.488552         1.521526e-01      
   3.577387       0.558567         1.734119e-01      
   3.577387       0.632467         1.956158e-01      
   3.577387       0.710054         2.186344e-01      
   3.577387       0.791119         2.423273e-01      
   3.577387       0.875442         2.665445e-01      
   3.577387       0.962797         2.911279e-01      
   3.577387       1.052948         3.159127e-01      
   3.577387       1.145653         3.407298e-01      
   3.577387       1.240660         3.654080e-01      
   3.577387       1.337714         3.897770e-01      
   3.577387       1.436554         4.136697e-01      
   3.577387       1.536913         4.369253e-01      
   3.577387       1.638520         4.593919e-01      
   3.577387       1.741102         4.809294e-01      
   3.577387       1.844381         5.014115e-01      
   3.577387       1.948080         5.207277e-01      
   3.577387       2.051920         5.387847e-01      
   3.577387       2.155619         5.555073e-01      
   3.577387       2.258898         5.708385e-01      
   3.577387       2.361480         5.847393e-01      
   3.577387       2.463087         5.971874e-01      
   3.577387       2.563446         6.081764e-01      
   3.577387       2.662286         6.177137e-01      
   3.577387       2.759340         6.258188e-01      
   3.577387       2.854347         6.325219e-01      
   3.577387       2.947052         6.378628e-01      
   3.577387       3.037203         6.418905e-01      
   3.577387       3.124558         6.446637e-01      
   3.577387       3.208881         6.462531e-01      
   3.577387       3.289946         6.467439e-01      
   3.577387       3.367533         6.462382e-01      
   3.577387       3.441433         6.448562e-01      
   3.577387       3.511448         6.427346e-01      
   3.577387       3.577387         6.400223e-01      
   3.577387       3.639075         6.368738e-01      
   3.577387       3.696344         6.334418e-01      
   3.577387       3.749040         6.298710e-01      
   3.577387       3.797021         6.262933e-01      
   3.577387       3.840157         6.228255e-01      
   3.577387       3.878333         6.195685e-01      
   3.577387       3.911445         6.166076e-01      
   3.577387       3.939404         6.140137e-01      
   3.577387       3.962134         6.118441e-01      
   3.577387       3.979576         6.101435e-01      
   3.577387       3.991681         6.089454e-01      
   3.577387       3.998420         6.082723e-01      
   3.577387       4.008294         6.072781e-01      
   3.577387       4.043674         6.036404e-01      
   3.577387       4.107227         5.968269e-01      
   3.577387       4.198794         5.864363e-01      
   3.577387       4.318131         5.720081e-01      
   3.577387       4.464916         5.531058e-01      
   3.577387       4.638754         5.293855e-01      
   3.577387       4.839176         5.006527e-01      
   3.577387       5.065642         4.669236e-01      
   3.577387       5.317541         4.285003e-01      
   3.577387       5.594194         3.860430e-01      
   3.577387       5.894856         3.406095e-01      
   3.577387       6.218716         2.936226e-01      
   3.577387       6.564900         2.467520e-01      
   3.577387       6.932477         2.017245e-01      
   3.577387       7.320454         1.601080e-01      
   3.577387       7.727785         1.231255e-01      
   3.577387       8.153374         9.154066e-02      
   3.577387       8.596072         6.563039e-02      
   3.577387       9.054685         4.523391e-02      
   3.577387       9.527979         2.985190e-02      
   3.577387       10.014676        1.876648e-02      
   3.577387       10.513464        1.116009e-02      
   3.577387       11.023000        6.216580e-03      
   3.577387       11.541909        3.195949e-03      
   3.577387       12.068793        1.479853e-03      
   3.577387       12.602230        5.896116e-04      
   3.577387       13.140784        1.817590e-04      
   3.577387       13.683002        2.878073e-05      
   3.577387       14.227422        -6.955852e-06     
   3.577387       14.772578        -2.496153e-07     
   3.577387       15.316998        1.391834e-05      
   3.577387       15.859216        2.308327e-05      
   3.577387       16.397770        2.527948e-05      
   3.577387       16.931207        2.256148e-05      
   3.577387       17.458091        1.771994e-05      
   3.577387       17.977000        1.254979e-05      
   3.577387       18.486536        8.101295e-06      
   3.577387       18.985324        4.862407e-06      
   3.577387       19.472021        2.620608e-06      
   3.577387       19.945315        1.231732e-06      
   3.577387       20.403928        4.676913e-07      
   3.577387       20.846626        9.570497e-09      
   3.577387       21.272215        -1.258262e-07     
   3.577387       21.679546        -2.349394e-07     
   3.577387       22.067523        -2.298978e-07     
   3.577387       22.435100        -1.987783e-07     
   3.577387       22.781284        -1.666084e-07     
   3.577387       23.105144        -1.412427e-07     
   3.577387       23.405806        -1.077794e-07     
   3.577387       23.682459        -9.070744e-08     
   3.577387       23.934358        -6.911804e-08     
   3.577387       24.160824        -5.389919e-08     
   3.577387       24.361246        -4.666464e-08     
   3.577387       24.535084        -4.065755e-08     
   3.577387       24.681869        -3.489835e-08     
   3.577387       24.801206        -3.060094e-08     
   3.577387       24.892773        -2.788708e-08     
   3.577387       24.956326        -2.629719e-08     
   3.577387       24.991706        -2.549089e-08     
   3.639075       0.001580         4.875670e-04      
   3.639075       0.008319         2.567518e-03      
   3.639075       0.020424         6.303664e-03      
   3.639075       0.037866         1.168677e-02      
   3.639075       0.060596         1.870210e-02      
   3.639075       0.088555         2.733296e-02      
   3.639075       0.121667         3.754448e-02      
   3.639075       0.159843         4.929562e-02      
   3.639075       0.202979         6.254972e-02      
   3.639075       0.250960         7.725940e-02      
   3.639075       0.303656         9.336502e-02      
   3.639075       0.360925         1.107965e-01      
   3.639075       0.422613         1.294721e-01      
   3.639075       0.488552         1.492998e-01      
   3.639075       0.558567         1.701763e-01      
   3.639075       0.632467         1.919871e-01      
   3.639075       0.710054         2.146067e-01      
   3.639075       0.791119         2.378989e-01      
   3.639075       0.875442         2.617185e-01      
   3.639075       0.962797         2.859122e-01      
   3.639075       1.052948         3.103202e-01      
   3.639075       1.145653         3.347780e-01      
   3.639075       1.240660         3.591189e-01      
   3.639075       1.337714         3.831767e-01      
   3.639075       1.436554         4.067882e-01      
   3.639075       1.536913         4.297954e-01      
   3.639075       1.638520         4.520491e-01      
   3.639075       1.741102         4.734109e-01      
   3.639075       1.844381         4.937556e-01      
   3.639075       1.948080         5.129735e-01      
   3.639075       2.051920         5.309712e-01      
   3.639075       2.155619         5.476733e-01      
   3.639075       2.258898         5.630224e-01      
   3.639075       2.361480         5.769788e-01      
   3.639075       2.463087         5.895200e-01      
   3.639075       2.563446         6.006395e-01      
   3.639075       2.662286         6.103453e-01      
   3.639075       2.759340         6.186577e-01      
   3.639075       2.854347         6.256083e-01      
   3.639075       2.947052         6.312382e-01      
   3.639075       3.037203         6.355973e-01      
   3.639075       3.124558         6.387442e-01      
   3.639075       3.208881         6.407470e-01      
   3.639075       3.289946         6.416853e-01      
   3.639075       3.367533         6.416522e-01      
   3.639075       3.441433         6.407555e-01      
   3.639075       3.511448         6.391177e-01      
   3.639075       3.577387         6.368738e-01      
   3.639075       3.639075         6.341661e-01      
   3.639075       3.696344         6.311388e-01      
   3.639075       3.749040         6.279314e-01      
   3.639075       3.797021         6.246740e-01      
   3.639075       3.840157         6.214836e-01      
   3.639075       3.878333         6.184631e-01      
   3.639075       3.911445         6.157001e-01      
   3.639075       3.939404         6.132679e-01      
   3.639075       3.962134         6.112260e-01      
   3.639075       3.979576         6.096214e-01      
   3.639075       3.991681         6.084887e-01      
   3.639075       3.998420         6.078516e-01      
   3.639075       4.008294         6.069097e-01      
   3.639075       4.043674         6.034546e-01      
   3.639075       4.107227         5.969507e-01      
   3.639075       4.198794         5.869686e-01      
   3.639075       4.318131         5.730162e-01      
   3.639075       4.464916         5.546297e-01      
   3.639075       4.638754         5.314449e-01      
   3.639075       4.839176         5.032495e-01      
   3.639075       5.065642         4.700376e-01      
   3.639075       5.317541         4.320793e-01      
   3.639075       5.594194         3.899950e-01      
   3.639075       5.894856         3.448014e-01      
   3.639075       6.218716         2.978905e-01      
   3.639075       6.564900         2.509199e-01      
   3.639075       6.932477         2.056281e-01      
   3.639075       7.320454         1.636159e-01      
   3.639075       7.727785         1.261520e-01      
   3.639075       8.153374         9.404912e-02      
   3.639075       8.596072         6.762824e-02      
   3.639075       9.054685         4.676225e-02      
   3.639075       9.527979         3.097348e-02      
   3.639075       10.014676        1.955424e-02      
   3.639075       10.513464        1.168778e-02      
   3.639075       11.023000        6.552094e-03      
   3.639075       11.541909        3.397011e-03      
   3.639075       12.068793        1.592240e-03      
   3.639075       12.602230        6.472965e-04      
   3.639075       13.140784        2.081540e-04      
   3.639075       13.683002        3.886451e-05      
   3.639075       14.227422        -4.306701e-06     
   3.639075       14.772578        -3.561759e-07     
   3.639075       15.316998        1.319747e-05      
   3.639075       15.859216        2.257973e-05      
   3.639075       16.397770        2.513433e-05      
   3.639075       16.931207        2.265423e-05      
   3.639075       17.458091        1.793900e-05      
   3.639075       17.977000        1.280301e-05      
   3.639075       18.486536        8.305158e-06      
   3.639075       18.985324        5.019687e-06      
   3.639075       19.472021        2.745296e-06      
   3.639075       19.945315        1.286969e-06      
   3.639075       20.403928        5.134570e-07      
   3.639075       20.846626        3.834550e-08      
   3.639075       21.272215        -1.332508e-07     
   3.639075       21.679546        -2.169962e-07     
   3.639075       22.067523        -2.390524e-07     
   3.639075       22.435100        -1.919240e-07     
   3.639075       22.781284        -1.738127e-07     
   3.639075       23.105144        -1.406460e-07     
   3.639075       23.405806        -1.113298e-07     
   3.639075       23.682459        -9.252316e-08     
   3.639075       23.934358        -6.850975e-08     
   3.639075       24.160824        -5.557558e-08     
   3.639075       24.361246        -4.907317e-08     
   3.639075       24.535084        -4.189276e-08     
   3.639075       24.681869        -3.545015e-08     
   3.639075       24.801206        -3.125519e-08     
   3.639075       24.892773        -2.883530e-08     
   3.639075       24.956326        -2.742652e-08     
   3.639075       24.991706        -2.668294e-08     
   3.696344       0.001580         4.786222e-04      
   3.696344       0.008319         2.520415e-03      
   3.696344       0.020424         6.188011e-03      
   3.696344       0.037866         1.147240e-02      
   3.696344       0.060596         1.835894e-02      
   3.696344       0.088555         2.683165e-02      
   3.696344       0.121667         3.685646e-02      
   3.696344       0.159843         4.839289e-02      
   3.696344       0.202979         6.140523e-02      
   3.696344       0.250960         7.584752e-02      
   3.696344       0.303656         9.166188e-02      
   3.696344       0.360925         1.087803e-01      
   3.696344       0.422613         1.271234e-01      
   3.696344       0.488552         1.466021e-01      
   3.696344       0.558567         1.671159e-01      
   3.696344       0.632467         1.885542e-01      
   3.696344       0.710054         2.107950e-01      
   3.696344       0.791119         2.337067e-01      
   3.696344       0.875442         2.571484e-01      
   3.696344       0.962797         2.809711e-01      
   3.696344       1.052948         3.050196e-01      
   3.696344       1.145653         3.291341e-01      
   3.696344       1.240660         3.531520e-01      
   3.696344       1.337714         3.769111e-01      
   3.696344       1.436554         4.002516e-01      
   3.696344       1.536913         4.230187e-01      
   3.696344       1.638520         4.450654e-01      
   3.696344       1.741102         4.662552e-01      
   3.696344       1.844381         4.864641e-01      
   3.696344       1.948080         5.055827e-01      
   3.696344       2.051920         5.235178e-01      
   3.696344       2.155619         5.401935e-01      
   3.696344       2.258898         5.555517e-01      
   3.696344       2.361480         5.695521e-01      
   3.696344       2.463087         5.821714e-01      
   3.696344       2.563446         5.934025e-01      
   3.696344       2.662286         6.032532e-01      
   3.696344       2.759340         6.117440e-01      
   3.696344       2.854347         6.189071e-01      
   3.696344       2.947052         6.247843e-01      
   3.696344       3.037203         6.294262e-01      
   3.696344       3.124558         6.328915e-01      
   3.696344       3.208881         6.352469e-01      
   3.696344       3.289946         6.365687e-01      
   3.696344       3.367533         6.369439e-01      
   3.696344       3.441433         6.364715e-01      
   3.696344       3.511448         6.352632e-01      
   3.696344       3.577387         6.334418e-01      
   3.696344       3.639075         6.311388e-01      
   3.696344       3.696344         6.284890e-01      
   3.696344       3.749040         6.256255e-01      
   3.696344       3.797021         6.226749e-01      
   3.696344       3.840157         6.197530e-01      
   3.696344       3.878333         6.169629e-01      
   3.696344       3.911445         6.143939e-01      
   3.696344       3.939404         6.121208e-01      
   3.696344       3.962134         6.102051e-01      
   3.696344       3.979576         6.086952e-01      
   3.696344       3.991681         6.076273e-01      
   3.696344       3.998420         6.070259e-01      
   3.696344       4.008294         6.061358e-01      
   3.696344       4.043674         6.028619e-01      
   3.696344       4.107227         5.966658e-01      
   3.696344       4.198794         5.870901e-01      
   3.696344       4.318131         5.736098e-01      
   3.696344       4.464916         5.557325e-01      
   3.696344       4.638754         5.330735e-01      
   3.696344       4.839176         5.054049e-01      
   3.696344       5.065642         4.727020e-01      
   3.696344       5.317541         4.352071e-01      
   3.696344       5.594194         3.935044e-01      
   3.696344       5.894856         3.485718e-01      
   3.696344       6.218716         3.017698e-01      
   3.696344       6.564900         2.547421e-01      
   3.696344       6.932477         2.092353e-01      
   3.696344       7.320454         1.668785e-01      
   3.696344       7.727785         1.289830e-01      
   3.696344       8.153374         9.640750e-02      
   3.696344       8.596072         6.951526e-02      
   3.696344       9.054685         4.821211e-02      
   3.696344       9.527979         3.204197e-02      
   3.696344       10.014676        2.030792e-02      
   3.696344       10.513464        1.219493e-02      
   3.696344       11.023000        6.876127e-03      
   3.696344       11.541909        3.592276e-03      
   3.696344       12.068793        1.702117e-03      
   3.696344       12.602230        7.041731e-04      
   3.696344       13.140784        2.344994e-04      
   3.696344       13.683002        4.914725e-05      
   3.696344       14.227422        -1.456057e-06     
   3.696344       14.772578        -3.278048e-07     
   3.696344       15.316998        1.254509e-05      
   3.696344       15.859216        2.208323e-05      
   3.696344       16.397770        2.496884e-05      
   3.696344       16.931207        2.272626e-05      
   3.696344       17.458091        1.812926e-05      
   3.696344       17.977000        1.303219e-05      
   3.696344       18.486536        8.500907e-06      
   3.696344       18.985324        5.164162e-06      
   3.696344       19.472021        2.863374e-06      
   3.696344       19.945315        1.344596e-06      
   3.696344       20.403928        5.512883e-07      
   3.696344       20.846626        7.284609e-08      
   3.696344       21.272215        -1.428914e-07     
   3.696344       21.679546        -2.021059e-07     
   3.696344       22.067523        -2.436677e-07     
   3.696344       22.435100        -1.878864e-07     
   3.696344       22.781284        -1.792403e-07     
   3.696344       23.105144        -1.402148e-07     
   3.696344       23.405806        -1.149461e-07     
   3.696344       23.682459        -9.345180e-08     
   3.696344       23.934358        -6.844033e-08     
   3.696344       24.160824        -5.746969e-08     
   3.696344       24.361246        -5.099808e-08     
   3.696344       24.535084        -4.286222e-08     
   3.696344       24.681869        -3.609547e-08     
   3.696344       24.801206        -3.207045e-08     
   3.696344       24.892773        -2.983704e-08     
   3.696344       24.956326        -2.849256e-08     
   3.696344       24.991706        -2.774667e-08     
   3.749040       0.001580         4.702761e-04      
   3.749040       0.008319         2.476464e-03      
   3.749040       0.020424         6.080095e-03      
   3.749040       0.037866         1.127238e-02      
   3.749040       0.060596         1.803876e-02      
   3.749040       0.088555         2.636386e-02      
   3.749040       0.121667         3.621442e-02      
   3.749040       0.159843         4.755046e-02      
   3.749040       0.202979         6.033712e-02      
   3.749040       0.250960         7.452977e-02      
   3.749040       0.303656         9.007214e-02      
   3.749040       0.360925         1.068981e-01      
   3.749040       0.422613         1.249306e-01      
   3.749040       0.488552         1.440830e-01      
   3.749040       0.558567         1.642577e-01      
   3.749040       0.632467         1.853473e-01      
   3.749040       0.710054         2.072334e-01      
   3.749040       0.791119         2.297883e-01      
   3.749040       0.875442         2.528752e-01      
   3.749040       0.962797         2.763493e-01      
   3.749040       1.052948         3.000594e-01      
   3.749040       1.145653         3.238501e-01      
   3.749040       1.240660         3.475628e-01      
   3.749040       1.337714         3.710389e-01      
   3.749040       1.436554         3.941219e-01      
   3.749040       1.536913         4.166600e-01      
   3.749040       1.638520         4.385084e-01      
   3.749040       1.741102         4.595323e-01      
   3.749040       1.844381         4.796088e-01      
   3.749040       1.948080         4.986290e-01      
   3.749040       2.051920         5.164999e-01      
   3.749040       2.155619         5.331449e-01      
   3.749040       2.258898         5.485054e-01      
   3.749040       2.361480         5.625398e-01      
   3.749040       2.463087         5.752242e-01      
   3.749040       2.563446         5.865506e-01      
   3.749040       2.662286         5.965258e-01      
   3.749040       2.759340         6.051705e-01      
   3.749040       2.854347         6.125165e-01      
   3.749040       2.947052         6.186059e-01      
   3.749040       3.037203         6.234897e-01      
   3.749040       3.124558         6.272265e-01      
   3.749040       3.208881         6.298824e-01      
   3.749040       3.289946         6.315316e-01      
   3.749040       3.367533         6.322570e-01      
   3.749040       3.441433         6.321514e-01      
   3.749040       3.511448         6.313182e-01      
   3.749040       3.577387         6.298710e-01      
   3.749040       3.639075         6.279314e-01      
   3.749040       3.696344         6.256255e-01      
   3.749040       3.749040         6.230797e-01      
   3.749040       3.797021         6.204158e-01      
   3.749040       3.840157         6.177474e-01      
   3.749040       3.878333         6.151768e-01      
   3.749040       3.911445         6.127935e-01      
   3.749040       3.939404         6.106736e-01      
   3.749040       3.962134         6.088798e-01      
   3.749040       3.979576         6.074618e-01      
   3.749040       3.991681         6.064567e-01      
   3.749040       3.998420         6.058899e-01      
   3.749040       4.008294         6.050502e-01      
   3.749040       4.043674         6.019527e-01      
   3.749040       4.107227         5.960573e-01      
   3.749040       4.198794         5.868793e-01      
   3.749040       4.318131         5.738607e-01      
   3.749040       4.464916         5.564793e-01      
   3.749040       4.638754         5.343297e-01      
   3.749040       4.839176         5.071699e-01      
   3.749040       5.065642         4.749595e-01      
   3.749040       5.317541         4.379175e-01      
   3.749040       5.594194         3.965954e-01      
   3.749040       5.894856         3.519348e-01      
   3.749040       6.218716         3.052656e-01      
   3.749040       6.564900         2.582160e-01      
   3.749040       6.932477         2.125374e-01      
   3.749040       7.320454         1.698840e-01      
   3.749040       7.727785         1.316049e-01      
   3.749040       8.153374         9.860214e-02      
   3.749040       8.596072         7.127887e-02      
   3.749040       9.054685         4.957262e-02      
   3.749040       9.527979         3.304856e-02      
   3.749040       10.014676        2.102075e-02      
   3.749040       10.513464        1.267657e-02      
   3.749040       11.023000        7.185243e-03      
   3.749040       11.541909        3.779500e-03      
   3.749040       12.068793        1.808110e-03      
   3.749040       12.602230        7.594587e-04      
   3.749040       13.140784        2.603860e-04      
   3.749040       13.683002        5.944255e-05      
   3.749040       14.227422        1.527772e-06      
   3.749040       14.772578        -1.819197e-07     
   3.749040       15.316998        1.196555e-05      
   3.749040       15.859216        2.160482e-05      
   3.749040       16.397770        2.478889e-05      
   3.749040       16.931207        2.278001e-05      
   3.749040       17.458091        1.829438e-05      
   3.749040       17.977000        1.323618e-05      
   3.749040       18.486536        8.686326e-06      
   3.749040       18.985324        5.297467e-06      
   3.749040       19.472021        2.971517e-06      
   3.749040       19.945315        1.404657e-06      
   3.749040       20.403928        5.821944e-07      
   3.749040       20.846626        1.090445e-07      
   3.749040       21.272215        -1.497522e-07     
   3.749040       21.679546        -1.927306e-07     
   3.749040       22.067523        -2.435894e-07     
   3.749040       22.435100        -1.868439e-07     
   3.749040       22.781284        -1.825541e-07     
   3.749040       23.105144        -1.404205e-07     
   3.749040       23.405806        -1.181832e-07     
   3.749040       23.682459        -9.374466e-08     
   3.749040       23.934358        -6.899555e-08     
   3.749040       24.160824        -5.937183e-08     
   3.749040       24.361246        -5.240469e-08     
   3.749040       24.535084        -4.366304e-08     
   3.749040       24.681869        -3.688519e-08     
   3.749040       24.801206        -3.301920e-08     
   3.749040       24.892773        -3.082874e-08     
   3.749040       24.956326        -2.942903e-08     
   3.749040       24.991706        -2.862191e-08     
   3.797021       0.001580         4.625910e-04      
   3.797021       0.008319         2.435994e-03      
   3.797021       0.020424         5.980726e-03      
   3.797021       0.037866         1.108819e-02      
   3.797021       0.060596         1.774394e-02      
   3.797021       0.088555         2.593313e-02      
   3.797021       0.121667         3.562325e-02      
   3.797021       0.159843         4.677478e-02      
   3.797021       0.202979         5.935366e-02      
   3.797021       0.250960         7.331644e-02      
   3.797021       0.303656         8.860830e-02      
   3.797021       0.360925         1.051648e-01      
   3.797021       0.422613         1.229111e-01      
   3.797021       0.488552         1.417625e-01      
   3.797021       0.558567         1.616244e-01      
   3.797021       0.632467         1.823920e-01      
   3.797021       0.710054         2.039505e-01      
   3.797021       0.791119         2.261755e-01      
   3.797021       0.875442         2.489340e-01      
   3.797021       0.962797         2.720850e-01      
   3.797021       1.052948         2.954812e-01      
   3.797021       1.145653         3.189708e-01      
   3.797021       1.240660         3.423992e-01      
   3.797021       1.337714         3.656112e-01      
   3.797021       1.436554         3.884531e-01      
   3.797021       1.536913         4.107760e-01      
   3.797021       1.638520         4.324373e-01      
   3.797021       1.741102         4.533037e-01      
   3.797021       1.844381         4.732535e-01      
   3.797021       1.948080         4.921782e-01      
   3.797021       2.051920         5.099849e-01      
   3.797021       2.155619         5.265966e-01      
   3.797021       2.258898         5.419537e-01      
   3.797021       2.361480         5.560140e-01      
   3.797021       2.463087         5.687522e-01      
   3.797021       2.563446         5.801593e-01      
   3.797021       2.662286         5.902415e-01      
   3.797021       2.759340         5.990183e-01      
   3.797021       2.854347         6.065216e-01      
   3.797021       2.947052         6.127931e-01      
   3.797021       3.037203         6.178838e-01      
   3.797021       3.124558         6.218521e-01      
   3.797021       3.208881         6.247638e-01      
   3.797021       3.289946         6.266915e-01      
   3.797021       3.367533         6.277154e-01      
   3.797021       3.441433         6.279239e-01      
   3.797021       3.511448         6.274145e-01      
   3.797021       3.577387         6.262933e-01      
   3.797021       3.639075         6.246740e-01      
   3.797021       3.696344         6.226749e-01      
   3.797021       3.749040         6.204158e-01      
   3.797021       3.797021         6.180138e-01      
   3.797021       3.840157         6.155791e-01      
   3.797021       3.878333         6.132125e-01      
   3.797021       3.911445         6.110031e-01      
   3.797021       3.939404         6.090273e-01      
   3.797021       3.962134         6.073486e-01      
   3.797021       3.979576         6.060175e-01      
   3.797021       3.991681         6.050721e-01      
   3.797021       3.998420         6.045382e-01      
   3.797021       4.008294         6.037464e-01      
   3.797021       4.043674         6.008170e-01      
   3.797021       4.107227         5.952094e-01      
   3.797021       4.198794         5.864137e-01      
   3.797021       4.318131         5.738393e-01      
   3.797021       4.464916         5.569336e-01      
   3.797021       4.638754         5.352702e-01      
   3.797021       4.839176         5.085941e-01      
   3.797021       5.065642         4.768524e-01      
   3.797021       5.317541         4.402443e-01      
   3.797021       5.594194         3.992927e-01      
   3.797021       5.894856         3.549059e-01      
   3.797021       6.218716         3.083846e-01      
   3.797021       6.564900         2.613407e-01      
   3.797021       6.932477         2.155281e-01      
   3.797021       7.320454         1.726219e-01      
   3.797021       7.727785         1.340054e-01      
   3.797021       8.153374         1.006204e-01      
   3.797021       8.596072         7.290722e-02      
   3.797021       9.054685         5.083349e-02      
   3.797021       9.527979         3.398478e-02      
   3.797021       10.014676        2.168614e-02      
   3.797021       10.513464        1.312785e-02      
   3.797021       11.023000        7.476054e-03      
   3.797021       11.541909        3.956445e-03      
   3.797021       12.068793        1.908833e-03      
   3.797021       12.602230        8.123551e-04      
   3.797021       13.140784        2.853907e-04      
   3.797021       13.683002        6.955122e-05      
   3.797021       14.227422        4.568123e-06      
   3.797021       14.772578        6.062384e-08      
   3.797021       15.316998        1.145973e-05      
   3.797021       15.859216        2.115405e-05      
   3.797021       16.397770        2.460134e-05      
   3.797021       16.931207        2.281742e-05      
   3.797021       17.458091        1.843748e-05      
   3.797021       17.977000        1.341522e-05      
   3.797021       18.486536        8.858690e-06      
   3.797021       18.985324        5.420701e-06      
   3.797021       19.472021        3.067953e-06      
   3.797021       19.945315        1.465774e-06      
   3.797021       20.403928        6.080874e-07      
   3.797021       20.846626        1.431289e-07      
   3.797021       21.272215        -1.511130e-07     
   3.797021       21.679546        -1.888380e-07     
   3.797021       22.067523        -2.399012e-07     
   3.797021       22.435100        -1.881950e-07     
   3.797021       22.781284        -1.839992e-07     
   3.797021       23.105144        -1.413652e-07     
   3.797021       23.405806        -1.207863e-07     
   3.797021       23.682459        -9.369122e-08     
   3.797021       23.934358        -7.008618e-08     
   3.797021       24.160824        -6.112555e-08     
   3.797021       24.361246        -5.336916e-08     
   3.797021       24.535084        -4.437199e-08     
   3.797021       24.681869        -3.779720e-08     
   3.797021       24.801206        -3.403086e-08     
   3.797021       24.892773        -3.174876e-08     
   3.797021       24.956326        -3.020175e-08     
   3.797021       24.991706        -2.929391e-08     
   3.840157       0.001580         4.556205e-04      
   3.840157       0.008319         2.399288e-03      
   3.840157       0.020424         5.890598e-03      
   3.840157       0.037866         1.092113e-02      
   3.840157       0.060596         1.747654e-02      
   3.840157       0.088555         2.554247e-02      
   3.840157       0.121667         3.508709e-02      
   3.840157       0.159843         4.607131e-02      
   3.840157       0.202979         5.846177e-02      
   3.840157       0.250960         7.221609e-02      
   3.840157       0.303656         8.728075e-02      
   3.840157       0.360925         1.035928e-01      
   3.840157       0.422613         1.210792e-01      
   3.840157       0.488552         1.396574e-01      
   3.840157       0.558567         1.592350e-01      
   3.840157       0.632467         1.797101e-01      
   3.840157       0.710054         2.009706e-01      
   3.840157       0.791119         2.228953e-01      
   3.840157       0.875442         2.453545e-01      
   3.840157       0.962797         2.682107e-01      
   3.840157       1.052948         2.913202e-01      
   3.840157       1.145653         3.145344e-01      
   3.840157       1.240660         3.377022e-01      
   3.840157       1.337714         3.606715e-01      
   3.840157       1.436554         3.832916e-01      
   3.840157       1.536913         4.054157e-01      
   3.840157       1.638520         4.269034e-01      
   3.840157       1.741102         4.476231e-01      
   3.840157       1.844381         4.674538e-01      
   3.840157       1.948080         4.862878e-01      
   3.840157       2.051920         5.040320e-01      
   3.840157       2.155619         5.206092e-01      
   3.840157       2.258898         5.359590e-01      
   3.840157       2.361480         5.500381e-01      
   3.840157       2.463087         5.628204e-01      
   3.840157       2.563446         5.742955e-01      
   3.840157       2.662286         5.844686e-01      
   3.840157       2.759340         5.933586e-01      
   3.840157       2.854347         6.009964e-01      
   3.840157       2.947052         6.074236e-01      
   3.840157       3.037203         6.126906e-01      
   3.840157       3.124558         6.168558e-01      
   3.840157       3.208881         6.199843e-01      
   3.840157       3.289946         6.221478e-01      
   3.840157       3.367533         6.234245e-01      
   3.840157       3.441433         6.238998e-01      
   3.840157       3.511448         6.236666e-01      
   3.840157       3.577387         6.228255e-01      
   3.840157       3.639075         6.214836e-01      
   3.840157       3.696344         6.197530e-01      
   3.840157       3.749040         6.177474e-01      
   3.840157       3.797021         6.155791e-01      
   3.840157       3.840157         6.133549e-01      
   3.840157       3.878333         6.111735e-01      
   3.840157       3.911445         6.091230e-01      
   3.840157       3.939404         6.072796e-01      
   3.840157       3.962134         6.057071e-01      
   3.840157       3.979576         6.044564e-01      
   3.840157       3.991681         6.035663e-01      
   3.840157       3.998420         6.030630e-01      
   3.840157       4.008294         6.023157e-01      
   3.840157       4.043674         5.995429e-01      
   3.840157       4.107227         5.942048e-01      
   3.840157       4.198794         5.857689e-01      
   3.840157       4.318131         5.736137e-01      
   3.840157       4.464916         5.571563e-01      
   3.840157       4.638754         5.359491e-01      
   3.840157       4.839176         5.097251e-01      
   3.840157       5.065642         4.784211e-01      
   3.840157       5.317541         4.422203e-01      
   3.840157       5.594194         4.016209e-01      
   3.840157       5.894856         3.575013e-01      
   3.840157       6.218716         3.111347e-01      
   3.840157       6.564900         2.641170e-01      
   3.840157       6.932477         2.182023e-01      
   3.840157       7.320454         1.750832e-01      
   3.840157       7.727785         1.361736e-01      
   3.840157       8.153374         1.024507e-01      
   3.840157       8.596072         7.438935e-02      
   3.840157       9.054685         5.198504e-02      
   3.840157       9.527979         3.484262e-02      
   3.840157       10.014676        2.229781e-02      
   3.840157       10.513464        1.354411e-02      
   3.840157       11.023000        7.745277e-03      
   3.840157       11.541909        4.120927e-03      
   3.840157       12.068793        2.002919e-03      
   3.840157       12.602230        8.620659e-04      
   3.840157       13.140784        3.090861e-04      
   3.840157       13.683002        7.926712e-05      
   3.840157       14.227422        7.582302e-06      
   3.840157       14.772578        3.761365e-07      
   3.840157       15.316998        1.102598e-05      
   3.840157       15.859216        2.073866e-05      
   3.840157       16.397770        2.441347e-05      
   3.840157       16.931207        2.284047e-05      
   3.840157       17.458091        1.856094e-05      
   3.840157       17.977000        1.357052e-05      
   3.840157       18.486536        9.015461e-06      
   3.840157       18.985324        5.534133e-06      
   3.840157       19.472021        3.152245e-06      
   3.840157       19.945315        1.525803e-06      
   3.840157       20.403928        6.308506e-07      
   3.840157       20.846626        1.724672e-07      
   3.840157       21.272215        -1.466560e-07     
   3.840157       21.679546        -1.889828e-07     
   3.840157       22.067523        -2.341095e-07     
   3.840157       22.435100        -1.910312e-07     
   3.840157       22.781284        -1.840959e-07     
   3.840157       23.105144        -1.429020e-07     
   3.840157       23.405806        -1.226880e-07     
   3.840157       23.682459        -9.353110e-08     
   3.840157       23.934358        -7.153073e-08     
   3.840157       24.160824        -6.264347e-08     
   3.840157       24.361246        -5.401180e-08     
   3.840157       24.535084        -4.503370e-08     
   3.840157       24.681869        -3.876881e-08     
   3.840157       24.801206        -3.502592e-08     
   3.840157       24.892773        -3.255392e-08     
   3.840157       24.956326        -3.080693e-08     
   3.840157       24.991706        -2.978122e-08     
   3.878333       0.001580         4.494099e-04      
   3.878333       0.008319         2.366584e-03      
   3.878333       0.020424         5.810296e-03      
   3.878333       0.037866         1.077228e-02      
   3.878333       0.060596         1.723831e-02      
   3.878333       0.088555         2.519441e-02      
   3.878333       0.121667         3.460940e-02      
   3.878333       0.159843         4.544458e-02      
   3.878333       0.202979         5.766719e-02      
   3.878333       0.250960         7.123581e-02      
   3.878333       0.303656         8.609801e-02      
   3.878333       0.360925         1.021922e-01      
   3.878333       0.422613         1.194468e-01      
   3.878333       0.488552         1.377813e-01      
   3.878333       0.558567         1.571053e-01      
   3.878333       0.632467         1.773192e-01      
   3.878333       0.710054         1.983135e-01      
   3.878333       0.791119         2.199698e-01      
   3.878333       0.875442         2.421613e-01      
   3.878333       0.962797         2.647535e-01      
   3.878333       1.052948         2.876058e-01      
   3.878333       1.145653         3.105728e-01      
   3.878333       1.240660         3.335063e-01      
   3.878333       1.337714         3.562569e-01      
   3.878333       1.436554         3.786765e-01      
   3.878333       1.536913         4.006206e-01      
   3.878333       1.638520         4.219507e-01      
   3.878333       1.741102         4.425363e-01      
   3.878333       1.844381         4.622576e-01      
   3.878333       1.948080         4.810074e-01      
   3.878333       2.051920         4.986924e-01      
   3.878333       2.155619         5.152354e-01      
   3.878333       2.258898         5.305752e-01      
   3.878333       2.361480         5.446676e-01      
   3.878333       2.463087         5.574853e-01      
   3.878333       2.563446         5.690171e-01      
   3.878333       2.662286         5.792670e-01      
   3.878333       2.759340         5.882528e-01      
   3.878333       2.854347         5.960048e-01      
   3.878333       2.947052         6.025639e-01      
   3.878333       3.037203         6.079802e-01      
   3.878333       3.124558         6.123115e-01      
   3.878333       3.208881         6.156225e-01      
   3.878333       3.289946         6.179842e-01      
   3.878333       3.367533         6.194732e-01      
   3.878333       3.441433         6.201727e-01      
   3.878333       3.511448         6.201724e-01      
   3.878333       3.577387         6.195685e-01      
   3.878333       3.639075         6.184631e-01      
   3.878333       3.696344         6.169629e-01      
   3.878333       3.749040         6.151768e-01      
   3.878333       3.797021         6.132125e-01      
   3.878333       3.840157         6.111735e-01      
   3.878333       3.878333         6.091562e-01      
   3.878333       3.911445         6.072473e-01      
   3.878333       3.939404         6.055225e-01      
   3.878333       3.962134         6.040455e-01      
   3.878333       3.979576         6.028674e-01      
   3.878333       3.991681         6.020272e-01      
   3.878333       3.998420         6.015516e-01      
   3.878333       4.008294         6.008446e-01      
   3.878333       4.043674         5.982142e-01      
   3.878333       4.107227         5.931224e-01      
   3.878333       4.198794         5.850171e-01      
   3.878333       4.318131         5.732489e-01      
   3.878333       4.464916         5.572053e-01      
   3.878333       4.638754         5.364175e-01      
   3.878333       4.839176         5.106075e-01      
   3.878333       5.065642         4.797038e-01      
   3.878333       5.317541         4.438769e-01      
   3.878333       5.594194         4.036040e-01      
   3.878333       5.894856         3.597372e-01      
   3.878333       6.218716         3.135247e-01      
   3.878333       6.564900         2.665467e-01      
   3.878333       6.932477         2.205563e-01      
   3.878333       7.320454         1.772606e-01      
   3.878333       7.727785         1.380997e-01      
   3.878333       8.153374         1.040827e-01      
   3.878333       8.596072         7.571529e-02      
   3.878333       9.054685         5.301837e-02      
   3.878333       9.527979         3.561464e-02      
   3.878333       10.014676        2.284989e-02      
   3.878333       10.513464        1.392096e-02      
   3.878333       11.023000        7.989795e-03      
   3.878333       11.541909        4.270858e-03      
   3.878333       12.068793        2.089051e-03      
   3.878333       12.602230        9.078160e-04      
   3.878333       13.140784        3.310520e-04      
   3.878333       13.683002        8.838349e-05      
   3.878333       14.227422        1.048454e-05      
   3.878333       14.772578        7.387358e-07      
   3.878333       15.316998        1.066092e-05      
   3.878333       15.859216        2.036455e-05      
   3.878333       16.397770        2.423236e-05      
   3.878333       16.931207        2.285155e-05      
   3.878333       17.458091        1.866645e-05      
   3.878333       17.977000        1.370362e-05      
   3.878333       18.486536        9.154712e-06      
   3.878333       18.985324        5.637278e-06      
   3.878333       19.472021        3.224772e-06      
   3.878333       19.945315        1.582455e-06      
   3.878333       20.403928        6.517694e-07      
   3.878333       20.846626        1.958967e-07      
   3.878333       21.272215        -1.377082e-07     
   3.878333       21.679546        -1.913659e-07     
   3.878333       22.067523        -2.275902e-07     
   3.878333       22.435100        -1.944838e-07     
   3.878333       22.781284        -1.833977e-07     
   3.878333       23.105144        -1.447730e-07     
   3.878333       23.405806        -1.239542e-07     
   3.878333       23.682459        -9.341686e-08     
   3.878333       23.934358        -7.312784e-08     
   3.878333       24.160824        -6.389773e-08     
   3.878333       24.361246        -5.444841e-08     
   3.878333       24.535084        -4.566312e-08     
   3.878333       24.681869        -3.972724e-08     
   3.878333       24.801206        -3.593873e-08     
   3.878333       24.892773        -3.322411e-08     
   3.878333       24.956326        -3.126184e-08     
   3.878333       24.991706        -3.011970e-08     
   3.911445       0.001580         4.439963e-04      
   3.911445       0.008319         2.338076e-03      
   3.911445       0.020424         5.740299e-03      
   3.911445       0.037866         1.064253e-02      
   3.911445       0.060596         1.703064e-02      
   3.911445       0.088555         2.489101e-02      
   3.911445       0.121667         3.419301e-02      
   3.911445       0.159843         4.489827e-02      
   3.911445       0.202979         5.697458e-02      
   3.911445       0.250960         7.038131e-02      
   3.911445       0.303656         8.506700e-02      
   3.911445       0.360925         1.009712e-01      
   3.911445       0.422613         1.180237e-01      
   3.911445       0.488552         1.361455e-01      
   3.911445       0.558567         1.552481e-01      
   3.911445       0.632467         1.752339e-01      
   3.911445       0.710054         1.959956e-01      
   3.911445       0.791119         2.174173e-01      
   3.911445       0.875442         2.393745e-01      
   3.911445       0.962797         2.617355e-01      
   3.911445       1.052948         2.843624e-01      
   3.911445       1.145653         3.071125e-01      
   3.911445       1.240660         3.298399e-01      
   3.911445       1.337714         3.523980e-01      
   3.911445       1.436554         3.746408e-01      
   3.911445       1.536913         3.964257e-01      
   3.911445       1.638520         4.176158e-01      
   3.911445       1.741102         4.380821e-01      
   3.911445       1.844381         4.577054e-01      
   3.911445       1.948080         4.763790e-01      
   3.911445       2.051920         4.940099e-01      
   3.911445       2.155619         5.105204e-01      
   3.911445       2.258898         5.258487e-01      
   3.911445       2.361480         5.399500e-01      
   3.911445       2.463087         5.527959e-01      
   3.911445       2.563446         5.643741e-01      
   3.911445       2.662286         5.746877e-01      
   3.911445       2.759340         5.837535e-01      
   3.911445       2.854347         5.916011e-01      
   3.911445       2.947052         5.982706e-01      
   3.911445       3.037203         6.038115e-01      
   3.911445       3.124558         6.082813e-01      
   3.911445       3.208881         6.117442e-01      
   3.911445       3.289946         6.142704e-01      
   3.911445       3.367533         6.159355e-01      
   3.911445       3.441433         6.168210e-01      
   3.911445       3.511448         6.170140e-01      
   3.911445       3.577387         6.166076e-01      
   3.911445       3.639075         6.157001e-01      
   3.911445       3.696344         6.143939e-01      
   3.911445       3.749040         6.127935e-01      
   3.911445       3.797021         6.110031e-01      
   3.911445       3.840157         6.091230e-01      
   3.911445       3.878333         6.072473e-01      
   3.911445       3.911445         6.054614e-01      
   3.911445       3.939404         6.038400e-01      
   3.911445       3.962134         6.024464e-01      
   3.911445       3.979576         6.013320e-01      
   3.911445       3.991681         6.005358e-01      
   3.911445       3.998420         6.000845e-01      
   3.911445       4.008294         5.994131e-01      
   3.911445       4.043674         5.969085e-01      
   3.911445       4.107227         5.920354e-01      
   3.911445       4.198794         5.842258e-01      
   3.911445       4.318131         5.728052e-01      
   3.911445       4.464916         5.571338e-01      
   3.911445       4.638754         5.367224e-01      
   3.911445       4.839176         5.112823e-01      
   3.911445       5.065642         4.807360e-01      
   3.911445       5.317541         4.452434e-01      
   3.911445       5.594194         4.052647e-01      
   3.911445       5.894856         3.616293e-01      
   3.911445       6.218716         3.155635e-01      
   3.911445       6.564900         2.686326e-01      
   3.911445       6.932477         2.225878e-01      
   3.911445       7.320454         1.791480e-01      
   3.911445       7.727785         1.397756e-01      
   3.911445       8.153374         1.055073e-01      
   3.911445       8.596072         7.687609e-02      
   3.911445       9.054685         5.392544e-02      
   3.911445       9.527979         3.629407e-02      
   3.911445       10.014676        2.333700e-02      
   3.911445       10.513464        1.425433e-02      
   3.911445       11.023000        8.206716e-03      
   3.911445       11.541909        4.404285e-03      
   3.911445       12.068793        2.165989e-03      
   3.911445       12.602230        9.488703e-04      
   3.911445       13.140784        3.508860e-04      
   3.911445       13.683002        9.669954e-05      
   3.911445       14.227422        1.318925e-05      
   3.911445       14.772578        1.121279e-06      
   3.911445       15.316998        1.036013e-05      
   3.911445       15.859216        2.003610e-05      
   3.911445       16.397770        2.406440e-05      
   3.911445       16.931207        2.285344e-05      
   3.911445       17.458091        1.875519e-05      
   3.911445       17.977000        1.381603e-05      
   3.911445       18.486536        9.275233e-06      
   3.911445       18.985324        5.729158e-06      
   3.911445       19.472021        3.286225e-06      
   3.911445       19.945315        1.633740e-06      
   3.911445       20.403928        6.713570e-07      
   3.911445       20.846626        2.134815e-07      
   3.911445       21.272215        -1.262751e-07     
   3.911445       21.679546        -1.944925e-07     
   3.911445       22.067523        -2.213365e-07     
   3.911445       22.435100        -1.979026e-07     
   3.911445       22.781284        -1.823568e-07     
   3.911445       23.105144        -1.467158e-07     
   3.911445       23.405806        -1.247183e-07     
   3.911445       23.682459        -9.341484e-08     
   3.911445       23.934358        -7.470331e-08     
   3.911445       24.160824        -6.489923e-08     
   3.911445       24.361246        -5.476575e-08     
   3.911445       24.535084        -4.625445e-08     
   3.911445       24.681869        -4.061008e-08     
   3.911445       24.801206        -3.672725e-08     
   3.911445       24.892773        -3.375864e-08     
   3.911445       24.956326        -3.159375e-08     
   3.911445       24.991706        -3.034867e-08     
   3.939404       0.001580         4.394089e-04      
   3.939404       0.008319         2.313918e-03      
   3.939404       0.020424         5.680985e-03      
   3.939404       0.037866         1.053258e-02      
   3.939404       0.060596         1.685467e-02      
   3.939404       0.088555         2.463391e-02      
   3.939404       0.121667         3.384015e-02      
   3.939404       0.159843         4.443531e-02      
   3.939404       0.202979         5.638762e-02      
   3.939404       0.250960         6.965713e-02      
   3.939404       0.303656         8.419320e-02      
   3.939404       0.360925         9.993634e-02      
   3.939404       0.422613         1.168174e-01      
   3.939404       0.488552         1.347588e-01      
   3.939404       0.558567         1.536735e-01      
   3.939404       0.632467         1.734658e-01      
   3.939404       0.710054         1.940300e-01      
   3.939404       0.791119         2.152523e-01      
   3.939404       0.875442         2.370103e-01      
   3.939404       0.962797         2.591746e-01      
   3.939404       1.052948         2.816095e-01      
   3.939404       1.145653         3.041746e-01      
   3.939404       1.240660         3.267263e-01      
   3.939404       1.337714         3.491197e-01      
   3.939404       1.436554         3.712111e-01      
   3.939404       1.536913         3.928595e-01      
   3.939404       1.638520         4.139292e-01      
   3.939404       1.741102         4.342924e-01      
   3.939404       1.844381         4.538308e-01      
   3.939404       1.948080         4.724379e-01      
   3.939404       2.051920         4.900209e-01      
   3.939404       2.155619         5.065018e-01      
   3.939404       2.258898         5.218185e-01      
   3.939404       2.361480         5.359253e-01      
   3.939404       2.463087         5.487930e-01      
   3.939404       2.563446         5.604085e-01      
   3.939404       2.662286         5.707739e-01      
   3.939404       2.759340         5.799052e-01      
   3.939404       2.854347         5.878310e-01      
   3.939404       2.947052         5.945909e-01      
   3.939404       3.037203         6.002340e-01      
   3.939404       3.124558         6.048170e-01      
   3.939404       3.208881         6.084038e-01      
   3.939404       3.289946         6.110639e-01      
   3.939404       3.367533         6.128722e-01      
   3.939404       3.441433         6.139088e-01      
   3.939404       3.511448         6.142592e-01      
   3.939404       3.577387         6.140137e-01      
   3.939404       3.639075         6.132679e-01      
   3.939404       3.696344         6.121208e-01      
   3.939404       3.749040         6.106736e-01      
   3.939404       3.797021         6.090273e-01      
   3.939404       3.840157         6.072796e-01      
   3.939404       3.878333         6.055225e-01      
   3.939404       3.911445         6.038400e-01      
   3.939404       3.939404         6.023058e-01      
   3.939404       3.962134         6.009831e-01      
   3.939404       3.979576         5.999227e-01      
   3.939404       3.991681         5.991639e-01      
   3.939404       3.998420         5.987334e-01      
   3.939404       4.008294         5.980922e-01      
   3.939404       4.043674         5.956952e-01      
   3.939404       4.107227         5.910100e-01      
   3.939404       4.198794         5.834560e-01      
   3.939404       4.318131         5.723375e-01      
   3.939404       4.464916         5.569902e-01      
   3.939404       4.638754         5.369059e-01      
   3.939404       4.839176         5.117865e-01      
   3.939404       5.065642         4.815490e-01      
   3.939404       5.317541         4.463461e-01      
   3.939404       5.594194         4.066237e-01      
   3.939404       5.894856         3.631925e-01      
   3.939404       6.218716         3.172597e-01      
   3.939404       6.564900         2.703777e-01      
   3.939404       6.932477         2.242953e-01      
   3.939404       7.320454         1.807404e-01      
   3.939404       7.727785         1.411942e-01      
   3.939404       8.153374         1.067167e-01      
   3.939404       8.596072         7.786395e-02      
   3.939404       9.054685         5.469916e-02      
   3.939404       9.527979         3.687490e-02      
   3.939404       10.014676        2.375432e-02      
   3.939404       10.513464        1.454059e-02      
   3.939404       11.023000        8.393428e-03      
   3.939404       11.541909        4.519439e-03      
   3.939404       12.068793        2.232601e-03      
   3.939404       12.602230        9.845523e-04      
   3.939404       13.140784        3.682147e-04      
   3.939404       13.683002        1.040269e-04      
   3.939404       14.227422        1.561442e-05      
   3.939404       14.772578        1.496590e-06      
   3.939404       15.316998        1.011865e-05      
   3.939404       15.859216        1.975645e-05      
   3.939404       16.397770        2.391505e-05      
   3.939404       16.931207        2.284906e-05      
   3.939404       17.458091        1.882806e-05      
   3.939404       17.977000        1.390898e-05      
   3.939404       18.486536        9.376426e-06      
   3.939404       18.985324        5.808592e-06      
   3.939404       19.472021        3.337267e-06      
   3.939404       19.945315        1.678172e-06      
   3.939404       20.403928        6.894604e-07      
   3.939404       20.846626        2.260270e-07      
   3.939404       21.272215        -1.143033e-07     
   3.939404       21.679546        -1.974128e-07     
   3.939404       22.067523        -2.159281e-07     
   3.939404       22.435100        -2.008948e-07     
   3.939404       22.781284        -1.812805e-07     
   3.939404       23.105144        -1.485230e-07     
   3.939404       23.405806        -1.251283e-07     
   3.939404       23.682459        -9.352627e-08     
   3.939404       23.934358        -7.613039e-08     
   3.939404       24.160824        -6.567713e-08     
   3.939404       24.361246        -5.501632e-08     
   3.939404       24.535084        -4.679106e-08     
   3.939404       24.681869        -4.137436e-08     
   3.939404       24.801206        -3.737272e-08     
   3.939404       24.892773        -3.416916e-08     
   3.939404       24.956326        -3.183093e-08     
   3.939404       24.991706        -3.050219e-08     
   3.962134       0.001580         4.356700e-04      
   3.962134       0.008319         2.294230e-03      
   3.962134       0.020424         5.632643e-03      
   3.962134       0.037866         1.044297e-02      
   3.962134       0.060596         1.671125e-02      
   3.962134       0.088555         2.442436e-02      
   3.962134       0.121667         3.355255e-02      
   3.962134       0.159843         4.405796e-02      
   3.962134       0.202979         5.590919e-02      
   3.962134       0.250960         6.906683e-02      
   3.962134       0.303656         8.348089e-02      
   3.962134       0.360925         9.909268e-02      
   3.962134       0.422613         1.158339e-01      
   3.962134       0.488552         1.336282e-01      
   3.962134       0.558567         1.523896e-01      
   3.962134       0.632467         1.720239e-01      
   3.962134       0.710054         1.924269e-01      
   3.962134       0.791119         2.134862e-01      
   3.962134       0.875442         2.350815e-01      
   3.962134       0.962797         2.570849e-01      
   3.962134       1.052948         2.793627e-01      
   3.962134       1.145653         3.017763e-01      
   3.962134       1.240660         3.241838e-01      
   3.962134       1.337714         3.464421e-01      
   3.962134       1.436554         3.684090e-01      
   3.962134       1.536913         3.899449e-01      
   3.962134       1.638520         4.109153e-01      
   3.962134       1.741102         4.311932e-01      
   3.962134       1.844381         4.506610e-01      
   3.962134       1.948080         4.692126e-01      
   3.962134       2.051920         4.867552e-01      
   3.962134       2.155619         5.032106e-01      
   3.962134       2.258898         5.185164e-01      
   3.962134       2.361480         5.326263e-01      
   3.962134       2.463087         5.455105e-01      
   3.962134       2.563446         5.571551e-01      
   3.962134       2.662286         5.675613e-01      
   3.962134       2.759340         5.767443e-01      
   3.962134       2.854347         5.847322e-01      
   3.962134       2.947052         5.915638e-01      
   3.962134       3.037203         5.972878e-01      
   3.962134       3.124558         6.019606e-01      
   3.962134       3.208881         6.056453e-01      
   3.962134       3.289946         6.084112e-01      
   3.962134       3.367533         6.103325e-01      
   3.962134       3.441433         6.114882e-01      
   3.962134       3.511448         6.119625e-01      
   3.962134       3.577387         6.118441e-01      
   3.962134       3.639075         6.112260e-01      
   3.962134       3.696344         6.102051e-01      
   3.962134       3.749040         6.088798e-01      
   3.962134       3.797021         6.073486e-01      
   3.962134       3.840157         6.057071e-01      
   3.962134       3.878333         6.040455e-01      
   3.962134       3.911445         6.024464e-01      
   3.962134       3.939404         6.009831e-01      
   3.962134       3.962134         5.997178e-01      
   3.962134       3.979576         5.987015e-01      
   3.962134       3.991681         5.979732e-01      
   3.962134       3.998420         5.975596e-01      
   3.962134       4.008294         5.969432e-01      
   3.962134       4.043674         5.946342e-01      
   3.962134       4.107227         5.901037e-01      
   3.962134       4.198794         5.827612e-01      
   3.962134       4.318131         5.718939e-01      
   3.962134       4.464916         5.568168e-01      
   3.962134       4.638754         5.370050e-01      
   3.962134       4.839176         5.121519e-01      
   3.962134       5.065642         4.821705e-01      
   3.962134       5.317541         4.472079e-01      
   3.962134       5.594194         4.076991e-01      
   3.962134       5.894856         3.644397e-01      
   3.962134       6.218716         3.186213e-01      
   3.962134       6.564900         2.717853e-01      
   3.962134       6.932477         2.256778e-01      
   3.962134       7.320454         1.820340e-01      
   3.962134       7.727785         1.423497e-01      
   3.962134       8.153374         1.077041e-01      
   3.962134       8.596072         7.867225e-02      
   3.962134       9.054685         5.533347e-02      
   3.962134       9.527979         3.735194e-02      
   3.962134       10.014676        2.409769e-02      
   3.962134       10.513464        1.477656e-02      
   3.962134       11.023000        8.547648e-03      
   3.962134       11.541909        4.614764e-03      
   3.962134       12.068793        2.287886e-03      
   3.962134       12.602230        1.014262e-03      
   3.962134       13.140784        3.827044e-04      
   3.962134       13.683002        1.101958e-04      
   3.962134       14.227422        1.768484e-05      
   3.962134       14.772578        1.838840e-06      
   3.962134       15.316998        9.931378e-06      
   3.962134       15.859216        1.952782e-05      
   3.962134       16.397770        2.378878e-05      
   3.962134       16.931207        2.284131e-05      
   3.962134       17.458091        1.888584e-05      
   3.962134       17.977000        1.398339e-05      
   3.962134       18.486536        9.458115e-06      
   3.962134       18.985324        5.874428e-06      
   3.962134       19.472021        3.378360e-06      
   3.962134       19.945315        1.714783e-06      
   3.962134       20.403928        7.054998e-07      
   3.962134       20.846626        2.346029e-07      
   3.962134       21.272215        -1.033053e-07     
   3.962134       21.679546        -1.996877e-07     
   3.962134       22.067523        -2.116143e-07     
   3.962134       22.435100        -2.032836e-07     
   3.962134       22.781284        -1.803426e-07     
   3.962134       23.105144        -1.500601e-07     
   3.962134       23.405806        -1.253148e-07     
   3.962134       23.682459        -9.371382e-08     
   3.962134       23.934358        -7.733030e-08     
   3.962134       24.160824        -6.626405e-08     
   3.962134       24.361246        -5.522383e-08     
   3.962134       24.535084        -4.725330e-08     
   3.962134       24.681869        -4.199676e-08     
   3.962134       24.801206        -3.787388e-08     
   3.962134       24.892773        -3.447267e-08     
   3.962134       24.956326        -3.199743e-08     
   3.962134       24.991706        -3.060541e-08     
   3.979576       0.001580         4.327964e-04      
   3.979576       0.008319         2.279097e-03      
   3.979576       0.020424         5.595488e-03      
   3.979576       0.037866         1.037409e-02      
   3.979576       0.060596         1.660102e-02      
   3.979576       0.088555         2.426330e-02      
   3.979576       0.121667         3.333149e-02      
   3.979576       0.159843         4.376791e-02      
   3.979576       0.202979         5.554142e-02      
   3.979576       0.250960         6.861306e-02      
   3.979576       0.303656         8.293331e-02      
   3.979576       0.360925         9.844410e-02      
   3.979576       0.422613         1.150779e-01      
   3.979576       0.488552         1.327589e-01      
   3.979576       0.558567         1.514025e-01      
   3.979576       0.632467         1.709151e-01      
   3.979576       0.710054         1.911940e-01      
   3.979576       0.791119         2.121280e-01      
   3.979576       0.875442         2.335978e-01      
   3.979576       0.962797         2.554772e-01      
   3.979576       1.052948         2.776339e-01      
   3.979576       1.145653         2.999305e-01      
   3.979576       1.240660         3.222267e-01      
   3.979576       1.337714         3.443806e-01      
   3.979576       1.436554         3.662511e-01      
   3.979576       1.536913         3.876999e-01      
   3.979576       1.638520         4.085931e-01      
   3.979576       1.741102         4.288047e-01      
   3.979576       1.844381         4.482174e-01      
   3.979576       1.948080         4.667254e-01      
   3.979576       2.051920         4.842361e-01      
   3.979576       2.155619         5.006711e-01      
   3.979576       2.258898         5.159677e-01      
   3.979576       2.361480         5.300792e-01      
   3.979576       2.463087         5.429752e-01      
   3.979576       2.563446         5.546413e-01      
   3.979576       2.662286         5.650779e-01      
   3.979576       2.759340         5.742999e-01      
   3.979576       2.854347         5.823344e-01      
   3.979576       2.947052         5.892201e-01      
   3.979576       3.037203         5.950051e-01      
   3.979576       3.124558         5.997452e-01      
   3.979576       3.208881         6.035036e-01      
   3.979576       3.289946         6.063488e-01      
   3.979576       3.367533         6.083547e-01      
   3.979576       3.441433         6.095997e-01      
   3.979576       3.511448         6.101668e-01      
   3.979576       3.577387         6.101435e-01      
   3.979576       3.639075         6.096214e-01      
   3.979576       3.696344         6.086952e-01      
   3.979576       3.749040         6.074618e-01      
   3.979576       3.797021         6.060175e-01      
   3.979576       3.840157         6.044564e-01      
   3.979576       3.878333         6.028674e-01      
   3.979576       3.911445         6.013320e-01      
   3.979576       3.939404         5.999227e-01      
   3.979576       3.962134         5.987015e-01      
   3.979576       3.979576         5.977190e-01      
   3.979576       3.991681         5.970141e-01      
   3.979576       3.998420         5.966135e-01      
   3.979576       4.008294         5.960162e-01      
   3.979576       4.043674         5.937750e-01      
   3.979576       4.107227         5.893640e-01      
   3.979576       4.198794         5.821859e-01      
   3.979576       4.318131         5.715148e-01      
   3.979576       4.464916         5.566491e-01      
   3.979576       4.638754         5.370504e-01      
   3.979576       4.839176         5.124051e-01      
   3.979576       5.065642         4.826233e-01      
   3.979576       5.317541         4.478480e-01      
   3.979576       5.594194         4.085063e-01      
   3.979576       5.894856         3.653822e-01      
   3.979576       6.218716         3.196554e-01      
   3.979576       6.564900         2.728584e-01      
   3.979576       6.932477         2.267351e-01      
   3.979576       7.320454         1.830258e-01      
   3.979576       7.727785         1.432376e-01      
   3.979576       8.153374         1.084643e-01      
   3.979576       8.596072         7.929558e-02      
   3.979576       9.054685         5.582337e-02      
   3.979576       9.527979         3.772092e-02      
   3.979576       10.014676        2.436366e-02      
   3.979576       10.513464        1.495961e-02      
   3.979576       11.023000        8.667469e-03      
   3.979576       11.541909        4.688956e-03      
   3.979576       12.068793        2.331002e-03      
   3.979576       12.602230        1.037490e-03      
   3.979576       13.140784        3.940712e-04      
   3.979576       13.683002        1.150607e-04      
   3.979576       14.227422        1.933522e-05      
   3.979576       14.772578        2.124958e-06      
   3.979576       15.316998        9.793530e-06      
   3.979576       15.859216        1.935175e-05      
   3.979576       16.397770        2.368906e-05      
   3.979576       16.931207        2.283273e-05      
   3.979576       17.458091        1.892922e-05      
   3.979576       17.977000        1.403985e-05      
   3.979576       18.486536        9.520361e-06      
   3.979576       18.985324        5.925686e-06      
   3.979576       19.472021        3.409748e-06      
   3.979576       19.945315        1.743030e-06      
   3.979576       20.403928        7.187218e-07      
   3.979576       20.846626        2.402141e-07      
   3.979576       21.272215        -9.427858e-08     
   3.979576       21.679546        -2.012341e-07     
   3.979576       22.067523        -2.084330e-07     
   3.979576       22.435100        -2.050357e-07     
   3.979576       22.781284        -1.796194e-07     
   3.979576       23.105144        -1.512564e-07     
   3.979576       23.405806        -1.253773e-07     
   3.979576       23.682459        -9.392487e-08     
   3.979576       23.934358        -7.826209e-08     
   3.979576       24.160824        -6.668808e-08     
   3.979576       24.361246        -5.539276e-08     
   3.979576       24.535084        -4.762341e-08     
   3.979576       24.681869        -4.246899e-08     
   3.979576       24.801206        -3.823956e-08     
   3.979576       24.892773        -3.468644e-08     
   3.979576       24.956326        -3.211105e-08     
   3.979576       24.991706        -3.067452e-08     
   3.991681       0.001580         4.307998e-04      
   3.991681       0.008319         2.268583e-03      
   3.991681       0.020424         5.569673e-03      
   3.991681       0.037866         1.032623e-02      
   3.991681       0.060596         1.652443e-02      
   3.991681       0.088555         2.415140e-02      
   3.991681       0.121667         3.317789e-02      
   3.991681       0.159843         4.356637e-02      
   3.991681       0.202979         5.528588e-02      
   3.991681       0.250960         6.829773e-02      
   3.991681       0.303656         8.255280e-02      
   3.991681       0.360925         9.799338e-02      
   3.991681       0.422613         1.145524e-01      
   3.991681       0.488552         1.321548e-01      
   3.991681       0.558567         1.507164e-01      
   3.991681       0.632467         1.701445e-01      
   3.991681       0.710054         1.903370e-01      
   3.991681       0.791119         2.111837e-01      
   3.991681       0.875442         2.325663e-01      
   3.991681       0.962797         2.543594e-01      
   3.991681       1.052948         2.764317e-01      
   3.991681       1.145653         2.986468e-01      
   3.991681       1.240660         3.208653e-01      
   3.991681       1.337714         3.429463e-01      
   3.991681       1.436554         3.647496e-01      
   3.991681       1.536913         3.861374e-01      
   3.991681       1.638520         4.069767e-01      
   3.991681       1.741102         4.271417e-01      
   3.991681       1.844381         4.465157e-01      
   3.991681       1.948080         4.649931e-01      
   3.991681       2.051920         4.824811e-01      
   3.991681       2.155619         4.989015e-01      
   3.991681       2.258898         5.141913e-01      
   3.991681       2.361480         5.283035e-01      
   3.991681       2.463087         5.412074e-01      
   3.991681       2.563446         5.528879e-01      
   3.991681       2.662286         5.633453e-01      
   3.991681       2.759340         5.725938e-01      
   3.991681       2.854347         5.806603e-01      
   3.991681       2.947052         5.875830e-01      
   3.991681       3.037203         5.934096e-01      
   3.991681       3.124558         5.981959e-01      
   3.991681       3.208881         6.020046e-01      
   3.991681       3.289946         6.049040e-01      
   3.991681       3.367533         6.069677e-01      
   3.991681       3.441433         6.082735e-01      
   3.991681       3.511448         6.089039e-01      
   3.991681       3.577387         6.089454e-01      
   3.991681       3.639075         6.084887e-01      
   3.991681       3.696344         6.076273e-01      
   3.991681       3.749040         6.064567e-01      
   3.991681       3.797021         6.050721e-01      
   3.991681       3.840157         6.035663e-01      
   3.991681       3.878333         6.020272e-01      
   3.991681       3.911445         6.005358e-01      
   3.991681       3.939404         5.991639e-01      
   3.991681       3.962134         5.979732e-01      
   3.991681       3.979576         5.970141e-01      
   3.991681       3.991681         5.963254e-01      
   3.991681       3.998420         5.959338e-01      
   3.991681       4.008294         5.953497e-01      
   3.991681       4.043674         5.931558e-01      
   3.991681       4.107227         5.888281e-01      
   3.991681       4.198794         5.817650e-01      
   3.991681       4.318131         5.712317e-01      
   3.991681       4.464916         5.565149e-01      
   3.991681       4.638754         5.370662e-01      
   3.991681       4.839176         5.125669e-01      
   3.991681       5.065642         4.829252e-01      
   3.991681       5.317541         4.482814e-01      
   3.991681       5.594194         4.090573e-01      
   3.991681       5.894856         3.660289e-01      
   3.991681       6.218716         3.203676e-01      
   3.991681       6.564900         2.735996e-01      
   3.991681       6.932477         2.274671e-01      
   3.991681       7.320454         1.837137e-01      
   3.991681       7.727785         1.438545e-01      
   3.991681       8.153374         1.089932e-01      
   3.991681       8.596072         7.972979e-02      
   3.991681       9.054685         5.616502e-02      
   3.991681       9.527979         3.797851e-02      
   3.991681       10.014676        2.454954e-02      
   3.991681       10.513464        1.508767e-02      
   3.991681       11.023000        8.751396e-03      
   3.991681       11.541909        4.740988e-03      
   3.991681       12.068793        2.361287e-03      
   3.991681       12.602230        1.053835e-03      
   3.991681       13.140784        4.020892e-04      
   3.991681       13.683002        1.185055e-04      
   3.991681       14.227422        2.051286e-05      
   3.991681       14.772578        2.335915e-06      
   3.991681       15.316998        9.700977e-06      
   3.991681       15.859216        1.922926e-05      
   3.991681       16.397770        2.361845e-05      
   3.991681       16.931207        2.282542e-05      
   3.991681       17.458091        1.895882e-05      
   3.991681       17.977000        1.407876e-05      
   3.991681       18.486536        9.563315e-06      
   3.991681       18.985324        5.961626e-06      
   3.991681       19.472021        3.431504e-06      
   3.991681       19.945315        1.762658e-06      
   3.991681       20.403928        7.284012e-07      
   3.991681       20.846626        2.436377e-07      
   3.991681       21.272215        -8.779178e-08     
   3.991681       21.679546        -2.021546e-07     
   3.991681       22.067523        -2.063188e-07     
   3.991681       22.435100        -2.061907e-07     
   3.991681       22.781284        -1.791288e-07     
   3.991681       23.105144        -1.520855e-07     
   3.991681       23.405806        -1.253839e-07     
   3.991681       23.682459        -9.410814e-08     
   3.991681       23.934358        -7.890942e-08     
   3.991681       24.160824        -6.696984e-08     
   3.991681       24.361246        -5.551769e-08     
   3.991681       24.535084        -4.788780e-08     
   3.991681       24.681869        -4.279169e-08     
   3.991681       24.801206        -3.848216e-08     
   3.991681       24.892773        -3.482495e-08     
   3.991681       24.956326        -3.218358e-08     
   3.991681       24.991706        -3.071863e-08     
   3.998420       0.001580         4.296876e-04      
   3.998420       0.008319         2.262726e-03      
   3.998420       0.020424         5.555293e-03      
   3.998420       0.037866         1.029958e-02      
   3.998420       0.060596         1.648177e-02      
   3.998420       0.088555         2.408906e-02      
   3.998420       0.121667         3.309232e-02      
   3.998420       0.159843         4.345409e-02      
   3.998420       0.202979         5.514352e-02      
   3.998420       0.250960         6.812207e-02      
   3.998420       0.303656         8.234080e-02      
   3.998420       0.360925         9.774227e-02      
   3.998420       0.422613         1.142597e-01      
   3.998420       0.488552         1.318182e-01      
   3.998420       0.558567         1.503341e-01      
   3.998420       0.632467         1.697151e-01      
   3.998420       0.710054         1.898595e-01      
   3.998420       0.791119         2.106575e-01      
   3.998420       0.875442         2.319914e-01      
   3.998420       0.962797         2.537364e-01      
   3.998420       1.052948         2.757616e-01      
   3.998420       1.145653         2.979312e-01      
   3.998420       1.240660         3.201064e-01      
   3.998420       1.337714         3.421467e-01      
   3.998420       1.436554         3.639124e-01      
   3.998420       1.536913         3.852661e-01      
   3.998420       1.638520         4.060752e-01      
   3.998420       1.741102         4.262141e-01      
   3.998420       1.844381         4.455664e-01      
   3.998420       1.948080         4.640265e-01      
   3.998420       2.051920         4.815018e-01      
   3.998420       2.155619         4.979139e-01      
   3.998420       2.258898         5.131998e-01      
   3.998420       2.361480         5.273122e-01      
   3.998420       2.463087         5.402202e-01      
   3.998420       2.563446         5.519087e-01      
   3.998420       2.662286         5.623775e-01      
   3.998420       2.759340         5.716406e-01      
   3.998420       2.854347         5.797247e-01      
   3.998420       2.947052         5.866679e-01      
   3.998420       3.037203         5.925175e-01      
   3.998420       3.124558         5.973293e-01      
   3.998420       3.208881         6.011657e-01      
   3.998420       3.289946         6.040950e-01      
   3.998420       3.367533         6.061904e-01      
   3.998420       3.441433         6.075298e-01      
   3.998420       3.511448         6.081950e-01      
   3.998420       3.577387         6.082723e-01      
   3.998420       3.639075         6.078516e-01      
   3.998420       3.696344         6.070259e-01      
   3.998420       3.749040         6.058899e-01      
   3.998420       3.797021         6.045382e-01      
   3.998420       3.840157         6.030630e-01      
   3.998420       3.878333         6.015516e-01      
   3.998420       3.911445         6.000845e-01      
   3.998420       3.939404         5.987334e-01      
   3.998420       3.962134         5.975596e-01      
   3.998420       3.979576         5.966135e-01      
   3.998420       3.991681         5.959338e-01      
   3.998420       3.998420         5.955473e-01      
   3.998420       4.008294         5.949706e-01      
   3.998420       4.043674         5.928029e-01      
   3.998420       4.107227         5.885218e-01      
   3.998420       4.198794         5.815231e-01      
   3.998420       4.318131         5.710670e-01      
   3.998420       4.464916         5.564338e-01      
   3.998420       4.638754         5.370694e-01      
   3.998420       4.839176         5.126521e-01      
   3.998420       5.065642         4.830889e-01      
   3.998420       5.317541         4.485188e-01      
   3.998420       5.594194         4.093607e-01      
   3.998420       5.894856         3.663863e-01      
   3.998420       6.218716         3.207621e-01      
   3.998420       6.564900         2.740109e-01      
   3.998420       6.932477         2.278739e-01      
   3.998420       7.320454         1.840966e-01      
   3.998420       7.727785         1.441982e-01      
   3.998420       8.153374         1.092880e-01      
   3.998420       8.596072         7.997208e-02      
   3.998420       9.054685         5.635580e-02      
   3.998420       9.527979         3.812245e-02      
   3.998420       10.014676        2.465348e-02      
   3.998420       10.513464        1.515933e-02      
   3.998420       11.023000        8.798392e-03      
   3.998420       11.541909        4.770149e-03      
   3.998420       12.068793        2.378275e-03      
   3.998420       12.602230        1.063015e-03      
   3.998420       13.140784        4.065992e-04      
   3.998420       13.683002        1.204478e-04      
   3.998420       14.227422        2.118006e-05      
   3.998420       14.772578        2.457846e-06      
   3.998420       15.316998        9.650593e-06      
   3.998420       15.859216        1.916098e-05      
   3.998420       16.397770        2.357865e-05      
   3.998420       16.931207        2.282086e-05      
   3.998420       17.458091        1.897510e-05      
   3.998420       17.977000        1.410032e-05      
   3.998420       18.486536        9.587134e-06      
   3.998420       18.985324        5.981759e-06      
   3.998420       19.472021        3.443618e-06      
   3.998420       19.945315        1.773581e-06      
   3.998420       20.403928        7.339756e-07      
   3.998420       20.846626        2.453854e-07      
   3.998420       21.272215        -8.412184e-08     
   3.998420       21.679546        -2.026010e-07     
   3.998420       22.067523        -2.051813e-07     
   3.998420       22.435100        -2.068074e-07     
   3.998420       22.781284        -1.788628e-07     
   3.998420       23.105144        -1.525442e-07     
   3.998420       23.405806        -1.253757e-07     
   3.998420       23.682459        -9.422370e-08     
   3.998420       23.934358        -7.926879e-08     
   3.998420       24.160824        -6.712253e-08     
   3.998420       24.361246        -5.559061e-08     
   3.998420       24.535084        -4.803752e-08     
   3.998420       24.681869        -4.296899e-08     
   3.998420       24.801206        -3.861289e-08     
   3.998420       24.892773        -3.489857e-08     
   3.998420       24.956326        -3.222194e-08     
   3.998420       24.991706        -3.074215e-08     
   4.008294       0.001580         4.280573e-04      
   4.008294       0.008319         2.254141e-03      
   4.008294       0.020424         5.534213e-03      
   4.008294       0.037866         1.026050e-02      
   4.008294       0.060596         1.641923e-02      
   4.008294       0.088555         2.399768e-02      
   4.008294       0.121667         3.296690e-02      
   4.008294       0.159843         4.328951e-02      
   4.008294       0.202979         5.493483e-02      
   4.008294       0.250960         6.786455e-02      
   4.008294       0.303656         8.203003e-02      
   4.008294       0.360925         9.737415e-02      
   4.008294       0.422613         1.138305e-01      
   4.008294       0.488552         1.313248e-01      
   4.008294       0.558567         1.497737e-01      
   4.008294       0.632467         1.690855e-01      
   4.008294       0.710054         1.891593e-01      
   4.008294       0.791119         2.098860e-01      
   4.008294       0.875442         2.311485e-01      
   4.008294       0.962797         2.528228e-01      
   4.008294       1.052948         2.747789e-01      
   4.008294       1.145653         2.968818e-01      
   4.008294       1.240660         3.189932e-01      
   4.008294       1.337714         3.409737e-01      
   4.008294       1.436554         3.626842e-01      
   4.008294       1.536913         3.839877e-01      
   4.008294       1.638520         4.047524e-01      
   4.008294       1.741102         4.248529e-01      
   4.008294       1.844381         4.441732e-01      
   4.008294       1.948080         4.626078e-01      
   4.008294       2.051920         4.800642e-01      
   4.008294       2.155619         4.964639e-01      
   4.008294       2.258898         5.117438e-01      
   4.008294       2.361480         5.258564e-01      
   4.008294       2.463087         5.387704e-01      
   4.008294       2.563446         5.504702e-01      
   4.008294       2.662286         5.609555e-01      
   4.008294       2.759340         5.702399e-01      
   4.008294       2.854347         5.783497e-01      
   4.008294       2.947052         5.853224e-01      
   4.008294       3.037203         5.912055e-01      
   4.008294       3.124558         5.960543e-01      
   4.008294       3.208881         5.999310e-01      
   4.008294       3.289946         6.029037e-01      
   4.008294       3.367533         6.050453e-01      
   4.008294       3.441433         6.064333e-01      
   4.008294       3.511448         6.071490e-01      
   4.008294       3.577387         6.072781e-01      
   4.008294       3.639075         6.069097e-01      
   4.008294       3.696344         6.061358e-01      
   4.008294       3.749040         6.050502e-01      
   4.008294       3.797021         6.037464e-01      
   4.008294       3.840157         6.023157e-01      
   4.008294       3.878333         6.008446e-01      
   4.008294       3.911445         5.994131e-01      
   4.008294       3.939404         5.980922e-01      
   4.008294       3.962134         5.969432e-01      
   4.008294       3.979576         5.960162e-01      
   4.008294       3.991681         5.953497e-01      
   4.008294       3.998420         5.949706e-01      
   4.008294       4.008294         5.944046e-01      
   4.008294       4.043674         5.922755e-01      
   4.008294       4.107227         5.880626e-01      
   4.008294       4.198794         5.811586e-01      
   4.008294       4.318131         5.708166e-01      
   4.008294       4.464916         5.563068e-01      
   4.008294       4.638754         5.370668e-01      
   4.008294       4.839176         5.127704e-01      
   4.008294       5.065642         4.833231e-01      
   4.008294       5.317541         4.488618e-01      
   4.008294       5.594194         4.098011e-01      
   4.008294       5.894856         3.669065e-01      
   4.008294       6.218716         3.213375e-01      
   4.008294       6.564900         2.746119e-01      
   4.008294       6.932477         2.284690e-01      
   4.008294       7.320454         1.846572e-01      
   4.008294       7.727785         1.447019e-01      
   4.008294       8.153374         1.097206e-01      
   4.008294       8.596072         8.032778e-02      
   4.008294       9.054685         5.663606e-02      
   4.008294       9.527979         3.833403e-02      
   4.008294       10.014676        2.480635e-02      
   4.008294       10.513464        1.526479e-02      
   4.008294       11.023000        8.867599e-03      
   4.008294       11.541909        4.813122e-03      
   4.008294       12.068793        2.403331e-03      
   4.008294       12.602230        1.076568e-03      
   4.008294       13.140784        4.132668e-04      
   4.008294       13.683002        1.233254e-04      
   4.008294       14.227422        2.217273e-05      
   4.008294       14.772578        2.642380e-06      
   4.008294       15.316998        9.578291e-06      
   4.008294       15.859216        1.906085e-05      
   4.008294       16.397770        2.351974e-05      
   4.008294       16.931207        2.281355e-05      
   4.008294       17.458091        1.899869e-05      
   4.008294       17.977000        1.413181e-05      
   4.008294       18.486536        9.621905e-06      
   4.008294       18.985324        6.011408e-06      
   4.008294       19.472021        3.461381e-06      
   4.008294       19.945315        1.789564e-06      
   4.008294       20.403928        7.423879e-07      
   4.008294       20.846626        2.477530e-07      
   4.008294       21.272215        -7.869028e-08     
   4.008294       21.679546        -2.031584e-07     
   4.008294       22.067523        -2.035717e-07     
   4.008294       22.435100        -2.076729e-07     
   4.008294       22.781284        -1.784853e-07     
   4.008294       23.105144        -1.532100e-07     
   4.008294       23.405806        -1.253495e-07     
   4.008294       23.682459        -9.441088e-08     
   4.008294       23.934358        -7.979280e-08     
   4.008294       24.160824        -6.734117e-08     
   4.008294       24.361246        -5.570239e-08     
   4.008294       24.535084        -4.825998e-08     
   4.008294       24.681869        -4.322515e-08     
   4.008294       24.801206        -3.879851e-08     
   4.008294       24.892773        -3.500197e-08     
   4.008294       24.956326        -3.227581e-08     
   4.008294       24.991706        -3.077560e-08     
   4.043674       0.001580         4.222083e-04      
   4.043674       0.008319         2.223341e-03      
   4.043674       0.020424         5.458590e-03      
   4.043674       0.037866         1.012030e-02      
   4.043674       0.060596         1.619486e-02      
   4.043674       0.088555         2.366983e-02      
   4.043674       0.121667         3.251688e-02      
   4.043674       0.159843         4.269900e-02      
   4.043674       0.202979         5.418601e-02      
   4.043674       0.250960         6.694049e-02      
   4.043674       0.303656         8.091481e-02      
   4.043674       0.360925         9.605307e-02      
   4.043674       0.422613         1.122903e-01      
   4.043674       0.488552         1.295537e-01      
   4.043674       0.558567         1.477620e-01      
   4.043674       0.632467         1.668256e-01      
   4.043674       0.710054         1.866457e-01      
   4.043674       0.791119         2.071158e-01      
   4.043674       0.875442         2.281215e-01      
   4.043674       0.962797         2.495415e-01      
   4.043674       1.052948         2.712487e-01      
   4.043674       1.145653         2.931109e-01      
   4.043674       1.240660         3.149927e-01      
   4.043674       1.337714         3.367572e-01      
   4.043674       1.436554         3.582677e-01      
   4.043674       1.536913         3.793898e-01      
   4.043674       1.638520         3.999931e-01      
   4.043674       1.741102         4.199540e-01      
   4.043674       1.844381         4.391574e-01      
   4.043674       1.948080         4.574986e-01      
   4.043674       2.051920         4.748852e-01      
   4.043674       2.155619         4.912386e-01      
   4.043674       2.258898         5.064951e-01      
   4.043674       2.361480         5.206062e-01      
   4.043674       2.463087         5.335397e-01      
   4.043674       2.563446         5.452786e-01      
   4.043674       2.662286         5.558213e-01      
   4.043674       2.759340         5.651798e-01      
   4.043674       2.854347         5.733794e-01      
   4.043674       2.947052         5.804563e-01      
   4.043674       3.037203         5.864569e-01      
   4.043674       3.124558         5.914355e-01      
   4.043674       3.208881         5.954534e-01      
   4.043674       3.289946         5.985780e-01      
   4.043674       3.367533         6.008809e-01      
   4.043674       3.441433         6.024385e-01      
   4.043674       3.511448         6.033306e-01      
   4.043674       3.577387         6.036404e-01      
   4.043674       3.639075         6.034546e-01      
   4.043674       3.696344         6.028619e-01      
   4.043674       3.749040         6.019527e-01      
   4.043674       3.797021         6.008170e-01      
   4.043674       3.840157         5.995429e-01      
   4.043674       3.878333         5.982142e-01      
   4.043674       3.911445         5.969085e-01      
   4.043674       3.939404         5.956952e-01      
   4.043674       3.962134         5.946342e-01      
   4.043674       3.979576         5.937750e-01      
   4.043674       3.991681         5.931558e-01      
   4.043674       3.998420         5.928029e-01      
   4.043674       4.008294         5.922755e-01      
   4.043674       4.043674         5.902843e-01      
   4.043674       4.107227         5.863171e-01      
   4.043674       4.198794         5.797559e-01      
   4.043674       4.318131         5.698290e-01      
   4.043674       4.464916         5.557710e-01      
   4.043674       4.638754         5.369866e-01      
   4.043674       4.839176         5.131321e-01      
   4.043674       5.065642         4.841069e-01      
   4.043674       5.317541         4.500419e-01      
   4.043674       5.594194         4.113375e-01      
   4.043674       5.894856         3.687366e-01      
   4.043674       6.218716         3.233741e-01      
   4.043674       6.564900         2.767485e-01      
   4.043674       6.932477         2.305927e-01      
   4.043674       7.320454         1.866639e-01      
   4.043674       7.727785         1.465095e-01      
   4.043674       8.153374         1.112764e-01      
   4.043674       8.596072         8.160941e-02      
   4.043674       9.054685         5.764762e-02      
   4.043674       9.527979         3.909897e-02      
   4.043674       10.014676        2.535992e-02      
   4.043674       10.513464        1.564732e-02      
   4.043674       11.023000        9.119077e-03      
   4.043674       11.541909        4.969576e-03      
   4.043674       12.068793        2.494761e-03      
   4.043674       12.602230        1.126162e-03      
   4.043674       13.140784        4.377552e-04      
   4.043674       13.683002        1.339542e-04      
   4.043674       14.227422        2.588078e-05      
   4.043674       14.772578        3.362934e-06      
   4.043674       15.316998        9.334661e-06      
   4.043674       15.859216        1.870118e-05      
   4.043674       16.397770        2.330288e-05      
   4.043674       16.931207        2.278112e-05      
   4.043674       17.458091        1.908054e-05      
   4.043674       17.977000        1.424367e-05      
   4.043674       18.486536        9.745209e-06      
   4.043674       18.985324        6.119020e-06      
   4.043674       19.472021        3.525406e-06      
   4.043674       19.945315        1.846419e-06      
   4.043674       20.403928        7.749926e-07      
   4.043674       20.846626        2.546113e-07      
   4.043674       21.272215        -5.906074e-08     
   4.043674       21.679546        -2.040370e-07     
   4.043674       22.067523        -1.984502e-07     
   4.043674       22.435100        -2.103345e-07     
   4.043674       22.781284        -1.773022e-07     
   4.043674       23.105144        -1.554927e-07     
   4.043674       23.405806        -1.251432e-07     
   4.043674       23.682459        -9.525977e-08     
   4.043674       23.934358        -8.162605e-08     
   4.043674       24.160824        -6.808194e-08     
   4.043674       24.361246        -5.616102e-08     
   4.043674       24.535084        -4.908367e-08     
   4.043674       24.681869        -4.409867e-08     
   4.043674       24.801206        -3.940121e-08     
   4.043674       24.892773        -3.533033e-08     
   4.043674       24.956326        -3.245092e-08     
   4.043674       24.991706        -3.089196e-08     
   4.107227       0.001580         4.116838e-04      
   4.107227       0.008319         2.167919e-03      
   4.107227       0.020424         5.322517e-03      
   4.107227       0.037866         9.868029e-03      
   4.107227       0.060596         1.579113e-02      
   4.107227       0.088555         2.307987e-02      
   4.107227       0.121667         3.170704e-02      
   4.107227       0.159843         4.163624e-02      
   4.107227       0.202979         5.283827e-02      
   4.107227       0.250960         6.527718e-02      
   4.107227       0.303656         7.890722e-02      
   4.107227       0.360925         9.367466e-02      
   4.107227       0.422613         1.095170e-01      
   4.107227       0.488552         1.263645e-01      
   4.107227       0.558567         1.441390e-01      
   4.107227       0.632467         1.627544e-01      
   4.107227       0.710054         1.821164e-01      
   4.107227       0.791119         2.021227e-01      
   4.107227       0.875442         2.226638e-01      
   4.107227       0.962797         2.436232e-01      
   4.107227       1.052948         2.648788e-01      
   4.107227       1.145653         2.863036e-01      
   4.107227       1.240660         3.077673e-01      
   4.107227       1.337714         3.291377e-01      
   4.107227       1.436554         3.502825e-01      
   4.107227       1.536913         3.710712e-01      
   4.107227       1.638520         3.913771e-01      
   4.107227       1.741102         4.110793e-01      
   4.107227       1.844381         4.300646e-01      
   4.107227       1.948080         4.482298e-01      
   4.107227       2.051920         4.654828e-01      
   4.107227       2.155619         4.817449e-01      
   4.107227       2.258898         4.969513e-01      
   4.107227       2.361480         5.110522e-01      
   4.107227       2.463087         5.240131e-01      
   4.107227       2.563446         5.358149e-01      
   4.107227       2.662286         5.464533e-01      
   4.107227       2.759340         5.559378e-01      
   4.107227       2.854347         5.642910e-01      
   4.107227       2.947052         5.715468e-01      
   4.107227       3.037203         5.777492e-01      
   4.107227       3.124558         5.829508e-01      
   4.107227       3.208881         5.872109e-01      
   4.107227       3.289946         5.905951e-01      
   4.107227       3.367533         5.931732e-01      
   4.107227       3.441433         5.950193e-01      
   4.107227       3.511448         5.962105e-01      
   4.107227       3.577387         5.968269e-01      
   4.107227       3.639075         5.969507e-01      
   4.107227       3.696344         5.966658e-01      
   4.107227       3.749040         5.960573e-01      
   4.107227       3.797021         5.952094e-01      
   4.107227       3.840157         5.942048e-01      
   4.107227       3.878333         5.931224e-01      
   4.107227       3.911445         5.920354e-01      
   4.107227       3.939404         5.910100e-01      
   4.107227       3.962134         5.901037e-01      
   4.107227       3.979576         5.893640e-01      
   4.107227       3.991681         5.888281e-01      
   4.107227       3.998420         5.885218e-01      
   4.107227       4.008294         5.880626e-01      
   4.107227       4.043674         5.863171e-01      
   4.107227       4.107227         5.827916e-01      
   4.107227       4.198794         5.768556e-01      
   4.107227       4.318131         5.676982e-01      
   4.107227       4.464916         5.544874e-01      
   4.107227       4.638754         5.365605e-01      
   4.107227       4.839176         5.135343e-01      
   4.107227       5.065642         4.852965e-01      
   4.107227       5.317541         4.519697e-01      
   4.107227       5.594194         4.139325e-01      
   4.107227       5.894856         3.718896e-01      
   4.107227       6.218716         3.269309e-01      
   4.107227       6.564900         2.805184e-01      
   4.107227       6.932477         2.343706e-01      
   4.107227       7.320454         1.902578e-01      
   4.107227       7.727785         1.497650e-01      
   4.107227       8.153374         1.140919e-01      
   4.107227       8.596072         8.393870e-02      
   4.107227       9.054685         5.949319e-02      
   4.107227       9.527979         4.049964e-02      
   4.107227       10.014676        2.637716e-02      
   4.107227       10.513464        1.635281e-02      
   4.107227       11.023000        9.584658e-03      
   4.107227       11.541909        5.260462e-03      
   4.107227       12.068793        2.665591e-03      
   4.107227       12.602230        1.219384e-03      
   4.107227       13.140784        4.841523e-04      
   4.107227       13.683002        1.543346e-04      
   4.107227       14.227422        3.315955e-05      
   4.107227       14.772578        4.904935e-06      
   4.107227       15.316998        8.963786e-06      
   4.107227       15.859216        1.805325e-05      
   4.107227       16.397770        2.289259e-05      
   4.107227       16.931207        2.269835e-05      
   4.107227       17.458091        1.921520e-05      
   4.107227       17.977000        1.444194e-05      
   4.107227       18.486536        9.961416e-06      
   4.107227       18.985324        6.316250e-06      
   4.107227       19.472021        3.643782e-06      
   4.107227       19.945315        1.945364e-06      
   4.107227       20.403928        8.431067e-07      
   4.107227       20.846626        2.633303e-07      
   4.107227       21.272215        -2.596700e-08     
   4.107227       21.679546        -2.001702e-07     
   4.107227       22.067523        -1.922843e-07     
   4.107227       22.435100        -2.129910e-07     
   4.107227       22.781284        -1.761780e-07     
   4.107227       23.105144        -1.588699e-07     
   4.107227       23.405806        -1.245496e-07     
   4.107227       23.682459        -9.747307e-08     
   4.107227       23.934358        -8.460517e-08     
   4.107227       24.160824        -6.930996e-08     
   4.107227       24.361246        -5.727348e-08     
   4.107227       24.535084        -5.062720e-08     
   4.107227       24.681869        -4.542913e-08     
   4.107227       24.801206        -4.021605e-08     
   4.107227       24.892773        -3.577529e-08     
   4.107227       24.956326        -3.273793e-08     
   4.107227       24.991706        -3.113714e-08     
   4.198794       0.001580         3.965085e-04      
   4.198794       0.008319         2.088006e-03      
   4.198794       0.020424         5.126319e-03      
   4.198794       0.037866         9.504265e-03      
   4.198794       0.060596         1.520901e-02      
   4.198794       0.088555         2.222919e-02      
   4.198794       0.121667         3.053927e-02      
   4.198794       0.159843         4.010378e-02      
   4.198794       0.202979         5.089478e-02      
   4.198794       0.250960         6.287850e-02      
   4.198794       0.303656         7.601177e-02      
   4.198794       0.360925         9.024391e-02      
   4.198794       0.422613         1.055160e-01      
   4.198794       0.488552         1.217623e-01      
   4.198794       0.558567         1.389093e-01      
   4.198794       0.632467         1.568761e-01      
   4.198794       0.710054         1.755741e-01      
   4.198794       0.791119         1.949074e-01      
   4.198794       0.875442         2.147731e-01      
   4.198794       0.962797         2.350618e-01      
   4.198794       1.052948         2.556583e-01      
   4.198794       1.145653         2.764431e-01      
   4.198794       1.240660         2.972930e-01      
   4.198794       1.337714         3.180828e-01      
   4.198794       1.436554         3.386865e-01      
   4.198794       1.536913         3.589796e-01      
   4.198794       1.638520         3.788406e-01      
   4.198794       1.741102         3.981525e-01      
   4.198794       1.844381         4.168056e-01      
   4.198794       1.948080         4.346985e-01      
   4.198794       2.051920         4.517404e-01      
   4.198794       2.155619         4.678523e-01      
   4.198794       2.258898         4.829683e-01      
   4.198794       2.361480         4.970364e-01      
   4.198794       2.463087         5.100196e-01      
   4.198794       2.563446         5.218950e-01      
   4.198794       2.662286         5.326546e-01      
   4.198794       2.759340         5.423040e-01      
   4.198794       2.854347         5.508616e-01      
   4.198794       2.947052         5.583574e-01      
   4.198794       3.037203         5.648318e-01      
   4.198794       3.124558         5.703338e-01      
   4.198794       3.208881         5.749197e-01      
   4.198794       3.289946         5.786520e-01      
   4.198794       3.367533         5.815976e-01      
   4.198794       3.441433         5.838274e-01      
   4.198794       3.511448         5.854150e-01      
   4.198794       3.577387         5.864363e-01      
   4.198794       3.639075         5.869686e-01      
   4.198794       3.696344         5.870901e-01      
   4.198794       3.749040         5.868793e-01      
   4.198794       3.797021         5.864137e-01      
   4.198794       3.840157         5.857689e-01      
   4.198794       3.878333         5.850171e-01      
   4.198794       3.911445         5.842258e-01      
   4.198794       3.939404         5.834560e-01      
   4.198794       3.962134         5.827612e-01      
   4.198794       3.979576         5.821859e-01      
   4.198794       3.991681         5.817650e-01      
   4.198794       3.998420         5.815231e-01      
   4.198794       4.008294         5.811586e-01      
   4.198794       4.043674         5.797559e-01      
   4.198794       4.107227         5.768556e-01      
   4.198794       4.198794         5.718253e-01      
   4.198794       4.318131         5.638147e-01      
   4.198794       4.464916         5.518982e-01      
   4.198794       4.638754         5.352970e-01      
   4.198794       4.839176         5.135479e-01      
   4.198794       5.065642         4.865134e-01      
   4.198794       5.317541         4.543105e-01      
   4.198794       5.594194         4.172951e-01      
   4.198794       5.894856         3.761225e-01      
   4.198794       6.218716         3.318183e-01      
   4.198794       6.564900         2.857882e-01      
   4.198794       6.932477         2.397228e-01      
   4.198794       7.320454         1.954050e-01      
   4.198794       7.727785         1.544702e-01      
   4.198794       8.153374         1.181930e-01      
   4.198794       8.596072         8.735470e-02      
   4.198794       9.054685         6.221639e-02      
   4.198794       9.527979         4.257824e-02      
   4.198794       10.014676        2.789520e-02      
   4.198794       10.513464        1.741159e-02      
   4.198794       11.023000        1.028760e-02      
   4.198794       11.541909        5.702547e-03      
   4.198794       12.068793        2.927184e-03      
   4.198794       12.602230        1.363464e-03      
   4.198794       13.140784        5.567347e-04      
   4.198794       13.683002        1.867878e-04      
   4.198794       14.227422        4.514678e-05      
   4.198794       14.772578        7.748084e-06      
   4.198794       15.316998        8.606942e-06      
   4.198794       15.859216        1.712101e-05      
   4.198794       16.397770        2.226121e-05      
   4.198794       16.931207        2.252520e-05      
   4.198794       17.458091        1.937408e-05      
   4.198794       17.977000        1.472432e-05      
   4.198794       18.486536        1.026224e-05      
   4.198794       18.985324        6.602182e-06      
   4.198794       19.472021        3.828819e-06      
   4.198794       19.945315        2.077628e-06      
   4.198794       20.403928        9.579500e-07      
   4.198794       20.846626        2.812369e-07      
   4.198794       21.272215        8.993740e-09      
   4.198794       21.679546        -1.810875e-07     
   4.198794       22.067523        -1.904829e-07     
   4.198794       22.435100        -2.115696e-07     
   4.198794       22.781284        -1.775031e-07     
   4.198794       23.105144        -1.612335e-07     
   4.198794       23.405806        -1.240587e-07     
   4.198794       23.682459        -1.019091e-07     
   4.198794       23.934358        -8.786835e-08     
   4.198794       24.160824        -7.113023e-08     
   4.198794       24.361246        -5.961654e-08     
   4.198794       24.535084        -5.279559e-08     
   4.198794       24.681869        -4.666473e-08     
   4.198794       24.801206        -4.081427e-08     
   4.198794       24.892773        -3.622343e-08     
   4.198794       24.956326        -3.325681e-08     
   4.198794       24.991706        -3.174189e-08     
   4.318131       0.001580         3.767898e-04      
   4.318131       0.008319         1.984167e-03      
   4.318131       0.020424         4.871392e-03      
   4.318131       0.037866         9.031587e-03      
   4.318131       0.060596         1.445264e-02      
   4.318131       0.088555         2.112388e-02      
   4.318131       0.121667         2.902200e-02      
   4.318131       0.159843         3.811273e-02      
   4.318131       0.202979         4.836981e-02      
   4.318131       0.250960         5.976212e-02      
   4.318131       0.303656         7.224967e-02      
   4.318131       0.360925         8.578556e-02      
   4.318131       0.422613         1.003153e-01      
   4.318131       0.488552         1.157782e-01      
   4.318131       0.558567         1.321068e-01      
   4.318131       0.632467         1.492268e-01      
   4.318131       0.710054         1.670566e-01      
   4.318131       0.791119         1.855082e-01      
   4.318131       0.875442         2.044871e-01      
   4.318131       0.962797         2.238929e-01      
   4.318131       1.052948         2.436195e-01      
   4.318131       1.145653         2.635565e-01      
   4.318131       1.240660         2.835901e-01      
   4.318131       1.337714         3.036038e-01      
   4.318131       1.436554         3.234805e-01      
   4.318131       1.536913         3.431031e-01      
   4.318131       1.638520         3.623570e-01      
   4.318131       1.741102         3.811312e-01      
   4.318131       1.844381         3.993203e-01      
   4.318131       1.948080         4.168263e-01      
   4.318131       2.051920         4.335599e-01      
   4.318131       2.155619         4.494426e-01      
   4.318131       2.258898         4.644075e-01      
   4.318131       2.361480         4.784002e-01      
   4.318131       2.463087         4.913801e-01      
   4.318131       2.563446         5.033202e-01      
   4.318131       2.662286         5.142073e-01      
   4.318131       2.759340         5.240417e-01      
   4.318131       2.854347         5.328359e-01      
   4.318131       2.947052         5.406145e-01      
   4.318131       3.037203         5.474122e-01      
   4.318131       3.124558         5.532728e-01      
   4.318131       3.208881         5.582478e-01      
   4.318131       3.289946         5.623949e-01      
   4.318131       3.367533         5.657768e-01      
   4.318131       3.441433         5.684599e-01      
   4.318131       3.511448         5.705133e-01      
   4.318131       3.577387         5.720081e-01      
   4.318131       3.639075         5.730162e-01      
   4.318131       3.696344         5.736098e-01      
   4.318131       3.749040         5.738607e-01      
   4.318131       3.797021         5.738393e-01      
   4.318131       3.840157         5.736137e-01      
   4.318131       3.878333         5.732489e-01      
   4.318131       3.911445         5.728052e-01      
   4.318131       3.939404         5.723375e-01      
   4.318131       3.962134         5.718939e-01      
   4.318131       3.979576         5.715148e-01      
   4.318131       3.991681         5.712317e-01      
   4.318131       3.998420         5.710670e-01      
   4.318131       4.008294         5.708166e-01      
   4.318131       4.043674         5.698290e-01      
   4.318131       4.107227         5.676982e-01      
   4.318131       4.198794         5.638147e-01      
   4.318131       4.318131         5.573159e-01      
   4.318131       4.464916         5.471828e-01      
   4.318131       4.638754         5.324640e-01      
   4.318131       4.839176         5.125395e-01      
   4.318131       5.065642         4.872067e-01      
   4.318131       5.317541         4.565789e-01      
   4.318131       5.594194         4.210000e-01      
   4.318131       5.894856         3.810743e-01      
   4.318131       6.218716         3.377480e-01      
   4.318131       6.564900         2.923475e-01      
   4.318131       6.932477         2.465161e-01      
   4.318131       7.320454         2.020414e-01      
   4.318131       7.727785         1.606160e-01      
   4.318131       8.153374         1.236085e-01      
   4.318131       8.596072         9.190861e-02      
   4.318131       9.054685         6.587765e-02      
   4.318131       9.527979         4.539496e-02      
   4.318131       10.014676        2.996805e-02      
   4.318131       10.513464        1.886848e-02      
   4.318131       11.023000        1.126269e-02      
   4.318131       11.541909        6.321239e-03      
   4.318131       12.068793        3.296971e-03      
   4.318131       12.602230        1.569625e-03      
   4.318131       13.140784        6.622578e-04      
   4.318131       13.683002        2.350416e-04      
   4.318131       14.227422        6.370351e-05      
   4.318131       14.772578        1.272062e-05      
   4.318131       15.316998        8.534942e-06      
   4.318131       15.859216        1.592623e-05      
   4.318131       16.397770        2.137912e-05      
   4.318131       16.931207        2.221175e-05      
   4.318131       17.458091        1.950331e-05      
   4.318131       17.977000        1.508526e-05      
   4.318131       18.486536        1.064391e-05      
   4.318131       18.985324        6.959535e-06      
   4.318131       19.472021        4.105000e-06      
   4.318131       19.945315        2.237845e-06      
   4.318131       20.403928        1.111420e-06      
   4.318131       20.846626        3.426688e-07      
   4.318131       21.272215        3.030250e-08      
   4.318131       21.679546        -1.394757e-07     
   4.318131       22.067523        -1.954668e-07     
   4.318131       22.435100        -2.032000e-07     
   4.318131       22.781284        -1.835000e-07     
   4.318131       23.105144        -1.596739e-07     
   4.318131       23.405806        -1.257381e-07     
   4.318131       23.682459        -1.084620e-07     
   4.318131       23.934358        -9.047507e-08     
   4.318131       24.160824        -7.420247e-08     
   4.318131       24.361246        -6.361485e-08     
   4.318131       24.535084        -5.505657e-08     
   4.318131       24.681869        -4.722189e-08     
   4.318131       24.801206        -4.106377e-08     
   4.318131       24.892773        -3.692845e-08     
   4.318131       24.956326        -3.445480e-08     
   4.318131       24.991706        -3.321880e-08     
   4.464916       0.001580         3.528048e-04      
   4.464916       0.008319         1.857863e-03      
   4.464916       0.020424         4.561317e-03      
   4.464916       0.037866         8.456619e-03      
   4.464916       0.060596         1.353263e-02      
   4.464916       0.088555         1.977931e-02      
   4.464916       0.121667         2.717609e-02      
   4.464916       0.159843         3.569022e-02      
   4.464916       0.202979         4.529728e-02      
   4.464916       0.250960         5.596928e-02      
   4.464916       0.303656         6.767005e-02      
   4.464916       0.360925         8.035714e-02      
   4.464916       0.422613         9.398120e-02      
   4.464916       0.488552         1.084876e-01      
   4.464916       0.558567         1.238154e-01      
   4.464916       0.632467         1.398983e-01      
   4.464916       0.710054         1.566630e-01      
   4.464916       0.791119         1.740306e-01      
   4.464916       0.875442         1.919164e-01      
   4.464916       0.962797         2.102304e-01      
   4.464916       1.052948         2.288774e-01      
   4.464916       1.145653         2.477580e-01      
   4.464916       1.240660         2.667693e-01      
   4.464916       1.337714         2.858057e-01      
   4.464916       1.436554         3.047602e-01      
   4.464916       1.536913         3.235256e-01      
   4.464916       1.638520         3.419958e-01      
   4.464916       1.741102         3.600674e-01      
   4.464916       1.844381         3.776410e-01      
   4.464916       1.948080         3.946232e-01      
   4.464916       2.051920         4.109276e-01      
   4.464916       2.155619         4.264767e-01      
   4.464916       2.258898         4.412032e-01      
   4.464916       2.361480         4.550506e-01      
   4.464916       2.463087         4.679746e-01      
   4.464916       2.563446         4.799433e-01      
   4.464916       2.662286         4.909378e-01      
   4.464916       2.759340         5.009513e-01      
   4.464916       2.854347         5.099895e-01      
   4.464916       2.947052         5.180694e-01      
   4.464916       3.037203         5.252184e-01      
   4.464916       3.124558         5.314730e-01      
   4.464916       3.208881         5.368778e-01      
   4.464916       3.289946         5.414840e-01      
   4.464916       3.367533         5.453481e-01      
   4.464916       3.441433         5.485306e-01      
   4.464916       3.511448         5.510947e-01      
   4.464916       3.577387         5.531058e-01      
   4.464916       3.639075         5.546297e-01      
   4.464916       3.696344         5.557325e-01      
   4.464916       3.749040         5.564793e-01      
   4.464916       3.797021         5.569336e-01      
   4.464916       3.840157         5.571563e-01      
   4.464916       3.878333         5.572053e-01      
   4.464916       3.911445         5.571338e-01      
   4.464916       3.939404         5.569902e-01      
   4.464916       3.962134         5.568168e-01      
   4.464916       3.979576         5.566491e-01      
   4.464916       3.991681         5.565149e-01      
   4.464916       3.998420         5.564338e-01      
   4.464916       4.008294         5.563068e-01      
   4.464916       4.043674         5.557710e-01      
   4.464916       4.107227         5.544874e-01      
   4.464916       4.198794         5.518982e-01      
   4.464916       4.318131         5.471828e-01      
   4.464916       4.464916         5.392854e-01      
   4.464916       4.638754         5.270702e-01      
   4.464916       4.839176         5.096477e-01      
   4.464916       5.065642         4.866419e-01      
   4.464916       5.317541         4.581369e-01      
   4.464916       5.594194         4.244865e-01      
   4.464916       5.894856         3.862611e-01      
   4.464916       6.218716         3.443220e-01      
   4.464916       6.564900         2.998943e-01      
   4.464916       6.932477         2.545480e-01      
   4.464916       7.320454         2.100569e-01      
   4.464916       7.727785         1.681688e-01      
   4.464916       8.153374         1.303612e-01      
   4.464916       8.596072         9.765818e-02      
   4.464916       9.054685         7.055144e-02      
   4.464916       9.527979         4.902722e-02      
   4.464916       10.014676        3.266715e-02      
   4.464916       10.513464        2.078397e-02      
   4.464916       11.023000        1.255771e-02      
   4.464916       11.541909        7.152017e-03      
   4.464916       12.068793        3.799691e-03      
   4.464916       12.602230        1.854045e-03      
   4.464916       13.140784        8.106499e-04      
   4.464916       13.683002        3.047121e-04      
   4.464916       14.227422        9.170330e-05      
   4.464916       14.772578        2.115508e-05      
   4.464916       15.316998        9.246233e-06      
   4.464916       15.859216        1.455404e-05      
   4.464916       16.397770        2.021339e-05      
   4.464916       16.931207        2.171129e-05      
   4.464916       17.458091        1.953474e-05      
   4.464916       17.977000        1.549496e-05      
   4.464916       18.486536        1.111920e-05      
   4.464916       18.985324        7.361437e-06      
   4.464916       19.472021        4.485989e-06      
   4.464916       19.945315        2.457836e-06      
   4.464916       20.403928        1.257011e-06      
   4.464916       20.846626        4.787375e-07      
   4.464916       21.272215        5.474192e-08      
   4.464916       21.679546        -8.867632e-08     
   4.464916       22.067523        -1.953761e-07     
   4.464916       22.435100        -1.927457e-07     
   4.464916       22.781284        -1.900304e-07     
   4.464916       23.105144        -1.545240e-07     
   4.464916       23.405806        -1.316808e-07     
   4.464916       23.682459        -1.146416e-07     
   4.464916       23.934358        -9.309356e-08     
   4.464916       24.160824        -7.918242e-08     
   4.464916       24.361246        -6.809352e-08     
   4.464916       24.535084        -5.660823e-08     
   4.464916       24.681869        -4.753449e-08     
   4.464916       24.801206        -4.190816e-08     
   4.464916       24.892773        -3.869125e-08     
   4.464916       24.956326        -3.683684e-08     
   4.464916       24.991706        -3.587616e-08     
   4.638754       0.001580         3.250190e-04      
   4.638754       0.008319         1.711544e-03      
   4.638754       0.020424         4.202104e-03      
   4.638754       0.037866         7.790523e-03      
   4.638754       0.060596         1.246682e-02      
   4.638754       0.088555         1.822153e-02      
   4.638754       0.121667         2.503725e-02      
   4.638754       0.159843         3.288303e-02      
   4.638754       0.202979         4.173637e-02      
   4.638754       0.250960         5.157281e-02      
   4.638754       0.303656         6.236040e-02      
   4.638754       0.360925         7.406169e-02      
   4.638754       0.422613         8.663302e-02      
   4.638754       0.488552         1.000263e-01      
   4.638754       0.558567         1.141881e-01      
   4.638754       0.632467         1.290602e-01      
   4.638754       0.710054         1.445788e-01      
   4.638754       0.791119         1.606751e-01      
   4.638754       0.875442         1.772753e-01      
   4.638754       0.962797         1.943008e-01      
   4.638754       1.052948         2.116683e-01      
   4.638754       1.145653         2.292908e-01      
   4.638754       1.240660         2.470777e-01      
   4.638754       1.337714         2.649360e-01      
   4.638754       1.436554         2.827704e-01      
   4.638754       1.536913         3.004850e-01      
   4.638754       1.638520         3.179841e-01      
   4.638754       1.741102         3.351734e-01      
   4.638754       1.844381         3.519614e-01      
   4.638754       1.948080         3.682606e-01      
   4.638754       2.051920         3.839892e-01      
   4.638754       2.155619         3.990720e-01      
   4.638754       2.258898         4.134421e-01      
   4.638754       2.361480         4.270417e-01      
   4.638754       2.463087         4.398234e-01      
   4.638754       2.563446         4.517505e-01      
   4.638754       2.662286         4.627975e-01      
   4.638754       2.759340         4.729506e-01      
   4.638754       2.854347         4.822071e-01      
   4.638754       2.947052         4.905754e-01      
   4.638754       3.037203         4.980735e-01      
   4.638754       3.124558         5.047293e-01      
   4.638754       3.208881         5.105782e-01      
   4.638754       3.289946         5.156630e-01      
   4.638754       3.367533         5.200318e-01      
   4.638754       3.441433         5.237375e-01      
   4.638754       3.511448         5.268360e-01      
   4.638754       3.577387         5.293855e-01      
   4.638754       3.639075         5.314449e-01      
   4.638754       3.696344         5.330735e-01      
   4.638754       3.749040         5.343297e-01      
   4.638754       3.797021         5.352702e-01      
   4.638754       3.840157         5.359491e-01      
   4.638754       3.878333         5.364175e-01      
   4.638754       3.911445         5.367224e-01      
   4.638754       3.939404         5.369059e-01      
   4.638754       3.962134         5.370050e-01      
   4.638754       3.979576         5.370504e-01      
   4.638754       3.991681         5.370662e-01      
   4.638754       3.998420         5.370694e-01      
   4.638754       4.008294         5.370668e-01      
   4.638754       4.043674         5.369866e-01      
   4.638754       4.107227         5.365605e-01      
   4.638754       4.198794         5.352970e-01      
   4.638754       4.318131         5.324640e-01      
   4.638754       4.464916         5.270702e-01      
   4.638754       4.638754         5.179009e-01      
   4.638754       4.839176         5.037510e-01      
   4.638754       5.065642         4.838700e-01      
   4.638754       5.317541         4.581826e-01      
   4.638754       5.594194         4.270573e-01      
   4.638754       5.894856         3.910725e-01      
   4.638754       6.218716         3.510223e-01      
   4.638754       6.564900         3.080176e-01      
   4.638754       6.932477         2.635244e-01      
   4.638754       7.320454         2.192732e-01      
   4.638754       7.727785         1.770521e-01      
   4.638754       8.153374         1.384532e-01      
   4.638754       8.596072         1.046580e-01      
   4.638754       9.054685         7.632080e-02      
   4.638754       9.527979         5.356745e-02      
   4.638754       10.014676        3.608118e-02      
   4.638754       10.513464        2.323536e-02      
   4.638754       11.023000        1.423513e-02      
   4.638754       11.541909        8.242177e-03      
   4.638754       12.068793        4.468996e-03      
   4.638754       12.602230        2.239195e-03      
   4.638754       13.140784        1.015961e-03      
   4.638754       13.683002        4.039847e-04      
   4.638754       14.227422        1.334968e-04      
   4.638754       14.772578        3.510269e-05      
   4.638754       15.316998        1.159439e-05      
   4.638754       15.859216        1.325215e-05      
   4.638754       16.397770        1.872467e-05      
   4.638754       16.931207        2.096507e-05      
   4.638754       17.458091        1.942469e-05      
   4.638754       17.977000        1.587216e-05      
   4.638754       18.486536        1.169036e-05      
   4.638754       18.985324        7.823288e-06      
   4.638754       19.472021        4.922698e-06      
   4.638754       19.945315        2.804256e-06      
   4.638754       20.403928        1.391330e-06      
   4.638754       20.846626        6.320100e-07      
   4.638754       21.272215        1.383069e-07      
   4.638754       21.679546        -5.533501e-08     
   4.638754       22.067523        -1.706437e-07     
   4.638754       22.435100        -1.901420e-07     
   4.638754       22.781284        -1.858728e-07     
   4.638754       23.105144        -1.534261e-07     
   4.638754       23.405806        -1.395140e-07     
   4.638754       23.682459        -1.180480e-07     
   4.638754       23.934358        -9.861605e-08     
   4.638754       24.160824        -8.481776e-08     
   4.638754       24.361246        -7.047509e-08     
   4.638754       24.535084        -5.797981e-08     
   4.638754       24.681869        -4.983626e-08     
   4.638754       24.801206        -4.508689e-08     
   4.638754       24.892773        -4.211738e-08     
   4.638754       24.956326        -4.016443e-08     
   4.638754       24.991706        -3.907155e-08     
   4.839176       0.001580         2.941108e-04      
   4.839176       0.008319         1.548781e-03      
   4.839176       0.020424         3.802507e-03      
   4.839176       0.037866         7.049586e-03      
   4.839176       0.060596         1.128131e-02      
   4.839176       0.088555         1.648868e-02      
   4.839176       0.121667         2.265792e-02      
   4.839176       0.159843         2.976016e-02      
   4.839176       0.202979         3.777489e-02      
   4.839176       0.250960         4.668126e-02      
   4.839176       0.303656         5.645181e-02      
   4.839176       0.360925         6.705421e-02      
   4.839176       0.422613         7.845076e-02      
   4.839176       0.488552         9.060027e-02      
   4.839176       0.558567         1.034571e-01      
   4.839176       0.632467         1.169720e-01      
   4.839176       0.710054         1.310905e-01      
   4.839176       0.791119         1.457544e-01      
   4.839176       0.875442         1.609014e-01      
   4.839176       0.962797         1.764647e-01      
   4.839176       1.052948         1.923740e-01      
   4.839176       1.145653         2.085552e-01      
   4.839176       1.240660         2.249310e-01      
   4.839176       1.337714         2.414217e-01      
   4.839176       1.436554         2.579451e-01      
   4.839176       1.536913         2.744179e-01      
   4.839176       1.638520         2.907561e-01      
   4.839176       1.741102         3.068761e-01      
   4.839176       1.844381         3.226958e-01      
   4.839176       1.948080         3.381354e-01      
   4.839176       2.051920         3.531191e-01      
   4.839176       2.155619         3.675758e-01      
   4.839176       2.258898         3.814406e-01      
   4.839176       2.361480         3.946556e-01      
   4.839176       2.463087         4.071712e-01      
   4.839176       2.563446         4.189467e-01      
   4.839176       2.662286         4.299510e-01      
   4.839176       2.759340         4.401629e-01      
   4.839176       2.854347         4.495711e-01      
   4.839176       2.947052         4.581745e-01      
   4.839176       3.037203         4.659814e-01      
   4.839176       3.124558         4.730089e-01      
   4.839176       3.208881         4.792822e-01      
   4.839176       3.289946         4.848336e-01      
   4.839176       3.367533         4.897014e-01      
   4.839176       3.441433         4.939289e-01      
   4.839176       3.511448         4.975628e-01      
   4.839176       3.577387         5.006527e-01      
   4.839176       3.639075         5.032495e-01      
   4.839176       3.696344         5.054049e-01      
   4.839176       3.749040         5.071699e-01      
   4.839176       3.797021         5.085941e-01      
   4.839176       3.840157         5.097251e-01      
   4.839176       3.878333         5.106075e-01      
   4.839176       3.911445         5.112823e-01      
   4.839176       3.939404         5.117865e-01      
   4.839176       3.962134         5.121519e-01      
   4.839176       3.979576         5.124051e-01      
   4.839176       3.991681         5.125669e-01      
   4.839176       3.998420         5.126521e-01      
   4.839176       4.008294         5.127704e-01      
   4.839176       4.043674         5.131321e-01      
   4.839176       4.107227         5.135343e-01      
   4.839176       4.198794         5.135479e-01      
   4.839176       4.318131         5.125395e-01      
   4.839176       4.464916         5.096477e-01      
   4.839176       4.638754         5.037510e-01      
   4.839176       4.839176         4.935066e-01      
   4.839176       5.065642         4.776783e-01      
   4.839176       5.317541         4.557153e-01      
   4.839176       5.594194         4.278687e-01      
   4.839176       5.894856         3.947708e-01      
   4.839176       6.218716         3.572061e-01      
   4.839176       6.564900         3.161830e-01      
   4.839176       6.932477         2.730379e-01      
   4.839176       7.320454         2.294182e-01      
   4.839176       7.727785         1.871213e-01      
   4.839176       8.153374         1.478455e-01      
   4.839176       8.596072         1.129448e-01      
   4.839176       9.054685         8.326822e-02      
   4.839176       9.527979         5.911851e-02      
   4.839176       10.014676        4.031476e-02      
   4.839176       10.513464        2.631737e-02      
   4.839176       11.023000        1.637383e-02      
   4.839176       11.541909        9.652906e-03      
   4.839176       12.068793        5.349486e-03      
   4.839176       12.602230        2.755601e-03      
   4.839176       13.140784        1.297709e-03      
   4.839176       13.683002        5.445394e-04      
   4.839176       14.227422        1.955766e-04      
   4.839176       14.772578        5.774568e-05      
   4.839176       15.316998        1.694429e-05      
   4.839176       15.859216        1.255958e-05      
   4.839176       16.397770        1.696119e-05      
   4.839176       16.931207        1.985524e-05      
   4.839176       17.458091        1.916263e-05      
   4.839176       17.977000        1.614305e-05      
   4.839176       18.486536        1.226659e-05      
   4.839176       18.985324        8.424469e-06      
   4.839176       19.472021        5.366750e-06      
   4.839176       19.945315        3.231455e-06      
   4.839176       20.403928        1.661167e-06      
   4.839176       20.846626        7.507195e-07      
   4.839176       21.272215        2.795191e-07      
   4.839176       21.679546        -2.235994e-08     
   4.839176       22.067523        -1.289106e-07     
   4.839176       22.435100        -1.866161e-07     
   4.839176       22.781284        -1.712803e-07     
   4.839176       23.105144        -1.613870e-07     
   4.839176       23.405806        -1.430938e-07     
   4.839176       23.682459        -1.217107e-07     
   4.839176       23.934358        -1.064381e-07     
   4.839176       24.160824        -8.780979e-08     
   4.839176       24.361246        -7.156332e-08     
   4.839176       24.535084        -6.164312e-08     
   4.839176       24.681869        -5.527856e-08     
   4.839176       24.801206        -5.020061e-08     
   4.839176       24.892773        -4.616624e-08     
   4.839176       24.956326        -4.339114e-08     
   4.839176       24.991706        -4.189366e-08     
   5.065642       0.001580         2.610038e-04      
   5.065642       0.008319         1.374441e-03      
   5.065642       0.020424         3.374458e-03      
   5.065642       0.037866         6.255965e-03      
   5.065642       0.060596         1.001145e-02      
   5.065642       0.088555         1.463239e-02      
   5.065642       0.121667         2.010873e-02      
   5.065642       0.159843         2.641400e-02      
   5.065642       0.202979         3.352952e-02      
   5.065642       0.250960         4.143813e-02      
   5.065642       0.303656         5.011693e-02      
   5.065642       0.360925         5.953889e-02      
   5.065642       0.422613         6.967233e-02      
   5.065642       0.488552         8.048289e-02      
   5.065642       0.558567         9.193269e-02      
   5.065642       0.632467         1.039810e-01      
   5.065642       0.710054         1.165831e-01      
   5.065642       0.791119         1.296914e-01      
   5.065642       0.875442         1.432546e-01      
   5.065642       0.962797         1.572184e-01      
   5.065642       1.052948         1.715248e-01      
   5.065642       1.145653         1.861132e-01      
   5.065642       1.240660         2.009199e-01      
   5.065642       1.337714         2.158787e-01      
   5.065642       1.436554         2.309211e-01      
   5.065642       1.536913         2.459772e-01      
   5.065642       1.638520         2.609754e-01      
   5.065642       1.741102         2.758442e-01      
   5.065642       1.844381         2.905120e-01      
   5.065642       1.948080         3.049083e-01      
   5.065642       2.051920         3.189648e-01      
   5.065642       2.155619         3.326164e-01      
   5.065642       2.258898         3.458018e-01      
   5.065642       2.361480         3.584649e-01      
   5.065642       2.463087         3.705556e-01      
   5.065642       2.563446         3.820306e-01      
   5.065642       2.662286         3.928543e-01      
   5.065642       2.759340         4.029993e-01      
   5.065642       2.854347         4.124464e-01      
   5.065642       2.947052         4.211852e-01      
   5.065642       3.037203         4.292139e-01      
   5.065642       3.124558         4.365387e-01      
   5.065642       3.208881         4.431735e-01      
   5.065642       3.289946         4.491393e-01      
   5.065642       3.367533         4.544630e-01      
   5.065642       3.441433         4.591769e-01      
   5.065642       3.511448         4.633172e-01      
   5.065642       3.577387         4.669236e-01      
   5.065642       3.639075         4.700376e-01      
   5.065642       3.696344         4.727020e-01      
   5.065642       3.749040         4.749595e-01      
   5.065642       3.797021         4.768524e-01      
   5.065642       3.840157         4.784211e-01      
   5.065642       3.878333         4.797038e-01      
   5.065642       3.911445         4.807360e-01      
   5.065642       3.939404         4.815490e-01      
   5.065642       3.962134         4.821705e-01      
   5.065642       3.979576         4.826233e-01      
   5.065642       3.991681         4.829252e-01      
   5.065642       3.998420         4.830889e-01      
   5.065642       4.008294         4.833231e-01      
   5.065642       4.043674         4.841069e-01      
   5.065642       4.107227         4.852965e-01      
   5.065642       4.198794         4.865134e-01      
   5.065642       4.318131         4.872067e-01      
   5.065642       4.464916         4.866419e-01      
   5.065642       4.638754         4.838700e-01      
   5.065642       4.839176         4.776783e-01      
   5.065642       5.065642         4.666236e-01      
   5.065642       5.317541         4.494665e-01      
   5.065642       5.594194         4.258954e-01      
   5.065642       5.894856         3.964876e-01      
   5.065642       6.218716         3.621077e-01      
   5.065642       6.564900         3.237262e-01      
   5.065642       6.932477         2.825486e-01      
   5.065642       7.320454         2.400981e-01      
   5.065642       7.727785         1.981335e-01      
   5.065642       8.153374         1.584304e-01      
   5.065642       8.596072         1.225163e-01      
   5.065642       9.054685         9.146138e-02      
   5.065642       9.527979         6.578559e-02      
   5.065642       10.014676        4.548496e-02      
   5.065642       10.513464        3.014174e-02      
   5.065642       11.023000        1.907048e-02      
   5.065642       11.541909        1.146157e-02      
   5.065642       12.068793        6.499033e-03      
   5.065642       12.602230        3.444022e-03      
   5.065642       13.140784        1.682717e-03      
   5.065642       13.683002        7.428294e-04      
   5.065642       14.227422        2.874154e-04      
   5.065642       14.772578        9.404205e-05      
   5.065642       15.316998        2.752193e-05      
   5.065642       15.859216        1.336597e-05      
   5.065642       16.397770        1.521176e-05      
   5.065642       16.931207        1.830354e-05      
   5.065642       17.458091        1.863700e-05      
   5.065642       17.977000        1.631809e-05      
   5.065642       18.486536        1.273250e-05      
   5.065642       18.985324        9.124445e-06      
   5.065642       19.472021        5.951909e-06      
   5.065642       19.945315        3.591239e-06      
   5.065642       20.403928        2.041826e-06      
   5.065642       20.846626        9.675911e-07      
   5.065642       21.272215        4.017277e-07      
   5.065642       21.679546        6.321721e-08      
   5.065642       22.067523        -9.540706e-08     
   5.065642       22.435100        -1.559991e-07     
   5.065642       22.781284        -1.650149e-07     
   5.065642       23.105144        -1.654740e-07     
   5.065642       23.405806        -1.450030e-07     
   5.065642       23.682459        -1.288389e-07     
   5.065642       23.934358        -1.089902e-07     
   5.065642       24.160824        -8.942018e-08     
   5.065642       24.361246        -7.676224e-08     
   5.065642       24.535084        -6.808775e-08     
   5.065642       24.681869        -6.060849e-08     
   5.065642       24.801206        -5.442623e-08     
   5.065642       24.892773        -4.995188e-08     
   5.065642       24.956326        -4.709596e-08     
   5.065642       24.991706        -4.560702e-08     
   5.317541       0.001580         2.267639e-04      
   5.317541       0.008319         1.194134e-03      
   5.317541       0.020424         2.931754e-03      
   5.317541       0.037866         5.435241e-03      
   5.317541       0.060596         8.698168e-03      
   5.317541       0.088555         1.271252e-02      
   5.317541       0.121667         1.747190e-02      
   5.317541       0.159843         2.295261e-02      
   5.317541       0.202979         2.913758e-02      
   5.317541       0.250960         3.601318e-02      
   5.317541       0.303656         4.356097e-02      
   5.317541       0.360925         5.175902e-02      
   5.317541       0.422613         6.058144e-02      
   5.317541       0.488552         7.000045e-02      
   5.317541       0.558567         7.998553e-02      
   5.317541       0.632467         9.050422e-02      
   5.317541       0.710054         1.015210e-01      
   5.317541       0.791119         1.129982e-01      
   5.317541       0.875442         1.248954e-01      
   5.317541       0.962797         1.371696e-01      
   5.317541       1.052948         1.497752e-01      
   5.317541       1.145653         1.626644e-01      
   5.317541       1.240660         1.757864e-01      
   5.317541       1.337714         1.890887e-01      
   5.317541       1.436554         2.025162e-01      
   5.317541       1.536913         2.160122e-01      
   5.317541       1.638520         2.295183e-01      
   5.317541       1.741102         2.429752e-01      
   5.317541       1.844381         2.563226e-01      
   5.317541       1.948080         2.695006e-01      
   5.317541       2.051920         2.824499e-01      
   5.317541       2.155619         2.951124e-01      
   5.317541       2.258898         3.074325e-01      
   5.317541       2.361480         3.193577e-01      
   5.317541       2.463087         3.308394e-01      
   5.317541       2.563446         3.418338e-01      
   5.317541       2.662286         3.523027e-01      
   5.317541       2.759340         3.622140e-01      
   5.317541       2.854347         3.715424e-01      
   5.317541       2.947052         3.802695e-01      
   5.317541       3.037203         3.883840e-01      
   5.317541       3.124558         3.958820e-01      
   5.317541       3.208881         4.027662e-01      
   5.317541       3.289946         4.090461e-01      
   5.317541       3.367533         4.147368e-01      
   5.317541       3.441433         4.198588e-01      
   5.317541       3.511448         4.244371e-01      
   5.317541       3.577387         4.285003e-01      
   5.317541       3.639075         4.320793e-01      
   5.317541       3.696344         4.352071e-01      
   5.317541       3.749040         4.379175e-01      
   5.317541       3.797021         4.402443e-01      
   5.317541       3.840157         4.422203e-01      
   5.317541       3.878333         4.438769e-01      
   5.317541       3.911445         4.452434e-01      
   5.317541       3.939404         4.463461e-01      
   5.317541       3.962134         4.472079e-01      
   5.317541       3.979576         4.478480e-01      
   5.317541       3.991681         4.482814e-01      
   5.317541       3.998420         4.485188e-01      
   5.317541       4.008294         4.488618e-01      
   5.317541       4.043674         4.500419e-01      
   5.317541       4.107227         4.519697e-01      
   5.317541       4.198794         4.543105e-01      
   5.317541       4.318131         4.565789e-01      
   5.317541       4.464916         4.581369e-01      
   5.317541       4.638754         4.581826e-01      
   5.317541       4.839176         4.557153e-01      
   5.317541       5.065642         4.494665e-01      
   5.317541       5.317541         4.379174e-01      
   5.317541       5.594194         4.198428e-01      
   5.317541       5.894856         3.951899e-01      
   5.317541       6.218716         3.648410e-01      
   5.317541       6.564900         3.298579e-01      
   5.317541       6.932477         2.913763e-01      
   5.317541       7.320454         2.507746e-01      
   5.317541       7.727785         2.097153e-01      
   5.317541       8.153374         1.699982e-01      
   5.317541       8.596072         1.333022e-01      
   5.317541       9.054685         1.009319e-01      
   5.317541       9.527979         7.366255e-02      
   5.317541       10.014676        5.171429e-02      
   5.317541       10.513464        3.483488e-02      
   5.317541       11.023000        2.243995e-02      
   5.317541       11.541909        1.376375e-02      
   5.317541       12.068793        7.991533e-03      
   5.317541       12.602230        4.357914e-03      
   5.317541       13.140784        2.207371e-03      
   5.317541       13.683002        1.021969e-03      
   5.317541       14.227422        4.225954e-04      
   5.317541       14.772578        1.514849e-04      
   5.317541       15.316998        4.707088e-05      
   5.317541       15.859216        1.713567e-05      
   5.317541       16.397770        1.400226e-05      
   5.317541       16.931207        1.649558e-05      
   5.317541       17.458091        1.765397e-05      
   5.317541       17.977000        1.629068e-05      
   5.317541       18.486536        1.317269e-05      
   5.317541       18.985324        9.716845e-06      
   5.317541       19.472021        6.679444e-06      
   5.317541       19.945315        4.123311e-06      
   5.317541       20.403928        2.368142e-06      
   5.317541       20.846626        1.294661e-06      
   5.317541       21.272215        5.483238e-07      
   5.317541       21.679546        1.767777e-07      
   5.317541       22.067523        -3.934785e-08     
   5.317541       22.435100        -1.132033e-07     
   5.317541       22.781284        -1.614282e-07     
   5.317541       23.105144        -1.590216e-07     
   5.317541       23.405806        -1.508167e-07     
   5.317541       23.682459        -1.308665e-07     
   5.317541       23.934358        -1.082509e-07     
   5.317541       24.160824        -9.523343e-08     
   5.317541       24.361246        -8.456816e-08     
   5.317541       24.535084        -7.364865e-08     
   5.317541       24.681869        -6.494768e-08     
   5.317541       24.801206        -5.904032e-08     
   5.317541       24.892773        -5.507011e-08     
   5.317541       24.956326        -5.242332e-08     
   5.317541       24.991706        -5.094324e-08     
   5.594194       0.001580         1.925457e-04      
   5.594194       0.008319         1.013942e-03      
   5.594194       0.020424         2.489359e-03      
   5.594194       0.037866         4.615105e-03      
   5.594194       0.060596         7.385743e-03      
   5.594194       0.088555         1.079387e-02      
   5.594194       0.121667         1.483638e-02      
   5.594194       0.159843         1.949279e-02      
   5.594194       0.202979         2.474736e-02      
   5.594194       0.250960         3.058963e-02      
   5.594194       0.303656         3.700535e-02      
   5.594194       0.360925         4.397731e-02      
   5.594194       0.422613         5.148496e-02      
   5.594194       0.488552         5.950661e-02      
   5.594194       0.558567         6.801858e-02      
   5.594194       0.632467         7.699600e-02      
   5.594194       0.710054         8.641166e-02      
   5.594194       0.791119         9.623685e-02      
   5.594194       0.875442         1.064410e-01      
   5.594194       0.962797         1.169917e-01      
   5.594194       1.052948         1.278546e-01      
   5.594194       1.145653         1.389933e-01      
   5.594194       1.240660         1.503696e-01      
   5.594194       1.337714         1.619430e-01      
   5.594194       1.436554         1.736715e-01      
   5.594194       1.536913         1.855110e-01      
   5.594194       1.638520         1.974156e-01      
   5.594194       1.741102         2.093382e-01      
   5.594194       1.844381         2.212303e-01      
   5.594194       1.948080         2.330425e-01      
   5.594194       2.051920         2.447253e-01      
   5.594194       2.155619         2.562292e-01      
   5.594194       2.258898         2.675054e-01      
   5.594194       2.361480         2.785067e-01      
   5.594194       2.463087         2.891881e-01      
   5.594194       2.563446         2.995072e-01      
   5.594194       2.662286         3.094256e-01      
   5.594194       2.759340         3.189089e-01      
   5.594194       2.854347         3.279274e-01      
   5.594194       2.947052         3.364569e-01      
   5.594194       3.037203         3.444788e-01      
   5.594194       3.124558         3.519802e-01      
   5.594194       3.208881         3.589542e-01      
   5.594194       3.289946         3.653992e-01      
   5.594194       3.367533         3.713195e-01      
   5.594194       3.441433         3.767240e-01      
   5.594194       3.511448         3.816261e-01      
   5.594194       3.577387         3.860430e-01      
   5.594194       3.639075         3.899950e-01      
   5.594194       3.696344         3.935044e-01      
   5.594194       3.749040         3.965954e-01      
   5.594194       3.797021         3.992927e-01      
   5.594194       3.840157         4.016209e-01      
   5.594194       3.878333         4.036040e-01      
   5.594194       3.911445         4.052647e-01      
   5.594194       3.939404         4.066237e-01      
   5.594194       3.962134         4.076991e-01      
   5.594194       3.979576         4.085063e-01      
   5.594194       3.991681         4.090573e-01      
   5.594194       3.998420         4.093607e-01      
   5.594194       4.008294         4.098011e-01      
   5.594194       4.043674         4.113375e-01      
   5.594194       4.107227         4.139325e-01      
   5.594194       4.198794         4.172951e-01      
   5.594194       4.318131         4.210000e-01      
   5.594194       4.464916         4.244865e-01      
   5.594194       4.638754         4.270573e-01      
   5.594194       4.839176         4.278687e-01      
   5.594194       5.065642         4.258954e-01      
   5.594194       5.317541         4.198428e-01      
   5.594194       5.594194         4.081375e-01      
   5.594194       5.894856         3.895785e-01      
   5.594194       6.218716         3.643732e-01      
   5.594194       6.564900         3.336753e-01      
   5.594194       6.932477         2.987090e-01      
   5.594194       7.320454         2.607549e-01      
   5.594194       7.727785         2.213347e-01      
   5.594194       8.153374         1.821998e-01      
   5.594194       8.596072         1.451274e-01      
   5.594194       9.054685         1.116454e-01      
   5.594194       9.527979         8.281117e-02      
   5.594194       10.014676        5.911810e-02      
   5.594194       10.513464        4.053203e-02      
   5.594194       11.023000        2.661396e-02      
   5.594194       11.541909        1.667441e-02      
   5.594194       12.068793        9.919530e-03      
   5.594194       12.602230        5.566499e-03      
   5.594194       13.140784        2.920174e-03      
   5.594194       13.683002        1.414012e-03      
   5.594194       14.227422        6.207113e-04      
   5.594194       14.772578        2.410915e-04      
   5.594194       15.316998        8.148234e-05      
   5.594194       15.859216        2.661949e-05      
   5.594194       16.397770        1.423468e-05      
   5.594194       16.931207        1.474996e-05      
   5.594194       17.458091        1.631474e-05      
   5.594194       17.977000        1.578824e-05      
   5.594194       18.486536        1.352881e-05      
   5.594194       18.985324        1.036855e-05      
   5.594194       19.472021        7.237091e-06      
   5.594194       19.945315        4.774809e-06      
   5.594194       20.403928        2.877630e-06      
   5.594194       20.846626        1.593308e-06      
   5.594194       21.272215        7.977061e-07      
   5.594194       21.679546        2.994878e-07      
   5.594194       22.067523        6.459335e-08      
   5.594194       22.435100        -7.982891e-08     
   5.594194       22.781284        -1.345125e-07     
   5.594194       23.105144        -1.550579e-07     
   5.594194       23.405806        -1.468664e-07     
   5.594194       23.682459        -1.274458e-07     
   5.594194       23.934358        -1.150371e-07     
   5.594194       24.160824        -1.017637e-07     
   5.594194       24.361246        -8.879207e-08     
   5.594194       24.535084        -7.922122e-08     
   5.594194       24.681869        -7.182181e-08     
   5.594194       24.801206        -6.541119e-08     
   5.594194       24.892773        -6.016731e-08     
   5.594194       24.956326        -5.648360e-08     
   5.594194       24.991706        -5.446406e-08     
   5.894856       0.001580         1.594939e-04      
   5.894856       0.008319         8.398916e-04      
   5.894856       0.020424         2.062065e-03      
   5.894856       0.037866         3.822963e-03      
   5.894856       0.060596         6.118029e-03      
   5.894856       0.088555         8.940569e-03      
   5.894856       0.121667         1.229012e-02      
   5.894856       0.159843         1.614985e-02      
   5.894856       0.202979         2.050498e-02      
   5.894856       0.250960         2.534786e-02      
   5.894856       0.303656         3.066803e-02      
   5.894856       0.360925         3.645260e-02      
   5.894856       0.422613         4.268584e-02      
   5.894856       0.488552         4.935140e-02      
   5.894856       0.558567         5.643157e-02      
   5.894856       0.632467         6.390809e-02      
   5.894856       0.710054         7.176101e-02      
   5.894856       0.791119         7.996954e-02      
   5.894856       0.875442         8.851169e-02      
   5.894856       0.962797         9.736423e-02      
   5.894856       1.052948         1.065025e-01      
   5.894856       1.145653         1.159004e-01      
   5.894856       1.240660         1.255303e-01      
   5.894856       1.337714         1.353631e-01      
   5.894856       1.436554         1.453680e-01      
   5.894856       1.536913         1.555124e-01      
   5.894856       1.638520         1.657620e-01      
   5.894856       1.741102         1.760811e-01      
   5.894856       1.844381         1.864321e-01      
   5.894856       1.948080         1.967763e-01      
   5.894856       2.051920         2.070741e-01      
   5.894856       2.155619         2.172846e-01      
   5.894856       2.258898         2.273672e-01      
   5.894856       2.361480         2.372810e-01      
   5.894856       2.463087         2.469861e-01      
   5.894856       2.563446         2.564436e-01      
   5.894856       2.662286         2.656167e-01      
   5.894856       2.759340         2.744712e-01      
   5.894856       2.854347         2.829756e-01      
   5.894856       2.947052         2.911023e-01      
   5.894856       3.037203         2.988276e-01      
   5.894856       3.124558         3.061321e-01      
   5.894856       3.208881         3.130009e-01      
   5.894856       3.289946         3.194240e-01      
   5.894856       3.367533         3.253957e-01      
   5.894856       3.441433         3.309147e-01      
   5.894856       3.511448         3.359838e-01      
   5.894856       3.577387         3.406095e-01      
   5.894856       3.639075         3.448014e-01      
   5.894856       3.696344         3.485718e-01      
   5.894856       3.749040         3.519348e-01      
   5.894856       3.797021         3.549059e-01      
   5.894856       3.840157         3.575013e-01      
   5.894856       3.878333         3.597372e-01      
   5.894856       3.911445         3.616293e-01      
   5.894856       3.939404         3.631925e-01      
   5.894856       3.962134         3.644397e-01      
   5.894856       3.979576         3.653822e-01      
   5.894856       3.991681         3.660289e-01      
   5.894856       3.998420         3.663863e-01      
   5.894856       4.008294         3.669065e-01      
   5.894856       4.043674         3.687366e-01      
   5.894856       4.107227         3.718896e-01      
   5.894856       4.198794         3.761225e-01      
   5.894856       4.318131         3.810743e-01      
   5.894856       4.464916         3.862611e-01      
   5.894856       4.638754         3.910725e-01      
   5.894856       4.839176         3.947708e-01      
   5.894856       5.065642         3.964876e-01      
   5.894856       5.317541         3.951899e-01      
   5.894856       5.594194         3.895785e-01      
   5.894856       5.894856         3.780445e-01      
   5.894856       6.218716         3.594155e-01      
   5.894856       6.564900         3.341470e-01      
   5.894856       6.932477         3.036240e-01      
   5.894856       7.320454         2.692033e-01      
   5.894856       7.727785         2.322890e-01      
   5.894856       8.153374         1.945143e-01      
   5.894856       8.596072         1.576709e-01      
   5.894856       9.054685         1.234621e-01      
   5.894856       9.527979         9.323067e-02      
   5.894856       10.014676        6.778451e-02      
   5.894856       10.513464        4.736571e-02      
   5.894856       11.023000        3.173645e-02      
   5.894856       11.541909        2.032750e-02      
   5.894856       12.068793        1.239591e-02      
   5.894856       12.602230        7.157859e-03      
   5.894856       13.140784        3.885144e-03      
   5.894856       13.683002        1.962453e-03      
   5.894856       14.227422        9.095851e-04      
   5.894856       14.772578        3.793811e-04      
   5.894856       15.316998        1.396012e-04      
   5.894856       15.859216        4.631077e-05      
   5.894856       16.397770        1.799932e-05      
   5.894856       16.931207        1.354884e-05      
   5.894856       17.458091        1.471104e-05      
   5.894856       17.977000        1.497464e-05      
   5.894856       18.486536        1.344542e-05      
   5.894856       18.985324        1.092223e-05      
   5.894856       19.472021        8.008849e-06      
   5.894856       19.945315        5.374643e-06      
   5.894856       20.403928        3.451531e-06      
   5.894856       20.846626        2.005435e-06      
   5.894856       21.272215        1.067465e-06      
   5.894856       21.679546        5.084685e-07      
   5.894856       22.067523        1.682147e-07      
   5.894856       22.435100        -1.335703e-08     
   5.894856       22.781284        -1.024429e-07     
   5.894856       23.105144        -1.341239e-07     
   5.894856       23.405806        -1.333625e-07     
   5.894856       23.682459        -1.305108e-07     
   5.894856       23.934358        -1.193221e-07     
   5.894856       24.160824        -1.060609e-07     
   5.894856       24.361246        -9.529265e-08     
   5.894856       24.535084        -8.518520e-08     
   5.894856       24.681869        -7.571422e-08     
   5.894856       24.801206        -6.818278e-08     
   5.894856       24.892773        -6.297322e-08     
   5.894856       24.956326        -5.973567e-08     
   5.894856       24.991706        -5.806607e-08     
   6.218716       0.001580         1.286243e-04      
   6.218716       0.008319         6.773328e-04      
   6.218716       0.020424         1.662962e-03      
   6.218716       0.037866         3.083114e-03      
   6.218716       0.060596         4.933982e-03      
   6.218716       0.088555         7.209676e-03      
   6.218716       0.121667         9.911519e-03      
   6.218716       0.159843         1.302676e-02      
   6.218716       0.202979         1.654133e-02      
   6.218716       0.250960         2.044980e-02      
   6.218716       0.303656         2.474504e-02      
   6.218716       0.360925         2.941796e-02      
   6.218716       0.422613         3.445697e-02      
   6.218716       0.488552         3.985030e-02      
   6.218716       0.558567         4.558523e-02      
   6.218716       0.632467         5.164910e-02      
   6.218716       0.710054         5.802802e-02      
   6.218716       0.791119         6.470786e-02      
   6.218716       0.875442         7.167377e-02      
   6.218716       0.962797         7.891013e-02      
   6.218716       1.052948         8.640034e-02      
   6.218716       1.145653         9.412697e-02      
   6.218716       1.240660         1.020714e-01      
   6.218716       1.337714         1.102139e-01      
   6.218716       1.436554         1.185332e-01      
   6.218716       1.536913         1.270067e-01      
   6.218716       1.638520         1.356102e-01      
   6.218716       1.741102         1.443179e-01      
   6.218716       1.844381         1.531024e-01      
   6.218716       1.948080         1.619346e-01      
   6.218716       2.051920         1.707839e-01      
   6.218716       2.155619         1.796187e-01      
   6.218716       2.258898         1.884058e-01      
   6.218716       2.361480         1.971119e-01      
   6.218716       2.463087         2.057027e-01      
   6.218716       2.563446         2.141445e-01      
   6.218716       2.662286         2.224037e-01      
   6.218716       2.759340         2.304482e-01      
   6.218716       2.854347         2.382471e-01      
   6.218716       2.947052         2.457718e-01      
   6.218716       3.037203         2.529960e-01      
   6.218716       3.124558         2.598965e-01      
   6.218716       3.208881         2.664531e-01      
   6.218716       3.289946         2.726495e-01      
   6.218716       3.367533         2.784723e-01      
   6.218716       3.441433         2.839123e-01      
   6.218716       3.511448         2.889633e-01      
   6.218716       3.577387         2.936226e-01      
   6.218716       3.639075         2.978905e-01      
   6.218716       3.696344         3.017698e-01      
   6.218716       3.749040         3.052656e-01      
   6.218716       3.797021         3.083846e-01      
   6.218716       3.840157         3.111347e-01      
   6.218716       3.878333         3.135247e-01      
   6.218716       3.911445         3.155635e-01      
   6.218716       3.939404         3.172597e-01      
   6.218716       3.962134         3.186213e-01      
   6.218716       3.979576         3.196554e-01      
   6.218716       3.991681         3.203676e-01      
   6.218716       3.998420         3.207621e-01      
   6.218716       4.008294         3.213375e-01      
   6.218716       4.043674         3.233741e-01      
   6.218716       4.107227         3.269309e-01      
   6.218716       4.198794         3.318183e-01      
   6.218716       4.318131         3.377480e-01      
   6.218716       4.464916         3.443220e-01      
   6.218716       4.638754         3.510223e-01      
   6.218716       4.839176         3.572061e-01      
   6.218716       5.065642         3.621077e-01      
   6.218716       5.317541         3.648410e-01      
   6.218716       5.594194         3.643732e-01      
   6.218716       5.894856         3.594155e-01      
   6.218716       6.218716         3.483392e-01      
   6.218716       6.564900         3.300024e-01      
   6.218716       6.932477         3.050889e-01      
   6.218716       7.320454         2.751735e-01      
   6.218716       7.727785         2.417189e-01      
   6.218716       8.153374         2.062329e-01      
   6.218716       8.596072         1.704278e-01      
   6.218716       9.054685         1.360921e-01      
   6.218716       9.527979         1.048168e-01      
   6.218716       10.014676        7.774397e-02      
   6.218716       10.513464        5.544655e-02      
   6.218716       11.023000        3.795317e-02      
   6.218716       11.541909        2.487253e-02      
   6.218716       12.068793        1.555445e-02      
   6.218716       12.602230        9.241193e-03      
   6.218716       13.140784        5.185257e-03      
   6.218716       13.683002        2.725860e-03      
   6.218716       14.227422        1.327794e-03      
   6.218716       14.772578        5.904093e-04      
   6.218716       15.316998        2.352422e-04      
   6.218716       15.859216        8.324180e-05      
   6.218716       16.397770        2.873070e-05      
   6.218716       16.931207        1.447098e-05      
   6.218716       17.458091        1.304300e-05      
   6.218716       17.977000        1.376314e-05      
   6.218716       18.486536        1.321486e-05      
   6.218716       18.985324        1.110311e-05      
   6.218716       19.472021        8.577659e-06      
   6.218716       19.945315        6.173282e-06      
   6.218716       20.403928        4.029134e-06      
   6.218716       20.846626        2.500394e-06      
   6.218716       21.272215        1.432299e-06      
   6.218716       21.679546        7.503157e-07      
   6.218716       22.067523        3.181714e-07      
   6.218716       22.435100        7.761645e-08      
   6.218716       22.781284        -4.551006e-08     
   6.218716       23.105144        -9.429446e-08     
   6.218716       23.405806        -1.227298e-07     
   6.218716       23.682459        -1.257425e-07     
   6.218716       23.934358        -1.196803e-07     
   6.218716       24.160824        -1.109781e-07     
   6.218716       24.361246        -9.849213e-08     
   6.218716       24.535084        -8.669691e-08     
   6.218716       24.681869        -7.837510e-08     
   6.218716       24.801206        -7.290390e-08     
   6.218716       24.892773        -6.910602e-08     
   6.218716       24.956326        -6.649196e-08     
   6.218716       24.991706        -6.501402e-08     
   6.564900       0.001580         1.007528e-04      
   6.564900       0.008319         5.305624e-04      
   6.564900       0.020424         1.302598e-03      
   6.564900       0.037866         2.415070e-03      
   6.564900       0.060596         3.864892e-03      
   6.564900       0.088555         5.647020e-03      
   6.564900       0.121667         7.763602e-03      
   6.564900       0.159843         1.020631e-02      
   6.564900       0.202979         1.296161e-02      
   6.564900       0.250960         1.602567e-02      
   6.564900       0.303656         1.939418e-02      
   6.564900       0.360925         2.306122e-02      
   6.564900       0.422613         2.701864e-02      
   6.564900       0.488552         3.125841e-02      
   6.564900       0.558567         3.577195e-02      
   6.564900       0.632467         4.055105e-02      
   6.564900       0.710054         4.558674e-02      
   6.564900       0.791119         5.087016e-02      
   6.564900       0.875442         5.639212e-02      
   6.564900       0.962797         6.214307e-02      
   6.564900       1.052948         6.811283e-02      
   6.564900       1.145653         7.429082e-02      
   6.564900       1.240660         8.066562e-02      
   6.564900       1.337714         8.722496e-02      
   6.564900       1.436554         9.395546e-02      
   6.564900       1.536913         1.008426e-01      
   6.564900       1.638520         1.078704e-01      
   6.564900       1.741102         1.150216e-01      
   6.564900       1.844381         1.222770e-01      
   6.564900       1.948080         1.296161e-01      
   6.564900       2.051920         1.370166e-01      
   6.564900       2.155619         1.444547e-01      
   6.564900       2.258898         1.519051e-01      
   6.564900       2.361480         1.593412e-01      
   6.564900       2.463087         1.667353e-01      
   6.564900       2.563446         1.740589e-01      
   6.564900       2.662286         1.812833e-01      
   6.564900       2.759340         1.883797e-01      
   6.564900       2.854347         1.953195e-01      
   6.564900       2.947052         2.020752e-01      
   6.564900       3.037203         2.086204e-01      
   6.564900       3.124558         2.149305e-01      
   6.564900       3.208881         2.209827e-01      
   6.564900       3.289946         2.267566e-01      
   6.564900       3.367533         2.322344e-01      
   6.564900       3.441433         2.374007e-01      
   6.564900       3.511448         2.422432e-01      
   6.564900       3.577387         2.467520e-01      
   6.564900       3.639075         2.509199e-01      
   6.564900       3.696344         2.547421e-01      
   6.564900       3.749040         2.582160e-01      
   6.564900       3.797021         2.613407e-01      
   6.564900       3.840157         2.641170e-01      
   6.564900       3.878333         2.665467e-01      
   6.564900       3.911445         2.686326e-01      
   6.564900       3.939404         2.703777e-01      
   6.564900       3.962134         2.717853e-01      
   6.564900       3.979576         2.728584e-01      
   6.564900       3.991681         2.735996e-01      
   6.564900       3.998420         2.740109e-01      
   6.564900       4.008294         2.746119e-01      
   6.564900       4.043674         2.767485e-01      
   6.564900       4.107227         2.805184e-01      
   6.564900       4.198794         2.857882e-01      
   6.564900       4.318131         2.923475e-01      
   6.564900       4.464916         2.998943e-01      
   6.564900       4.638754         3.080176e-01      
   6.564900       4.839176         3.161830e-01      
   6.564900       5.065642         3.237262e-01      
   6.564900       5.317541         3.298579e-01      
   6.564900       5.594194         3.336753e-01      
   6.564900       5.894856         3.341470e-01      
   6.564900       6.218716         3.300024e-01      
   6.564900       6.564900         3.196086e-01      
   6.564900       6.932477         3.018548e-01      
   6.564900       7.320454         2.776271e-01      
   6.564900       7.727785         2.486517e-01      
   6.564900       8.153374         2.164749e-01      
   6.564900       8.596072         1.826883e-01      
   6.564900       9.054685         1.490511e-01      
   6.564900       9.527979         1.173128e-01      
   6.564900       10.014676        8.892677e-02      
   6.564900       10.513464        6.483317e-02      
   6.564900       11.023000        4.539378e-02      
   6.564900       11.541909        3.046515e-02      
   6.564900       12.068793        1.954734e-02      
   6.564900       12.602230        1.194844e-02      
   6.564900       13.140784        6.925034e-03      
   6.564900       13.683002        3.781463e-03      
   6.564900       14.227422        1.928723e-03      
   6.564900       14.772578        9.082213e-04      
   6.564900       15.316998        3.888738e-04      
   6.564900       15.859216        1.491290e-04      
   6.564900       16.397770        5.204330e-05      
   6.564900       16.931207        1.987742e-05      
   6.564900       17.458091        1.267859e-05      
   6.564900       17.977000        1.230101e-05      
   6.564900       18.486536        1.225788e-05      
   6.564900       18.985324        1.118670e-05      
   6.564900       19.472021        9.124513e-06      
   6.564900       19.945315        6.784664e-06      
   6.564900       20.403928        4.737270e-06      
   6.564900       20.846626        3.054026e-06      
   6.564900       21.272215        1.877764e-06      
   6.564900       21.679546        1.042261e-06      
   6.564900       22.067523        5.230428e-07      
   6.564900       22.435100        2.113782e-07      
   6.564900       22.781284        4.740732e-08      
   6.564900       23.105144        -5.309766e-08     
   6.564900       23.405806        -9.487596e-08     
   6.564900       23.682459        -1.134048e-07     
   6.564900       23.934358        -1.150787e-07     
   6.564900       24.160824        -1.058587e-07     
   6.564900       24.361246        -9.759249e-08     
   6.564900       24.535084        -9.164981e-08     
   6.564900       24.681869        -8.584156e-08     
   6.564900       24.801206        -8.021846e-08     
   6.564900       24.892773        -7.564091e-08     
   6.564900       24.956326        -7.249721e-08     
   6.564900       24.991706        -7.079264e-08     
   6.932477       0.001580         7.644568e-05      
   6.932477       0.008319         4.025614e-04      
   6.932477       0.020424         9.883393e-04      
   6.932477       0.037866         1.832391e-03      
   6.932477       0.060596         2.932469e-03      
   6.932477       0.088555         4.284366e-03      
   6.932477       0.121667         5.890093e-03      
   6.932477       0.159843         7.745877e-03      
   6.932477       0.202979         9.838717e-03      
   6.932477       0.250960         1.216578e-02      
   6.932477       0.303656         1.472496e-02      
   6.932477       0.360925         1.751291e-02      
   6.932477       0.422613         2.052425e-02      
   6.932477       0.488552         2.375390e-02      
   6.932477       0.558567         2.719647e-02      
   6.932477       0.632467         3.084722e-02      
   6.932477       0.710054         3.470089e-02      
   6.932477       0.791119         3.875262e-02      
   6.932477       0.875442         4.299752e-02      
   6.932477       0.962797         4.743059e-02      
   6.932477       1.052948         5.204653e-02      
   6.932477       1.145653         5.683989e-02      
   6.932477       1.240660         6.180468e-02      
   6.932477       1.337714         6.693434e-02      
   6.932477       1.436554         7.222146e-02      
   6.932477       1.536913         7.765773e-02      
   6.932477       1.638520         8.323370e-02      
   6.932477       1.741102         8.893863e-02      
   6.932477       1.844381         9.476033e-02      
   6.932477       1.948080         1.006851e-01      
   6.932477       2.051920         1.066976e-01      
   6.932477       2.155619         1.127810e-01      
   6.932477       2.258898         1.189164e-01      
   6.932477       2.361480         1.250840e-01      
   6.932477       2.463087         1.312619e-01      
   6.932477       2.563446         1.374276e-01      
   6.932477       2.662286         1.435570e-01      
   6.932477       2.759340         1.496258e-01      
   6.932477       2.854347         1.556089e-01      
   6.932477       2.947052         1.614813e-01      
   6.932477       3.037203         1.672183e-01      
   6.932477       3.124558         1.727958e-01      
   6.932477       3.208881         1.781909e-01      
   6.932477       3.289946         1.833815e-01      
   6.932477       3.367533         1.883477e-01      
   6.932477       3.441433         1.930708e-01      
   6.932477       3.511448         1.975346e-01      
   6.932477       3.577387         2.017245e-01      
   6.932477       3.639075         2.056281e-01      
   6.932477       3.696344         2.092353e-01      
   6.932477       3.749040         2.125374e-01      
   6.932477       3.797021         2.155281e-01      
   6.932477       3.840157         2.182023e-01      
   6.932477       3.878333         2.205563e-01      
   6.932477       3.911445         2.225878e-01      
   6.932477       3.939404         2.242953e-01      
   6.932477       3.962134         2.256778e-01      
   6.932477       3.979576         2.267351e-01      
   6.932477       3.991681         2.274671e-01      
   6.932477       3.998420         2.278739e-01      
   6.932477       4.008294         2.284690e-01      
   6.932477       4.043674         2.305927e-01      
   6.932477       4.107227         2.343706e-01      
   6.932477       4.198794         2.397228e-01      
   6.932477       4.318131         2.465161e-01      
   6.932477       4.464916         2.545480e-01      
   6.932477       4.638754         2.635244e-01      
   6.932477       4.839176         2.730379e-01      
   6.932477       5.065642         2.825486e-01      
   6.932477       5.317541         2.913763e-01      
   6.932477       5.594194         2.987090e-01      
   6.932477       5.894856         3.036240e-01      
   6.932477       6.218716         3.050889e-01      
   6.932477       6.564900         3.018548e-01      
   6.932477       6.932477         2.922972e-01      
   6.932477       7.320454         2.753382e-01      
   6.932477       7.727785         2.520386e-01      
   6.932477       8.153374         2.242403e-01      
   6.932477       8.596072         1.935542e-01      
   6.932477       9.054685         1.616351e-01      
   6.932477       9.527979         1.302604e-01      
   6.932477       10.014676        1.011111e-01      
   6.932477       10.513464        7.548903e-02      
   6.932477       11.023000        5.414215e-02      
   6.932477       11.541909        3.725049e-02      
   6.932477       12.068793        2.453715e-02      
   6.932477       12.602230        1.543241e-02      
   6.932477       13.140784        9.233051e-03      
   6.932477       13.683002        5.228518e-03      
   6.932477       14.227422        2.783834e-03      
   6.932477       14.772578        1.381066e-03      
   6.932477       15.316998        6.306317e-04      
   6.932477       15.859216        2.613557e-04      
   6.932477       16.397770        9.764969e-05      
   6.932477       16.931207        3.454637e-05      
   6.932477       17.458091        1.511491e-05      
   6.932477       17.977000        1.141259e-05      
   6.932477       18.486536        1.126329e-05      
   6.932477       18.985324        1.070558e-05      
   6.932477       19.472021        9.338440e-06      
   6.932477       19.945315        7.403297e-06      
   6.932477       20.403928        5.381733e-06      
   6.932477       20.846626        3.716842e-06      
   6.932477       21.272215        2.359464e-06      
   6.932477       21.679546        1.419225e-06      
   6.932477       22.067523        7.906499e-07      
   6.932477       22.435100        4.068361e-07      
   6.932477       22.781284        1.560309e-07      
   6.932477       23.105144        2.178269e-08      
   6.932477       23.405806        -5.446414e-08     
   6.932477       23.682459        -8.447946e-08     
   6.932477       23.934358        -9.434342e-08     
   6.932477       24.160824        -1.001713e-07     
   6.932477       24.361246        -9.967508e-08     
   6.932477       24.535084        -9.470832e-08     
   6.932477       24.681869        -8.930652e-08     
   6.932477       24.801206        -8.481083e-08     
   6.932477       24.892773        -8.117208e-08     
   6.932477       24.956326        -7.842994e-08     
   6.932477       24.991706        -7.680420e-08     
   7.320454       0.001580         5.599930e-05      
   7.320454       0.008319         2.948912e-04      
   7.320454       0.020424         7.240109e-04      
   7.320454       0.037866         1.342231e-03      
   7.320454       0.060596         2.148097e-03      
   7.320454       0.088555         3.138320e-03      
   7.320454       0.121667         4.313943e-03      
   7.320454       0.159843         5.675559e-03      
   7.320454       0.202979         7.210877e-03      
   7.320454       0.250960         8.917453e-03      
   7.320454       0.303656         1.079483e-02      
   7.320454       0.360925         1.284165e-02      
   7.320454       0.422613         1.505467e-02      
   7.320454       0.488552         1.743102e-02      
   7.320454       0.558567         1.996768e-02      
   7.320454       0.632467         2.266244e-02      
   7.320454       0.710054         2.551273e-02      
   7.320454       0.791119         2.851653e-02      
   7.320454       0.875442         3.167200e-02      
   7.320454       0.962797         3.497735e-02      
   7.320454       1.052948         3.843069e-02      
   7.320454       1.145653         4.203020e-02      
   7.320454       1.240660         4.577373e-02      
   7.320454       1.337714         4.965879e-02      
   7.320454       1.436554         5.368227e-02      
   7.320454       1.536913         5.784042e-02      
   7.320454       1.638520         6.212853e-02      
   7.320454       1.741102         6.654084e-02      
   7.320454       1.844381         7.107035e-02      
   7.320454       1.948080         7.570873e-02      
   7.320454       2.051920         8.044616e-02      
   7.320454       2.155619         8.527124e-02      
   7.320454       2.258898         9.017102e-02      
   7.320454       2.361480         9.513092e-02      
   7.320454       2.463087         1.001348e-01      
   7.320454       2.563446         1.051652e-01      
   7.320454       2.662286         1.102030e-01      
   7.320454       2.759340         1.152284e-01      
   7.320454       2.854347         1.202205e-01      
   7.320454       2.947052         1.251576e-01      
   7.320454       3.037203         1.300180e-01      
   7.320454       3.124558         1.347795e-01      
   7.320454       3.208881         1.394205e-01      
   7.320454       3.289946         1.439198e-01      
   7.320454       3.367533         1.482570e-01      
   7.320454       3.441433         1.524125e-01      
   7.320454       3.511448         1.563685e-01      
   7.320454       3.577387         1.601080e-01      
   7.320454       3.639075         1.636159e-01      
   7.320454       3.696344         1.668785e-01      
   7.320454       3.749040         1.698840e-01      
   7.320454       3.797021         1.726219e-01      
   7.320454       3.840157         1.750832e-01      
   7.320454       3.878333         1.772606e-01      
   7.320454       3.911445         1.791480e-01      
   7.320454       3.939404         1.807404e-01      
   7.320454       3.962134         1.820340e-01      
   7.320454       3.979576         1.830258e-01      
   7.320454       3.991681         1.837137e-01      
   7.320454       3.998420         1.840966e-01      
   7.320454       4.008294         1.846572e-01      
   7.320454       4.043674         1.866639e-01      
   7.320454       4.107227         1.902578e-01      
   7.320454       4.198794         1.954050e-01      
   7.320454       4.318131         2.020414e-01      
   7.320454       4.464916         2.100569e-01      
   7.320454       4.638754         2.192732e-01      
   7.320454       4.839176         2.294182e-01      
   7.320454       5.065642         2.400981e-01      
   7.320454       5.317541         2.507746e-01      
   7.320454       5.594194         2.607549e-01      
   7.320454       5.894856         2.692033e-01      
   7.320454       6.218716         2.751735e-01      
   7.320454       6.564900         2.776271e-01      
   7.320454       6.932477         2.753382e-01      
   7.320454       7.320454         2.667022e-01      
   7.320454       7.727785         2.506762e-01      
   7.320454       8.153374         2.284668e-01      
   7.320454       8.596072         2.019998e-01      
   7.320454       9.054685         1.729342e-01      
   7.320454       9.527979         1.429674e-01      
   7.320454       10.014676        1.138680e-01      
   7.320454       10.513464        8.722777e-02      
   7.320454       11.023000        6.419273e-02      
   7.320454       11.541909        4.533413e-02      
   7.320454       12.068793        3.068147e-02      
   7.320454       12.602230        1.986001e-02      
   7.320454       13.140784        1.226068e-02      
   7.320454       13.683002        7.191441e-03      
   7.320454       14.227422        3.986880e-03      
   7.320454       14.772578        2.074609e-03      
   7.320454       15.316998        1.004077e-03      
   7.320454       15.859216        4.466718e-04      
   7.320454       16.397770        1.802923e-04      
   7.320454       16.931207        6.640156e-05      
   7.320454       17.458091        2.464526e-05      
   7.320454       17.977000        1.239513e-05      
   7.320454       18.486536        1.013742e-05      
   7.320454       18.985324        1.000673e-05      
   7.320454       19.472021        9.220178e-06      
   7.320454       19.945315        7.740099e-06      
   7.320454       20.403928        6.050407e-06      
   7.320454       20.846626        4.328421e-06      
   7.320454       21.272215        2.932502e-06      
   7.320454       21.679546        1.871426e-06      
   7.320454       22.067523        1.143562e-06      
   7.320454       22.435100        6.350835e-07      
   7.320454       22.781284        3.212812e-07      
   7.320454       23.105144        1.251103e-07      
   7.320454       23.405806        2.335553e-08      
   7.320454       23.682459        -3.764310e-08     
   7.320454       23.934358        -7.303170e-08     
   7.320454       24.160824        -8.695381e-08     
   7.320454       24.361246        -9.185080e-08     
   7.320454       24.535084        -9.247463e-08     
   7.320454       24.681869        -8.953181e-08     
   7.320454       24.801206        -8.492784e-08     
   7.320454       24.892773        -8.063123e-08     
   7.320454       24.956326        -7.755637e-08     
   7.320454       24.991706        -7.587570e-08     
   7.727785       0.001580         3.944077e-05      
   7.727785       0.008319         2.076944e-04      
   7.727785       0.020424         5.099183e-04      
   7.727785       0.037866         9.453077e-04      
   7.727785       0.060596         1.512850e-03      
   7.727785       0.088555         2.210369e-03      
   7.727785       0.121667         3.037396e-03      
   7.727785       0.159843         3.998305e-03      
   7.727785       0.202979         5.081890e-03      
   7.727785       0.250960         6.285578e-03      
   7.727785       0.303656         7.610016e-03      
   7.727785       0.360925         9.055318e-03      
   7.727785       0.422613         1.061980e-02      
   7.727785       0.488552         1.230216e-02      
   7.727785       0.558567         1.410099e-02      
   7.727785       0.632467         1.601582e-02      
   7.727785       0.710054         1.804581e-02      
   7.727785       0.791119         2.019087e-02      
   7.727785       0.875442         2.245110e-02      
   7.727785       0.962797         2.482684e-02      
   7.727785       1.052948         2.731840e-02      
   7.727785       1.145653         2.992632e-02      
   7.727785       1.240660         3.265093e-02      
   7.727785       1.337714         3.549241e-02      
   7.727785       1.436554         3.845050e-02      
   7.727785       1.536913         4.152450e-02      
   7.727785       1.638520         4.471297e-02      
   7.727785       1.741102         4.801366e-02      
   7.727785       1.844381         5.142327e-02      
   7.727785       1.948080         5.493742e-02      
   7.727785       2.051920         5.855043e-02      
   7.727785       2.155619         6.225520e-02      
   7.727785       2.258898         6.604322e-02      
   7.727785       2.361480         6.990449e-02      
   7.727785       2.463087         7.382750e-02      
   7.727785       2.563446         7.779927e-02      
   7.727785       2.662286         8.180544e-02      
   7.727785       2.759340         8.583038e-02      
   7.727785       2.854347         8.985729e-02      
   7.727785       2.947052         9.386844e-02      
   7.727785       3.037203         9.784534e-02      
   7.727785       3.124558         1.017690e-01      
   7.727785       3.208881         1.056201e-01      
   7.727785       3.289946         1.093795e-01      
   7.727785       3.367533         1.130279e-01      
   7.727785       3.441433         1.165469e-01      
   7.727785       3.511448         1.199185e-01      
   7.727785       3.577387         1.231255e-01      
   7.727785       3.639075         1.261520e-01      
   7.727785       3.696344         1.289830e-01      
   7.727785       3.749040         1.316049e-01      
   7.727785       3.797021         1.340054e-01      
   7.727785       3.840157         1.361736e-01      
   7.727785       3.878333         1.380997e-01      
   7.727785       3.911445         1.397756e-01      
   7.727785       3.939404         1.411942e-01      
   7.727785       3.962134         1.423497e-01      
   7.727785       3.979576         1.432376e-01      
   7.727785       3.991681         1.438545e-01      
   7.727785       3.998420         1.441982e-01      
   7.727785       4.008294         1.447019e-01      
   7.727785       4.043674         1.465095e-01      
   7.727785       4.107227         1.497650e-01      
   7.727785       4.198794         1.544702e-01      
   7.727785       4.318131         1.606160e-01      
   7.727785       4.464916         1.681688e-01      
   7.727785       4.638754         1.770521e-01      
   7.727785       4.839176         1.871213e-01      
   7.727785       5.065642         1.981335e-01      
   7.727785       5.317541         2.097153e-01      
   7.727785       5.594194         2.213347e-01      
   7.727785       5.894856         2.322890e-01      
   7.727785       6.218716         2.417189e-01      
   7.727785       6.564900         2.486517e-01      
   7.727785       6.932477         2.520386e-01      
   7.727785       7.320454         2.506762e-01      
   7.727785       7.727785         2.429892e-01      
   7.727785       8.153374         2.279717e-01      
   7.727785       8.596072         2.069482e-01      
   7.727785       9.054685         1.819005e-01      
   7.727785       9.527979         1.545189e-01      
   7.727785       10.014676        1.265239e-01      
   7.727785       10.513464        9.965315e-02      
   7.727785       11.023000        7.539377e-02      
   7.727785       11.541909        5.473915e-02      
   7.727785       12.068793        3.810443e-02      
   7.727785       12.602230        2.539789e-02      
   7.727785       13.140784        1.617729e-02      
   7.727785       13.683002        9.818985e-03      
   7.727785       14.227422        5.656943e-03      
   7.727785       14.772578        3.077352e-03      
   7.727785       15.316998        1.569667e-03      
   7.727785       15.859216        7.438032e-04      
   7.727785       16.397770        3.239638e-04      
   7.727785       16.931207        1.285768e-04      
   7.727785       17.458091        4.717940e-05      
   7.727785       17.977000        1.843681e-05      
   7.727785       18.486536        1.064584e-05      
   7.727785       18.985324        9.111885e-06      
   7.727785       19.472021        8.692947e-06      
   7.727785       19.945315        7.878638e-06      
   7.727785       20.403928        6.456833e-06      
   7.727785       20.846626        4.937346e-06      
   7.727785       21.272215        3.532903e-06      
   7.727785       21.679546        2.411395e-06      
   7.727785       22.067523        1.541060e-06      
   7.727785       22.435100        9.398082e-07      
   7.727785       22.781284        5.370439e-07      
   7.727785       23.105144        2.907178e-07      
   7.727785       23.405806        1.240819e-07      
   7.727785       23.682459        2.545524e-08      
   7.727785       23.934358        -2.949537e-08     
   7.727785       24.160824        -6.041382e-08     
   7.727785       24.361246        -7.294729e-08     
   7.727785       24.535084        -7.570335e-08     
   7.727785       24.681869        -7.589764e-08     
   7.727785       24.801206        -7.576735e-08     
   7.727785       24.892773        -7.539264e-08     
   7.727785       24.956326        -7.484334e-08     
   7.727785       24.991706        -7.440168e-08     
   8.153374       0.001580         2.656864e-05      
   8.153374       0.008319         1.399100e-04      
   8.153374       0.020424         3.434923e-04      
   8.153374       0.037866         6.368119e-04      
   8.153374       0.060596         1.019036e-03      
   8.153374       0.088555         1.489142e-03      
   8.153374       0.121667         2.045039e-03      
   8.153374       0.159843         2.693874e-03      
   8.153374       0.202979         3.426051e-03      
   8.153374       0.250960         4.238460e-03      
   8.153374       0.303656         5.132348e-03      
   8.153374       0.360925         6.108831e-03      
   8.153374       0.422613         7.167304e-03      
   8.153374       0.488552         8.307512e-03      
   8.153374       0.558567         9.529077e-03      
   8.153374       0.632467         1.083257e-02      
   8.153374       0.710054         1.221825e-02      
   8.153374       0.791119         1.368708e-02      
   8.153374       0.875442         1.524031e-02      
   8.153374       0.962797         1.687945e-02      
   8.153374       1.052948         1.860606e-02      
   8.153374       1.145653         2.042197e-02      
   8.153374       1.240660         2.232895e-02      
   8.153374       1.337714         2.432873e-02      
   8.153374       1.436554         2.642274e-02      
   8.153374       1.536913         2.861214e-02      
   8.153374       1.638520         3.089753e-02      
   8.153374       1.741102         3.327889e-02      
   8.153374       1.844381         3.575539e-02      
   8.153374       1.948080         3.832533e-02      
   8.153374       2.051920         4.098597e-02      
   8.153374       2.155619         4.373337e-02      
   8.153374       2.258898         4.656241e-02      
   8.153374       2.361480         4.946662e-02      
   8.153374       2.463087         5.243823e-02      
   8.153374       2.563446         5.546807e-02      
   8.153374       2.662286         5.854568e-02      
   8.153374       2.759340         6.165932e-02      
   8.153374       2.854347         6.479609e-02      
   8.153374       2.947052         6.794199e-02      
   8.153374       3.037203         7.108212e-02      
   8.153374       3.124558         7.420082e-02      
   8.153374       3.208881         7.728188e-02      
   8.153374       3.289946         8.030870e-02      
   8.153374       3.367533         8.326453e-02      
   8.153374       3.441433         8.613269e-02      
   8.153374       3.511448         8.889673e-02      
   8.153374       3.577387         9.154066e-02      
   8.153374       3.639075         9.404912e-02      
   8.153374       3.696344         9.640750e-02      
   8.153374       3.749040         9.860214e-02      
   8.153374       3.797021         1.006204e-01      
   8.153374       3.840157         1.024507e-01      
   8.153374       3.878333         1.040827e-01      
   8.153374       3.911445         1.055073e-01      
   8.153374       3.939404         1.067167e-01      
   8.153374       3.962134         1.077041e-01      
   8.153374       3.979576         1.084643e-01      
   8.153374       3.991681         1.089932e-01      
   8.153374       3.998420         1.092880e-01      
   8.153374       4.008294         1.097206e-01      
   8.153374       4.043674         1.112764e-01      
   8.153374       4.107227         1.140919e-01      
   8.153374       4.198794         1.181930e-01      
   8.153374       4.318131         1.236085e-01      
   8.153374       4.464916         1.303612e-01      
   8.153374       4.638754         1.384532e-01      
   8.153374       4.839176         1.478455e-01      
   8.153374       5.065642         1.584304e-01      
   8.153374       5.317541         1.699982e-01      
   8.153374       5.594194         1.821998e-01      
   8.153374       5.894856         1.945143e-01      
   8.153374       6.218716         2.062329e-01      
   8.153374       6.564900         2.164749e-01      
   8.153374       6.932477         2.242403e-01      
   8.153374       7.320454         2.284668e-01      
   8.153374       7.727785         2.279717e-01      
   8.153374       8.153374         2.212171e-01      
   8.153374       8.596072         2.072357e-01      
   8.153374       9.054685         1.874424e-01      
   8.153374       9.527979         1.638502e-01      
   8.153374       10.014676        1.381662e-01      
   8.153374       10.513464        1.121149e-01      
   8.153374       11.023000        8.738342e-02      
   8.153374       11.541909        6.534703e-02      
   8.153374       12.068793        4.685428e-02      
   8.153374       12.602230        3.218560e-02      
   8.153374       13.140784        2.115592e-02      
   8.153374       13.683002        1.328069e-02      
   8.153374       14.227422        7.939588e-03      
   8.153374       14.772578        4.502805e-03      
   8.153374       15.316998        2.410050e-03      
   8.153374       15.859216        1.209049e-03      
   8.153374       16.397770        5.634319e-04      
   8.153374       16.931207        2.414437e-04      
   8.153374       17.458091        9.491123e-05      
   8.153374       17.977000        3.545292e-05      
   8.153374       18.486536        1.473294e-05      
   8.153374       18.985324        9.173459e-06      
   8.153374       19.472021        8.116864e-06      
   8.153374       19.945315        7.545048e-06      
   8.153374       20.403928        6.648487e-06      
   8.153374       20.846626        5.408407e-06      
   8.153374       21.272215        4.134371e-06      
   8.153374       21.679546        2.955372e-06      
   8.153374       22.067523        2.014010e-06      
   8.153374       22.435100        1.318348e-06      
   8.153374       22.781284        8.330791e-07      
   8.153374       23.105144        4.876340e-07      
   8.153374       23.405806        2.677358e-07      
   8.153374       23.682459        1.258918e-07      
   8.153374       23.934358        4.268625e-08      
   8.153374       24.160824        -2.505558e-09     
   8.153374       24.361246        -3.081682e-08     
   8.153374       24.535084        -4.899107e-08     
   8.153374       24.681869        -5.885756e-08     
   8.153374       24.801206        -6.339812e-08     
   8.153374       24.892773        -6.530541e-08     
   8.153374       24.956326        -6.606248e-08     
   8.153374       24.991706        -6.632899e-08     
   8.596072       0.001580         1.699478e-05      
   8.596072       0.008319         8.949419e-05      
   8.596072       0.020424         2.197286e-04      
   8.596072       0.037866         4.073894e-04      
   8.596072       0.060596         6.517945e-04      
   8.596072       0.088555         9.528032e-04      
   8.596072       0.121667         1.307083e-03      
   8.596072       0.159843         1.723221e-03      
   8.596072       0.202979         2.193828e-03      
   8.596072       0.250960         2.715020e-03      
   8.596072       0.303656         3.288205e-03      
   8.596072       0.360925         3.915114e-03      
   8.596072       0.422613         4.595837e-03      
   8.596072       0.488552         5.330733e-03      
   8.596072       0.558567         6.120000e-03      
   8.596072       0.632467         6.964761e-03      
   8.596072       0.710054         7.865775e-03      
   8.596072       0.791119         8.824503e-03      
   8.596072       0.875442         9.842684e-03      
   8.596072       0.962797         1.092235e-02      
   8.596072       1.052948         1.206558e-02      
   8.596072       1.145653         1.327476e-02      
   8.596072       1.240660         1.455224e-02      
   8.596072       1.337714         1.590046e-02      
   8.596072       1.436554         1.732165e-02      
   8.596072       1.536913         1.881788e-02      
   8.596072       1.638520         2.039085e-02      
   8.596072       1.741102         2.204182e-02      
   8.596072       1.844381         2.377146e-02      
   8.596072       1.948080         2.557977e-02      
   8.596072       2.051920         2.746589e-02      
   8.596072       2.155619         2.942811e-02      
   8.596072       2.258898         3.146367e-02      
   8.596072       2.361480         3.356876e-02      
   8.596072       2.463087         3.573846e-02      
   8.596072       2.563446         3.796667e-02      
   8.596072       2.662286         4.024612e-02      
   8.596072       2.759340         4.256840e-02      
   8.596072       2.854347         4.492398e-02      
   8.596072       2.947052         4.730229e-02      
   8.596072       3.037203         4.969183e-02      
   8.596072       3.124558         5.208027e-02      
   8.596072       3.208881         5.445458e-02      
   8.596072       3.289946         5.680122e-02      
   8.596072       3.367533         5.910626e-02      
   8.596072       3.441433         6.135554e-02      
   8.596072       3.511448         6.353492e-02      
   8.596072       3.577387         6.563039e-02      
   8.596072       3.639075         6.762824e-02      
   8.596072       3.696344         6.951526e-02      
   8.596072       3.749040         7.127887e-02      
   8.596072       3.797021         7.290722e-02      
   8.596072       3.840157         7.438935e-02      
   8.596072       3.878333         7.571529e-02      
   8.596072       3.911445         7.687609e-02      
   8.596072       3.939404         7.786395e-02      
   8.596072       3.962134         7.867225e-02      
   8.596072       3.979576         7.929558e-02      
   8.596072       3.991681         7.972979e-02      
   8.596072       3.998420         7.997208e-02      
   8.596072       4.008294         8.032778e-02      
   8.596072       4.043674         8.160941e-02      
   8.596072       4.107227         8.393870e-02      
   8.596072       4.198794         8.735470e-02      
   8.596072       4.318131         9.190861e-02      
   8.596072       4.464916         9.765818e-02      
   8.596072       4.638754         1.046580e-01      
   8.596072       4.839176         1.129448e-01      
   8.596072       5.065642         1.225163e-01      
   8.596072       5.317541         1.333022e-01      
   8.596072       5.594194         1.451274e-01      
   8.596072       5.894856         1.576709e-01      
   8.596072       6.218716         1.704278e-01      
   8.596072       6.564900         1.826883e-01      
   8.596072       6.932477         1.935542e-01      
   8.596072       7.320454         2.019998e-01      
   8.596072       7.727785         2.069482e-01      
   8.596072       8.153374         2.072357e-01      
   8.596072       8.596072         2.013664e-01      
   8.596072       9.054685         1.884136e-01      
   8.596072       9.527979         1.698571e-01      
   8.596072       10.014676        1.477193e-01      
   8.596072       10.513464        1.237095e-01      
   8.596072       11.023000        9.953907e-02      
   8.596072       11.541909        7.683059e-02      
   8.596072       12.068793        5.684333e-02      
   8.596072       12.602230        4.029338e-02      
   8.596072       13.140784        2.734849e-02      
   8.596072       13.683002        1.775373e-02      
   8.596072       14.227422        1.100292e-02      
   8.596072       14.772578        6.492463e-03      
   8.596072       15.316998        3.633646e-03      
   8.596072       15.859216        1.919189e-03      
   8.596072       16.397770        9.504212e-04      
   8.596072       16.931207        4.378126e-04      
   8.596072       17.458091        1.860573e-04      
   8.596072       17.977000        7.297054e-05      
   8.596072       18.486536        2.779660e-05      
   8.596072       18.985324        1.235473e-05      
   8.596072       19.472021        8.065157e-06      
   8.596072       19.945315        7.089060e-06      
   8.596072       20.403928        6.507072e-06      
   8.596072       20.846626        5.683155e-06      
   8.596072       21.272215        4.591418e-06      
   8.596072       21.679546        3.489846e-06      
   8.596072       22.067523        2.540284e-06      
   8.596072       22.435100        1.766203e-06      
   8.596072       22.781284        1.171232e-06      
   8.596072       23.105144        7.519491e-07      
   8.596072       23.405806        4.646300e-07      
   8.596072       23.682459        2.835716e-07      
   8.596072       23.934358        1.616042e-07      
   8.596072       24.160824        7.850566e-08      
   8.596072       24.361246        2.704456e-08      
   8.596072       24.535084        -4.292729e-09     
   8.596072       24.681869        -2.386776e-08     
   8.596072       24.801206        -3.569928e-08     
   8.596072       24.892773        -4.228069e-08     
   8.596072       24.956326        -4.560698e-08     
   8.596072       24.991706        -4.705046e-08     
   9.054685       0.001580         1.021874e-05      
   9.054685       0.008319         5.381170e-05      
   9.054685       0.020424         1.321135e-04      
   9.054685       0.037866         2.449793e-04      
   9.054685       0.060596         3.919234e-04      
   9.054685       0.088555         5.732124e-04      
   9.054685       0.121667         7.849892e-04      
   9.054685       0.159843         1.035813e-03      
   9.054685       0.202979         1.321030e-03      
   9.054685       0.250960         1.635928e-03      
   9.054685       0.303656         1.981720e-03      
   9.054685       0.360925         2.360434e-03      
   9.054685       0.422613         2.772575e-03      
   9.054685       0.488552         3.218809e-03      
   9.054685       0.558567         3.699587e-03      
   9.054685       0.632467         4.216225e-03      
   9.054685       0.710054         4.769608e-03      
   9.054685       0.791119         5.361273e-03      
   9.054685       0.875442         5.993008e-03      
   9.054685       0.962797         6.666894e-03      
   9.054685       1.052948         7.385040e-03      
   9.054685       1.145653         8.149861e-03      
   9.054685       1.240660         8.963764e-03      
   9.054685       1.337714         9.829286e-03      
   9.054685       1.436554         1.074886e-02      
   9.054685       1.536913         1.172484e-02      
   9.054685       1.638520         1.275929e-02      
   9.054685       1.741102         1.385406e-02      
   9.054685       1.844381         1.501054e-02      
   9.054685       1.948080         1.622968e-02      
   9.054685       2.051920         1.751177e-02      
   9.054685       2.155619         1.885647e-02      
   9.054685       2.258898         2.026267e-02      
   9.054685       2.361480         2.172837e-02      
   9.054685       2.463087         2.325072e-02      
   9.054685       2.563446         2.482593e-02      
   9.054685       2.662286         2.644924e-02      
   9.054685       2.759340         2.811492e-02      
   9.054685       2.854347         2.981627e-02      
   9.054685       2.947052         3.154570e-02      
   9.054685       3.037203         3.329473e-02      
   9.054685       3.124558         3.505407e-02      
   9.054685       3.208881         3.681374e-02      
   9.054685       3.289946         3.856318e-02      
   9.054685       3.367533         4.029136e-02      
   9.054685       3.441433         4.198692e-02      
   9.054685       3.511448         4.363830e-02      
   9.054685       3.577387         4.523391e-02      
   9.054685       3.639075         4.676225e-02      
   9.054685       3.696344         4.821211e-02      
   9.054685       3.749040         4.957262e-02      
   9.054685       3.797021         5.083349e-02      
   9.054685       3.840157         5.198504e-02      
   9.054685       3.878333         5.301837e-02      
   9.054685       3.911445         5.392544e-02      
   9.054685       3.939404         5.469916e-02      
   9.054685       3.962134         5.533347e-02      
   9.054685       3.979576         5.582337e-02      
   9.054685       3.991681         5.616502e-02      
   9.054685       3.998420         5.635580e-02      
   9.054685       4.008294         5.663606e-02      
   9.054685       4.043674         5.764762e-02      
   9.054685       4.107227         5.949319e-02      
   9.054685       4.198794         6.221639e-02      
   9.054685       4.318131         6.587765e-02      
   9.054685       4.464916         7.055144e-02      
   9.054685       4.638754         7.632080e-02      
   9.054685       4.839176         8.326822e-02      
   9.054685       5.065642         9.146138e-02      
   9.054685       5.317541         1.009319e-01      
   9.054685       5.594194         1.116454e-01      
   9.054685       5.894856         1.234621e-01      
   9.054685       6.218716         1.360921e-01      
   9.054685       6.564900         1.490511e-01      
   9.054685       6.932477         1.616351e-01      
   9.054685       7.320454         1.729342e-01      
   9.054685       7.727785         1.819005e-01      
   9.054685       8.153374         1.874424e-01      
   9.054685       8.596072         1.884136e-01      
   9.054685       9.054685         1.833644e-01      
   9.054685       9.527979         1.714093e-01      
   9.054685       10.014676        1.540691e-01      
   9.054685       10.513464        1.333575e-01      
   9.054685       11.023000        1.109727e-01      
   9.054685       11.541909        8.859726e-02      
   9.054685       12.068793        6.777859e-02      
   9.054685       12.602230        4.966183e-02      
   9.054685       13.140784        3.484330e-02      
   9.054685       13.683002        2.339944e-02      
   9.054685       14.227422        1.502663e-02      
   9.054685       14.772578        9.211629e-03      
   9.054685       15.316998        5.376874e-03      
   9.054685       15.859216        2.978018e-03      
   9.054685       16.397770        1.557616e-03      
   9.054685       16.931207        7.646362e-04      
   9.054685       17.458091        3.498169e-04      
   9.054685       17.977000        1.483514e-04      
   9.054685       18.486536        5.867908e-05      
   9.054685       18.985324        2.291200e-05      
   9.054685       19.472021        1.062684e-05      
   9.054685       19.945315        7.125631e-06      
   9.054685       20.403928        6.230690e-06      
   9.054685       20.846626        5.631419e-06      
   9.054685       21.272215        4.849582e-06      
   9.054685       21.679546        3.963281e-06      
   9.054685       22.067523        3.040240e-06      
   9.054685       22.435100        2.228169e-06      
   9.054685       22.781284        1.573176e-06      
   9.054685       23.105144        1.089990e-06      
   9.054685       23.405806        7.431827e-07      
   9.054685       23.682459        4.881243e-07      
   9.054685       23.934358        3.146899e-07      
   9.054685       24.160824        1.981861e-07      
   9.054685       24.361246        1.197985e-07      
   9.054685       24.535084        7.003313e-08      
   9.054685       24.681869        3.941127e-08      
   9.054685       24.801206        1.993515e-08      
   9.054685       24.892773        7.204774e-09      
   9.054685       24.956326        -7.534456e-10     
   9.054685       24.991706        -4.897424e-09     
   9.527979       0.001580         5.688395e-06      
   9.527979       0.008319         2.995496e-05      
   9.527979       0.020424         7.354118e-05      
   9.527979       0.037866         1.363461e-04      
   9.527979       0.060596         2.182101e-04      
   9.527979       0.088555         3.193529e-04      
   9.527979       0.121667         4.361725e-04      
   9.527979       0.159843         5.758286e-04      
   9.527979       0.202979         7.367378e-04      
   9.527979       0.250960         9.134892e-04      
   9.527979       0.303656         1.106838e-03      
   9.527979       0.360925         1.318871e-03      
   9.527979       0.422613         1.550312e-03      
   9.527979       0.488552         1.801923e-03      
   9.527979       0.558567         2.074189e-03      
   9.527979       0.632467         2.368387e-03      
   9.527979       0.710054         2.685314e-03      
   9.527979       0.791119         3.026359e-03      
   9.527979       0.875442         3.393114e-03      
   9.527979       0.962797         3.787414e-03      
   9.527979       1.052948         4.211091e-03      
   9.527979       1.145653         4.666276e-03      
   9.527979       1.240660         5.155098e-03      
   9.527979       1.337714         5.679844e-03      
   9.527979       1.436554         6.242752e-03      
   9.527979       1.536913         6.846045e-03      
   9.527979       1.638520         7.491776e-03      
   9.527979       1.741102         8.181849e-03      
   9.527979       1.844381         8.917883e-03      
   9.527979       1.948080         9.701179e-03      
   9.527979       2.051920         1.053261e-02      
   9.527979       2.155619         1.141258e-02      
   9.527979       2.258898         1.234096e-02      
   9.527979       2.361480         1.331699e-02      
   9.527979       2.463087         1.433924e-02      
   9.527979       2.563446         1.540558e-02      
   9.527979       2.662286         1.651311e-02      
   9.527979       2.759340         1.765816e-02      
   9.527979       2.854347         1.883628e-02      
   9.527979       2.947052         2.004227e-02      
   9.527979       3.037203         2.127020e-02      
   9.527979       3.124558         2.251342e-02      
   9.527979       3.208881         2.376464e-02      
   9.527979       3.289946         2.501604e-02      
   9.527979       3.367533         2.625928e-02      
   9.527979       3.441433         2.748568e-02      
   9.527979       3.511448         2.868625e-02      
   9.527979       3.577387         2.985190e-02      
   9.527979       3.639075         3.097348e-02      
   9.527979       3.696344         3.204197e-02      
   9.527979       3.749040         3.304856e-02      
   9.527979       3.797021         3.398478e-02      
   9.527979       3.840157         3.484262e-02      
   9.527979       3.878333         3.561464e-02      
   9.527979       3.911445         3.629407e-02      
   9.527979       3.939404         3.687490e-02      
   9.527979       3.962134         3.735194e-02      
   9.527979       3.979576         3.772092e-02      
   9.527979       3.991681         3.797851e-02      
   9.527979       3.998420         3.812245e-02      
   9.527979       4.008294         3.833403e-02      
   9.527979       4.043674         3.909897e-02      
   9.527979       4.107227         4.049964e-02      
   9.527979       4.198794         4.257824e-02      
   9.527979       4.318131         4.539496e-02      
   9.527979       4.464916         4.902722e-02      
   9.527979       4.638754         5.356745e-02      
   9.527979       4.839176         5.911851e-02      
   9.527979       5.065642         6.578559e-02      
   9.527979       5.317541         7.366255e-02      
   9.527979       5.594194         8.281117e-02      
   9.527979       5.894856         9.323067e-02      
   9.527979       6.218716         1.048168e-01      
   9.527979       6.564900         1.173128e-01      
   9.527979       6.932477         1.302604e-01      
   9.527979       7.320454         1.429674e-01      
   9.527979       7.727785         1.545189e-01      
   9.527979       8.153374         1.638502e-01      
   9.527979       8.596072         1.698571e-01      
   9.527979       9.054685         1.714093e-01      
   9.527979       9.527979         1.671053e-01      
   9.527979       10.014676        1.561016e-01      
   9.527979       10.513464        1.399396e-01      
   9.527979       11.023000        1.206071e-01      
   9.527979       11.541909        9.978007e-02      
   9.527979       12.068793        7.909948e-02      
   9.527979       12.602230        6.002956e-02      
   9.527979       13.140784        4.360638e-02      
   9.527979       13.683002        3.032156e-02      
   9.527979       14.227422        2.017778e-02      
   9.527979       14.772578        1.284063e-02      
   9.527979       15.316998        7.802721e-03      
   9.527979       15.859216        4.516744e-03      
   9.527979       16.397770        2.482707e-03      
   9.527979       16.931207        1.290472e-03      
   9.527979       17.458091        6.309400e-04      
   9.527979       17.977000        2.884078e-04      
   9.527979       18.486536        1.228119e-04      
   9.527979       18.985324        4.923176e-05      
   9.527979       19.472021        1.975505e-05      
   9.527979       19.945315        9.475272e-06      
   9.527979       20.403928        6.370591e-06      
   9.527979       20.846626        5.432007e-06      
   9.527979       21.272215        4.910240e-06      
   9.527979       21.679546        4.216885e-06      
   9.527979       22.067523        3.443589e-06      
   9.527979       22.435100        2.678490e-06      
   9.527979       22.781284        2.033468e-06      
   9.527979       23.105144        1.489434e-06      
   9.527979       23.405806        1.064201e-06      
   9.527979       23.682459        7.516055e-07      
   9.527979       23.934358        5.250181e-07      
   9.527979       24.160824        3.711013e-07      
   9.527979       24.361246        2.660970e-07      
   9.527979       24.535084        1.905661e-07      
   9.527979       24.681869        1.365096e-07      
   9.527979       24.801206        9.962035e-08      
   9.527979       24.892773        7.563687e-08      
   9.527979       24.956326        6.103071e-08      
   9.527979       24.991706        5.355796e-08      
   10.014676      0.001580         2.849322e-06      
   10.014676      0.008319         1.500445e-05      
   10.014676      0.020424         3.684327e-05      
   10.014676      0.037866         6.826335e-05      
   10.014676      0.060596         1.093537e-04      
   10.014676      0.088555         1.601506e-04      
   10.014676      0.121667         2.178877e-04      
   10.014676      0.159843         2.873193e-04      
   10.014676      0.202979         3.699621e-04      
   10.014676      0.250960         4.600243e-04      
   10.014676      0.303656         5.576409e-04      
   10.014676      0.360925         6.647940e-04      
   10.014676      0.422613         7.823062e-04      
   10.014676      0.488552         9.109084e-04      
   10.014676      0.558567         1.050978e-03      
   10.014676      0.632467         1.203608e-03      
   10.014676      0.710054         1.369385e-03      
   10.014676      0.791119         1.549437e-03      
   10.014676      0.875442         1.745043e-03      
   10.014676      0.962797         1.957666e-03      
   10.014676      1.052948         2.188743e-03      
   10.014676      1.145653         2.440005e-03      
   10.014676      1.240660         2.713167e-03      
   10.014676      1.337714         3.010076e-03      
   10.014676      1.436554         3.332536e-03      
   10.014676      1.536913         3.682402e-03      
   10.014676      1.638520         4.061436e-03      
   10.014676      1.741102         4.471335e-03      
   10.014676      1.844381         4.913614e-03      
   10.014676      1.948080         5.389627e-03      
   10.014676      2.051920         5.900435e-03      
   10.014676      2.155619         6.446772e-03      
   10.014676      2.258898         7.029008e-03      
   10.014676      2.361480         7.647094e-03      
   10.014676      2.463087         8.300510e-03      
   10.014676      2.563446         8.988219e-03      
   10.014676      2.662286         9.708651e-03      
   10.014676      2.759340         1.045965e-02      
   10.014676      2.854347         1.123846e-02      
   10.014676      2.947052         1.204172e-02      
   10.014676      3.037203         1.286549e-02      
   10.014676      3.124558         1.370526e-02      
   10.014676      3.208881         1.455597e-02      
   10.014676      3.289946         1.541209e-02      
   10.014676      3.367533         1.626766e-02      
   10.014676      3.441433         1.711635e-02      
   10.014676      3.511448         1.795155e-02      
   10.014676      3.577387         1.876648e-02      
   10.014676      3.639075         1.955424e-02      
   10.014676      3.696344         2.030792e-02      
   10.014676      3.749040         2.102075e-02      
   10.014676      3.797021         2.168614e-02      
   10.014676      3.840157         2.229781e-02      
   10.014676      3.878333         2.284989e-02      
   10.014676      3.911445         2.333700e-02      
   10.014676      3.939404         2.375432e-02      
   10.014676      3.962134         2.409769e-02      
   10.014676      3.979576         2.436366e-02      
   10.014676      3.991681         2.454954e-02      
   10.014676      3.998420         2.465348e-02      
   10.014676      4.008294         2.480635e-02      
   10.014676      4.043674         2.535992e-02      
   10.014676      4.107227         2.637716e-02      
   10.014676      4.198794         2.789520e-02      
   10.014676      4.318131         2.996805e-02      
   10.014676      4.464916         3.266715e-02      
   10.014676      4.638754         3.608118e-02      
   10.014676      4.839176         4.031476e-02      
   10.014676      5.065642         4.548496e-02      
   10.014676      5.317541         5.171429e-02      
   10.014676      5.594194         5.911810e-02      
   10.014676      5.894856         6.778451e-02      
   10.014676      6.218716         7.774397e-02      
   10.014676      6.564900         8.892677e-02      
   10.014676      6.932477         1.011111e-01      
   10.014676      7.320454         1.138680e-01      
   10.014676      7.727785         1.265239e-01      
   10.014676      8.153374         1.381662e-01      
   10.014676      8.596072         1.477193e-01      
   10.014676      9.054685         1.540691e-01      
   10.014676      9.527979         1.561016e-01      
   10.014676      10.014676        1.524653e-01      
   10.014676      10.513464        1.423578e-01      
   10.014676      11.023000        1.273234e-01      
   10.014676      11.541909        1.093112e-01      
   10.014676      12.068793        8.996331e-02      
   10.014676      12.602230        7.086911e-02      
   10.014676      13.140784        5.340613e-02      
   10.014676      13.683002        3.850657e-02      
   10.014676      14.227422        2.657279e-02      
   10.014676      14.772578        1.755136e-02      
   10.014676      15.316998        1.108929e-02      
   10.014676      15.859216        6.693982e-03      
   10.014676      16.397770        3.853166e-03      
   10.014676      16.931207        2.109020e-03      
   10.014676      17.458091        1.093632e-03      
   10.014676      17.977000        5.349113e-04      
   10.014676      18.486536        2.456320e-04      
   10.014676      18.985324        1.057145e-04      
   10.014676      19.472021        4.324657e-05      
   10.014676      19.945315        1.783899e-05      
   10.014676      20.403928        8.647697e-06      
   10.014676      20.846626        5.786664e-06      
   10.014676      21.272215        4.807458e-06      
   10.014676      21.679546        4.258721e-06      
   10.014676      22.067523        3.689541e-06      
   10.014676      22.435100        3.088077e-06      
   10.014676      22.781284        2.455141e-06      
   10.014676      23.105144        1.899128e-06      
   10.014676      23.405806        1.435011e-06      
   10.014676      23.682459        1.079380e-06      
   10.014676      23.934358        8.127494e-07      
   10.014676      24.160824        6.061818e-07      
   10.014676      24.361246        4.530410e-07      
   10.014676      24.535084        3.448205e-07      
   10.014676      24.681869        2.686968e-07      
   10.014676      24.801206        2.154861e-07      
   10.014676      24.892773        1.796527e-07      
   10.014676      24.956326        1.573459e-07      
   10.014676      24.991706        1.458420e-07      
   10.513464      0.001580         1.210932e-06      
   10.513464      0.008319         6.376727e-06      
   10.513464      0.020424         1.565138e-05      
   10.513464      0.037866         2.901087e-05      
   10.513464      0.060596         4.651330e-05      
   10.513464      0.088555         6.814712e-05      
   10.513464      0.121667         9.225587e-05      
   10.513464      0.159843         1.207091e-04      
   10.513464      0.202979         1.577685e-04      
   10.513464      0.250960         1.976816e-04      
   10.513464      0.303656         2.398656e-04      
   10.513464      0.360925         2.860591e-04      
   10.513464      0.422613         3.371043e-04      
   10.513464      0.488552         3.936659e-04      
   10.513464      0.558567         4.560069e-04      
   10.513464      0.632467         5.250320e-04      
   10.513464      0.710054         6.010932e-04      
   10.513464      0.791119         6.850232e-04      
   10.513464      0.875442         7.777495e-04      
   10.513464      0.962797         8.803380e-04      
   10.513464      1.052948         9.937840e-04      
   10.513464      1.145653         1.119357e-03      
   10.513464      1.240660         1.258303e-03      
   10.513464      1.337714         1.412006e-03      
   10.513464      1.436554         1.581820e-03      
   10.513464      1.536913         1.769176e-03      
   10.513464      1.638520         1.975441e-03      
   10.513464      1.741102         2.201967e-03      
   10.513464      1.844381         2.449994e-03      
   10.513464      1.948080         2.720698e-03      
   10.513464      2.051920         3.015081e-03      
   10.513464      2.155619         3.333954e-03      
   10.513464      2.258898         3.677902e-03      
   10.513464      2.361480         4.047229e-03      
   10.513464      2.463087         4.441925e-03      
   10.513464      2.563446         4.861621e-03      
   10.513464      2.662286         5.305579e-03      
   10.513464      2.759340         5.772658e-03      
   10.513464      2.854347         6.261293e-03      
   10.513464      2.947052         6.769482e-03      
   10.513464      3.037203         7.294780e-03      
   10.513464      3.124558         7.834307e-03      
   10.513464      3.208881         8.384763e-03      
   10.513464      3.289946         8.942449e-03      
   10.513464      3.367533         9.503310e-03      
   10.513464      3.441433         1.006298e-02      
   10.513464      3.511448         1.061685e-02      
   10.513464      3.577387         1.116009e-02      
   10.513464      3.639075         1.168778e-02      
   10.513464      3.696344         1.219493e-02      
   10.513464      3.749040         1.267657e-02      
   10.513464      3.797021         1.312785e-02      
   10.513464      3.840157         1.354411e-02      
   10.513464      3.878333         1.392096e-02      
   10.513464      3.911445         1.425433e-02      
   10.513464      3.939404         1.454059e-02      
   10.513464      3.962134         1.477656e-02      
   10.513464      3.979576         1.495961e-02      
   10.513464      3.991681         1.508767e-02      
   10.513464      3.998420         1.515933e-02      
   10.513464      4.008294         1.526479e-02      
   10.513464      4.043674         1.564732e-02      
   10.513464      4.107227         1.635281e-02      
   10.513464      4.198794         1.741159e-02      
   10.513464      4.318131         1.886848e-02      
   10.513464      4.464916         2.078397e-02      
   10.513464      4.638754         2.323536e-02      
   10.513464      4.839176         2.631737e-02      
   10.513464      5.065642         3.014174e-02      
   10.513464      5.317541         3.483488e-02      
   10.513464      5.594194         4.053203e-02      
   10.513464      5.894856         4.736571e-02      
   10.513464      6.218716         5.544655e-02      
   10.513464      6.564900         6.483317e-02      
   10.513464      6.932477         7.548903e-02      
   10.513464      7.320454         8.722777e-02      
   10.513464      7.727785         9.965315e-02      
   10.513464      8.153374         1.121149e-01      
   10.513464      8.596072         1.237095e-01      
   10.513464      9.054685         1.333575e-01      
   10.513464      9.527979         1.399396e-01      
   10.513464      10.014676        1.423578e-01      
   10.513464      10.513464        1.393118e-01      
   10.513464      11.023000        1.300413e-01      
   10.513464      11.541909        1.160768e-01      
   10.513464      12.068793        9.931840e-02      
   10.513464      12.602230        8.136542e-02      
   10.513464      13.140784        6.374606e-02      
   10.513464      13.683002        4.775070e-02      
   10.513464      14.227422        3.421616e-02      
   10.513464      14.772578        2.346759e-02      
   10.513464      15.316998        1.541079e-02      
   10.513464      15.859216        9.687116e-03      
   10.513464      16.397770        5.823253e-03      
   10.513464      16.931207        3.342343e-03      
   10.513464      17.458091        1.827652e-03      
   10.513464      17.977000        9.492747e-04      
   10.513464      18.486536        4.666792e-04      
   10.513464      18.985324        2.165176e-04      
   10.513464      19.472021        9.477593e-05      
   10.513464      19.945315        3.967825e-05      
   10.513464      20.403928        1.686001e-05      
   10.513464      20.846626        8.214997e-06      
   10.513464      21.272215        5.279278e-06      
   10.513464      21.679546        4.301782e-06      
   10.513464      22.067523        3.800750e-06      
   10.513464      22.435100        3.305506e-06      
   10.513464      22.781284        2.790320e-06      
   10.513464      23.105144        2.286163e-06      
   10.513464      23.405806        1.843884e-06      
   10.513464      23.682459        1.451442e-06      
   10.513464      23.934358        1.129329e-06      
   10.513464      24.160824        8.816448e-07      
   10.513464      24.361246        6.930960e-07      
   10.513464      24.535084        5.539556e-07      
   10.513464      24.681869        4.553287e-07      
   10.513464      24.801206        3.866367e-07      
   10.513464      24.892773        3.395870e-07      
   10.513464      24.956326        3.092915e-07      
   10.513464      24.991706        2.931622e-07      
   11.023000      0.001580         3.625813e-07      
   11.023000      0.008319         1.909342e-06      
   11.023000      0.020424         4.690025e-06      
   11.023000      0.037866         8.711408e-06      
   11.023000      0.060596         1.394266e-05      
   11.023000      0.088555         2.039767e-05      
   11.023000      0.121667         2.754918e-05      
   11.023000      0.159843         3.449456e-05      
   11.023000      0.202979         4.752898e-05      
   11.023000      0.250960         6.142649e-05      
   11.023000      0.303656         7.488555e-05      
   11.023000      0.360925         8.930729e-05      
   11.023000      0.422613         1.055019e-04      
   11.023000      0.488552         1.240507e-04      
   11.023000      0.558567         1.451089e-04      
   11.023000      0.632467         1.693975e-04      
   11.023000      0.710054         1.970462e-04      
   11.023000      0.791119         2.286038e-04      
   11.023000      0.875442         2.646907e-04      
   11.023000      0.962797         3.060508e-04      
   11.023000      1.052948         3.533230e-04      
   11.023000      1.145653         4.073685e-04      
   11.023000      1.240660         4.689979e-04      
   11.023000      1.337714         5.391709e-04      
   11.023000      1.436554         6.188271e-04      
   11.023000      1.536913         7.089745e-04      
   11.023000      1.638520         8.105766e-04      
   11.023000      1.741102         9.246338e-04      
   11.023000      1.844381         1.052084e-03      
   11.023000      1.948080         1.193831e-03      
   11.023000      2.051920         1.350673e-03      
   11.023000      2.155619         1.523320e-03      
   11.023000      2.258898         1.712365e-03      
   11.023000      2.361480         1.918223e-03      
   11.023000      2.463087         2.141124e-03      
   11.023000      2.563446         2.381081e-03      
   11.023000      2.662286         2.637866e-03      
   11.023000      2.759340         2.910968e-03      
   11.023000      2.854347         3.199593e-03      
   11.023000      2.947052         3.502658e-03      
   11.023000      3.037203         3.818767e-03      
   11.023000      3.124558         4.146213e-03      
   11.023000      3.208881         4.482977e-03      
   11.023000      3.289946         4.826752e-03      
   11.023000      3.367533         5.174945e-03      
   11.023000      3.441433         5.524715e-03      
   11.023000      3.511448         5.873003e-03      
   11.023000      3.577387         6.216580e-03      
   11.023000      3.639075         6.552094e-03      
   11.023000      3.696344         6.876127e-03      
   11.023000      3.749040         7.185243e-03      
   11.023000      3.797021         7.476054e-03      
   11.023000      3.840157         7.745277e-03      
   11.023000      3.878333         7.989795e-03      
   11.023000      3.911445         8.206716e-03      
   11.023000      3.939404         8.393428e-03      
   11.023000      3.962134         8.547648e-03      
   11.023000      3.979576         8.667469e-03      
   11.023000      3.991681         8.751396e-03      
   11.023000      3.998420         8.798392e-03      
   11.023000      4.008294         8.867599e-03      
   11.023000      4.043674         9.119077e-03      
   11.023000      4.107227         9.584658e-03      
   11.023000      4.198794         1.028760e-02      
   11.023000      4.318131         1.126269e-02      
   11.023000      4.464916         1.255771e-02      
   11.023000      4.638754         1.423513e-02      
   11.023000      4.839176         1.637383e-02      
   11.023000      5.065642         1.907048e-02      
   11.023000      5.317541         2.243995e-02      
   11.023000      5.594194         2.661396e-02      
   11.023000      5.894856         3.173645e-02      
   11.023000      6.218716         3.795317e-02      
   11.023000      6.564900         4.539378e-02      
   11.023000      6.932477         5.414215e-02      
   11.023000      7.320454         6.419273e-02      
   11.023000      7.727785         7.539377e-02      
   11.023000      8.153374         8.738342e-02      
   11.023000      8.596072         9.953907e-02      
   11.023000      9.054685         1.109727e-01      
   11.023000      9.527979         1.206071e-01      
   11.023000      10.014676        1.273234e-01      
   11.023000      10.513464        1.300413e-01      
   11.023000      11.023000        1.275118e-01      
   11.023000      11.541909        1.190175e-01      
   11.023000      12.068793        1.060623e-01      
   11.023000      12.602230        9.048712e-02      
   11.023000      13.140784        7.384190e-02      
   11.023000      13.683002        5.758753e-02      
   11.023000      14.227422        4.292613e-02      
   11.023000      14.772578        3.060887e-02      
   11.023000      15.316998        2.089829e-02      
   11.023000      15.859216        1.366963e-02      
   11.023000      16.397770        8.566586e-03      
   11.023000      16.931207        5.140944e-03      
   11.023000      17.458091        2.950995e-03      
   11.023000      17.977000        1.617590e-03      
   11.023000      18.486536        8.449749e-04      
   11.023000      18.985324        4.195388e-04      
   11.023000      19.472021        1.976168e-04      
   11.023000      19.945315        8.851613e-05      
   11.023000      20.403928        3.813765e-05      
   11.023000      20.846626        1.656896e-05      
   11.023000      21.272215        8.142551e-06      
   11.023000      21.679546        5.063820e-06      
   11.023000      22.067523        3.943098e-06      
   11.023000      22.435100        3.406213e-06      
   11.023000      22.781284        3.014439e-06      
   11.023000      23.105144        2.606258e-06      
   11.023000      23.405806        2.182804e-06      
   11.023000      23.682459        1.799683e-06      
   11.023000      23.934358        1.467995e-06      
   11.023000      24.160824        1.201551e-06      
   11.023000      24.361246        9.953489e-07      
   11.023000      24.535084        8.332301e-07      
   11.023000      24.681869        7.067955e-07      
   11.023000      24.801206        6.123428e-07      
   11.023000      24.892773        5.457804e-07      
   11.023000      24.956326        5.027584e-07      
   11.023000      24.991706        4.799271e-07      
   11.541909      0.001580         -8.366588e-09     
   11.541909      0.008319         -4.406657e-08     
   11.541909      0.020424         -1.079432e-07     
   11.541909      0.037866         -1.815191e-07     
   11.541909      0.060596         -3.324547e-07     
   11.541909      0.088555         -5.781709e-07     
   11.541909      0.121667         -4.883430e-07     
   11.541909      0.159843         -3.129793e-06     
   11.541909      0.202979         -1.153076e-06     
   11.541909      0.250960         1.214257e-06      
   11.541909      0.303656         2.056748e-06      
   11.541909      0.360925         2.410888e-06      
   11.541909      0.422613         3.044298e-06      
   11.541909      0.488552         4.451700e-06      
   11.541909      0.558567         6.677725e-06      
   11.541909      0.632467         1.026738e-05      
   11.541909      0.710054         1.517853e-05      
   11.541909      0.791119         2.175115e-05      
   11.541909      0.875442         3.036899e-05      
   11.541909      0.962797         4.150941e-05      
   11.541909      1.052948         5.553063e-05      
   11.541909      1.145653         7.300205e-05      
   11.541909      1.240660         9.442059e-05      
   11.541909      1.337714         1.203939e-04      
   11.541909      1.436554         1.514893e-04      
   11.541909      1.536913         1.883500e-04      
   11.541909      1.638520         2.315921e-04      
   11.541909      1.741102         2.818847e-04      
   11.541909      1.844381         3.398692e-04      
   11.541909      1.948080         4.062058e-04      
   11.541909      2.051920         4.814893e-04      
   11.541909      2.155619         5.662629e-04      
   11.541909      2.258898         6.610088e-04      
   11.541909      2.361480         7.661173e-04      
   11.541909      2.463087         8.818814e-04      
   11.541909      2.563446         1.008473e-03      
   11.541909      2.662286         1.145933e-03      
   11.541909      2.759340         1.294127e-03      
   11.541909      2.854347         1.452739e-03      
   11.541909      2.947052         1.621251e-03      
   11.541909      3.037203         1.798943e-03      
   11.541909      3.124558         1.984880e-03      
   11.541909      3.208881         2.177919e-03      
   11.541909      3.289946         2.376716e-03      
   11.541909      3.367533         2.579726e-03      
   11.541909      3.441433         2.785220e-03      
   11.541909      3.511448         2.991305e-03      
   11.541909      3.577387         3.195949e-03      
   11.541909      3.639075         3.397011e-03      
   11.541909      3.696344         3.592276e-03      
   11.541909      3.749040         3.779500e-03      
   11.541909      3.797021         3.956445e-03      
   11.541909      3.840157         4.120927e-03      
   11.541909      3.878333         4.270858e-03      
   11.541909      3.911445         4.404285e-03      
   11.541909      3.939404         4.519439e-03      
   11.541909      3.962134         4.614764e-03      
   11.541909      3.979576         4.688956e-03      
   11.541909      3.991681         4.740988e-03      
   11.541909      3.998420         4.770149e-03      
   11.541909      4.008294         4.813122e-03      
   11.541909      4.043674         4.969576e-03      
   11.541909      4.107227         5.260462e-03      
   11.541909      4.198794         5.702547e-03      
   11.541909      4.318131         6.321239e-03      
   11.541909      4.464916         7.152017e-03      
   11.541909      4.638754         8.242177e-03      
   11.541909      4.839176         9.652906e-03      
   11.541909      5.065642         1.146157e-02      
   11.541909      5.317541         1.376375e-02      
   11.541909      5.594194         1.667441e-02      
   11.541909      5.894856         2.032750e-02      
   11.541909      6.218716         2.487253e-02      
   11.541909      6.564900         3.046515e-02      
   11.541909      6.932477         3.725049e-02      
   11.541909      7.320454         4.533413e-02      
   11.541909      7.727785         5.473915e-02      
   11.541909      8.153374         6.534703e-02      
   11.541909      8.596072         7.683059e-02      
   11.541909      9.054685         8.859726e-02      
   11.541909      9.527979         9.978007e-02      
   11.541909      10.014676        1.093112e-01      
   11.541909      10.513464        1.160768e-01      
   11.541909      11.023000        1.190175e-01      
   11.541909      11.541909        1.169363e-01      
   11.541909      12.068793        1.091579e-01      
   11.541909      12.602230        9.714990e-02      
   11.541909      13.140784        8.268736e-02      
   11.541909      13.683002        6.726238e-02      
   11.541909      14.227422        5.226558e-02      
   11.541909      14.772578        3.881438e-02      
   11.541909      15.316998        2.758061e-02      
   11.541909      15.859216        1.877545e-02      
   11.541909      16.397770        1.225613e-02      
   11.541909      16.931207        7.674703e-03      
   11.541909      17.458091        4.609678e-03      
   11.541909      17.977000        2.654259e-03      
   11.541909      18.486536        1.463621e-03      
   11.541909      18.985324        7.718992e-04      
   11.541909      19.472021        3.888793e-04      
   11.541909      19.945315        1.869426e-04      
   11.541909      20.403928        8.597565e-05      
   11.541909      20.846626        3.838642e-05      
   11.541909      21.272215        1.721598e-05      
   11.541909      21.679546        8.445941e-06      
   11.541909      22.067523        5.038873e-06      
   11.541909      22.435100        3.771832e-06      
   11.541909      22.781284        3.169072e-06      
   11.541909      23.105144        2.773438e-06      
   11.541909      23.405806        2.422822e-06      
   11.541909      23.682459        2.102629e-06      
   11.541909      23.934358        1.814500e-06      
   11.541909      24.160824        1.547433e-06      
   11.541909      24.361246        1.315625e-06      
   11.541909      24.535084        1.128959e-06      
   11.541909      24.681869        9.834801e-07      
   11.541909      24.801206        8.731903e-07      
   11.541909      24.892773        7.937188e-07      
   11.541909      24.956326        7.414673e-07      
   11.541909      24.991706        7.134868e-07      
   12.068793      0.001580         -1.191261e-07     
   12.068793      0.008319         -6.273272e-07     
   12.068793      0.020424         -1.542051e-06     
   12.068793      0.037866         -2.864689e-06     
   12.068793      0.060596         -4.610777e-06     
   12.068793      0.088555         -6.897360e-06     
   12.068793      0.121667         -8.653646e-06     
   12.068793      0.159843         -1.418516e-05     
   12.068793      0.202979         -1.617181e-05     
   12.068793      0.250960         -1.749040e-05     
   12.068793      0.303656         -2.052763e-05     
   12.068793      0.360925         -2.463584e-05     
   12.068793      0.422613         -2.910006e-05     
   12.068793      0.488552         -3.348110e-05     
   12.068793      0.558567         -3.778603e-05     
   12.068793      0.632467         -4.157751e-05     
   12.068793      0.710054         -4.499319e-05     
   12.068793      0.791119         -4.783343e-05     
   12.068793      0.875442         -4.988931e-05     
   12.068793      0.962797         -5.089631e-05     
   12.068793      1.052948         -5.072857e-05     
   12.068793      1.145653         -4.905861e-05     
   12.068793      1.240660         -4.562946e-05     
   12.068793      1.337714         -4.007921e-05     
   12.068793      1.436554         -3.208689e-05     
   12.068793      1.536913         -2.125367e-05     
   12.068793      1.638520         -7.213272e-06     
   12.068793      1.741102         1.043928e-05      
   12.068793      1.844381         3.208361e-05      
   12.068793      1.948080         5.814716e-05      
   12.068793      2.051920         8.903246e-05      
   12.068793      2.155619         1.251285e-04      
   12.068793      2.258898         1.668054e-04      
   12.068793      2.361480         2.143865e-04      
   12.068793      2.463087         2.681378e-04      
   12.068793      2.563446         3.282469e-04      
   12.068793      2.662286         3.948361e-04      
   12.068793      2.759340         4.679354e-04      
   12.068793      2.854347         5.474777e-04      
   12.068793      2.947052         6.332792e-04      
   12.068793      3.037203         7.250319e-04      
   12.068793      3.124558         8.222964e-04      
   12.068793      3.208881         9.244934e-04      
   12.068793      3.289946         1.030906e-03      
   12.068793      3.367533         1.140680e-03      
   12.068793      3.441433         1.252840e-03      
   12.068793      3.511448         1.366294e-03      
   12.068793      3.577387         1.479853e-03      
   12.068793      3.639075         1.592240e-03      
   12.068793      3.696344         1.702117e-03      
   12.068793      3.749040         1.808110e-03      
   12.068793      3.797021         1.908833e-03      
   12.068793      3.840157         2.002919e-03      
   12.068793      3.878333         2.089051e-03      
   12.068793      3.911445         2.165989e-03      
   12.068793      3.939404         2.232601e-03      
   12.068793      3.962134         2.287886e-03      
   12.068793      3.979576         2.331002e-03      
   12.068793      3.991681         2.361287e-03      
   12.068793      3.998420         2.378275e-03      
   12.068793      4.008294         2.403331e-03      
   12.068793      4.043674         2.494761e-03      
   12.068793      4.107227         2.665591e-03      
   12.068793      4.198794         2.927184e-03      
   12.068793      4.318131         3.296971e-03      
   12.068793      4.464916         3.799691e-03      
   12.068793      4.638754         4.468996e-03      
   12.068793      4.839176         5.349486e-03      
   12.068793      5.065642         6.499033e-03      
   12.068793      5.317541         7.991533e-03      
   12.068793      5.594194         9.919530e-03      
   12.068793      5.894856         1.239591e-02      
   12.068793      6.218716         1.555445e-02      
   12.068793      6.564900         1.954734e-02      
   12.068793      6.932477         2.453715e-02      
   12.068793      7.320454         3.068147e-02      
   12.068793      7.727785         3.810443e-02      
   12.068793      8.153374         4.685428e-02      
   12.068793      8.596072         5.684333e-02      
   12.068793      9.054685         6.777859e-02      
   12.068793      9.527979         7.909948e-02      
   12.068793      10.014676        8.996331e-02      
   12.068793      10.513464        9.931840e-02      
   12.068793      11.023000        1.060623e-01      
   12.068793      11.541909        1.091579e-01      
   12.068793      12.068793        1.074623e-01      
   12.068793      12.602230        1.003427e-01      
   12.068793      13.140784        8.921997e-02      
   12.068793      13.683002        7.579943e-02      
   12.068793      14.227422        6.151145e-02      
   12.068793      14.772578        4.767068e-02      
   12.068793      15.316998        3.531293e-02      
   12.068793      15.859216        2.504176e-02      
   12.068793      16.397770        1.702639e-02      
   12.068793      16.931207        1.111360e-02      
   12.068793      17.458091        6.969727e-03      
   12.068793      17.977000        4.200998e-03      
   12.068793      18.486536        2.433687e-03      
   12.068793      18.985324        1.354704e-03      
   12.068793      19.472021        7.241684e-04      
   12.068793      19.945315        3.716429e-04      
   12.068793      20.403928        1.833077e-04      
   12.068793      20.846626        8.709641e-05      
   12.068793      21.272215        4.032493e-05      
   12.068793      21.679546        1.875963e-05      
   12.068793      22.067523        9.324878e-06      
   12.068793      22.435100        5.347075e-06      
   12.068793      22.781284        3.717549e-06      
   12.068793      23.105144        3.008112e-06      
   12.068793      23.405806        2.639451e-06      
   12.068793      23.682459        2.342367e-06      
   12.068793      23.934358        2.068941e-06      
   12.068793      24.160824        1.824831e-06      
   12.068793      24.361246        1.608181e-06      
   12.068793      24.535084        1.425289e-06      
   12.068793      24.681869        1.279898e-06      
   12.068793      24.801206        1.168383e-06      
   12.068793      24.892773        1.086043e-06      
   12.068793      24.956326        1.030141e-06      
   12.068793      24.991706        9.993970e-07      
   12.602230      0.001580         -1.125711e-07     
   12.602230      0.008319         -5.928020e-07     
   12.602230      0.020424         -1.452816e-06     
   12.602230      0.037866         -2.714910e-06     
   12.602230      0.060596         -4.351673e-06     
   12.602230      0.088555         -6.528975e-06     
   12.602230      0.121667         -7.934343e-06     
   12.602230      0.159843         -1.309466e-05     
   12.602230      0.202979         -1.569150e-05     
   12.602230      0.250960         -1.705465e-05     
   12.602230      0.303656         -1.985389e-05     
   12.602230      0.360925         -2.383817e-05     
   12.602230      0.422613         -2.836917e-05     
   12.602230      0.488552         -3.305295e-05     
   12.602230      0.558567         -3.791640e-05     
   12.602230      0.632467         -4.259891e-05     
   12.602230      0.710054         -4.730460e-05     
   12.602230      0.791119         -5.194156e-05     
   12.602230      0.875442         -5.640801e-05     
   12.602230      0.962797         -6.054312e-05     
   12.602230      1.052948         -6.433493e-05     
   12.602230      1.145653         -6.760825e-05     
   12.602230      1.240660         -7.027350e-05     
   12.602230      1.337714         -7.213212e-05     
   12.602230      1.436554         -7.302377e-05     
   12.602230      1.536913         -7.272858e-05     
   12.602230      1.638520         -7.106324e-05     
   12.602230      1.741102         -6.779032e-05     
   12.602230      1.844381         -6.269456e-05     
   12.602230      1.948080         -5.553169e-05     
   12.602230      2.051920         -4.608006e-05     
   12.602230      2.155619         -3.410095e-05     
   12.602230      2.258898         -1.934699e-05     
   12.602230      2.361480         -1.595130e-06     
   12.602230      2.463087         1.936128e-05      
   12.602230      2.563446         4.369903e-05      
   12.602230      2.662286         7.156194e-05      
   12.602230      2.759340         1.030312e-04      
   12.602230      2.854347         1.381405e-04      
   12.602230      2.947052         1.768697e-04      
   12.602230      3.037203         2.191314e-04      
   12.602230      3.124558         2.647606e-04      
   12.602230      3.208881         3.135109e-04      
   12.602230      3.289946         3.650549e-04      
   12.602230      3.367533         4.189766e-04      
   12.602230      3.441433         4.747747e-04      
   12.602230      3.511448         5.318692e-04      
   12.602230      3.577387         5.896116e-04      
   12.602230      3.639075         6.472965e-04      
   12.602230      3.696344         7.041731e-04      
   12.602230      3.749040         7.594587e-04      
   12.602230      3.797021         8.123551e-04      
   12.602230      3.840157         8.620659e-04      
   12.602230      3.878333         9.078160e-04      
   12.602230      3.911445         9.488703e-04      
   12.602230      3.939404         9.845523e-04      
   12.602230      3.962134         1.014262e-03      
   12.602230      3.979576         1.037490e-03      
   12.602230      3.991681         1.053835e-03      
   12.602230      3.998420         1.063015e-03      
   12.602230      4.008294         1.076568e-03      
   12.602230      4.043674         1.126162e-03      
   12.602230      4.107227         1.219384e-03      
   12.602230      4.198794         1.363464e-03      
   12.602230      4.318131         1.569625e-03      
   12.602230      4.464916         1.854045e-03      
   12.602230      4.638754         2.239195e-03      
   12.602230      4.839176         2.755601e-03      
   12.602230      5.065642         3.444022e-03      
   12.602230      5.317541         4.357914e-03      
   12.602230      5.594194         5.566499e-03      
   12.602230      5.894856         7.157859e-03      
   12.602230      6.218716         9.241193e-03      
   12.602230      6.564900         1.194844e-02      
   12.602230      6.932477         1.543241e-02      
   12.602230      7.320454         1.986001e-02      
   12.602230      7.727785         2.539789e-02      
   12.602230      8.153374         3.218560e-02      
   12.602230      8.596072         4.029338e-02      
   12.602230      9.054685         4.966183e-02      
   12.602230      9.527979         6.002956e-02      
   12.602230      10.014676        7.086911e-02      
   12.602230      10.513464        8.136542e-02      
   12.602230      11.023000        9.048712e-02      
   12.602230      11.541909        9.714990e-02      
   12.602230      12.068793        1.003427e-01      
   12.602230      12.602230        9.897555e-02      
   12.602230      13.140784        9.245984e-02      
   12.602230      13.683002        8.216463e-02      
   12.602230      14.227422        6.971816e-02      
   12.602230      14.772578        5.648518e-02      
   12.602230      15.316998        4.370537e-02      
   12.602230      15.859216        3.233563e-02      
   12.602230      16.397770        2.291841e-02      
   12.602230      16.931207        1.559123e-02      
   12.602230      17.458091        1.019694e-02      
   12.602230      17.977000        6.419287e-03      
   12.602230      18.486536        3.893197e-03      
   12.602230      18.985324        2.275956e-03      
   12.602230      19.472021        1.283089e-03      
   12.602230      19.945315        6.979555e-04      
   12.602230      20.403928        3.664740e-04      
   12.602230      20.846626        1.860530e-04      
   12.602230      21.272215        9.176472e-05      
   12.602230      21.679546        4.433336e-05      
   12.602230      22.067523        2.142291e-05      
   12.602230      22.435100        1.079724e-05      
   12.602230      22.781284        6.088441e-06      
   12.602230      23.105144        4.016487e-06      
   12.602230      23.405806        3.057377e-06      
   12.602230      23.682459        2.571390e-06      
   12.602230      23.934358        2.266601e-06      
   12.602230      24.160824        2.045906e-06      
   12.602230      24.361246        1.867745e-06      
   12.602230      24.535084        1.708661e-06      
   12.602230      24.681869        1.567564e-06      
   12.602230      24.801206        1.451047e-06      
   12.602230      24.892773        1.362548e-06      
   12.602230      24.956326        1.302172e-06      
   12.602230      24.991706        1.269012e-06      
   13.140784      0.001580         -6.891555e-08     
   13.140784      0.008319         -3.629188e-07     
   13.140784      0.020424         -8.933849e-07     
   13.140784      0.037866         -1.649720e-06     
   13.140784      0.060596         -2.651212e-06     
   13.140784      0.088555         -4.014963e-06     
   13.140784      0.121667         -4.568238e-06     
   13.140784      0.159843         -8.199951e-06     
   13.140784      0.202979         -1.029829e-05     
   13.140784      0.250960         -1.063842e-05     
   13.140784      0.303656         -1.193975e-05     
   13.140784      0.360925         -1.429911e-05     
   13.140784      0.422613         -1.715575e-05     
   13.140784      0.488552         -2.016178e-05     
   13.140784      0.558567         -2.336980e-05     
   13.140784      0.632467         -2.649422e-05     
   13.140784      0.710054         -2.977017e-05     
   13.140784      0.791119         -3.315734e-05     
   13.140784      0.875442         -3.660978e-05     
   13.140784      0.962797         -4.003253e-05     
   13.140784      1.052948         -4.347109e-05     
   13.140784      1.145653         -4.680911e-05     
   13.140784      1.240660         -5.002606e-05     
   13.140784      1.337714         -5.303093e-05     
   13.140784      1.436554         -5.579260e-05     
   13.140784      1.536913         -5.821849e-05     
   13.140784      1.638520         -6.024299e-05     
   13.140784      1.741102         -6.174831e-05     
   13.140784      1.844381         -6.262911e-05     
   13.140784      1.948080         -6.273491e-05     
   13.140784      2.051920         -6.194003e-05     
   13.140784      2.155619         -6.012111e-05     
   13.140784      2.258898         -5.714673e-05     
   13.140784      2.361480         -5.288686e-05     
   13.140784      2.463087         -4.720473e-05     
   13.140784      2.563446         -3.996967e-05     
   13.140784      2.662286         -3.104983e-05     
   13.140784      2.759340         -2.034299e-05     
   13.140784      2.854347         -7.776449e-06     
   13.140784      2.947052         6.684150e-06      
   13.140784      3.037203         2.303626e-05      
   13.140784      3.124558         4.124080e-05      
   13.140784      3.208881         6.121775e-05      
   13.140784      3.289946         8.284582e-05      
   13.140784      3.367533         1.059548e-04      
   13.140784      3.441433         1.303278e-04      
   13.140784      3.511448         1.556996e-04      
   13.140784      3.577387         1.817590e-04      
   13.140784      3.639075         2.081540e-04      
   13.140784      3.696344         2.344994e-04      
   13.140784      3.749040         2.603860e-04      
   13.140784      3.797021         2.853907e-04      
   13.140784      3.840157         3.090861e-04      
   13.140784      3.878333         3.310520e-04      
   13.140784      3.911445         3.508860e-04      
   13.140784      3.939404         3.682147e-04      
   13.140784      3.962134         3.827044e-04      
   13.140784      3.979576         3.940712e-04      
   13.140784      3.991681         4.020892e-04      
   13.140784      3.998420         4.065992e-04      
   13.140784      4.008294         4.132668e-04      
   13.140784      4.043674         4.377552e-04      
   13.140784      4.107227         4.841523e-04      
   13.140784      4.198794         5.567347e-04      
   13.140784      4.318131         6.622578e-04      
   13.140784      4.464916         8.106499e-04      
   13.140784      4.638754         1.015961e-03      
   13.140784      4.839176         1.297709e-03      
   13.140784      5.065642         1.682717e-03      
   13.140784      5.317541         2.207371e-03      
   13.140784      5.594194         2.920174e-03      
   13.140784      5.894856         3.885144e-03      
   13.140784      6.218716         5.185257e-03      
   13.140784      6.564900         6.925034e-03      
   13.140784      6.932477         9.233051e-03      
   13.140784      7.320454         1.226068e-02      
   13.140784      7.727785         1.617729e-02      
   13.140784      8.153374         2.115592e-02      
   13.140784      8.596072         2.734849e-02      
   13.140784      9.054685         3.484330e-02      
   13.140784      9.527979         4.360638e-02      
   13.140784      10.014676        5.340613e-02      
   13.140784      10.513464        6.374606e-02      
   13.140784      11.023000        7.384190e-02      
   13.140784      11.541909        8.268736e-02      
   13.140784      12.068793        8.921997e-02      
   13.140784      12.602230        9.245984e-02      
   13.140784      13.140784        9.137220e-02      
   13.140784      13.683002        8.540971e-02      
   13.140784      14.227422        7.588452e-02      
   13.140784      14.772578        6.434765e-02      
   13.140784      15.316998        5.209384e-02      
   13.140784      15.859216        4.028626e-02      
   13.140784      16.397770        2.980858e-02      
   13.140784      16.931207        2.114933e-02      
   13.140784      17.458091        1.442150e-02      
   13.140784      17.977000        9.470112e-03      
   13.140784      18.486536        5.998538e-03      
   13.140784      18.985324        3.670146e-03      
   13.140784      19.472021        2.171689e-03      
   13.140784      19.945315        1.244065e-03      
   13.140784      20.403928        6.908398e-04      
   13.140784      20.846626        3.725806e-04      
   13.140784      21.272215        1.955073e-04      
   13.140784      21.679546        1.002663e-04      
   13.140784      22.067523        5.068484e-05      
   13.140784      22.435100        2.569856e-05      
   13.140784      22.781284        1.338340e-05      
   13.140784      23.105144        7.475603e-06      
   13.140784      23.405806        4.676930e-06      
   13.140784      23.682459        3.361746e-06      
   13.140784      23.934358        2.716075e-06      
   13.140784      24.160824        2.341367e-06      
   13.140784      24.361246        2.091417e-06      
   13.140784      24.535084        1.911913e-06      
   13.140784      24.681869        1.774381e-06      
   13.140784      24.801206        1.667006e-06      
   13.140784      24.892773        1.586599e-06      
   13.140784      24.956326        1.531965e-06      
   13.140784      24.991706        1.502039e-06      
   13.683002      0.001580         -2.428816e-08     
   13.683002      0.008319         -1.279102e-07     
   13.683002      0.020424         -3.122699e-07     
   13.683002      0.037866         -5.691438e-07     
   13.683002      0.060596         -9.149123e-07     
   13.683002      0.088555         -1.413001e-06     
   13.683002      0.121667         -1.274749e-06     
   13.683002      0.159843         -3.203574e-06     
   13.683002      0.202979         -4.631667e-06     
   13.683002      0.250960         -3.985564e-06     
   13.683002      0.303656         -3.838195e-06     
   13.683002      0.360925         -4.597234e-06     
   13.683002      0.422613         -5.789218e-06     
   13.683002      0.488552         -7.087886e-06     
   13.683002      0.558567         -8.521191e-06     
   13.683002      0.632467         -9.823654e-06     
   13.683002      0.710054         -1.121629e-05     
   13.683002      0.791119         -1.268487e-05     
   13.683002      0.875442         -1.422222e-05     
   13.683002      0.962797         -1.578577e-05     
   13.683002      1.052948         -1.747476e-05     
   13.683002      1.145653         -1.923790e-05     
   13.683002      1.240660         -2.110677e-05     
   13.683002      1.337714         -2.303258e-05     
   13.683002      1.436554         -2.501830e-05     
   13.683002      1.536913         -2.701689e-05     
   13.683002      1.638520         -2.902221e-05     
   13.683002      1.741102         -3.099046e-05     
   13.683002      1.844381         -3.289646e-05     
   13.683002      1.948080         -3.466927e-05     
   13.683002      2.051920         -3.624816e-05     
   13.683002      2.155619         -3.755969e-05     
   13.683002      2.258898         -3.851983e-05     
   13.683002      2.361480         -3.905422e-05     
   13.683002      2.463087         -3.908991e-05     
   13.683002      2.563446         -3.856021e-05     
   13.683002      2.662286         -3.738807e-05     
   13.683002      2.759340         -3.550472e-05     
   13.683002      2.854347         -3.284238e-05     
   13.683002      2.947052         -2.934450e-05     
   13.683002      3.037203         -2.497153e-05     
   13.683002      3.124558         -1.970464e-05     
   13.683002      3.208881         -1.354891e-05     
   13.683002      3.289946         -6.530582e-06     
   13.683002      3.367533         1.298141e-06      
   13.683002      3.441433         9.862647e-06      
   13.683002      3.511448         1.906449e-05      
   13.683002      3.577387         2.878073e-05      
   13.683002      3.639075         3.886451e-05      
   13.683002      3.696344         4.914725e-05      
   13.683002      3.749040         5.944255e-05      
   13.683002      3.797021         6.955122e-05      
   13.683002      3.840157         7.926712e-05      
   13.683002      3.878333         8.838349e-05      
   13.683002      3.911445         9.669954e-05      
   13.683002      3.939404         1.040269e-04      
   13.683002      3.962134         1.101958e-04      
   13.683002      3.979576         1.150607e-04      
   13.683002      3.991681         1.185055e-04      
   13.683002      3.998420         1.204478e-04      
   13.683002      4.008294         1.233254e-04      
   13.683002      4.043674         1.339542e-04      
   13.683002      4.107227         1.543346e-04      
   13.683002      4.198794         1.867878e-04      
   13.683002      4.318131         2.350416e-04      
   13.683002      4.464916         3.047121e-04      
   13.683002      4.638754         4.039847e-04      
   13.683002      4.839176         5.445394e-04      
   13.683002      5.065642         7.428294e-04      
   13.683002      5.317541         1.021969e-03      
   13.683002      5.594194         1.414012e-03      
   13.683002      5.894856         1.962453e-03      
   13.683002      6.218716         2.725860e-03      
   13.683002      6.564900         3.781463e-03      
   13.683002      6.932477         5.228518e-03      
   13.683002      7.320454         7.191441e-03      
   13.683002      7.727785         9.818985e-03      
   13.683002      8.153374         1.328069e-02      
   13.683002      8.596072         1.775373e-02      
   13.683002      9.054685         2.339944e-02      
   13.683002      9.527979         3.032156e-02      
   13.683002      10.014676        3.850657e-02      
   13.683002      10.513464        4.775070e-02      
   13.683002      11.023000        5.758753e-02      
   13.683002      11.541909        6.726238e-02      
   13.683002      12.068793        7.579943e-02      
   13.683002      12.602230        8.216463e-02      
   13.683002      13.140784        8.540971e-02      
   13.683002      13.683002        8.455597e-02      
   13.683002      14.227422        7.910021e-02      
   13.683002      14.772578        7.029255e-02      
   13.683002      15.316998        5.960373e-02      
   13.683002      15.859216        4.825794e-02      
   13.683002      16.397770        3.734180e-02      
   13.683002      16.931207        2.766964e-02      
   13.683002      17.458091        1.968349e-02      
   13.683002      17.977000        1.347808e-02      
   13.683002      18.486536        8.904891e-03      
   13.683002      18.985324        5.688792e-03      
   13.683002      19.472021        3.520527e-03      
   13.683002      19.945315        2.114331e-03      
   13.683002      20.403928        1.234625e-03      
   13.683002      20.846626        7.022056e-04      
   13.683002      21.272215        3.899796e-04      
   13.683002      21.679546        2.122269e-04      
   13.683002      22.067523        1.136720e-04      
   13.683002      22.435100        6.031324e-05      
   13.683002      22.781284        3.208020e-05      
   13.683002      23.105144        1.744260e-05      
   13.683002      23.405806        9.976764e-06      
   13.683002      23.682459        6.147570e-06      
   13.683002      23.934358        4.173053e-06      
   13.683002      24.160824        3.139611e-06      
   13.683002      24.361246        2.572947e-06      
   13.683002      24.535084        2.247487e-06      
   13.683002      24.681869        2.051894e-06      
   13.683002      24.801206        1.926192e-06      
   13.683002      24.892773        1.841221e-06      
   13.683002      24.956326        1.785431e-06      
   13.683002      24.991706        1.755029e-06      
   14.227422      0.001580         7.445249e-09      
   14.227422      0.008319         3.920077e-08      
   14.227422      0.020424         9.534370e-08      
   14.227422      0.037866         1.800770e-07      
   14.227422      0.060596         3.098201e-07      
   14.227422      0.088555         4.593458e-07      
   14.227422      0.121667         9.537072e-07      
   14.227422      0.159843         4.538634e-07      
   14.227422      0.202979         -4.578731e-07     
   14.227422      0.250960         7.924830e-07      
   14.227422      0.303656         1.955605e-06      
   14.227422      0.360925         2.371892e-06      
   14.227422      0.422613         2.411995e-06      
   14.227422      0.488552         2.371191e-06      
   14.227422      0.558567         2.242507e-06      
   14.227422      0.632467         2.271530e-06      
   14.227422      0.710054         2.259421e-06      
   14.227422      0.791119         2.211006e-06      
   14.227422      0.875442         2.125096e-06      
   14.227422      0.962797         2.034479e-06      
   14.227422      1.052948         1.833158e-06      
   14.227422      1.145653         1.545295e-06      
   14.227422      1.240660         1.114782e-06      
   14.227422      1.337714         5.695678e-07      
   14.227422      1.436554         -1.043247e-07     
   14.227422      1.536913         -8.772130e-07     
   14.227422      1.638520         -1.764072e-06     
   14.227422      1.741102         -2.748496e-06     
   14.227422      1.844381         -3.842915e-06     
   14.227422      1.948080         -5.032950e-06     
   14.227422      2.051920         -6.318499e-06     
   14.227422      2.155619         -7.676453e-06     
   14.227422      2.258898         -9.062515e-06     
   14.227422      2.361480         -1.043681e-05     
   14.227422      2.463087         -1.175652e-05     
   14.227422      2.563446         -1.298258e-05     
   14.227422      2.662286         -1.407054e-05     
   14.227422      2.759340         -1.498701e-05     
   14.227422      2.854347         -1.569093e-05     
   14.227422      2.947052         -1.613501e-05     
   14.227422      3.037203         -1.627262e-05     
   14.227422      3.124558         -1.606494e-05     
   14.227422      3.208881         -1.548501e-05     
   14.227422      3.289946         -1.451599e-05     
   14.227422      3.367533         -1.315795e-05     
   14.227422      3.441433         -1.142509e-05     
   14.227422      3.511448         -9.344865e-06     
   14.227422      3.577387         -6.955852e-06     
   14.227422      3.639075         -4.306701e-06     
   14.227422      3.696344         -1.456057e-06     
   14.227422      3.749040         1.527772e-06      
   14.227422      3.797021         4.568123e-06      
   14.227422      3.840157         7.582302e-06      
   14.227422      3.878333         1.048454e-05      
   14.227422      3.911445         1.318925e-05      
   14.227422      3.939404         1.561442e-05      
   14.227422      3.962134         1.768484e-05      
   14.227422      3.979576         1.933522e-05      
   14.227422      3.991681         2.051286e-05      
   14.227422      3.998420         2.118006e-05      
   14.227422      4.008294         2.217273e-05      
   14.227422      4.043674         2.588078e-05      
   14.227422      4.107227         3.315955e-05      
   14.227422      4.198794         4.514678e-05      
   14.227422      4.318131         6.370351e-05      
   14.227422      4.464916         9.170330e-05      
   14.227422      4.638754         1.334968e-04      
   14.227422      4.839176         1.955766e-04      
   14.227422      5.065642         2.874154e-04      
   14.227422      5.317541         4.225954e-04      
   14.227422      5.594194         6.207113e-04      
   14.227422      5.894856         9.095851e-04      
   14.227422      6.218716         1.327794e-03      
   14.227422      6.564900         1.928723e-03      
   14.227422      6.932477         2.783834e-03      
   14.227422      7.320454         3.986880e-03      
   14.227422      7.727785         5.656943e-03      
   14.227422      8.153374         7.939588e-03      
   14.227422      8.596072         1.100292e-02      
   14.227422      9.054685         1.502663e-02      
   14.227422      9.527979         2.017778e-02      
   14.227422      10.014676        2.657279e-02      
   14.227422      10.513464        3.421616e-02      
   14.227422      11.023000        4.292613e-02      
   14.227422      11.541909        5.226558e-02      
   14.227422      12.068793        6.151145e-02      
   14.227422      12.602230        6.971816e-02      
   14.227422      13.140784        7.588452e-02      
   14.227422      13.683002        7.910021e-02      
   14.227422      14.227422        7.844197e-02      
   14.227422      14.772578        7.344955e-02      
   14.227422      15.316998        6.531008e-02      
   14.227422      15.859216        5.541245e-02      
   14.227422      16.397770        4.490858e-02      
   14.227422      16.931207        3.481017e-02      
   14.227422      17.458091        2.586641e-02      
   14.227422      17.977000        1.847898e-02      
   14.227422      18.486536        1.272982e-02      
   14.227422      18.985324        8.479627e-03      
   14.227422      19.472021        5.475894e-03      
   14.227422      19.945315        3.436333e-03      
   14.227422      20.403928        2.100298e-03      
   14.227422      20.846626        1.253383e-03      
   14.227422      21.272215        7.323888e-04      
   14.227422      21.679546        4.202063e-04      
   14.227422      22.067523        2.376271e-04      
   14.227422      22.435100        1.330947e-04      
   14.227422      22.781284        7.438306e-05      
   14.227422      23.105144        4.180582e-05      
   14.227422      23.405806        2.390410e-05      
   14.227422      23.682459        1.414334e-05      
   14.227422      23.934358        8.825368e-06      
   14.227422      24.160824        5.931010e-06      
   14.227422      24.361246        4.332833e-06      
   14.227422      24.535084        3.415277e-06      
   14.227422      24.681869        2.867327e-06      
   14.227422      24.801206        2.532828e-06      
   14.227422      24.892773        2.328098e-06      
   14.227422      24.956326        2.207266e-06      
   14.227422      24.991706        2.146372e-06      
   14.772578      0.001580         2.020183e-08      
   14.772578      0.008319         1.063734e-07      
   14.772578      0.020424         2.612853e-07      
   14.772578      0.037866         4.751547e-07      
   14.772578      0.060596         7.886256e-07      
   14.772578      0.088555         1.228834e-06      
   14.772578      0.121667         1.710487e-06      
   14.772578      0.159843         2.108641e-06      
   14.772578      0.202979         1.398062e-06      
   14.772578      0.250960         2.731199e-06      
   14.772578      0.303656         4.328074e-06      
   14.772578      0.360925         5.366907e-06      
   14.772578      0.422613         6.118440e-06      
   14.772578      0.488552         6.833879e-06      
   14.772578      0.558567         7.501698e-06      
   14.772578      0.632467         8.323000e-06      
   14.772578      0.710054         9.112193e-06      
   14.772578      0.791119         9.872469e-06      
   14.772578      0.875442         1.060840e-05      
   14.772578      0.962797         1.135920e-05      
   14.772578      1.052948         1.204322e-05      
   14.772578      1.145653         1.270485e-05      
   14.772578      1.240660         1.330154e-05      
   14.772578      1.337714         1.383899e-05      
   14.772578      1.436554         1.426507e-05      
   14.772578      1.536913         1.457589e-05      
   14.772578      1.638520         1.474129e-05      
   14.772578      1.741102         1.476846e-05      
   14.772578      1.844381         1.464632e-05      
   14.772578      1.948080         1.439633e-05      
   14.772578      2.051920         1.401319e-05      
   14.772578      2.155619         1.348559e-05      
   14.772578      2.258898         1.281132e-05      
   14.772578      2.361480         1.199529e-05      
   14.772578      2.463087         1.105771e-05      
   14.772578      2.563446         1.002304e-05      
   14.772578      2.662286         8.929396e-06      
   14.772578      2.759340         7.806564e-06      
   14.772578      2.854347         6.679803e-06      
   14.772578      2.947052         5.567222e-06      
   14.772578      3.037203         4.487199e-06      
   14.772578      3.124558         3.463024e-06      
   14.772578      3.208881         2.519949e-06      
   14.772578      3.289946         1.684384e-06      
   14.772578      3.367533         9.769647e-07      
   14.772578      3.441433         4.140196e-07      
   14.772578      3.511448         4.835530e-09      
   14.772578      3.577387         -2.496153e-07     
   14.772578      3.639075         -3.561759e-07     
   14.772578      3.696344         -3.278048e-07     
   14.772578      3.749040         -1.819197e-07     
   14.772578      3.797021         6.062384e-08      
   14.772578      3.840157         3.761365e-07      
   14.772578      3.878333         7.387358e-07      
   14.772578      3.911445         1.121279e-06      
   14.772578      3.939404         1.496590e-06      
   14.772578      3.962134         1.838840e-06      
   14.772578      3.979576         2.124958e-06      
   14.772578      3.991681         2.335915e-06      
   14.772578      3.998420         2.457846e-06      
   14.772578      4.008294         2.642380e-06      
   14.772578      4.043674         3.362934e-06      
   14.772578      4.107227         4.904935e-06      
   14.772578      4.198794         7.748084e-06      
   14.772578      4.318131         1.272062e-05      
   14.772578      4.464916         2.115508e-05      
   14.772578      4.638754         3.510269e-05      
   14.772578      4.839176         5.774568e-05      
   14.772578      5.065642         9.404205e-05      
   14.772578      5.317541         1.514849e-04      
   14.772578      5.594194         2.410915e-04      
   14.772578      5.894856         3.793811e-04      
   14.772578      6.218716         5.904093e-04      
   14.772578      6.564900         9.082213e-04      
   14.772578      6.932477         1.381066e-03      
   14.772578      7.320454         2.074609e-03      
   14.772578      7.727785         3.077352e-03      
   14.772578      8.153374         4.502805e-03      
   14.772578      8.596072         6.492463e-03      
   14.772578      9.054685         9.211629e-03      
   14.772578      9.527979         1.284063e-02      
   14.772578      10.014676        1.755136e-02      
   14.772578      10.513464        2.346759e-02      
   14.772578      11.023000        3.060887e-02      
   14.772578      11.541909        3.881438e-02      
   14.772578      12.068793        4.767068e-02      
   14.772578      12.602230        5.648518e-02      
   14.772578      13.140784        6.434765e-02      
   14.772578      13.683002        7.029255e-02      
   14.772578      14.227422        7.344955e-02      
   14.772578      14.772578        7.295306e-02      
   14.772578      15.316998        6.838512e-02      
   14.772578      15.859216        6.086782e-02      
   14.772578      16.397770        5.170836e-02      
   14.772578      16.931207        4.198576e-02      
   14.772578      17.458091        3.263864e-02      
   14.772578      17.977000        2.435523e-02      
   14.772578      18.486536        1.750157e-02      
   14.772578      18.985324        1.215156e-02      
   14.772578      19.472021        8.177689e-03      
   14.772578      19.945315        5.350010e-03      
   14.772578      20.403928        3.412349e-03      
   14.772578      20.846626        2.128109e-03      
   14.772578      21.272215        1.301389e-03      
   14.772578      21.679546        7.829411e-04      
   14.772578      22.067523        4.651536e-04      
   14.772578      22.435100        2.740769e-04      
   14.772578      22.781284        1.608720e-04      
   14.772578      23.105144        9.466366e-05      
   14.772578      23.405806        5.627096e-05      
   14.772578      23.682459        3.414805e-05      
   14.772578      23.934358        2.138089e-05      
   14.772578      24.160824        1.394216e-05      
   14.772578      24.361246        9.571708e-06      
   14.772578      24.535084        6.977730e-06      
   14.772578      24.681869        5.414916e-06      
   14.772578      24.801206        4.462759e-06      
   14.772578      24.892773        3.885593e-06      
   14.772578      24.956326        3.550438e-06      
   14.772578      24.991706        3.384276e-06      
   15.316998      0.001580         2.341651e-08      
   15.316998      0.008319         1.233075e-07      
   15.316998      0.020424         3.033029e-07      
   15.316998      0.037866         5.582283e-07      
   15.316998      0.060596         8.958533e-07      
   15.316998      0.088555         1.416041e-06      
   15.316998      0.121667         1.770347e-06      
   15.316998      0.159843         2.680028e-06      
   15.316998      0.202979         2.058740e-06      
   15.316998      0.250960         3.183454e-06      
   15.316998      0.303656         4.796754e-06      
   15.316998      0.360925         5.979119e-06      
   15.316998      0.422613         6.903037e-06      
   15.316998      0.488552         7.792671e-06      
   15.316998      0.558567         8.666428e-06      
   15.316998      0.632467         9.718344e-06      
   15.316998      0.710054         1.079372e-05      
   15.316998      0.791119         1.188909e-05      
   15.316998      0.875442         1.300035e-05      
   15.316998      0.962797         1.415770e-05      
   15.316998      1.052948         1.527903e-05      
   15.316998      1.145653         1.639257e-05      
   15.316998      1.240660         1.745353e-05      
   15.316998      1.337714         1.847789e-05      
   15.316998      1.436554         1.943393e-05      
   15.316998      1.536913         2.032063e-05      
   15.316998      1.638520         2.109979e-05      
   15.316998      1.741102         2.176868e-05      
   15.316998      1.844381         2.231059e-05      
   15.316998      1.948080         2.273846e-05      
   15.316998      2.051920         2.304853e-05      
   15.316998      2.155619         2.324272e-05      
   15.316998      2.258898         2.332502e-05      
   15.316998      2.361480         2.328562e-05      
   15.316998      2.463087         2.311717e-05      
   15.316998      2.563446         2.281700e-05      
   15.316998      2.662286         2.239769e-05      
   15.316998      2.759340         2.186890e-05      
   15.316998      2.854347         2.124684e-05      
   15.316998      2.947052         2.054895e-05      
   15.316998      3.037203         1.978980e-05      
   15.316998      3.124558         1.898076e-05      
   15.316998      3.208881         1.813296e-05      
   15.316998      3.289946         1.726305e-05      
   15.316998      3.367533         1.638840e-05      
   15.316998      3.441433         1.552785e-05      
   15.316998      3.511448         1.469927e-05      
   15.316998      3.577387         1.391834e-05      
   15.316998      3.639075         1.319747e-05      
   15.316998      3.696344         1.254509e-05      
   15.316998      3.749040         1.196555e-05      
   15.316998      3.797021         1.145973e-05      
   15.316998      3.840157         1.102598e-05      
   15.316998      3.878333         1.066092e-05      
   15.316998      3.911445         1.036013e-05      
   15.316998      3.939404         1.011865e-05      
   15.316998      3.962134         9.931378e-06      
   15.316998      3.979576         9.793530e-06      
   15.316998      3.991681         9.700977e-06      
   15.316998      3.998420         9.650593e-06      
   15.316998      4.008294         9.578291e-06      
   15.316998      4.043674         9.334661e-06      
   15.316998      4.107227         8.963786e-06      
   15.316998      4.198794         8.606942e-06      
   15.316998      4.318131         8.534942e-06      
   15.316998      4.464916         9.246233e-06      
   15.316998      4.638754         1.159439e-05      
   15.316998      4.839176         1.694429e-05      
   15.316998      5.065642         2.752193e-05      
   15.316998      5.317541         4.707088e-05      
   15.316998      5.594194         8.148234e-05      
   15.316998      5.894856         1.396012e-04      
   15.316998      6.218716         2.352422e-04      
   15.316998      6.564900         3.888738e-04      
   15.316998      6.932477         6.306317e-04      
   15.316998      7.320454         1.004077e-03      
   15.316998      7.727785         1.569667e-03      
   15.316998      8.153374         2.410050e-03      
   15.316998      8.596072         3.633646e-03      
   15.316998      9.054685         5.376874e-03      
   15.316998      9.527979         7.802721e-03      
   15.316998      10.014676        1.108929e-02      
   15.316998      10.513464        1.541079e-02      
   15.316998      11.023000        2.089829e-02      
   15.316998      11.541909        2.758061e-02      
   15.316998      12.068793        3.531293e-02      
   15.316998      12.602230        4.370537e-02      
   15.316998      13.140784        5.209384e-02      
   15.316998      13.683002        5.960373e-02      
   15.316998      14.227422        6.531008e-02      
   15.316998      14.772578        6.838512e-02      
   15.316998      15.316998        6.802089e-02      
   15.316998      15.859216        6.384194e-02      
   15.316998      16.397770        5.690436e-02      
   15.316998      16.931207        4.843428e-02      
   15.316998      17.458091        3.943790e-02      
   15.316998      17.977000        3.078218e-02      
   15.316998      18.486536        2.309904e-02      
   15.316998      18.985324        1.672328e-02      
   15.316998      19.472021        1.172362e-02      
   15.316998      19.945315        7.986469e-03      
   15.316998      20.403928        5.304824e-03      
   15.316998      20.846626        3.446786e-03      
   15.316998      21.272215        2.198057e-03      
   15.316998      21.679546        1.380678e-03      
   15.316998      22.067523        8.572917e-04      
   15.316998      22.435100        5.283170e-04      
   15.316998      22.781284        3.246420e-04      
   15.316998      23.105144        2.000084e-04      
   15.316998      23.405806        1.242825e-04      
   15.316998      23.682459        7.835076e-05      
   15.316998      23.934358        5.049538e-05      
   15.316998      24.160824        3.353972e-05      
   15.316998      24.361246        2.314359e-05      
   15.316998      24.535084        1.672199e-05      
   15.316998      24.681869        1.272312e-05      
   15.316998      24.801206        1.021665e-05      
   15.316998      24.892773        8.656490e-06      
   15.316998      24.956326        7.729407e-06      
   15.316998      24.991706        7.262288e-06      
   15.859216      0.001580         2.441692e-08      
   15.859216      0.008319         1.285753e-07      
   15.859216      0.020424         3.147725e-07      
   15.859216      0.037866         5.905134e-07      
   15.859216      0.060596         9.220327e-07      
   15.859216      0.088555         1.433365e-06      
   15.859216      0.121667         1.701892e-06      
   15.859216      0.159843         2.861116e-06      
   15.859216      0.202979         2.346896e-06      
   15.859216      0.250960         3.176134e-06      
   15.859216      0.303656         4.618461e-06      
   15.859216      0.360925         5.730174e-06      
   15.859216      0.422613         6.590950e-06      
   15.859216      0.488552         7.387567e-06      
   15.859216      0.558567         8.153037e-06      
   15.859216      0.632467         9.069853e-06      
   15.859216      0.710054         1.002402e-05      
   15.859216      0.791119         1.102644e-05      
   15.859216      0.875442         1.207839e-05      
   15.859216      0.962797         1.319998e-05      
   15.859216      1.052948         1.430453e-05      
   15.859216      1.145653         1.540866e-05      
   15.859216      1.240660         1.647184e-05      
   15.859216      1.337714         1.751732e-05      
   15.859216      1.436554         1.853459e-05      
   15.859216      1.536913         1.954750e-05      
   15.859216      1.638520         2.053867e-05      
   15.859216      1.741102         2.150260e-05      
   15.859216      1.844381         2.240352e-05      
   15.859216      1.948080         2.322929e-05      
   15.859216      2.051920         2.395871e-05      
   15.859216      2.155619         2.458646e-05      
   15.859216      2.258898         2.512254e-05      
   15.859216      2.361480         2.557173e-05      
   15.859216      2.463087         2.593414e-05      
   15.859216      2.563446         2.619933e-05      
   15.859216      2.662286         2.636168e-05      
   15.859216      2.759340         2.641307e-05      
   15.859216      2.854347         2.635673e-05      
   15.859216      2.947052         2.620460e-05      
   15.859216      3.037203         2.597343e-05      
   15.859216      3.124558         2.567954e-05      
   15.859216      3.208881         2.533452e-05      
   15.859216      3.289946         2.494737e-05      
   15.859216      3.367533         2.452250e-05      
   15.859216      3.441433         2.406504e-05      
   15.859216      3.511448         2.358212e-05      
   15.859216      3.577387         2.308327e-05      
   15.859216      3.639075         2.257973e-05      
   15.859216      3.696344         2.208323e-05      
   15.859216      3.749040         2.160482e-05      
   15.859216      3.797021         2.115405e-05      
   15.859216      3.840157         2.073866e-05      
   15.859216      3.878333         2.036455e-05      
   15.859216      3.911445         2.003610e-05      
   15.859216      3.939404         1.975645e-05      
   15.859216      3.962134         1.952782e-05      
   15.859216      3.979576         1.935175e-05      
   15.859216      3.991681         1.922926e-05      
   15.859216      3.998420         1.916098e-05      
   15.859216      4.008294         1.906085e-05      
   15.859216      4.043674         1.870118e-05      
   15.859216      4.107227         1.805325e-05      
   15.859216      4.198794         1.712101e-05      
   15.859216      4.318131         1.592623e-05      
   15.859216      4.464916         1.455404e-05      
   15.859216      4.638754         1.325215e-05      
   15.859216      4.839176         1.255958e-05      
   15.859216      5.065642         1.336597e-05      
   15.859216      5.317541         1.713567e-05      
   15.859216      5.594194         2.661949e-05      
   15.859216      5.894856         4.631077e-05      
   15.859216      6.218716         8.324180e-05      
   15.859216      6.564900         1.491290e-04      
   15.859216      6.932477         2.613557e-04      
   15.859216      7.320454         4.466718e-04      
   15.859216      7.727785         7.438032e-04      
   15.859216      8.153374         1.209049e-03      
   15.859216      8.596072         1.919189e-03      
   15.859216      9.054685         2.978018e-03      
   15.859216      9.527979         4.516744e-03      
   15.859216      10.014676        6.693982e-03      
   15.859216      10.513464        9.687116e-03      
   15.859216      11.023000        1.366963e-02      
   15.859216      11.541909        1.877545e-02      
   15.859216      12.068793        2.504176e-02      
   15.859216      12.602230        3.233563e-02      
   15.859216      13.140784        4.028626e-02      
   15.859216      13.683002        4.825794e-02      
   15.859216      14.227422        5.541245e-02      
   15.859216      14.772578        6.086782e-02      
   15.859216      15.316998        6.384194e-02      
   15.859216      15.859216        6.358459e-02      
   15.859216      16.397770        5.976265e-02      
   15.859216      16.931207        5.336609e-02      
   15.859216      17.458091        4.554010e-02      
   15.859216      17.977000        3.721976e-02      
   15.859216      18.486536        2.920242e-02      
   15.859216      18.985324        2.206681e-02      
   15.859216      19.472021        1.612104e-02      
   15.859216      19.945315        1.143115e-02      
   15.859216      20.403928        7.897682e-03      
   15.859216      20.846626        5.336478e-03      
   15.859216      21.272215        3.539747e-03      
   15.859216      21.679546        2.313243e-03      
   15.859216      22.067523        1.495195e-03      
   15.859216      22.435100        9.598618e-04      
   15.859216      22.781284        6.148141e-04      
   15.859216      23.105144        3.946938e-04      
   15.859216      23.405806        2.552846e-04      
   15.859216      23.682459        1.673171e-04      
   15.859216      23.934358        1.118153e-04      
   15.859216      24.160824        7.670904e-05      
   15.859216      24.361246        5.434889e-05      
   15.859216      24.535084        3.997597e-05      
   15.859216      24.681869        3.067826e-05      
   15.859216      24.801206        2.466820e-05      
   15.859216      24.892773        2.084430e-05      
   15.859216      24.956326        1.853878e-05      
   15.859216      24.991706        1.736696e-05      
   16.397770      0.001580         1.666921e-08      
   16.397770      0.008319         8.777651e-08      
   16.397770      0.020424         2.164178e-07      
   16.397770      0.037866         4.033245e-07      
   16.397770      0.060596         6.286865e-07      
   16.397770      0.088555         9.607915e-07      
   16.397770      0.121667         1.069249e-06      
   16.397770      0.159843         2.142185e-06      
   16.397770      0.202979         1.654040e-06      
   16.397770      0.250960         2.104957e-06      
   16.397770      0.303656         3.254673e-06      
   16.397770      0.360925         4.206455e-06      
   16.397770      0.422613         4.960860e-06      
   16.397770      0.488552         5.658195e-06      
   16.397770      0.558567         6.322459e-06      
   16.397770      0.632467         7.096867e-06      
   16.397770      0.710054         7.877181e-06      
   16.397770      0.791119         8.670350e-06      
   16.397770      0.875442         9.486482e-06      
   16.397770      0.962797         1.036271e-05      
   16.397770      1.052948         1.124673e-05      
   16.397770      1.145653         1.217416e-05      
   16.397770      1.240660         1.311540e-05      
   16.397770      1.337714         1.407856e-05      
   16.397770      1.436554         1.503023e-05      
   16.397770      1.536913         1.597250e-05      
   16.397770      1.638520         1.688671e-05      
   16.397770      1.741102         1.778220e-05      
   16.397770      1.844381         1.865080e-05      
   16.397770      1.948080         1.950273e-05      
   16.397770      2.051920         2.032398e-05      
   16.397770      2.155619         2.109620e-05      
   16.397770      2.258898         2.180810e-05      
   16.397770      2.361480         2.245232e-05      
   16.397770      2.463087         2.303196e-05      
   16.397770      2.563446         2.355107e-05      
   16.397770      2.662286         2.401930e-05      
   16.397770      2.759340         2.443526e-05      
   16.397770      2.854347         2.479340e-05      
   16.397770      2.947052         2.508507e-05      
   16.397770      3.037203         2.530475e-05      
   16.397770      3.124558         2.545355e-05      
   16.397770      3.208881         2.553737e-05      
   16.397770      3.289946         2.556619e-05      
   16.397770      3.367533         2.554812e-05      
   16.397770      3.441433         2.549065e-05      
   16.397770      3.511448         2.539961e-05      
   16.397770      3.577387         2.527948e-05      
   16.397770      3.639075         2.513433e-05      
   16.397770      3.696344         2.496884e-05      
   16.397770      3.749040         2.478889e-05      
   16.397770      3.797021         2.460134e-05      
   16.397770      3.840157         2.441347e-05      
   16.397770      3.878333         2.423236e-05      
   16.397770      3.911445         2.406440e-05      
   16.397770      3.939404         2.391505e-05      
   16.397770      3.962134         2.378878e-05      
   16.397770      3.979576         2.368906e-05      
   16.397770      3.991681         2.361845e-05      
   16.397770      3.998420         2.357865e-05      
   16.397770      4.008294         2.351974e-05      
   16.397770      4.043674         2.330288e-05      
   16.397770      4.107227         2.289259e-05      
   16.397770      4.198794         2.226121e-05      
   16.397770      4.318131         2.137912e-05      
   16.397770      4.464916         2.021339e-05      
   16.397770      4.638754         1.872467e-05      
   16.397770      4.839176         1.696119e-05      
   16.397770      5.065642         1.521176e-05      
   16.397770      5.317541         1.400226e-05      
   16.397770      5.594194         1.423468e-05      
   16.397770      5.894856         1.799932e-05      
   16.397770      6.218716         2.873070e-05      
   16.397770      6.564900         5.204330e-05      
   16.397770      6.932477         9.764969e-05      
   16.397770      7.320454         1.802923e-04      
   16.397770      7.727785         3.239638e-04      
   16.397770      8.153374         5.634319e-04      
   16.397770      8.596072         9.504212e-04      
   16.397770      9.054685         1.557616e-03      
   16.397770      9.527979         2.482707e-03      
   16.397770      10.014676        3.853166e-03      
   16.397770      10.513464        5.823253e-03      
   16.397770      11.023000        8.566586e-03      
   16.397770      11.541909        1.225613e-02      
   16.397770      12.068793        1.702639e-02      
   16.397770      12.602230        2.291841e-02      
   16.397770      13.140784        2.980858e-02      
   16.397770      13.683002        3.734180e-02      
   16.397770      14.227422        4.490858e-02      
   16.397770      14.772578        5.170836e-02      
   16.397770      15.316998        5.690436e-02      
   16.397770      15.859216        5.976265e-02      
   16.397770      16.397770        5.959077e-02      
   16.397770      16.931207        5.609652e-02      
   16.397770      17.458091        5.020526e-02      
   16.397770      17.977000        4.298220e-02      
   16.397770      18.486536        3.529203e-02      
   16.397770      18.985324        2.786622e-02      
   16.397770      19.472021        2.123328e-02      
   16.397770      19.945315        1.567672e-02      
   16.397770      20.403928        1.126237e-02      
   16.397770      20.846626        7.905942e-03      
   16.397770      21.272215        5.444645e-03      
   16.397770      21.679546        3.693486e-03      
   16.397770      22.067523        2.478250e-03      
   16.397770      22.435100        1.651602e-03      
   16.397770      22.781284        1.097930e-03      
   16.397770      23.105144        7.314771e-04      
   16.397770      23.405806        4.908384e-04      
   16.397770      23.682459        3.335212e-04      
   16.397770      23.934358        2.306723e-04      
   16.397770      24.160824        1.632299e-04      
   16.397770      24.361246        1.188329e-04      
   16.397770      24.535084        8.947117e-05      
   16.397770      24.681869        6.999129e-05      
   16.397770      24.801206        5.711320e-05      
   16.397770      24.892773        4.876556e-05      
   16.397770      24.956326        4.366224e-05      
   16.397770      24.991706        4.104524e-05      
   16.931207      0.001580         1.028343e-08      
   16.931207      0.008319         5.415215e-08      
   16.931207      0.020424         1.323085e-07      
   16.931207      0.037866         2.439374e-07      
   16.931207      0.060596         3.929473e-07      
   16.931207      0.088555         5.671308e-07      
   16.931207      0.121667         5.923188e-07      
   16.931207      0.159843         1.469992e-06      
   16.931207      0.202979         1.056241e-06      
   16.931207      0.250960         1.187820e-06      
   16.931207      0.303656         2.017683e-06      
   16.931207      0.360925         2.739066e-06      
   16.931207      0.422613         3.291986e-06      
   16.931207      0.488552         3.785216e-06      
   16.931207      0.558567         4.252046e-06      
   16.931207      0.632467         4.819111e-06      
   16.931207      0.710054         5.401125e-06      
   16.931207      0.791119         5.997371e-06      
   16.931207      0.875442         6.610869e-06      
   16.931207      0.962797         7.273007e-06      
   16.931207      1.052948         7.938863e-06      
   16.931207      1.145653         8.639556e-06      
   16.931207      1.240660         9.351720e-06      
   16.931207      1.337714         1.009127e-05      
   16.931207      1.436554         1.083645e-05      
   16.931207      1.536913         1.158655e-05      
   16.931207      1.638520         1.231591e-05      
   16.931207      1.741102         1.302911e-05      
   16.931207      1.844381         1.372361e-05      
   16.931207      1.948080         1.441780e-05      
   16.931207      2.051920         1.511322e-05      
   16.931207      2.155619         1.580950e-05      
   16.931207      2.258898         1.650278e-05      
   16.931207      2.361480         1.717684e-05      
   16.931207      2.463087         1.781844e-05      
   16.931207      2.563446         1.842028e-05      
   16.931207      2.662286         1.898724e-05      
   16.931207      2.759340         1.951995e-05      
   16.931207      2.854347         2.002010e-05      
   16.931207      2.947052         2.048651e-05      
   16.931207      3.037203         2.091360e-05      
   16.931207      3.124558         2.129332e-05      
   16.931207      3.208881         2.161937e-05      
   16.931207      3.289946         2.189250e-05      
   16.931207      3.367533         2.211657e-05      
   16.931207      3.441433         2.229824e-05      
   16.931207      3.511448         2.244447e-05      
   16.931207      3.577387         2.256148e-05      
   16.931207      3.639075         2.265423e-05      
   16.931207      3.696344         2.272626e-05      
   16.931207      3.749040         2.278001e-05      
   16.931207      3.797021         2.281742e-05      
   16.931207      3.840157         2.284047e-05      
   16.931207      3.878333         2.285155e-05      
   16.931207      3.911445         2.285344e-05      
   16.931207      3.939404         2.284906e-05      
   16.931207      3.962134         2.284131e-05      
   16.931207      3.979576         2.283273e-05      
   16.931207      3.991681         2.282542e-05      
   16.931207      3.998420         2.282086e-05      
   16.931207      4.008294         2.281355e-05      
   16.931207      4.043674         2.278112e-05      
   16.931207      4.107227         2.269835e-05      
   16.931207      4.198794         2.252520e-05      
   16.931207      4.318131         2.221175e-05      
   16.931207      4.464916         2.171129e-05      
   16.931207      4.638754         2.096507e-05      
   16.931207      4.839176         1.985524e-05      
   16.931207      5.065642         1.830354e-05      
   16.931207      5.317541         1.649558e-05      
   16.931207      5.594194         1.474996e-05      
   16.931207      5.894856         1.354884e-05      
   16.931207      6.218716         1.447098e-05      
   16.931207      6.564900         1.987742e-05      
   16.931207      6.932477         3.454637e-05      
   16.931207      7.320454         6.640156e-05      
   16.931207      7.727785         1.285768e-04      
   16.931207      8.153374         2.414437e-04      
   16.931207      8.596072         4.378126e-04      
   16.931207      9.054685         7.646362e-04      
   16.931207      9.527979         1.290472e-03      
   16.931207      10.014676        2.109020e-03      
   16.931207      10.513464        3.342343e-03      
   16.931207      11.023000        5.140944e-03      
   16.931207      11.541909        7.674703e-03      
   16.931207      12.068793        1.111360e-02      
   16.931207      12.602230        1.559123e-02      
   16.931207      13.140784        2.114933e-02      
   16.931207      13.683002        2.766964e-02      
   16.931207      14.227422        3.481017e-02      
   16.931207      14.772578        4.198576e-02      
   16.931207      15.316998        4.843428e-02      
   16.931207      15.859216        5.336609e-02      
   16.931207      16.397770        5.609652e-02      
   16.931207      16.931207        5.599165e-02      
   16.931207      17.458091        5.279898e-02      
   16.931207      17.977000        4.737964e-02      
   16.931207      18.486536        4.072200e-02      
   16.931207      18.985324        3.362153e-02      
   16.931207      19.472021        2.674558e-02      
   16.931207      19.945315        2.057661e-02      
   16.931207      20.403928        1.537599e-02      
   16.931207      20.846626        1.120951e-02      
   16.931207      21.272215        8.008206e-03      
   16.931207      21.679546        5.631099e-03      
   16.931207      22.067523        3.913825e-03      
   16.931207      22.435100        2.700479e-03      
   16.931207      22.781284        1.857999e-03      
   16.931207      23.105144        1.280678e-03      
   16.931207      23.405806        8.884837e-04      
   16.931207      23.682459        6.233248e-04      
   16.931207      23.934358        4.444488e-04      
   16.931207      24.160824        3.237018e-04      
   16.931207      24.361246        2.420009e-04      
   16.931207      24.535084        1.865896e-04      
   16.931207      24.681869        1.489884e-04      
   16.931207      24.801206        1.236226e-04      
   16.931207      24.892773        1.068893e-04      
   16.931207      24.956326        9.651702e-05      
   16.931207      24.991706        9.114911e-05      
   17.458091      0.001580         9.572784e-09      
   17.458091      0.008319         5.040833e-08      
   17.458091      0.020424         1.240588e-07      
   17.458091      0.037866         2.257717e-07      
   17.458091      0.060596         3.699521e-07      
   17.458091      0.088555         4.970533e-07      
   17.458091      0.121667         5.608273e-07      
   17.458091      0.159843         1.267699e-06      
   17.458091      0.202979         1.022529e-06      
   17.458091      0.250960         9.746330e-07      
   17.458091      0.303656         1.554709e-06      
   17.458091      0.360925         2.073993e-06      
   17.458091      0.422613         2.427790e-06      
   17.458091      0.488552         2.695039e-06      
   17.458091      0.558567         2.915850e-06      
   17.458091      0.632467         3.209596e-06      
   17.458091      0.710054         3.525919e-06      
   17.458091      0.791119         3.877693e-06      
   17.458091      0.875442         4.269218e-06      
   17.458091      0.962797         4.714761e-06      
   17.458091      1.052948         5.156149e-06      
   17.458091      1.145653         5.606574e-06      
   17.458091      1.240660         6.044182e-06      
   17.458091      1.337714         6.493357e-06      
   17.458091      1.436554         6.956659e-06      
   17.458091      1.536913         7.460416e-06      
   17.458091      1.638520         7.998943e-06      
   17.458091      1.741102         8.569625e-06      
   17.458091      1.844381         9.145605e-06      
   17.458091      1.948080         9.718306e-06      
   17.458091      2.051920         1.027592e-05      
   17.458091      2.155619         1.081970e-05      
   17.458091      2.258898         1.136196e-05      
   17.458091      2.361480         1.190947e-05      
   17.458091      2.463087         1.246125e-05      
   17.458091      2.563446         1.300436e-05      
   17.458091      2.662286         1.352802e-05      
   17.458091      2.759340         1.402129e-05      
   17.458091      2.854347         1.448303e-05      
   17.458091      2.947052         1.491866e-05      
   17.458091      3.037203         1.533618e-05      
   17.458091      3.124558         1.574145e-05      
   17.458091      3.208881         1.613431e-05      
   17.458091      3.289946         1.651060e-05      
   17.458091      3.367533         1.686223e-05      
   17.458091      3.441433         1.718269e-05      
   17.458091      3.511448         1.746862e-05      
   17.458091      3.577387         1.771994e-05      
   17.458091      3.639075         1.793900e-05      
   17.458091      3.696344         1.812926e-05      
   17.458091      3.749040         1.829438e-05      
   17.458091      3.797021         1.843748e-05      
   17.458091      3.840157         1.856094e-05      
   17.458091      3.878333         1.866645e-05      
   17.458091      3.911445         1.875519e-05      
   17.458091      3.939404         1.882806e-05      
   17.458091      3.962134         1.888584e-05      
   17.458091      3.979576         1.892922e-05      
   17.458091      3.991681         1.895882e-05      
   17.458091      3.998420         1.897510e-05      
   17.458091      4.008294         1.899869e-05      
   17.458091      4.043674         1.908054e-05      
   17.458091      4.107227         1.921520e-05      
   17.458091      4.198794         1.937408e-05      
   17.458091      4.318131         1.950331e-05      
   17.458091      4.464916         1.953474e-05      
   17.458091      4.638754         1.942469e-05      
   17.458091      4.839176         1.916263e-05      
   17.458091      5.065642         1.863700e-05      
   17.458091      5.317541         1.765397e-05      
   17.458091      5.594194         1.631474e-05      
   17.458091      5.894856         1.471104e-05      
   17.458091      6.218716         1.304300e-05      
   17.458091      6.564900         1.267859e-05      
   17.458091      6.932477         1.511491e-05      
   17.458091      7.320454         2.464526e-05      
   17.458091      7.727785         4.717940e-05      
   17.458091      8.153374         9.491123e-05      
   17.458091      8.596072         1.860573e-04      
   17.458091      9.054685         3.498169e-04      
   17.458091      9.527979         6.309400e-04      
   17.458091      10.014676        1.093632e-03      
   17.458091      10.513464        1.827652e-03      
   17.458091      11.023000        2.950995e-03      
   17.458091      11.541909        4.609678e-03      
   17.458091      12.068793        6.969727e-03      
   17.458091      12.602230        1.019694e-02      
   17.458091      13.140784        1.442150e-02      
   17.458091      13.683002        1.968349e-02      
   17.458091      14.227422        2.586641e-02      
   17.458091      14.772578        3.263864e-02      
   17.458091      15.316998        3.943790e-02      
   17.458091      15.859216        4.554010e-02      
   17.458091      16.397770        5.020526e-02      
   17.458091      16.931207        5.279898e-02      
   17.458091      17.458091        5.274483e-02      
   17.458091      17.977000        4.983032e-02      
   17.458091      18.486536        4.485321e-02      
   17.458091      18.985324        3.872600e-02      
   17.458091      19.472021        3.217867e-02      
   17.458091      19.945315        2.581708e-02      
   17.458091      20.403928        2.007930e-02      
   17.458091      20.846626        1.520712e-02      
   17.458091      21.272215        1.126764e-02      
   17.458091      21.679546        8.205455e-03      
   17.458091      22.067523        5.899969e-03      
   17.458091      22.435100        4.207738e-03      
   17.458091      22.781284        2.990036e-03      
   17.458091      23.105144        2.126505e-03      
   17.458091      23.405806        1.520655e-03      
   17.458091      23.682459        1.098534e-03      
   17.458091      23.934358        8.055139e-04      
   17.458091      24.160824        6.023532e-04      
   17.458091      24.361246        4.613562e-04      
   17.458091      24.535084        3.633975e-04      
   17.458091      24.681869        2.954799e-04      
   17.458091      24.801206        2.488408e-04      
   17.458091      24.892773        2.176437e-04      
   17.458091      24.956326        1.981075e-04      
   17.458091      24.991706        1.879306e-04      
   17.977000      0.001580         3.718819e-09      
   17.977000      0.008319         1.958161e-08      
   17.977000      0.020424         4.808603e-08      
   17.977000      0.037866         9.012944e-08      
   17.977000      0.060596         1.496715e-07      
   17.977000      0.088555         1.731746e-07      
   17.977000      0.121667         1.892074e-07      
   17.977000      0.159843         6.207926e-07      
   17.977000      0.202979         4.610966e-07      
   17.977000      0.250960         2.635439e-07      
   17.977000      0.303656         6.357674e-07      
   17.977000      0.360925         1.028082e-06      
   17.977000      0.422613         1.307563e-06      
   17.977000      0.488552         1.517804e-06      
   17.977000      0.558567         1.683212e-06      
   17.977000      0.632467         1.888265e-06      
   17.977000      0.710054         2.083527e-06      
   17.977000      0.791119         2.275454e-06      
   17.977000      0.875442         2.474632e-06      
   17.977000      0.962797         2.710729e-06      
   17.977000      1.052948         2.955749e-06      
   17.977000      1.145653         3.236608e-06      
   17.977000      1.240660         3.536108e-06      
   17.977000      1.337714         3.860910e-06      
   17.977000      1.436554         4.190281e-06      
   17.977000      1.536913         4.528261e-06      
   17.977000      1.638520         4.866711e-06      
   17.977000      1.741102         5.217903e-06      
   17.977000      1.844381         5.581945e-06      
   17.977000      1.948080         5.969061e-06      
   17.977000      2.051920         6.370499e-06      
   17.977000      2.155619         6.773533e-06      
   17.977000      2.258898         7.170820e-06      
   17.977000      2.361480         7.559209e-06      
   17.977000      2.463087         7.944226e-06      
   17.977000      2.563446         8.332118e-06      
   17.977000      2.662286         8.731006e-06      
   17.977000      2.759340         9.138349e-06      
   17.977000      2.854347         9.546497e-06      
   17.977000      2.947052         9.944972e-06      
   17.977000      3.037203         1.032595e-05      
   17.977000      3.124558         1.068715e-05      
   17.977000      3.208881         1.103027e-05      
   17.977000      3.289946         1.135965e-05      
   17.977000      3.367533         1.167728e-05      
   17.977000      3.441433         1.198322e-05      
   17.977000      3.511448         1.227528e-05      
   17.977000      3.577387         1.254979e-05      
   17.977000      3.639075         1.280301e-05      
   17.977000      3.696344         1.303219e-05      
   17.977000      3.749040         1.323618e-05      
   17.977000      3.797021         1.341522e-05      
   17.977000      3.840157         1.357052e-05      
   17.977000      3.878333         1.370362e-05      
   17.977000      3.911445         1.381603e-05      
   17.977000      3.939404         1.390898e-05      
   17.977000      3.962134         1.398339e-05      
   17.977000      3.979576         1.403985e-05      
   17.977000      3.991681         1.407876e-05      
   17.977000      3.998420         1.410032e-05      
   17.977000      4.008294         1.413181e-05      
   17.977000      4.043674         1.424367e-05      
   17.977000      4.107227         1.444194e-05      
   17.977000      4.198794         1.472432e-05      
   17.977000      4.318131         1.508526e-05      
   17.977000      4.464916         1.549496e-05      
   17.977000      4.638754         1.587216e-05      
   17.977000      4.839176         1.614305e-05      
   17.977000      5.065642         1.631809e-05      
   17.977000      5.317541         1.629068e-05      
   17.977000      5.594194         1.578824e-05      
   17.977000      5.894856         1.497464e-05      
   17.977000      6.218716         1.376314e-05      
   17.977000      6.564900         1.230101e-05      
   17.977000      6.932477         1.141259e-05      
   17.977000      7.320454         1.239513e-05      
   17.977000      7.727785         1.843681e-05      
   17.977000      8.153374         3.545292e-05      
   17.977000      8.596072         7.297054e-05      
   17.977000      9.054685         1.483514e-04      
   17.977000      9.527979         2.884078e-04      
   17.977000      10.014676        5.349113e-04      
   17.977000      10.513464        9.492747e-04      
   17.977000      11.023000        1.617590e-03      
   17.977000      11.541909        2.654259e-03      
   17.977000      12.068793        4.200998e-03      
   17.977000      12.602230        6.419287e-03      
   17.977000      13.140784        9.470112e-03      
   17.977000      13.683002        1.347808e-02      
   17.977000      14.227422        1.847898e-02      
   17.977000      14.772578        2.435523e-02      
   17.977000      15.316998        3.078218e-02      
   17.977000      15.859216        3.721976e-02      
   17.977000      16.397770        4.298220e-02      
   17.977000      16.931207        4.737964e-02      
   17.977000      17.458091        4.983032e-02      
   17.977000      17.977000        4.981400e-02      
   17.977000      18.486536        4.715575e-02      
   17.977000      18.985324        4.259345e-02      
   17.977000      19.472021        3.696571e-02      
   17.977000      19.945315        3.093843e-02      
   17.977000      20.403928        2.506019e-02      
   17.977000      20.846626        1.972763e-02      
   17.977000      21.272215        1.516266e-02      
   17.977000      21.679546        1.143367e-02      
   17.977000      22.067523        8.499735e-03      
   17.977000      22.435100        6.258656e-03      
   17.977000      22.781284        4.585828e-03      
   17.977000      23.105144        3.359183e-03      
   17.977000      23.405806        2.471341e-03      
   17.977000      23.682459        1.834496e-03      
   17.977000      23.934358        1.380064e-03      
   17.977000      24.160824        1.056673e-03      
   17.977000      24.361246        8.269245e-04      
   17.977000      24.535084        6.640000e-04      
   17.977000      24.681869        5.489883e-04      
   17.977000      24.801206        4.687811e-04      
   17.977000      24.892773        4.144555e-04      
   17.977000      24.956326        3.801182e-04      
   17.977000      24.991706        3.621237e-04      
   18.486536      0.001580         9.881852e-10      
   18.486536      0.008319         5.203181e-09      
   18.486536      0.020424         1.257581e-08      
   18.486536      0.037866         2.629248e-08      
   18.486536      0.060596         4.276305e-08      
   18.486536      0.088555         3.094981e-08      
   18.486536      0.121667         3.964788e-08      
   18.486536      0.159843         2.606403e-07      
   18.486536      0.202979         1.941999e-07      
   18.486536      0.250960         -7.581520e-08     
   18.486536      0.303656         1.279634e-07      
   18.486536      0.360925         3.911829e-07      
   18.486536      0.422613         5.709967e-07      
   18.486536      0.488552         6.923480e-07      
   18.486536      0.558567         7.809484e-07      
   18.486536      0.632467         9.077189e-07      
   18.486536      0.710054         1.033984e-06      
   18.486536      0.791119         1.159377e-06      
   18.486536      0.875442         1.286396e-06      
   18.486536      0.962797         1.435902e-06      
   18.486536      1.052948         1.582445e-06      
   18.486536      1.145653         1.748383e-06      
   18.486536      1.240660         1.922419e-06      
   18.486536      1.337714         2.117417e-06      
   18.486536      1.436554         2.320996e-06      
   18.486536      1.536913         2.533252e-06      
   18.486536      1.638520         2.737552e-06      
   18.486536      1.741102         2.937298e-06      
   18.486536      1.844381         3.133034e-06      
   18.486536      1.948080         3.341269e-06      
   18.486536      2.051920         3.568270e-06      
   18.486536      2.155619         3.817792e-06      
   18.486536      2.258898         4.089028e-06      
   18.486536      2.361480         4.370981e-06      
   18.486536      2.463087         4.653629e-06      
   18.486536      2.563446         4.931553e-06      
   18.486536      2.662286         5.209376e-06      
   18.486536      2.759340         5.490435e-06      
   18.486536      2.854347         5.778516e-06      
   18.486536      2.947052         6.073726e-06      
   18.486536      3.037203         6.371024e-06      
   18.486536      3.124558         6.662053e-06      
   18.486536      3.208881         6.938924e-06      
   18.486536      3.289946         7.198813e-06      
   18.486536      3.367533         7.441950e-06      
   18.486536      3.441433         7.671303e-06      
   18.486536      3.511448         7.890270e-06      
   18.486536      3.577387         8.101295e-06      
   18.486536      3.639075         8.305158e-06      
   18.486536      3.696344         8.500907e-06      
   18.486536      3.749040         8.686326e-06      
   18.486536      3.797021         8.858690e-06      
   18.486536      3.840157         9.015461e-06      
   18.486536      3.878333         9.154712e-06      
   18.486536      3.911445         9.275233e-06      
   18.486536      3.939404         9.376426e-06      
   18.486536      3.962134         9.458115e-06      
   18.486536      3.979576         9.520361e-06      
   18.486536      3.991681         9.563315e-06      
   18.486536      3.998420         9.587134e-06      
   18.486536      4.008294         9.621905e-06      
   18.486536      4.043674         9.745209e-06      
   18.486536      4.107227         9.961416e-06      
   18.486536      4.198794         1.026224e-05      
   18.486536      4.318131         1.064391e-05      
   18.486536      4.464916         1.111920e-05      
   18.486536      4.638754         1.169036e-05      
   18.486536      4.839176         1.226659e-05      
   18.486536      5.065642         1.273250e-05      
   18.486536      5.317541         1.317269e-05      
   18.486536      5.594194         1.352881e-05      
   18.486536      5.894856         1.344542e-05      
   18.486536      6.218716         1.321486e-05      
   18.486536      6.564900         1.225788e-05      
   18.486536      6.932477         1.126329e-05      
   18.486536      7.320454         1.013742e-05      
   18.486536      7.727785         1.064584e-05      
   18.486536      8.153374         1.473294e-05      
   18.486536      8.596072         2.779660e-05      
   18.486536      9.054685         5.867908e-05      
   18.486536      9.527979         1.228119e-04      
   18.486536      10.014676        2.456320e-04      
   18.486536      10.513464        4.666792e-04      
   18.486536      11.023000        8.449749e-04      
   18.486536      11.541909        1.463621e-03      
   18.486536      12.068793        2.433687e-03      
   18.486536      12.602230        3.893197e-03      
   18.486536      13.140784        5.998538e-03      
   18.486536      13.683002        8.904891e-03      
   18.486536      14.227422        1.272982e-02      
   18.486536      14.772578        1.750157e-02      
   18.486536      15.316998        2.309904e-02      
   18.486536      15.859216        2.920242e-02      
   18.486536      16.397770        3.529203e-02      
   18.486536      16.931207        4.072200e-02      
   18.486536      17.458091        4.485321e-02      
   18.486536      17.977000        4.715575e-02      
   18.486536      18.486536        4.716633e-02      
   18.486536      18.985324        4.474560e-02      
   18.486536      19.472021        4.057241e-02      
   18.486536      19.945315        3.541579e-02      
   18.486536      20.403928        2.988043e-02      
   18.486536      20.846626        2.445906e-02      
   18.486536      21.272215        1.950959e-02      
   18.486536      21.679546        1.523667e-02      
   18.486536      22.067523        1.170818e-02      
   18.486536      22.435100        8.895685e-03      
   18.486536      22.781284        6.715262e-03      
   18.486536      23.105144        5.060628e-03      
   18.486536      23.405806        3.824675e-03      
   18.486536      23.682459        2.911771e-03      
   18.486536      23.934358        2.242846e-03      
   18.486536      24.160824        1.755287e-03      
   18.486536      24.361246        1.401285e-03      
   18.486536      24.535084        1.145338e-03      
   18.486536      24.681869        9.615784e-04      
   18.486536      24.801206        8.315510e-04      
   18.486536      24.892773        7.424180e-04      
   18.486536      24.956326        6.855652e-04      
   18.486536      24.991706        6.555951e-04      
   18.985324      0.001580         2.639255e-09      
   18.985324      0.008319         1.389680e-08      
   18.985324      0.020424         3.438318e-08      
   18.985324      0.037866         6.333459e-08      
   18.985324      0.060596         1.002100e-07      
   18.985324      0.088555         1.314321e-07      
   18.985324      0.121667         1.947541e-07      
   18.985324      0.159843         3.185407e-07      
   18.985324      0.202979         3.782648e-07      
   18.985324      0.250960         1.334566e-07      
   18.985324      0.303656         2.463185e-07      
   18.985324      0.360925         4.219772e-07      
   18.985324      0.422613         5.169392e-07      
   18.985324      0.488552         5.415347e-07      
   18.985324      0.558567         5.241250e-07      
   18.985324      0.632467         5.320702e-07      
   18.985324      0.710054         5.495003e-07      
   18.985324      0.791119         5.854573e-07      
   18.985324      0.875442         6.430991e-07      
   18.985324      0.962797         7.305797e-07      
   18.985324      1.052948         8.110786e-07      
   18.985324      1.145653         8.887172e-07      
   18.985324      1.240660         9.479426e-07      
   18.985324      1.337714         1.005311e-06      
   18.985324      1.436554         1.067320e-06      
   18.985324      1.536913         1.155618e-06      
   18.985324      1.638520         1.270535e-06      
   18.985324      1.741102         1.412404e-06      
   18.985324      1.844381         1.563429e-06      
   18.985324      1.948080         1.714818e-06      
   18.985324      2.051920         1.856788e-06      
   18.985324      2.155619         1.991997e-06      
   18.985324      2.258898         2.133289e-06      
   18.985324      2.361480         2.290224e-06      
   18.985324      2.463087         2.465922e-06      
   18.985324      2.563446         2.653213e-06      
   18.985324      2.662286         2.843142e-06      
   18.985324      2.759340         3.025190e-06      
   18.985324      2.854347         3.196917e-06      
   18.985324      2.947052         3.363318e-06      
   18.985324      3.037203         3.532925e-06      
   18.985324      3.124558         3.712732e-06      
   18.985324      3.208881         3.904496e-06      
   18.985324      3.289946         4.105440e-06      
   18.985324      3.367533         4.308256e-06      
   18.985324      3.441433         4.505318e-06      
   18.985324      3.511448         4.690930e-06      
   18.985324      3.577387         4.862407e-06      
   18.985324      3.639075         5.019687e-06      
   18.985324      3.696344         5.164162e-06      
   18.985324      3.749040         5.297467e-06      
   18.985324      3.797021         5.420701e-06      
   18.985324      3.840157         5.534133e-06      
   18.985324      3.878333         5.637278e-06      
   18.985324      3.911445         5.729158e-06      
   18.985324      3.939404         5.808592e-06      
   18.985324      3.962134         5.874428e-06      
   18.985324      3.979576         5.925686e-06      
   18.985324      3.991681         5.961626e-06      
   18.985324      3.998420         5.981759e-06      
   18.985324      4.008294         6.011408e-06      
   18.985324      4.043674         6.119020e-06      
   18.985324      4.107227         6.316250e-06      
   18.985324      4.198794         6.602182e-06      
   18.985324      4.318131         6.959535e-06      
   18.985324      4.464916         7.361437e-06      
   18.985324      4.638754         7.823288e-06      
   18.985324      4.839176         8.424469e-06      
   18.985324      5.065642         9.124445e-06      
   18.985324      5.317541         9.716845e-06      
   18.985324      5.594194         1.036855e-05      
   18.985324      5.894856         1.092223e-05      
   18.985324      6.218716         1.110311e-05      
   18.985324      6.564900         1.118670e-05      
   18.985324      6.932477         1.070558e-05      
   18.985324      7.320454         1.000673e-05      
   18.985324      7.727785         9.111885e-06      
   18.985324      8.153374         9.173459e-06      
   18.985324      8.596072         1.235473e-05      
   18.985324      9.054685         2.291200e-05      
   18.985324      9.527979         4.923176e-05      
   18.985324      10.014676        1.057145e-04      
   18.985324      10.513464        2.165176e-04      
   18.985324      11.023000        4.195388e-04      
   18.985324      11.541909        7.718992e-04      
   18.985324      12.068793        1.354704e-03      
   18.985324      12.602230        2.275956e-03      
   18.985324      13.140784        3.670146e-03      
   18.985324      13.683002        5.688792e-03      
   18.985324      14.227422        8.479627e-03      
   18.985324      14.772578        1.215156e-02      
   18.985324      15.316998        1.672328e-02      
   18.985324      15.859216        2.206681e-02      
   18.985324      16.397770        2.786622e-02      
   18.985324      16.931207        3.362153e-02      
   18.985324      17.458091        3.872600e-02      
   18.985324      17.977000        4.259345e-02      
   18.985324      18.486536        4.474560e-02      
   18.985324      18.985324        4.477348e-02      
   18.985324      19.472021        4.257337e-02      
   18.985324      19.945315        3.876733e-02      
   18.985324      20.403928        3.405581e-02      
   18.985324      20.846626        2.898631e-02      
   18.985324      21.272215        2.400033e-02      
   18.985324      21.679546        1.941745e-02      
   18.985324      22.067523        1.542501e-02      
   18.985324      22.435100        1.209168e-02      
   18.985324      22.781284        9.400121e-03      
   18.985324      23.105144        7.281820e-03      
   18.985324      23.405806        5.647215e-03      
   18.985324      23.682459        4.404327e-03      
   18.985324      23.934358        3.469392e-03      
   18.985324      24.160824        2.771665e-03      
   18.985324      24.361246        2.254142e-03      
   18.985324      24.535084        1.872693e-03      
   18.985324      24.681869        1.594212e-03      
   18.985324      24.801206        1.394425e-03      
   18.985324      24.892773        1.255986e-03      
   18.985324      24.956326        1.166984e-03      
   18.985324      24.991706        1.119828e-03      
   19.472021      0.001580         -4.966771e-10     
   19.472021      0.008319         -2.617597e-09     
   19.472021      0.020424         -6.605671e-09     
   19.472021      0.037866         -1.304138e-08     
   19.472021      0.060596         -2.052733e-08     
   19.472021      0.088555         -2.569046e-08     
   19.472021      0.121667         -4.246995e-09     
   19.472021      0.159843         -1.704375e-08     
   19.472021      0.202979         6.299630e-08      
   19.472021      0.250960         -1.753534e-07     
   19.472021      0.303656         -1.268348e-07     
   19.472021      0.360925         2.302447e-08      
   19.472021      0.422613         1.392644e-07      
   19.472021      0.488552         2.119131e-07      
   19.472021      0.558567         2.498392e-07      
   19.472021      0.632467         2.893371e-07      
   19.472021      0.710054         3.062812e-07      
   19.472021      0.791119         3.021400e-07      
   19.472021      0.875442         2.847655e-07      
   19.472021      0.962797         2.768305e-07      
   19.472021      1.052948         2.703465e-07      
   19.472021      1.145653         2.884834e-07      
   19.472021      1.240660         3.250347e-07      
   19.472021      1.337714         3.816849e-07      
   19.472021      1.436554         4.393000e-07      
   19.472021      1.536913         4.935848e-07      
   19.472021      1.638520         5.370427e-07      
   19.472021      1.741102         5.799700e-07      
   19.472021      1.844381         6.294153e-07      
   19.472021      1.948080         6.991236e-07      
   19.472021      2.051920         7.871260e-07      
   19.472021      2.155619         8.826080e-07      
   19.472021      2.258898         9.743644e-07      
   19.472021      2.361480         1.055390e-06      
   19.472021      2.463087         1.129110e-06      
   19.472021      2.563446         1.204474e-06      
   19.472021      2.662286         1.294124e-06      
   19.472021      2.759340         1.402833e-06      
   19.472021      2.854347         1.527778e-06      
   19.472021      2.947052         1.659635e-06      
   19.472021      3.037203         1.788690e-06      
   19.472021      3.124558         1.910002e-06      
   19.472021      3.208881         2.024124e-06      
   19.472021      3.289946         2.135927e-06      
   19.472021      3.367533         2.249990e-06      
   19.472021      3.441433         2.369289e-06      
   19.472021      3.511448         2.493785e-06      
   19.472021      3.577387         2.620608e-06      
   19.472021      3.639075         2.745296e-06      
   19.472021      3.696344         2.863374e-06      
   19.472021      3.749040         2.971517e-06      
   19.472021      3.797021         3.067953e-06      
   19.472021      3.840157         3.152245e-06      
   19.472021      3.878333         3.224772e-06      
   19.472021      3.911445         3.286225e-06      
   19.472021      3.939404         3.337267e-06      
   19.472021      3.962134         3.378360e-06      
   19.472021      3.979576         3.409748e-06      
   19.472021      3.991681         3.431504e-06      
   19.472021      3.998420         3.443618e-06      
   19.472021      4.008294         3.461381e-06      
   19.472021      4.043674         3.525406e-06      
   19.472021      4.107227         3.643782e-06      
   19.472021      4.198794         3.828819e-06      
   19.472021      4.318131         4.105000e-06      
   19.472021      4.464916         4.485989e-06      
   19.472021      4.638754         4.922698e-06      
   19.472021      4.839176         5.366750e-06      
   19.472021      5.065642         5.951909e-06      
   19.472021      5.317541         6.679444e-06      
   19.472021      5.594194         7.237091e-06      
   19.472021      5.894856         8.008849e-06      
   19.472021      6.218716         8.577659e-06      
   19.472021      6.564900         9.124513e-06      
   19.472021      6.932477         9.338440e-06      
   19.472021      7.320454         9.220178e-06      
   19.472021      7.727785         8.692947e-06      
   19.472021      8.153374         8.116864e-06      
   19.472021      8.596072         8.065157e-06      
   19.472021      9.054685         1.062684e-05      
   19.472021      9.527979         1.975505e-05      
   19.472021      10.014676        4.324657e-05      
   19.472021      10.513464        9.477593e-05      
   19.472021      11.023000        1.976168e-04      
   19.472021      11.541909        3.888793e-04      
   19.472021      12.068793        7.241684e-04      
   19.472021      12.602230        1.283089e-03      
   19.472021      13.140784        2.171689e-03      
   19.472021      13.683002        3.520527e-03      
   19.472021      14.227422        5.475894e-03      
   19.472021      14.772578        8.177689e-03      
   19.472021      15.316998        1.172362e-02      
   19.472021      15.859216        1.612104e-02      
   19.472021      16.397770        2.123328e-02      
   19.472021      16.931207        2.674558e-02      
   19.472021      17.458091        3.217867e-02      
   19.472021      17.977000        3.696571e-02      
   19.472021      18.486536        4.057241e-02      
   19.472021      18.985324        4.257337e-02      
   19.472021      19.472021        4.261245e-02      
   19.472021      19.945315        4.061753e-02      
   19.472021      20.403928        3.715756e-02      
   19.472021      20.846626        3.286878e-02      
   19.472021      21.272215        2.824263e-02      
   19.472021      21.679546        2.367237e-02      
   19.472021      22.067523        1.944380e-02      
   19.472021      22.435100        1.572660e-02      
   19.472021      22.781284        1.258763e-02      
   19.472021      23.105144        1.001949e-02      
   19.472021      23.405806        7.969042e-03      
   19.472021      23.682459        6.362202e-03      
   19.472021      23.934358        5.120410e-03      
   19.472021      24.160824        4.170873e-03      
   19.472021      24.361246        3.451407e-03      
   19.472021      24.535084        2.911335e-03      
   19.472021      24.681869        2.510864e-03      
   19.472021      24.801206        2.219800e-03      
   19.472021      24.892773        2.016014e-03      
   19.472021      24.956326        1.883997e-03      
   19.472021      24.991706        1.813711e-03      
   19.945315      0.001580         2.028069e-10      
   19.945315      0.008319         1.066569e-09      
   19.945315      0.020424         2.642874e-09      
   19.945315      0.037866         3.871124e-09      
   19.945315      0.060596         4.631846e-09      
   19.945315      0.088555         1.691070e-08      
   19.945315      0.121667         4.984376e-08      
   19.945315      0.159843         -4.460797e-09     
   19.945315      0.202979         1.057209e-07      
   19.945315      0.250960         -1.007907e-07     
   19.945315      0.303656         -1.163468e-07     
   19.945315      0.360925         -4.452143e-08     
   19.945315      0.422613         -2.914038e-09     
   19.945315      0.488552         -1.835135e-09     
   19.945315      0.558567         -2.448993e-08     
   19.945315      0.632467         -3.164322e-08     
   19.945315      0.710054         -3.175664e-08     
   19.945315      0.791119         -2.186560e-08     
   19.945315      0.875442         -2.744182e-09     
   19.945315      0.962797         2.935259e-08      
   19.945315      1.052948         5.063660e-08      
   19.945315      1.145653         6.732993e-08      
   19.945315      1.240660         7.294299e-08      
   19.945315      1.337714         7.993906e-08      
   19.945315      1.436554         8.959989e-08      
   19.945315      1.536913         1.104143e-07      
   19.945315      1.638520         1.354497e-07      
   19.945315      1.741102         1.606370e-07      
   19.945315      1.844381         1.760798e-07      
   19.945315      1.948080         1.854520e-07      
   19.945315      2.051920         1.940411e-07      
   19.945315      2.155619         2.113208e-07      
   19.945315      2.258898         2.461696e-07      
   19.945315      2.361480         2.986854e-07      
   19.945315      2.463087         3.621029e-07      
   19.945315      2.563446         4.256629e-07      
   19.945315      2.662286         4.844949e-07      
   19.945315      2.759340         5.384924e-07      
   19.945315      2.854347         5.935912e-07      
   19.945315      2.947052         6.563871e-07      
   19.945315      3.037203         7.301128e-07      
   19.945315      3.124558         8.129488e-07      
   19.945315      3.208881         8.987737e-07      
   19.945315      3.289946         9.810712e-07      
   19.945315      3.367533         1.054891e-06      
   19.945315      3.441433         1.119381e-06      
   19.945315      3.511448         1.177021e-06      
   19.945315      3.577387         1.231732e-06      
   19.945315      3.639075         1.286969e-06      
   19.945315      3.696344         1.344596e-06      
   19.945315      3.749040         1.404657e-06      
   19.945315      3.797021         1.465774e-06      
   19.945315      3.840157         1.525803e-06      
   19.945315      3.878333         1.582455e-06      
   19.945315      3.911445         1.633740e-06      
   19.945315      3.939404         1.678172e-06      
   19.945315      3.962134         1.714783e-06      
   19.945315      3.979576         1.743030e-06      
   19.945315      3.991681         1.762658e-06      
   19.945315      3.998420         1.773581e-06      
   19.945315      4.008294         1.789564e-06      
   19.945315      4.043674         1.846419e-06      
   19.945315      4.107227         1.945364e-06      
   19.945315      4.198794         2.077628e-06      
   19.945315      4.318131         2.237845e-06      
   19.945315      4.464916         2.457836e-06      
   19.945315      4.638754         2.804256e-06      
   19.945315      4.839176         3.231455e-06      
   19.945315      5.065642         3.591239e-06      
   19.945315      5.317541         4.123311e-06      
   19.945315      5.594194         4.774809e-06      
   19.945315      5.894856         5.374643e-06      
   19.945315      6.218716         6.173282e-06      
   19.945315      6.564900         6.784664e-06      
   19.945315      6.932477         7.403297e-06      
   19.945315      7.320454         7.740099e-06      
   19.945315      7.727785         7.878638e-06      
   19.945315      8.153374         7.545048e-06      
   19.945315      8.596072         7.089060e-06      
   19.945315      9.054685         7.125631e-06      
   19.945315      9.527979         9.475272e-06      
   19.945315      10.014676        1.783899e-05      
   19.945315      10.513464        3.967825e-05      
   19.945315      11.023000        8.851613e-05      
   19.945315      11.541909        1.869426e-04      
   19.945315      12.068793        3.716429e-04      
   19.945315      12.602230        6.979555e-04      
   19.945315      13.140784        1.244065e-03      
   19.945315      13.683002        2.114331e-03      
   19.945315      14.227422        3.436333e-03      
   19.945315      14.772578        5.350010e-03      
   19.945315      15.316998        7.986469e-03      
   19.945315      15.859216        1.143115e-02      
   19.945315      16.397770        1.567672e-02      
   19.945315      16.931207        2.057661e-02      
   19.945315      17.458091        2.581708e-02      
   19.945315      17.977000        3.093843e-02      
   19.945315      18.486536        3.541579e-02      
   19.945315      18.985324        3.876733e-02      
   19.945315      19.472021        4.061753e-02      
   19.945315      19.945315        4.066233e-02      
   19.945315      20.403928        3.886035e-02      
   19.945315      20.846626        3.572770e-02      
   19.945315      21.272215        3.183956e-02      
   19.945315      21.679546        2.763733e-02      
   19.945315      22.067523        2.346791e-02      
   19.945315      22.435100        1.958363e-02      
   19.945315      22.781284        1.613827e-02      
   19.945315      23.105144        1.319756e-02      
   19.945315      23.405806        1.076168e-02      
   19.945315      23.682459        8.789914e-03      
   19.945315      23.934358        7.222419e-03      
   19.945315      24.160824        5.994171e-03      
   19.945315      24.361246        5.043483e-03      
   19.945315      24.535084        4.316588e-03      
   19.945315      24.681869        3.769126e-03      
   19.945315      24.801206        3.366061e-03      
   19.945315      24.892773        3.080927e-03      
   19.945315      24.956326        2.894787e-03      
   19.945315      24.991706        2.795194e-03      
   20.403928      0.001580         -3.054468e-11     
   20.403928      0.008319         -1.609782e-10     
   20.403928      0.020424         -2.988055e-10     
   20.403928      0.037866         -3.635575e-10     
   20.403928      0.060596         -2.643084e-09     
   20.403928      0.088555         8.234866e-09      
   20.403928      0.121667         3.627606e-08      
   20.403928      0.159843         -3.638287e-08     
   20.403928      0.202979         8.468051e-08      
   20.403928      0.250960         -6.896807e-08     
   20.403928      0.303656         -9.392490e-08     
   20.403928      0.360925         -3.294532e-08     
   20.403928      0.422613         1.144054e-08      
   20.403928      0.488552         2.099118e-08      
   20.403928      0.558567         4.949706e-09      
   20.403928      0.632467         -9.681998e-09     
   20.403928      0.710054         -2.935826e-08     
   20.403928      0.791119         -5.027859e-08     
   20.403928      0.875442         -6.785089e-08     
   20.403928      0.962797         -7.150035e-08     
   20.403928      1.052948         -7.455490e-08     
   20.403928      1.145653         -7.178774e-08     
   20.403928      1.240660         -7.416513e-08     
   20.403928      1.337714         -7.953827e-08     
   20.403928      1.436554         -9.230568e-08     
   20.403928      1.536913         -1.047486e-07     
   20.403928      1.638520         -1.145223e-07     
   20.403928      1.741102         -1.132788e-07     
   20.403928      1.844381         -1.019566e-07     
   20.403928      1.948080         -8.146860e-08     
   20.403928      2.051920         -6.095795e-08     
   20.403928      2.155619         -4.699366e-08     
   20.403928      2.258898         -3.878487e-08     
   20.403928      2.361480         -3.132905e-08     
   20.403928      2.463087         -1.681834e-08     
   20.403928      2.563446         9.180621e-09      
   20.403928      2.662286         4.684657e-08      
   20.403928      2.759340         8.863881e-08      
   20.403928      2.854347         1.261957e-07      
   20.403928      2.947052         1.548329e-07      
   20.403928      3.037203         1.759143e-07      
   20.403928      3.124558         1.955238e-07      
   20.403928      3.208881         2.207234e-07      
   20.403928      3.289946         2.567268e-07      
   20.403928      3.367533         3.038475e-07      
   20.403928      3.441433         3.584813e-07      
   20.403928      3.511448         4.149011e-07      
   20.403928      3.577387         4.676913e-07      
   20.403928      3.639075         5.134570e-07      
   20.403928      3.696344         5.512883e-07      
   20.403928      3.749040         5.821944e-07      
   20.403928      3.797021         6.080874e-07      
   20.403928      3.840157         6.308506e-07      
   20.403928      3.878333         6.517694e-07      
   20.403928      3.911445         6.713570e-07      
   20.403928      3.939404         6.894604e-07      
   20.403928      3.962134         7.054998e-07      
   20.403928      3.979576         7.187218e-07      
   20.403928      3.991681         7.284012e-07      
   20.403928      3.998420         7.339756e-07      
   20.403928      4.008294         7.423879e-07      
   20.403928      4.043674         7.749926e-07      
   20.403928      4.107227         8.431067e-07      
   20.403928      4.198794         9.579500e-07      
   20.403928      4.318131         1.111420e-06      
   20.403928      4.464916         1.257011e-06      
   20.403928      4.638754         1.391330e-06      
   20.403928      4.839176         1.661167e-06      
   20.403928      5.065642         2.041826e-06      
   20.403928      5.317541         2.368142e-06      
   20.403928      5.594194         2.877630e-06      
   20.403928      5.894856         3.451531e-06      
   20.403928      6.218716         4.029134e-06      
   20.403928      6.564900         4.737270e-06      
   20.403928      6.932477         5.381733e-06      
   20.403928      7.320454         6.050407e-06      
   20.403928      7.727785         6.456833e-06      
   20.403928      8.153374         6.648487e-06      
   20.403928      8.596072         6.507072e-06      
   20.403928      9.054685         6.230690e-06      
   20.403928      9.527979         6.370591e-06      
   20.403928      10.014676        8.647697e-06      
   20.403928      10.513464        1.686001e-05      
   20.403928      11.023000        3.813765e-05      
   20.403928      11.541909        8.597565e-05      
   20.403928      12.068793        1.833077e-04      
   20.403928      12.602230        3.664740e-04      
   20.403928      13.140784        6.908398e-04      
   20.403928      13.683002        1.234625e-03      
   20.403928      14.227422        2.100298e-03      
   20.403928      14.772578        3.412349e-03      
   20.403928      15.316998        5.304824e-03      
   20.403928      15.859216        7.897682e-03      
   20.403928      16.397770        1.126237e-02      
   20.403928      16.931207        1.537599e-02      
   20.403928      17.458091        2.007930e-02      
   20.403928      17.977000        2.506019e-02      
   20.403928      18.486536        2.988043e-02      
   20.403928      18.985324        3.405581e-02      
   20.403928      19.472021        3.715756e-02      
   20.403928      19.945315        3.886035e-02      
   20.403928      20.403928        3.890750e-02      
   20.403928      20.846626        3.728593e-02      
   20.403928      21.272215        3.446439e-02      
   20.403928      21.679546        3.095826e-02      
   20.403928      22.067523        2.716051e-02      
   20.403928      22.435100        2.337735e-02      
   20.403928      22.781284        1.983121e-02      
   20.403928      23.105144        1.665893e-02      
   20.403928      23.405806        1.392295e-02      
   20.403928      23.682459        1.163054e-02      
   20.403928      23.934358        9.753080e-03      
   20.403928      24.160824        8.243600e-03      
   20.403928      24.361246        7.049041e-03      
   20.403928      24.535084        6.118026e-03      
   20.403928      24.681869        5.405314e-03      
   20.403928      24.801206        4.873545e-03      
   20.403928      24.892773        4.493450e-03      
   20.403928      24.956326        4.243455e-03      
   20.403928      24.991706        4.109066e-03      
   20.846626      0.001580         -4.935876e-10     
   20.846626      0.008319         -2.598282e-09     
   20.846626      0.020424         -6.482588e-09     
   20.846626      0.037866         -1.101066e-08     
   20.846626      0.060596         -1.868519e-08     
   20.846626      0.088555         -1.749951e-08     
   20.846626      0.121667         -2.791186e-09     
   20.846626      0.159843         -8.284534e-08     
   20.846626      0.202979         2.422262e-08      
   20.846626      0.250960         -9.152324e-08     
   20.846626      0.303656         -1.257654e-07     
   20.846626      0.360925         -7.746148e-08     
   20.846626      0.422613         -3.077914e-08     
   20.846626      0.488552         -6.397804e-09     
   20.846626      0.558567         -7.278249e-11     
   20.846626      0.632467         4.538544e-09      
   20.846626      0.710054         -1.497287e-09     
   20.846626      0.791119         -2.028886e-08     
   20.846626      0.875442         -5.095792e-08     
   20.846626      0.962797         -8.349879e-08     
   20.846626      1.052948         -1.222605e-07     
   20.846626      1.145653         -1.535350e-07     
   20.846626      1.240660         -1.765778e-07     
   20.846626      1.337714         -1.842047e-07     
   20.846626      1.436554         -1.822400e-07     
   20.846626      1.536913         -1.745126e-07     
   20.846626      1.638520         -1.721051e-07     
   20.846626      1.741102         -1.764434e-07     
   20.846626      1.844381         -1.867155e-07     
   20.846626      1.948080         -1.932201e-07     
   20.846626      2.051920         -1.905505e-07     
   20.846626      2.155619         -1.772999e-07     
   20.846626      2.258898         -1.576035e-07     
   20.846626      2.361480         -1.415037e-07     
   20.846626      2.463087         -1.368450e-07     
   20.846626      2.563446         -1.447046e-07     
   20.846626      2.662286         -1.569154e-07     
   20.846626      2.759340         -1.636655e-07     
   20.846626      2.854347         -1.570273e-07     
   20.846626      2.947052         -1.354606e-07     
   20.846626      3.037203         -1.044353e-07     
   20.846626      3.124558         -7.317285e-08     
   20.846626      3.208881         -4.956818e-08     
   20.846626      3.289946         -3.576901e-08     
   20.846626      3.367533         -2.877312e-08     
   20.846626      3.441433         -2.238950e-08     
   20.846626      3.511448         -1.070278e-08     
   20.846626      3.577387         9.570497e-09      
   20.846626      3.639075         3.834550e-08      
   20.846626      3.696344         7.284609e-08      
   20.846626      3.749040         1.090445e-07      
   20.846626      3.797021         1.431289e-07      
   20.846626      3.840157         1.724672e-07      
   20.846626      3.878333         1.958967e-07      
   20.846626      3.911445         2.134815e-07      
   20.846626      3.939404         2.260270e-07      
   20.846626      3.962134         2.346029e-07      
   20.846626      3.979576         2.402141e-07      
   20.846626      3.991681         2.436377e-07      
   20.846626      3.998420         2.453854e-07      
   20.846626      4.008294         2.477530e-07      
   20.846626      4.043674         2.546113e-07      
   20.846626      4.107227         2.633303e-07      
   20.846626      4.198794         2.812369e-07      
   20.846626      4.318131         3.426688e-07      
   20.846626      4.464916         4.787375e-07      
   20.846626      4.638754         6.320100e-07      
   20.846626      4.839176         7.507195e-07      
   20.846626      5.065642         9.675911e-07      
   20.846626      5.317541         1.294661e-06      
   20.846626      5.594194         1.593308e-06      
   20.846626      5.894856         2.005435e-06      
   20.846626      6.218716         2.500394e-06      
   20.846626      6.564900         3.054026e-06      
   20.846626      6.932477         3.716842e-06      
   20.846626      7.320454         4.328421e-06      
   20.846626      7.727785         4.937346e-06      
   20.846626      8.153374         5.408407e-06      
   20.846626      8.596072         5.683155e-06      
   20.846626      9.054685         5.631419e-06      
   20.846626      9.527979         5.432007e-06      
   20.846626      10.014676        5.786664e-06      
   20.846626      10.513464        8.214997e-06      
   20.846626      11.023000        1.656896e-05      
   20.846626      11.541909        3.838642e-05      
   20.846626      12.068793        8.709641e-05      
   20.846626      12.602230        1.860530e-04      
   20.846626      13.140784        3.725806e-04      
   20.846626      13.683002        7.022056e-04      
   20.846626      14.227422        1.253383e-03      
   20.846626      14.772578        2.128109e-03      
   20.846626      15.316998        3.446786e-03      
   20.846626      15.859216        5.336478e-03      
   20.846626      16.397770        7.905942e-03      
   20.846626      16.931207        1.120951e-02      
   20.846626      17.458091        1.520712e-02      
   20.846626      17.977000        1.972763e-02      
   20.846626      18.486536        2.445906e-02      
   20.846626      18.985324        2.898631e-02      
   20.846626      19.472021        3.286878e-02      
   20.846626      19.945315        3.572770e-02      
   20.846626      20.403928        3.728593e-02      
   20.846626      20.846626        3.733456e-02      
   20.846626      21.272215        3.588394e-02      
   20.846626      21.679546        3.335614e-02      
   20.846626      22.067523        3.021287e-02      
   20.846626      22.435100        2.680324e-02      
   20.846626      22.781284        2.339398e-02      
   20.846626      23.105144        2.017926e-02      
   20.846626      23.405806        1.728176e-02      
   20.846626      23.682459        1.476111e-02      
   20.846626      23.934358        1.262936e-02      
   20.846626      24.160824        1.086726e-02      
   20.846626      24.361246        9.439184e-03      
   20.846626      24.535084        8.303755e-03      
   20.846626      24.681869        7.420183e-03      
   20.846626      24.801206        6.752122e-03      
   20.846626      24.892773        6.269630e-03      
   20.846626      24.956326        5.949878e-03      
   20.846626      24.991706        5.777165e-03      
   21.272215      0.001580         3.899169e-10      
   21.272215      0.008319         2.054352e-09      
   21.272215      0.020424         5.061850e-09      
   21.272215      0.037866         9.472815e-09      
   21.272215      0.060596         1.515585e-08      
   21.272215      0.088555         2.655198e-08      
   21.272215      0.121667         4.932813e-08      
   21.272215      0.159843         -8.136403e-09     
   21.272215      0.202979         9.110458e-08      
   21.272215      0.250960         1.096939e-08      
   21.272215      0.303656         -3.494829e-08     
   21.272215      0.360925         -2.045453e-08     
   21.272215      0.422613         -1.278612e-08     
   21.272215      0.488552         -2.978694e-08     
   21.272215      0.558567         -6.345798e-08     
   21.272215      0.632467         -9.412547e-08     
   21.272215      0.710054         -1.194727e-07     
   21.272215      0.791119         -1.350521e-07     
   21.272215      0.875442         -1.390236e-07     
   21.272215      0.962797         -1.289674e-07     
   21.272215      1.052948         -1.198797e-07     
   21.272215      1.145653         -1.146660e-07     
   21.272215      1.240660         -1.230758e-07     
   21.272215      1.337714         -1.410191e-07     
   21.272215      1.436554         -1.647885e-07     
   21.272215      1.536913         -1.828729e-07     
   21.272215      1.638520         -1.913348e-07     
   21.272215      1.741102         -1.878505e-07     
   21.272215      1.844381         -1.803947e-07     
   21.272215      1.948080         -1.768593e-07     
   21.272215      2.051920         -1.855226e-07     
   21.272215      2.155619         -2.058389e-07     
   21.272215      2.258898         -2.282843e-07     
   21.272215      2.361480         -2.421617e-07     
   21.272215      2.463087         -2.407901e-07     
   21.272215      2.563446         -2.263111e-07     
   21.272215      2.662286         -2.072435e-07     
   21.272215      2.759340         -1.954266e-07     
   21.272215      2.854347         -1.969061e-07     
   21.272215      2.947052         -2.086653e-07     
   21.272215      3.037203         -2.211138e-07     
   21.272215      3.124558         -2.242034e-07     
   21.272215      3.208881         -2.130454e-07     
   21.272215      3.289946         -1.895846e-07     
   21.272215      3.367533         -1.617174e-07     
   21.272215      3.441433         -1.385983e-07     
   21.272215      3.511448         -1.263555e-07     
   21.272215      3.577387         -1.258262e-07     
   21.272215      3.639075         -1.332508e-07     
   21.272215      3.696344         -1.428914e-07     
   21.272215      3.749040         -1.497522e-07     
   21.272215      3.797021         -1.511130e-07     
   21.272215      3.840157         -1.466560e-07     
   21.272215      3.878333         -1.377082e-07     
   21.272215      3.911445         -1.262751e-07     
   21.272215      3.939404         -1.143033e-07     
   21.272215      3.962134         -1.033053e-07     
   21.272215      3.979576         -9.427858e-08     
   21.272215      3.991681         -8.779178e-08     
   21.272215      3.998420         -8.412184e-08     
   21.272215      4.008294         -7.869028e-08     
   21.272215      4.043674         -5.906074e-08     
   21.272215      4.107227         -2.596700e-08     
   21.272215      4.198794         8.993740e-09      
   21.272215      4.318131         3.030250e-08      
   21.272215      4.464916         5.474192e-08      
   21.272215      4.638754         1.383069e-07      
   21.272215      4.839176         2.795191e-07      
   21.272215      5.065642         4.017277e-07      
   21.272215      5.317541         5.483238e-07      
   21.272215      5.594194         7.977061e-07      
   21.272215      5.894856         1.067465e-06      
   21.272215      6.218716         1.432299e-06      
   21.272215      6.564900         1.877764e-06      
   21.272215      6.932477         2.359464e-06      
   21.272215      7.320454         2.932502e-06      
   21.272215      7.727785         3.532903e-06      
   21.272215      8.153374         4.134371e-06      
   21.272215      8.596072         4.591418e-06      
   21.272215      9.054685         4.849582e-06      
   21.272215      9.527979         4.910240e-06      
   21.272215      10.014676        4.807458e-06      
   21.272215      10.513464        5.279278e-06      
   21.272215      11.023000        8.142551e-06      
   21.272215      11.541909        1.721598e-05      
   21.272215      12.068793        4.032493e-05      
   21.272215      12.602230        9.176472e-05      
   21.272215      13.140784        1.955073e-04      
   21.272215      13.683002        3.899796e-04      
   21.272215      14.227422        7.323888e-04      
   21.272215      14.772578        1.301389e-03      
   21.272215      15.316998        2.198057e-03      
   21.272215      15.859216        3.539747e-03      
   21.272215      16.397770        5.444645e-03      
   21.272215      16.931207        8.008206e-03      
   21.272215      17.458091        1.126764e-02      
   21.272215      17.977000        1.516266e-02      
   21.272215      18.486536        1.950959e-02      
   21.272215      18.985324        2.400033e-02      
   21.272215      19.472021        2.824263e-02      
   21.272215      19.945315        3.183956e-02      
   21.272215      20.403928        3.446439e-02      
   21.272215      20.846626        3.588394e-02      
   21.272215      21.272215        3.593181e-02      
   21.272215      21.679546        3.464190e-02      
   21.272215      22.067523        3.239326e-02      
   21.272215      22.435100        2.959447e-02      
   21.272215      22.781284        2.655401e-02      
   21.272215      23.105144        2.350570e-02      
   21.272215      23.405806        2.061876e-02      
   21.272215      23.682459        1.800095e-02      
   21.272215      23.934358        1.570746e-02      
   21.272215      24.160824        1.375445e-02      
   21.272215      24.361246        1.213179e-02      
   21.272215      24.535084        1.081443e-02      
   21.272215      24.681869        9.771445e-03      
   21.272215      24.801206        8.971821e-03      
   21.272215      24.892773        8.388062e-03      
   21.272215      24.956326        7.998163e-03      
   21.272215      24.991706        7.786514e-03      
   21.679546      0.001580         -1.087572e-09     
   21.679546      0.008319         -5.727051e-09     
   21.679546      0.020424         -1.398817e-08     
   21.679546      0.037866         -2.614521e-08     
   21.679546      0.060596         -4.011475e-08     
   21.679546      0.088555         -5.554580e-08     
   21.679546      0.121667         -6.364048e-08     
   21.679546      0.159843         -1.317390e-07     
   21.679546      0.202979         -7.165143e-08     
   21.679546      0.250960         -1.366606e-07     
   21.679546      0.303656         -1.809441e-07     
   21.679546      0.360925         -1.605516e-07     
   21.679546      0.422613         -1.274403e-07     
   21.679546      0.488552         -1.014727e-07     
   21.679546      0.558567         -8.335222e-08     
   21.679546      0.632467         -6.731230e-08     
   21.679546      0.710054         -6.006122e-08     
   21.679546      0.791119         -6.474575e-08     
   21.679546      0.875442         -8.071420e-08     
   21.679546      0.962797         -9.949570e-08     
   21.679546      1.052948         -1.206038e-07     
   21.679546      1.145653         -1.328623e-07     
   21.679546      1.240660         -1.357870e-07     
   21.679546      1.337714         -1.279917e-07     
   21.679546      1.436554         -1.187793e-07     
   21.679546      1.536913         -1.157727e-07     
   21.679546      1.638520         -1.278775e-07     
   21.679546      1.741102         -1.527048e-07     
   21.679546      1.844381         -1.827941e-07     
   21.679546      1.948080         -2.048551e-07     
   21.679546      2.051920         -2.122286e-07     
   21.679546      2.155619         -2.063429e-07     
   21.679546      2.258898         -1.960287e-07     
   21.679546      2.361480         -1.934152e-07     
   21.679546      2.463087         -2.043856e-07     
   21.679546      2.563446         -2.247741e-07     
   21.679546      2.662286         -2.421494e-07     
   21.679546      2.759340         -2.460895e-07     
   21.679546      2.854347         -2.339498e-07     
   21.679546      2.947052         -2.131345e-07     
   21.679546      3.037203         -1.967246e-07     
   21.679546      3.124558         -1.952220e-07     
   21.679546      3.208881         -2.099908e-07     
   21.679546      3.289946         -2.325741e-07     
   21.679546      3.367533         -2.512172e-07     
   21.679546      3.441433         -2.576502e-07     
   21.679546      3.511448         -2.506898e-07     
   21.679546      3.577387         -2.349394e-07     
   21.679546      3.639075         -2.169962e-07     
   21.679546      3.696344         -2.021059e-07     
   21.679546      3.749040         -1.927306e-07     
   21.679546      3.797021         -1.888380e-07     
   21.679546      3.840157         -1.889828e-07     
   21.679546      3.878333         -1.913659e-07     
   21.679546      3.911445         -1.944925e-07     
   21.679546      3.939404         -1.974128e-07     
   21.679546      3.962134         -1.996877e-07     
   21.679546      3.979576         -2.012341e-07     
   21.679546      3.991681         -2.021546e-07     
   21.679546      3.998420         -2.026010e-07     
   21.679546      4.008294         -2.031584e-07     
   21.679546      4.043674         -2.040370e-07     
   21.679546      4.107227         -2.001702e-07     
   21.679546      4.198794         -1.810875e-07     
   21.679546      4.318131         -1.394757e-07     
   21.679546      4.464916         -8.867632e-08     
   21.679546      4.638754         -5.533501e-08     
   21.679546      4.839176         -2.235994e-08     
   21.679546      5.065642         6.321721e-08      
   21.679546      5.317541         1.767777e-07      
   21.679546      5.594194         2.994878e-07      
   21.679546      5.894856         5.084685e-07      
   21.679546      6.218716         7.503157e-07      
   21.679546      6.564900         1.042261e-06      
   21.679546      6.932477         1.419225e-06      
   21.679546      7.320454         1.871426e-06      
   21.679546      7.727785         2.411395e-06      
   21.679546      8.153374         2.955372e-06      
   21.679546      8.596072         3.489846e-06      
   21.679546      9.054685         3.963281e-06      
   21.679546      9.527979         4.216885e-06      
   21.679546      10.014676        4.258721e-06      
   21.679546      10.513464        4.301782e-06      
   21.679546      11.023000        5.063820e-06      
   21.679546      11.541909        8.445941e-06      
   21.679546      12.068793        1.875963e-05      
   21.679546      12.602230        4.433336e-05      
   21.679546      13.140784        1.002663e-04      
   21.679546      13.683002        2.122269e-04      
   21.679546      14.227422        4.202063e-04      
   21.679546      14.772578        7.829411e-04      
   21.679546      15.316998        1.380678e-03      
   21.679546      15.859216        2.313243e-03      
   21.679546      16.397770        3.693486e-03      
   21.679546      16.931207        5.631099e-03      
   21.679546      17.458091        8.205455e-03      
   21.679546      17.977000        1.143367e-02      
   21.679546      18.486536        1.523667e-02      
   21.679546      18.985324        1.941745e-02      
   21.679546      19.472021        2.367237e-02      
   21.679546      19.945315        2.763733e-02      
   21.679546      20.403928        3.095826e-02      
   21.679546      20.846626        3.335614e-02      
   21.679546      21.272215        3.464190e-02      
   21.679546      21.679546        3.468955e-02      
   21.679546      22.067523        3.355024e-02      
   21.679546      22.435100        3.156270e-02      
   21.679546      22.781284        2.908932e-02      
   21.679546      23.105144        2.640188e-02      
   21.679546      23.405806        2.370252e-02      
   21.679546      23.682459        2.113740e-02      
   21.679546      23.934358        1.880229e-02      
   21.679546      24.160824        1.674921e-02      
   21.679546      24.361246        1.499709e-02      
   21.679546      24.535084        1.354265e-02      
   21.679546      24.681869        1.236977e-02      
   21.679546      24.801206        1.145708e-02      
   21.679546      24.892773        1.078301e-02      
   21.679546      24.956326        1.032901e-02      
   21.679546      24.991706        1.008127e-02      
   22.067523      0.001580         6.104863e-10      
   22.067523      0.008319         3.214361e-09      
   22.067523      0.020424         7.820674e-09      
   22.067523      0.037866         1.417227e-08      
   22.067523      0.060596         2.358752e-08      
   22.067523      0.088555         3.348797e-08      
   22.067523      0.121667         5.047235e-08      
   22.067523      0.159843         2.515403e-08      
   22.067523      0.202979         9.172585e-08      
   22.067523      0.250960         6.335440e-08      
   22.067523      0.303656         2.666653e-08      
   22.067523      0.360925         2.902597e-08      
   22.067523      0.422613         3.037337e-08      
   22.067523      0.488552         1.537244e-08      
   22.067523      0.558567         -1.130366e-08     
   22.067523      0.632467         -3.733004e-08     
   22.067523      0.710054         -5.844856e-08     
   22.067523      0.791119         -7.090400e-08     
   22.067523      0.875442         -7.362396e-08     
   22.067523      0.962797         -6.645294e-08     
   22.067523      1.052948         -6.118628e-08     
   22.067523      1.145653         -6.206781e-08     
   22.067523      1.240660         -7.631604e-08     
   22.067523      1.337714         -9.997633e-08     
   22.067523      1.436554         -1.272337e-07     
   22.067523      1.536913         -1.466693e-07     
   22.067523      1.638520         -1.534346e-07     
   22.067523      1.741102         -1.469785e-07     
   22.067523      1.844381         -1.366285e-07     
   22.067523      1.948080         -1.325722e-07     
   22.067523      2.051920         -1.428030e-07     
   22.067523      2.155619         -1.649275e-07     
   22.067523      2.258898         -1.872110e-07     
   22.067523      2.361480         -1.978169e-07     
   22.067523      2.463087         -1.924341e-07     
   22.067523      2.563446         -1.784637e-07     
   22.067523      2.662286         -1.696941e-07     
   22.067523      2.759340         -1.777290e-07     
   22.067523      2.854347         -2.017256e-07     
   22.067523      2.947052         -2.289257e-07     
   22.067523      3.037203         -2.445886e-07     
   22.067523      3.124558         -2.427127e-07     
   22.067523      3.208881         -2.287963e-07     
   22.067523      3.289946         -2.136904e-07     
   22.067523      3.367533         -2.062096e-07     
   22.067523      3.441433         -2.087720e-07     
   22.067523      3.511448         -2.183728e-07     
   22.067523      3.577387         -2.298978e-07     
   22.067523      3.639075         -2.390524e-07     
   22.067523      3.696344         -2.436677e-07     
   22.067523      3.749040         -2.435894e-07     
   22.067523      3.797021         -2.399012e-07     
   22.067523      3.840157         -2.341095e-07     
   22.067523      3.878333         -2.275902e-07     
   22.067523      3.911445         -2.213365e-07     
   22.067523      3.939404         -2.159281e-07     
   22.067523      3.962134         -2.116143e-07     
   22.067523      3.979576         -2.084330e-07     
   22.067523      3.991681         -2.063188e-07     
   22.067523      3.998420         -2.051813e-07     
   22.067523      4.008294         -2.035717e-07     
   22.067523      4.043674         -1.984502e-07     
   22.067523      4.107227         -1.922843e-07     
   22.067523      4.198794         -1.904829e-07     
   22.067523      4.318131         -1.954668e-07     
   22.067523      4.464916         -1.953761e-07     
   22.067523      4.638754         -1.706437e-07     
   22.067523      4.839176         -1.289106e-07     
   22.067523      5.065642         -9.540706e-08     
   22.067523      5.317541         -3.934785e-08     
   22.067523      5.594194         6.459335e-08      
   22.067523      5.894856         1.682147e-07      
   22.067523      6.218716         3.181714e-07      
   22.067523      6.564900         5.230428e-07      
   22.067523      6.932477         7.906499e-07      
   22.067523      7.320454         1.143562e-06      
   22.067523      7.727785         1.541060e-06      
   22.067523      8.153374         2.014010e-06      
   22.067523      8.596072         2.540284e-06      
   22.067523      9.054685         3.040240e-06      
   22.067523      9.527979         3.443589e-06      
   22.067523      10.014676        3.689541e-06      
   22.067523      10.513464        3.800750e-06      
   22.067523      11.023000        3.943098e-06      
   22.067523      11.541909        5.038873e-06      
   22.067523      12.068793        9.324878e-06      
   22.067523      12.602230        2.142291e-05      
   22.067523      13.140784        5.068484e-05      
   22.067523      13.683002        1.136720e-04      
   22.067523      14.227422        2.376271e-04      
   22.067523      14.772578        4.651536e-04      
   22.067523      15.316998        8.572917e-04      
   22.067523      15.859216        1.495195e-03      
   22.067523      16.397770        2.478250e-03      
   22.067523      16.931207        3.913825e-03      
   22.067523      17.458091        5.899969e-03      
   22.067523      17.977000        8.499735e-03      
   22.067523      18.486536        1.170818e-02      
   22.067523      18.985324        1.542501e-02      
   22.067523      19.472021        1.944380e-02      
   22.067523      19.945315        2.346791e-02      
   22.067523      20.403928        2.716051e-02      
   22.067523      20.846626        3.021287e-02      
   22.067523      21.272215        3.239326e-02      
   22.067523      21.679546        3.355024e-02      
   22.067523      22.067523        3.359439e-02      
   22.067523      22.435100        3.259487e-02      
   22.067523      22.781284        3.085305e-02      
   22.067523      23.105144        2.868579e-02      
   22.067523      23.405806        2.633139e-02      
   22.067523      23.682459        2.396672e-02      
   22.067523      23.934358        2.171887e-02      
   22.067523      24.160824        1.967181e-02      
   22.067523      24.361246        1.787316e-02      
   22.067523      24.535084        1.634341e-02      
   22.067523      24.681869        1.508514e-02      
   22.067523      24.801206        1.409056e-02      
   22.067523      24.892773        1.334723e-02      
   22.067523      24.956326        1.284231e-02      
   22.067523      24.991706        1.256531e-02      
   22.435100      0.001580         -4.978285e-10     
   22.435100      0.008319         -2.621158e-09     
   22.435100      0.020424         -6.425314e-09     
   22.435100      0.037866         -1.195844e-08     
   22.435100      0.060596         -1.832727e-08     
   22.435100      0.088555         -2.721213e-08     
   22.435100      0.121667         -3.234690e-08     
   22.435100      0.159843         -6.365170e-08     
   22.435100      0.202979         -2.705519e-08     
   22.435100      0.250960         -4.818682e-08     
   22.435100      0.303656         -7.745107e-08     
   22.435100      0.360925         -6.451561e-08     
   22.435100      0.422613         -3.908666e-08     
   22.435100      0.488552         -1.722667e-08     
   22.435100      0.558567         -1.085666e-09     
   22.435100      0.632467         1.093024e-08      
   22.435100      0.710054         1.453246e-08      
   22.435100      0.791119         6.721908e-09      
   22.435100      0.875442         -1.255375e-08     
   22.435100      0.962797         -3.732266e-08     
   22.435100      1.052948         -6.532424e-08     
   22.435100      1.145653         -8.665591e-08     
   22.435100      1.240660         -9.814787e-08     
   22.435100      1.337714         -9.720842e-08     
   22.435100      1.436554         -9.028932e-08     
   22.435100      1.536913         -8.497716e-08     
   22.435100      1.638520         -9.043566e-08     
   22.435100      1.741102         -1.067473e-07     
   22.435100      1.844381         -1.275081e-07     
   22.435100      1.948080         -1.405188e-07     
   22.435100      2.051920         -1.392729e-07     
   22.435100      2.155619         -1.268511e-07     
   22.435100      2.258898         -1.152772e-07     
   22.435100      2.361480         -1.184372e-07     
   22.435100      2.463087         -1.399076e-07     
   22.435100      2.563446         -1.690815e-07     
   22.435100      2.662286         -1.887189e-07     
   22.435100      2.759340         -1.903849e-07     
   22.435100      2.854347         -1.796377e-07     
   22.435100      2.947052         -1.697485e-07     
   22.435100      3.037203         -1.704458e-07     
   22.435100      3.124558         -1.821174e-07     
   22.435100      3.208881         -1.982227e-07     
   22.435100      3.289946         -2.110073e-07     
   22.435100      3.367533         -2.162815e-07     
   22.435100      3.441433         -2.140454e-07     
   22.435100      3.511448         -2.070566e-07     
   22.435100      3.577387         -1.987783e-07     
   22.435100      3.639075         -1.919240e-07     
   22.435100      3.696344         -1.878864e-07     
   22.435100      3.749040         -1.868439e-07     
   22.435100      3.797021         -1.881950e-07     
   22.435100      3.840157         -1.910312e-07     
   22.435100      3.878333         -1.944838e-07     
   22.435100      3.911445         -1.979026e-07     
   22.435100      3.939404         -2.008948e-07     
   22.435100      3.962134         -2.032836e-07     
   22.435100      3.979576         -2.050357e-07     
   22.435100      3.991681         -2.061907e-07     
   22.435100      3.998420         -2.068074e-07     
   22.435100      4.008294         -2.076729e-07     
   22.435100      4.043674         -2.103345e-07     
   22.435100      4.107227         -2.129910e-07     
   22.435100      4.198794         -2.115696e-07     
   22.435100      4.318131         -2.032000e-07     
   22.435100      4.464916         -1.927457e-07     
   22.435100      4.638754         -1.901420e-07     
   22.435100      4.839176         -1.866161e-07     
   22.435100      5.065642         -1.559991e-07     
   22.435100      5.317541         -1.132033e-07     
   22.435100      5.594194         -7.982891e-08     
   22.435100      5.894856         -1.335703e-08     
   22.435100      6.218716         7.761645e-08      
   22.435100      6.564900         2.113782e-07      
   22.435100      6.932477         4.068361e-07      
   22.435100      7.320454         6.350835e-07      
   22.435100      7.727785         9.398082e-07      
   22.435100      8.153374         1.318348e-06      
   22.435100      8.596072         1.766203e-06      
   22.435100      9.054685         2.228169e-06      
   22.435100      9.527979         2.678490e-06      
   22.435100      10.014676        3.088077e-06      
   22.435100      10.513464        3.305506e-06      
   22.435100      11.023000        3.406213e-06      
   22.435100      11.541909        3.771832e-06      
   22.435100      12.068793        5.347075e-06      
   22.435100      12.602230        1.079724e-05      
   22.435100      13.140784        2.569856e-05      
   22.435100      13.683002        6.031324e-05      
   22.435100      14.227422        1.330947e-04      
   22.435100      14.772578        2.740769e-04      
   22.435100      15.316998        5.283170e-04      
   22.435100      15.859216        9.598618e-04      
   22.435100      16.397770        1.651602e-03      
   22.435100      16.931207        2.700479e-03      
   22.435100      17.458091        4.207738e-03      
   22.435100      17.977000        6.258656e-03      
   22.435100      18.486536        8.895685e-03      
   22.435100      18.985324        1.209168e-02      
   22.435100      19.472021        1.572660e-02      
   22.435100      19.945315        1.958363e-02      
   22.435100      20.403928        2.337735e-02      
   22.435100      20.846626        2.680324e-02      
   22.435100      21.272215        2.959447e-02      
   22.435100      21.679546        3.156270e-02      
   22.435100      22.067523        3.259487e-02      
   22.435100      22.435100        3.263487e-02      
   22.435100      22.781284        3.176332e-02      
   22.435100      23.105144        3.024732e-02      
   22.435100      23.405806        2.836541e-02      
   22.435100      23.682459        2.632679e-02      
   22.435100      23.934358        2.428455e-02      
   22.435100      24.160824        2.234789e-02      
   22.435100      24.361246        2.059026e-02      
   22.435100      24.535084        1.905617e-02      
   22.435100      24.681869        1.776795e-02      
   22.435100      24.801206        1.673286e-02      
   22.435100      24.892773        1.594948e-02      
   22.435100      24.956326        1.541254e-02      
   22.435100      24.991706        1.511631e-02      
   22.781284      0.001580         2.169450e-10      
   22.781284      0.008319         1.142719e-09      
   22.781284      0.020424         2.833043e-09      
   22.781284      0.037866         5.234896e-09      
   22.781284      0.060596         8.182664e-09      
   22.781284      0.088555         1.024409e-08      
   22.781284      0.121667         1.475770e-08      
   22.781284      0.159843         3.916491e-09      
   22.781284      0.202979         3.656164e-08      
   22.781284      0.250960         2.966042e-08      
   22.781284      0.303656         2.916327e-09      
   22.781284      0.360925         2.510000e-09      
   22.781284      0.422613         6.198644e-09      
   22.781284      0.488552         1.167695e-09      
   22.781284      0.558567         -1.178487e-08     
   22.781284      0.632467         -2.691191e-08     
   22.781284      0.710054         -4.114899e-08     
   22.781284      0.791119         -5.138635e-08     
   22.781284      0.875442         -5.519888e-08     
   22.781284      0.962797         -5.041350e-08     
   22.781284      1.052948         -4.321508e-08     
   22.781284      1.145653         -3.693354e-08     
   22.781284      1.240660         -3.889600e-08     
   22.781284      1.337714         -5.002717e-08     
   22.781284      1.436554         -6.838271e-08     
   22.781284      1.536913         -8.506817e-08     
   22.781284      1.638520         -9.305108e-08     
   22.781284      1.741102         -8.872968e-08     
   22.781284      1.844381         -7.860876e-08     
   22.781284      1.948080         -7.373012e-08     
   22.781284      2.051920         -8.401690e-08     
   22.781284      2.155619         -1.075799e-07     
   22.781284      2.258898         -1.304907e-07     
   22.781284      2.361480         -1.391304e-07     
   22.781284      2.463087         -1.319732e-07     
   22.781284      2.563446         -1.206293e-07     
   22.781284      2.662286         -1.179281e-07     
   22.781284      2.759340         -1.281307e-07     
   22.781284      2.854347         -1.450650e-07     
   22.781284      2.947052         -1.592665e-07     
   22.781284      3.037203         -1.650313e-07     
   22.781284      3.124558         -1.626102e-07     
   22.781284      3.208881         -1.562470e-07     
   22.781284      3.289946         -1.506825e-07     
   22.781284      3.367533         -1.491243e-07     
   22.781284      3.441433         -1.522507e-07     
   22.781284      3.511448         -1.587832e-07     
   22.781284      3.577387         -1.666084e-07     
   22.781284      3.639075         -1.738127e-07     
   22.781284      3.696344         -1.792403e-07     
   22.781284      3.749040         -1.825541e-07     
   22.781284      3.797021         -1.839992e-07     
   22.781284      3.840157         -1.840959e-07     
   22.781284      3.878333         -1.833977e-07     
   22.781284      3.911445         -1.823568e-07     
   22.781284      3.939404         -1.812805e-07     
   22.781284      3.962134         -1.803426e-07     
   22.781284      3.979576         -1.796194e-07     
   22.781284      3.991681         -1.791288e-07     
   22.781284      3.998420         -1.788628e-07     
   22.781284      4.008294         -1.784853e-07     
   22.781284      4.043674         -1.773022e-07     
   22.781284      4.107227         -1.761780e-07     
   22.781284      4.198794         -1.775031e-07     
   22.781284      4.318131         -1.835000e-07     
   22.781284      4.464916         -1.900304e-07     
   22.781284      4.638754         -1.858728e-07     
   22.781284      4.839176         -1.712803e-07     
   22.781284      5.065642         -1.650149e-07     
   22.781284      5.317541         -1.614282e-07     
   22.781284      5.594194         -1.345125e-07     
   22.781284      5.894856         -1.024429e-07     
   22.781284      6.218716         -4.551006e-08     
   22.781284      6.564900         4.740732e-08      
   22.781284      6.932477         1.560309e-07      
   22.781284      7.320454         3.212812e-07      
   22.781284      7.727785         5.370439e-07      
   22.781284      8.153374         8.330791e-07      
   22.781284      8.596072         1.171232e-06      
   22.781284      9.054685         1.573176e-06      
   22.781284      9.527979         2.033468e-06      
   22.781284      10.014676        2.455141e-06      
   22.781284      10.513464        2.790320e-06      
   22.781284      11.023000        3.014439e-06      
   22.781284      11.541909        3.169072e-06      
   22.781284      12.068793        3.717549e-06      
   22.781284      12.602230        6.088441e-06      
   22.781284      13.140784        1.338340e-05      
   22.781284      13.683002        3.208020e-05      
   22.781284      14.227422        7.438306e-05      
   22.781284      14.772578        1.608720e-04      
   22.781284      15.316998        3.246420e-04      
   22.781284      15.859216        6.148141e-04      
   22.781284      16.397770        1.097930e-03      
   22.781284      16.931207        1.857999e-03      
   22.781284      17.458091        2.990036e-03      
   22.781284      17.977000        4.585828e-03      
   22.781284      18.486536        6.715262e-03      
   22.781284      18.985324        9.400121e-03      
   22.781284      19.472021        1.258763e-02      
   22.781284      19.945315        1.613827e-02      
   22.781284      20.403928        1.983121e-02      
   22.781284      20.846626        2.339398e-02      
   22.781284      21.272215        2.655401e-02      
   22.781284      21.679546        2.908932e-02      
   22.781284      22.067523        3.085305e-02      
   22.781284      22.435100        3.176332e-02      
   22.781284      22.781284        3.179348e-02      
   22.781284      23.105144        3.103686e-02      
   22.781284      23.405806        2.973026e-02      
   22.781284      23.682459        2.811512e-02      
   22.781284      23.934358        2.637292e-02      
   22.781284      24.160824        2.463677e-02      
   22.781284      24.361246        2.300239e-02      
   22.781284      24.535084        2.153464e-02      
   22.781284      24.681869        2.027406e-02      
   22.781284      24.801206        1.924324e-02      
   22.781284      24.892773        1.845266e-02      
   22.781284      24.956326        1.790561e-02      
   22.781284      24.991706        1.760200e-02      
   23.105144      0.001580         -4.966056e-11     
   23.105144      0.008319         -2.619774e-10     
   23.105144      0.020424         -6.492526e-10     
   23.105144      0.037866         -1.082864e-09     
   23.105144      0.060596         -2.242766e-09     
   23.105144      0.088555         -4.940473e-09     
   23.105144      0.121667         -7.601179e-09     
   23.105144      0.159843         -1.832630e-08     
   23.105144      0.202979         -2.518109e-09     
   23.105144      0.250960         -9.997674e-09     
   23.105144      0.303656         -3.841638e-08     
   23.105144      0.360925         -4.448596e-08     
   23.105144      0.422613         -4.277491e-08     
   23.105144      0.488552         -4.288430e-08     
   23.105144      0.558567         -4.386582e-08     
   23.105144      0.632467         -4.210757e-08     
   23.105144      0.710054         -3.728639e-08     
   23.105144      0.791119         -3.110112e-08     
   23.105144      0.875442         -2.661714e-08     
   23.105144      0.962797         -2.561547e-08     
   23.105144      1.052948         -3.217219e-08     
   23.105144      1.145653         -4.233335e-08     
   23.105144      1.240660         -5.199712e-08     
   23.105144      1.337714         -5.444183e-08     
   23.105144      1.436554         -4.918341e-08     
   23.105144      1.536913         -4.030587e-08     
   23.105144      1.638520         -3.810574e-08     
   23.105144      1.741102         -4.891316e-08     
   23.105144      1.844381         -7.053841e-08     
   23.105144      1.948080         -9.004875e-08     
   23.105144      2.051920         -9.648998e-08     
   23.105144      2.155619         -9.024958e-08     
   23.105144      2.258898         -8.223613e-08     
   23.105144      2.361480         -8.343788e-08     
   23.105144      2.463087         -9.499872e-08     
   23.105144      2.563446         -1.095055e-07     
   23.105144      2.662286         -1.182305e-07     
   23.105144      2.759340         -1.183002e-07     
   23.105144      2.854347         -1.126616e-07     
   23.105144      2.947052         -1.069210e-07     
   23.105144      3.037203         -1.055467e-07     
   23.105144      3.124558         -1.098112e-07     
   23.105144      3.208881         -1.180548e-07     
   23.105144      3.289946         -1.271692e-07     
   23.105144      3.367533         -1.346314e-07     
   23.105144      3.441433         -1.392429e-07     
   23.105144      3.511448         -1.411403e-07     
   23.105144      3.577387         -1.412427e-07     
   23.105144      3.639075         -1.406460e-07     
   23.105144      3.696344         -1.402148e-07     
   23.105144      3.749040         -1.404205e-07     
   23.105144      3.797021         -1.413652e-07     
   23.105144      3.840157         -1.429020e-07     
   23.105144      3.878333         -1.447730e-07     
   23.105144      3.911445         -1.467158e-07     
   23.105144      3.939404         -1.485230e-07     
   23.105144      3.962134         -1.500601e-07     
   23.105144      3.979576         -1.512564e-07     
   23.105144      3.991681         -1.520855e-07     
   23.105144      3.998420         -1.525442e-07     
   23.105144      4.008294         -1.532100e-07     
   23.105144      4.043674         -1.554927e-07     
   23.105144      4.107227         -1.588699e-07     
   23.105144      4.198794         -1.612335e-07     
   23.105144      4.318131         -1.596739e-07     
   23.105144      4.464916         -1.545240e-07     
   23.105144      4.638754         -1.534261e-07     
   23.105144      4.839176         -1.613870e-07     
   23.105144      5.065642         -1.654740e-07     
   23.105144      5.317541         -1.590216e-07     
   23.105144      5.594194         -1.550579e-07     
   23.105144      5.894856         -1.341239e-07     
   23.105144      6.218716         -9.429446e-08     
   23.105144      6.564900         -5.309766e-08     
   23.105144      6.932477         2.178269e-08      
   23.105144      7.320454         1.251103e-07      
   23.105144      7.727785         2.907178e-07      
   23.105144      8.153374         4.876340e-07      
   23.105144      8.596072         7.519491e-07      
   23.105144      9.054685         1.089990e-06      
   23.105144      9.527979         1.489434e-06      
   23.105144      10.014676        1.899128e-06      
   23.105144      10.513464        2.286163e-06      
   23.105144      11.023000        2.606258e-06      
   23.105144      11.541909        2.773438e-06      
   23.105144      12.068793        3.008112e-06      
   23.105144      12.602230        4.016487e-06      
   23.105144      13.140784        7.475603e-06      
   23.105144      13.683002        1.744260e-05      
   23.105144      14.227422        4.180582e-05      
   23.105144      14.772578        9.466366e-05      
   23.105144      15.316998        2.000084e-04      
   23.105144      15.859216        3.946938e-04      
   23.105144      16.397770        7.314771e-04      
   23.105144      16.931207        1.280678e-03      
   23.105144      17.458091        2.126505e-03      
   23.105144      17.977000        3.359183e-03      
   23.105144      18.486536        5.060628e-03      
   23.105144      18.985324        7.281820e-03      
   23.105144      19.472021        1.001949e-02      
   23.105144      19.945315        1.319756e-02      
   23.105144      20.403928        1.665893e-02      
   23.105144      20.846626        2.017926e-02      
   23.105144      21.272215        2.350570e-02      
   23.105144      21.679546        2.640188e-02      
   23.105144      22.067523        2.868579e-02      
   23.105144      22.435100        3.024732e-02      
   23.105144      22.781284        3.103686e-02      
   23.105144      23.105144        3.105509e-02      
   23.105144      23.405806        3.040242e-02      
   23.105144      23.682459        2.928632e-02      
   23.105144      23.934358        2.791620e-02      
   23.105144      24.160824        2.645134e-02      
   23.105144      24.361246        2.500720e-02      
   23.105144      24.535084        2.366638e-02      
   23.105144      24.681869        2.248545e-02      
   23.105144      24.801206        2.150086e-02      
   23.105144      24.892773        2.073458e-02      
   23.105144      24.956326        2.019882e-02      
   23.105144      24.991706        1.989954e-02      
   23.405806      0.001580         -5.629578e-10     
   23.405806      0.008319         -2.964236e-09     
   23.405806      0.020424         -7.281129e-09     
   23.405806      0.037866         -1.325579e-08     
   23.405806      0.060596         -2.132210e-08     
   23.405806      0.088555         -3.150821e-08     
   23.405806      0.121667         -4.261949e-08     
   23.405806      0.159843         -5.498733e-08     
   23.405806      0.202979         -4.930269e-08     
   23.405806      0.250960         -5.074967e-08     
   23.405806      0.303656         -6.705510e-08     
   23.405806      0.360925         -5.971059e-08     
   23.405806      0.422613         -4.050967e-08     
   23.405806      0.488552         -2.132750e-08     
   23.405806      0.558567         -6.879222e-09     
   23.405806      0.632467         3.605187e-10      
   23.405806      0.710054         -1.777876e-09     
   23.405806      0.791119         -1.272061e-08     
   23.405806      0.875442         -2.807471e-08     
   23.405806      0.962797         -3.990672e-08     
   23.405806      1.052948         -4.439892e-08     
   23.405806      1.145653         -3.842690e-08     
   23.405806      1.240660         -2.765404e-08     
   23.405806      1.337714         -2.035147e-08     
   23.405806      1.436554         -2.507346e-08     
   23.405806      1.536913         -4.043041e-08     
   23.405806      1.638520         -5.736409e-08     
   23.405806      1.741102         -6.453683e-08     
   23.405806      1.844381         -6.046833e-08     
   23.405806      1.948080         -5.287870e-08     
   23.405806      2.051920         -5.218662e-08     
   23.405806      2.155619         -6.114668e-08     
   23.405806      2.258898         -7.372580e-08     
   23.405806      2.361480         -8.225513e-08     
   23.405806      2.463087         -8.341946e-08     
   23.405806      2.563446         -7.970935e-08     
   23.405806      2.662286         -7.584012e-08     
   23.405806      2.759340         -7.579745e-08     
   23.405806      2.854347         -8.037966e-08     
   23.405806      2.947052         -8.766057e-08     
   23.405806      3.037203         -9.475490e-08     
   23.405806      3.124558         -9.961065e-08     
   23.405806      3.208881         -1.018427e-07     
   23.405806      3.289946         -1.022660e-07     
   23.405806      3.367533         -1.022789e-07     
   23.405806      3.441433         -1.029763e-07     
   23.405806      3.511448         -1.048430e-07     
   23.405806      3.577387         -1.077794e-07     
   23.405806      3.639075         -1.113298e-07     
   23.405806      3.696344         -1.149461e-07     
   23.405806      3.749040         -1.181832e-07     
   23.405806      3.797021         -1.207863e-07     
   23.405806      3.840157         -1.226880e-07     
   23.405806      3.878333         -1.239542e-07     
   23.405806      3.911445         -1.247183e-07     
   23.405806      3.939404         -1.251283e-07     
   23.405806      3.962134         -1.253148e-07     
   23.405806      3.979576         -1.253773e-07     
   23.405806      3.991681         -1.253839e-07     
   23.405806      3.998420         -1.253757e-07     
   23.405806      4.008294         -1.253495e-07     
   23.405806      4.043674         -1.251432e-07     
   23.405806      4.107227         -1.245496e-07     
   23.405806      4.198794         -1.240587e-07     
   23.405806      4.318131         -1.257381e-07     
   23.405806      4.464916         -1.316808e-07     
   23.405806      4.638754         -1.395140e-07     
   23.405806      4.839176         -1.430938e-07     
   23.405806      5.065642         -1.450030e-07     
   23.405806      5.317541         -1.508167e-07     
   23.405806      5.594194         -1.468664e-07     
   23.405806      5.894856         -1.333625e-07     
   23.405806      6.218716         -1.227298e-07     
   23.405806      6.564900         -9.487596e-08     
   23.405806      6.932477         -5.446414e-08     
   23.405806      7.320454         2.335553e-08      
   23.405806      7.727785         1.240819e-07      
   23.405806      8.153374         2.677358e-07      
   23.405806      8.596072         4.646300e-07      
   23.405806      9.054685         7.431827e-07      
   23.405806      9.527979         1.064201e-06      
   23.405806      10.014676        1.435011e-06      
   23.405806      10.513464        1.843884e-06      
   23.405806      11.023000        2.182804e-06      
   23.405806      11.541909        2.422822e-06      
   23.405806      12.068793        2.639451e-06      
   23.405806      12.602230        3.057377e-06      
   23.405806      13.140784        4.676930e-06      
   23.405806      13.683002        9.976764e-06      
   23.405806      14.227422        2.390410e-05      
   23.405806      14.772578        5.627096e-05      
   23.405806      15.316998        1.242825e-04      
   23.405806      15.859216        2.552846e-04      
   23.405806      16.397770        4.908384e-04      
   23.405806      16.931207        8.884837e-04      
   23.405806      17.458091        1.520655e-03      
   23.405806      17.977000        2.471341e-03      
   23.405806      18.486536        3.824675e-03      
   23.405806      18.985324        5.647215e-03      
   23.405806      19.472021        7.969042e-03      
   23.405806      19.945315        1.076168e-02      
   23.405806      20.403928        1.392295e-02      
   23.405806      20.846626        1.728176e-02      
   23.405806      21.272215        2.061876e-02      
   23.405806      21.679546        2.370252e-02      
   23.405806      22.067523        2.633139e-02      
   23.405806      22.435100        2.836541e-02      
   23.405806      22.781284        2.973026e-02      
   23.405806      23.105144        3.040242e-02      
   23.405806      23.405806        3.040393e-02      
   23.405806      23.682459        2.984143e-02      
   23.405806      23.934358        2.889919e-02      
   23.405806      24.160824        2.775706e-02      
   23.405806      24.361246        2.655235e-02      
   23.405806      24.535084        2.538421e-02      
   23.405806      24.681869        2.432324e-02      
   23.405806      24.801206        2.341863e-02      
   23.405806      24.892773        2.270315e-02      
   23.405806      24.956326        2.219733e-02      
   23.405806      24.991706        2.191286e-02      
   23.682459      0.001580         6.836017e-10      
   23.682459      0.008319         3.599541e-09      
   23.682459      0.020424         8.808615e-09      
   23.682459      0.037866         1.627313e-08      
   23.682459      0.060596         2.538134e-08      
   23.682459      0.088555         3.515823e-08      
   23.682459      0.121667         4.431807e-08      
   23.682459      0.159843         5.407269e-08      
   23.682459      0.202979         6.929699e-08      
   23.682459      0.250960         7.658445e-08      
   23.682459      0.303656         5.836895e-08      
   23.682459      0.360925         4.655617e-08      
   23.682459      0.422613         3.378942e-08      
   23.682459      0.488552         1.449267e-08      
   23.682459      0.558567         -7.758006e-09     
   23.682459      0.632467         -2.617558e-08     
   23.682459      0.710054         -3.525095e-08     
   23.682459      0.791119         -3.283974e-08     
   23.682459      0.875442         -2.123464e-08     
   23.682459      0.962797         -6.408285e-09     
   23.682459      1.052948         6.425512e-10      
   23.682459      1.145653         -5.415962e-09     
   23.682459      1.240660         -2.401476e-08     
   23.682459      1.337714         -4.435678e-08     
   23.682459      1.436554         -5.503704e-08     
   23.682459      1.536913         -5.082148e-08     
   23.682459      1.638520         -3.898256e-08     
   23.682459      1.741102         -3.094341e-08     
   23.682459      1.844381         -3.387091e-08     
   23.682459      1.948080         -4.443190e-08     
   23.682459      2.051920         -5.474799e-08     
   23.682459      2.155619         -5.880826e-08     
   23.682459      2.258898         -5.615143e-08     
   23.682459      2.361480         -5.117067e-08     
   23.682459      2.463087         -4.892872e-08     
   23.682459      2.563446         -5.199326e-08     
   23.682459      2.662286         -5.903360e-08     
   23.682459      2.759340         -6.696534e-08     
   23.682459      2.854347         -7.288880e-08     
   23.682459      2.947052         -7.568400e-08     
   23.682459      3.037203         -7.605069e-08     
   23.682459      3.124558         -7.561290e-08     
   23.682459      3.208881         -7.591551e-08     
   23.682459      3.289946         -7.764321e-08     
   23.682459      3.367533         -8.070004e-08     
   23.682459      3.441433         -8.439531e-08     
   23.682459      3.511448         -8.792379e-08     
   23.682459      3.577387         -9.070744e-08     
   23.682459      3.639075         -9.252316e-08     
   23.682459      3.696344         -9.345180e-08     
   23.682459      3.749040         -9.374466e-08     
   23.682459      3.797021         -9.369122e-08     
   23.682459      3.840157         -9.353110e-08     
   23.682459      3.878333         -9.341686e-08     
   23.682459      3.911445         -9.341484e-08     
   23.682459      3.939404         -9.352627e-08     
   23.682459      3.962134         -9.371382e-08     
   23.682459      3.979576         -9.392487e-08     
   23.682459      3.991681         -9.410814e-08     
   23.682459      3.998420         -9.422370e-08     
   23.682459      4.008294         -9.441088e-08     
   23.682459      4.043674         -9.525977e-08     
   23.682459      4.107227         -9.747307e-08     
   23.682459      4.198794         -1.019091e-07     
   23.682459      4.318131         -1.084620e-07     
   23.682459      4.464916         -1.146416e-07     
   23.682459      4.638754         -1.180480e-07     
   23.682459      4.839176         -1.217107e-07     
   23.682459      5.065642         -1.288389e-07     
   23.682459      5.317541         -1.308665e-07     
   23.682459      5.594194         -1.274458e-07     
   23.682459      5.894856         -1.305108e-07     
   23.682459      6.218716         -1.257425e-07     
   23.682459      6.564900         -1.134048e-07     
   23.682459      6.932477         -8.447946e-08     
   23.682459      7.320454         -3.764310e-08     
   23.682459      7.727785         2.545524e-08      
   23.682459      8.153374         1.258918e-07      
   23.682459      8.596072         2.835716e-07      
   23.682459      9.054685         4.881243e-07      
   23.682459      9.527979         7.516055e-07      
   23.682459      10.014676        1.079380e-06      
   23.682459      10.513464        1.451442e-06      
   23.682459      11.023000        1.799683e-06      
   23.682459      11.541909        2.102629e-06      
   23.682459      12.068793        2.342367e-06      
   23.682459      12.602230        2.571390e-06      
   23.682459      13.140784        3.361746e-06      
   23.682459      13.683002        6.147570e-06      
   23.682459      14.227422        1.414334e-05      
   23.682459      14.772578        3.414805e-05      
   23.682459      15.316998        7.835076e-05      
   23.682459      15.859216        1.673171e-04      
   23.682459      16.397770        3.335212e-04      
   23.682459      16.931207        6.233248e-04      
   23.682459      17.458091        1.098534e-03      
   23.682459      17.977000        1.834496e-03      
   23.682459      18.486536        2.911771e-03      
   23.682459      18.985324        4.404327e-03      
   23.682459      19.472021        6.362202e-03      
   23.682459      19.945315        8.789914e-03      
   23.682459      20.403928        1.163054e-02      
   23.682459      20.846626        1.476111e-02      
   23.682459      21.272215        1.800095e-02      
   23.682459      21.679546        2.113740e-02      
   23.682459      22.067523        2.396672e-02      
   23.682459      22.435100        2.632679e-02      
   23.682459      22.781284        2.811512e-02      
   23.682459      23.105144        2.928632e-02      
   23.682459      23.405806        2.984143e-02      
   23.682459      23.682459        2.982430e-02      
   23.682459      23.934358        2.934411e-02      
   23.682459      24.160824        2.856188e-02      
   23.682459      24.361246        2.762977e-02      
   23.682459      24.535084        2.666465e-02      
   23.682459      24.681869        2.575189e-02      
   23.682459      24.801206        2.495245e-02      
   23.682459      24.892773        2.430840e-02      
   23.682459      24.956326        2.384741e-02      
   23.682459      24.991706        2.358621e-02      
   23.934358      0.001580         -2.424697e-10     
   23.934358      0.008319         -1.276494e-09     
   23.934358      0.020424         -3.117933e-09     
   23.934358      0.037866         -5.800755e-09     
   23.934358      0.060596         -9.339934e-09     
   23.934358      0.088555         -1.412156e-08     
   23.934358      0.121667         -2.086155e-08     
   23.934358      0.159843         -2.442238e-08     
   23.934358      0.202979         -2.474045e-08     
   23.934358      0.250960         -2.250900e-08     
   23.934358      0.303656         -3.592980e-08     
   23.934358      0.360925         -3.550701e-08     
   23.934358      0.422613         -2.588320e-08     
   23.934358      0.488552         -1.383112e-08     
   23.934358      0.558567         -1.315243e-09     
   23.934358      0.632467         1.001671e-08      
   23.934358      0.710054         1.708101e-08      
   23.934358      0.791119         1.615467e-08      
   23.934358      0.875442         5.572473e-09      
   23.934358      0.962797         -1.139376e-08     
   23.934358      1.052948         -2.933609e-08     
   23.934358      1.145653         -3.913140e-08     
   23.934358      1.240660         -3.753225e-08     
   23.934358      1.337714         -2.779797e-08     
   23.934358      1.436554         -1.988229e-08     
   23.934358      1.536913         -2.065020e-08     
   23.934358      1.638520         -3.011719e-08     
   23.934358      1.741102         -4.082593e-08     
   23.934358      1.844381         -4.588669e-08     
   23.934358      1.948080         -4.288850e-08     
   23.934358      2.051920         -3.573397e-08     
   23.934358      2.155619         -3.039172e-08     
   23.934358      2.258898         -3.065209e-08     
   23.934358      2.361480         -3.644034e-08     
   23.934358      2.463087         -4.437937e-08     
   23.934358      2.563446         -5.074788e-08     
   23.934358      2.662286         -5.352992e-08     
   23.934358      2.759340         -5.348528e-08     
   23.934358      2.854347         -5.269196e-08     
   23.934358      2.947052         -5.312040e-08     
   23.934358      3.037203         -5.562384e-08     
   23.934358      3.124558         -5.974683e-08     
   23.934358      3.208881         -6.426471e-08     
   23.934358      3.289946         -6.786925e-08     
   23.934358      3.367533         -6.991184e-08     
   23.934358      3.441433         -7.042959e-08     
   23.934358      3.511448         -6.994280e-08     
   23.934358      3.577387         -6.911804e-08     
   23.934358      3.639075         -6.850975e-08     
   23.934358      3.696344         -6.844033e-08     
   23.934358      3.749040         -6.899555e-08     
   23.934358      3.797021         -7.008618e-08     
   23.934358      3.840157         -7.153073e-08     
   23.934358      3.878333         -7.312784e-08     
   23.934358      3.911445         -7.470331e-08     
   23.934358      3.939404         -7.613039e-08     
   23.934358      3.962134         -7.733030e-08     
   23.934358      3.979576         -7.826209e-08     
   23.934358      3.991681         -7.890942e-08     
   23.934358      3.998420         -7.926879e-08     
   23.934358      4.008294         -7.979280e-08     
   23.934358      4.043674         -8.162605e-08     
   23.934358      4.107227         -8.460517e-08     
   23.934358      4.198794         -8.786835e-08     
   23.934358      4.318131         -9.047507e-08     
   23.934358      4.464916         -9.309356e-08     
   23.934358      4.638754         -9.861605e-08     
   23.934358      4.839176         -1.064381e-07     
   23.934358      5.065642         -1.089902e-07     
   23.934358      5.317541         -1.082509e-07     
   23.934358      5.594194         -1.150371e-07     
   23.934358      5.894856         -1.193221e-07     
   23.934358      6.218716         -1.196803e-07     
   23.934358      6.564900         -1.150787e-07     
   23.934358      6.932477         -9.434342e-08     
   23.934358      7.320454         -7.303170e-08     
   23.934358      7.727785         -2.949537e-08     
   23.934358      8.153374         4.268625e-08      
   23.934358      8.596072         1.616042e-07      
   23.934358      9.054685         3.146899e-07      
   23.934358      9.527979         5.250181e-07      
   23.934358      10.014676        8.127494e-07      
   23.934358      10.513464        1.129329e-06      
   23.934358      11.023000        1.467995e-06      
   23.934358      11.541909        1.814500e-06      
   23.934358      12.068793        2.068941e-06      
   23.934358      12.602230        2.266601e-06      
   23.934358      13.140784        2.716075e-06      
   23.934358      13.683002        4.173053e-06      
   23.934358      14.227422        8.825368e-06      
   23.934358      14.772578        2.138089e-05      
   23.934358      15.316998        5.049538e-05      
   23.934358      15.859216        1.118153e-04      
   23.934358      16.397770        2.306723e-04      
   23.934358      16.931207        4.444488e-04      
   23.934358      17.458091        8.055139e-04      
   23.934358      17.977000        1.380064e-03      
   23.934358      18.486536        2.242846e-03      
   23.934358      18.985324        3.469392e-03      
   23.934358      19.472021        5.120410e-03      
   23.934358      19.945315        7.222419e-03      
   23.934358      20.403928        9.753080e-03      
   23.934358      20.846626        1.262936e-02      
   23.934358      21.272215        1.570746e-02      
   23.934358      21.679546        1.880229e-02      
   23.934358      22.067523        2.171887e-02      
   23.934358      22.435100        2.428455e-02      
   23.934358      22.781284        2.637292e-02      
   23.934358      23.105144        2.791620e-02      
   23.934358      23.405806        2.889919e-02      
   23.934358      23.682459        2.934411e-02      
   23.934358      23.934358        2.930985e-02      
   23.934358      24.160824        2.890365e-02      
   23.934358      24.361246        2.826485e-02      
   23.934358      24.535084        2.752276e-02      
   23.934358      24.681869        2.677698e-02      
   23.934358      24.801206        2.609940e-02      
   23.934358      24.892773        2.554048e-02      
   23.934358      24.956326        2.513430e-02      
   23.934358      24.991706        2.490210e-02      
   24.160824      0.001580         -4.739542e-10     
   24.160824      0.008319         -2.496237e-09     
   24.160824      0.020424         -6.095221e-09     
   24.160824      0.037866         -1.127772e-08     
   24.160824      0.060596         -1.774972e-08     
   24.160824      0.088555         -2.555768e-08     
   24.160824      0.121667         -3.517335e-08     
   24.160824      0.159843         -3.957506e-08     
   24.160824      0.202979         -4.205242e-08     
   24.160824      0.250960         -3.627265e-08     
   24.160824      0.303656         -4.155589e-08     
   24.160824      0.360925         -3.298240e-08     
   24.160824      0.422613         -1.552958e-08     
   24.160824      0.488552         1.784681e-09      
   24.160824      0.558567         1.367147e-08      
   24.160824      0.632467         1.667109e-08      
   24.160824      0.710054         9.933732e-09      
   24.160824      0.791119         -3.751518e-09     
   24.160824      0.875442         -1.794033e-08     
   24.160824      0.962797         -2.524853e-08     
   24.160824      1.052948         -2.431762e-08     
   24.160824      1.145653         -1.780962e-08     
   24.160824      1.240660         -1.311847e-08     
   24.160824      1.337714         -1.440001e-08     
   24.160824      1.436554         -2.135070e-08     
   24.160824      1.536913         -2.866078e-08     
   24.160824      1.638520         -3.219171e-08     
   24.160824      1.741102         -3.064557e-08     
   24.160824      1.844381         -2.679255e-08     
   24.160824      1.948080         -2.386583e-08     
   24.160824      2.051920         -2.430085e-08     
   24.160824      2.155619         -2.792619e-08     
   24.160824      2.258898         -3.249497e-08     
   24.160824      2.361480         -3.586398e-08     
   24.160824      2.463087         -3.723303e-08     
   24.160824      2.563446         -3.742776e-08     
   24.160824      2.662286         -3.767745e-08     
   24.160824      2.759340         -3.909061e-08     
   24.160824      2.854347         -4.183988e-08     
   24.160824      2.947052         -4.529035e-08     
   24.160824      3.037203         -4.847055e-08     
   24.160824      3.124558         -5.064821e-08     
   24.160824      3.208881         -5.168149e-08     
   24.160824      3.289946         -5.186947e-08     
   24.160824      3.367533         -5.179820e-08     
   24.160824      3.441433         -5.196601e-08     
   24.160824      3.511448         -5.265228e-08     
   24.160824      3.577387         -5.389919e-08     
   24.160824      3.639075         -5.557558e-08     
   24.160824      3.696344         -5.746969e-08     
   24.160824      3.749040         -5.937183e-08     
   24.160824      3.797021         -6.112555e-08     
   24.160824      3.840157         -6.264347e-08     
   24.160824      3.878333         -6.389773e-08     
   24.160824      3.911445         -6.489923e-08     
   24.160824      3.939404         -6.567713e-08     
   24.160824      3.962134         -6.626405e-08     
   24.160824      3.979576         -6.668808e-08     
   24.160824      3.991681         -6.696984e-08     
   24.160824      3.998420         -6.712253e-08     
   24.160824      4.008294         -6.734117e-08     
   24.160824      4.043674         -6.808194e-08     
   24.160824      4.107227         -6.930996e-08     
   24.160824      4.198794         -7.113023e-08     
   24.160824      4.318131         -7.420247e-08     
   24.160824      4.464916         -7.918242e-08     
   24.160824      4.638754         -8.481776e-08     
   24.160824      4.839176         -8.780979e-08     
   24.160824      5.065642         -8.942018e-08     
   24.160824      5.317541         -9.523343e-08     
   24.160824      5.594194         -1.017637e-07     
   24.160824      5.894856         -1.060609e-07     
   24.160824      6.218716         -1.109781e-07     
   24.160824      6.564900         -1.058587e-07     
   24.160824      6.932477         -1.001713e-07     
   24.160824      7.320454         -8.695381e-08     
   24.160824      7.727785         -6.041382e-08     
   24.160824      8.153374         -2.505558e-09     
   24.160824      8.596072         7.850566e-08      
   24.160824      9.054685         1.981861e-07      
   24.160824      9.527979         3.711013e-07      
   24.160824      10.014676        6.061818e-07      
   24.160824      10.513464        8.816448e-07      
   24.160824      11.023000        1.201551e-06      
   24.160824      11.541909        1.547433e-06      
   24.160824      12.068793        1.824831e-06      
   24.160824      12.602230        2.045906e-06      
   24.160824      13.140784        2.341367e-06      
   24.160824      13.683002        3.139611e-06      
   24.160824      14.227422        5.931010e-06      
   24.160824      14.772578        1.394216e-05      
   24.160824      15.316998        3.353972e-05      
   24.160824      15.859216        7.670904e-05      
   24.160824      16.397770        1.632299e-04      
   24.160824      16.931207        3.237018e-04      
   24.160824      17.458091        6.023532e-04      
   24.160824      17.977000        1.056673e-03      
   24.160824      18.486536        1.755287e-03      
   24.160824      18.985324        2.771665e-03      
   24.160824      19.472021        4.170873e-03      
   24.160824      19.945315        5.994171e-03      
   24.160824      20.403928        8.243600e-03      
   24.160824      20.846626        1.086726e-02      
   24.160824      21.272215        1.375445e-02      
   24.160824      21.679546        1.674921e-02      
   24.160824      22.067523        1.967181e-02      
   24.160824      22.435100        2.234789e-02      
   24.160824      22.781284        2.463677e-02      
   24.160824      23.105144        2.645134e-02      
   24.160824      23.405806        2.775706e-02      
   24.160824      23.682459        2.856188e-02      
   24.160824      23.934358        2.890365e-02      
   24.160824      24.160824        2.885136e-02      
   24.160824      24.361246        2.851030e-02      
   24.160824      24.535084        2.800180e-02      
   24.160824      24.681869        2.743318e-02      
   24.160824      24.801206        2.688642e-02      
   24.160824      24.892773        2.642016e-02      
   24.160824      24.956326        2.607447e-02      
   24.160824      24.991706        2.587460e-02      
   24.361246      0.001580         5.087546e-10      
   24.361246      0.008319         2.679386e-09      
   24.361246      0.020424         6.562094e-09      
   24.361246      0.037866         1.202898e-08      
   24.361246      0.060596         1.900152e-08      
   24.361246      0.088555         2.667607e-08      
   24.361246      0.121667         3.300841e-08      
   24.361246      0.159843         4.331634e-08      
   24.361246      0.202979         4.913457e-08      
   24.361246      0.250960         5.743604e-08      
   24.361246      0.303656         4.596666e-08      
   24.361246      0.360925         3.517695e-08      
   24.361246      0.422613         2.277479e-08      
   24.361246      0.488552         5.577804e-09      
   24.361246      0.558567         -1.335977e-08     
   24.361246      0.632467         -2.838788e-08     
   24.361246      0.710054         -3.422691e-08     
   24.361246      0.791119         -2.927625e-08     
   24.361246      0.875442         -1.678377e-08     
   24.361246      0.962797         -3.425983e-09     
   24.361246      1.052948         2.334223e-09      
   24.361246      1.145653         -1.769550e-09     
   24.361246      1.240660         -1.283586e-08     
   24.361246      1.337714         -2.324322e-08     
   24.361246      1.436554         -2.760833e-08     
   24.361246      1.536913         -2.460367e-08     
   24.361246      1.638520         -1.824010e-08     
   24.361246      1.741102         -1.348382e-08     
   24.361246      1.844381         -1.394709e-08     
   24.361246      1.948080         -1.899672e-08     
   24.361246      2.051920         -2.555407e-08     
   24.361246      2.155619         -3.011235e-08     
   24.361246      2.258898         -3.101487e-08     
   24.361246      2.361480         -2.931528e-08     
   24.361246      2.463087         -2.737027e-08     
   24.361246      2.563446         -2.728047e-08     
   24.361246      2.662286         -2.951361e-08     
   24.361246      2.759340         -3.323048e-08     
   24.361246      2.854347         -3.681862e-08     
   24.361246      2.947052         -3.901889e-08     
   24.361246      3.037203         -3.954398e-08     
   24.361246      3.124558         -3.898804e-08     
   24.361246      3.208881         -3.832869e-08     
   24.361246      3.289946         -3.832942e-08     
   24.361246      3.367533         -3.937845e-08     
   24.361246      3.441433         -4.139010e-08     
   24.361246      3.511448         -4.397664e-08     
   24.361246      3.577387         -4.666464e-08     
   24.361246      3.639075         -4.907317e-08     
   24.361246      3.696344         -5.099808e-08     
   24.361246      3.749040         -5.240469e-08     
   24.361246      3.797021         -5.336916e-08     
   24.361246      3.840157         -5.401180e-08     
   24.361246      3.878333         -5.444841e-08     
   24.361246      3.911445         -5.476575e-08     
   24.361246      3.939404         -5.501632e-08     
   24.361246      3.962134         -5.522383e-08     
   24.361246      3.979576         -5.539276e-08     
   24.361246      3.991681         -5.551769e-08     
   24.361246      3.998420         -5.559061e-08     
   24.361246      4.008294         -5.570239e-08     
   24.361246      4.043674         -5.616102e-08     
   24.361246      4.107227         -5.727348e-08     
   24.361246      4.198794         -5.961654e-08     
   24.361246      4.318131         -6.361485e-08     
   24.361246      4.464916         -6.809352e-08     
   24.361246      4.638754         -7.047509e-08     
   24.361246      4.839176         -7.156332e-08     
   24.361246      5.065642         -7.676224e-08     
   24.361246      5.317541         -8.456816e-08     
   24.361246      5.594194         -8.879207e-08     
   24.361246      5.894856         -9.529265e-08     
   24.361246      6.218716         -9.849213e-08     
   24.361246      6.564900         -9.759249e-08     
   24.361246      6.932477         -9.967508e-08     
   24.361246      7.320454         -9.185080e-08     
   24.361246      7.727785         -7.294729e-08     
   24.361246      8.153374         -3.081682e-08     
   24.361246      8.596072         2.704456e-08      
   24.361246      9.054685         1.197985e-07      
   24.361246      9.527979         2.660970e-07      
   24.361246      10.014676        4.530410e-07      
   24.361246      10.513464        6.930960e-07      
   24.361246      11.023000        9.953489e-07      
   24.361246      11.541909        1.315625e-06      
   24.361246      12.068793        1.608181e-06      
   24.361246      12.602230        1.867745e-06      
   24.361246      13.140784        2.091417e-06      
   24.361246      13.683002        2.572947e-06      
   24.361246      14.227422        4.332833e-06      
   24.361246      14.772578        9.571708e-06      
   24.361246      15.316998        2.314359e-05      
   24.361246      15.859216        5.434889e-05      
   24.361246      16.397770        1.188329e-04      
   24.361246      16.931207        2.420009e-04      
   24.361246      17.458091        4.613562e-04      
   24.361246      17.977000        8.269245e-04      
   24.361246      18.486536        1.401285e-03      
   24.361246      18.985324        2.254142e-03      
   24.361246      19.472021        3.451407e-03      
   24.361246      19.945315        5.043483e-03      
   24.361246      20.403928        7.049041e-03      
   24.361246      20.846626        9.439184e-03      
   24.361246      21.272215        1.213179e-02      
   24.361246      21.679546        1.499709e-02      
   24.361246      22.067523        1.787316e-02      
   24.361246      22.435100        2.059026e-02      
   24.361246      22.781284        2.300239e-02      
   24.361246      23.105144        2.500720e-02      
   24.361246      23.405806        2.655235e-02      
   24.361246      23.682459        2.762977e-02      
   24.361246      23.934358        2.826485e-02      
   24.361246      24.160824        2.851030e-02      
   24.361246      24.361246        2.844387e-02      
   24.361246      24.535084        2.816431e-02      
   24.361246      24.681869        2.777421e-02      
   24.361246      24.801206        2.736089e-02      
   24.361246      24.892773        2.698982e-02      
   24.361246      24.956326        2.670652e-02      
   24.361246      24.991706        2.654008e-02      
   24.535084      0.001580         4.196410e-10      
   24.535084      0.008319         2.209862e-09      
   24.535084      0.020424         5.395745e-09      
   24.535084      0.037866         9.858987e-09      
   24.535084      0.060596         1.544736e-08      
   24.535084      0.088555         2.132185e-08      
   24.535084      0.121667         2.518840e-08      
   24.535084      0.159843         3.218927e-08      
   24.535084      0.202979         3.252995e-08      
   24.535084      0.250960         3.558075e-08      
   24.535084      0.303656         2.037302e-08      
   24.535084      0.360925         6.369580e-09      
   24.535084      0.422613         -5.780005e-09     
   24.535084      0.488552         -1.698615e-08     
   24.535084      0.558567         -2.428997e-08     
   24.535084      0.632467         -2.513519e-08     
   24.535084      0.710054         -1.965209e-08     
   24.535084      0.791119         -1.148970e-08     
   24.535084      0.875442         -5.382044e-09     
   24.535084      0.962797         -3.860393e-09     
   24.535084      1.052948         -7.450305e-09     
   24.535084      1.145653         -1.245353e-08     
   24.535084      1.240660         -1.588176e-08     
   24.535084      1.337714         -1.575512e-08     
   24.535084      1.436554         -1.333657e-08     
   24.535084      1.536913         -1.067293e-08     
   24.535084      1.638520         -1.027451e-08     
   24.535084      1.741102         -1.258142e-08     
   24.535084      1.844381         -1.668605e-08     
   24.535084      1.948080         -2.036988e-08     
   24.535084      2.051920         -2.244594e-08     
   24.535084      2.155619         -2.295145e-08     
   24.535084      2.258898         -2.272198e-08     
   24.535084      2.361480         -2.288404e-08     
   24.535084      2.463087         -2.400598e-08     
   24.535084      2.563446         -2.594508e-08     
   24.535084      2.662286         -2.784565e-08     
   24.535084      2.759340         -2.907563e-08     
   24.535084      2.854347         -2.944949e-08     
   24.535084      2.947052         -2.930726e-08     
   24.535084      3.037203         -2.922004e-08     
   24.535084      3.124558         -2.966906e-08     
   24.535084      3.208881         -3.088016e-08     
   24.535084      3.289946         -3.272521e-08     
   24.535084      3.367533         -3.492202e-08     
   24.535084      3.441433         -3.712393e-08     
   24.535084      3.511448         -3.907293e-08     
   24.535084      3.577387         -4.065755e-08     
   24.535084      3.639075         -4.189276e-08     
   24.535084      3.696344         -4.286222e-08     
   24.535084      3.749040         -4.366304e-08     
   24.535084      3.797021         -4.437199e-08     
   24.535084      3.840157         -4.503370e-08     
   24.535084      3.878333         -4.566312e-08     
   24.535084      3.911445         -4.625445e-08     
   24.535084      3.939404         -4.679106e-08     
   24.535084      3.962134         -4.725330e-08     
   24.535084      3.979576         -4.762341e-08     
   24.535084      3.991681         -4.788780e-08     
   24.535084      3.998420         -4.803752e-08     
   24.535084      4.008294         -4.825998e-08     
   24.535084      4.043674         -4.908367e-08     
   24.535084      4.107227         -5.062720e-08     
   24.535084      4.198794         -5.279559e-08     
   24.535084      4.318131         -5.505657e-08     
   24.535084      4.464916         -5.660823e-08     
   24.535084      4.638754         -5.797981e-08     
   24.535084      4.839176         -6.164312e-08     
   24.535084      5.065642         -6.808775e-08     
   24.535084      5.317541         -7.364865e-08     
   24.535084      5.594194         -7.922122e-08     
   24.535084      5.894856         -8.518520e-08     
   24.535084      6.218716         -8.669691e-08     
   24.535084      6.564900         -9.164981e-08     
   24.535084      6.932477         -9.470832e-08     
   24.535084      7.320454         -9.247463e-08     
   24.535084      7.727785         -7.570335e-08     
   24.535084      8.153374         -4.899107e-08     
   24.535084      8.596072         -4.292729e-09     
   24.535084      9.054685         7.003313e-08      
   24.535084      9.527979         1.905661e-07      
   24.535084      10.014676        3.448205e-07      
   24.535084      10.513464        5.539556e-07      
   24.535084      11.023000        8.332301e-07      
   24.535084      11.541909        1.128959e-06      
   24.535084      12.068793        1.425289e-06      
   24.535084      12.602230        1.708661e-06      
   24.535084      13.140784        1.911913e-06      
   24.535084      13.683002        2.247487e-06      
   24.535084      14.227422        3.415277e-06      
   24.535084      14.772578        6.977730e-06      
   24.535084      15.316998        1.672199e-05      
   24.535084      15.859216        3.997597e-05      
   24.535084      16.397770        8.947117e-05      
   24.535084      16.931207        1.865896e-04      
   24.535084      17.458091        3.633975e-04      
   24.535084      17.977000        6.640000e-04      
   24.535084      18.486536        1.145338e-03      
   24.535084      18.985324        1.872693e-03      
   24.535084      19.472021        2.911335e-03      
   24.535084      19.945315        4.316588e-03      
   24.535084      20.403928        6.118026e-03      
   24.535084      20.846626        8.303755e-03      
   24.535084      21.272215        1.081443e-02      
   24.535084      21.679546        1.354265e-02      
   24.535084      22.067523        1.634341e-02      
   24.535084      22.435100        1.905617e-02      
   24.535084      22.781284        2.153464e-02      
   24.535084      23.105144        2.366638e-02      
   24.535084      23.405806        2.538421e-02      
   24.535084      23.682459        2.666465e-02      
   24.535084      23.934358        2.752276e-02      
   24.535084      24.160824        2.800180e-02      
   24.535084      24.361246        2.816431e-02      
   24.535084      24.535084        2.808982e-02      
   24.535084      24.681869        2.786783e-02      
   24.535084      24.801206        2.758312e-02      
   24.535084      24.892773        2.730450e-02      
   24.535084      24.956326        2.708196e-02      
   24.535084      24.991706        2.694813e-02      
   24.681869      0.001580         -4.208385e-10     
   24.681869      0.008319         -2.216539e-09     
   24.681869      0.020424         -5.437859e-09     
   24.681869      0.037866         -1.005173e-08     
   24.681869      0.060596         -1.586253e-08     
   24.681869      0.088555         -2.288352e-08     
   24.681869      0.121667         -3.214866e-08     
   24.681869      0.159843         -3.680173e-08     
   24.681869      0.202979         -4.479241e-08     
   24.681869      0.250960         -4.302649e-08     
   24.681869      0.303656         -4.973976e-08     
   24.681869      0.360925         -4.699627e-08     
   24.681869      0.422613         -3.555443e-08     
   24.681869      0.488552         -2.076451e-08     
   24.681869      0.558567         -6.512933e-09     
   24.681869      0.632467         3.361671e-09      
   24.681869      0.710054         6.189956e-09      
   24.681869      0.791119         1.520906e-09      
   24.681869      0.875442         -7.682631e-09     
   24.681869      0.962797         -1.595808e-08     
   24.681869      1.052948         -1.976361e-08     
   24.681869      1.145653         -1.725000e-08     
   24.681869      1.240660         -1.095664e-08     
   24.681869      1.337714         -4.616005e-09     
   24.681869      1.436554         -2.179835e-09     
   24.681869      1.536913         -4.506889e-09     
   24.681869      1.638520         -1.013020e-08     
   24.681869      1.741102         -1.561171e-08     
   24.681869      1.844381         -1.863478e-08     
   24.681869      1.948080         -1.854655e-08     
   24.681869      2.051920         -1.698511e-08     
   24.681869      2.155619         -1.611893e-08     
   24.681869      2.258898         -1.715334e-08     
   24.681869      2.361480         -1.990114e-08     
   24.681869      2.463087         -2.298391e-08     
   24.681869      2.563446         -2.499168e-08     
   24.681869      2.662286         -2.519990e-08     
   24.681869      2.759340         -2.410927e-08     
   24.681869      2.854347         -2.279091e-08     
   24.681869      2.947052         -2.227317e-08     
   24.681869      3.037203         -2.306122e-08     
   24.681869      3.124558         -2.501572e-08     
   24.681869      3.208881         -2.757809e-08     
   24.681869      3.289946         -3.006609e-08     
   24.681869      3.367533         -3.205717e-08     
   24.681869      3.441433         -3.342712e-08     
   24.681869      3.511448         -3.429732e-08     
   24.681869      3.577387         -3.489835e-08     
   24.681869      3.639075         -3.545015e-08     
   24.681869      3.696344         -3.609547e-08     
   24.681869      3.749040         -3.688519e-08     
   24.681869      3.797021         -3.779720e-08     
   24.681869      3.840157         -3.876881e-08     
   24.681869      3.878333         -3.972724e-08     
   24.681869      3.911445         -4.061008e-08     
   24.681869      3.939404         -4.137436e-08     
   24.681869      3.962134         -4.199676e-08     
   24.681869      3.979576         -4.246899e-08     
   24.681869      3.991681         -4.279169e-08     
   24.681869      3.998420         -4.296899e-08     
   24.681869      4.008294         -4.322515e-08     
   24.681869      4.043674         -4.409867e-08     
   24.681869      4.107227         -4.542913e-08     
   24.681869      4.198794         -4.666473e-08     
   24.681869      4.318131         -4.722189e-08     
   24.681869      4.464916         -4.753449e-08     
   24.681869      4.638754         -4.983626e-08     
   24.681869      4.839176         -5.527856e-08     
   24.681869      5.065642         -6.060849e-08     
   24.681869      5.317541         -6.494768e-08     
   24.681869      5.594194         -7.182181e-08     
   24.681869      5.894856         -7.571422e-08     
   24.681869      6.218716         -7.837510e-08     
   24.681869      6.564900         -8.584156e-08     
   24.681869      6.932477         -8.930652e-08     
   24.681869      7.320454         -8.953181e-08     
   24.681869      7.727785         -7.589764e-08     
   24.681869      8.153374         -5.885756e-08     
   24.681869      8.596072         -2.386776e-08     
   24.681869      9.054685         3.941127e-08      
   24.681869      9.527979         1.365096e-07      
   24.681869      10.014676        2.686968e-07      
   24.681869      10.513464        4.553287e-07      
   24.681869      11.023000        7.067955e-07      
   24.681869      11.541909        9.834801e-07      
   24.681869      12.068793        1.279898e-06      
   24.681869      12.602230        1.567564e-06      
   24.681869      13.140784        1.774381e-06      
   24.681869      13.683002        2.051894e-06      
   24.681869      14.227422        2.867327e-06      
   24.681869      14.772578        5.414916e-06      
   24.681869      15.316998        1.272312e-05      
   24.681869      15.859216        3.067826e-05      
   24.681869      16.397770        6.999129e-05      
   24.681869      16.931207        1.489884e-04      
   24.681869      17.458091        2.954799e-04      
   24.681869      17.977000        5.489883e-04      
   24.681869      18.486536        9.615784e-04      
   24.681869      18.985324        1.594212e-03      
   24.681869      19.472021        2.510864e-03      
   24.681869      19.945315        3.769126e-03      
   24.681869      20.403928        5.405314e-03      
   24.681869      20.846626        7.420183e-03      
   24.681869      21.272215        9.771445e-03      
   24.681869      21.679546        1.236977e-02      
   24.681869      22.067523        1.508514e-02      
   24.681869      22.435100        1.776795e-02      
   24.681869      22.781284        2.027406e-02      
   24.681869      23.105144        2.248545e-02      
   24.681869      23.405806        2.432324e-02      
   24.681869      23.682459        2.575189e-02      
   24.681869      23.934358        2.677698e-02      
   24.681869      24.160824        2.743318e-02      
   24.681869      24.361246        2.777421e-02      
   24.681869      24.535084        2.786783e-02      
   24.681869      24.681869        2.779094e-02      
   24.681869      24.801206        2.762119e-02      
   24.681869      24.892773        2.742679e-02      
   24.681869      24.956326        2.726018e-02      
   24.681869      24.991706        2.715654e-02      
   24.801206      0.001580         -7.290961e-10     
   24.801206      0.008319         -3.839299e-09     
   24.801206      0.020424         -9.399934e-09     
   24.801206      0.037866         -1.728820e-08     
   24.801206      0.060596         -2.710296e-08     
   24.801206      0.088555         -3.834772e-08     
   24.801206      0.121667         -5.131748e-08     
   24.801206      0.159843         -5.841752e-08     
   24.801206      0.202979         -6.675347e-08     
   24.801206      0.250960         -6.194872e-08     
   24.801206      0.303656         -6.156584e-08     
   24.801206      0.360925         -5.041172e-08     
   24.801206      0.422613         -3.106277e-08     
   24.801206      0.488552         -1.105678e-08     
   24.801206      0.558567         4.077331e-09      
   24.801206      0.632467         1.067216e-08      
   24.801206      0.710054         8.238888e-09      
   24.801206      0.791119         -6.608244e-10     
   24.801206      0.875442         -1.098252e-08     
   24.801206      0.962797         -1.727124e-08     
   24.801206      1.052948         -1.767228e-08     
   24.801206      1.145653         -1.264362e-08     
   24.801206      1.240660         -6.054817e-09     
   24.801206      1.337714         -1.501492e-09     
   24.801206      1.436554         -1.513349e-09     
   24.801206      1.536913         -5.357771e-09     
   24.801206      1.638520         -1.073968e-08     
   24.801206      1.741102         -1.464713e-08     
   24.801206      1.844381         -1.590520e-08     
   24.801206      1.948080         -1.492687e-08     
   24.801206      2.051920         -1.364769e-08     
   24.801206      2.155619         -1.375151e-08     
   24.801206      2.258898         -1.560928e-08     
   24.801206      2.361480         -1.841184e-08     
   24.801206      2.463087         -2.074929e-08     
   24.801206      2.563446         -2.169181e-08     
   24.801206      2.662286         -2.114024e-08     
   24.801206      2.759340         -1.995462e-08     
   24.801206      2.854347         -1.916392e-08     
   24.801206      2.947052         -1.944595e-08     
   24.801206      3.037203         -2.088010e-08     
   24.801206      3.124558         -2.304595e-08     
   24.801206      3.208881         -2.534565e-08     
   24.801206      3.289946         -2.726193e-08     
   24.801206      3.367533         -2.861086e-08     
   24.801206      3.441433         -2.946850e-08     
   24.801206      3.511448         -3.005577e-08     
   24.801206      3.577387         -3.060094e-08     
   24.801206      3.639075         -3.125519e-08     
   24.801206      3.696344         -3.207045e-08     
   24.801206      3.749040         -3.301920e-08     
   24.801206      3.797021         -3.403086e-08     
   24.801206      3.840157         -3.502592e-08     
   24.801206      3.878333         -3.593873e-08     
   24.801206      3.911445         -3.672725e-08     
   24.801206      3.939404         -3.737272e-08     
   24.801206      3.962134         -3.787388e-08     
   24.801206      3.979576         -3.823956e-08     
   24.801206      3.991681         -3.848216e-08     
   24.801206      3.998420         -3.861289e-08     
   24.801206      4.008294         -3.879851e-08     
   24.801206      4.043674         -3.940121e-08     
   24.801206      4.107227         -4.021605e-08     
   24.801206      4.198794         -4.081427e-08     
   24.801206      4.318131         -4.106377e-08     
   24.801206      4.464916         -4.190816e-08     
   24.801206      4.638754         -4.508689e-08     
   24.801206      4.839176         -5.020061e-08     
   24.801206      5.065642         -5.442623e-08     
   24.801206      5.317541         -5.904032e-08     
   24.801206      5.594194         -6.541119e-08     
   24.801206      5.894856         -6.818278e-08     
   24.801206      6.218716         -7.290390e-08     
   24.801206      6.564900         -8.021846e-08     
   24.801206      6.932477         -8.481083e-08     
   24.801206      7.320454         -8.492784e-08     
   24.801206      7.727785         -7.576735e-08     
   24.801206      8.153374         -6.339812e-08     
   24.801206      8.596072         -3.569928e-08     
   24.801206      9.054685         1.993515e-08      
   24.801206      9.527979         9.962035e-08      
   24.801206      10.014676        2.154861e-07      
   24.801206      10.513464        3.866367e-07      
   24.801206      11.023000        6.123428e-07      
   24.801206      11.541909        8.731903e-07      
   24.801206      12.068793        1.168383e-06      
   24.801206      12.602230        1.451047e-06      
   24.801206      13.140784        1.667006e-06      
   24.801206      13.683002        1.926192e-06      
   24.801206      14.227422        2.532828e-06      
   24.801206      14.772578        4.462759e-06      
   24.801206      15.316998        1.021665e-05      
   24.801206      15.859216        2.466820e-05      
   24.801206      16.397770        5.711320e-05      
   24.801206      16.931207        1.236226e-04      
   24.801206      17.458091        2.488408e-04      
   24.801206      17.977000        4.687811e-04      
   24.801206      18.486536        8.315510e-04      
   24.801206      18.985324        1.394425e-03      
   24.801206      19.472021        2.219800e-03      
   24.801206      19.945315        3.366061e-03      
   24.801206      20.403928        4.873545e-03      
   24.801206      20.846626        6.752122e-03      
   24.801206      21.272215        8.971821e-03      
   24.801206      21.679546        1.145708e-02      
   24.801206      22.067523        1.409056e-02      
   24.801206      22.435100        1.673286e-02      
   24.801206      22.781284        1.924324e-02      
   24.801206      23.105144        2.150086e-02      
   24.801206      23.405806        2.341863e-02      
   24.801206      23.682459        2.495245e-02      
   24.801206      23.934358        2.609940e-02      
   24.801206      24.160824        2.688642e-02      
   24.801206      24.361246        2.736089e-02      
   24.801206      24.535084        2.758312e-02      
   24.801206      24.681869        2.762119e-02      
   24.801206      24.801206        2.754588e-02      
   24.801206      24.892773        2.742269e-02      
   24.801206      24.956326        2.730425e-02      
   24.801206      24.991706        2.722687e-02      
   24.892773      0.001580         -4.254886e-10     
   24.892773      0.008319         -2.240241e-09     
   24.892773      0.020424         -5.482352e-09     
   24.892773      0.037866         -1.006453e-08     
   24.892773      0.060596         -1.570446e-08     
   24.892773      0.088555         -2.207479e-08     
   24.892773      0.121667         -2.982539e-08     
   24.892773      0.159843         -3.217539e-08     
   24.892773      0.202979         -3.704906e-08     
   24.892773      0.250960         -3.080263e-08     
   24.892773      0.303656         -3.129249e-08     
   24.892773      0.360925         -2.501121e-08     
   24.892773      0.422613         -1.399564e-08     
   24.892773      0.488552         -4.104361e-09     
   24.892773      0.558567         1.623871e-09      
   24.892773      0.632467         2.219868e-09      
   24.892773      0.710054         -1.091378e-09     
   24.892773      0.791119         -6.094367e-09     
   24.892773      0.875442         -1.019083e-08     
   24.892773      0.962797         -1.125010e-08     
   24.892773      1.052948         -9.755112e-09     
   24.892773      1.145653         -6.588992e-09     
   24.892773      1.240660         -4.073924e-09     
   24.892773      1.337714         -3.392252e-09     
   24.892773      1.436554         -5.018475e-09     
   24.892773      1.536913         -7.689194e-09     
   24.892773      1.638520         -1.024656e-08     
   24.892773      1.741102         -1.164118e-08     
   24.892773      1.844381         -1.206003e-08     
   24.892773      1.948080         -1.199615e-08     
   24.892773      2.051920         -1.239427e-08     
   24.892773      2.155619         -1.368279e-08     
   24.892773      2.258898         -1.547019e-08     
   24.892773      2.361480         -1.706874e-08     
   24.892773      2.463087         -1.791383e-08     
   24.892773      2.563446         -1.798926e-08     
   24.892773      2.662286         -1.759713e-08     
   24.892773      2.759340         -1.735541e-08     
   24.892773      2.854347         -1.770682e-08     
   24.892773      2.947052         -1.875883e-08     
   24.892773      3.037203         -2.028956e-08     
   24.892773      3.124558         -2.193329e-08     
   24.892773      3.208881         -2.340826e-08     
   24.892773      3.289946         -2.457036e-08     
   24.892773      3.367533         -2.547666e-08     
   24.892773      3.441433         -2.625404e-08     
   24.892773      3.511448         -2.703118e-08     
   24.892773      3.577387         -2.788708e-08     
   24.892773      3.639075         -2.883530e-08     
   24.892773      3.696344         -2.983704e-08     
   24.892773      3.749040         -3.082874e-08     
   24.892773      3.797021         -3.174876e-08     
   24.892773      3.840157         -3.255392e-08     
   24.892773      3.878333         -3.322411e-08     
   24.892773      3.911445         -3.375864e-08     
   24.892773      3.939404         -3.416916e-08     
   24.892773      3.962134         -3.447267e-08     
   24.892773      3.979576         -3.468644e-08     
   24.892773      3.991681         -3.482495e-08     
   24.892773      3.998420         -3.489857e-08     
   24.892773      4.008294         -3.500197e-08     
   24.892773      4.043674         -3.533033e-08     
   24.892773      4.107227         -3.577529e-08     
   24.892773      4.198794         -3.622343e-08     
   24.892773      4.318131         -3.692845e-08     
   24.892773      4.464916         -3.869125e-08     
   24.892773      4.638754         -4.211738e-08     
   24.892773      4.839176         -4.616624e-08     
   24.892773      5.065642         -4.995188e-08     
   24.892773      5.317541         -5.507011e-08     
   24.892773      5.594194         -6.016731e-08     
   24.892773      5.894856         -6.297322e-08     
   24.892773      6.218716         -6.910602e-08     
   24.892773      6.564900         -7.564091e-08     
   24.892773      6.932477         -8.117208e-08     
   24.892773      7.320454         -8.063123e-08     
   24.892773      7.727785         -7.539264e-08     
   24.892773      8.153374         -6.530541e-08     
   24.892773      8.596072         -4.228069e-08     
   24.892773      9.054685         7.204774e-09      
   24.892773      9.527979         7.563687e-08      
   24.892773      10.014676        1.796527e-07      
   24.892773      10.513464        3.395870e-07      
   24.892773      11.023000        5.457804e-07      
   24.892773      11.541909        7.937188e-07      
   24.892773      12.068793        1.086043e-06      
   24.892773      12.602230        1.362548e-06      
   24.892773      13.140784        1.586599e-06      
   24.892773      13.683002        1.841221e-06      
   24.892773      14.227422        2.328098e-06      
   24.892773      14.772578        3.885593e-06      
   24.892773      15.316998        8.656490e-06      
   24.892773      15.859216        2.084430e-05      
   24.892773      16.397770        4.876556e-05      
   24.892773      16.931207        1.068893e-04      
   24.892773      17.458091        2.176437e-04      
   24.892773      17.977000        4.144555e-04      
   24.892773      18.486536        7.424180e-04      
   24.892773      18.985324        1.255986e-03      
   24.892773      19.472021        2.016014e-03      
   24.892773      19.945315        3.080927e-03      
   24.892773      20.403928        4.493450e-03      
   24.892773      20.846626        6.269630e-03      
   24.892773      21.272215        8.388062e-03      
   24.892773      21.679546        1.078301e-02      
   24.892773      22.067523        1.334723e-02      
   24.892773      22.435100        1.594948e-02      
   24.892773      22.781284        1.845266e-02      
   24.892773      23.105144        2.073458e-02      
   24.892773      23.405806        2.270315e-02      
   24.892773      23.682459        2.430840e-02      
   24.892773      23.934358        2.554048e-02      
   24.892773      24.160824        2.642016e-02      
   24.892773      24.361246        2.698982e-02      
   24.892773      24.535084        2.730450e-02      
   24.892773      24.681869        2.742679e-02      
   24.892773      24.801206        2.742269e-02      
   24.892773      24.892773        2.735468e-02      
   24.892773      24.956326        2.727429e-02      
   24.892773      24.991706        2.721787e-02      
   24.956326      0.001580         -3.409462e-11     
   24.956326      0.008319         -1.792880e-10     
   24.956326      0.020424         -4.389282e-10     
   24.956326      0.037866         -7.954198e-10     
   24.956326      0.060596         -1.167349e-09     
   24.956326      0.088555         -1.584061e-09     
   24.956326      0.121667         -3.323050e-09     
   24.956326      0.159843         -7.105979e-10     
   24.956326      0.202979         -2.744083e-09     
   24.956326      0.250960         3.209346e-09      
   24.956326      0.303656         -9.036773e-10     
   24.956326      0.360925         -2.176009e-09     
   24.956326      0.422613         -1.239294e-09     
   24.956326      0.488552         -1.584113e-09     
   24.956326      0.558567         -3.695379e-09     
   24.956326      0.632467         -6.648168e-09     
   24.956326      0.710054         -8.801076e-09     
   24.956326      0.791119         -9.276398e-09     
   24.956326      0.875442         -8.016456e-09     
   24.956326      0.962797         -5.473985e-09     
   24.956326      1.052948         -3.505038e-09     
   24.956326      1.145653         -2.716937e-09     
   24.956326      1.240660         -3.745737e-09     
   24.956326      1.337714         -5.761971e-09     
   24.956326      1.436554         -7.956699e-09     
   24.956326      1.536913         -9.168723e-09     
   24.956326      1.638520         -9.439075e-09     
   24.956326      1.741102         -9.183112e-09     
   24.956326      1.844381         -9.378908e-09     
   24.956326      1.948080         -1.030999e-08     
   24.956326      2.051920         -1.199302e-08     
   24.956326      2.155619         -1.391656e-08     
   24.956326      2.258898         -1.532292e-08     
   24.956326      2.361480         -1.585931e-08     
   24.956326      2.463087         -1.568038e-08     
   24.956326      2.563446         -1.536507e-08     
   24.956326      2.662286         -1.536177e-08     
   24.956326      2.759340         -1.597763e-08     
   24.956326      2.854347         -1.715415e-08     
   24.956326      2.947052         -1.860570e-08     
   24.956326      3.037203         -1.999649e-08     
   24.956326      3.124558         -2.111487e-08     
   24.956326      3.208881         -2.196236e-08     
   24.956326      3.289946         -2.264944e-08     
   24.956326      3.367533         -2.335692e-08     
   24.956326      3.441433         -2.419640e-08     
   24.956326      3.511448         -2.519226e-08     
   24.956326      3.577387         -2.629719e-08     
   24.956326      3.639075         -2.742652e-08     
   24.956326      3.696344         -2.849256e-08     
   24.956326      3.749040         -2.942903e-08     
   24.956326      3.797021         -3.020175e-08     
   24.956326      3.840157         -3.080693e-08     
   24.956326      3.878333         -3.126184e-08     
   24.956326      3.911445         -3.159375e-08     
   24.956326      3.939404         -3.183093e-08     
   24.956326      3.962134         -3.199743e-08     
   24.956326      3.979576         -3.211105e-08     
   24.956326      3.991681         -3.218358e-08     
   24.956326      3.998420         -3.222194e-08     
   24.956326      4.008294         -3.227581e-08     
   24.956326      4.043674         -3.245092e-08     
   24.956326      4.107227         -3.273793e-08     
   24.956326      4.198794         -3.325681e-08     
   24.956326      4.318131         -3.445480e-08     
   24.956326      4.464916         -3.683684e-08     
   24.956326      4.638754         -4.016443e-08     
   24.956326      4.839176         -4.339114e-08     
   24.956326      5.065642         -4.709596e-08     
   24.956326      5.317541         -5.242332e-08     
   24.956326      5.594194         -5.648360e-08     
   24.956326      5.894856         -5.973567e-08     
   24.956326      6.218716         -6.649196e-08     
   24.956326      6.564900         -7.249721e-08     
   24.956326      6.932477         -7.842994e-08     
   24.956326      7.320454         -7.755637e-08     
   24.956326      7.727785         -7.484334e-08     
   24.956326      8.153374         -6.606248e-08     
   24.956326      8.596072         -4.560698e-08     
   24.956326      9.054685         -7.534456e-10     
   24.956326      9.527979         6.103071e-08      
   24.956326      10.014676        1.573459e-07      
   24.956326      10.513464        3.092915e-07      
   24.956326      11.023000        5.027584e-07      
   24.956326      11.541909        7.414673e-07      
   24.956326      12.068793        1.030141e-06      
   24.956326      12.602230        1.302172e-06      
   24.956326      13.140784        1.531965e-06      
   24.956326      13.683002        1.785431e-06      
   24.956326      14.227422        2.207266e-06      
   24.956326      14.772578        3.550438e-06      
   24.956326      15.316998        7.729407e-06      
   24.956326      15.859216        1.853878e-05      
   24.956326      16.397770        4.366224e-05      
   24.956326      16.931207        9.651702e-05      
   24.956326      17.458091        1.981075e-04      
   24.956326      17.977000        3.801182e-04      
   24.956326      18.486536        6.855652e-04      
   24.956326      18.985324        1.166984e-03      
   24.956326      19.472021        1.883997e-03      
   24.956326      19.945315        2.894787e-03      
   24.956326      20.403928        4.243455e-03      
   24.956326      20.846626        5.949878e-03      
   24.956326      21.272215        7.998163e-03      
   24.956326      21.679546        1.032901e-02      
   24.956326      22.067523        1.284231e-02      
   24.956326      22.435100        1.541254e-02      
   24.956326      22.781284        1.790561e-02      
   24.956326      23.105144        2.019882e-02      
   24.956326      23.405806        2.219733e-02      
   24.956326      23.682459        2.384741e-02      
   24.956326      23.934358        2.513430e-02      
   24.956326      24.160824        2.607447e-02      
   24.956326      24.361246        2.670652e-02      
   24.956326      24.535084        2.708196e-02      
   24.956326      24.681869        2.726018e-02      
   24.956326      24.801206        2.730425e-02      
   24.956326      24.892773        2.727429e-02      
   24.956326      24.956326        2.722052e-02      
   24.956326      24.991706        2.717890e-02      
   24.991706      0.001580         1.886748e-10      
   24.991706      0.008319         9.936636e-10      
   24.991706      0.020424         2.430722e-09      
   24.991706      0.037866         4.474234e-09      
   24.991706      0.060596         7.083071e-09      
   24.991706      0.088555         1.000719e-08      
   24.991706      0.121667         1.158925e-08      
   24.991706      0.159843         1.684383e-08      
   24.991706      0.202979         1.617041e-08      
   24.991706      0.250960         2.162600e-08      
   24.991706      0.303656         1.513521e-08      
   24.991706      0.360925         9.420003e-09      
   24.991706      0.422613         4.770805e-09      
   24.991706      0.488552         -9.218251e-10     
   24.991706      0.558567         -6.813315e-09     
   24.991706      0.632467         -1.116333e-08     
   24.991706      0.710054         -1.236038e-08     
   24.991706      0.791119         -1.038914e-08     
   24.991706      0.875442         -6.509415e-09     
   24.991706      0.962797         -2.384717e-09     
   24.991706      1.052948         -4.306871e-10     
   24.991706      1.145653         -1.005991e-09     
   24.991706      1.240660         -3.829937e-09     
   24.991706      1.337714         -7.070377e-09     
   24.991706      1.436554         -9.374107e-09     
   24.991706      1.536913         -9.757341e-09     
   24.991706      1.638520         -8.907541e-09     
   24.991706      1.741102         -7.922281e-09     
   24.991706      1.844381         -8.096694e-09     
   24.991706      1.948080         -9.556688e-09     
   24.991706      2.051920         -1.183423e-08     
   24.991706      2.155619         -1.397208e-08     
   24.991706      2.258898         -1.509790e-08     
   24.991706      2.361480         -1.508657e-08     
   24.991706      2.463087         -1.445331e-08     
   24.991706      2.563446         -1.402917e-08     
   24.991706      2.662286         -1.428943e-08     
   24.991706      2.759340         -1.535895e-08     
   24.991706      2.854347         -1.692243e-08     
   24.991706      2.947052         -1.851508e-08     
   24.991706      3.037203         -1.977905e-08     
   24.991706      3.124558         -2.060891e-08     
   24.991706      3.208881         -2.115301e-08     
   24.991706      3.289946         -2.163408e-08     
   24.991706      3.367533         -2.227520e-08     
   24.991706      3.441433         -2.316692e-08     
   24.991706      3.511448         -2.427568e-08     
   24.991706      3.577387         -2.549089e-08     
   24.991706      3.639075         -2.668294e-08     
   24.991706      3.696344         -2.774667e-08     
   24.991706      3.749040         -2.862191e-08     
   24.991706      3.797021         -2.929391e-08     
   24.991706      3.840157         -2.978122e-08     
   24.991706      3.878333         -3.011970e-08     
   24.991706      3.911445         -3.034867e-08     
   24.991706      3.939404         -3.050219e-08     
   24.991706      3.962134         -3.060541e-08     
   24.991706      3.979576         -3.067452e-08     
   24.991706      3.991681         -3.071863e-08     
   24.991706      3.998420         -3.074215e-08     
   24.991706      4.008294         -3.077560e-08     
   24.991706      4.043674         -3.089196e-08     
   24.991706      4.107227         -3.113714e-08     
   24.991706      4.198794         -3.174189e-08     
   24.991706      4.318131         -3.321880e-08     
   24.991706      4.464916         -3.587616e-08     
   24.991706      4.638754         -3.907155e-08     
   24.991706      4.839176         -4.189366e-08     
   24.991706      5.065642         -4.560702e-08     
   24.991706      5.317541         -5.094324e-08     
   24.991706      5.594194         -5.446406e-08     
   24.991706      5.894856         -5.806607e-08     
   24.991706      6.218716         -6.501402e-08     
   24.991706      6.564900         -7.079264e-08     
   24.991706      6.932477         -7.680420e-08     
   24.991706      7.320454         -7.587570e-08     
   24.991706      7.727785         -7.440168e-08     
   24.991706      8.153374         -6.632899e-08     
   24.991706      8.596072         -4.705046e-08     
   24.991706      9.054685         -4.897424e-09     
   24.991706      9.527979         5.355796e-08      
   24.991706      10.014676        1.458420e-07      
   24.991706      10.513464        2.931622e-07      
   24.991706      11.023000        4.799271e-07      
   24.991706      11.541909        7.134868e-07      
   24.991706      12.068793        9.993970e-07      
   24.991706      12.602230        1.269012e-06      
   24.991706      13.140784        1.502039e-06      
   24.991706      13.683002        1.755029e-06      
   24.991706      14.227422        2.146372e-06      
   24.991706      14.772578        3.384276e-06      
   24.991706      15.316998        7.262288e-06      
   24.991706      15.859216        1.736696e-05      
   24.991706      16.397770        4.104524e-05      
   24.991706      16.931207        9.114911e-05      
   24.991706      17.458091        1.879306e-04      
   24.991706      17.977000        3.621237e-04      
   24.991706      18.486536        6.555951e-04      
   24.991706      18.985324        1.119828e-03      
   24.991706      19.472021        1.813711e-03      
   24.991706      19.945315        2.795194e-03      
   24.991706      20.403928        4.109066e-03      
   24.991706      20.846626        5.777165e-03      
   24.991706      21.272215        7.786514e-03      
   24.991706      21.679546        1.008127e-02      
   24.991706      22.067523        1.256531e-02      
   24.991706      22.435100        1.511631e-02      
   24.991706      22.781284        1.760200e-02      
   24.991706      23.105144        1.989954e-02      
   24.991706      23.405806        2.191286e-02      
   24.991706      23.682459        2.358621e-02      
   24.991706      23.934358        2.490210e-02      
   24.991706      24.160824        2.587460e-02      
   24.991706      24.361246        2.654008e-02      
   24.991706      24.535084        2.694813e-02      
   24.991706      24.681869        2.715654e-02      
   24.991706      24.801206        2.722687e-02      
   24.991706      24.892773        2.721787e-02      
   24.991706      24.956326        2.717890e-02      
   24.991706      24.991706        2.714556e-02      
