#       k             kp                  V           
   0.001580       0.001580         -6.283290e-06     
   0.001580       0.008319         -3.308573e-05     
   0.001580       0.020424         -8.113535e-05     
   0.001580       0.037866         -1.498504e-04     
   0.001580       0.060596         -2.378605e-04     
   0.001580       0.088555         -3.424889e-04     
   0.001580       0.121667         -4.592478e-04     
   0.001580       0.159843         -5.816722e-04     
   0.001580       0.202979         -7.017059e-04     
   0.001580       0.250960         -8.107460e-04     
   0.001580       0.303656         -9.011380e-04     
   0.001580       0.360925         -9.674914e-04     
   0.001580       0.422613         -1.007059e-03     
   0.001580       0.488552         -1.018984e-03     
   0.001580       0.558567         -1.003258e-03     
   0.001580       0.632467         -9.606627e-04     
   0.001580       0.710054         -8.939269e-04     
   0.001580       0.791119         -8.084672e-04     
   0.001580       0.875442         -7.110353e-04     
   0.001580       0.962797         -6.072267e-04     
   0.001580       1.052948         -5.007629e-04     
   0.001580       1.145653         -3.951736e-04     
   0.001580       1.240660         -2.948961e-04     
   0.001580       1.337714         -2.039923e-04     
   0.001580       1.436554         -1.248992e-04     
   0.001580       1.536913         -5.920223e-05     
   0.001580       1.638520         -8.367332e-06     
   0.001580       1.741102         2.717239e-05      
   0.001580       1.844381         4.864949e-05      
   0.001580       1.948080         5.822203e-05      
   0.001580       2.051920         5.842300e-05      
   0.001580       2.155619         5.222669e-05      
   0.001580       2.258898         4.267807e-05      
   0.001580       2.361480         3.223985e-05      
   0.001580       2.463087         2.258717e-05      
   0.001580       2.563446         1.468386e-05      
   0.001580       2.662286         8.850530e-06      
   0.001580       2.759340         4.922995e-06      
   0.001580       2.854347         2.499111e-06      
   0.001580       2.947052         1.132758e-06      
   0.001580       3.037203         4.358753e-07      
   0.001580       3.124558         1.202044e-07      
   0.001580       3.208881         -7.951520e-10     
   0.001580       3.289946         -3.385484e-08     
   0.001580       3.367533         -3.342614e-08     
   0.001580       3.441433         -2.398146e-08     
   0.001580       3.511448         -1.472732e-08     
   0.001580       3.577387         -8.078679e-09     
   0.001580       3.639075         -3.947549e-09     
   0.001580       3.696344         -1.614578e-09     
   0.001580       3.749040         -3.989405e-10     
   0.001580       3.797021         1.811642e-10      
   0.001580       3.840157         4.241457e-10      
   0.001580       3.878333         5.002561e-10      
   0.001580       3.911445         5.009325e-10      
   0.001580       3.939404         4.727863e-10      
   0.001580       3.962134         4.383443e-10      
   0.001580       3.979576         4.078150e-10      
   0.001580       3.991681         3.854325e-10      
   0.001580       3.998420         3.727311e-10      
   0.001580       4.008294         3.539714e-10      
   0.001580       4.043674         2.875117e-10      
   0.001580       4.107227         1.827641e-10      
   0.001580       4.198794         8.061910e-11      
   0.001580       4.318131         1.937389e-11      
   0.001580       4.464916         -1.594636e-13     
   0.001580       4.638754         -1.380863e-12     
   0.001580       4.839176         -2.807721e-13     
   0.001580       5.065642         -6.189189e-15     
   0.001580       5.317541         2.451186e-15      
   0.001580       5.594194         8.693063e-17      
   0.001580       5.894856         -5.019317e-18     
   0.001580       6.218716         -3.978824e-20     
   0.001580       6.564900         2.102010e-21      
   0.001580       6.932477         -1.116940e-23     
   0.001580       7.320454         4.789144e-26      
   0.001580       7.727785         -3.513399e-28     
   0.001580       8.153374         -8.415768e-31     
   0.001580       8.596072         6.806746e-33      
   0.001580       9.054685         -7.737111e-36     
   0.001580       9.527979         2.278526e-39      
   0.001580       10.014676        -1.325072e-43     
   0.001580       10.513464        -5.145363e-48     
   0.001580       11.023000        2.861149e-52      
   0.001580       11.541909        -2.447612e-57     
   0.001580       12.068793        5.019218e-63      
   0.001580       12.602230        -2.599426e-69     
   0.001580       13.140784        3.379351e-76      
   0.001580       13.683002        -1.069380e-83     
   0.001580       14.227422        7.542165e-92      
   0.001580       14.772578       -6.852193e-101     
   0.001580       15.316998       -1.238878e-109     
   0.001580       15.859216        1.023575e-118     
   0.001580       16.397770       -1.856449e-128     
   0.001580       16.931207        1.132295e-138     
   0.001580       17.458091       -2.876763e-149     
   0.001580       17.977000        3.672045e-160     
   0.001580       18.486536       -4.937657e-159     
   0.001580       18.985324       -7.479246e-148     
   0.001580       19.472021       -1.171617e-136     
   0.001580       19.945315       -1.541901e-125     
   0.001580       20.403928       -1.378977e-114     
   0.001580       20.846626       -6.784794e-104     
   0.001580       21.272215        -1.492892e-93     
   0.001580       21.679546        -1.203890e-83     
   0.001580       22.067523        -2.942527e-74     
   0.001580       22.435100        -1.808127e-65     
   0.001580       22.781284        -2.245695e-57     
   0.001580       23.105144        -3.306964e-50     
   0.001580       23.405806        3.364795e-43      
   0.001580       23.682459        1.782198e-36      
   0.001580       23.934358        1.029151e-30      
   0.001580       24.160824        9.612613e-26      
   0.001580       24.361246        1.616732e-21      
   0.001580       24.535084        5.254778e-18      
   0.001580       24.681869        3.514489e-15      
   0.001580       24.801206        5.120752e-13      
   0.001580       24.892773        1.749275e-11      
   0.001580       24.956326        1.278923e-10      
   0.001580       24.991706        4.927960e-10      
   0.008319       0.001580         -3.308573e-05     
   0.008319       0.008319         -1.742180e-04     
   0.008319       0.020424         -4.272308e-04     
   0.008319       0.037866         -7.890612e-04     
   0.008319       0.060596         -1.252496e-03     
   0.008319       0.088555         -1.803442e-03     
   0.008319       0.121667         -2.418274e-03     
   0.008319       0.159843         -3.062956e-03     
   0.008319       0.202979         -3.695069e-03     
   0.008319       0.250960         -4.269311e-03     
   0.008319       0.303656         -4.745363e-03     
   0.008319       0.360925         -5.094821e-03     
   0.008319       0.422613         -5.303199e-03     
   0.008319       0.488552         -5.365988e-03     
   0.008319       0.558567         -5.283149e-03     
   0.008319       0.632467         -5.058826e-03     
   0.008319       0.710054         -4.707405e-03     
   0.008319       0.791119         -4.257396e-03     
   0.008319       0.875442         -3.744333e-03     
   0.008319       0.962797         -3.197674e-03     
   0.008319       1.052948         -2.637028e-03     
   0.008319       1.145653         -2.080994e-03     
   0.008319       1.240660         -1.552937e-03     
   0.008319       1.337714         -1.074237e-03     
   0.008319       1.436554         -6.577292e-04     
   0.008319       1.536913         -3.117648e-04     
   0.008319       1.638520         -4.406394e-05     
   0.008319       1.741102         1.430930e-04      
   0.008319       1.844381         2.561945e-04      
   0.008319       1.948080         3.066047e-04      
   0.008319       2.051920         3.076643e-04      
   0.008319       2.155619         2.750356e-04      
   0.008319       2.258898         2.247519e-04      
   0.008319       2.361480         1.697825e-04      
   0.008319       2.463087         1.189498e-04      
   0.008319       2.563446         7.732951e-05      
   0.008319       2.662286         4.660985e-05      
   0.008319       2.759340         2.592635e-05      
   0.008319       2.854347         1.316139e-05      
   0.008319       2.947052         5.965686e-06      
   0.008319       3.037203         2.295612e-06      
   0.008319       3.124558         6.331288e-07      
   0.008319       3.208881         -4.134818e-09     
   0.008319       3.289946         -1.782631e-07     
   0.008319       3.367533         -1.760199e-07     
   0.008319       3.441433         -1.262887e-07     
   0.008319       3.511448         -7.755702e-08     
   0.008319       3.577387         -4.254465e-08     
   0.008319       3.639075         -2.078934e-08     
   0.008319       3.696344         -8.503299e-09     
   0.008319       3.749040         -2.101346e-09     
   0.008319       3.797021         9.537354e-10      
   0.008319       3.840157         2.233422e-09      
   0.008319       3.878333         2.634301e-09      
   0.008319       3.911445         2.637907e-09      
   0.008319       3.939404         2.489713e-09      
   0.008319       3.962134         2.308353e-09      
   0.008319       3.979576         2.147592e-09      
   0.008319       3.991681         2.029728e-09      
   0.008319       3.998420         1.962843e-09      
   0.008319       4.008294         1.864056e-09      
   0.008319       4.043674         1.514079e-09      
   0.008319       4.107227         9.624705e-10      
   0.008319       4.198794         4.245599e-10      
   0.008319       4.318131         1.020297e-10      
   0.008319       4.464916         -8.387611e-13     
   0.008319       4.638754         -7.271749e-12     
   0.008319       4.839176         -1.478604e-12     
   0.008319       5.065642         -3.259626e-14     
   0.008319       5.317541         1.290828e-14      
   0.008319       5.594194         4.578012e-16      
   0.008319       5.894856         -2.643240e-17     
   0.008319       6.218716         -2.095394e-19     
   0.008319       6.564900         1.106956e-20      
   0.008319       6.932477         -5.881868e-23     
   0.008319       7.320454         2.522131e-25      
   0.008319       7.727785         -1.850343e-27     
   0.008319       8.153374         -4.432001e-30     
   0.008319       8.596072         3.584704e-32      
   0.008319       9.054685         -4.074670e-35     
   0.008319       9.527979         1.199958e-38      
   0.008319       10.014676        -6.978225e-43     
   0.008319       10.513464        -2.709842e-47     
   0.008319       11.023000        1.506812e-51      
   0.008319       11.541909        -1.289019e-56     
   0.008319       12.068793        2.643332e-62      
   0.008319       12.602230        -1.368964e-68     
   0.008319       13.140784        1.779702e-75      
   0.008319       13.683002        -5.631768e-83     
   0.008319       14.227422        3.971975e-91      
   0.008319       14.772578       -3.608499e-100     
   0.008319       15.316998       -6.524592e-109     
   0.008319       15.859216        5.390611e-118     
   0.008319       16.397770       -9.776870e-128     
   0.008319       16.931207        5.963146e-138     
   0.008319       17.458091       -1.515024e-148     
   0.008319       17.977000        1.933851e-159     
   0.008319       18.486536       -2.564765e-158     
   0.008319       18.985324       -3.884941e-147     
   0.008319       19.472021       -6.085723e-136     
   0.008319       19.945315       -8.009088e-125     
   0.008319       20.403928       -7.162816e-114     
   0.008319       20.846626       -3.524223e-103     
   0.008319       21.272215        -7.754522e-93     
   0.008319       21.679546        -6.253358e-83     
   0.008319       22.067523        -1.528435e-73     
   0.008319       22.435100        -9.391945e-65     
   0.008319       22.781284        -1.166481e-56     
   0.008319       23.105144        -1.717735e-49     
   0.008319       23.405806        1.747774e-42      
   0.008319       23.682459        9.257265e-36      
   0.008319       23.934358        5.345716e-30      
   0.008319       24.160824        4.993075e-25      
   0.008319       24.361246        8.397784e-21      
   0.008319       24.535084        2.729487e-17      
   0.008319       24.681869        1.825529e-14      
   0.008319       24.801206        2.659870e-12      
   0.008319       24.892773        9.086253e-11      
   0.008319       24.956326        6.643101e-10      
   0.008319       24.991706        2.559728e-09      
   0.020424       0.001580         -8.113535e-05     
   0.020424       0.008319         -4.272308e-04     
   0.020424       0.020424         -1.047692e-03     
   0.020424       0.037866         -1.935018e-03     
   0.020424       0.060596         -3.071555e-03     
   0.020424       0.088555         -4.422811e-03     
   0.020424       0.121667         -5.930954e-03     
   0.020424       0.159843         -7.512650e-03     
   0.020424       0.202979         -9.064000e-03     
   0.020424       0.250960         -1.047395e-02     
   0.020424       0.303656         -1.164352e-02     
   0.020424       0.360925         -1.250280e-02     
   0.020424       0.422613         -1.301590e-02     
   0.020424       0.488552         -1.317147e-02     
   0.020424       0.558567         -1.296930e-02     
   0.020424       0.632467         -1.241961e-02     
   0.020424       0.710054         -1.155773e-02     
   0.020424       0.791119         -1.045357e-02     
   0.020424       0.875442         -9.194205e-03     
   0.020424       0.962797         -7.851998e-03     
   0.020424       1.052948         -6.475283e-03     
   0.020424       1.145653         -5.109872e-03     
   0.020424       1.240660         -3.813130e-03     
   0.020424       1.337714         -2.637547e-03     
   0.020424       1.436554         -1.614732e-03     
   0.020424       1.536913         -7.652530e-04     
   0.020424       1.638520         -1.080037e-04     
   0.020424       1.741102         3.514860e-04      
   0.020424       1.844381         6.291449e-04      
   0.020424       1.948080         7.528734e-04      
   0.020424       2.051920         7.554531e-04      
   0.020424       2.155619         6.753434e-04      
   0.020424       2.258898         5.518896e-04      
   0.020424       2.361480         4.169247e-04      
   0.020424       2.463087         2.921121e-04      
   0.020424       2.563446         1.899141e-04      
   0.020424       2.662286         1.144764e-04      
   0.020424       2.759340         6.368032e-05      
   0.020424       2.854347         3.232931e-05      
   0.020424       2.947052         1.465540e-05      
   0.020424       3.037203         5.640333e-06      
   0.020424       3.124558         1.556234e-06      
   0.020424       3.208881         -9.516404e-09     
   0.020424       3.289946         -4.375160e-07     
   0.020424       3.367533         -4.321804e-07     
   0.020424       3.441433         -3.101240e-07     
   0.020424       3.511448         -1.904749e-07     
   0.020424       3.577387         -1.044972e-07     
   0.020424       3.639075         -5.106880e-08     
   0.020424       3.696344         -2.089330e-08     
   0.020424       3.749040         -5.168179e-09     
   0.020424       3.797021         2.336943e-09      
   0.020424       3.840157         5.481323e-09      
   0.020424       3.878333         6.466963e-09      
   0.020424       3.911445         6.476581e-09      
   0.020424       3.939404         6.113138e-09      
   0.020424       3.962134         5.668069e-09      
   0.020424       3.979576         5.273466e-09      
   0.020424       3.991681         4.984131e-09      
   0.020424       3.998420         4.819934e-09      
   0.020424       4.008294         4.577408e-09      
   0.020424       4.043674         3.718144e-09      
   0.020424       4.107227         2.363691e-09      
   0.020424       4.198794         1.042742e-09      
   0.020424       4.318131         2.506292e-10      
   0.020424       4.464916         -2.041150e-12     
   0.020424       4.638754         -1.785613e-11     
   0.020424       4.839176         -3.631427e-12     
   0.020424       5.065642         -8.011339e-14     
   0.020424       5.317541         3.169917e-14      
   0.020424       5.594194         1.124528e-15      
   0.020424       5.894856         -6.491086e-17     
   0.020424       6.218716         -5.148116e-19     
   0.020424       6.564900         2.718645e-20      
   0.020424       6.932477         -1.444328e-22     
   0.020424       7.320454         6.193660e-25      
   0.020424       7.727785         -4.544741e-27     
   0.020424       8.153374         -1.088604e-29     
   0.020424       8.596072         8.804746e-32      
   0.020424       9.054685         -1.000808e-34     
   0.020424       9.527979         2.947240e-38      
   0.020424       10.014676        -1.713809e-42     
   0.020424       10.513464        -6.656895e-47     
   0.020424       11.023000        3.701176e-51      
   0.020424       11.541909        -3.166140e-56     
   0.020424       12.068793        6.492576e-62      
   0.020424       12.602230        -3.362429e-68     
   0.020424       13.140784        4.371229e-75      
   0.020424       13.683002        -1.383231e-82     
   0.020424       14.227422        9.755358e-91      
   0.020424       14.772578       -8.861056e-100     
   0.020424       15.316998       -1.602779e-108     
   0.020424       15.859216        1.324102e-117     
   0.020424       16.397770       -2.401452e-127     
   0.020424       16.931207        1.464687e-137     
   0.020424       17.458091       -3.721228e-148     
   0.020424       17.977000        4.749940e-159     
   0.020424       18.486536       -5.916908e-158     
   0.020424       18.985324       -8.962552e-147     
   0.020424       19.472021       -1.403975e-135     
   0.020424       19.945315       -1.847695e-124     
   0.020424       20.403928       -1.652460e-113     
   0.020424       20.846626       -8.130375e-103     
   0.020424       21.272215        -1.788967e-92     
   0.020424       21.679546        -1.442648e-82     
   0.020424       22.067523        -3.526097e-73     
   0.020424       22.435100        -2.166720e-64     
   0.020424       22.781284        -2.691069e-56     
   0.020424       23.105144        -3.962812e-49     
   0.020424       23.405806        4.032109e-42      
   0.020424       23.682459        2.135649e-35      
   0.020424       23.934358        1.233255e-29      
   0.020424       24.160824        1.151901e-24      
   0.020424       24.361246        1.937367e-20      
   0.020424       24.535084        6.296920e-17      
   0.020424       24.681869        4.211492e-14      
   0.020424       24.801206        6.136314e-12      
   0.020424       24.892773        2.096197e-10      
   0.020424       24.956326        1.532562e-09      
   0.020424       24.991706        5.905287e-09      
   0.037866       0.001580         -1.498504e-04     
   0.037866       0.008319         -7.890612e-04     
   0.037866       0.020424         -1.935018e-03     
   0.037866       0.037866         -3.573927e-03     
   0.037866       0.060596         -5.673331e-03     
   0.037866       0.088555         -8.169844e-03     
   0.037866       0.121667         -1.095714e-02     
   0.037866       0.159843         -1.388192e-02     
   0.037866       0.202979         -1.675281e-02     
   0.037866       0.250960         -1.936481e-02     
   0.037866       0.303656         -2.153456e-02     
   0.037866       0.360925         -2.313159e-02     
   0.037866       0.422613         -2.408800e-02     
   0.037866       0.488552         -2.438164e-02     
   0.037866       0.558567         -2.401194e-02     
   0.037866       0.632467         -2.299839e-02     
   0.037866       0.710054         -2.140680e-02     
   0.037866       0.791119         -1.936605e-02     
   0.037866       0.875442         -1.703654e-02     
   0.037866       0.962797         -1.455209e-02     
   0.037866       1.052948         -1.200291e-02     
   0.037866       1.145653         -9.474299e-03     
   0.037866       1.240660         -7.072196e-03     
   0.037866       1.337714         -4.893572e-03     
   0.037866       1.436554         -2.997385e-03     
   0.037866       1.536913         -1.422205e-03     
   0.037866       1.638520         -2.030526e-04     
   0.037866       1.741102         6.497919e-04      
   0.037866       1.844381         1.165512e-03      
   0.037866       1.948080         1.395598e-03      
   0.037866       2.051920         1.400866e-03      
   0.037866       2.155619         1.252647e-03      
   0.037866       2.258898         1.023858e-03      
   0.037866       2.361480         7.735748e-04      
   0.037866       2.463087         5.420584e-04      
   0.037866       2.563446         3.524595e-04      
   0.037866       2.662286         2.124808e-04      
   0.037866       2.759340         1.182111e-04      
   0.037866       2.854347         6.002228e-05      
   0.037866       2.947052         2.721501e-05      
   0.037866       3.037203         1.047781e-05      
   0.037866       3.124558         2.893523e-06      
   0.037866       3.208881         -1.513462e-08     
   0.037866       3.289946         -8.109229e-07     
   0.037866       3.367533         -8.017268e-07     
   0.037866       3.441433         -5.755066e-07     
   0.037866       3.511448         -3.535541e-07     
   0.037866       3.577387         -1.940060e-07     
   0.037866       3.639075         -9.483678e-08     
   0.037866       3.696344         -3.881733e-08     
   0.037866       3.749040         -9.618994e-09     
   0.037866       3.797021         4.319816e-09      
   0.037866       3.840157         1.016211e-08      
   0.037866       3.878333         1.199557e-08      
   0.037866       3.911445         1.201602e-08      
   0.037866       3.939404         1.134309e-08      
   0.037866       3.962134         1.051804e-08      
   0.037866       3.979576         9.786262e-09      
   0.037866       3.991681         9.249603e-09      
   0.037866       3.998420         8.945024e-09      
   0.037866       4.008294         8.495119e-09      
   0.037866       4.043674         6.900902e-09      
   0.037866       4.107227         4.387472e-09      
   0.037866       4.198794         1.935785e-09      
   0.037866       4.318131         4.653876e-10      
   0.037866       4.464916         -3.738475e-12     
   0.037866       4.638754         -3.313989e-11     
   0.037866       4.839176         -6.741429e-12     
   0.037866       5.065642         -1.488500e-13     
   0.037866       5.317541         5.884163e-14      
   0.037866       5.594194         2.087955e-15      
   0.037866       5.894856         -1.204988e-16     
   0.037866       6.218716         -9.559482e-19     
   0.037866       6.564900         5.047370e-20      
   0.037866       6.932477         -2.681685e-22     
   0.037866       7.320454         1.149829e-24      
   0.037866       7.727785         -8.434982e-27     
   0.037866       8.153374         -2.021423e-29     
   0.037866       8.596072         1.634456e-31      
   0.037866       9.054685         -1.857719e-34     
   0.037866       9.527979         5.470390e-38      
   0.037866       10.014676        -3.180433e-42     
   0.037866       10.513464        -1.236093e-46     
   0.037866       11.023000        6.870792e-51      
   0.037866       11.541909        -5.877215e-56     
   0.037866       12.068793        1.205155e-61      
   0.037866       12.602230        -6.241151e-68     
   0.037866       13.140784        8.113320e-75      
   0.037866       13.683002        -2.567231e-82     
   0.037866       14.227422        1.810338e-90      
   0.037866       14.772578        -1.643127e-99     
   0.037866       15.316998       -2.976805e-108     
   0.037866       15.859216        2.458348e-117     
   0.037866       16.397770       -4.458166e-127     
   0.037866       16.931207        2.718997e-137     
   0.037866       17.458091       -6.907792e-148     
   0.037866       17.977000        8.817271e-159     
   0.037866       18.486536       -9.103831e-158     
   0.037866       18.985324       -1.378990e-146     
   0.037866       19.472021       -2.160174e-135     
   0.037866       19.945315       -2.842887e-124     
   0.037866       20.403928       -2.542497e-113     
   0.037866       20.846626       -1.250950e-102     
   0.037866       21.272215        -2.752527e-92     
   0.037866       21.679546        -2.219677e-82     
   0.037866       22.067523        -5.425299e-73     
   0.037866       22.435100        -3.333743e-64     
   0.037866       22.781284        -4.140513e-56     
   0.037866       23.105144        -6.097237e-49     
   0.037866       23.405806        6.203848e-42      
   0.037866       23.682459        3.285935e-35      
   0.037866       23.934358        1.897502e-29      
   0.037866       24.160824        1.772330e-24      
   0.037866       24.361246        2.980856e-20      
   0.037866       24.535084        9.688518e-17      
   0.037866       24.681869        6.479854e-14      
   0.037866       24.801206        9.441409e-12      
   0.037866       24.892773        3.225234e-10      
   0.037866       24.956326        2.358019e-09      
   0.037866       24.991706        9.085947e-09      
   0.060596       0.001580         -2.378605e-04     
   0.060596       0.008319         -1.252496e-03     
   0.060596       0.020424         -3.071555e-03     
   0.060596       0.037866         -5.673331e-03     
   0.060596       0.060596         -9.006846e-03     
   0.060596       0.088555         -1.297257e-02     
   0.060596       0.121667         -1.740343e-02     
   0.060596       0.159843         -2.205815e-02     
   0.060596       0.202979         -2.663477e-02     
   0.060596       0.250960         -3.080830e-02     
   0.060596       0.303656         -3.428562e-02     
   0.060596       0.360925         -3.685500e-02     
   0.060596       0.422613         -3.840288e-02     
   0.060596       0.488552         -3.888984e-02     
   0.060596       0.558567         -3.831421e-02     
   0.060596       0.632467         -3.670901e-02     
   0.060596       0.710054         -3.418053e-02     
   0.060596       0.791119         -3.093287e-02     
   0.060596       0.875442         -2.721928e-02     
   0.060596       0.962797         -2.325328e-02     
   0.060596       1.052948         -1.918168e-02     
   0.060596       1.145653         -1.514269e-02     
   0.060596       1.240660         -1.130475e-02     
   0.060596       1.337714         -7.822005e-03     
   0.060596       1.436554         -4.789939e-03     
   0.060596       1.536913         -2.271450e-03     
   0.060596       1.638520         -3.220773e-04     
   0.060596       1.741102         1.042183e-03      
   0.060596       1.844381         1.867322e-03      
   0.060596       1.948080         2.235250e-03      
   0.060596       2.051920         2.243542e-03      
   0.060596       2.155619         2.006370e-03      
   0.060596       2.258898         1.640139e-03      
   0.060596       2.361480         1.239361e-03      
   0.060596       2.463087         8.686021e-04      
   0.060596       2.563446         5.649349e-04      
   0.060596       2.662286         3.406742e-04      
   0.060596       2.759340         1.895947e-04      
   0.060596       2.854347         9.631379e-05      
   0.060596       2.947052         4.370331e-05      
   0.060596       3.037203         1.684850e-05      
   0.060596       3.124558         4.669729e-06      
   0.060596       3.208881         -7.152428e-09     
   0.060596       3.289946         -1.291342e-06     
   0.060596       3.367533         -1.281325e-06     
   0.060596       3.441433         -9.211056e-07     
   0.060596       3.511448         -5.664200e-07     
   0.060596       3.577387         -3.110976e-07     
   0.060596       3.639075         -1.522550e-07     
   0.060596       3.696344         -6.245826e-08     
   0.060596       3.749040         -1.561605e-08     
   0.060596       3.797021         6.770905e-09      
   0.060596       3.840157         1.617323e-08      
   0.060596       3.878333         1.914091e-08      
   0.060596       3.911445         1.919461e-08      
   0.060596       3.939404         1.813067e-08      
   0.060596       3.962134         1.681827e-08      
   0.060596       3.979576         1.565197e-08      
   0.060596       3.991681         1.479589e-08      
   0.060596       3.998420         1.430982e-08      
   0.060596       4.008294         1.359158e-08      
   0.060596       4.043674         1.104485e-08      
   0.060596       4.107227         7.025913e-09      
   0.060596       4.198794         3.102217e-09      
   0.060596       4.318131         7.469671e-10      
   0.060596       4.464916         -5.399937e-12     
   0.060596       4.638754         -5.298670e-11     
   0.060596       4.839176         -1.079962e-11     
   0.060596       5.065642         -2.404912e-13     
   0.060596       5.317541         9.413294e-14      
   0.060596       5.594194         3.351430e-15      
   0.060596       5.894856         -1.927326e-16     
   0.060596       6.218716         -1.539366e-18     
   0.060596       6.564900         8.082933e-20      
   0.060596       6.932477         -4.281818e-22     
   0.060596       7.320454         1.837809e-24      
   0.060596       7.727785         -1.353166e-26     
   0.060596       8.153374         -3.241003e-29     
   0.060596       8.596072         2.621908e-31      
   0.060596       9.054685         -2.980032e-34     
   0.060596       9.527979         8.774124e-38      
   0.060596       10.014676        -5.098204e-42     
   0.060596       10.513464        -1.985615e-46     
   0.060596       11.023000        1.102738e-50      
   0.060596       11.541909        -9.431119e-56     
   0.060596       12.068793        1.933738e-61      
   0.060596       12.602230        -1.001367e-67     
   0.060596       13.140784        1.301679e-74      
   0.060596       13.683002        -4.118538e-82     
   0.060596       14.227422        2.903960e-90      
   0.060596       14.772578        -2.634229e-99     
   0.060596       15.316998       -4.777838e-108     
   0.060596       15.859216        3.944628e-117     
   0.060596       16.397770       -7.152959e-127     
   0.060596       16.931207        4.362356e-137     
   0.060596       17.458091       -1.108259e-147     
   0.060596       17.977000        1.414589e-158     
   0.060596       18.486536       -8.591783e-158     
   0.060596       18.985324       -1.301428e-146     
   0.060596       19.472021       -2.038675e-135     
   0.060596       19.945315       -2.682988e-124     
   0.060596       20.403928       -2.399493e-113     
   0.060596       20.846626       -1.180590e-102     
   0.060596       21.272215        -2.597710e-92     
   0.060596       21.679546        -2.094831e-82     
   0.060596       22.067523        -5.120150e-73     
   0.060596       22.435100        -3.146235e-64     
   0.060596       22.781284        -3.907629e-56     
   0.060596       23.105144        -5.754304e-49     
   0.060596       23.405806        5.854896e-42      
   0.060596       23.682459        3.101112e-35      
   0.060596       23.934358        1.790774e-29      
   0.060596       24.160824        1.672643e-24      
   0.060596       24.361246        2.813195e-20      
   0.060596       24.535084        9.143577e-17      
   0.060596       24.681869        6.115387e-14      
   0.060596       24.801206        8.910366e-12      
   0.060596       24.892773        3.043827e-10      
   0.060596       24.956326        2.225389e-09      
   0.060596       24.991706        8.574898e-09      
   0.088555       0.001580         -3.424889e-04     
   0.088555       0.008319         -1.803442e-03     
   0.088555       0.020424         -4.422811e-03     
   0.088555       0.037866         -8.169844e-03     
   0.088555       0.060596         -1.297257e-02     
   0.088555       0.088555         -1.869055e-02     
   0.088555       0.121667         -2.508770e-02     
   0.088555       0.159843         -3.182221e-02     
   0.088555       0.202979         -3.846409e-02     
   0.088555       0.250960         -4.454661e-02     
   0.088555       0.303656         -4.964251e-02     
   0.088555       0.360925         -5.343480e-02     
   0.088555       0.422613         -5.574475e-02     
   0.088555       0.488552         -5.650414e-02     
   0.088555       0.558567         -5.570817e-02     
   0.088555       0.632467         -5.340940e-02     
   0.088555       0.710054         -4.976550e-02     
   0.088555       0.791119         -4.506888e-02     
   0.088555       0.875442         -3.968070e-02     
   0.088555       0.962797         -3.391119e-02     
   0.088555       1.052948         -2.798120e-02     
   0.088555       1.145653         -2.209714e-02     
   0.088555       1.240660         -1.650256e-02     
   0.088555       1.337714         -1.142019e-02     
   0.088555       1.436554         -6.992674e-03     
   0.088555       1.536913         -3.315219e-03     
   0.088555       1.638520         -4.679458e-04     
   0.088555       1.741102         1.526715e-03      
   0.088555       1.844381         2.733990e-03      
   0.088555       1.948080         3.272243e-03      
   0.088555       2.051920         3.284716e-03      
   0.088555       2.155619         2.938408e-03      
   0.088555       2.258898         2.402837e-03      
   0.088555       2.361480         1.816199e-03      
   0.088555       2.463087         1.273330e-03      
   0.088555       2.563446         8.285630e-04      
   0.088555       2.662286         4.999098e-04      
   0.088555       2.759340         2.783715e-04      
   0.088555       2.854347         1.415224e-04      
   0.088555       2.947052         6.429547e-05      
   0.088555       3.037203         2.484028e-05      
   0.088555       3.124558         6.924050e-06      
   0.088555       3.208881         2.952781e-08      
   0.088555       3.289946         -1.874270e-06     
   0.088555       3.367533         -1.870554e-06     
   0.088555       3.441433         -1.347730e-06     
   0.088555       3.511448         -8.300010e-07     
   0.088555       3.577387         -4.564832e-07     
   0.088555       3.639075         -2.237857e-07     
   0.088555       3.696344         -9.208769e-08     
   0.088555       3.749040         -2.330609e-08     
   0.088555       3.797021         9.618617e-09      
   0.088555       3.840157         2.348584e-08      
   0.088555       3.878333         2.789740e-08      
   0.088555       3.911445         2.801884e-08      
   0.088555       3.939404         2.648831e-08      
   0.088555       3.962134         2.458391e-08      
   0.088555       3.979576         2.288687e-08      
   0.088555       3.991681         2.163964e-08      
   0.088555       3.998420         2.093104e-08      
   0.088555       4.008294         1.988353e-08      
   0.088555       4.043674         1.616573e-08      
   0.088555       4.107227         1.029101e-08      
   0.088555       4.198794         4.548438e-09      
   0.088555       4.318131         1.097388e-09      
   0.088555       4.464916         -6.809619e-12     
   0.088555       4.638754         -7.746097e-11     
   0.088555       4.839176         -1.582599e-11     
   0.088555       5.065642         -3.559436e-13     
   0.088555       5.317541         1.377231e-13      
   0.088555       5.594194         4.921904e-15      
   0.088555       5.894856         -2.819420e-16     
   0.088555       6.218716         -2.267975e-18     
   0.088555       6.564900         1.184002e-19      
   0.088555       6.932477         -6.252213e-22     
   0.088555       7.320454         2.690256e-24      
   0.088555       7.727785         -1.988846e-26     
   0.088555       8.153374         -4.755914e-29     
   0.088555       8.596072         3.850787e-31      
   0.088555       9.054685         -4.376579e-34     
   0.088555       9.527979         1.288303e-37      
   0.088555       10.014676        -7.478337e-42     
   0.088555       10.513464        -2.922694e-46     
   0.088555       11.023000        1.620815e-50      
   0.088555       11.541909        -1.385791e-55     
   0.088555       12.068793        2.840967e-61      
   0.088555       12.602230        -1.470998e-67     
   0.088555       13.140784        1.911939e-74      
   0.088555       13.683002        -6.048544e-82     
   0.088555       14.227422        4.263632e-90      
   0.088555       14.772578        -3.861603e-99     
   0.088555       15.316998       -7.026269e-108     
   0.088555       15.859216        5.796715e-117     
   0.088555       16.397770       -1.050937e-126     
   0.088555       16.931207        6.408701e-137     
   0.088555       17.458091       -1.628041e-147     
   0.088555       17.977000        2.077969e-158     
   0.088555       18.486536       -4.950569e-158     
   0.088555       18.985324       -7.498804e-147     
   0.088555       19.472021       -1.174680e-135     
   0.088555       19.945315       -1.545932e-124     
   0.088555       20.403928       -1.382583e-113     
   0.088555       20.846626       -6.802534e-103     
   0.088555       21.272215        -1.496795e-92     
   0.088555       21.679546        -1.207037e-82     
   0.088555       22.067523        -2.950220e-73     
   0.088555       22.435100        -1.812854e-64     
   0.088555       22.781284        -2.251569e-56     
   0.088555       23.105144        -3.315627e-49     
   0.088555       23.405806        3.373565e-42      
   0.088555       23.682459        1.786851e-35      
   0.088555       23.934358        1.031839e-29      
   0.088555       24.160824        9.637719e-25      
   0.088555       24.361246        1.620955e-20      
   0.088555       24.535084        5.268504e-17      
   0.088555       24.681869        3.523669e-14      
   0.088555       24.801206        5.134128e-12      
   0.088555       24.892773        1.753845e-10      
   0.088555       24.956326        1.282263e-09      
   0.088555       24.991706        4.940832e-09      
   0.121667       0.001580         -4.592478e-04     
   0.121667       0.008319         -2.418274e-03     
   0.121667       0.020424         -5.930954e-03     
   0.121667       0.037866         -1.095714e-02     
   0.121667       0.060596         -1.740343e-02     
   0.121667       0.088555         -2.508770e-02     
   0.121667       0.121667         -3.370319e-02     
   0.121667       0.159843         -4.280363e-02     
   0.121667       0.202979         -5.182314e-02     
   0.121667       0.250960         -6.013887e-02     
   0.121667       0.303656         -6.716708e-02     
   0.121667       0.360925         -7.245703e-02     
   0.121667       0.422613         -7.573618e-02     
   0.121667       0.488552         -7.688765e-02     
   0.121667       0.558567         -7.589860e-02     
   0.121667       0.632467         -7.284902e-02     
   0.121667       0.710054         -6.795956e-02     
   0.121667       0.791119         -6.161945e-02     
   0.121667       0.875442         -5.430586e-02     
   0.121667       0.962797         -4.644086e-02     
   0.121667       1.052948         -3.834095e-02     
   0.121667       1.145653         -3.029909e-02     
   0.121667       1.240660         -2.264471e-02     
   0.121667       1.337714         -1.567867e-02     
   0.121667       1.436554         -9.603475e-03     
   0.121667       1.536913         -4.556931e-03     
   0.121667       1.638520         -6.472082e-04     
   0.121667       1.741102         2.096653e-03      
   0.121667       1.844381         3.759961e-03      
   0.121667       1.948080         4.502341e-03      
   0.121667       2.051920         4.521759e-03      
   0.121667       2.155619         4.047867e-03      
   0.121667       2.258898         3.312273e-03      
   0.121667       2.361480         2.505006e-03      
   0.121667       2.463087         1.757406e-03      
   0.121667       2.563446         1.144503e-03      
   0.121667       2.662286         6.911472e-04      
   0.121667       2.759340         3.852334e-04      
   0.121667       2.854347         1.961043e-04      
   0.121667       2.947052         8.926978e-05      
   0.121667       3.037203         3.460762e-05      
   0.121667       3.124558         9.733702e-06      
   0.121667       3.208881         1.294111e-07      
   0.121667       3.289946         -2.546455e-06     
   0.121667       3.367533         -2.565753e-06     
   0.121667       3.441433         -1.855493e-06     
   0.121667       3.511448         -1.145519e-06     
   0.121667       3.577387         -6.314318e-07     
   0.121667       3.639075         -3.104260e-07     
   0.121667       3.696344         -1.284044e-07     
   0.121667       3.749040         -3.315088e-08     
   0.121667       3.797021         1.256753e-08      
   0.121667       3.840157         3.191424e-08      
   0.121667       3.878333         3.814929e-08      
   0.121667       3.911445         3.841671e-08      
   0.121667       3.939404         3.637108e-08      
   0.121667       3.962134         3.378658e-08      
   0.121667       3.979576         3.147252e-08      
   0.121667       3.991681         2.976814e-08      
   0.121667       3.998420         2.879878e-08      
   0.121667       4.008294         2.736468e-08      
   0.121667       4.043674         2.226664e-08      
   0.121667       4.107227         1.419265e-08      
   0.121667       4.198794         6.283649e-09      
   0.121667       4.318131         1.521211e-09      
   0.121667       4.464916         -6.806069e-12     
   0.121667       4.638754         -1.064851e-10     
   0.121667       4.839176         -2.184673e-11     
   0.121667       5.065642         -4.997762e-13     
   0.121667       5.317541         1.895994e-13      
   0.121667       5.594194         6.820617e-15      
   0.121667       5.894856         -3.880654e-16     
   0.121667       6.218716         -3.160801e-18     
   0.121667       6.564900         1.633592e-19      
   0.121667       6.932477         -8.581108e-22     
   0.121667       7.320454         3.702043e-24      
   0.121667       7.727785         -2.754046e-26     
   0.121667       8.153374         -6.580134e-29     
   0.121667       8.596072         5.331114e-31      
   0.121667       9.054685         -6.058156e-34     
   0.121667       9.527979         1.782587e-37      
   0.121667       10.014676        -1.033088e-41     
   0.121667       10.513464        -4.060218e-46     
   0.121667       11.023000        2.246361e-50      
   0.121667       11.541909        -1.919709e-55     
   0.121667       12.068793        3.934525e-61      
   0.121667       12.602230        -2.036817e-67     
   0.121667       13.140784        2.646836e-74      
   0.121667       13.683002        -8.371229e-82     
   0.121667       14.227422        5.897841e-90      
   0.121667       14.772578        -5.325657e-99     
   0.121667       15.316998       -9.750122e-108     
   0.121667       15.859216        8.032616e-117     
   0.121667       16.397770       -1.455761e-126     
   0.121667       16.931207        8.875733e-137     
   0.121667       17.458091       -2.254514e-147     
   0.121667       17.977000        2.877383e-158     
   0.121667       18.486536        4.409204e-159     
   0.121667       18.985324        6.678777e-148     
   0.121667       19.472021        1.046224e-136     
   0.121667       19.945315        1.376878e-125     
   0.121667       20.403928        1.231391e-114     
   0.121667       20.846626        6.058645e-104     
   0.121667       21.272215        1.333113e-93      
   0.121667       21.679546        1.075042e-83      
   0.121667       22.067523        2.627599e-74      
   0.121667       22.435100        1.614610e-65      
   0.121667       22.781284        2.005350e-57      
   0.121667       23.105144        2.953059e-50      
   0.121667       23.405806        -3.004631e-43     
   0.121667       23.682459        -1.591445e-36     
   0.121667       23.934358        -9.190000e-31     
   0.121667       24.160824        -8.583770e-26     
   0.121667       24.361246        -1.443693e-21     
   0.121667       24.535084        -4.692359e-18     
   0.121667       24.681869        -3.138333e-15     
   0.121667       24.801206        -4.572678e-13     
   0.121667       24.892773        -1.562050e-11     
   0.121667       24.956326        -1.142039e-10     
   0.121667       24.991706        -4.400519e-10     
   0.159843       0.001580         -5.816722e-04     
   0.159843       0.008319         -3.062956e-03     
   0.159843       0.020424         -7.512650e-03     
   0.159843       0.037866         -1.388192e-02     
   0.159843       0.060596         -2.205815e-02     
   0.159843       0.088555         -3.182221e-02     
   0.159843       0.121667         -4.280363e-02     
   0.159843       0.159843         -5.445984e-02     
   0.159843       0.202979         -6.609439e-02     
   0.159843       0.250960         -7.692497e-02     
   0.159843       0.303656         -8.619378e-02     
   0.159843       0.360925         -9.328381e-02     
   0.159843       0.422613         -9.778936e-02     
   0.159843       0.488552         -9.951368e-02     
   0.159843       0.558567         -9.842486e-02     
   0.159843       0.632467         -9.463775e-02     
   0.159843       0.710054         -8.844681e-02     
   0.159843       0.791119         -8.034034e-02     
   0.159843       0.875442         -7.091116e-02     
   0.159843       0.962797         -6.070568e-02     
   0.159843       1.052948         -5.016193e-02     
   0.159843       1.145653         -3.968175e-02     
   0.159843       1.240660         -2.968979e-02     
   0.159843       1.337714         -2.057287e-02     
   0.159843       1.436554         -1.260852e-02     
   0.159843       1.536913         -5.990433e-03     
   0.159843       1.638520         -8.580845e-04     
   0.159843       1.741102         2.752999e-03      
   0.159843       1.844381         4.947115e-03      
   0.159843       1.948080         5.928392e-03      
   0.159843       2.051920         5.958606e-03      
   0.159843       2.155619         5.339702e-03      
   0.159843       2.258898         4.373732e-03      
   0.159843       2.361480         3.310669e-03      
   0.159843       2.463087         2.324978e-03      
   0.159843       2.563446         1.516030e-03      
   0.159843       2.662286         9.167496e-04      
   0.159843       2.759340         5.117435e-04      
   0.159843       2.854347         2.610213e-04      
   0.159843       2.947052         1.191779e-04      
   0.159843       3.037203         4.644182e-05      
   0.159843       3.124558         1.323843e-05      
   0.159843       3.208881         3.524062e-07      
   0.159843       3.289946         -3.286115e-06     
   0.159843       3.367533         -3.361543e-06     
   0.159843       3.441433         -2.445058e-06     
   0.159843       3.511448         -1.515198e-06     
   0.159843       3.577387         -8.380707e-07     
   0.159843       3.639075         -4.137684e-07     
   0.159843       3.696344         -1.724778e-07     
   0.159843       3.749040         -4.582659e-08     
   0.159843       3.797021         1.520633e-08      
   0.159843       3.840157         4.121542e-08      
   0.159843       3.878333         4.975697e-08      
   0.159843       3.911445         5.031087e-08      
   0.159843       3.939404         4.773860e-08      
   0.159843       3.962134         4.440767e-08      
   0.159843       3.979576         4.140289e-08      
   0.159843       3.991681         3.918231e-08      
   0.159843       3.998420         3.791728e-08      
   0.159843       4.008294         3.604351e-08      
   0.159843       4.043674         2.936589e-08      
   0.159843       4.107227         1.875346e-08      
   0.159843       4.198794         8.324410e-09      
   0.159843       4.318131         2.025563e-09      
   0.159843       4.464916         -3.840522e-12     
   0.159843       4.638754         -1.400203e-10     
   0.159843       4.839176         -2.890799e-11     
   0.159843       5.065642         -6.779506e-13     
   0.159843       5.317541         2.498581e-13      
   0.159843       5.594194         9.076703e-15      
   0.159843       5.894856         -5.112587e-16     
   0.159843       6.218716         -4.241031e-18     
   0.159843       6.564900         2.159907e-19      
   0.159843       6.932477         -1.125688e-21     
   0.159843       7.320454         4.877925e-24      
   0.159843       7.727785         -3.662942e-26     
   0.159843       8.153374         -8.737365e-29     
   0.159843       8.596072         7.086306e-31      
   0.159843       9.054685         -8.050956e-34     
   0.159843       9.527979         2.367507e-37      
   0.159843       10.014676        -1.368661e-41     
   0.159843       10.513464        -5.425593e-46     
   0.159843       11.023000        2.991002e-50      
   0.159843       11.541909        -2.554180e-55     
   0.159843       12.068793        5.232836e-61      
   0.159843       12.602230        -2.708094e-67     
   0.159843       13.140784        3.518070e-74      
   0.159843       13.683002        -1.112217e-81     
   0.159843       14.227422        7.829682e-90      
   0.159843       14.772578        -7.036972e-99     
   0.159843       15.316998       -1.300719e-107     
   0.159843       15.859216        1.069274e-116     
   0.159843       16.397770       -1.936743e-126     
   0.159843       16.931207        1.180494e-136     
   0.159843       17.458091       -2.998061e-147     
   0.159843       17.977000        3.825959e-158     
   0.159843       18.486536        1.167667e-159     
   0.159843       18.985324        1.768707e-148     
   0.159843       19.472021        2.770661e-137     
   0.159843       19.945315        3.646315e-126     
   0.159843       20.403928        3.261029e-115     
   0.159843       20.846626        1.604479e-104     
   0.159843       21.272215        3.530414e-94      
   0.159843       21.679546        2.846976e-84      
   0.159843       22.067523        6.958531e-75      
   0.159843       22.435100        4.275887e-66      
   0.159843       22.781284        5.310665e-58      
   0.159843       23.105144        7.820465e-51      
   0.159843       23.405806        -7.956946e-44     
   0.159843       23.682459        -4.214524e-37     
   0.159843       23.934358        -2.433731e-31     
   0.159843       24.160824        -2.273188e-26     
   0.159843       24.361246        -3.823245e-22     
   0.159843       24.535084        -1.242649e-18     
   0.159843       24.681869        -8.311058e-16     
   0.159843       24.801206        -1.210955e-13     
   0.159843       24.892773        -4.136682e-12     
   0.159843       24.956326        -3.024392e-11     
   0.159843       24.991706        -1.165362e-10     
   0.202979       0.001580         -7.017059e-04     
   0.202979       0.008319         -3.695069e-03     
   0.202979       0.020424         -9.064000e-03     
   0.202979       0.037866         -1.675281e-02     
   0.202979       0.060596         -2.663477e-02     
   0.202979       0.088555         -3.846409e-02     
   0.202979       0.121667         -5.182314e-02     
   0.202979       0.159843         -6.609439e-02     
   0.202979       0.202979         -8.047177e-02     
   0.202979       0.250960         -9.402488e-02     
   0.202979       0.303656         -1.058137e-01     
   0.202979       0.360925         -1.150233e-01     
   0.202979       0.422613         -1.210676e-01     
   0.202979       0.488552         -1.236267e-01     
   0.202979       0.558567         -1.226272e-01     
   0.202979       0.632467         -1.182190e-01     
   0.202979       0.710054         -1.107758e-01     
   0.202979       0.791119         -1.008802e-01     
   0.202979       0.875442         -8.923262e-02     
   0.202979       0.962797         -7.651260e-02     
   0.202979       1.052948         -6.330770e-02     
   0.202979       1.145653         -5.015426e-02     
   0.202979       1.240660         -3.758212e-02     
   0.202979       1.337714         -2.607152e-02     
   0.202979       1.436554         -1.599220e-02     
   0.202979       1.536913         -7.609775e-03     
   0.202979       1.638520         -1.099334e-03     
   0.202979       1.741102         3.496495e-03      
   0.202979       1.844381         6.297984e-03      
   0.202979       1.948080         7.555222e-03      
   0.202979       2.051920         7.602209e-03      
   0.202979       2.155619         6.822386e-03      
   0.202979       2.258898         5.596112e-03      
   0.202979       2.361480         4.241456e-03      
   0.202979       2.463087         2.983047e-03      
   0.202979       2.563446         1.948607e-03      
   0.202979       2.662286         1.180642e-03      
   0.202979       2.759340         6.605013e-04      
   0.202979       2.854347         3.378701e-04      
   0.202979       2.947052         1.549300e-04      
   0.202979       3.037203         6.082097e-05      
   0.202979       3.124558         1.766687e-05      
   0.202979       3.208881         7.958403e-07      
   0.202979       3.289946         -4.058641e-06     
   0.202979       3.367533         -4.250070e-06     
   0.202979       3.441433         -3.118195e-06     
   0.202979       3.511448         -1.943120e-06     
   0.202979       3.577387         -1.080152e-06     
   0.202979       3.639075         -5.365804e-07     
   0.202979       3.696344         -2.261510e-07     
   0.202979       3.749040         -6.249016e-08     
   0.202979       3.797021         1.683678e-08      
   0.202979       3.840157         5.098106e-08      
   0.202979       3.878333         6.248935e-08      
   0.202979       3.911445         6.357637e-08      
   0.202979       3.939404         6.052869e-08      
   0.202979       3.962134         5.642167e-08      
   0.202979       3.979576         5.267355e-08      
   0.202979       3.991681         4.988928e-08      
   0.202979       3.998420         4.829918e-08      
   0.202979       4.008294         4.593960e-08      
   0.202979       4.043674         3.749906e-08      
   0.202979       4.107227         2.401500e-08      
   0.202979       4.198794         1.070049e-08      
   0.202979       4.318131         2.623109e-09      
   0.202979       4.464916         4.798983e-12      
   0.202979       4.638754         -1.780149e-10     
   0.202979       4.839176         -3.709531e-11     
   0.202979       5.065642         -9.012957e-13     
   0.202979       5.317541         3.186945e-13      
   0.202979       5.594194         1.174451e-14      
   0.202979       5.894856         -6.518356e-16     
   0.202979       6.218716         -5.552699e-18     
   0.202979       6.564900         2.768408e-19      
   0.202979       6.932477         -1.425949e-21     
   0.202979       7.320454         6.221304e-24      
   0.202979       7.727785         -4.736958e-26     
   0.202979       8.153374         -1.126950e-28     
   0.202979       8.596072         9.155032e-31      
   0.202979       9.054685         -1.039808e-33     
   0.202979       9.527979         3.054981e-37      
   0.202979       10.014676        -1.759631e-41     
   0.202979       10.513464        -7.063756e-46     
   0.202979       11.023000        3.873828e-50      
   0.202979       11.541909        -3.304515e-55     
   0.202979       12.068793        6.766184e-61      
   0.202979       12.602230        -3.500075e-67     
   0.202979       13.140784        4.544893e-74      
   0.202979       13.683002        -1.435993e-81     
   0.202979       14.227422        1.009726e-89      
   0.202979       14.772578        -9.013450e-99     
   0.202979       15.316998       -1.689195e-107     
   0.202979       15.859216        1.384334e-116     
   0.202979       16.397770       -2.505334e-126     
   0.202979       16.931207        1.526447e-136     
   0.202979       17.458091       -3.875737e-147     
   0.202979       17.977000        4.945268e-158     
   0.202979       18.486536        5.767083e-160     
   0.202979       18.985324        8.735603e-149     
   0.202979       19.472021        1.368423e-137     
   0.202979       19.945315        1.800906e-126     
   0.202979       20.403928        1.610614e-115     
   0.202979       20.846626        7.924479e-105     
   0.202979       21.272215        1.743661e-94      
   0.202979       21.679546        1.406113e-84      
   0.202979       22.067523        3.436797e-75      
   0.202979       22.435100        2.111847e-66      
   0.202979       22.781284        2.622923e-58      
   0.202979       23.105144        3.862525e-51      
   0.202979       23.405806        -3.929874e-44     
   0.202979       23.682459        -2.081530e-37     
   0.202979       23.934358        -1.202008e-31     
   0.202979       24.160824        -1.122716e-26     
   0.202979       24.361246        -1.888282e-22     
   0.202979       24.535084        -6.137385e-19     
   0.202979       24.681869        -4.104791e-16     
   0.202979       24.801206        -5.980844e-14     
   0.202979       24.892773        -2.043086e-12     
   0.202979       24.956326        -1.493731e-11     
   0.202979       24.991706        -5.755662e-11     
   0.250960       0.001580         -8.107460e-04     
   0.250960       0.008319         -4.269311e-03     
   0.250960       0.020424         -1.047395e-02     
   0.250960       0.037866         -1.936481e-02     
   0.250960       0.060596         -3.080830e-02     
   0.250960       0.088555         -4.454661e-02     
   0.250960       0.121667         -6.013887e-02     
   0.250960       0.159843         -7.692497e-02     
   0.250960       0.202979         -9.402488e-02     
   0.250960       0.250960         -1.103884e-01     
   0.250960       0.303656         -1.249016e-01     
   0.250960       0.360925         -1.365316e-01     
   0.250960       0.422613         -1.444676e-01     
   0.250960       0.488552         -1.482141e-01     
   0.250960       0.558567         -1.476170e-01     
   0.250960       0.632467         -1.428420e-01     
   0.250960       0.710054         -1.343330e-01     
   0.250960       0.791119         -1.227547e-01     
   0.250960       0.875442         -1.089035e-01     
   0.250960       0.962797         -9.359632e-02     
   0.250960       1.052948         -7.759450e-02     
   0.250960       1.145653         -6.159501e-02     
   0.250960       1.240660         -4.624704e-02     
   0.250960       1.337714         -3.213471e-02     
   0.250960       1.436554         -1.973750e-02     
   0.250960       1.536913         -9.410222e-03     
   0.250960       1.638520         -1.371285e-03     
   0.250960       1.741102         4.326262e-03      
   0.250960       1.844381         7.814325e-03      
   0.250960       1.948080         9.388734e-03      
   0.250960       2.051920         9.462138e-03      
   0.250960       2.155619         8.507725e-03      
   0.250960       2.258898         6.991966e-03      
   0.250960       2.361480         5.309274e-03      
   0.250960       2.463087         3.741794e-03      
   0.250960       2.563446         2.450182e-03      
   0.250960       2.662286         1.488554e-03      
   0.250960       2.759340         8.353315e-04      
   0.250960       2.854347         4.290125e-04      
   0.250960       2.947052         1.978744e-04      
   0.250960       3.037203         7.845575e-05      
   0.250960       3.124558         2.336167e-05      
   0.250960       3.208881         1.607220e-06      
   0.250960       3.289946         -4.810763e-06     
   0.250960       3.367533         -5.218630e-06     
   0.250960       3.441433         -3.876946e-06     
   0.250960       3.511448         -2.435015e-06     
   0.250960       3.577387         -1.363070e-06     
   0.250960       3.639075         -6.828848e-07     
   0.250960       3.696344         -2.921211e-07     
   0.250960       3.749040         -8.484304e-08     
   0.250960       3.797021         1.642816e-08      
   0.250960       3.840157         6.060624e-08      
   0.250960       3.878333         7.600264e-08      
   0.250960       3.911445         7.802623e-08      
   0.250960       3.939404         7.464721e-08      
   0.250960       3.962134         6.978880e-08      
   0.250960       3.979576         6.527601e-08      
   0.250960       3.991681         6.189784e-08      
   0.250960       3.998420         5.996144e-08      
   0.250960       4.008294         5.708028e-08      
   0.250960       4.043674         4.671746e-08      
   0.250960       4.107227         3.003787e-08      
   0.250960       4.198794         1.345551e-08      
   0.250960       4.318131         3.332447e-09      
   0.250960       4.464916         2.309444e-11      
   0.250960       4.638754         -2.203946e-10     
   0.250960       4.839176         -4.653457e-11     
   0.250960       5.065642         -1.185634e-12     
   0.250960       5.317541         3.964071e-13      
   0.250960       5.594194         1.490361e-14      
   0.250960       5.894856         -8.102941e-16     
   0.250960       6.218716         -7.159900e-18     
   0.250960       6.564900         3.467220e-19      
   0.250960       6.932477         -1.756127e-21     
   0.250960       7.320454         7.738585e-24      
   0.250960       7.727785         -6.008046e-26     
   0.250960       8.153374         -1.423910e-28     
   0.250960       8.596072         1.159463e-30      
   0.250960       9.054685         -1.316328e-33     
   0.250960       9.527979         3.862564e-37      
   0.250960       10.014676        -2.213348e-41     
   0.250960       10.513464        -9.042137e-46     
   0.250960       11.023000        4.923229e-50      
   0.250960       11.541909        -4.193415e-55     
   0.250960       12.068793        8.579400e-61      
   0.250960       12.602230        -4.435288e-67     
   0.250960       13.140784        5.755697e-74      
   0.250960       13.683002        -1.817066e-81     
   0.250960       14.227422        1.275622e-89      
   0.250960       14.772578        -1.127894e-98     
   0.250960       15.316998       -2.154686e-107     
   0.250960       15.859216        1.758328e-116     
   0.250960       16.397770       -3.178556e-126     
   0.250960       16.931207        1.935543e-136     
   0.250960       17.458091       -4.912830e-147     
   0.250960       17.977000        6.267269e-158     
   0.250960       18.486536        3.735824e-161     
   0.250960       18.985324        5.658777e-150     
   0.250960       19.472021        8.864405e-139     
   0.250960       19.945315        1.166594e-127     
   0.250960       20.403928        1.043325e-116     
   0.250960       20.846626        5.133315e-106     
   0.250960       21.272215        1.129505e-95      
   0.250960       21.679546        9.108461e-86      
   0.250960       22.067523        2.226264e-76      
   0.250960       22.435100        1.367986e-67      
   0.250960       22.781284        1.699012e-59      
   0.250960       23.105144        2.501724e-52      
   0.250960       23.405806        -2.546065e-45     
   0.250960       23.682459        -1.348452e-38     
   0.250960       23.934358        -7.786670e-33     
   0.250960       24.160824        -7.272946e-28     
   0.250960       24.361246        -1.223218e-23     
   0.250960       24.535084        -3.975732e-20     
   0.250960       24.681869        -2.659022e-17     
   0.250960       24.801206        -3.874277e-15     
   0.250960       24.892773        -1.323465e-13     
   0.250960       24.956326        -9.676025e-13     
   0.250960       24.991706        -3.728354e-12     
   0.303656       0.001580         -9.011380e-04     
   0.303656       0.008319         -4.745363e-03     
   0.303656       0.020424         -1.164352e-02     
   0.303656       0.037866         -2.153456e-02     
   0.303656       0.060596         -3.428562e-02     
   0.303656       0.088555         -4.964251e-02     
   0.303656       0.121667         -6.716708e-02     
   0.303656       0.159843         -8.619378e-02     
   0.303656       0.202979         -1.058137e-01     
   0.303656       0.250960         -1.249016e-01     
   0.303656       0.303656         -1.422017e-01     
   0.303656       0.360925         -1.564699e-01     
   0.303656       0.422613         -1.666462e-01     
   0.303656       0.488552         -1.720093e-01     
   0.303656       0.558567         -1.722647e-01     
   0.303656       0.632467         -1.675415e-01     
   0.303656       0.710054         -1.583180e-01     
   0.303656       0.791119         -1.453203e-01     
   0.303656       0.875442         -1.294292e-01     
   0.303656       0.962797         -1.115985e-01     
   0.303656       1.052948         -9.277550e-02     
   0.303656       1.145653         -7.383967e-02     
   0.303656       1.240660         -5.558168e-02     
   0.303656       1.337714         -3.870721e-02     
   0.303656       1.436554         -2.382158e-02     
   0.303656       1.536913         -1.138515e-02     
   0.303656       1.638520         -1.673252e-03     
   0.303656       1.741102         5.241929e-03      
   0.303656       1.844381         9.498944e-03      
   0.303656       1.948080         1.143777e-02      
   0.303656       2.051920         1.155253e-02      
   0.303656       2.155619         1.041273e-02      
   0.303656       2.258898         8.579214e-03      
   0.303656       2.361480         6.531207e-03      
   0.303656       2.463087         4.615862e-03      
   0.303656       2.563446         3.032166e-03      
   0.303656       2.662286         1.848723e-03      
   0.303656       2.759340         1.041767e-03      
   0.303656       2.854347         5.378819e-04      
   0.303656       2.947052         2.499778e-04      
   0.303656       3.037203         1.003878e-04      
   0.303656       3.124558         3.082975e-05      
   0.303656       3.208881         3.007783e-06      
   0.303656       3.289946         -5.460773e-06     
   0.303656       3.367533         -6.246330e-06     
   0.303656       3.441433         -4.722945e-06     
   0.303656       3.511448         -2.998506e-06     
   0.303656       3.577387         -1.694315e-06     
   0.303656       3.639075         -8.583705e-07     
   0.303656       3.696344         -3.742463e-07     
   0.303656       3.749040         -1.153403e-07     
   0.303656       3.797021         1.248124e-08      
   0.303656       3.840157         6.920341e-08      
   0.303656       3.878333         8.978672e-08      
   0.303656       3.911445         9.337816e-08      
   0.303656       3.939404         8.994752e-08      
   0.303656       3.962134         8.444227e-08      
   0.303656       3.979576         7.918967e-08      
   0.303656       3.991681         7.521292e-08      
   0.303656       3.998420         7.292121e-08      
   0.303656       4.008294         6.949818e-08      
   0.303656       4.043674         5.708997e-08      
   0.303656       4.107227         3.690670e-08      
   0.303656       4.198794         1.665141e-08      
   0.303656       4.318131         4.180250e-09      
   0.303656       4.464916         5.682214e-11      
   0.303656       4.638754         -2.670330e-10     
   0.303656       4.839176         -5.740412e-11     
   0.303656       5.065642         -1.553719e-12     
   0.303656       5.317541         4.834032e-13      
   0.303656       5.594194         1.866779e-14      
   0.303656       5.894856         -9.873134e-16     
   0.303656       6.218716         -9.154392e-18     
   0.303656       6.564900         4.267880e-19      
   0.303656       6.932477         -2.112115e-21     
   0.303656       7.320454         9.440874e-24      
   0.303656       7.727785         -7.523898e-26     
   0.303656       8.153374         -1.773703e-28     
   0.303656       8.596072         1.448914e-30      
   0.303656       9.054685         -1.643989e-33     
   0.303656       9.527979         4.815883e-37      
   0.303656       10.014676        -2.740334e-41     
   0.303656       10.513464        -1.146108e-45     
   0.303656       11.023000        6.181075e-50      
   0.303656       11.541909        -5.254276e-55     
   0.303656       12.068793        1.073833e-60      
   0.303656       12.602230        -5.546782e-67     
   0.303656       13.140784        7.192081e-74      
   0.303656       13.683002        -2.268032e-81     
   0.303656       14.227422        1.588762e-89      
   0.303656       14.772578        -1.386633e-98     
   0.303656       15.316998       -2.718293e-107     
   0.303656       15.859216        2.205812e-116     
   0.303656       16.397770       -3.981433e-126     
   0.303656       16.931207        2.422632e-136     
   0.303656       17.458091       -6.146453e-147     
   0.303656       17.977000        7.838850e-158     
   0.303656       18.486536       -1.424975e-162     
   0.303656       18.985324       -2.158504e-151     
   0.303656       19.472021       -3.381357e-140     
   0.303656       19.945315       -4.450150e-129     
   0.303656       20.403928       -3.980077e-118     
   0.303656       20.846626       -1.958357e-107     
   0.303656       21.272215        -4.309347e-97     
   0.303656       21.679546        -3.475441e-87     
   0.303656       22.067523        -8.495847e-78     
   0.303656       22.435100        -5.221919e-69     
   0.303656       22.781284        -6.489797e-61     
   0.303656       23.105144        -9.589805e-54     
   0.303656       23.405806        9.660846e-47      
   0.303656       23.682459        5.132835e-40      
   0.303656       23.934358        2.965972e-34      
   0.303656       24.160824        2.771265e-29      
   0.303656       24.361246        4.662173e-25      
   0.303656       24.535084        1.515673e-21      
   0.303656       24.681869        1.013921e-18      
   0.303656       24.801206        1.477596e-16      
   0.303656       24.892773        5.048341e-15      
   0.303656       24.956326        3.691282e-14      
   0.303656       24.991706        1.422589e-13      
   0.360925       0.001580         -9.674914e-04     
   0.360925       0.008319         -5.094821e-03     
   0.360925       0.020424         -1.250280e-02     
   0.360925       0.037866         -2.313159e-02     
   0.360925       0.060596         -3.685500e-02     
   0.360925       0.088555         -5.343480e-02     
   0.360925       0.121667         -7.245703e-02     
   0.360925       0.159843         -9.328381e-02     
   0.360925       0.202979         -1.150233e-01     
   0.360925       0.250960         -1.365316e-01     
   0.360925       0.303656         -1.564699e-01     
   0.360925       0.360925         -1.734291e-01     
   0.360925       0.422613         -1.861146e-01     
   0.360925       0.488552         -1.935485e-01     
   0.360925       0.558567         -1.952215e-01     
   0.360925       0.632467         -1.911355e-01     
   0.360925       0.710054         -1.817300e-01     
   0.360925       0.791119         -1.677558e-01     
   0.360925       0.875442         -1.501671e-01     
   0.360925       0.962797         -1.300467e-01     
   0.360925       1.052948         -1.085224e-01     
   0.360925       1.145653         -8.666821e-02     
   0.360925       1.240660         -6.544640e-02     
   0.360925       1.337714         -4.571213e-02     
   0.360925       1.436554         -2.821121e-02     
   0.360925       1.536913         -1.352371e-02     
   0.360925       1.638520         -2.002646e-03     
   0.360925       1.741102         6.244386e-03      
   0.360925       1.844381         1.135654e-02      
   0.360925       1.948080         1.371484e-02      
   0.360925       2.051920         1.389298e-02      
   0.360925       2.155619         1.256086e-02      
   0.360925       2.258898         1.038253e-02      
   0.360925       2.361480         7.930838e-03      
   0.360925       2.463087         5.625560e-03      
   0.360925       2.563446         3.710463e-03      
   0.360925       2.662286         2.272693e-03      
   0.360925       2.759340         1.287605e-03      
   0.360925       2.854347         6.693512e-04      
   0.360925       2.947052         3.140531e-04      
   0.360925       3.037203         1.281212e-04      
   0.360925       3.124558         4.081177e-05      
   0.360925       3.208881         5.326425e-06      
   0.360925       3.289946         -5.883380e-06     
   0.360925       3.367533         -7.298190e-06     
   0.360925       3.441433         -5.655689e-06     
   0.360925       3.511448         -3.643013e-06     
   0.360925       3.577387         -2.083885e-06     
   0.360925       3.639075         -1.070858e-06     
   0.360925       3.696344         -4.779274e-07     
   0.360925       3.749040         -1.574685e-07     
   0.360925       3.797021         2.837436e-09      
   0.360925       3.840157         7.547480e-08      
   0.360925       3.878333         1.030806e-07      
   0.360925       3.911445         1.091984e-07      
   0.360925       3.939404         1.061925e-07      
   0.360925       3.962134         1.002618e-07      
   0.360925       3.979576         9.436245e-08      
   0.360925       3.991681         8.982053e-08      
   0.360925       3.998420         8.718275e-08      
   0.360925       4.008294         8.322095e-08      
   0.360925       4.043674         6.870022e-08      
   0.360925       4.107227         4.473357e-08      
   0.360925       4.198794         2.037314e-08      
   0.360925       4.318131         5.203913e-09      
   0.360925       4.464916         1.142880e-10      
   0.360925       4.638754         -3.176857e-10     
   0.360925       4.839176         -6.994738e-11     
   0.360925       5.065642         -2.037838e-12     
   0.360925       5.317541         5.801707e-13      
   0.360925       5.594194         2.319633e-14      
   0.360925       5.894856         -1.183681e-15     
   0.360925       6.218716         -1.166572e-17     
   0.360925       6.564900         5.186121e-19      
   0.360925       6.932477         -2.487550e-21     
   0.360925       7.320454         1.134546e-23      
   0.360925       7.727785         -9.354309e-26     
   0.360925       8.153374         -2.189234e-28     
   0.360925       8.596072         1.795930e-30      
   0.360925       9.054685         -2.036172e-33     
   0.360925       9.527979         5.951502e-37      
   0.360925       10.014676        -3.355179e-41     
   0.360925       10.513464        -1.446791e-45     
   0.360925       11.023000        7.708051e-50      
   0.360925       11.541909        -6.535318e-55     
   0.360925       12.068793        1.333784e-60      
   0.360925       12.602230        -6.882090e-67     
   0.360925       13.140784        8.913761e-74      
   0.360925       13.683002        -2.806930e-81     
   0.360925       14.227422        1.960687e-89      
   0.360925       14.772578        -1.681884e-98     
   0.360925       15.316998       -3.410749e-107     
   0.360925       15.859216        2.747828e-116     
   0.360925       16.397770       -4.950036e-126     
   0.360925       16.931207        3.009094e-136     
   0.360925       17.458091       -7.629987e-147     
   0.360925       17.977000        9.727418e-158     
   0.360925       18.486536       -1.261662e-162     
   0.360925       18.985324       -1.911130e-151     
   0.360925       19.472021       -2.993853e-140     
   0.360925       19.945315       -3.940184e-129     
   0.360925       20.403928       -3.524004e-118     
   0.360925       20.846626       -1.733967e-107     
   0.360925       21.272215        -3.815628e-97     
   0.360925       21.679546        -3.077319e-87     
   0.360925       22.067523        -7.522843e-78     
   0.360925       22.435100        -4.624117e-69     
   0.360925       22.781284        -5.747604e-61     
   0.360925       23.105144        -8.499084e-54     
   0.360925       23.405806        8.544560e-47      
   0.360925       23.682459        4.542649e-40      
   0.360925       23.934358        2.625295e-34      
   0.360925       24.160824        2.453126e-29      
   0.360925       24.361246        4.127183e-25      
   0.360925       24.535084        1.341812e-21      
   0.360925       24.681869        8.976541e-19      
   0.360925       24.801206        1.308207e-16      
   0.360925       24.892773        4.469751e-15      
   0.360925       24.956326        3.268292e-14      
   0.360925       24.991706        1.259616e-13      
   0.422613       0.001580         -1.007059e-03     
   0.422613       0.008319         -5.303199e-03     
   0.422613       0.020424         -1.301590e-02     
   0.422613       0.037866         -2.408800e-02     
   0.422613       0.060596         -3.840288e-02     
   0.422613       0.088555         -5.574475e-02     
   0.422613       0.121667         -7.573618e-02     
   0.422613       0.159843         -9.778936e-02     
   0.422613       0.202979         -1.210676e-01     
   0.422613       0.250960         -1.444676e-01     
   0.422613       0.303656         -1.666462e-01     
   0.422613       0.360925         -1.861146e-01     
   0.422613       0.422613         -2.014068e-01     
   0.422613       0.488552         -2.112946e-01     
   0.422613       0.558567         -2.149890e-01     
   0.422613       0.632467         -2.122502e-01     
   0.422613       0.710054         -2.033690e-01     
   0.422613       0.791119         -1.890554e-01     
   0.422613       0.875442         -1.703124e-01     
   0.422613       0.962797         -1.483331e-01     
   0.422613       1.052948         -1.244028e-01     
   0.422613       1.145653         -9.978819e-02     
   0.422613       1.240660         -7.565486e-02     
   0.422613       1.337714         -5.304305e-02     
   0.422613       1.436554         -3.285598e-02     
   0.422613       1.536913         -1.580739e-02     
   0.422613       1.638520         -2.354337e-03     
   0.422613       1.741102         7.336320e-03      
   0.422613       1.844381         1.339455e-02      
   0.422613       1.948080         1.623649e-02      
   0.422613       2.051920         1.650889e-02      
   0.422613       2.155619         1.498306e-02      
   0.422613       2.258898         1.243476e-02      
   0.422613       2.361480         9.539583e-03      
   0.422613       2.463087         6.798141e-03      
   0.422613       2.563446         4.506666e-03      
   0.422613       2.662286         2.776280e-03      
   0.422613       2.759340         1.583607e-03      
   0.422613       2.854347         8.302109e-04      
   0.422613       2.947052         3.940700e-04      
   0.422613       3.037203         1.638063e-04      
   0.422613       3.124558         5.438235e-05      
   0.422613       3.208881         9.050379e-06      
   0.422613       3.289946         -5.885854e-06     
   0.422613       3.367533         -8.315019e-06     
   0.422613       3.441433         -6.668982e-06     
   0.422613       3.511448         -4.379011e-06     
   0.422613       3.577387         -2.544535e-06     
   0.422613       3.639075         -1.330794e-06     
   0.422613       3.696344         -6.105729e-07     
   0.422613       3.749040         -2.161080e-07     
   0.422613       3.797021         -1.558288e-08     
   0.422613       3.840157         7.752965e-08      
   0.422613       3.878333         1.147462e-07      
   0.422613       3.911445         1.248138e-07      
   0.422613       3.939404         1.229921e-07      
   0.422613       3.962134         1.170277e-07      
   0.422613       3.979576         1.106755e-07      
   0.422613       3.991681         1.056587e-07      
   0.422613       3.998420         1.027116e-07      
   0.422613       4.008294         9.824953e-08      
   0.422613       4.043674         8.163654e-08      
   0.422613       4.107227         5.365907e-08      
   0.422613       4.198794         2.473359e-08      
   0.422613       4.318131         6.454804e-09      
   0.422613       4.464916         2.073319e-10      
   0.422613       4.638754         -3.718780e-10     
   0.422613       4.839176         -8.448491e-11     
   0.422613       5.065642         -2.683193e-12     
   0.422613       5.317541         6.872033e-13      
   0.422613       5.594194         2.870763e-14      
   0.422613       5.894856         -1.400129e-15     
   0.422613       6.218716         -1.487386e-17     
   0.422613       6.564900         6.242622e-19      
   0.422613       6.932477         -2.872429e-21     
   0.422613       7.320454         1.347872e-23      
   0.422613       7.727785         -1.160045e-25     
   0.422613       8.153374         -2.688522e-28     
   0.422613       8.596072         2.217605e-30      
   0.422613       9.054685         -2.511781e-33     
   0.422613       9.527979         7.320737e-37      
   0.422613       10.014676        -4.077522e-41     
   0.422613       10.513464        -1.827739e-45     
   0.422613       11.023000        9.591149e-50      
   0.422613       11.541909        -8.105318e-55     
   0.422613       12.068793        1.651283e-60      
   0.422613       12.602230        -8.508638e-67     
   0.422613       13.140784        1.100523e-73      
   0.422613       13.683002        -3.459192e-81     
   0.422613       14.227422        2.407545e-89      
   0.422613       14.772578        -2.018971e-98     
   0.422613       15.316998       -4.276419e-107     
   0.422613       15.859216        3.414437e-116     
   0.422613       16.397770       -6.135717e-126     
   0.422613       16.931207        3.725301e-136     
   0.422613       17.458091       -9.439189e-147     
   0.422613       17.977000        1.202857e-157     
   0.422613       18.486536       -1.010127e-162     
   0.422613       18.985324       -1.530121e-151     
   0.422613       19.472021       -2.397008e-140     
   0.422613       19.945315       -3.154712e-129     
   0.422613       20.403928       -2.821532e-118     
   0.422613       20.846626       -1.388342e-107     
   0.422613       21.272215        -3.055141e-97     
   0.422613       21.679546        -2.464061e-87     
   0.422613       22.067523        -6.023967e-78     
   0.422613       22.435100        -3.703131e-69     
   0.422613       22.781284        -4.603877e-61     
   0.422613       23.105144        -6.815961e-54     
   0.422613       23.405806        6.828771e-47      
   0.422613       23.682459        3.634396e-40      
   0.422613       23.934358        2.100881e-34      
   0.422613       24.160824        1.963339e-29      
   0.422613       24.361246        3.303461e-25      
   0.422613       24.535084        1.074095e-21      
   0.422613       24.681869        7.186073e-19      
   0.422613       24.801206        1.047338e-16      
   0.422613       24.892773        3.578633e-15      
   0.422613       24.956326        2.616795e-14      
   0.422613       24.991706        1.008585e-13      
   0.488552       0.001580         -1.018984e-03     
   0.488552       0.008319         -5.365988e-03     
   0.488552       0.020424         -1.317147e-02     
   0.488552       0.037866         -2.438164e-02     
   0.488552       0.060596         -3.888984e-02     
   0.488552       0.088555         -5.650414e-02     
   0.488552       0.121667         -7.688765e-02     
   0.488552       0.159843         -9.951368e-02     
   0.488552       0.202979         -1.236267e-01     
   0.488552       0.250960         -1.482141e-01     
   0.488552       0.303656         -1.720093e-01     
   0.488552       0.360925         -1.935485e-01     
   0.488552       0.422613         -2.112946e-01     
   0.488552       0.488552         -2.238256e-01     
   0.488552       0.558567         -2.300513e-01     
   0.488552       0.632467         -2.293937e-01     
   0.488552       0.710054         -2.218678e-01     
   0.488552       0.791119         -2.080388e-01     
   0.488552       0.875442         -1.888947e-01     
   0.488552       0.962797         -1.656976e-01     
   0.488552       1.052948         -1.398555e-01     
   0.488552       1.145653         -1.128137e-01     
   0.488552       1.240660         -8.595978e-02     
   0.488552       1.337714         -6.055307e-02     
   0.488552       1.436554         -3.767885e-02     
   0.488552       1.536913         -1.820434e-02     
   0.488552       1.638520         -2.718736e-03     
   0.488552       1.741102         8.523204e-03      
   0.488552       1.844381         1.562422e-02      
   0.488552       1.948080         1.902369e-02      
   0.488552       2.051920         1.943172e-02      
   0.488552       2.155619         1.771874e-02      
   0.488552       2.258898         1.477838e-02      
   0.488552       2.361480         1.139826e-02      
   0.488552       2.463087         8.169366e-03      
   0.488552       2.563446         5.449571e-03      
   0.488552       2.662286         3.380847e-03      
   0.488552       2.759340         1.944447e-03      
   0.488552       2.854347         1.029831e-03      
   0.488552       2.947052         4.955934e-04      
   0.488552       3.037203         2.105088e-04      
   0.488552       3.124558         7.310027e-05      
   0.488552       3.208881         1.490345e-05      
   0.488552       3.289946         -5.169909e-06     
   0.488552       3.367533         -9.196444e-06     
   0.488552       3.441433         -7.744381e-06     
   0.488552       3.511448         -5.216155e-06     
   0.488552       3.577387         -3.091747e-06     
   0.488552       3.639075         -1.651780e-06     
   0.488552       3.696344         -7.821863e-07     
   0.488552       3.749040         -2.980269e-07     
   0.488552       3.797021         -4.715440e-08     
   0.488552       3.840157         7.261343e-08      
   0.488552       3.878333         1.230749e-07      
   0.488552       3.911445         1.391733e-07      
   0.488552       3.939404         1.397022e-07      
   0.488552       3.962134         1.343445e-07      
   0.488552       3.979576         1.278823e-07      
   0.488552       3.991681         1.225659e-07      
   0.488552       3.998420         1.193879e-07      
   0.488552       4.008294         1.145183e-07      
   0.488552       4.043674         9.597049e-08      
   0.488552       4.107227         6.384933e-08      
   0.488552       4.198794         2.987868e-08      
   0.488552       4.318131         8.002525e-09      
   0.488552       4.464916         3.527853e-10      
   0.488552       4.638754         -4.287129e-10     
   0.488552       4.839176         -1.014261e-10     
   0.488552       5.065642         -3.552615e-12     
   0.488552       5.317541         8.048473e-13      
   0.488552       5.594194         3.549713e-14      
   0.488552       5.894856         -1.637001e-15     
   0.488552       6.218716         -1.902667e-17     
   0.488552       6.564900         7.463707e-19      
   0.488552       6.932477         -3.250882e-21     
   0.488552       7.320454         1.588095e-23      
   0.488552       7.727785         -1.440886e-25     
   0.488552       8.153374         -3.296517e-28     
   0.488552       8.596072         2.738024e-30      
   0.488552       9.054685         -3.097367e-33     
   0.488552       9.527979         8.995054e-37      
   0.488552       10.014676        -4.933218e-41     
   0.488552       10.513464        -2.320306e-45     
   0.488552       11.023000        1.195480e-49      
   0.488552       11.541909        -1.006204e-54     
   0.488552       12.068793        2.045437e-60      
   0.488552       12.602230        -1.052162e-66     
   0.488552       13.140784        1.358541e-73      
   0.488552       13.683002        -4.260448e-81     
   0.488552       14.227422        2.951725e-89      
   0.488552       14.772578        -2.403964e-98     
   0.488552       15.316998       -5.379322e-107     
   0.488552       15.859216        4.248456e-116     
   0.488552       16.397770       -7.611293e-126     
   0.488552       16.931207        4.614222e-136     
   0.488552       17.458091       -1.168108e-146     
   0.488552       17.977000        1.487722e-157     
   0.488552       18.486536       -7.870503e-163     
   0.488552       18.985324       -1.192218e-151     
   0.488552       19.472021       -1.867686e-140     
   0.488552       19.945315       -2.458100e-129     
   0.488552       20.403928       -2.198526e-118     
   0.488552       20.846626       -1.081812e-107     
   0.488552       21.272215        -2.380668e-97     
   0.488552       21.679546        -1.920156e-87     
   0.488552       22.067523        -4.694561e-78     
   0.488552       22.435100        -2.886237e-69     
   0.488552       22.781284        -3.589294e-61     
   0.488552       23.105144        -5.321922e-54     
   0.488552       23.405806        5.308564e-47      
   0.488552       23.682459        2.829212e-40      
   0.488552       23.934358        1.635921e-34      
   0.488552       24.160824        1.529053e-29      
   0.488552       24.361246        2.573046e-25      
   0.488552       24.535084        8.366929e-22      
   0.488552       24.681869        5.598294e-19      
   0.488552       24.801206        8.159925e-17      
   0.488552       24.892773        2.788345e-15      
   0.488552       24.956326        2.039007e-14      
   0.488552       24.991706        7.859462e-14      
   0.558567       0.001580         -1.003258e-03     
   0.558567       0.008319         -5.283149e-03     
   0.558567       0.020424         -1.296930e-02     
   0.558567       0.037866         -2.401194e-02     
   0.558567       0.060596         -3.831421e-02     
   0.558567       0.088555         -5.570817e-02     
   0.558567       0.121667         -7.589860e-02     
   0.558567       0.159843         -9.842486e-02     
   0.558567       0.202979         -1.226272e-01     
   0.558567       0.250960         -1.476170e-01     
   0.558567       0.303656         -1.722647e-01     
   0.558567       0.360925         -1.952215e-01     
   0.558567       0.422613         -2.149890e-01     
   0.558567       0.488552         -2.300513e-01     
   0.558567       0.558567         -2.390680e-01     
   0.558567       0.632467         -2.410968e-01     
   0.558567       0.710054         -2.357757e-01     
   0.558567       0.791119         -2.233886e-01     
   0.558567       0.875442         -2.047866e-01     
   0.558567       0.962797         -1.812198e-01     
   0.558567       1.052948         -1.541726e-01     
   0.558567       1.145653         -1.252421e-01     
   0.558567       1.240660         -9.603223e-02     
   0.558567       1.337714         -6.803976e-02     
   0.558567       1.436554         -4.256550e-02     
   0.558567       1.536913         -2.066172e-02     
   0.558567       1.638520         -3.077364e-03     
   0.558567       1.741102         9.814908e-03      
   0.558567       1.844381         1.806102e-02      
   0.558567       1.948080         2.210216e-02      
   0.558567       2.051920         2.269936e-02      
   0.558567       2.155619         2.081649e-02      
   0.558567       2.258898         1.746689e-02      
   0.558567       2.361480         1.355887e-02      
   0.558567       2.463087         9.785419e-03      
   0.558567       2.563446         6.577016e-03      
   0.558567       2.662286         4.114915e-03      
   0.558567       2.759340         2.389987e-03      
   0.558567       2.854347         1.281087e-03      
   0.558567       2.947052         6.264036e-04      
   0.558567       3.037203         2.725959e-04      
   0.558567       3.124558         9.923335e-05      
   0.558567       3.208881         2.396747e-05      
   0.558567       3.289946         -3.270717e-06     
   0.558567       3.367533         -9.772679e-06     
   0.558567       3.441433         -8.839514e-06     
   0.558567       3.511448         -6.159293e-06     
   0.558567       3.577387         -3.742973e-06     
   0.558567       3.639075         -2.050976e-06     
   0.558567       3.696344         -1.006058e-06     
   0.558567       3.749040         -4.125329e-07     
   0.558567       3.797021         -9.807030e-08     
   0.558567       3.840157         5.671325e-08      
   0.558567       3.878333         1.254969e-07      
   0.558567       3.911445         1.506334e-07      
   0.558567       3.939404         1.552629e-07      
   0.558567       3.962134         1.515153e-07      
   0.558567       3.979576         1.455070e-07      
   0.558567       3.991681         1.401945e-07      
   0.558567       3.998420         1.369270e-07      
   0.558567       4.008294         1.318250e-07      
   0.558567       4.043674         1.117159e-07      
   0.558567       4.107227         7.548539e-08      
   0.558567       4.198794         3.599207e-08      
   0.558567       4.318131         9.940379e-09      
   0.558567       4.464916         5.745554e-10      
   0.558567       4.638754         -4.865558e-10     
   0.558567       4.839176         -1.212775e-10     
   0.558567       5.065642         -4.733051e-12     
   0.558567       5.317541         9.330222e-13      
   0.558567       5.594194         4.396034e-14      
   0.558567       5.894856         -1.893678e-15     
   0.558567       6.218716         -2.446334e-17     
   0.558567       6.564900         8.881860e-19      
   0.558567       6.932477         -3.597707e-21     
   0.558567       7.320454         1.861482e-23      
   0.558567       7.727785         -1.799292e-25     
   0.558567       8.153374         -4.047668e-28     
   0.558567       8.596072         3.391138e-30      
   0.558567       9.054685         -3.830213e-33     
   0.558567       9.527979         1.107376e-36      
   0.558567       10.014676        -5.955607e-41     
   0.558567       10.513464        -2.970549e-45     
   0.558567       11.023000        1.497754e-49      
   0.558567       11.541909        -1.254473e-54     
   0.558567       12.068793        2.543335e-60      
   0.558567       12.602230        -1.305554e-66     
   0.558567       13.140784        1.682162e-73      
   0.558567       13.683002        -5.260557e-81     
   0.558567       14.227422        3.624169e-89      
   0.558567       14.772578        -2.842955e-98     
   0.558567       15.316998       -6.812278e-107     
   0.558567       15.859216        5.311033e-116     
   0.558567       16.397770       -9.480199e-126     
   0.558567       16.931207        5.736718e-136     
   0.558567       17.458091       -1.450696e-146     
   0.558567       17.977000        1.846394e-157     
   0.558567       18.486536       -6.034818e-163     
   0.558567       18.985324       -9.141582e-152     
   0.558567       19.472021       -1.432104e-140     
   0.558567       19.945315       -1.884851e-129     
   0.558567       20.403928       -1.685844e-118     
   0.558567       20.846626       -8.295609e-108     
   0.558567       21.272215        -1.825617e-97     
   0.558567       21.679546        -1.472544e-87     
   0.558567       22.067523        -3.600476e-78     
   0.558567       22.435100        -2.213898e-69     
   0.558567       22.781284        -2.754117e-61     
   0.558567       23.105144        -4.091016e-54     
   0.558567       23.405806        4.059181e-47      
   0.558567       23.682459        2.166966e-40      
   0.558567       23.934358        1.253439e-34      
   0.558567       24.160824        1.171775e-29      
   0.558567       24.361246        1.972112e-25      
   0.558567       24.535084        6.413645e-22      
   0.558567       24.681869        4.291842e-19      
   0.558567       24.801206        6.256290e-17      
   0.558567       24.892773        2.138028e-15      
   0.558567       24.956326        1.563541e-14      
   0.558567       24.991706        6.027267e-14      
   0.632467       0.001580         -9.606627e-04     
   0.632467       0.008319         -5.058826e-03     
   0.632467       0.020424         -1.241961e-02     
   0.632467       0.037866         -2.299839e-02     
   0.632467       0.060596         -3.670901e-02     
   0.632467       0.088555         -5.340940e-02     
   0.632467       0.121667         -7.284902e-02     
   0.632467       0.159843         -9.463775e-02     
   0.632467       0.202979         -1.182190e-01     
   0.632467       0.250960         -1.428420e-01     
   0.632467       0.303656         -1.675415e-01     
   0.632467       0.360925         -1.911355e-01     
   0.632467       0.422613         -2.122502e-01     
   0.632467       0.488552         -2.293937e-01     
   0.632467       0.558567         -2.410968e-01     
   0.632467       0.632467         -2.461245e-01     
   0.632467       0.710054         -2.437112e-01     
   0.632467       0.791119         -2.337331e-01     
   0.632467       0.875442         -2.167378e-01     
   0.632467       0.962797         -1.938299e-01     
   0.632467       1.052948         -1.664942e-01     
   0.632467       1.145653         -1.364342e-01     
   0.632467       1.240660         -1.054348e-01     
   0.632467       1.337714         -7.522472e-02     
   0.632467       1.436554         -4.735210e-02     
   0.632467       1.536913         -2.309580e-02     
   0.632467       1.638520         -3.394833e-03     
   0.632467       1.741102         1.122882e-02      
   0.632467       1.844381         2.072450e-02      
   0.632467       1.948080         2.550248e-02      
   0.632467       2.051920         2.635672e-02      
   0.632467       2.155619         2.433448e-02      
   0.632467       2.258898         2.056569e-02      
   0.632467       2.361480         1.608653e-02      
   0.632467       2.463087         1.170529e-02      
   0.632467       2.563446         7.938161e-03      
   0.632467       2.662286         5.016225e-03      
   0.632467       2.759340         2.947009e-03      
   0.632467       2.854347         1.601657e-03      
   0.632467       2.947052         7.973818e-04      
   0.632467       3.037203         3.563025e-04      
   0.632467       3.124558         1.360977e-04      
   0.632467       3.208881         3.787178e-05      
   0.632467       3.289946         5.409867e-07      
   0.632467       3.367533         -9.757716e-06     
   0.632467       3.441433         -9.867562e-06     
   0.632467       3.511448         -7.200608e-06     
   0.632467       3.577387         -4.515418e-06     
   0.632467       3.639075         -2.549126e-06     
   0.632467       3.696344         -1.299506e-06     
   0.632467       3.749040         -5.723093e-07     
   0.632467       3.797021         -1.770663e-07     
   0.632467       3.840157         2.398711e-08      
   0.632467       3.878333         1.181467e-07      
   0.632467       3.911445         1.566285e-07      
   0.632467       3.939404         1.679455e-07      
   0.632467       3.962134         1.673411e-07      
   0.632467       3.979576         1.626784e-07      
   0.632467       3.991681         1.578654e-07      
   0.632467       3.998420         1.547455e-07      
   0.632467       4.008294         1.497132e-07      
   0.632467       4.043674         1.287553e-07      
   0.632467       4.107227         8.873868e-08      
   0.632467       4.198794         4.329788e-08      
   0.632467       4.318131         1.239233e-08      
   0.632467       4.464916         9.066325e-10      
   0.632467       4.638754         -5.425236e-10     
   0.632467       4.839176         -1.446433e-10     
   0.632467       5.065642         -6.344558e-12     
   0.632467       5.317541         1.070736e-12      
   0.632467       5.594194         5.462255e-14      
   0.632467       5.894856         -2.167578e-15     
   0.632467       6.218716         -3.164647e-17     
   0.632467       6.564900         1.053579e-18      
   0.632467       6.932477         -3.872958e-21     
   0.632467       7.320454         2.178043e-23      
   0.632467       7.727785         -2.266620e-25     
   0.632467       8.153374         -4.989669e-28     
   0.632467       8.596072         4.225052e-30      
   0.632467       9.054685         -4.762895e-33     
   0.632467       9.527979         1.369516e-36      
   0.632467       10.014676        -7.186781e-41     
   0.632467       10.513464        -3.846779e-45     
   0.632467       11.023000        1.891748e-49      
   0.632467       11.541909        -1.575302e-54     
   0.632467       12.068793        3.183617e-60      
   0.632467       12.602230        -1.630139e-66     
   0.632467       13.140784        2.095041e-73      
   0.632467       13.683002        -6.529539e-81     
   0.632467       14.227422        4.467657e-89      
   0.632467       14.772578        -3.340455e-98     
   0.632467       15.316998       -8.711077e-107     
   0.632467       15.859216        6.690107e-116     
   0.632467       16.397770       -1.189027e-125     
   0.632467       16.931207        7.179484e-136     
   0.632467       17.458091       -1.813193e-146     
   0.632467       17.977000        2.305930e-157     
   0.632467       18.486536       -4.563299e-163     
   0.632467       18.985324       -6.912585e-152     
   0.632467       19.472021       -1.082929e-140     
   0.632467       19.945315       -1.425311e-129     
   0.632467       20.403928       -1.274851e-118     
   0.632467       20.846626       -6.273401e-108     
   0.632467       21.272215        -1.380643e-97     
   0.632467       21.679546        -1.113690e-87     
   0.632467       22.067523        -2.723296e-78     
   0.632467       22.435100        -1.674802e-69     
   0.632467       22.781284        -2.084303e-61     
   0.632467       23.105144        -3.102631e-54     
   0.632467       23.405806        3.059453e-47      
   0.632467       23.682459        1.636477e-40      
   0.632467       23.934358        9.469845e-35      
   0.632467       24.160824        8.854808e-30      
   0.632467       24.361246        1.490526e-25      
   0.632467       24.535084        4.848169e-22      
   0.632467       24.681869        3.244700e-19      
   0.632467       24.801206        4.730400e-17      
   0.632467       24.892773        1.616726e-15      
   0.632467       24.956326        1.182391e-14      
   0.632467       24.991706        4.558412e-14      
   0.710054       0.001580         -8.939269e-04     
   0.710054       0.008319         -4.707405e-03     
   0.710054       0.020424         -1.155773e-02     
   0.710054       0.037866         -2.140680e-02     
   0.710054       0.060596         -3.418053e-02     
   0.710054       0.088555         -4.976550e-02     
   0.710054       0.121667         -6.795956e-02     
   0.710054       0.159843         -8.844681e-02     
   0.710054       0.202979         -1.107758e-01     
   0.710054       0.250960         -1.343330e-01     
   0.710054       0.303656         -1.583180e-01     
   0.710054       0.360925         -1.817300e-01     
   0.710054       0.422613         -2.033690e-01     
   0.710054       0.488552         -2.218678e-01     
   0.710054       0.558567         -2.357757e-01     
   0.710054       0.632467         -2.437112e-01     
   0.710054       0.710054         -2.445778e-01     
   0.710054       0.791119         -2.377948e-01     
   0.710054       0.875442         -2.234563e-01     
   0.710054       0.962797         -2.023484e-01     
   0.710054       1.052948         -1.758236e-01     
   0.710054       1.145653         -1.456043e-01     
   0.710054       1.240660         -1.135960e-01     
   0.710054       1.337714         -8.172874e-02     
   0.710054       1.436554         -5.180886e-02     
   0.710054       1.536913         -2.537952e-02     
   0.710054       1.638520         -3.608450e-03     
   0.710054       1.741102         1.279493e-02      
   0.710054       1.844381         2.363868e-02      
   0.710054       1.948080         2.925978e-02      
   0.710054       2.051920         3.045594e-02      
   0.710054       2.155619         2.834052e-02      
   0.710054       2.258898         2.415283e-02      
   0.710054       2.361480         1.906149e-02      
   0.710054       2.463087         1.400348e-02      
   0.710054       2.563446         9.596295e-03      
   0.710054       2.662286         6.134383e-03      
   0.710054       2.759340         3.651533e-03      
   0.710054       2.854347         2.015826e-03      
   0.710054       2.947052         1.023776e-03      
   0.710054       3.037203         4.705590e-04      
   0.710054       3.124558         1.885688e-04      
   0.710054       3.208881         5.908708e-05      
   0.710054       3.289946         7.415743e-06      
   0.710054       3.367533         -8.671415e-06     
   0.710054       3.441433         -1.066136e-05     
   0.710054       3.511448         -8.304668e-06     
   0.710054       3.577387         -5.420872e-06     
   0.710054       3.639075         -3.169581e-06     
   0.710054       3.696344         -1.684448e-06     
   0.710054       3.749040         -7.943993e-07     
   0.710054       3.797021         -2.963796e-07     
   0.710054       3.840157         -3.403977e-08     
   0.710054       3.878333         9.522550e-08      
   0.710054       3.911445         1.531728e-07      
   0.710054       3.939404         1.749590e-07      
   0.710054       3.962134         1.798028e-07      
   0.710054       3.979576         1.778633e-07      
   0.710054       3.991681         1.743339e-07      
   0.710054       3.998420         1.717435e-07      
   0.710054       4.008294         1.672759e-07      
   0.710054       4.043674         1.467126e-07      
   0.710054       4.107227         1.037216e-07      
   0.710054       4.198794         5.205825e-08      
   0.710054       4.318131         1.552142e-08      
   0.710054       4.464916         1.397367e-09      
   0.710054       4.638754         -5.916692e-10     
   0.710054       4.839176         -1.722086e-10     
   0.710054       5.065642         -8.552544e-12     
   0.710054       5.317541         1.215273e-12      
   0.710054       5.594194         6.817589e-14      
   0.710054       5.894856         -2.452519e-15     
   0.710054       6.218716         -4.120498e-17     
   0.710054       6.564900         1.246957e-18      
   0.710054       6.932477         -4.013602e-21     
   0.710054       7.320454         2.554244e-23      
   0.710054       7.727785         -2.889490e-25     
   0.710054       8.153374         -6.188945e-28     
   0.710054       8.596072         5.308488e-30      
   0.710054       9.054685         -5.970099e-33     
   0.710054       9.527979         1.705286e-36      
   0.710054       10.014676        -8.678462e-41     
   0.710054       10.513464        -5.051524e-45     
   0.710054       11.023000        2.415154e-49      
   0.710054       11.541909        -1.997574e-54     
   0.710054       12.068793        4.021867e-60      
   0.710054       12.602230        -2.053257e-66     
   0.710054       13.140784        2.630857e-73      
   0.710054       13.683002        -8.166318e-81     
   0.710054       14.227422        5.541521e-89      
   0.710054       14.772578        -3.896069e-98     
   0.710054       15.316998       -1.127669e-106     
   0.710054       15.859216        8.513401e-116     
   0.710054       16.397770       -1.505474e-125     
   0.710054       16.931207        9.067088e-136     
   0.710054       17.458091       -2.286437e-146     
   0.710054       17.977000        2.905064e-157     
   0.710054       18.486536       -3.400672e-163     
   0.710054       18.985324       -5.151466e-152     
   0.710054       19.472021       -8.070439e-141     
   0.710054       19.945315       -1.062223e-129     
   0.710054       20.403928       -9.501150e-119     
   0.710054       20.846626       -4.675562e-108     
   0.710054       21.272215        -1.029038e-97     
   0.710054       21.679546        -8.301232e-88     
   0.710054       22.067523        -2.030098e-78     
   0.710054       22.435100        -1.248725e-69     
   0.710054       22.781284        -1.554752e-61     
   0.710054       23.105144        -2.319950e-54     
   0.710054       23.405806        2.271497e-47      
   0.710054       23.682459        1.217750e-40      
   0.710054       23.934358        7.050174e-35      
   0.710054       24.160824        6.593952e-30      
   0.710054       24.361246        1.110173e-25      
   0.710054       24.535084        3.611635e-22      
   0.710054       24.681869        2.417505e-19      
   0.710054       24.801206        3.524914e-17      
   0.710054       24.892773        1.204857e-15      
   0.710054       24.956326        8.812379e-15      
   0.710054       24.991706        3.397746e-14      
   0.791119       0.001580         -8.084672e-04     
   0.791119       0.008319         -4.257396e-03     
   0.791119       0.020424         -1.045357e-02     
   0.791119       0.037866         -1.936605e-02     
   0.791119       0.060596         -3.093287e-02     
   0.791119       0.088555         -4.506888e-02     
   0.791119       0.121667         -6.161945e-02     
   0.791119       0.159843         -8.034034e-02     
   0.791119       0.202979         -1.008802e-01     
   0.791119       0.250960         -1.227547e-01     
   0.791119       0.303656         -1.453203e-01     
   0.791119       0.360925         -1.677558e-01     
   0.791119       0.422613         -1.890554e-01     
   0.791119       0.488552         -2.080388e-01     
   0.791119       0.558567         -2.233886e-01     
   0.791119       0.632467         -2.337331e-01     
   0.791119       0.710054         -2.377948e-01     
   0.791119       0.791119         -2.346091e-01     
   0.791119       0.875442         -2.237661e-01     
   0.791119       0.962797         -2.055757e-01     
   0.791119       1.052948         -1.810675e-01     
   0.791119       1.145653         -1.518318e-01     
   0.791119       1.240660         -1.198004e-01     
   0.791119       1.337714         -8.704851e-02     
   0.791119       1.436554         -5.561650e-02     
   0.791119       1.536913         -2.732605e-02     
   0.791119       1.638520         -3.617384e-03     
   0.791119       1.741102         1.456312e-02      
   0.791119       1.844381         2.683507e-02      
   0.791119       1.948080         3.341338e-02      
   0.791119       2.051920         3.505529e-02      
   0.791119       2.155619         3.291171e-02      
   0.791119       2.258898         2.831950e-02      
   0.791119       2.361480         2.258082e-02      
   0.791119       2.463087         1.677289e-02      
   0.791119       2.563446         1.163226e-02      
   0.791119       2.662286         7.534292e-03      
   0.791119       2.759340         4.551857e-03      
   0.791119       2.854347         2.556941e-03      
   0.791119       2.947052         1.327006e-03      
   0.791119       3.037203         6.282155e-04      
   0.791119       3.124558         2.638525e-04      
   0.791119       3.208881         9.138015e-05      
   0.791119       3.289946         1.917654e-05      
   0.791119       3.367533         -5.709611e-06     
   0.791119       3.441433         -1.091074e-05     
   0.791119       3.511448         -9.380608e-06     
   0.791119       3.577387         -6.454832e-06     
   0.791119       3.639075         -3.935069e-06     
   0.791119       3.696344         -2.187302e-06     
   0.791119       3.749040         -1.101183e-06     
   0.791119       3.797021         -4.729405e-07     
   0.791119       3.840157         -1.295678e-07     
   0.791119       3.878333         4.808851e-08      
   0.791119       3.911445         1.341210e-07      
   0.791119       3.939404         1.718516e-07      
   0.791119       3.962134         1.855663e-07      
   0.791119       3.979576         1.884433e-07      
   0.791119       3.991681         1.874128e-07      
   0.791119       3.998420         1.859521e-07      
   0.791119       4.008294         1.828379e-07      
   0.791119       4.043674         1.647372e-07      
   0.791119       4.107227         1.203938e-07      
   0.791119       4.198794         6.255961e-08      
   0.791119       4.318131         1.953935e-08      
   0.791119       4.464916         2.115500e-09      
   0.791119       4.638754         -6.256904e-10     
   0.791119       4.839176         -2.046871e-10     
   0.791119       5.065642         -1.158417e-11     
   0.791119       5.317541         1.360853e-12      
   0.791119       5.594194         8.552377e-14      
   0.791119       5.894856         -2.736049e-15     
   0.791119       6.218716         -5.399062e-17     
   0.791119       6.564900         1.472999e-18      
   0.791119       6.932477         -3.920713e-21     
   0.791119       7.320454         3.017913e-23      
   0.791119       7.727785         -3.738126e-25     
   0.791119       8.153374         -7.738893e-28     
   0.791119       8.596072         6.740650e-30      
   0.791119       9.054685         -7.558930e-33     
   0.791119       9.527979         2.141980e-36      
   0.791119       10.014676        -1.049170e-40     
   0.791119       10.513464        -6.740681e-45     
   0.791119       11.023000        3.123671e-49      
   0.791119       11.541909        -2.563545e-54     
   0.791119       12.068793        5.138883e-60      
   0.791119       12.602230        -2.614434e-66     
   0.791119       13.140784        3.338007e-73      
   0.791119       13.683002        -1.031178e-80     
   0.791119       14.227422        6.928405e-89      
   0.791119       14.772578        -4.497929e-98     
   0.791119       15.316998       -1.481063e-106     
   0.791119       15.859216        1.096864e-115     
   0.791119       16.397770       -1.928460e-125     
   0.791119       16.931207        1.158045e-135     
   0.791119       17.458091       -2.915097e-146     
   0.791119       17.977000        3.699818e-157     
   0.791119       18.486536       -2.496572e-163     
   0.791119       18.985324       -3.781938e-152     
   0.791119       19.472021       -5.925000e-141     
   0.791119       19.945315       -7.798591e-130     
   0.791119       20.403928       -6.975717e-119     
   0.791119       20.846626       -3.432909e-108     
   0.791119       21.272215        -7.555820e-98     
   0.791119       21.679546        -6.095702e-88     
   0.791119       22.067523        -1.490897e-78     
   0.791119       22.435100        -9.172506e-70     
   0.791119       22.781284        -1.142623e-61     
   0.791119       23.105144        -1.709582e-54     
   0.791119       23.405806        1.660622e-47      
   0.791119       23.682459        8.925270e-41      
   0.791119       23.934358        5.170094e-35      
   0.791119       24.160824        4.836916e-30      
   0.791119       24.361246        8.145345e-26      
   0.791119       24.535084        2.650375e-22      
   0.791119       24.681869        1.774379e-19      
   0.791119       24.801206        2.587573e-17      
   0.791119       24.892773        8.845730e-16      
   0.791119       24.956326        6.470372e-15      
   0.791119       24.991706        2.495027e-14      
   0.875442       0.001580         -7.110353e-04     
   0.875442       0.008319         -3.744333e-03     
   0.875442       0.020424         -9.194205e-03     
   0.875442       0.037866         -1.703654e-02     
   0.875442       0.060596         -2.721928e-02     
   0.875442       0.088555         -3.968070e-02     
   0.875442       0.121667         -5.430586e-02     
   0.875442       0.159843         -7.091116e-02     
   0.875442       0.202979         -8.923262e-02     
   0.875442       0.250960         -1.089035e-01     
   0.875442       0.303656         -1.294292e-01     
   0.875442       0.360925         -1.501671e-01     
   0.875442       0.422613         -1.703124e-01     
   0.875442       0.488552         -1.888947e-01     
   0.875442       0.558567         -2.047866e-01     
   0.875442       0.632467         -2.167378e-01     
   0.875442       0.710054         -2.234563e-01     
   0.875442       0.791119         -2.237661e-01     
   0.875442       0.875442         -2.168410e-01     
   0.875442       0.962797         -2.024525e-01     
   0.875442       1.052948         -1.811230e-01     
   0.875442       1.145653         -1.541045e-01     
   0.875442       1.240660         -1.232039e-01     
   0.875442       1.337714         -9.054549e-02     
   0.875442       1.436554         -5.834020e-02     
   0.875442       1.536913         -2.866767e-02     
   0.875442       1.638520         -3.271058e-03     
   0.875442       1.741102         1.661183e-02      
   0.875442       1.844381         3.035867e-02      
   0.875442       1.948080         3.800695e-02      
   0.875442       2.051920         4.021645e-02      
   0.875442       2.155619         3.813301e-02      
   0.875442       2.258898         3.317021e-02      
   0.875442       2.361480         2.675949e-02      
   0.875442       2.463087         2.012733e-02      
   0.875442       2.563446         1.414842e-02      
   0.875442       2.662286         9.300457e-03      
   0.875442       2.759340         5.712504e-03      
   0.875442       2.854347         3.270717e-03      
   0.875442       2.947052         1.737218e-03      
   0.875442       3.037203         8.478351e-04      
   0.875442       3.124558         3.726461e-04      
   0.875442       3.208881         1.405174e-04      
   0.875442       3.289946         3.872084e-05      
   0.875442       3.367533         4.720721e-07      
   0.875442       3.441433         -1.005357e-05     
   0.875442       3.511448         -1.023103e-05     
   0.875442       3.577387         -7.574617e-06     
   0.875442       3.639075         -4.859661e-06     
   0.875442       3.696344         -2.837072e-06     
   0.875442       3.749040         -1.520885e-06     
   0.875442       3.797021         -7.296609e-07     
   0.875442       3.840157         -2.799157e-07     
   0.875442       3.878333         -3.601305e-08     
   0.875442       3.911445         9.009905e-08      
   0.875442       3.939404         1.516145e-07      
   0.875442       3.962134         1.792249e-07      
   0.875442       3.979576         1.900572e-07      
   0.875442       3.991681         1.933793e-07      
   0.875442       3.998420         1.939749e-07      
   0.875442       4.008294         1.934448e-07      
   0.875442       4.043674         1.811451e-07      
   0.875442       4.107227         1.383933e-07      
   0.875442       4.198794         7.507594e-08      
   0.875442       4.318131         2.471537e-08      
   0.875442       4.464916         3.158485e-09      
   0.875442       4.638754         -6.309045e-10     
   0.875442       4.839176         -2.427019e-10     
   0.875442       5.065642         -1.574957e-11     
   0.875442       5.317541         1.496468e-12      
   0.875442       5.594194         1.078294e-13      
   0.875442       5.894856         -2.995191e-15     
   0.875442       6.218716         -7.114996e-17     
   0.875442       6.564900         1.736053e-18      
   0.875442       6.932477         -3.439934e-21     
   0.875442       7.320454         3.617175e-23      
   0.875442       7.727785         -4.919750e-25     
   0.875442       8.153374         -9.772458e-28     
   0.875442       8.596072         8.666460e-30      
   0.875442       9.054685         -9.684636e-33     
   0.875442       9.527979         2.718396e-36      
   0.875442       10.014676        -1.269371e-40     
   0.875442       10.513464        -9.154489e-45     
   0.875442       11.023000        4.100667e-49      
   0.875442       11.541909        -3.335785e-54     
   0.875442       12.068793        6.653481e-60      
   0.875442       12.602230        -3.371440e-66     
   0.875442       13.140784        4.286739e-73      
   0.875442       13.683002        -1.316830e-80     
   0.875442       14.227422        8.743895e-89      
   0.875442       14.772578        -5.109856e-98     
   0.875442       15.316998       -1.977192e-106     
   0.875442       15.859216        1.433547e-115     
   0.875442       16.397770       -2.503919e-125     
   0.875442       16.931207        1.498553e-135     
   0.875442       17.458091       -3.764650e-146     
   0.875442       17.977000        4.772174e-157     
   0.875442       18.486536       -1.805271e-163     
   0.875442       18.985324       -2.734738e-152     
   0.875442       19.472021       -4.284479e-141     
   0.875442       19.945315       -5.639441e-130     
   0.875442       20.403928       -5.044544e-119     
   0.875442       20.846626       -2.482633e-108     
   0.875442       21.272215        -5.464563e-98     
   0.875442       21.679546        -4.408916e-88     
   0.875442       22.067523        -1.078474e-78     
   0.875442       22.435100        -6.636666e-70     
   0.875442       22.781284        -8.271936e-62     
   0.875442       23.105144        -1.241295e-54     
   0.875442       23.405806        1.195240e-47      
   0.875442       23.682459        6.442129e-41      
   0.875442       23.934358        3.733941e-35      
   0.875442       24.160824        3.494424e-30      
   0.875442       24.361246        5.886044e-26      
   0.875442       24.535084        1.915648e-22      
   0.875442       24.681869        1.282741e-19      
   0.875442       24.801206        1.870929e-17      
   0.875442       24.892773        6.396729e-16      
   0.875442       24.956326        4.679463e-15      
   0.875442       24.991706        1.804648e-14      
   0.962797       0.001580         -6.072267e-04     
   0.962797       0.008319         -3.197674e-03     
   0.962797       0.020424         -7.851998e-03     
   0.962797       0.037866         -1.455209e-02     
   0.962797       0.060596         -2.325328e-02     
   0.962797       0.088555         -3.391119e-02     
   0.962797       0.121667         -4.644086e-02     
   0.962797       0.159843         -6.070568e-02     
   0.962797       0.202979         -7.651260e-02     
   0.962797       0.250960         -9.359632e-02     
   0.962797       0.303656         -1.115985e-01     
   0.962797       0.360925         -1.300467e-01     
   0.962797       0.422613         -1.483331e-01     
   0.962797       0.488552         -1.656976e-01     
   0.962797       0.558567         -1.812198e-01     
   0.962797       0.632467         -1.938299e-01     
   0.962797       0.710054         -2.023484e-01     
   0.962797       0.791119         -2.055757e-01     
   0.962797       0.875442         -2.024525e-01     
   0.962797       0.962797         -1.922939e-01     
   0.962797       1.052948         -1.750407e-01     
   0.962797       1.145653         -1.514144e-01     
   0.962797       1.240660         -1.228841e-01     
   0.962797       1.337714         -9.145930e-02     
   0.962797       1.436554         -5.941574e-02     
   0.962797       1.536913         -2.903378e-02     
   0.962797       1.638520         -2.352926e-03     
   0.962797       1.741102         1.905855e-02      
   0.962797       1.844381         3.427481e-02      
   0.962797       1.948080         4.309003e-02      
   0.962797       2.051920         4.600165e-02      
   0.962797       2.155619         4.409418e-02      
   0.962797       2.258898         3.882135e-02      
   0.962797       2.361480         3.173065e-02      
   0.962797       2.463087         2.420384e-02      
   0.962797       2.563446         1.727277e-02      
   0.962797       2.662286         1.154208e-02      
   0.962797       2.759340         7.219259e-03      
   0.962797       2.854347         4.219662e-03      
   0.962797       2.947052         2.296828e-03      
   0.962797       3.037203         1.156287e-03      
   0.962797       3.124558         5.308799e-04      
   0.962797       3.208881         2.153560e-04      
   0.962797       3.289946         7.066430e-05      
   0.962797       3.367533         1.211655e-05      
   0.962797       3.441433         -7.087698e-06     
   0.962797       3.511448         -1.045915e-05     
   0.962797       3.577387         -8.656584e-06     
   0.962797       3.639075         -5.930896e-06     
   0.962797       3.696344         -3.659157e-06     
   0.962797       3.749040         -2.086513e-06     
   0.962797       3.797021         -1.096381e-06     
   0.962797       3.840157         -5.090898e-07     
   0.962797       3.878333         -1.755553e-07     
   0.962797       3.911445         7.025053e-09      
   0.962797       3.939404         1.033888e-07      
   0.962797       3.962134         1.521708e-07      
   0.962797       3.979576         1.756003e-07      
   0.962797       3.991681         1.860609e-07      
   0.962797       3.998420         1.901203e-07      
   0.962797       4.008294         1.940630e-07      
   0.962797       4.043674         1.928343e-07      
   0.962797       4.107227         1.567381e-07      
   0.962797       4.198794         8.978760e-08      
   0.962797       4.318131         3.138096e-08      
   0.962797       4.464916         4.663633e-09      
   0.962797       4.638754         -5.851023e-10     
   0.962797       4.839176         -2.865410e-10     
   0.962797       5.065642         -2.146797e-11     
   0.962797       5.317541         1.602418e-12      
   0.962797       5.594194         1.365596e-13      
   0.962797       5.894856         -3.189716e-15     
   0.962797       6.218716         -9.421129e-17     
   0.962797       6.564900         2.038951e-18      
   0.962797       6.932477         -2.331879e-21     
   0.962797       7.320454         4.436708e-23      
   0.962797       7.727785         -6.600282e-25     
   0.962797       8.153374         -1.248182e-27     
   0.962797       8.596072         1.130037e-29      
   0.962797       9.054685         -1.257488e-32     
   0.962797       9.527979         3.490169e-36      
   0.962797       10.014676        -1.534860e-40     
   0.962797       10.513464        -1.266816e-44     
   0.962797       11.023000        5.472576e-49      
   0.962797       11.541909        -4.408121e-54     
   0.962797       12.068793        8.742482e-60      
   0.962797       12.602230        -4.409666e-66     
   0.962797       13.140784        5.580086e-73      
   0.962797       13.683002        -1.702918e-80     
   0.962797       14.227422        1.115013e-88      
   0.962797       14.772578        -5.646480e-98     
   0.962797       15.316998       -2.687068e-106     
   0.962797       15.859216        1.903639e-115     
   0.962797       16.397770       -3.300612e-125     
   0.962797       16.931207        1.967840e-135     
   0.962797       17.458091       -4.932297e-146     
   0.962797       17.977000        6.243596e-157     
   0.962797       18.486536       -1.282742e-163     
   0.962797       18.985324       -1.943177e-152     
   0.962797       19.472021       -3.044412e-141     
   0.962797       19.945315       -4.007306e-130     
   0.962797       20.403928       -3.584696e-119     
   0.962797       20.846626       -1.764256e-108     
   0.962797       21.272215        -3.883559e-98     
   0.962797       21.679546        -3.133597e-88     
   0.962797       22.067523        -7.666191e-79     
   0.962797       22.435100        -4.718758e-70     
   0.962797       22.781284        -5.885005e-62     
   0.962797       23.105144        -8.859180e-55     
   0.962797       23.405806        8.450022e-48      
   0.962797       23.682459        4.568431e-41      
   0.962797       23.934358        2.649657e-35      
   0.962797       24.160824        2.480557e-30      
   0.962797       24.361246        4.179406e-26      
   0.962797       24.535084        1.360538e-22      
   0.962797       24.681869        9.112256e-20      
   0.962797       24.801206        1.329300e-17      
   0.962797       24.892773        4.545568e-16      
   0.962797       24.956326        3.325624e-15      
   0.962797       24.991706        1.282688e-14      
   1.052948       0.001580         -5.007629e-04     
   1.052948       0.008319         -2.637028e-03     
   1.052948       0.020424         -6.475283e-03     
   1.052948       0.037866         -1.200291e-02     
   1.052948       0.060596         -1.918168e-02     
   1.052948       0.088555         -2.798120e-02     
   1.052948       0.121667         -3.834095e-02     
   1.052948       0.159843         -5.016193e-02     
   1.052948       0.202979         -6.330770e-02     
   1.052948       0.250960         -7.759450e-02     
   1.052948       0.303656         -9.277550e-02     
   1.052948       0.360925         -1.085224e-01     
   1.052948       0.422613         -1.244028e-01     
   1.052948       0.488552         -1.398555e-01     
   1.052948       0.558567         -1.541726e-01     
   1.052948       0.632467         -1.664942e-01     
   1.052948       0.710054         -1.758236e-01     
   1.052948       0.791119         -1.810675e-01     
   1.052948       0.875442         -1.811230e-01     
   1.052948       0.962797         -1.750407e-01     
   1.052948       1.052948         -1.622722e-01     
   1.052948       1.145653         -1.429309e-01     
   1.052948       1.240660         -1.179376e-01     
   1.052948       1.337714         -8.895805e-02     
   1.052948       1.436554         -5.816610e-02     
   1.052948       1.536913         -2.793977e-02     
   1.052948       1.638520         -5.597083e-04     
   1.052948       1.741102         2.207326e-02      
   1.052948       1.844381         3.867474e-02      
   1.052948       1.948080         4.872047e-02      
   1.052948       2.051920         5.247236e-02      
   1.052948       2.155619         5.088475e-02      
   1.052948       2.258898         4.539665e-02      
   1.052948       2.361480         3.764419e-02      
   1.052948       2.463087         2.916402e-02      
   1.052948       2.563446         2.116268e-02      
   1.052948       2.662286         1.439854e-02      
   1.052948       2.759340         9.185384e-03      
   1.052948       2.854347         5.488920e-03      
   1.052948       2.947052         3.065377e-03      
   1.052948       3.037203         1.592436e-03      
   1.052948       3.124558         7.623071e-04      
   1.052948       3.208881         3.295311e-04      
   1.052948       3.289946         1.223693e-04      
   1.052948       3.367533         3.295702e-05      
   1.052948       3.441433         -2.480422e-07     
   1.052948       3.511448         -9.301466e-06     
   1.052948       3.577387         -9.414168e-06     
   1.052948       3.639075         -7.072263e-06     
   1.052948       3.696344         -4.659874e-06     
   1.052948       3.749040         -2.830732e-06     
   1.052948       3.797021         -1.609314e-06     
   1.052948       3.840157         -8.490411e-07     
   1.052948       3.878333         -3.965752e-07     
   1.052948       3.911445         -1.357861e-07     
   1.052948       3.939404         1.069168e-08      
   1.052948       3.962134         9.098435e-08      
   1.052948       3.979576         1.337561e-07      
   1.052948       3.991681         1.554709e-07      
   1.052948       3.998420         1.650957e-07      
   1.052948       4.008294         1.763577e-07      
   1.052948       4.043674         1.943542e-07      
   1.052948       4.107227         1.733160e-07      
   1.052948       4.198794         1.066180e-07      
   1.052948       4.318131         3.992144e-08      
   1.052948       4.464916         6.822308e-09      
   1.052948       4.638754         -4.527200e-10     
   1.052948       4.839176         -3.356907e-10     
   1.052948       5.065642         -2.929680e-11     
   1.052948       5.317541         1.644862e-12      
   1.052948       5.594194         1.735037e-13      
   1.052948       5.894856         -3.251688e-15     
   1.052948       6.218716         -1.251802e-16     
   1.052948       6.564900         2.380799e-18      
   1.052948       6.932477         -2.275948e-22     
   1.052948       7.320454         5.627333e-23      
   1.052948       7.727785         -9.039769e-25     
   1.052948       8.153374         -1.615008e-27     
   1.052948       8.596072         1.496407e-29      
   1.052948       9.054685         -1.656760e-32     
   1.052948       9.527979         4.537823e-36      
   1.052948       10.014676        -1.849554e-40     
   1.052948       10.513464        -1.787539e-44     
   1.052948       11.023000        7.433685e-49      
   1.052948       11.541909        -5.923030e-54     
   1.052948       12.068793        1.167222e-59      
   1.052948       12.602230        -5.856768e-66     
   1.052948       13.140784        7.370723e-73      
   1.052948       13.683002        -2.232286e-80     
   1.052948       14.227422        1.437457e-88      
   1.052948       14.772578        -5.925013e-98     
   1.052948       15.316998       -3.722384e-106     
   1.052948       15.859216        2.571955e-115     
   1.052948       16.397770       -4.422941e-125     
   1.052948       16.931207        2.625696e-135     
   1.052948       17.458091       -6.564262e-146     
   1.052948       17.977000        8.296432e-157     
   1.052948       18.486536       -8.897859e-164     
   1.052948       18.985324       -1.347880e-152     
   1.052948       19.472021       -2.111795e-141     
   1.052948       19.945315       -2.779792e-130     
   1.052948       20.403928       -2.486721e-119     
   1.052948       20.846626       -1.223928e-108     
   1.052948       21.272215        -2.694332e-98     
   1.052948       21.679546        -2.174221e-88     
   1.052948       22.067523        -5.319889e-79     
   1.052948       22.435100        -3.275409e-70     
   1.052948       22.781284        -4.087556e-62     
   1.052948       23.105144        -6.174086e-55     
   1.052948       23.405806        5.829700e-48      
   1.052948       23.682459        3.162208e-41      
   1.052948       23.934358        1.835351e-35      
   1.052948       24.160824        1.718867e-30      
   1.052948       24.361246        2.896910e-26      
   1.052948       24.535084        9.432856e-23      
   1.052948       24.681869        6.319140e-20      
   1.052948       24.801206        9.220191e-18      
   1.052948       24.892773        3.153364e-16      
   1.052948       24.956326        2.307331e-15      
   1.052948       24.991706        8.900398e-15      
   1.145653       0.001580         -3.951736e-04     
   1.145653       0.008319         -2.080994e-03     
   1.145653       0.020424         -5.109872e-03     
   1.145653       0.037866         -9.474299e-03     
   1.145653       0.060596         -1.514269e-02     
   1.145653       0.088555         -2.209714e-02     
   1.145653       0.121667         -3.029909e-02     
   1.145653       0.159843         -3.968175e-02     
   1.145653       0.202979         -5.015426e-02     
   1.145653       0.250960         -6.159501e-02     
   1.145653       0.303656         -7.383967e-02     
   1.145653       0.360925         -8.666821e-02     
   1.145653       0.422613         -9.978819e-02     
   1.145653       0.488552         -1.128137e-01     
   1.145653       0.558567         -1.252421e-01     
   1.145653       0.632467         -1.364342e-01     
   1.145653       0.710054         -1.456043e-01     
   1.145653       0.791119         -1.518318e-01     
   1.145653       0.875442         -1.541045e-01     
   1.145653       0.962797         -1.514144e-01     
   1.145653       1.052948         -1.429309e-01     
   1.145653       1.145653         -1.282504e-01     
   1.145653       1.240660         -1.076537e-01     
   1.145653       1.337714         -8.224301e-02     
   1.145653       1.436554         -5.385853e-02     
   1.145653       1.536913         -2.480255e-02     
   1.145653       1.638520         2.510999e-03      
   1.145653       1.741102         2.589387e-02      
   1.145653       1.844381         4.368268e-02      
   1.145653       1.948080         5.496679e-02      
   1.145653       2.051920         5.968807e-02      
   1.145653       2.155619         5.858783e-02      
   1.145653       2.258898         5.301947e-02      
   1.145653       2.361480         4.466207e-02      
   1.145653       2.463087         3.519344e-02      
   1.145653       2.563446         2.600749e-02      
   1.145653       2.662286         1.804485e-02      
   1.145653       2.759340         1.175877e-02      
   1.145653       2.854347         7.193644e-03      
   1.145653       2.947052         4.126040e-03      
   1.145653       3.037203         2.212325e-03      
   1.145653       3.124558         1.102305e-03      
   1.145653       3.208881         5.040356e-04      
   1.145653       3.289946         2.055774e-04      
   1.145653       3.367533         6.919077e-05      
   1.145653       3.441433         1.354547e-05      
   1.145653       3.511448         -5.329183e-06     
   1.145653       3.577387         -9.243658e-06     
   1.145653       3.639075         -8.067470e-06     
   1.145653       3.696344         -5.791546e-06     
   1.145653       3.749040         -3.771328e-06     
   1.145653       3.797021         -2.306222e-06     
   1.145653       3.840157         -1.339243e-06     
   1.145653       3.878333         -7.340822e-07     
   1.145653       3.911445         -3.676836e-07     
   1.145653       3.939404         -1.507823e-07     
   1.145653       3.962134         -2.470775e-08     
   1.145653       3.979576         4.696443e-08      
   1.145653       3.991681         8.587331e-08      
   1.145653       3.998420         1.041318e-07      
   1.145653       4.008294         1.269102e-07      
   1.145653       4.043674         1.764742e-07      
   1.145653       4.107227         1.840339e-07      
   1.145653       4.198794         1.249225e-07      
   1.145653       4.318131         5.073737e-08      
   1.145653       4.464916         9.896430e-09      
   1.145653       4.638754         -1.775528e-10     
   1.145653       4.839176         -3.879769e-10     
   1.145653       5.065642         -3.995787e-11     
   1.145653       5.317541         1.567371e-12      
   1.145653       5.594194         2.207248e-13      
   1.145653       5.894856         -3.069463e-15     
   1.145653       6.218716         -1.666244e-16     
   1.145653       6.564900         2.753062e-18      
   1.145653       6.932477         3.437808e-21      
   1.145653       7.320454         7.459709e-23      
   1.145653       7.727785         -1.265062e-24     
   1.145653       8.153374         -2.120403e-27     
   1.145653       8.596072         2.014702e-29      
   1.145653       9.054685         -2.217071e-32     
   1.145653       9.527979         5.978978e-36      
   1.145653       10.014676        -2.210244e-40     
   1.145653       10.513464        -2.572738e-44     
   1.145653       11.023000        1.028640e-48      
   1.145653       11.541909        -8.099552e-54     
   1.145653       12.068793        1.584856e-59      
   1.145653       12.602230        -7.905670e-66     
   1.145653       13.140784        9.887055e-73      
   1.145653       13.683002        -2.967963e-80     
   1.145653       14.227422        1.873484e-88      
   1.145653       14.772578        -5.571394e-98     
   1.145653       15.316998       -5.261940e-106     
   1.145653       15.859216        3.539501e-115     
   1.145653       16.397770       -6.031786e-125     
   1.145653       16.931207        3.563674e-135     
   1.145653       17.458091       -8.883567e-146     
   1.145653       17.977000        1.120815e-156     
   1.145653       18.486536       -5.965443e-164     
   1.145653       18.985324       -9.036177e-153     
   1.145653       19.472021       -1.415777e-141     
   1.145653       19.945315       -1.863663e-130     
   1.145653       20.403928       -1.667238e-119     
   1.145653       20.846626       -8.206290e-109     
   1.145653       21.272215        -1.806635e-98     
   1.145653       21.679546        -1.458022e-88     
   1.145653       22.067523        -3.568029e-79     
   1.145653       22.435100        -2.197416e-70     
   1.145653       22.781284        -2.744123e-62     
   1.145653       23.105144        -4.159505e-55     
   1.145653       23.405806        3.885930e-48      
   1.145653       23.682459        2.115249e-41      
   1.145653       23.934358        1.228614e-35      
   1.145653       24.160824        1.151101e-30      
   1.145653       24.361246        1.940628e-26      
   1.145653       24.535084        6.320777e-23      
   1.145653       24.681869        4.235370e-20      
   1.145653       24.801206        6.181066e-18      
   1.145653       24.892773        2.114319e-16      
   1.145653       24.956326        1.547250e-15      
   1.145653       24.991706        5.969132e-15      
   1.240660       0.001580         -2.948961e-04     
   1.240660       0.008319         -1.552937e-03     
   1.240660       0.020424         -3.813130e-03     
   1.240660       0.037866         -7.072196e-03     
   1.240660       0.060596         -1.130475e-02     
   1.240660       0.088555         -1.650256e-02     
   1.240660       0.121667         -2.264471e-02     
   1.240660       0.159843         -2.968979e-02     
   1.240660       0.202979         -3.758212e-02     
   1.240660       0.250960         -4.624704e-02     
   1.240660       0.303656         -5.558168e-02     
   1.240660       0.360925         -6.544640e-02     
   1.240660       0.422613         -7.565486e-02     
   1.240660       0.488552         -8.595978e-02     
   1.240660       0.558567         -9.603223e-02     
   1.240660       0.632467         -1.054348e-01     
   1.240660       0.710054         -1.135960e-01     
   1.240660       0.791119         -1.198004e-01     
   1.240660       0.875442         -1.232039e-01     
   1.240660       0.962797         -1.228841e-01     
   1.240660       1.052948         -1.179376e-01     
   1.240660       1.145653         -1.076537e-01     
   1.240660       1.240660         -9.176920e-02     
   1.240660       1.337714         -7.073038e-02     
   1.240660       1.436554         -4.581214e-02     
   1.240660       1.536913         -1.899676e-02     
   1.240660       1.638520         7.343515e-03      
   1.240660       1.741102         3.083395e-02      
   1.240660       1.844381         4.946700e-02      
   1.240660       1.948080         6.191097e-02      
   1.240660       2.051920         6.770258e-02      
   1.240660       2.155619         6.727273e-02      
   1.240660       2.258898         6.180277e-02      
   1.240660       2.361480         5.294895e-02      
   1.240660       2.463087         4.249650e-02      
   1.240660       2.563446         3.202875e-02      
   1.240660       2.662286         2.269615e-02      
   1.240660       2.759340         1.512943e-02      
   1.240660       2.854347         9.487740e-03      
   1.240660       2.947052         5.594071e-03      
   1.240660       3.037203         3.096329e-03      
   1.240660       3.124558         1.603361e-03      
   1.240660       3.208881         7.711012e-04      
   1.240660       3.289946         3.389719e-04      
   1.240660       3.367533         1.310708e-04      
   1.240660       3.441433         3.962605e-05      
   1.240660       3.511448         4.080279e-06      
   1.240660       3.577387         -6.938435e-06     
   1.240660       3.639075         -8.411822e-06     
   1.240660       3.696344         -6.878360e-06     
   1.240660       3.749040         -4.876118e-06     
   1.240660       3.797021         -3.211190e-06     
   1.240660       3.840157         -2.021239e-06     
   1.240660       3.878333         -1.231245e-06     
   1.240660       3.911445         -7.279614e-07     
   1.240660       3.939404         -4.153090e-07     
   1.240660       3.962134         -2.246842e-07     
   1.240660       3.979576         -1.110965e-07     
   1.240660       3.991681         -4.671803e-08     
   1.240660       3.998420         -1.549197e-08     
   1.240660       4.008294         2.480006e-08      
   1.240660       4.043674         1.240898e-07      
   1.240660       4.107227         1.814476e-07      
   1.240660       4.198794         1.429225e-07      
   1.240660       4.318131         6.414207e-08      
   1.240660       4.464916         1.423409e-08      
   1.240660       4.638754         3.279779e-10      
   1.240660       4.839176         -4.380343e-10     
   1.240660       5.065642         -5.434563e-11     
   1.240660       5.317541         1.278118e-12      
   1.240660       5.594194         2.803606e-13      
   1.240660       5.894856         -2.463699e-15     
   1.240660       6.218716         -2.217041e-16     
   1.240660       6.564900         3.132846e-18      
   1.240660       6.932477         9.522864e-21      
   1.240660       7.320454         1.042157e-22      
   1.240660       7.727785         -1.809372e-24     
   1.240660       8.153374         -2.830521e-27     
   1.240660       8.596072         2.760498e-29      
   1.240660       9.054685         -3.015751e-32     
   1.240660       9.527979         7.987067e-36      
   1.240660       10.014676        -2.597279e-40     
   1.240660       10.513464        -3.776578e-44     
   1.240660       11.023000        1.450718e-48      
   1.240660       11.541909        -1.127842e-53     
   1.240660       12.068793        2.189691e-59      
   1.240660       12.602230        -1.085090e-65     
   1.240660       13.140784        1.347368e-72      
   1.240660       13.683002        -4.003103e-80     
   1.240660       14.227422        2.466899e-88      
   1.240660       14.772578        -3.836470e-98     
   1.240660       15.316998       -7.597266e-106     
   1.240660       15.859216        4.966306e-115     
   1.240660       16.397770       -8.378891e-125     
   1.240660       16.931207        4.924020e-135     
   1.240660       17.458091       -1.223522e-145     
   1.240660       17.977000        1.540687e-156     
   1.240660       18.486536       -3.817862e-164     
   1.240660       18.985324       -5.782270e-153     
   1.240660       19.472021       -9.059789e-142     
   1.240660       19.945315       -1.192623e-130     
   1.240660       20.403928       -1.066962e-119     
   1.240660       20.846626       -5.251937e-109     
   1.240660       21.272215        -1.156304e-98     
   1.240660       21.679546        -9.332727e-89     
   1.240660       22.067523        -2.284236e-79     
   1.240660       22.435100        -1.407182e-70     
   1.240660       22.781284        -1.758514e-62     
   1.240660       23.105144        -2.675236e-55     
   1.240660       23.405806        2.471813e-48      
   1.240660       23.682459        1.350447e-41      
   1.240660       23.934358        7.850054e-36      
   1.240660       24.160824        7.357918e-31      
   1.240660       24.361246        1.240875e-26      
   1.240660       24.535084        4.042807e-23      
   1.240660       24.681869        2.709666e-20      
   1.240660       24.801206        3.955328e-18      
   1.240660       24.892773        1.353211e-16      
   1.240660       24.956326        9.904056e-16      
   1.240660       24.991706        3.821321e-15      
   1.337714       0.001580         -2.039923e-04     
   1.337714       0.008319         -1.074237e-03     
   1.337714       0.020424         -2.637547e-03     
   1.337714       0.037866         -4.893572e-03     
   1.337714       0.060596         -7.822005e-03     
   1.337714       0.088555         -1.142019e-02     
   1.337714       0.121667         -1.567867e-02     
   1.337714       0.159843         -2.057287e-02     
   1.337714       0.202979         -2.607152e-02     
   1.337714       0.250960         -3.213471e-02     
   1.337714       0.303656         -3.870721e-02     
   1.337714       0.360925         -4.571213e-02     
   1.337714       0.422613         -5.304305e-02     
   1.337714       0.488552         -6.055307e-02     
   1.337714       0.558567         -6.803976e-02     
   1.337714       0.632467         -7.522472e-02     
   1.337714       0.710054         -8.172874e-02     
   1.337714       0.791119         -8.704851e-02     
   1.337714       0.875442         -9.054549e-02     
   1.337714       0.962797         -9.145930e-02     
   1.337714       1.052948         -8.895805e-02     
   1.337714       1.145653         -8.224301e-02     
   1.337714       1.240660         -7.073038e-02     
   1.337714       1.337714         -5.430656e-02     
   1.337714       1.436554         -3.357741e-02     
   1.337714       1.536913         -9.965764e-03     
   1.337714       1.638520         1.444338e-02      
   1.337714       1.741102         3.726543e-02      
   1.337714       1.844381         5.624667e-02      
   1.337714       1.948080         6.965272e-02      
   1.337714       2.051920         7.655866e-02      
   1.337714       2.155619         7.698511e-02      
   1.337714       2.258898         7.183617e-02      
   1.337714       2.361480         6.265737e-02      
   1.337714       2.463087         5.128487e-02      
   1.337714       2.563446         3.947551e-02      
   1.337714       2.662286         2.860966e-02      
   1.337714       2.759340         1.953612e-02      
   1.337714       2.854347         1.257340e-02      
   1.337714       2.947052         7.627203e-03      
   1.337714       3.037203         4.358680e-03      
   1.337714       3.124558         2.342799e-03      
   1.337714       3.208881         1.179937e-03      
   1.337714       3.289946         5.521391e-04      
   1.337714       3.367533         2.354745e-04      
   1.337714       3.441433         8.715739e-05      
   1.337714       3.511448         2.366838e-05      
   1.337714       3.577387         -1.665939e-07     
   1.337714       3.639075         -7.026635e-06     
   1.337714       3.696344         -7.464760e-06     
   1.337714       3.749040         -5.984876e-06     
   1.337714       3.797021         -4.295896e-06     
   1.337714       3.840157         -2.920537e-06     
   1.337714       3.878333         -1.931895e-06     
   1.337714       3.911445         -1.263717e-06     
   1.337714       3.939404         -8.276400e-07     
   1.337714       3.962134         -5.499047e-07     
   1.337714       3.979576         -3.778726e-07     
   1.337714       3.991681         -2.771572e-07     
   1.337714       3.998420         -2.271626e-07     
   1.337714       4.008294         -1.612040e-07     
   1.337714       4.043674         1.342689e-08      
   1.337714       4.107227         1.526616e-07      
   1.337714       4.198794         1.567137e-07      
   1.337714       4.318131         8.013262e-08      
   1.337714       4.464916         2.027566e-08      
   1.337714       4.638754         1.198068e-09      
   1.337714       4.839176         -4.746525e-10     
   1.337714       5.065642         -7.348511e-11     
   1.337714       5.317541         6.309795e-13      
   1.337714       5.594194         3.541213e-13      
   1.337714       5.894856         -1.152386e-15     
   1.337714       6.218716         -2.940534e-16     
   1.337714       6.564900         3.471733e-18      
   1.337714       6.932477         1.932144e-20      
   1.337714       7.320454         1.539302e-22      
   1.337714       7.727785         -2.643753e-24     
   1.337714       8.153374         -3.851320e-27     
   1.337714       8.596072         3.852273e-29      
   1.337714       9.054685         -4.172076e-32     
   1.337714       9.527979         1.082027e-35      
   1.337714       10.014676        -2.956492e-40     
   1.337714       10.513464        -5.651564e-44     
   1.337714       11.023000        2.085531e-48      
   1.337714       11.541909        -1.599550e-53     
   1.337714       12.068793        3.079082e-59      
   1.337714       12.602230        -1.514612e-65     
   1.337714       13.140784        1.865409e-72      
   1.337714       13.683002        -5.475645e-80     
   1.337714       14.227422        3.276557e-88      
   1.337714       14.772578        7.667010e-99      
   1.337714       15.316998       -1.121286e-105     
   1.337714       15.859216        7.110289e-115     
   1.337714       16.397770       -1.186449e-124     
   1.337714       16.931207        6.931109e-135     
   1.337714       17.458091       -1.716079e-145     
   1.337714       17.977000        2.156268e-156     
   1.337714       18.486536       -2.285953e-164     
   1.337714       18.985324       -3.460780e-153     
   1.337714       19.472021       -5.422549e-142     
   1.337714       19.945315       -7.138401e-131     
   1.337714       20.403928       -6.386503e-120     
   1.337714       20.846626       -3.143801e-109     
   1.337714       21.272215        -6.922096e-99     
   1.337714       21.679546        -5.587503e-89     
   1.337714       22.067523        -1.367792e-79     
   1.337714       22.435100        -8.428660e-71     
   1.337714       22.781284        -1.054062e-62     
   1.337714       23.105144        -1.609507e-55     
   1.337714       23.405806        1.470334e-48      
   1.337714       23.682459        8.063649e-42      
   1.337714       23.934358        4.691167e-36      
   1.337714       24.160824        4.399019e-31      
   1.337714       24.361246        7.421295e-27      
   1.337714       24.535084        2.418620e-23      
   1.337714       24.681869        1.621500e-20      
   1.337714       24.801206        2.367457e-18      
   1.337714       24.892773        8.101097e-17      
   1.337714       24.956326        5.929949e-16      
   1.337714       24.991706        2.288230e-15      
   1.436554       0.001580         -1.248992e-04     
   1.436554       0.008319         -6.577292e-04     
   1.436554       0.020424         -1.614732e-03     
   1.436554       0.037866         -2.997385e-03     
   1.436554       0.060596         -4.789939e-03     
   1.436554       0.088555         -6.992674e-03     
   1.436554       0.121667         -9.603475e-03     
   1.436554       0.159843         -1.260852e-02     
   1.436554       0.202979         -1.599220e-02     
   1.436554       0.250960         -1.973750e-02     
   1.436554       0.303656         -2.382158e-02     
   1.436554       0.360925         -2.821121e-02     
   1.436554       0.422613         -3.285598e-02     
   1.436554       0.488552         -3.767885e-02     
   1.436554       0.558567         -4.256550e-02     
   1.436554       0.632467         -4.735210e-02     
   1.436554       0.710054         -5.180886e-02     
   1.436554       0.791119         -5.561650e-02     
   1.436554       0.875442         -5.834020e-02     
   1.436554       0.962797         -5.941574e-02     
   1.436554       1.052948         -5.816610e-02     
   1.436554       1.145653         -5.385853e-02     
   1.436554       1.240660         -4.581214e-02     
   1.436554       1.337714         -3.357741e-02     
   1.436554       1.436554         -1.718862e-02     
   1.436554       1.536913         2.596068e-03      
   1.436554       1.638520         2.422623e-02      
   1.436554       1.741102         4.556040e-02      
   1.436554       1.844381         6.427231e-02      
   1.436554       1.948080         7.830932e-02      
   1.436554       2.051920         8.628515e-02      
   1.436554       2.155619         8.773441e-02      
   1.436554       2.258898         8.316752e-02      
   1.436554       2.361480         7.390713e-02      
   1.436554       2.463087         6.175853e-02      
   1.436554       2.563446         4.861163e-02      
   1.436554       2.662286         3.608056e-02      
   1.436554       2.759340         2.527012e-02      
   1.436554       2.854347         1.671028e-02      
   1.436554       2.947052         1.043746e-02      
   1.436554       3.037203         6.159485e-03      
   1.436554       3.124558         3.433313e-03      
   1.436554       3.208881         1.805016e-03      
   1.436554       3.289946         8.915765e-04      
   1.436554       3.367533         4.099761e-04      
   1.436554       3.441433         1.717436e-04      
   1.436554       3.511448         6.189265e-05      
   1.436554       3.577387         1.547050e-05      
   1.436554       3.639075         -1.720555e-06     
   1.436554       3.696344         -6.514345e-06     
   1.436554       3.749040         -6.644165e-06     
   1.436554       3.797021         -5.390496e-06     
   1.436554       3.840157         -3.999369e-06     
   1.436554       3.878333         -2.856104e-06     
   1.436554       3.911445         -2.017779e-06     
   1.436554       3.939404         -1.437590e-06     
   1.436554       3.962134         -1.050674e-06     
   1.436554       3.979576         -8.019999e-07     
   1.436554       3.991681         -6.522117e-07     
   1.436554       3.998420         -5.764218e-07     
   1.436554       4.008294         -4.746658e-07     
   1.436554       4.043674         -1.910147e-07     
   1.436554       4.107227         7.635983e-08      
   1.436554       4.198794         1.586094e-07      
   1.436554       4.318131         9.792350e-08      
   1.436554       4.464916         2.853042e-08      
   1.436554       4.638754         2.633935e-09      
   1.436554       4.839176         -4.762880e-10     
   1.436554       5.065642         -9.837355e-11     
   1.436554       5.317541         -6.012123e-13     
   1.436554       5.594194         4.422107e-13      
   1.436554       5.894856         1.298155e-15      
   1.436554       6.218716         -3.873344e-16     
   1.436554       6.564900         3.677783e-18      
   1.436554       6.932477         3.476434e-20      
   1.436554       7.320454         2.396080e-22      
   1.436554       7.727785         -3.942130e-24     
   1.436554       8.153374         -5.358914e-27     
   1.436554       8.596072         5.478696e-29      
   1.436554       9.054685         -5.872501e-32     
   1.436554       9.527979         1.486677e-35      
   1.436554       10.014676        -3.165015e-40     
   1.436554       10.513464        -8.615116e-44     
   1.436554       11.023000        3.055328e-48      
   1.436554       11.541909        -2.310185e-53     
   1.436554       12.068793        4.405934e-59      
   1.436554       12.602230        -2.149536e-65     
   1.436554       13.140784        2.622718e-72      
   1.436554       13.683002        -7.589320e-80     
   1.436554       14.227422        4.377550e-88      
   1.436554       14.772578        1.118376e-97      
   1.436554       15.316998       -1.692987e-105     
   1.436554       15.859216        1.039461e-114     
   1.436554       16.397770       -1.713544e-124     
   1.436554       16.931207        9.944420e-135     
   1.436554       17.458091       -2.452325e-145     
   1.436554       17.977000        3.073982e-156     
   1.436554       18.486536       -1.223152e-164     
   1.436554       18.985324       -1.849579e-153     
   1.436554       19.472021       -2.898093e-142     
   1.436554       19.945315       -3.815244e-131     
   1.436554       20.403928       -3.413507e-120     
   1.436554       20.846626       -1.680407e-109     
   1.436554       21.272215        -3.700220e-99     
   1.436554       21.679546        -2.987118e-89     
   1.436554       22.067523        -7.313514e-80     
   1.436554       22.435100        -4.508127e-71     
   1.436554       22.781284        -5.641852e-63     
   1.436554       23.105144        -8.647292e-56     
   1.436554       23.405806        7.808632e-49      
   1.436554       23.682459        4.299254e-42      
   1.436554       23.934358        2.503269e-36      
   1.436554       24.160824        2.348456e-31      
   1.436554       24.361246        3.963357e-27      
   1.436554       24.535084        1.292078e-23      
   1.436554       24.681869        8.664815e-21      
   1.436554       24.801206        1.265395e-18      
   1.436554       24.892773        4.330802e-17      
   1.436554       24.956326        3.170568e-16      
   1.436554       24.991706        1.223579e-15      
   1.536913       0.001580         -5.920223e-05     
   1.536913       0.008319         -3.117648e-04     
   1.536913       0.020424         -7.652530e-04     
   1.536913       0.037866         -1.422205e-03     
   1.536913       0.060596         -2.271450e-03     
   1.536913       0.088555         -3.315219e-03     
   1.536913       0.121667         -4.556931e-03     
   1.536913       0.159843         -5.990433e-03     
   1.536913       0.202979         -7.609775e-03     
   1.536913       0.250960         -9.410222e-03     
   1.536913       0.303656         -1.138515e-02     
   1.536913       0.360925         -1.352371e-02     
   1.536913       0.422613         -1.580739e-02     
   1.536913       0.488552         -1.820434e-02     
   1.536913       0.558567         -2.066172e-02     
   1.536913       0.632467         -2.309580e-02     
   1.536913       0.710054         -2.537952e-02     
   1.536913       0.791119         -2.732605e-02     
   1.536913       0.875442         -2.866767e-02     
   1.536913       0.962797         -2.903378e-02     
   1.536913       1.052948         -2.793977e-02     
   1.536913       1.145653         -2.480255e-02     
   1.536913       1.240660         -1.899676e-02     
   1.536913       1.337714         -9.965764e-03     
   1.536913       1.436554         2.596068e-03      
   1.536913       1.536913         1.849926e-02      
   1.536913       1.638520         3.684295e-02      
   1.536913       1.741102         5.598136e-02      
   1.536913       1.844381         7.376644e-02      
   1.536913       1.948080         8.799559e-02      
   1.536913       2.051920         9.689230e-02      
   1.536913       2.155619         9.948114e-02      
   1.536913       2.258898         9.577930e-02      
   1.536913       2.361480         8.675764e-02      
   1.536913       2.463087         7.407802e-02      
   1.536913       2.563446         5.969227e-02      
   1.536913       2.662286         4.542803e-02      
   1.536913       2.759340         3.267250e-02      
   1.536913       2.854347         2.222176e-02      
   1.536913       2.947052         1.430299e-02      
   1.536913       3.037203         8.718775e-03      
   1.536913       3.124558         5.036595e-03      
   1.536913       3.208881         2.757626e-03      
   1.536913       3.289946         1.429557e-03      
   1.536913       3.367533         6.991572e-04      
   1.536913       3.441433         3.196635e-04      
   1.536913       3.511448         1.336347e-04      
   1.536913       3.577387         4.810509e-05      
   1.536913       3.639075         1.180681e-05      
   1.536913       3.696344         -1.826608e-06     
   1.536913       3.749040         -5.770395e-06     
   1.536913       3.797021         -5.990274e-06     
   1.536913       3.840157         -5.045869e-06     
   1.536913       3.878333         -3.936435e-06     
   1.536913       3.911445         -2.991761e-06     
   1.536913       3.939404         -2.278366e-06     
   1.536913       3.962134         -1.773697e-06     
   1.536913       3.979576         -1.435308e-06     
   1.536913       3.991681         -1.225274e-06     
   1.536913       3.998420         -1.116964e-06     
   1.536913       4.008294         -9.691099e-07     
   1.536913       4.043674         -5.379373e-07     
   1.536913       4.107227         -8.076504e-08     
   1.536913       4.198794         1.345358e-07      
   1.536913       4.318131         1.150571e-07      
   1.536913       4.464916         3.948156e-08      
   1.536913       4.638754         4.928362e-09      
   1.536913       4.839176         -4.036951e-10     
   1.536913       5.065642         -1.295787e-10     
   1.536913       5.317541         -2.762169e-12     
   1.536913       5.594194         5.412021e-13      
   1.536913       5.894856         5.537839e-15      
   1.536913       6.218716         -5.041312e-16     
   1.536913       6.564900         3.587439e-18      
   1.536913       6.932477         5.869957e-20      
   1.536913       7.320454         3.897777e-22      
   1.536913       7.727785         -5.988923e-24     
   1.536913       8.153374         -7.657822e-27     
   1.536913       8.596072         7.945087e-29      
   1.536913       9.054685         -8.412516e-32     
   1.536913       9.527979         2.071643e-35      
   1.536913       10.014676        -2.967934e-40     
   1.536913       10.513464        -1.336266e-43     
   1.536913       11.023000        4.558694e-48      
   1.536913       11.541909        -3.396064e-53     
   1.536913       12.068793        6.412186e-59      
   1.536913       12.602230        -3.099720e-65     
   1.536913       13.140784        3.741431e-72      
   1.536913       13.683002        -1.064240e-79     
   1.536913       14.227422        5.855724e-88      
   1.536913       14.772578        3.326103e-97      
   1.536913       15.316998       -2.616790e-105     
   1.536913       15.859216        1.552626e-114     
   1.536913       16.397770       -2.525499e-124     
   1.536913       16.931207        1.454916e-134     
   1.536913       17.458091       -3.571900e-145     
   1.536913       17.977000        4.465411e-156     
   1.536913       18.486536       -5.135904e-165     
   1.536913       18.985324       -7.729640e-154     
   1.536913       19.472021       -1.211180e-142     
   1.536913       19.945315       -1.594525e-131     
   1.536913       20.403928       -1.426680e-120     
   1.536913       20.846626       -7.023648e-110     
   1.536913       21.272215        -1.546703e-99     
   1.536913       21.679546        -1.248757e-89     
   1.536913       22.067523        -3.057913e-80     
   1.536913       22.435100        -1.885519e-71     
   1.536913       22.781284        -2.361477e-63     
   1.536913       23.105144        -3.633378e-56     
   1.536913       23.405806        3.242104e-49      
   1.536913       23.682459        1.792316e-42      
   1.536913       23.934358        1.044501e-36      
   1.536913       24.160824        9.803748e-32      
   1.536913       24.361246        1.655149e-27      
   1.536913       24.535084        5.397676e-24      
   1.536913       24.681869        3.620790e-21      
   1.536913       24.801206        5.289027e-19      
   1.536913       24.892773        1.810513e-17      
   1.536913       24.956326        1.325667e-16      
   1.536913       24.991706        5.116531e-16      
   1.638520       0.001580         -8.367332e-06     
   1.638520       0.008319         -4.406394e-05     
   1.638520       0.020424         -1.080037e-04     
   1.638520       0.037866         -2.030526e-04     
   1.638520       0.060596         -3.220773e-04     
   1.638520       0.088555         -4.679458e-04     
   1.638520       0.121667         -6.472082e-04     
   1.638520       0.159843         -8.580845e-04     
   1.638520       0.202979         -1.099334e-03     
   1.638520       0.250960         -1.371285e-03     
   1.638520       0.303656         -1.673252e-03     
   1.638520       0.360925         -2.002646e-03     
   1.638520       0.422613         -2.354337e-03     
   1.638520       0.488552         -2.718736e-03     
   1.638520       0.558567         -3.077364e-03     
   1.638520       0.632467         -3.394833e-03     
   1.638520       0.710054         -3.608450e-03     
   1.638520       0.791119         -3.617384e-03     
   1.638520       0.875442         -3.271058e-03     
   1.638520       0.962797         -2.352926e-03     
   1.638520       1.052948         -5.597083e-04     
   1.638520       1.145653         2.510999e-03      
   1.638520       1.240660         7.343515e-03      
   1.638520       1.337714         1.444338e-02      
   1.638520       1.436554         2.422623e-02      
   1.638520       1.536913         3.684295e-02      
   1.638520       1.638520         5.194900e-02      
   1.638520       1.741102         6.851190e-02      
   1.638520       1.844381         8.481892e-02      
   1.638520       1.948080         9.876821e-02      
   1.638520       2.051920         1.083488e-01      
   1.638520       2.155619         1.121231e-01      
   1.638520       2.258898         1.095652e-01      
   1.638520       2.361480         1.011731e-01      
   1.638520       2.463087         8.832543e-02      
   1.638520       2.563446         7.292756e-02      
   1.638520       2.662286         5.696772e-02      
   1.638520       2.759340         4.211964e-02      
   1.638520       2.854347         2.949386e-02      
   1.638520       2.947052         1.957701e-02      
   1.638520       3.037203         1.233116e-02      
   1.638520       3.124558         7.379714e-03      
   1.638520       3.208881         4.201120e-03      
   1.638520       3.289946         2.276706e-03      
   1.638520       3.367533         1.174101e-03      
   1.638520       3.441433         5.745705e-04      
   1.638520       3.511448         2.646874e-04      
   1.638520       3.577387         1.124891e-04      
   1.638520       3.639075         4.176649e-05      
   1.638520       3.696344         1.106511e-05      
   1.638520       3.749040         -9.832260e-07     
   1.638520       3.797021         -4.853476e-06     
   1.638520       3.840157         -5.430060e-06     
   1.638520       3.878333         -4.867836e-06     
   1.638520       3.911445         -4.051628e-06     
   1.638520       3.939404         -3.305219e-06     
   1.638520       3.962134         -2.720401e-06     
   1.638520       3.979576         -2.302753e-06     
   1.638520       3.991681         -2.032874e-06     
   1.638520       3.998420         -1.890349e-06     
   1.638520       4.008294         -1.691889e-06     
   1.638520       4.043674         -1.083724e-06     
   1.638520       4.107227         -3.665908e-07     
   1.638520       4.198794         6.033666e-08      
   1.638520       4.318131         1.258059e-07      
   1.638520       4.464916         5.333627e-08      
   1.638520       4.638754         8.488709e-09      
   1.638520       4.839176         -1.882417e-10     
   1.638520       5.065642         -1.663598e-10     
   1.638520       5.317541         -6.354143e-12     
   1.638520       5.594194         6.401022e-13      
   1.638520       5.894856         1.250934e-14      
   1.638520       6.218716         -6.436014e-16     
   1.638520       6.564900         2.923436e-18      
   1.638520       6.932477         9.527209e-20      
   1.638520       7.320454         6.555006e-22      
   1.638520       7.727785         -9.250191e-24     
   1.638520       8.153374         -1.129558e-26     
   1.638520       8.596072         1.175369e-28      
   1.638520       9.054685         -1.226698e-31     
   1.638520       9.527979         2.927602e-35      
   1.638520       10.014676        -1.862950e-40     
   1.638520       10.513464        -2.105999e-43     
   1.638520       11.023000        6.920617e-48      
   1.638520       11.541909        -5.077040e-53     
   1.638520       12.068793        9.482783e-59      
   1.638520       12.602230        -4.537111e-65     
   1.638520       13.140784        5.407875e-72      
   1.638520       13.683002        -1.506363e-79     
   1.638520       14.227422        7.783867e-88      
   1.638520       14.772578        7.864190e-97      
   1.638520       15.316998       -4.142913e-105     
   1.638520       15.859216        2.370830e-114     
   1.638520       16.397770       -3.800098e-124     
   1.638520       16.931207        2.171360e-134     
   1.638520       17.458091       -5.304322e-145     
   1.638520       17.977000        6.611416e-156     
   1.638520       18.486536       -7.181416e-166     
   1.638520       18.985324       -1.011686e-154     
   1.638520       19.472021       -1.585295e-143     
   1.638520       19.945315       -2.087141e-132     
   1.638520       20.403928       -1.867545e-121     
   1.638520       20.846626       -9.194741e-111     
   1.638520       21.272215       -2.025015e-100     
   1.638520       21.679546        -1.635174e-90     
   1.638520       22.067523        -4.005111e-81     
   1.638520       22.435100        -2.470647e-72     
   1.638520       22.781284        -3.097586e-64     
   1.638520       23.105144        -4.791786e-57     
   1.638520       23.405806        4.203649e-50      
   1.638520       23.682459        2.337468e-43      
   1.638520       23.934358        1.363852e-37      
   1.638520       24.160824        1.280952e-32      
   1.638520       24.361246        2.163702e-28      
   1.638520       24.535084        7.059292e-25      
   1.638520       24.681869        4.737279e-22      
   1.638520       24.801206        6.922239e-20      
   1.638520       24.892773        2.370225e-18      
   1.638520       24.956326        1.735842e-17      
   1.638520       24.991706        6.700857e-17      
   1.741102       0.001580         2.717239e-05      
   1.741102       0.008319         1.430930e-04      
   1.741102       0.020424         3.514860e-04      
   1.741102       0.037866         6.497919e-04      
   1.741102       0.060596         1.042183e-03      
   1.741102       0.088555         1.526715e-03      
   1.741102       0.121667         2.096653e-03      
   1.741102       0.159843         2.752999e-03      
   1.741102       0.202979         3.496495e-03      
   1.741102       0.250960         4.326262e-03      
   1.741102       0.303656         5.241929e-03      
   1.741102       0.360925         6.244386e-03      
   1.741102       0.422613         7.336320e-03      
   1.741102       0.488552         8.523204e-03      
   1.741102       0.558567         9.814908e-03      
   1.741102       0.632467         1.122882e-02      
   1.741102       0.710054         1.279493e-02      
   1.741102       0.791119         1.456312e-02      
   1.741102       0.875442         1.661183e-02      
   1.741102       0.962797         1.905855e-02      
   1.741102       1.052948         2.207326e-02      
   1.741102       1.145653         2.589387e-02      
   1.741102       1.240660         3.083395e-02      
   1.741102       1.337714         3.726543e-02      
   1.741102       1.436554         4.556040e-02      
   1.741102       1.536913         5.598136e-02      
   1.741102       1.638520         6.851190e-02      
   1.741102       1.741102         8.264613e-02      
   1.741102       1.844381         9.723298e-02      
   1.741102       1.948080         1.105284e-01      
   1.741102       2.051920         1.205277e-01      
   1.741102       2.155619         1.254700e-01      
   1.741102       2.258898         1.243077e-01      
   1.741102       2.361480         1.169853e-01      
   1.741102       2.463087         1.044550e-01      
   1.741102       2.563446         8.843156e-02      
   1.741102       2.662286         7.096714e-02      
   1.741102       2.759340         5.399161e-02      
   1.741102       2.854347         3.896030e-02      
   1.741102       2.947052         2.668867e-02      
   1.741102       3.037203         1.737775e-02      
   1.741102       3.124558         1.077264e-02      
   1.741102       3.208881         6.369582e-03      
   1.741102       3.289946         3.598894e-03      
   1.741102       3.367533         1.946091e-03      
   1.741102       3.441433         1.007741e-03      
   1.741102       3.511448         4.989744e-04      
   1.741102       3.577387         2.348586e-04      
   1.741102       3.639075         1.034538e-04      
   1.741102       3.696344         4.092046e-05      
   1.741102       3.749040         1.267444e-05      
   1.741102       3.797021         8.057198e-07      
   1.741102       3.840157         -3.591074e-06     
   1.741102       3.878333         -4.776187e-06     
   1.741102       3.911445         -4.707649e-06     
   1.741102       3.939404         -4.243866e-06     
   1.741102       3.962134         -3.737422e-06     
   1.741102       3.979576         -3.318436e-06     
   1.741102       3.991681         -3.025504e-06     
   1.741102       3.998420         -2.864154e-06     
   1.741102       4.008294         -2.631997e-06     
   1.741102       4.043674         -1.866050e-06     
   1.741102       4.107227         -8.399967e-07     
   1.741102       4.198794         -1.024465e-07     
   1.741102       4.318131         1.184998e-07      
   1.741102       4.464916         6.946679e-08      
   1.741102       4.638754         1.384190e-08      
   1.741102       4.839176         2.857462e-10      
   1.741102       5.065642         -2.048970e-10     
   1.741102       5.317541         -1.207593e-11     
   1.741102       5.594194         7.134104e-13      
   1.741102       5.894856         2.351990e-14      
   1.741102       6.218716         -7.969087e-16     
   1.741102       6.564900         1.234964e-18      
   1.741102       6.932477         1.504247e-19      
   1.741102       7.320454         1.127597e-21      
   1.741102       7.727785         -1.448892e-23     
   1.741102       8.153374         -1.729215e-26     
   1.741102       8.596072         1.774427e-28      
   1.741102       9.054685         -1.820979e-31     
   1.741102       9.527979         4.195740e-35      
   1.741102       10.014676        1.106520e-40      
   1.741102       10.513464        -3.367027e-43     
   1.741102       11.023000        1.067600e-47      
   1.741102       11.541909        -7.709481e-53     
   1.741102       12.068793        1.423227e-58      
   1.741102       12.602230        -6.730880e-65     
   1.741102       13.140784        7.904264e-72      
   1.741102       13.683002        -2.144893e-79     
   1.741102       14.227422        1.015295e-87      
   1.741102       14.772578        1.705924e-96      
   1.741102       15.316998       -6.720474e-105     
   1.741102       15.859216        3.702454e-114     
   1.741102       16.397770       -5.839653e-124     
   1.741102       16.931207        3.306578e-134     
   1.741102       17.458091       -8.032738e-145     
   1.741102       17.977000        9.978764e-156     
   1.741102       18.486536        1.720351e-165     
   1.741102       18.985324        2.721610e-154     
   1.741102       19.472021        4.264716e-143     
   1.741102       19.945315        5.614774e-132     
   1.741102       20.403928        5.024044e-121     
   1.741102       20.846626        2.473577e-110     
   1.741102       21.272215        5.447790e-100     
   1.741102       21.679546        4.399127e-90      
   1.741102       22.067523        1.077544e-80      
   1.741102       22.435100        6.647581e-72      
   1.741102       22.781284        8.335829e-64      
   1.741102       23.105144        1.290464e-56      
   1.741102       23.405806        -1.129653e-49     
   1.741102       23.682459        -6.286858e-43     
   1.741102       23.934358        -3.669180e-37     
   1.741102       24.160824        -3.446808e-32     
   1.741102       24.361246        -5.823071e-28     
   1.741102       24.535084        -1.900094e-24     
   1.741102       24.681869        -1.275236e-21     
   1.741102       24.801206        -1.863562e-19     
   1.741102       24.892773        -6.381292e-18     
   1.741102       24.956326        -4.673582e-17     
   1.741102       24.991706        -1.804038e-16     
   1.844381       0.001580         4.864949e-05      
   1.844381       0.008319         2.561945e-04      
   1.844381       0.020424         6.291449e-04      
   1.844381       0.037866         1.165512e-03      
   1.844381       0.060596         1.867322e-03      
   1.844381       0.088555         2.733990e-03      
   1.844381       0.121667         3.759961e-03      
   1.844381       0.159843         4.947115e-03      
   1.844381       0.202979         6.297984e-03      
   1.844381       0.250960         7.814325e-03      
   1.844381       0.303656         9.498944e-03      
   1.844381       0.360925         1.135654e-02      
   1.844381       0.422613         1.339455e-02      
   1.844381       0.488552         1.562422e-02      
   1.844381       0.558567         1.806102e-02      
   1.844381       0.632467         2.072450e-02      
   1.844381       0.710054         2.363868e-02      
   1.844381       0.791119         2.683507e-02      
   1.844381       0.875442         3.035867e-02      
   1.844381       0.962797         3.427481e-02      
   1.844381       1.052948         3.867474e-02      
   1.844381       1.145653         4.368268e-02      
   1.844381       1.240660         4.946700e-02      
   1.844381       1.337714         5.624667e-02      
   1.844381       1.436554         6.427231e-02      
   1.844381       1.536913         7.376644e-02      
   1.844381       1.638520         8.481892e-02      
   1.844381       1.741102         9.723298e-02      
   1.844381       1.844381         1.103404e-01      
   1.844381       1.948080         1.228843e-01      
   1.844381       2.051920         1.331214e-01      
   1.844381       2.155619         1.391951e-01      
   1.844381       2.258898         1.396484e-01      
   1.844381       2.361480         1.338590e-01      
   1.844381       2.463087         1.222409e-01      
   1.844381       2.563446         1.061575e-01      
   1.844381       2.662286         8.758098e-02      
   1.844381       2.759340         6.861838e-02      
   1.844381       2.854347         5.106700e-02      
   1.844381       2.947052         3.612816e-02      
   1.844381       3.037203         2.432908e-02      
   1.844381       3.124558         1.562304e-02      
   1.844381       3.208881         9.588189e-03      
   1.844381       3.289946         5.638245e-03      
   1.844381       3.367533         3.185245e-03      
   1.844381       3.441433         1.733032e-03      
   1.844381       3.511448         9.097288e-04      
   1.844381       3.577387         4.608618e-04      
   1.844381       3.639075         2.246671e-04      
   1.844381       3.696344         1.044073e-04      
   1.844381       3.749040         4.511712e-05      
   1.844381       3.797021         1.688097e-05      
   1.844381       3.840157         3.997798e-06      
   1.844381       3.878333         -1.521396e-06     
   1.844381       3.911445         -3.632294e-06     
   1.844381       3.939404         -4.244545e-06     
   1.844381       3.962134         -4.256615e-06     
   1.844381       3.979576         -4.079043e-06     
   1.844381       3.991681         -3.892623e-06     
   1.844381       3.998420         -3.772793e-06     
   1.844381       4.008294         -3.581967e-06     
   1.844381       4.043674         -2.823971e-06     
   1.844381       4.107227         -1.547253e-06     
   1.844381       4.198794         -4.084806e-07     
   1.844381       4.318131         7.149884e-08      
   1.844381       4.464916         8.527927e-08      
   1.844381       4.638754         2.158169e-08      
   1.844381       4.839176         1.205816e-09      
   1.844381       5.065642         -2.349364e-10     
   1.844381       5.317541         -2.082778e-11     
   1.844381       5.594194         7.094686e-13      
   1.844381       5.894856         4.026353e-14      
   1.844381       6.218716         -9.388903e-16     
   1.844381       6.564900         -2.181137e-18     
   1.844381       6.932477         2.325478e-19      
   1.844381       7.320454         1.966322e-21      
   1.844381       7.727785         -2.294901e-23     
   1.844381       8.153374         -2.760324e-26     
   1.844381       8.596072         2.734342e-28      
   1.844381       9.054685         -2.751974e-31     
   1.844381       9.527979         6.098935e-35      
   1.844381       10.014676        7.717847e-40      
   1.844381       10.513464        -5.450916e-43     
   1.844381       11.023000        1.670872e-47      
   1.844381       11.541909        -1.187284e-52     
   1.844381       12.068793        2.164268e-58      
   1.844381       12.602230        -1.010099e-64     
   1.844381       13.140784        1.165216e-71      
   1.844381       13.683002        -3.057750e-79     
   1.844381       14.227422        1.270050e-87      
   1.844381       14.772578        3.556895e-96      
   1.844381       15.316998       -1.116854e-104     
   1.844381       15.859216        5.914440e-114     
   1.844381       16.397770       -9.166504e-124     
   1.844381       16.931207        5.138565e-134     
   1.844381       17.458091       -1.240643e-144     
   1.844381       17.977000        1.535465e-155     
   1.844381       18.486536        2.785445e-165     
   1.844381       18.985324        4.397030e-154     
   1.844381       19.472021        6.890219e-143     
   1.844381       19.945315        9.071673e-132     
   1.844381       20.403928        8.117547e-121     
   1.844381       20.846626        3.996860e-110     
   1.844381       21.272215        8.803288e-100     
   1.844381       21.679546        7.109467e-90      
   1.844381       22.067523        1.741723e-80      
   1.844381       22.435100        1.074838e-71      
   1.844381       22.781284        1.348810e-63      
   1.844381       23.105144        2.095850e-56      
   1.844381       23.405806        -1.813312e-49     
   1.844381       23.682459        -1.013321e-42     
   1.844381       23.934358        -5.919286e-37     
   1.844381       24.160824        -5.563322e-32     
   1.844381       24.361246        -9.402447e-28     
   1.844381       24.535084        -3.069121e-24     
   1.844381       24.681869        -2.060440e-21     
   1.844381       24.801206        -3.011767e-19     
   1.844381       24.892773        -1.031504e-17     
   1.844381       24.956326        -7.555735e-17     
   1.844381       24.991706        -2.916844e-16     
   1.948080       0.001580         5.822203e-05      
   1.948080       0.008319         3.066047e-04      
   1.948080       0.020424         7.528734e-04      
   1.948080       0.037866         1.395598e-03      
   1.948080       0.060596         2.235250e-03      
   1.948080       0.088555         3.272243e-03      
   1.948080       0.121667         4.502341e-03      
   1.948080       0.159843         5.928392e-03      
   1.948080       0.202979         7.555222e-03      
   1.948080       0.250960         9.388734e-03      
   1.948080       0.303656         1.143777e-02      
   1.948080       0.360925         1.371484e-02      
   1.948080       0.422613         1.623649e-02      
   1.948080       0.488552         1.902369e-02      
   1.948080       0.558567         2.210216e-02      
   1.948080       0.632467         2.550248e-02      
   1.948080       0.710054         2.925978e-02      
   1.948080       0.791119         3.341338e-02      
   1.948080       0.875442         3.800695e-02      
   1.948080       0.962797         4.309003e-02      
   1.948080       1.052948         4.872047e-02      
   1.948080       1.145653         5.496679e-02      
   1.948080       1.240660         6.191097e-02      
   1.948080       1.337714         6.965272e-02      
   1.948080       1.436554         7.830932e-02      
   1.948080       1.536913         8.799559e-02      
   1.948080       1.638520         9.876821e-02      
   1.948080       1.741102         1.105284e-01      
   1.948080       1.844381         1.228843e-01      
   1.948080       1.948080         1.350004e-01      
   1.948080       2.051920         1.455297e-01      
   1.948080       2.155619         1.527656e-01      
   1.948080       2.258898         1.550453e-01      
   1.948080       2.361480         1.512588e-01      
   1.948080       2.463087         1.412305e-01      
   1.948080       2.563446         1.258278e-01      
   1.948080       2.662286         1.067684e-01      
   1.948080       2.759340         8.620085e-02      
   1.948080       2.854347         6.620923e-02      
   1.948080       2.947052         4.840710e-02      
   1.948080       3.037203         3.372998e-02      
   1.948080       3.124558         2.244121e-02      
   1.948080       3.208881         1.429085e-02      
   1.948080       3.289946         8.736269e-03      
   1.948080       3.367533         5.143861e-03      
   1.948080       3.441433         2.927390e-03      
   1.948080       3.511448         1.615936e-03      
   1.948080       3.577387         8.679303e-04      
   1.948080       3.639075         4.546089e-04      
   1.948080       3.696344         2.323193e-04      
   1.948080       3.749040         1.154889e-04      
   1.948080       3.797021         5.529466e-05      
   1.948080       3.840157         2.483741e-05      
   1.948080       3.878333         9.705281e-06      
   1.948080       3.911445         2.344519e-06      
   1.948080       3.939404         -1.137077e-06     
   1.948080       3.962134         -2.718378e-06     
   1.948080       3.979576         -3.393984e-06     
   1.948080       3.991681         -3.656947e-06     
   1.948080       3.998420         -3.744284e-06     
   1.948080       4.008294         -3.808363e-06     
   1.948080       4.043674         -3.592309e-06     
   1.948080       4.107227         -2.444586e-06     
   1.948080       4.198794         -9.192639e-07     
   1.948080       4.318131         -5.174233e-08     
   1.948080       4.464916         9.411369e-08      
   1.948080       4.638754         3.217328e-08      
   1.948080       4.839176         2.862185e-09      
   1.948080       5.065642         -2.337534e-10     
   1.948080       5.317541         -3.361580e-11     
   1.948080       5.594194         5.319582e-13      
   1.948080       5.894856         6.469208e-14      
   1.948080       6.218716         -1.013674e-15     
   1.948080       6.564900         -8.371557e-18     
   1.948080       6.932477         3.533321e-19      
   1.948080       7.320454         3.451733e-21      
   1.948080       7.727785         -3.664285e-23     
   1.948080       8.153374         -4.605648e-26     
   1.948080       8.596072         4.301010e-28      
   1.948080       9.054685         -4.233747e-31     
   1.948080       9.527979         8.994004e-35      
   1.948080       10.014676        2.121308e-39      
   1.948080       10.513464        -8.918538e-43     
   1.948080       11.023000        2.648270e-47      
   1.948080       11.541909        -1.851034e-52     
   1.948080       12.068793        3.328081e-58      
   1.948080       12.602230        -1.529785e-64     
   1.948080       13.140784        1.726684e-71      
   1.948080       13.683002        -4.335225e-79     
   1.948080       14.227422        1.451521e-87      
   1.948080       14.772578        7.271147e-96      
   1.948080       15.316998       -1.899994e-104     
   1.948080       15.859216        9.662125e-114     
   1.948080       16.397770       -1.469601e-123     
   1.948080       16.931207        8.148659e-134     
   1.948080       17.458091       -1.954082e-144     
   1.948080       17.977000        2.408468e-155     
   1.948080       18.486536        2.950418e-165     
   1.948080       18.985324        4.746810e-154     
   1.948080       19.472021        7.438470e-143     
   1.948080       19.945315        9.793744e-132     
   1.948080       20.403928        8.763965e-121     
   1.948080       20.846626        4.315336e-110     
   1.948080       21.272215        9.505366e-100     
   1.948080       21.679546        7.677199e-90      
   1.948080       22.067523        1.881100e-80      
   1.948080       22.435100        1.161177e-71      
   1.948080       22.781284        1.458135e-63      
   1.948080       23.105144        2.273244e-56      
   1.948080       23.405806        -1.946278e-49     
   1.948080       23.682459        -1.091689e-42     
   1.948080       23.934358        -6.382304e-37     
   1.948080       24.160824        -6.001303e-32     
   1.948080       24.361246        -1.014644e-27     
   1.948080       24.535084        -3.313049e-24     
   1.948080       24.681869        -2.224824e-21     
   1.948080       24.801206        -3.252801e-19     
   1.948080       24.892773        -1.114254e-17     
   1.948080       24.956326        -8.162995e-17     
   1.948080       24.991706        -3.151507e-16     
   2.051920       0.001580         5.842300e-05      
   2.051920       0.008319         3.076643e-04      
   2.051920       0.020424         7.554531e-04      
   2.051920       0.037866         1.400866e-03      
   2.051920       0.060596         2.243542e-03      
   2.051920       0.088555         3.284716e-03      
   2.051920       0.121667         4.521759e-03      
   2.051920       0.159843         5.958606e-03      
   2.051920       0.202979         7.602209e-03      
   2.051920       0.250960         9.462138e-03      
   2.051920       0.303656         1.155253e-02      
   2.051920       0.360925         1.389298e-02      
   2.051920       0.422613         1.650889e-02      
   2.051920       0.488552         1.943172e-02      
   2.051920       0.558567         2.269936e-02      
   2.051920       0.632467         2.635672e-02      
   2.051920       0.710054         3.045594e-02      
   2.051920       0.791119         3.505529e-02      
   2.051920       0.875442         4.021645e-02      
   2.051920       0.962797         4.600165e-02      
   2.051920       1.052948         5.247236e-02      
   2.051920       1.145653         5.968807e-02      
   2.051920       1.240660         6.770258e-02      
   2.051920       1.337714         7.655866e-02      
   2.051920       1.436554         8.628515e-02      
   2.051920       1.536913         9.689230e-02      
   2.051920       1.638520         1.083488e-01      
   2.051920       1.741102         1.205277e-01      
   2.051920       1.844381         1.331214e-01      
   2.051920       1.948080         1.455297e-01      
   2.051920       2.051920         1.567498e-01      
   2.051920       2.155619         1.653601e-01      
   2.051920       2.258898         1.697233e-01      
   2.051920       2.361480         1.684150e-01      
   2.051920       2.463087         1.607059e-01      
   2.051920       2.563446         1.468728e-01      
   2.051920       2.662286         1.282045e-01      
   2.051920       2.759340         1.067095e-01      
   2.051920       2.854347         8.463716e-02      
   2.051920       2.947052         6.398573e-02      
   2.051920       3.037203         4.615555e-02      
   2.051920       3.124558         3.182443e-02      
   2.051920       3.208881         2.102672e-02      
   2.051920       3.289946         1.335394e-02      
   2.051920       3.367533         8.182144e-03      
   2.051920       3.441433         4.856572e-03      
   2.051920       3.511448         2.804909e-03      
   2.051920       3.577387         1.583505e-03      
   2.051920       3.639075         8.777926e-04      
   2.051920       3.696344         4.797990e-04      
   2.051920       3.749040         2.595140e-04      
   2.051920       3.797021         1.392342e-04      
   2.051920       3.840157         7.414132e-05      
   2.051920       3.878333         3.908450e-05      
   2.051920       3.911445         2.023427e-05      
   2.051920       3.939404         1.009412e-05      
   2.051920       3.962134         4.638619e-06      
   2.051920       3.979576         1.720971e-06      
   2.051920       3.991681         2.075998e-07      
   2.051920       3.998420         -4.817817e-07     
   2.051920       4.008294         -1.319636e-06     
   2.051920       4.043674         -3.020022e-06     
   2.051920       4.107227         -3.190686e-06     
   2.051920       4.198794         -1.658573e-06     
   2.051920       4.318131         -3.055182e-07     
   2.051920       4.464916         8.171822e-08      
   2.051920       4.638754         4.544879e-08      
   2.051920       4.839176         5.676232e-09      
   2.051920       5.065642         -1.558625e-10     
   2.051920       5.317541         -5.121494e-11     
   2.051920       5.594194         1.255690e-14      
   2.051920       5.894856         9.853073e-14      
   2.051920       6.218716         -9.112134e-16     
   2.051920       6.564900         -1.880548e-17     
   2.051920       6.932477         5.289754e-19      
   2.051920       7.320454         6.067848e-21      
   2.051920       7.727785         -5.878962e-23     
   2.051920       8.153374         -8.022925e-26     
   2.051920       8.596072         6.903563e-28      
   2.051920       9.054685         -6.628657e-31     
   2.051920       9.527979         1.345949e-34      
   2.051920       10.014676        4.742903e-39      
   2.051920       10.513464        -1.471935e-42     
   2.051920       11.023000        4.242489e-47      
   2.051920       11.541909        -2.915644e-52     
   2.051920       12.068793        5.163624e-58      
   2.051920       12.602230        -2.331697e-64     
   2.051920       13.140784        2.561428e-71      
   2.051920       13.683002        -6.053958e-79     
   2.051920       14.227422        1.317485e-87      
   2.051920       14.772578        1.470526e-95      
   2.051920       15.316998       -3.303224e-104     
   2.051920       15.859216        1.612846e-113     
   2.051920       16.397770       -2.405037e-123     
   2.051920       16.931207        1.317981e-133     
   2.051920       17.458091       -3.137414e-144     
   2.051920       17.977000        3.849547e-155     
   2.051920       18.486536        2.555070e-165     
   2.051920       18.985324        4.312019e-154     
   2.051920       19.472021        6.757247e-143     
   2.051920       19.945315        8.897027e-132     
   2.051920       20.403928        7.961783e-121     
   2.051920       20.846626        3.920514e-110     
   2.051920       21.272215        8.636225e-100     
   2.051920       21.679546        6.975858e-90      
   2.051920       22.067523        1.709504e-80      
   2.051920       22.435100        1.055535e-71      
   2.051920       22.781284        1.326309e-63      
   2.051920       23.105144        2.074088e-56      
   2.051920       23.405806        -1.758537e-49     
   2.051920       23.682459        -9.898503e-43     
   2.051920       23.934358        -5.791444e-37     
   2.051920       24.160824        -5.448171e-32     
   2.051920       24.361246        -9.214577e-28     
   2.051920       24.535084        -3.009715e-24     
   2.051920       24.681869        -2.021669e-21     
   2.051920       24.801206        -2.956433e-19     
   2.051920       24.892773        -1.012904e-17     
   2.051920       24.956326        -7.421466e-17     
   2.051920       24.991706        -2.865407e-16     
   2.155619       0.001580         5.222669e-05      
   2.155619       0.008319         2.750356e-04      
   2.155619       0.020424         6.753434e-04      
   2.155619       0.037866         1.252647e-03      
   2.155619       0.060596         2.006370e-03      
   2.155619       0.088555         2.938408e-03      
   2.155619       0.121667         4.047867e-03      
   2.155619       0.159843         5.339702e-03      
   2.155619       0.202979         6.822386e-03      
   2.155619       0.250960         8.507725e-03      
   2.155619       0.303656         1.041273e-02      
   2.155619       0.360925         1.256086e-02      
   2.155619       0.422613         1.498306e-02      
   2.155619       0.488552         1.771874e-02      
   2.155619       0.558567         2.081649e-02      
   2.155619       0.632467         2.433448e-02      
   2.155619       0.710054         2.834052e-02      
   2.155619       0.791119         3.291171e-02      
   2.155619       0.875442         3.813301e-02      
   2.155619       0.962797         4.409418e-02      
   2.155619       1.052948         5.088475e-02      
   2.155619       1.145653         5.858783e-02      
   2.155619       1.240660         6.727273e-02      
   2.155619       1.337714         7.698511e-02      
   2.155619       1.436554         8.773441e-02      
   2.155619       1.536913         9.948114e-02      
   2.155619       1.638520         1.121231e-01      
   2.155619       1.741102         1.254700e-01      
   2.155619       1.844381         1.391951e-01      
   2.155619       1.948080         1.527656e-01      
   2.155619       2.051920         1.653601e-01      
   2.155619       2.155619         1.758076e-01      
   2.155619       2.258898         1.826316e-01      
   2.155619       2.361480         1.842994e-01      
   2.155619       2.463087         1.796603e-01      
   2.155619       2.563446         1.683880e-01      
   2.155619       2.662286         1.512041e-01      
   2.155619       2.759340         1.297756e-01      
   2.155619       2.854347         1.063342e-01      
   2.155619       2.947052         8.316238e-02      
   2.155619       3.037203         6.212795e-02      
   2.155619       3.124558         4.440767e-02      
   2.155619       3.208881         3.044301e-02      
   2.155619       3.289946         2.007899e-02      
   2.155619       3.367533         1.279019e-02      
   2.155619       3.441433         7.903195e-03      
   2.155619       3.511448         4.760398e-03      
   2.155619       3.577387         2.809903e-03      
   2.155619       3.639075         1.634417e-03      
   2.155619       3.696344         9.422230e-04      
   2.155619       3.749040         5.415081e-04      
   2.155619       3.797021         3.120946e-04      
   2.155619       3.840157         1.814748e-04      
   2.155619       3.878333         1.071393e-04      
   2.155619       3.911445         6.468020e-05      
   2.155619       3.939404         4.028063e-05      
   2.155619       3.962134         2.618913e-05      
   2.155619       3.979576         1.808572e-05      
   2.155619       3.991681         1.358903e-05      
   2.155619       3.998420         1.143138e-05      
   2.155619       4.008294         8.666936e-06      
   2.155619       4.043674         1.882246e-06      
   2.155619       4.107227         -2.648203e-06     
   2.155619       4.198794         -2.475343e-06     
   2.155619       4.318131         -7.524021e-07     
   2.155619       4.464916         2.119888e-08      
   2.155619       4.638754         5.950022e-08      
   2.155619       4.839176         1.020150e-08      
   2.155619       5.065642         8.345472e-11      
   2.155619       5.317541         -7.331858e-11     
   2.155619       5.594194         -1.125290e-12     
   2.155619       5.894856         1.420579e-13      
   2.155619       6.218716         -4.314307e-16     
   2.155619       6.564900         -3.538014e-17     
   2.155619       6.932477         7.821580e-19      
   2.155619       7.320454         1.064120e-20      
   2.155619       7.727785         -9.446418e-23     
   2.155619       8.153374         -1.451595e-25     
   2.155619       8.596072         1.129777e-27      
   2.155619       9.054685         -1.055515e-30     
   2.155619       9.527979         2.044149e-34      
   2.155619       10.014676        9.680083e-39      
   2.155619       10.513464        -2.446177e-42     
   2.155619       11.023000        6.855954e-47      
   2.155619       11.541909        -4.630275e-52     
   2.155619       12.068793        8.064067e-58      
   2.155619       12.602230        -3.565716e-64     
   2.155619       13.140784        3.784539e-71      
   2.155619       13.683002        -8.204958e-79     
   2.155619       14.227422        2.951800e-88      
   2.155619       14.772578        2.952823e-95      
   2.155619       15.316998       -5.852982e-104     
   2.155619       15.859216        2.746187e-113     
   2.155619       16.397770       -4.012522e-123     
   2.155619       16.931207        2.171964e-133     
   2.155619       17.458091       -5.130144e-144     
   2.155619       17.977000        6.264309e-155     
   2.155619       18.486536        1.839417e-165     
   2.155619       18.985324        3.501939e-154     
   2.155619       19.472021        5.487879e-143     
   2.155619       19.945315        7.225848e-132     
   2.155619       20.403928        6.466464e-121     
   2.155619       20.846626        3.184324e-110     
   2.155619       21.272215        7.014930e-100     
   2.155619       21.679546        5.666756e-90      
   2.155619       22.067523        1.388888e-80      
   2.155619       22.435100        8.577850e-72      
   2.155619       22.781284        1.078461e-63      
   2.155619       23.105144        1.691274e-56      
   2.155619       23.405806        -1.421136e-49     
   2.155619       23.682459        -8.025550e-43     
   2.155619       23.934358        -4.699075e-37     
   2.155619       24.160824        -4.422459e-32     
   2.155619       24.361246        -7.482364e-28     
   2.155619       24.535084        -2.444664e-24     
   2.155619       24.681869        -1.642538e-21     
   2.155619       24.801206        -2.402508e-19     
   2.155619       24.892773        -8.232555e-18     
   2.155619       24.956326        -6.032658e-17     
   2.155619       24.991706        -2.329321e-16     
   2.258898       0.001580         4.267807e-05      
   2.258898       0.008319         2.247519e-04      
   2.258898       0.020424         5.518896e-04      
   2.258898       0.037866         1.023858e-03      
   2.258898       0.060596         1.640139e-03      
   2.258898       0.088555         2.402837e-03      
   2.258898       0.121667         3.312273e-03      
   2.258898       0.159843         4.373732e-03      
   2.258898       0.202979         5.596112e-03      
   2.258898       0.250960         6.991966e-03      
   2.258898       0.303656         8.579214e-03      
   2.258898       0.360925         1.038253e-02      
   2.258898       0.422613         1.243476e-02      
   2.258898       0.488552         1.477838e-02      
   2.258898       0.558567         1.746689e-02      
   2.258898       0.632467         2.056569e-02      
   2.258898       0.710054         2.415283e-02      
   2.258898       0.791119         2.831950e-02      
   2.258898       0.875442         3.317021e-02      
   2.258898       0.962797         3.882135e-02      
   2.258898       1.052948         4.539665e-02      
   2.258898       1.145653         5.301947e-02      
   2.258898       1.240660         6.180277e-02      
   2.258898       1.337714         7.183617e-02      
   2.258898       1.436554         8.316752e-02      
   2.258898       1.536913         9.577930e-02      
   2.258898       1.638520         1.095652e-01      
   2.258898       1.741102         1.243077e-01      
   2.258898       1.844381         1.396484e-01      
   2.258898       1.948080         1.550453e-01      
   2.258898       2.051920         1.697233e-01      
   2.258898       2.155619         1.826316e-01      
   2.258898       2.258898         1.924364e-01      
   2.258898       2.361480         1.976260e-01      
   2.258898       2.463087         1.968041e-01      
   2.258898       2.563446         1.891250e-01      
   2.258898       2.662286         1.746755e-01      
   2.258898       2.759340         1.545988e-01      
   2.258898       2.854347         1.308877e-01      
   2.258898       2.947052         1.059314e-01      
   2.258898       3.037203         8.198884e-02      
   2.258898       3.124558         6.076872e-02      
   2.258898       3.208881         4.322928e-02      
   2.258898       3.289946         2.960602e-02      
   2.258898       3.367533         1.959489e-02      
   2.258898       3.441433         1.258974e-02      
   2.258898       3.511448         7.892467e-03      
   2.258898       3.577387         4.854712e-03      
   2.258898       3.639075         2.947739e-03      
   2.258898       3.696344         1.778142e-03      
   2.258898       3.749040         1.072774e-03      
   2.258898       3.797021         6.518680e-04      
   2.258898       3.840157         4.019019e-04      
   2.258898       3.878333         2.533933e-04      
   2.258898       3.911445         1.647728e-04      
   2.258898       3.939404         1.115573e-04      
   2.258898       3.962134         7.947619e-05      
   2.258898       3.979576         6.027984e-05      
   2.258898       3.991681         4.926431e-05      
   2.258898       3.998420         4.385151e-05      
   2.258898       4.008294         3.675880e-05      
   2.258898       4.043674         1.810533e-05      
   2.258898       4.107227         2.223180e-06      
   2.258898       4.198794         -2.687022e-06     
   2.258898       4.318131         -1.413276e-06     
   2.258898       4.464916         -1.319072e-07     
   2.258898       4.638754         6.852419e-08      
   2.258898       4.839176         1.703625e-08      
   2.258898       5.065642         6.323388e-10      
   2.258898       5.317541         -9.668736e-11     
   2.258898       5.594194         -3.305299e-12     
   2.258898       5.894856         1.915013e-13      
   2.258898       6.218716         7.659675e-16      
   2.258898       6.564900         -6.022515e-17     
   2.258898       6.932477         1.145833e-18      
   2.258898       7.320454         1.856654e-20      
   2.258898       7.727785         -1.515327e-22     
   2.258898       8.153374         -2.705151e-25     
   2.258898       8.596072         1.882100e-27      
   2.258898       9.054685         -1.707287e-30     
   2.258898       9.527979         3.148825e-34      
   2.258898       10.014676        1.880025e-38      
   2.258898       10.513464        -4.087578e-42     
   2.258898       11.023000        1.115622e-46      
   2.258898       11.541909        -7.398640e-52     
   2.258898       12.068793        1.264588e-57      
   2.258898       12.602230        -5.452849e-64     
   2.258898       13.140784        5.535159e-71      
   2.258898       13.683002        -1.052615e-78     
   2.258898       14.227422        -2.876229e-87     
   2.258898       14.772578        5.889864e-95      
   2.258898       15.316998       -1.053017e-103     
   2.258898       15.859216        4.756646e-113     
   2.258898       16.397770       -6.809970e-123     
   2.258898       16.931207        3.640103e-133     
   2.258898       17.458091       -8.529028e-144     
   2.258898       17.977000        1.036269e-154     
   2.258898       18.486536        9.424587e-166     
   2.258898       18.985324        2.606847e-154     
   2.258898       19.472021        4.085240e-143     
   2.258898       19.945315        5.379107e-132     
   2.258898       20.403928        4.813931e-121     
   2.258898       20.846626        2.370645e-110     
   2.258898       21.272215        5.222711e-100     
   2.258898       21.679546        4.219317e-90      
   2.258898       22.067523        1.034262e-80      
   2.258898       22.435100        6.389136e-72      
   2.258898       22.781284        8.037111e-64      
   2.258898       23.105144        1.263610e-56      
   2.258898       23.405806        -1.053237e-49     
   2.258898       23.682459        -5.965672e-43     
   2.258898       23.934358        -3.495376e-37     
   2.258898       24.160824        -3.290957e-32     
   2.258898       24.361246        -5.569799e-28     
   2.258898       24.535084        -1.820300e-24     
   2.258898       24.681869        -1.223332e-21     
   2.258898       24.801206        -1.789695e-19     
   2.258898       24.892773        -6.133566e-18     
   2.258898       24.956326        -4.495062e-17     
   2.258898       24.991706        -1.735705e-16     
   2.361480       0.001580         3.223985e-05      
   2.361480       0.008319         1.697825e-04      
   2.361480       0.020424         4.169247e-04      
   2.361480       0.037866         7.735748e-04      
   2.361480       0.060596         1.239361e-03      
   2.361480       0.088555         1.816199e-03      
   2.361480       0.121667         2.505006e-03      
   2.361480       0.159843         3.310669e-03      
   2.361480       0.202979         4.241456e-03      
   2.361480       0.250960         5.309274e-03      
   2.361480       0.303656         6.531207e-03      
   2.361480       0.360925         7.930838e-03      
   2.361480       0.422613         9.539583e-03      
   2.361480       0.488552         1.139826e-02      
   2.361480       0.558567         1.355887e-02      
   2.361480       0.632467         1.608653e-02      
   2.361480       0.710054         1.906149e-02      
   2.361480       0.791119         2.258082e-02      
   2.361480       0.875442         2.675949e-02      
   2.361480       0.962797         3.173065e-02      
   2.361480       1.052948         3.764419e-02      
   2.361480       1.145653         4.466207e-02      
   2.361480       1.240660         5.294895e-02      
   2.361480       1.337714         6.265737e-02      
   2.361480       1.436554         7.390713e-02      
   2.361480       1.536913         8.675764e-02      
   2.361480       1.638520         1.011731e-01      
   2.361480       1.741102         1.169853e-01      
   2.361480       1.844381         1.338590e-01      
   2.361480       1.948080         1.512588e-01      
   2.361480       2.051920         1.684150e-01      
   2.361480       2.155619         1.842994e-01      
   2.361480       2.258898         1.976260e-01      
   2.361480       2.361480         2.069065e-01      
   2.361480       2.463087         2.106185e-01      
   2.361480       2.563446         2.075323e-01      
   2.361480       2.662286         1.971277e-01      
   2.361480       2.759340         1.799010e-01      
   2.361480       2.854347         1.573828e-01      
   2.361480       2.947052         1.318333e-01      
   2.361480       3.037203         1.057363e-01      
   2.361480       3.124558         8.128298e-02      
   2.361480       3.208881         6.000964e-02      
   2.361480       3.289946         4.267237e-02      
   2.361480       3.367533         2.933527e-02      
   2.361480       3.441433         1.958331e-02      
   2.361480       3.511448         1.276022e-02      
   2.361480       3.577387         8.161746e-03      
   2.361480       3.639075         5.156484e-03      
   2.361480       3.696344         3.239268e-03      
   2.361480       3.749040         2.037495e-03      
   2.361480       3.797021         1.292633e-03      
   2.361480       3.840157         8.334632e-04      
   2.361480       3.878333         5.505116e-04      
   2.361480       3.911445         3.755683e-04      
   2.361480       3.939404         2.669037e-04      
   2.361480       3.962134         1.993150e-04      
   2.361480       3.979576         1.577480e-04      
   2.361480       3.991681         1.333646e-04      
   2.361480       3.998420         1.212018e-04      
   2.361480       4.008294         1.050435e-04      
   2.361480       4.043674         6.082450e-05      
   2.361480       4.107227         1.866198e-05      
   2.361480       4.198794         -2.435933e-07     
   2.361480       4.318131         -2.108164e-06     
   2.361480       4.464916         -4.372492e-07     
   2.361480       4.638754         5.913604e-08      
   2.361480       4.839176         2.651940e-08      
   2.361480       5.065642         1.733256e-09      
   2.361480       5.317541         -1.114920e-10     
   2.361480       5.594194         -7.118627e-12     
   2.361480       5.894856         2.340427e-13      
   2.361480       6.218716         3.222584e-15      
   2.361480       6.564900         -9.506458e-17     
   2.361480       6.932477         1.671168e-18      
   2.361480       7.320454         3.217427e-20      
   2.361480       7.727785         -2.419851e-22     
   2.361480       8.153374         -5.140323e-25     
   2.361480       8.596072         3.183817e-27      
   2.361480       9.054685         -2.799377e-30     
   2.361480       9.527979         4.910286e-34      
   2.361480       10.014676        3.548160e-38      
   2.361480       10.513464        -6.861598e-42     
   2.361480       11.023000        1.825270e-46      
   2.361480       11.541909        -1.187420e-51     
   2.361480       12.068793        1.986942e-57      
   2.361480       12.602230        -8.311362e-64     
   2.361480       13.140784        7.953593e-71      
   2.361480       13.683002        -1.215249e-78     
   2.361480       14.227422        -1.082642e-86     
   2.361480       14.772578        1.165370e-94      
   2.361480       15.316998       -1.914594e-103     
   2.361480       15.859216        8.349609e-113     
   2.361480       16.397770       -1.171998e-122     
   2.361480       16.931207        6.186983e-133     
   2.361480       17.458091       -1.438075e-143     
   2.361480       17.977000        1.738559e-154     
   2.361480       18.486536       -1.159595e-166     
   2.361480       18.985324        1.795780e-154     
   2.361480       19.472021        2.814235e-143     
   2.361480       19.945315        3.705615e-132     
   2.361480       20.403928        3.316349e-121     
   2.361480       20.846626        1.633208e-110     
   2.361480       21.272215        3.598257e-100     
   2.361480       21.679546        2.907167e-90      
   2.361480       22.067523        7.127027e-81      
   2.361480       22.435100        4.403617e-72      
   2.361480       22.781284        5.542054e-64      
   2.361480       23.105144        8.732405e-57      
   2.361480       23.405806        -7.228343e-50     
   2.361480       23.682459        -4.104870e-43     
   2.361480       23.934358        -2.406577e-37     
   2.361480       24.160824        -2.266681e-32     
   2.361480       24.361246        -3.837417e-28     
   2.361480       24.535084        -1.254456e-24     
   2.361480       24.681869        -8.432429e-22     
   2.361480       24.801206        -1.233856e-19     
   2.361480       24.892773        -4.229182e-18     
   2.361480       24.956326        -3.099719e-17     
   2.361480       24.991706        -1.196952e-16     
   2.463087       0.001580         2.258717e-05      
   2.463087       0.008319         1.189498e-04      
   2.463087       0.020424         2.921121e-04      
   2.463087       0.037866         5.420584e-04      
   2.463087       0.060596         8.686021e-04      
   2.463087       0.088555         1.273330e-03      
   2.463087       0.121667         1.757406e-03      
   2.463087       0.159843         2.324978e-03      
   2.463087       0.202979         2.983047e-03      
   2.463087       0.250960         3.741794e-03      
   2.463087       0.303656         4.615862e-03      
   2.463087       0.360925         5.625560e-03      
   2.463087       0.422613         6.798141e-03      
   2.463087       0.488552         8.169366e-03      
   2.463087       0.558567         9.785419e-03      
   2.463087       0.632467         1.170529e-02      
   2.463087       0.710054         1.400348e-02      
   2.463087       0.791119         1.677289e-02      
   2.463087       0.875442         2.012733e-02      
   2.463087       0.962797         2.420384e-02      
   2.463087       1.052948         2.916402e-02      
   2.463087       1.145653         3.519344e-02      
   2.463087       1.240660         4.249650e-02      
   2.463087       1.337714         5.128487e-02      
   2.463087       1.436554         6.175853e-02      
   2.463087       1.536913         7.407802e-02      
   2.463087       1.638520         8.832543e-02      
   2.463087       1.741102         1.044550e-01      
   2.463087       1.844381         1.222409e-01      
   2.463087       1.948080         1.412305e-01      
   2.463087       2.051920         1.607059e-01      
   2.463087       2.155619         1.796603e-01      
   2.463087       2.258898         1.968041e-01      
   2.463087       2.361480         2.106185e-01      
   2.463087       2.463087         2.194753e-01      
   2.463087       2.563446         2.218657e-01      
   2.463087       2.662286         2.167529e-01      
   2.463087       2.759340         2.039537e-01      
   2.463087       2.854347         1.843576e-01      
   2.463087       2.947052         1.598365e-01      
   2.463087       3.037203         1.328564e-01      
   2.463087       3.124558         1.059403e-01      
   2.463087       3.208881         8.117920e-02      
   2.463087       3.289946         5.993564e-02      
   2.463087       3.367533         4.278758e-02      
   2.463087       3.441433         2.966356e-02      
   2.463087       3.511448         2.007203e-02      
   2.463087       3.577387         1.333159e-02      
   2.463087       3.639075         8.745556e-03      
   2.463087       3.696344         5.704192e-03      
   2.463087       3.749040         3.725166e-03      
   2.463087       3.797021         2.453636e-03      
   2.463087       3.840157         1.642291e-03      
   2.463087       3.878333         1.125623e-03      
   2.463087       3.911445         7.961496e-04      
   2.463087       3.939404         5.855843e-04      
   2.463087       3.962134         4.512391e-04      
   2.463087       3.979576         3.668142e-04      
   2.463087       3.991681         3.164494e-04      
   2.463087       3.998420         2.910434e-04      
   2.463087       4.008294         2.569487e-04      
   2.463087       4.043674         1.609710e-04      
   2.463087       4.107227         6.255268e-05      
   2.463087       4.198794         1.007675e-05      
   2.463087       4.318131         -2.036075e-06     
   2.463087       4.464916         -9.381796e-07     
   2.463087       4.638754         5.219263e-09      
   2.463087       4.839176         3.797178e-08      
   2.463087       5.065642         3.751994e-09      
   2.463087       5.317541         -9.465399e-11     
   2.463087       5.594194         -1.327233e-11     
   2.463087       5.894856         2.390707e-13      
   2.463087       6.218716         7.736236e-15      
   2.463087       6.564900         -1.397184e-16     
   2.463087       6.932477         2.444247e-18      
   2.463087       7.320454         5.533740e-20      
   2.463087       7.727785         -3.838819e-22     
   2.463087       8.153374         -9.857528e-25     
   2.463087       8.596072         5.450266e-27      
   2.463087       9.054685         -4.638783e-30     
   2.463087       9.527979         7.720673e-34      
   2.463087       10.014676        6.596578e-38      
   2.463087       10.513464        -1.156849e-41     
   2.463087       11.023000        2.999774e-46      
   2.463087       11.541909        -1.911667e-51     
   2.463087       12.068793        3.122626e-57      
   2.463087       12.602230        -1.258933e-63     
   2.463087       13.140784        1.112332e-70      
   2.463087       13.683002        -1.094507e-78     
   2.463087       14.227422        -2.878721e-86     
   2.463087       14.772578        2.281401e-94      
   2.463087       15.316998       -3.499217e-103     
   2.463087       15.859216        1.478365e-112     
   2.463087       16.397770       -2.036832e-122     
   2.463087       16.931207        1.062452e-132     
   2.463087       17.458091       -2.450548e-143     
   2.463087       17.977000        2.948572e-154     
   2.463087       18.486536       -1.444367e-165     
   2.463087       18.985324        1.145101e-154     
   2.463087       19.472021        1.794547e-143     
   2.463087       19.945315        2.362983e-132     
   2.463087       20.403928        2.114799e-121     
   2.463087       20.846626        1.041508e-110     
   2.463087       21.272215        2.294729e-100     
   2.463087       21.679546        1.854112e-90      
   2.463087       22.067523        4.545867e-81      
   2.463087       22.435100        2.809261e-72      
   2.463087       22.781284        3.536857e-64      
   2.463087       23.105144        5.582434e-57      
   2.463087       23.405806        -4.596293e-50     
   2.463087       23.682459        -2.615534e-43     
   2.463087       23.934358        -1.534203e-37     
   2.463087       24.160824        -1.445487e-32     
   2.463087       24.361246        -2.447812e-28     
   2.463087       24.535084        -8.003743e-25     
   2.463087       24.681869        -5.381123e-22     
   2.463087       24.801206        -7.875000e-20     
   2.463087       24.892773        -2.699545e-18     
   2.463087       24.956326        -1.978756e-17     
   2.463087       24.991706        -7.641057e-17     
   2.563446       0.001580         1.468386e-05      
   2.563446       0.008319         7.732951e-05      
   2.563446       0.020424         1.899141e-04      
   2.563446       0.037866         3.524595e-04      
   2.563446       0.060596         5.649349e-04      
   2.563446       0.088555         8.285630e-04      
   2.563446       0.121667         1.144503e-03      
   2.563446       0.159843         1.516030e-03      
   2.563446       0.202979         1.948607e-03      
   2.563446       0.250960         2.450182e-03      
   2.563446       0.303656         3.032166e-03      
   2.563446       0.360925         3.710463e-03      
   2.563446       0.422613         4.506666e-03      
   2.563446       0.488552         5.449571e-03      
   2.563446       0.558567         6.577016e-03      
   2.563446       0.632467         7.938161e-03      
   2.563446       0.710054         9.596295e-03      
   2.563446       0.791119         1.163226e-02      
   2.563446       0.875442         1.414842e-02      
   2.563446       0.962797         1.727277e-02      
   2.563446       1.052948         2.116268e-02      
   2.563446       1.145653         2.600749e-02      
   2.563446       1.240660         3.202875e-02      
   2.563446       1.337714         3.947551e-02      
   2.563446       1.436554         4.861163e-02      
   2.563446       1.536913         5.969227e-02      
   2.563446       1.638520         7.292756e-02      
   2.563446       1.741102         8.843156e-02      
   2.563446       1.844381         1.061575e-01      
   2.563446       1.948080         1.258278e-01      
   2.563446       2.051920         1.468728e-01      
   2.563446       2.155619         1.683880e-01      
   2.563446       2.258898         1.891250e-01      
   2.563446       2.361480         2.075323e-01      
   2.563446       2.463087         2.218657e-01      
   2.563446       2.563446         2.303767e-01      
   2.563446       2.662286         2.315978e-01      
   2.563446       2.759340         2.247061e-01      
   2.563446       2.854347         2.098552e-01      
   2.563446       2.947052         1.882990e-01      
   2.563446       3.037203         1.621974e-01      
   2.563446       3.124558         1.341606e-01      
   2.563446       3.208881         1.067020e-01      
   2.563446       3.289946         8.179149e-02      
   2.563446       3.367533         6.062621e-02      
   2.563446       3.441433         4.363410e-02      
   2.563446       3.511448         3.064272e-02      
   2.563446       3.577387         2.111402e-02      
   2.563446       3.639075         1.436168e-02      
   2.563446       3.696344         9.706802e-03      
   2.563446       3.749040         6.564230e-03      
   2.563446       3.797021         4.473402e-03      
   2.563446       3.840157         3.094662e-03      
   2.563446       3.878333         2.189286e-03      
   2.563446       3.911445         1.595376e-03      
   2.563446       3.939404         1.206008e-03      
   2.563446       3.962134         9.519934e-04      
   2.563446       3.979576         7.893900e-04      
   2.563446       3.991681         6.910057e-04      
   2.563446       3.998420         6.409137e-04      
   2.563446       4.008294         5.731317e-04      
   2.563446       4.043674         3.779405e-04      
   2.563446       4.107227         1.664401e-04      
   2.563446       4.198794         4.027349e-05      
   2.563446       4.318131         1.211539e-06      
   2.563446       4.464916         -1.545481e-06     
   2.563446       4.638754         -1.362055e-07     
   2.563446       4.839176         4.810778e-08      
   2.563446       5.065642         7.178292e-09      
   2.563446       5.317541         1.318635e-12      
   2.563446       5.594194         -2.235328e-11     
   2.563446       5.894856         1.442459e-13      
   2.563446       6.218716         1.536375e-14      
   2.563446       6.564900         -1.890614e-16     
   2.563446       6.932477         3.619460e-18      
   2.563446       7.320454         9.450868e-20      
   2.563446       7.727785         -6.044572e-22     
   2.563446       8.153374         -1.889725e-24     
   2.563446       8.596072         9.401029e-27      
   2.563446       9.054685         -7.736458e-30     
   2.563446       9.527979         1.215731e-33      
   2.563446       10.014676        1.221142e-37      
   2.563446       10.513464        -1.960134e-41     
   2.563446       11.023000        4.950981e-46      
   2.563446       11.541909        -3.085547e-51     
   2.563446       12.068793        4.904184e-57      
   2.563446       12.602230        -1.890896e-63     
   2.563446       13.140784        1.495676e-70      
   2.563446       13.683002        -2.305078e-79     
   2.563446       14.227422        -6.670511e-86     
   2.563446       14.772578        4.404806e-94      
   2.563446       15.316998       -6.391904e-103     
   2.563446       15.859216        2.626067e-112     
   2.563446       16.397770       -3.556863e-122     
   2.563446       16.931207        1.834795e-132     
   2.563446       17.458091       -4.201943e-143     
   2.563446       17.977000        5.034469e-154     
   2.563446       18.486536       -3.302800e-165     
   2.563446       18.985324        6.726676e-155     
   2.563446       19.472021        1.054177e-143     
   2.563446       19.945315        1.388107e-132     
   2.563446       20.403928        1.242330e-121     
   2.563446       20.846626        6.118419e-111     
   2.563446       21.272215        1.348096e-100     
   2.563446       21.679546        1.089294e-90      
   2.563446       22.067523        2.670888e-81      
   2.563446       22.435100        1.650751e-72      
   2.563446       22.781284        2.078793e-64      
   2.563446       23.105144        3.284335e-57      
   2.563446       23.405806        -2.696257e-50     
   2.563446       23.682459        -1.536169e-43     
   2.563446       23.934358        -9.013940e-38     
   2.563446       24.160824        -8.494804e-33     
   2.563446       24.361246        -1.438820e-28     
   2.563446       24.535084        -4.705407e-25     
   2.563446       24.681869        -3.164016e-22     
   2.563446       24.801206        -4.630886e-20     
   2.563446       24.892773        -1.587586e-18     
   2.563446       24.956326        -1.163759e-17     
   2.563446       24.991706        -4.493859e-17     
   2.662286       0.001580         8.850530e-06      
   2.662286       0.008319         4.660985e-05      
   2.662286       0.020424         1.144764e-04      
   2.662286       0.037866         2.124808e-04      
   2.662286       0.060596         3.406742e-04      
   2.662286       0.088555         4.999098e-04      
   2.662286       0.121667         6.911472e-04      
   2.662286       0.159843         9.167496e-04      
   2.662286       0.202979         1.180642e-03      
   2.662286       0.250960         1.488554e-03      
   2.662286       0.303656         1.848723e-03      
   2.662286       0.360925         2.272693e-03      
   2.662286       0.422613         2.776280e-03      
   2.662286       0.488552         3.380847e-03      
   2.662286       0.558567         4.114915e-03      
   2.662286       0.632467         5.016225e-03      
   2.662286       0.710054         6.134383e-03      
   2.662286       0.791119         7.534292e-03      
   2.662286       0.875442         9.300457e-03      
   2.662286       0.962797         1.154208e-02      
   2.662286       1.052948         1.439854e-02      
   2.662286       1.145653         1.804485e-02      
   2.662286       1.240660         2.269615e-02      
   2.662286       1.337714         2.860966e-02      
   2.662286       1.436554         3.608056e-02      
   2.662286       1.536913         4.542803e-02      
   2.662286       1.638520         5.696772e-02      
   2.662286       1.741102         7.096714e-02      
   2.662286       1.844381         8.758098e-02      
   2.662286       1.948080         1.067684e-01      
   2.662286       2.051920         1.282045e-01      
   2.662286       2.155619         1.512041e-01      
   2.662286       2.258898         1.746755e-01      
   2.662286       2.361480         1.971277e-01      
   2.662286       2.463087         2.167529e-01      
   2.662286       2.563446         2.315978e-01      
   2.662286       2.662286         2.398198e-01      
   2.662286       2.759340         2.400195e-01      
   2.662286       2.854347         2.316030e-01      
   2.662286       2.947052         2.150515e-01      
   2.662286       3.037203         1.919429e-01      
   2.662286       3.124558         1.646660e-01      
   2.662286       3.208881         1.359156e-01      
   2.662286       3.289946         1.081556e-01      
   2.662286       3.367533         8.322330e-02      
   2.662286       3.441433         6.216490e-02      
   2.662286       3.511448         4.528776e-02      
   2.662286       3.577387         3.235040e-02      
   2.662286       3.639075         2.279391e-02      
   2.662286       3.696344         1.594324e-02      
   2.662286       3.749040         1.114503e-02      
   2.662286       3.797021         7.840803e-03      
   2.662286       3.840157         5.590979e-03      
   2.662286       3.878333         4.069351e-03      
   2.662286       3.911445         3.044117e-03      
   2.662286       3.939404         2.355820e-03      
   2.662286       3.962134         1.897532e-03      
   2.662286       3.979576         1.599226e-03      
   2.662286       3.991681         1.416442e-03      
   2.662286       3.998420         1.322610e-03      
   2.662286       4.008294         1.194714e-03      
   2.662286       4.043674         8.190776e-04      
   2.662286       4.107227         3.928218e-04      
   2.662286       4.198794         1.157783e-04      
   2.662286       4.318131         1.375798e-05      
   2.662286       4.464916         -1.710538e-06     
   2.662286       4.638754         -4.183509e-07     
   2.662286       4.839176         4.818695e-08      
   2.662286       5.065642         1.253598e-08      
   2.662286       5.317541         2.652877e-10      
   2.662286       5.594194         -3.419563e-11     
   2.662286       5.894856         -1.641735e-13     
   2.662286       6.218716         2.727242e-14      
   2.662286       6.564900         -2.273935e-16     
   2.662286       6.932477         5.480958e-18      
   2.662286       7.320454         1.605762e-19      
   2.662286       7.727785         -9.457634e-22     
   2.662286       8.153374         -3.591799e-24     
   2.662286       8.596072         1.625756e-26      
   2.662286       9.054685         -1.291959e-29     
   2.662286       9.527979         1.897445e-33      
   2.662286       10.014676        2.271060e-37      
   2.662286       10.513464        -3.342191e-41     
   2.662286       11.023000        8.209968e-46      
   2.662286       11.541909        -4.994519e-51     
   2.662286       12.068793        7.698970e-57      
   2.662286       12.602230        -2.814133e-63     
   2.662286       13.140784        1.900787e-70      
   2.662286       13.683002        2.275399e-78      
   2.662286       14.227422        -1.426354e-85     
   2.662286       14.772578        8.358528e-94      
   2.662286       15.316998       -1.160258e-102     
   2.662286       15.859216        4.653137e-112     
   2.662286       16.397770       -6.206835e-122     
   2.662286       16.931207        3.169758e-132     
   2.662286       17.458091       -7.213741e-143     
   2.662286       17.977000        8.612696e-154     
   2.662286       18.486536       -6.159394e-165     
   2.662286       18.985324        3.599354e-155     
   2.662286       19.472021        5.640742e-144     
   2.662286       19.945315        7.427539e-133     
   2.662286       20.403928        6.647520e-122     
   2.662286       20.846626        3.273889e-111     
   2.662286       21.272215        7.213556e-101     
   2.662286       21.679546        5.828803e-91      
   2.662286       22.067523        1.429217e-81      
   2.662286       22.435100        8.833496e-73      
   2.662286       22.781284        1.112401e-64      
   2.662286       23.105144        1.757053e-57      
   2.662286       23.405806        -1.444305e-50     
   2.662286       23.682459        -8.226541e-44     
   2.662286       23.934358        -4.827523e-38     
   2.662286       24.160824        -4.549986e-33     
   2.662286       24.361246        -7.707381e-29     
   2.662286       24.535084        -2.520763e-25     
   2.662286       24.681869        -1.695111e-22     
   2.662286       24.801206        -2.481070e-20     
   2.662286       24.892773        -8.505871e-19     
   2.662286       24.956326        -6.235176e-18     
   2.662286       24.991706        -2.407570e-17     
   2.759340       0.001580         4.922995e-06      
   2.759340       0.008319         2.592635e-05      
   2.759340       0.020424         6.368032e-05      
   2.759340       0.037866         1.182111e-04      
   2.759340       0.060596         1.895947e-04      
   2.759340       0.088555         2.783715e-04      
   2.759340       0.121667         3.852334e-04      
   2.759340       0.159843         5.117435e-04      
   2.759340       0.202979         6.605013e-04      
   2.759340       0.250960         8.353315e-04      
   2.759340       0.303656         1.041767e-03      
   2.759340       0.360925         1.287605e-03      
   2.759340       0.422613         1.583607e-03      
   2.759340       0.488552         1.944447e-03      
   2.759340       0.558567         2.389987e-03      
   2.759340       0.632467         2.947009e-03      
   2.759340       0.710054         3.651533e-03      
   2.759340       0.791119         4.551857e-03      
   2.759340       0.875442         5.712504e-03      
   2.759340       0.962797         7.219259e-03      
   2.759340       1.052948         9.185384e-03      
   2.759340       1.145653         1.175877e-02      
   2.759340       1.240660         1.512943e-02      
   2.759340       1.337714         1.953612e-02      
   2.759340       1.436554         2.527012e-02      
   2.759340       1.536913         3.267250e-02      
   2.759340       1.638520         4.211964e-02      
   2.759340       1.741102         5.399161e-02      
   2.759340       1.844381         6.861838e-02      
   2.759340       1.948080         8.620085e-02      
   2.759340       2.051920         1.067095e-01      
   2.759340       2.155619         1.297756e-01      
   2.759340       2.258898         1.545988e-01      
   2.759340       2.361480         1.799010e-01      
   2.759340       2.463087         2.039537e-01      
   2.759340       2.563446         2.247061e-01      
   2.759340       2.662286         2.400195e-01      
   2.759340       2.759340         2.479885e-01      
   2.759340       2.854347         2.473100e-01      
   2.759340       2.947052         2.376285e-01      
   2.759340       3.037203         2.197313e-01      
   2.759340       3.124558         1.954729e-01      
   2.759340       3.208881         1.674089e-01      
   2.759340       3.289946         1.382636e-01      
   2.759340       3.367533         1.104186e-01      
   2.759340       3.441433         8.557500e-02      
   2.759340       3.511448         6.464609e-02      
   2.759340       3.577387         4.784741e-02      
   2.759340       3.639075         3.489663e-02      
   2.759340       3.696344         2.523540e-02      
   2.759340       3.749040         1.821297e-02      
   2.759340       3.797021         1.320781e-02      
   2.759340       3.840157         9.690123e-03      
   2.759340       3.878333         7.241312e-03      
   2.759340       3.911445         5.548067e-03      
   2.759340       3.939404         4.385156e-03      
   2.759340       3.962134         3.595746e-03      
   2.759340       3.979576         3.073798e-03      
   2.759340       3.991681         2.750202e-03      
   2.759340       3.998420         2.582820e-03      
   2.759340       4.008294         2.353141e-03      
   2.759340       4.043674         1.666289e-03      
   2.759340       4.107227         8.541053e-04      
   2.759340       4.198794         2.866981e-04      
   2.759340       4.318131         4.955682e-05      
   2.759340       4.464916         3.654386e-07      
   2.759340       4.638754         -8.595062e-07     
   2.759340       4.839176         1.987120e-08      
   2.759340       5.065642         2.007964e-08      
   2.759340       5.317541         8.498371e-10      
   2.759340       5.594194         -4.649543e-11     
   2.759340       5.894856         -8.742140e-13     
   2.759340       6.218716         4.425395e-14      
   2.759340       6.564900         -2.186981e-16     
   2.759340       6.932477         8.544394e-18      
   2.759340       7.320454         2.723246e-19      
   2.759340       7.727785         -1.476096e-21     
   2.759340       8.153374         -6.722857e-24     
   2.759340       8.596072         2.803787e-26      
   2.759340       9.054685         -2.147634e-29     
   2.759340       9.527979         2.892140e-33      
   2.759340       10.014676        4.270969e-37      
   2.759340       10.513464        -5.744155e-41     
   2.759340       11.023000        1.369225e-45      
   2.759340       11.541909        -8.116568e-51     
   2.759340       12.068793        1.210019e-56      
   2.759340       12.602230        -4.155916e-63     
   2.759340       13.140784        2.221716e-70      
   2.759340       13.683002        8.046748e-78      
   2.759340       14.227422        -2.878157e-85     
   2.759340       14.772578        1.553535e-93      
   2.759340       15.316998       -2.081457e-102     
   2.759340       15.859216        8.177477e-112     
   2.759340       16.397770       -1.076222e-121     
   2.759340       16.931207        5.447770e-132     
   2.759340       17.458091       -1.233298e-142     
   2.759340       17.977000        1.468719e-153     
   2.759340       18.486536       -1.078332e-164     
   2.759340       18.985324        1.705653e-155     
   2.759340       19.472021        2.672968e-144     
   2.759340       19.945315        3.519599e-133     
   2.759340       20.403928        3.149905e-122     
   2.759340       20.846626        1.551277e-111     
   2.759340       21.272215        3.417898e-101     
   2.759340       21.679546        2.761635e-91      
   2.759340       22.067523        6.770898e-82      
   2.759340       22.435100        4.184084e-73      
   2.759340       22.781284        5.266310e-65      
   2.759340       23.105144        8.294230e-58      
   2.759340       23.405806        -6.887137e-51     
   2.759340       23.682459        -3.909594e-44     
   2.759340       23.934358        -2.293057e-38     
   2.759340       24.160824        -2.160831e-33     
   2.759340       24.361246        -3.659859e-29     
   2.759340       24.535084        -1.196844e-25     
   2.759340       24.681869        -8.047293e-23     
   2.759340       24.801206        -1.177710e-20     
   2.759340       24.892773        -4.037091e-19     
   2.759340       24.956326        -2.959103e-18     
   2.759340       24.991706        -1.142401e-17     
   2.854347       0.001580         2.499111e-06      
   2.854347       0.008319         1.316139e-05      
   2.854347       0.020424         3.232931e-05      
   2.854347       0.037866         6.002228e-05      
   2.854347       0.060596         9.631379e-05      
   2.854347       0.088555         1.415224e-04      
   2.854347       0.121667         1.961043e-04      
   2.854347       0.159843         2.610213e-04      
   2.854347       0.202979         3.378701e-04      
   2.854347       0.250960         4.290125e-04      
   2.854347       0.303656         5.378819e-04      
   2.854347       0.360925         6.693512e-04      
   2.854347       0.422613         8.302109e-04      
   2.854347       0.488552         1.029831e-03      
   2.854347       0.558567         1.281087e-03      
   2.854347       0.632467         1.601657e-03      
   2.854347       0.710054         2.015826e-03      
   2.854347       0.791119         2.556941e-03      
   2.854347       0.875442         3.270717e-03      
   2.854347       0.962797         4.219662e-03      
   2.854347       1.052948         5.488920e-03      
   2.854347       1.145653         7.193644e-03      
   2.854347       1.240660         9.487740e-03      
   2.854347       1.337714         1.257340e-02      
   2.854347       1.436554         1.671028e-02      
   2.854347       1.536913         2.222176e-02      
   2.854347       1.638520         2.949386e-02      
   2.854347       1.741102         3.896030e-02      
   2.854347       1.844381         5.106700e-02      
   2.854347       1.948080         6.620923e-02      
   2.854347       2.051920         8.463716e-02      
   2.854347       2.155619         1.063342e-01      
   2.854347       2.258898         1.308877e-01      
   2.854347       2.361480         1.573828e-01      
   2.854347       2.463087         1.843576e-01      
   2.854347       2.563446         2.098552e-01      
   2.854347       2.662286         2.316030e-01      
   2.854347       2.759340         2.473100e-01      
   2.854347       2.854347         2.550446e-01      
   2.854347       2.947052         2.536266e-01      
   2.854347       3.037203         2.429414e-01      
   2.854347       3.124558         2.240543e-01      
   2.854347       3.208881         1.990416e-01      
   2.854347       3.289946         1.705634e-01      
   2.854347       3.367533         1.413236e-01      
   2.854347       3.441433         1.135969e-01      
   2.854347       3.511448         8.894907e-02      
   2.854347       3.577387         6.818017e-02      
   2.854347       3.639075         5.144010e-02      
   2.854347       3.696344         3.842983e-02      
   2.854347       3.749040         2.860921e-02      
   2.854347       3.797021         2.136252e-02      
   2.854347       3.840157         1.610551e-02      
   2.854347       3.878333         1.233961e-02      
   2.854347       3.911445         9.668486e-03      
   2.854347       3.939404         7.792835e-03      
   2.854347       3.962134         6.495563e-03      
   2.854347       3.979576         5.624819e-03      
   2.854347       3.991681         5.078891e-03      
   2.854347       3.998420         4.794459e-03      
   2.854347       4.008294         4.401683e-03      
   2.854347       4.043674         3.206910e-03      
   2.854347       4.107227         1.738962e-03      
   2.854347       4.198794         6.449387e-04      
   2.854347       4.318131         1.377126e-04      
   2.854347       4.464916         9.437736e-06      
   2.854347       4.638754         -1.292996e-06     
   2.854347       4.839176         -6.844862e-08     
   2.854347       5.065642         2.907238e-08      
   2.854347       5.317541         1.993786e-09      
   2.854347       5.594194         -5.214633e-11     
   2.854347       5.894856         -2.264429e-12     
   2.854347       6.218716         6.559300e-14      
   2.854347       6.564900         -9.073805e-17     
   2.854347       6.932477         1.370445e-17      
   2.854347       7.320454         4.630127e-19      
   2.854347       7.727785         -2.313814e-21     
   2.854347       8.153374         -1.232508e-23     
   2.854347       8.596072         4.796902e-26      
   2.854347       9.054685         -3.531230e-29     
   2.854347       9.527979         4.213346e-33      
   2.854347       10.014676        8.142807e-37      
   2.854347       10.513464        -9.962690e-41     
   2.854347       11.023000        2.298960e-45      
   2.854347       11.541909        -1.326216e-50     
   2.854347       12.068793        1.908929e-56      
   2.854347       12.602230        -6.116248e-63     
   2.854347       13.140784        2.263990e-70      
   2.854347       13.683002        1.981791e-77      
   2.854347       14.227422        -5.536894e-85     
   2.854347       14.772578        2.819425e-93      
   2.854347       15.316998       -3.672355e-102     
   2.854347       15.859216        1.417800e-111     
   2.854347       16.397770       -1.844172e-121     
   2.854347       16.931207        9.264342e-132     
   2.854347       17.458091       -2.088704e-142     
   2.854347       17.977000        2.483945e-153     
   2.854347       18.486536       -1.838109e-164     
   2.854347       18.985324        6.624555e-156     
   2.854347       19.472021        1.038079e-144     
   2.854347       19.945315        1.366769e-133     
   2.854347       20.403928        1.223087e-122     
   2.854347       20.846626        6.022759e-112     
   2.854347       21.272215        1.326761e-101     
   2.854347       21.679546        1.071751e-91      
   2.854347       22.067523        2.626639e-82      
   2.854347       22.435100        1.621881e-73      
   2.854347       22.781284        2.037349e-65      
   2.854347       23.105144        3.175228e-58      
   2.854347       23.405806        -2.730697e-51     
   2.854347       23.682459        -1.531658e-44     
   2.854347       23.934358        -8.963985e-39     
   2.854347       24.160824        -8.438558e-34     
   2.854347       24.361246        -1.428183e-29     
   2.854347       24.535084        -4.667227e-26     
   2.854347       24.681869        -3.136138e-23     
   2.854347       24.801206        -4.587098e-21     
   2.854347       24.892773        -1.571657e-19     
   2.854347       24.956326        -1.151569e-18     
   2.854347       24.991706        -4.443697e-18     
   2.947052       0.001580         1.132758e-06      
   2.947052       0.008319         5.965686e-06      
   2.947052       0.020424         1.465540e-05      
   2.947052       0.037866         2.721501e-05      
   2.947052       0.060596         4.370331e-05      
   2.947052       0.088555         6.429547e-05      
   2.947052       0.121667         8.926978e-05      
   2.947052       0.159843         1.191779e-04      
   2.947052       0.202979         1.549300e-04      
   2.947052       0.250960         1.978744e-04      
   2.947052       0.303656         2.499778e-04      
   2.947052       0.360925         3.140531e-04      
   2.947052       0.422613         3.940700e-04      
   2.947052       0.488552         4.955934e-04      
   2.947052       0.558567         6.264036e-04      
   2.947052       0.632467         7.973818e-04      
   2.947052       0.710054         1.023776e-03      
   2.947052       0.791119         1.327006e-03      
   2.947052       0.875442         1.737218e-03      
   2.947052       0.962797         2.296828e-03      
   2.947052       1.052948         3.065377e-03      
   2.947052       1.145653         4.126040e-03      
   2.947052       1.240660         5.594071e-03      
   2.947052       1.337714         7.627203e-03      
   2.947052       1.436554         1.043746e-02      
   2.947052       1.536913         1.430299e-02      
   2.947052       1.638520         1.957701e-02      
   2.947052       1.741102         2.668867e-02      
   2.947052       1.844381         3.612816e-02      
   2.947052       1.948080         4.840710e-02      
   2.947052       2.051920         6.398573e-02      
   2.947052       2.155619         8.316238e-02      
   2.947052       2.258898         1.059314e-01      
   2.947052       2.361480         1.318333e-01      
   2.947052       2.463087         1.598365e-01      
   2.947052       2.563446         1.882990e-01      
   2.947052       2.662286         2.150515e-01      
   2.947052       2.759340         2.376285e-01      
   2.947052       2.854347         2.536266e-01      
   2.947052       2.947052         2.611293e-01      
   2.947052       3.037203         2.591057e-01      
   2.947052       3.124558         2.476782e-01      
   2.947052       3.208881         2.281537e-01      
   2.947052       3.289946         2.027726e-01      
   2.947052       3.367533         1.742400e-01      
   2.947052       3.441433         1.451955e-01      
   2.947052       3.511448         1.177881e-01      
   2.947052       3.577387         9.345304e-02      
   2.947052       3.639075         7.289596e-02      
   2.947052       3.696344         5.622411e-02      
   2.947052       3.749040         4.314176e-02      
   2.947052       3.797021         3.314121e-02      
   2.947052       3.840157         2.565075e-02      
   2.947052       3.878333         2.012883e-02      
   2.947052       3.911445         1.611169e-02      
   2.947052       3.939404         1.322840e-02      
   2.947052       3.962134         1.119723e-02      
   2.947052       3.979576         9.813699e-03      
   2.947052       3.991681         8.936760e-03      
   2.947052       3.998420         8.476660e-03      
   2.947052       4.008294         7.837384e-03      
   2.947052       4.043674         5.860530e-03      
   2.947052       4.107227         3.341168e-03      
   2.947052       4.198794         1.347075e-03      
   2.947052       4.318131         3.342066e-04      
   2.947052       4.464916         3.653258e-05      
   2.947052       4.638754         -9.747647e-07     
   2.947052       4.839176         -2.578735e-07     
   2.947052       5.065642         3.637860e-08      
   2.947052       5.317541         4.029200e-09      
   2.947052       5.594194         -3.465232e-11     
   2.947052       5.894856         -4.689593e-12     
   2.947052       6.218716         8.684976e-14      
   2.947052       6.564900         2.893896e-16      
   2.947052       6.932477         2.241518e-17      
   2.947052       7.320454         7.926977e-19      
   2.947052       7.727785         -3.674957e-21     
   2.947052       8.153374         -2.204602e-23     
   2.947052       8.596072         8.102786e-26      
   2.947052       9.054685         -5.706698e-29     
   2.947052       9.527979         5.665198e-33      
   2.947052       10.014676        1.570086e-36      
   2.947052       10.513464        -1.743212e-40     
   2.947052       11.023000        3.886866e-45      
   2.947052       11.541909        -2.181120e-50     
   2.947052       12.068793        3.031556e-56      
   2.947052       12.602230        -9.031657e-63     
   2.947052       13.140784        1.724643e-70      
   2.947052       13.683002        4.191536e-77      
   2.947052       14.227422        -1.021004e-84     
   2.947052       14.772578        4.984273e-93      
   2.947052       15.316998       -6.346691e-102     
   2.947052       15.859216        2.414085e-111     
   2.947052       16.397770       -3.108033e-121     
   2.947052       16.931207        1.551327e-131     
   2.947052       17.458091       -3.487477e-142     
   2.947052       17.977000        4.147153e-153     
   2.947052       18.486536       -3.078457e-164     
   2.947052       18.985324        1.510956e-156     
   2.947052       19.472021        2.366843e-145     
   2.947052       19.945315        3.114915e-134     
   2.947052       20.403928        2.785956e-123     
   2.947052       20.846626        1.370909e-112     
   2.947052       21.272215        3.017103e-102     
   2.947052       21.679546        2.433782e-92      
   2.947052       22.067523        5.951109e-83      
   2.947052       22.435100        3.658712e-74      
   2.947052       22.781284        4.545754e-66      
   2.947052       23.105144        6.675437e-59      
   2.947052       23.405806        -6.890932e-52     
   2.947052       23.682459        -3.644617e-45     
   2.947052       23.934358        -2.108324e-39     
   2.947052       24.160824        -1.973289e-34     
   2.947052       24.361246        -3.324909e-30     
   2.947052       24.535084        -1.082221e-26     
   2.947052       24.681869        -7.245436e-24     
   2.947052       24.801206        -1.056370e-21     
   2.947052       24.892773        -3.609687e-20     
   2.947052       24.956326        -2.639504e-19     
   2.947052       24.991706        -1.016195e-18     
   3.037203       0.001580         4.358753e-07      
   3.037203       0.008319         2.295612e-06      
   3.037203       0.020424         5.640333e-06      
   3.037203       0.037866         1.047781e-05      
   3.037203       0.060596         1.684850e-05      
   3.037203       0.088555         2.484028e-05      
   3.037203       0.121667         3.460762e-05      
   3.037203       0.159843         4.644182e-05      
   3.037203       0.202979         6.082097e-05      
   3.037203       0.250960         7.845575e-05      
   3.037203       0.303656         1.003878e-04      
   3.037203       0.360925         1.281212e-04      
   3.037203       0.422613         1.638063e-04      
   3.037203       0.488552         2.105088e-04      
   3.037203       0.558567         2.725959e-04      
   3.037203       0.632467         3.563025e-04      
   3.037203       0.710054         4.705590e-04      
   3.037203       0.791119         6.282155e-04      
   3.037203       0.875442         8.478351e-04      
   3.037203       0.962797         1.156287e-03      
   3.037203       1.052948         1.592436e-03      
   3.037203       1.145653         2.212325e-03      
   3.037203       1.240660         3.096329e-03      
   3.037203       1.337714         4.358680e-03      
   3.037203       1.436554         6.159485e-03      
   3.037203       1.536913         8.718775e-03      
   3.037203       1.638520         1.233116e-02      
   3.037203       1.741102         1.737775e-02      
   3.037203       1.844381         2.432908e-02      
   3.037203       1.948080         3.372998e-02      
   3.037203       2.051920         4.615555e-02      
   3.037203       2.155619         6.212795e-02      
   3.037203       2.258898         8.198884e-02      
   3.037203       2.361480         1.057363e-01      
   3.037203       2.463087         1.328564e-01      
   3.037203       2.563446         1.621974e-01      
   3.037203       2.662286         1.919429e-01      
   3.037203       2.759340         2.197313e-01      
   3.037203       2.854347         2.429414e-01      
   3.037203       2.947052         2.591057e-01      
   3.037203       3.037203         2.663669e-01      
   3.037203       3.124558         2.638661e-01      
   3.037203       3.208881         2.519535e-01      
   3.037203       3.289946         2.321368e-01      
   3.037203       3.367533         2.067624e-01      
   3.037203       3.441433         1.785244e-01      
   3.037203       3.511448         1.499608e-01      
   3.037203       3.577387         1.230820e-01      
   3.037203       3.639075         9.919913e-02      
   3.037203       3.696344         7.894043e-02      
   3.037203       3.749040         6.238959e-02      
   3.037203       3.797021         4.927021e-02      
   3.037203       3.840157         3.911863e-02      
   3.037203       3.878333         3.141504e-02      
   3.037203       3.911445         2.566646e-02      
   3.037203       3.939404         2.144927e-02      
   3.037203       3.962134         1.842377e-02      
   3.037203       3.979576         1.633278e-02      
   3.037203       3.991681         1.499312e-02      
   3.037203       3.998420         1.428540e-02      
   3.037203       4.008294         1.329612e-02      
   3.037203       4.043674         1.018719e-02      
   3.037203       4.107227         6.081557e-03      
   3.037203       4.198794         2.639668e-03      
   3.037203       4.318131         7.384522e-04      
   3.037203       4.464916         1.047261e-04      
   3.037203       4.638754         2.297949e-06      
   3.037203       4.839176         -5.686722e-07     
   3.037203       5.065642         3.421199e-08      
   3.037203       5.317541         7.338858e-09      
   3.037203       5.594194         3.891859e-11      
   3.037203       5.894856         -8.489261e-12     
   3.037203       6.218716         9.605304e-14      
   3.037203       6.564900         1.149917e-15      
   3.037203       6.932477         3.686614e-17      
   3.037203       7.320454         1.370273e-18      
   3.037203       7.727785         -5.959936e-21     
   3.037203       8.153374         -3.838943e-23     
   3.037203       8.596072         1.346186e-25      
   3.037203       9.054685         -9.010870e-29     
   3.037203       9.527979         6.543718e-33      
   3.037203       10.014676        3.040357e-36      
   3.037203       10.513464        -3.069135e-40     
   3.037203       11.023000        6.607409e-45      
   3.037203       11.541909        -3.608879e-50     
   3.037203       12.068793        4.853813e-56      
   3.037203       12.602230        -1.348061e-62     
   3.037203       13.140784        1.804445e-71      
   3.037203       13.683002        8.086454e-77      
   3.037203       14.227422        -1.811452e-84     
   3.037203       14.772578        8.571634e-93      
   3.037203       15.316998       -1.071445e-101     
   3.037203       15.859216        4.023014e-111     
   3.037203       16.397770       -5.132531e-121     
   3.037203       16.931207        2.548054e-131     
   3.037203       17.458091       -5.718956e-142     
   3.037203       17.977000        6.810481e-153     
   3.037203       18.486536       -5.069818e-164     
   3.037203       18.985324       -5.968991e-157     
   3.037203       19.472021       -9.364438e-146     
   3.037203       19.945315       -1.234704e-134     
   3.037203       20.403928       -1.106872e-123     
   3.037203       20.846626       -5.463136e-113     
   3.037203       21.272215       -1.207300e-102     
   3.037203       21.679546        -9.797708e-93     
   3.037203       22.067523        -2.419118e-83     
   3.037203       22.435100        -1.514609e-74     
   3.037203       22.781284        -1.967738e-66     
   3.037203       23.105144        -3.593683e-59     
   3.037203       23.405806        1.614927e-52      
   3.037203       23.682459        1.190099e-45      
   3.037203       23.934358        7.288432e-40      
   3.037203       24.160824        7.014247e-35      
   3.037203       24.361246        1.206997e-30      
   3.037203       24.535084        4.002540e-27      
   3.037203       24.681869        2.724815e-24      
   3.037203       24.801206        4.030303e-22      
   3.037203       24.892773        1.393624e-20      
   3.037203       24.956326        1.028126e-19      
   3.037203       24.991706        3.996647e-19      
   3.124558       0.001580         1.202044e-07      
   3.124558       0.008319         6.331288e-07      
   3.124558       0.020424         1.556234e-06      
   3.124558       0.037866         2.893523e-06      
   3.124558       0.060596         4.669729e-06      
   3.124558       0.088555         6.924050e-06      
   3.124558       0.121667         9.733702e-06      
   3.124558       0.159843         1.323843e-05      
   3.124558       0.202979         1.766687e-05      
   3.124558       0.250960         2.336167e-05      
   3.124558       0.303656         3.082975e-05      
   3.124558       0.360925         4.081177e-05      
   3.124558       0.422613         5.438235e-05      
   3.124558       0.488552         7.310027e-05      
   3.124558       0.558567         9.923335e-05      
   3.124558       0.632467         1.360977e-04      
   3.124558       0.710054         1.885688e-04      
   3.124558       0.791119         2.638525e-04      
   3.124558       0.875442         3.726461e-04      
   3.124558       0.962797         5.308799e-04      
   3.124558       1.052948         7.623071e-04      
   3.124558       1.145653         1.102305e-03      
   3.124558       1.240660         1.603361e-03      
   3.124558       1.337714         2.342799e-03      
   3.124558       1.436554         3.433313e-03      
   3.124558       1.536913         5.036595e-03      
   3.124558       1.638520         7.379714e-03      
   3.124558       1.741102         1.077264e-02      
   3.124558       1.844381         1.562304e-02      
   3.124558       1.948080         2.244121e-02      
   3.124558       2.051920         3.182443e-02      
   3.124558       2.155619         4.440767e-02      
   3.124558       2.258898         6.076872e-02      
   3.124558       2.361480         8.128298e-02      
   3.124558       2.463087         1.059403e-01      
   3.124558       2.563446         1.341606e-01      
   3.124558       2.662286         1.646660e-01      
   3.124558       2.759340         1.954729e-01      
   3.124558       2.854347         2.240543e-01      
   3.124558       2.947052         2.476782e-01      
   3.124558       3.037203         2.638661e-01      
   3.124558       3.124558         2.708654e-01      
   3.124558       3.208881         2.680098e-01      
   3.124558       3.289946         2.558625e-01      
   3.124558       3.367533         2.360879e-01      
   3.124558       3.441433         2.110818e-01      
   3.124558       3.511448         1.834780e-01      
   3.124558       3.577387         1.556829e-01      
   3.124558       3.639075         1.295591e-01      
   3.124558       3.696344         1.063011e-01      
   3.124558       3.749040         8.647441e-02      
   3.124558       3.797021         7.015448e-02      
   3.124558       3.840157         5.709678e-02      
   3.124558       3.878333         4.689112e-02      
   3.124558       3.911445         3.907708e-02      
   3.124558       3.939404         3.321727e-02      
   3.124558       3.962134         2.893590e-02      
   3.124558       3.979576         2.593380e-02      
   3.124558       3.991681         2.398977e-02      
   3.124558       3.998420         2.295574e-02      
   3.124558       4.008294         2.150167e-02      
   3.124558       4.043674         1.685848e-02      
   3.124558       4.107227         1.050815e-02      
   3.124558       4.198794         4.878980e-03      
   3.124558       4.318131         1.513044e-03      
   3.124558       4.464916         2.580755e-04      
   3.124558       4.638754         1.392891e-05      
   3.124558       4.839176         -9.010032e-07     
   3.124558       5.065642         7.494451e-09      
   3.124558       5.317541         1.220428e-08      
   3.124558       5.594194         2.273376e-10      
   3.124558       5.894856         -1.374286e-11     
   3.124558       6.218716         6.797642e-14      
   3.124558       6.564900         2.857275e-15      
   3.124558       6.932477         6.012295e-17      
   3.124558       7.320454         2.389947e-18      
   3.124558       7.727785         -9.891068e-21     
   3.124558       8.153374         -6.506502e-23     
   3.124558       8.596072         2.194389e-25      
   3.124558       9.054685         -1.383332e-28     
   3.124558       9.527979         5.120815e-33      
   3.124558       10.014676        5.854455e-36      
   3.124558       10.513464        -5.409357e-40     
   3.124558       11.023000        1.125109e-44      
   3.124558       11.541909        -5.990040e-50     
   3.124558       12.068793        7.822816e-56      
   3.124558       12.602230        -2.041270e-62     
   3.124558       13.140784        -2.958659e-70     
   3.124558       13.683002        1.463334e-76      
   3.124558       14.227422        -3.104308e-84     
   3.124558       14.772578        1.434278e-92      
   3.124558       15.316998       -1.764880e-101     
   3.124558       15.859216        6.549610e-111     
   3.124558       16.397770       -8.286576e-121     
   3.124558       16.931207        4.095389e-131     
   3.124558       17.458091       -9.189029e-142     
   3.124558       17.977000        1.097640e-152     
   3.124558       18.486536       -8.203189e-164     
   3.124558       18.985324       -1.195802e-156     
   3.124558       19.472021       -1.874859e-145     
   3.124558       19.945315       -2.470145e-134     
   3.124558       20.403928       -2.212329e-123     
   3.124558       20.846626       -1.090602e-112     
   3.124558       21.272215       -2.406138e-102     
   3.124558       21.679546        -1.947971e-92     
   3.124558       22.067523        -4.791073e-83     
   3.124558       22.435100        -2.978065e-74     
   3.124558       22.781284        -3.802009e-66     
   3.124558       23.105144        -6.416279e-59     
   3.124558       23.405806        4.147856e-52      
   3.124558       23.682459        2.591540e-45      
   3.124558       23.934358        1.547253e-39      
   3.124558       24.160824        1.471245e-34      
   3.124558       24.361246        2.509168e-30      
   3.124558       24.535084        8.255726e-27      
   3.124558       24.681869        5.581217e-24      
   3.124558       24.801206        8.206102e-22      
   3.124558       24.892773        2.823674e-20      
   3.124558       24.956326        2.075549e-19      
   3.124558       24.991706        8.035801e-19      
   3.208881       0.001580         -7.951520e-10     
   3.208881       0.008319         -4.134818e-09     
   3.208881       0.020424         -9.516404e-09     
   3.208881       0.037866         -1.513462e-08     
   3.208881       0.060596         -7.152428e-09     
   3.208881       0.088555         2.952781e-08      
   3.208881       0.121667         1.294111e-07      
   3.208881       0.159843         3.524062e-07      
   3.208881       0.202979         7.958403e-07      
   3.208881       0.250960         1.607220e-06      
   3.208881       0.303656         3.007783e-06      
   3.208881       0.360925         5.326425e-06      
   3.208881       0.422613         9.050379e-06      
   3.208881       0.488552         1.490345e-05      
   3.208881       0.558567         2.396747e-05      
   3.208881       0.632467         3.787178e-05      
   3.208881       0.710054         5.908708e-05      
   3.208881       0.791119         9.138015e-05      
   3.208881       0.875442         1.405174e-04      
   3.208881       0.962797         2.153560e-04      
   3.208881       1.052948         3.295311e-04      
   3.208881       1.145653         5.040356e-04      
   3.208881       1.240660         7.711012e-04      
   3.208881       1.337714         1.179937e-03      
   3.208881       1.436554         1.805016e-03      
   3.208881       1.536913         2.757626e-03      
   3.208881       1.638520         4.201120e-03      
   3.208881       1.741102         6.369582e-03      
   3.208881       1.844381         9.588189e-03      
   3.208881       1.948080         1.429085e-02      
   3.208881       2.051920         2.102672e-02      
   3.208881       2.155619         3.044301e-02      
   3.208881       2.258898         4.322928e-02      
   3.208881       2.361480         6.000964e-02      
   3.208881       2.463087         8.117920e-02      
   3.208881       2.563446         1.067020e-01      
   3.208881       2.662286         1.359156e-01      
   3.208881       2.759340         1.674089e-01      
   3.208881       2.854347         1.990416e-01      
   3.208881       2.947052         2.281537e-01      
   3.208881       3.037203         2.519535e-01      
   3.208881       3.124558         2.680098e-01      
   3.208881       3.208881         2.747197e-01      
   3.208881       3.289946         2.716248e-01      
   3.208881       3.367533         2.594822e-01      
   3.208881       3.441433         2.400685e-01      
   3.208881       3.511448         2.157769e-01      
   3.208881       3.577387         1.891383e-01      
   3.208881       3.639075         1.624043e-01      
   3.208881       3.696344         1.372854e-01      
   3.208881       3.749040         1.148665e-01      
   3.208881       3.797021         9.566302e-02      
   3.208881       3.840157         7.975387e-02      
   3.208881       3.878333         6.693624e-02      
   3.208881       3.911445         5.686145e-02      
   3.208881       3.939404         4.913605e-02      
   3.208881       3.962134         4.338683e-02      
   3.208881       3.979576         3.929641e-02      
   3.208881       3.991681         3.661917e-02      
   3.208881       3.998420         3.518541e-02      
   3.208881       4.008294         3.315719e-02      
   3.208881       4.043674         2.657638e-02      
   3.208881       4.107227         1.725769e-02      
   3.208881       4.198794         8.532312e-03      
   3.208881       4.318131         2.901652e-03      
   3.208881       4.464916         5.735366e-04      
   3.208881       4.638754         4.556311e-05      
   3.208881       4.839176         -7.878429e-07     
   3.208881       5.065642         -6.696371e-08     
   3.208881       5.317541         1.846014e-08      
   3.208881       5.594194         6.253142e-10      
   3.208881       5.894856         -1.976756e-11     
   3.208881       6.218716         -4.313595e-14     
   3.208881       6.564900         5.954913e-15      
   3.208881       6.932477         9.631926e-17      
   3.208881       7.320454         4.185370e-18      
   3.208881       7.727785         -1.668975e-20     
   3.208881       8.153374         -1.075773e-22     
   3.208881       8.596072         3.507382e-25      
   3.208881       9.054685         -2.058014e-28     
   3.208881       9.527979         -2.112463e-33     
   3.208881       10.014676        1.109240e-35      
   3.208881       10.513464        -9.476391e-40     
   3.208881       11.023000        1.907656e-44      
   3.208881       11.541909        -9.917186e-50     
   3.208881       12.068793        1.261844e-55      
   3.208881       12.602230        -3.120603e-62     
   3.208881       13.140784        -8.689243e-70     
   3.208881       13.683002        2.530950e-76      
   3.208881       14.227422        -5.165905e-84     
   3.208881       14.772578        2.340346e-92      
   3.208881       15.316998       -2.839109e-101     
   3.208881       15.859216        1.041908e-110     
   3.208881       16.397770       -1.307733e-120     
   3.208881       16.931207        6.438497e-131     
   3.208881       17.458091       -1.446072e-141     
   3.208881       17.977000        1.735596e-152     
   3.208881       18.486536       -1.304080e-163     
   3.208881       18.985324       -1.147828e-156     
   3.208881       19.472021       -1.799482e-145     
   3.208881       19.945315       -2.370584e-134     
   3.208881       20.403928       -2.122886e-123     
   3.208881       20.846626       -1.046337e-112     
   3.208881       21.272215       -2.307961e-102     
   3.208881       21.679546        -1.867877e-92     
   3.208881       22.067523        -4.591639e-83     
   3.208881       22.435100        -2.851202e-74     
   3.208881       22.781284        -3.630827e-66     
   3.208881       23.105144        -6.052285e-59     
   3.208881       23.405806        4.109143e-52      
   3.208881       23.682459        2.517483e-45      
   3.208881       23.934358        1.498159e-39      
   3.208881       24.160824        1.422415e-34      
   3.208881       24.361246        2.423179e-30      
   3.208881       24.535084        7.964849e-27      
   3.208881       24.681869        5.379690e-24      
   3.208881       24.801206        7.903527e-22      
   3.208881       24.892773        2.717749e-20      
   3.208881       24.956326        1.996688e-19      
   3.208881       24.991706        7.725784e-19      
   3.289946       0.001580         -3.385484e-08     
   3.289946       0.008319         -1.782631e-07     
   3.289946       0.020424         -4.375160e-07     
   3.289946       0.037866         -8.109229e-07     
   3.289946       0.060596         -1.291342e-06     
   3.289946       0.088555         -1.874270e-06     
   3.289946       0.121667         -2.546455e-06     
   3.289946       0.159843         -3.286115e-06     
   3.289946       0.202979         -4.058641e-06     
   3.289946       0.250960         -4.810763e-06     
   3.289946       0.303656         -5.460773e-06     
   3.289946       0.360925         -5.883380e-06     
   3.289946       0.422613         -5.885854e-06     
   3.289946       0.488552         -5.169909e-06     
   3.289946       0.558567         -3.270717e-06     
   3.289946       0.632467         5.409867e-07      
   3.289946       0.710054         7.415743e-06      
   3.289946       0.791119         1.917654e-05      
   3.289946       0.875442         3.872084e-05      
   3.289946       0.962797         7.066430e-05      
   3.289946       1.052948         1.223693e-04      
   3.289946       1.145653         2.055774e-04      
   3.289946       1.240660         3.389719e-04      
   3.289946       1.337714         5.521391e-04      
   3.289946       1.436554         8.915765e-04      
   3.289946       1.536913         1.429557e-03      
   3.289946       1.638520         2.276706e-03      
   3.289946       1.741102         3.598894e-03      
   3.289946       1.844381         5.638245e-03      
   3.289946       1.948080         8.736269e-03      
   3.289946       2.051920         1.335394e-02      
   3.289946       2.155619         2.007899e-02      
   3.289946       2.258898         2.960602e-02      
   3.289946       2.361480         4.267237e-02      
   3.289946       2.463087         5.993564e-02      
   3.289946       2.563446         8.179149e-02      
   3.289946       2.662286         1.081556e-01      
   3.289946       2.759340         1.382636e-01      
   3.289946       2.854347         1.705634e-01      
   3.289946       2.947052         2.027726e-01      
   3.289946       3.037203         2.321368e-01      
   3.289946       3.124558         2.558625e-01      
   3.289946       3.208881         2.716248e-01      
   3.289946       3.289946         2.780127e-01      
   3.289946       3.367533         2.747861e-01      
   3.289946       3.441433         2.628733e-01      
   3.289946       3.511448         2.441195e-01      
   3.289946       3.577387         2.208693e-01      
   3.289946       3.639075         1.955170e-01      
   3.289946       3.696344         1.701428e-01      
   3.289946       3.749040         1.463043e-01      
   3.289946       3.797021         1.249849e-01      
   3.289946       3.840157         1.066595e-01      
   3.289946       3.878333         9.142005e-02      
   3.289946       3.911445         7.911312e-02      
   3.289946       3.939404         6.945862e-02      
   3.289946       3.962134         6.213813e-02      
   3.289946       3.979576         5.685260e-02      
   3.289946       3.991681         5.335567e-02      
   3.289946       3.998420         5.147006e-02      
   3.289946       4.008294         4.878660e-02      
   3.289946       4.043674         3.993905e-02      
   3.289946       4.107227         2.696782e-02      
   3.289946       4.198794         1.414677e-02      
   3.289946       4.318131         5.236166e-03      
   3.289946       4.464916         1.173914e-03      
   3.289946       4.638754         1.197169e-04      
   3.289946       4.839176         1.120269e-06      
   3.289946       5.065642         -2.135357e-07     
   3.289946       5.317541         2.487578e-08      
   3.289946       5.594194         1.369860e-09      
   3.289946       5.894856         -2.425158e-11     
   3.289946       6.218716         -3.105083e-13     
   3.289946       6.564900         1.116488e-14      
   3.289946       6.932477         1.513356e-16      
   3.289946       7.320454         7.298455e-18      
   3.289946       7.727785         -2.822609e-20     
   3.289946       8.153374         -1.743876e-22     
   3.289946       8.596072         5.504866e-25      
   3.289946       9.054685         -2.965306e-28     
   3.289946       9.527979         -2.134521e-32     
   3.289946       10.014676        2.048283e-35      
   3.289946       10.513464        -1.636804e-39     
   3.289946       11.023000        3.196693e-44      
   3.289946       11.541909        -1.624830e-49     
   3.289946       12.068793        2.017342e-55      
   3.289946       12.602230        -4.741252e-62     
   3.289946       13.140784        -1.921573e-69     
   3.289946       13.683002        4.255462e-76      
   3.289946       14.227422        -8.409608e-84     
   3.289946       14.772578        3.741029e-92      
   3.289946       15.316998       -4.475096e-101     
   3.289946       15.859216        1.623752e-110     
   3.289946       16.397770       -2.021688e-120     
   3.289946       16.931207        9.920664e-131     
   3.289946       17.458091       -2.233120e-141     
   3.289946       17.977000        2.697427e-152     
   3.289946       18.486536       -2.040426e-163     
   3.289946       18.985324       -8.923721e-157     
   3.289946       19.472021       -1.398959e-145     
   3.289946       19.945315       -1.842892e-134     
   3.289946       20.403928       -1.650273e-123     
   3.289946       20.846626       -8.133589e-113     
   3.289946       21.272215       -1.793967e-102     
   3.289946       21.679546        -1.451770e-92     
   3.289946       22.067523        -3.568259e-83     
   3.289946       22.435100        -2.215106e-74     
   3.289946       22.781284        -2.818701e-66     
   3.289946       23.105144        -4.680605e-59     
   3.289946       23.405806        3.226421e-52      
   3.289946       23.682459        1.965196e-45      
   3.289946       23.934358        1.168446e-39      
   3.289946       24.160824        1.108966e-34      
   3.289946       24.361246        1.888710e-30      
   3.289946       24.535084        6.206604e-27      
   3.289946       24.681869        4.191172e-24      
   3.289946       24.801206        6.156155e-22      
   3.289946       24.892773        2.116501e-20      
   3.289946       24.956326        1.554743e-19      
   3.289946       24.991706        6.014492e-19      
   3.367533       0.001580         -3.342614e-08     
   3.367533       0.008319         -1.760199e-07     
   3.367533       0.020424         -4.321804e-07     
   3.367533       0.037866         -8.017268e-07     
   3.367533       0.060596         -1.281325e-06     
   3.367533       0.088555         -1.870554e-06     
   3.367533       0.121667         -2.565753e-06     
   3.367533       0.159843         -3.361543e-06     
   3.367533       0.202979         -4.250070e-06     
   3.367533       0.250960         -5.218630e-06     
   3.367533       0.303656         -6.246330e-06     
   3.367533       0.360925         -7.298190e-06     
   3.367533       0.422613         -8.315019e-06     
   3.367533       0.488552         -9.196444e-06     
   3.367533       0.558567         -9.772679e-06     
   3.367533       0.632467         -9.757716e-06     
   3.367533       0.710054         -8.671415e-06     
   3.367533       0.791119         -5.709611e-06     
   3.367533       0.875442         4.720721e-07      
   3.367533       0.962797         1.211655e-05      
   3.367533       1.052948         3.295702e-05      
   3.367533       1.145653         6.919077e-05      
   3.367533       1.240660         1.310708e-04      
   3.367533       1.337714         2.354745e-04      
   3.367533       1.436554         4.099761e-04      
   3.367533       1.536913         6.991572e-04      
   3.367533       1.638520         1.174101e-03      
   3.367533       1.741102         1.946091e-03      
   3.367533       1.844381         3.185245e-03      
   3.367533       1.948080         5.143861e-03      
   3.367533       2.051920         8.182144e-03      
   3.367533       2.155619         1.279019e-02      
   3.367533       2.258898         1.959489e-02      
   3.367533       2.361480         2.933527e-02      
   3.367533       2.463087         4.278758e-02      
   3.367533       2.563446         6.062621e-02      
   3.367533       2.662286         8.322330e-02      
   3.367533       2.759340         1.104186e-01      
   3.367533       2.854347         1.413236e-01      
   3.367533       2.947052         1.742400e-01      
   3.367533       3.037203         2.067624e-01      
   3.367533       3.124558         2.360879e-01      
   3.367533       3.208881         2.594822e-01      
   3.367533       3.289946         2.747861e-01      
   3.367533       3.367533         2.808172e-01      
   3.367533       3.441433         2.775576e-01      
   3.367533       3.511448         2.660817e-01      
   3.367533       3.577387         2.482621e-01      
   3.367533       3.639075         2.263565e-01      
   3.367533       3.696344         2.025975e-01      
   3.367533       3.749040         1.788851e-01      
   3.367533       3.797021         1.566261e-01      
   3.367533       3.840157         1.367103e-01      
   3.367533       3.878333         1.195810e-01      
   3.367533       3.911445         1.053503e-01      
   3.367533       3.939404         9.392020e-02      
   3.367533       3.962134         8.508536e-02      
   3.367533       3.979576         7.860993e-02      
   3.367533       3.991681         7.427861e-02      
   3.367533       3.998420         7.192680e-02      
   3.367533       4.008294         6.855949e-02      
   3.367533       4.043674         5.727573e-02      
   3.367533       4.107227         4.014519e-02      
   3.367533       4.198794         2.227659e-02      
   3.367533       4.318131         8.922203e-03      
   3.367533       4.464916         2.237420e-03      
   3.367533       4.638754         2.757546e-04      
   3.367533       4.839176         7.977521e-06      
   3.367533       5.065642         -4.310722e-07     
   3.367533       5.317541         2.827230e-08      
   3.367533       5.594194         2.634747e-09      
   3.367533       5.894856         -2.197116e-11     
   3.367533       6.218716         -8.371094e-13     
   3.367533       6.564900         1.928666e-14      
   3.367533       6.932477         2.350359e-16      
   3.367533       7.320454         1.254740e-17      
   3.367533       7.727785         -4.698255e-20     
   3.367533       8.153374         -2.792457e-22     
   3.367533       8.596072         8.513970e-25      
   3.367533       9.054685         -4.151842e-28     
   3.367533       9.527979         -6.218557e-32     
   3.367533       10.014676        3.657891e-35      
   3.367533       10.513464        -2.765435e-39     
   3.367533       11.023000        5.252133e-44      
   3.367533       11.541909        -2.610586e-49     
   3.367533       12.068793        3.157110e-55      
   3.367533       12.602230        -6.976310e-62     
   3.367533       13.140784        -3.994423e-69     
   3.367533       13.683002        7.073632e-76      
   3.367533       14.227422        -1.351594e-83     
   3.367533       14.772578        5.897558e-92      
   3.367533       15.316998       -6.950159e-101     
   3.367533       15.859216        2.491487e-110     
   3.367533       16.397770       -3.076091e-120     
   3.367533       16.931207        1.504946e-130     
   3.367533       17.458091       -3.398669e-141     
   3.367533       17.977000        4.137135e-152     
   3.367533       18.486536       -3.153418e-163     
   3.367533       18.985324       -6.229993e-157     
   3.367533       19.472021       -9.766587e-146     
   3.367533       19.945315       -1.286573e-134     
   3.367533       20.403928       -1.152092e-123     
   3.367533       20.846626       -5.678196e-113     
   3.367533       21.272215       -1.252388e-102     
   3.367533       21.679546        -1.013485e-92     
   3.367533       22.067523        -2.490952e-83     
   3.367533       22.435100        -1.546237e-74     
   3.367533       22.781284        -1.967157e-66     
   3.367533       23.105144        -3.262471e-59     
   3.367533       23.405806        2.260705e-52      
   3.367533       23.682459        1.374389e-45      
   3.367533       23.934358        8.169980e-40      
   3.367533       24.160824        7.753828e-35      
   3.367533       24.361246        1.320566e-30      
   3.367533       24.535084        4.339524e-27      
   3.367533       24.681869        2.930299e-24      
   3.367533       24.801206        4.303986e-22      
   3.367533       24.892773        1.479660e-20      
   3.367533       24.956326        1.086895e-19      
   3.367533       24.991706        4.204233e-19      
   3.441433       0.001580         -2.398146e-08     
   3.441433       0.008319         -1.262887e-07     
   3.441433       0.020424         -3.101240e-07     
   3.441433       0.037866         -5.755066e-07     
   3.441433       0.060596         -9.211056e-07     
   3.441433       0.088555         -1.347730e-06     
   3.441433       0.121667         -1.855493e-06     
   3.441433       0.159843         -2.445058e-06     
   3.441433       0.202979         -3.118195e-06     
   3.441433       0.250960         -3.876946e-06     
   3.441433       0.303656         -4.722945e-06     
   3.441433       0.360925         -5.655689e-06     
   3.441433       0.422613         -6.668982e-06     
   3.441433       0.488552         -7.744381e-06     
   3.441433       0.558567         -8.839514e-06     
   3.441433       0.632467         -9.867562e-06     
   3.441433       0.710054         -1.066136e-05     
   3.441433       0.791119         -1.091074e-05     
   3.441433       0.875442         -1.005357e-05     
   3.441433       0.962797         -7.087698e-06     
   3.441433       1.052948         -2.480422e-07     
   3.441433       1.145653         1.354547e-05      
   3.441433       1.240660         3.962605e-05      
   3.441433       1.337714         8.715739e-05      
   3.441433       1.436554         1.717436e-04      
   3.441433       1.536913         3.196635e-04      
   3.441433       1.638520         5.745705e-04      
   3.441433       1.741102         1.007741e-03      
   3.441433       1.844381         1.733032e-03      
   3.441433       1.948080         2.927390e-03      
   3.441433       2.051920         4.856572e-03      
   3.441433       2.155619         7.903195e-03      
   3.441433       2.258898         1.258974e-02      
   3.441433       2.361480         1.958331e-02      
   3.441433       2.463087         2.966356e-02      
   3.441433       2.563446         4.363410e-02      
   3.441433       2.662286         6.216490e-02      
   3.441433       2.759340         8.557500e-02      
   3.441433       2.854347         1.135969e-01      
   3.441433       2.947052         1.451955e-01      
   3.441433       3.037203         1.785244e-01      
   3.441433       3.124558         2.110818e-01      
   3.441433       3.208881         2.400685e-01      
   3.441433       3.289946         2.628733e-01      
   3.441433       3.367533         2.775576e-01      
   3.441433       3.441433         2.831971e-01      
   3.441433       3.511448         2.799934e-01      
   3.441433       3.577387         2.691391e-01      
   3.441433       3.639075         2.524984e-01      
   3.441433       3.696344         2.322116e-01      
   3.441433       3.749040         2.103330e-01      
   3.441433       3.797021         1.885797e-01      
   3.441433       3.840157         1.682136e-01      
   3.441433       3.878333         1.500393e-01      
   3.441433       3.911445         1.344759e-01      
   3.441433       3.939404         1.216610e-01      
   3.441433       3.962134         1.115559e-01      
   3.441433       3.979576         1.040336e-01      
   3.441433       3.991681         9.894522e-02      
   3.441433       3.998420         9.616263e-02      
   3.441433       4.008294         9.215374e-02      
   3.441433       4.043674         7.849606e-02      
   3.441433       4.107227         5.701650e-02      
   3.441433       4.198794         3.337380e-02      
   3.441433       4.318131         1.439461e-02      
   3.441433       4.464916         3.997272e-03      
   3.441433       4.638754         5.759633e-04      
   3.441433       4.839176         2.615371e-05      
   3.441433       5.065642         -6.272870e-07     
   3.441433       5.317541         2.262956e-08      
   3.441433       5.594194         4.601580e-09      
   3.441433       5.894856         -3.189900e-12     
   3.441433       6.218716         -1.746137e-12     
   3.441433       6.564900         3.089547e-14      
   3.441433       6.932477         3.668562e-16      
   3.441433       7.320454         2.106169e-17      
   3.441433       7.727785         -7.557868e-20     
   3.441433       8.153374         -4.454547e-22     
   3.441433       8.596072         1.303975e-24      
   3.441433       9.054685         -5.697715e-28     
   3.441433       9.527979         -1.377199e-31     
   3.441433       10.014676        6.281941e-35      
   3.441433       10.513464        -4.538754e-39     
   3.441433       11.023000        8.397389e-44      
   3.441433       11.541909        -4.075836e-49     
   3.441433       12.068793        4.771071e-55      
   3.441433       12.602230        -9.588634e-62     
   3.441433       13.140784        -8.343655e-69     
   3.441433       13.683002        1.179337e-75      
   3.441433       14.227422        -2.164735e-83     
   3.441433       14.772578        9.238534e-92      
   3.441433       15.316998       -1.070884e-100     
   3.441433       15.859216        3.789030e-110     
   3.441433       16.397770       -4.636818e-120     
   3.441433       16.931207        2.262085e-130     
   3.441433       17.458091       -5.128641e-141     
   3.441433       17.977000        6.295585e-152     
   3.441433       18.486536       -4.836080e-163     
   3.441433       18.985324       -4.066128e-157     
   3.441433       19.472021       -6.374343e-146     
   3.441433       19.945315       -8.397050e-135     
   3.441433       20.403928       -7.519352e-124     
   3.441433       20.846626       -3.706004e-113     
   3.441433       21.272215       -8.174069e-103     
   3.441433       21.679546        -6.614882e-93     
   3.441433       22.067523        -1.625835e-83     
   3.441433       22.435100        -1.009233e-74     
   3.441433       22.781284        -1.283935e-66     
   3.441433       23.105144        -2.128596e-59     
   3.441433       23.405806        1.477687e-52      
   3.441433       23.682459        8.978695e-46      
   3.441433       23.934358        5.337459e-40      
   3.441433       24.160824        5.065987e-35      
   3.441433       24.361246        8.628619e-31      
   3.441433       24.535084        2.835628e-27      
   3.441433       24.681869        1.914858e-24      
   3.441433       24.801206        2.812586e-22      
   3.441433       24.892773        9.669414e-21      
   3.441433       24.956326        7.102755e-20      
   3.441433       24.991706        2.747278e-19      
   3.511448       0.001580         -1.472732e-08     
   3.511448       0.008319         -7.755702e-08     
   3.511448       0.020424         -1.904749e-07     
   3.511448       0.037866         -3.535541e-07     
   3.511448       0.060596         -5.664200e-07     
   3.511448       0.088555         -8.300010e-07     
   3.511448       0.121667         -1.145519e-06     
   3.511448       0.159843         -1.515198e-06     
   3.511448       0.202979         -1.943120e-06     
   3.511448       0.250960         -2.435015e-06     
   3.511448       0.303656         -2.998506e-06     
   3.511448       0.360925         -3.643013e-06     
   3.511448       0.422613         -4.379011e-06     
   3.511448       0.488552         -5.216155e-06     
   3.511448       0.558567         -6.159293e-06     
   3.511448       0.632467         -7.200608e-06     
   3.511448       0.710054         -8.304668e-06     
   3.511448       0.791119         -9.380608e-06     
   3.511448       0.875442         -1.023103e-05     
   3.511448       0.962797         -1.045915e-05     
   3.511448       1.052948         -9.301466e-06     
   3.511448       1.145653         -5.329183e-06     
   3.511448       1.240660         4.080279e-06      
   3.511448       1.337714         2.366838e-05      
   3.511448       1.436554         6.189265e-05      
   3.511448       1.536913         1.336347e-04      
   3.511448       1.638520         2.646874e-04      
   3.511448       1.741102         4.989744e-04      
   3.511448       1.844381         9.097288e-04      
   3.511448       1.948080         1.615936e-03      
   3.511448       2.051920         2.804909e-03      
   3.511448       2.155619         4.760398e-03      
   3.511448       2.258898         7.892467e-03      
   3.511448       2.361480         1.276022e-02      
   3.511448       2.463087         2.007203e-02      
   3.511448       2.563446         3.064272e-02      
   3.511448       2.662286         4.528776e-02      
   3.511448       2.759340         6.464609e-02      
   3.511448       2.854347         8.894907e-02      
   3.511448       2.947052         1.177881e-01      
   3.511448       3.037203         1.499608e-01      
   3.511448       3.124558         1.834780e-01      
   3.511448       3.208881         2.157769e-01      
   3.511448       3.289946         2.441195e-01      
   3.511448       3.367533         2.660817e-01      
   3.511448       3.441433         2.799934e-01      
   3.511448       3.511448         2.852086e-01      
   3.511448       3.577387         2.821386e-01      
   3.511448       3.639075         2.720655e-01      
   3.511448       3.696344         2.568136e-01      
   3.511448       3.749040         2.383832e-01      
   3.511448       3.797021         2.186426e-01      
   3.511448       3.840157         1.991287e-01      
   3.511448       3.878333         1.809671e-01      
   3.511448       3.911445         1.648856e-01      
   3.511448       3.939404         1.512845e-01      
   3.511448       3.962134         1.403294e-01      
   3.511448       3.979576         1.320408e-01      
   3.511448       3.991681         1.263679e-01      
   3.511448       3.998420         1.232427e-01      
   3.511448       4.008294         1.187113e-01      
   3.511448       4.043674         1.030083e-01      
   3.511448       4.107227         7.740697e-02      
   3.511448       4.198794         4.766457e-02      
   3.511448       4.318131         2.204322e-02      
   3.511448       4.464916         6.724713e-03      
   3.511448       4.638754         1.109229e-03      
   3.511448       4.839176         6.702251e-05      
   3.511448       5.065642         -4.921156e-07     
   3.511448       5.317541         -1.112597e-09     
   3.511448       5.594194         7.396213e-09      
   3.511448       5.894856         4.789931e-11      
   3.511448       6.218716         -3.151095e-12     
   3.511448       6.564900         4.574127e-14      
   3.511448       6.932477         5.866740e-16      
   3.511448       7.320454         3.423971e-17      
   3.511448       7.727785         -1.155898e-19     
   3.511448       8.153374         -7.125585e-22     
   3.511448       8.596072         1.987213e-24      
   3.511448       9.054685         -7.772903e-28     
   3.511448       9.527979         -2.633175e-31     
   3.511448       10.014676        1.033656e-34      
   3.511448       10.513464        -7.197058e-39     
   3.511448       11.023000        1.298259e-43      
   3.511448       11.541909        -6.132402e-49     
   3.511448       12.068793        6.865009e-55      
   3.511448       12.602230        -1.163594e-61     
   3.511448       13.140784        -1.757725e-68     
   3.511448       13.683002        1.986888e-75      
   3.511448       14.227422        -3.477270e-83     
   3.511448       14.772578        1.446795e-91      
   3.511448       15.316998       -1.647032e-100     
   3.511448       15.859216        5.747907e-110     
   3.511448       16.397770       -6.970564e-120     
   3.511448       16.931207        3.391357e-130     
   3.511448       17.458091       -7.720164e-141     
   3.511448       17.977000        9.553876e-152     
   3.511448       18.486536       -7.390165e-163     
   3.511448       18.985324       -2.531980e-157     
   3.511448       19.472021       -3.969301e-146     
   3.511448       19.945315       -5.228843e-135     
   3.511448       20.403928       -4.682315e-124     
   3.511448       20.846626       -2.307751e-113     
   3.511448       21.272215       -5.090096e-103     
   3.511448       21.679546        -4.119233e-93     
   3.511448       22.067523        -1.012464e-83     
   3.511448       22.435100        -6.284973e-75     
   3.511448       22.781284        -7.995663e-67     
   3.511448       23.105144        -1.325278e-59     
   3.511448       23.405806        9.212028e-53      
   3.511448       23.682459        5.595521e-46      
   3.511448       23.934358        3.326491e-40      
   3.511448       24.160824        3.157596e-35      
   3.511448       24.361246        5.378630e-31      
   3.511448       24.535084        1.767704e-27      
   3.511448       24.681869        1.193763e-24      
   3.511448       24.801206        1.753479e-22      
   3.511448       24.892773        6.028381e-21      
   3.511448       24.956326        4.428232e-20      
   3.511448       24.991706        1.712716e-19      
   3.577387       0.001580         -8.078679e-09     
   3.577387       0.008319         -4.254465e-08     
   3.577387       0.020424         -1.044972e-07     
   3.577387       0.037866         -1.940060e-07     
   3.577387       0.060596         -3.110976e-07     
   3.577387       0.088555         -4.564832e-07     
   3.577387       0.121667         -6.314318e-07     
   3.577387       0.159843         -8.380707e-07     
   3.577387       0.202979         -1.080152e-06     
   3.577387       0.250960         -1.363070e-06     
   3.577387       0.303656         -1.694315e-06     
   3.577387       0.360925         -2.083885e-06     
   3.577387       0.422613         -2.544535e-06     
   3.577387       0.488552         -3.091747e-06     
   3.577387       0.558567         -3.742973e-06     
   3.577387       0.632467         -4.515418e-06     
   3.577387       0.710054         -5.420872e-06     
   3.577387       0.791119         -6.454832e-06     
   3.577387       0.875442         -7.574617e-06     
   3.577387       0.962797         -8.656584e-06     
   3.577387       1.052948         -9.414168e-06     
   3.577387       1.145653         -9.243658e-06     
   3.577387       1.240660         -6.938435e-06     
   3.577387       1.337714         -1.665939e-07     
   3.577387       1.436554         1.547050e-05      
   3.577387       1.536913         4.810509e-05      
   3.577387       1.638520         1.124891e-04      
   3.577387       1.741102         2.348586e-04      
   3.577387       1.844381         4.608618e-04      
   3.577387       1.948080         8.679303e-04      
   3.577387       2.051920         1.583505e-03      
   3.577387       2.155619         2.809903e-03      
   3.577387       2.258898         4.854712e-03      
   3.577387       2.361480         8.161746e-03      
   3.577387       2.463087         1.333159e-02      
   3.577387       2.563446         2.111402e-02      
   3.577387       2.662286         3.235040e-02      
   3.577387       2.759340         4.784741e-02      
   3.577387       2.854347         6.818017e-02      
   3.577387       2.947052         9.345304e-02      
   3.577387       3.037203         1.230820e-01      
   3.577387       3.124558         1.556829e-01      
   3.577387       3.208881         1.891383e-01      
   3.577387       3.289946         2.208693e-01      
   3.577387       3.367533         2.482621e-01      
   3.577387       3.441433         2.691391e-01      
   3.577387       3.511448         2.821386e-01      
   3.577387       3.577387         2.869011e-01      
   3.577387       3.639075         2.840307e-01      
   3.577387       3.696344         2.748699e-01      
   3.577387       3.749040         2.611762e-01      
   3.577387       3.797021         2.447958e-01      
   3.577387       3.840157         2.274093e-01      
   3.577387       3.878333         2.103809e-01      
   3.577387       3.911445         1.947092e-01      
   3.577387       3.939404         1.810526e-01      
   3.577387       3.962134         1.697953e-01      
   3.577387       3.979576         1.611278e-01      
   3.577387       3.991681         1.551214e-01      
   3.577387       3.998420         1.517868e-01      
   3.577387       4.008294         1.469189e-01      
   3.577387       4.043674         1.297465e-01      
   3.577387       4.107227         1.006923e-01      
   3.577387       4.198794         6.504779e-02      
   3.577387       4.318131         3.212170e-02      
   3.577387       4.464916         1.069219e-02      
   3.577387       4.638754         1.988953e-03      
   3.577387       4.839176         1.486716e-04      
   3.577387       5.065642         7.014368e-07      
   3.577387       5.317541         -5.329430e-08     
   3.577387       5.594194         1.098741e-08      
   3.577387       5.894856         1.540051e-10      
   3.577387       6.218716         -5.099374e-12     
   3.577387       6.564900         6.182871e-14      
   3.577387       6.932477         9.713630e-16      
   3.577387       7.320454         5.359158e-17      
   3.577387       7.727785         -1.655747e-19     
   3.577387       8.153374         -1.144816e-21     
   3.577387       8.596072         3.021503e-24      
   3.577387       9.054685         -1.071966e-27     
   3.577387       9.527979         -4.539282e-31     
   3.577387       10.014676        1.626448e-34      
   3.577387       10.513464        -1.098463e-38     
   3.577387       11.023000        1.931416e-43      
   3.577387       11.541909        -8.828701e-49     
   3.577387       12.068793        9.264657e-55      
   3.577387       12.602230        -1.093908e-61     
   3.577387       13.140784        -3.646440e-68     
   3.577387       13.683002        3.373767e-75      
   3.577387       14.227422        -5.605588e-83     
   3.577387       14.772578        2.269339e-91      
   3.577387       15.316998       -2.535634e-100     
   3.577387       15.859216        8.728974e-110     
   3.577387       16.397770       -1.049414e-119     
   3.577387       16.931207        5.092718e-130     
   3.577387       17.458091       -1.163504e-140     
   3.577387       17.977000        1.449733e-151     
   3.577387       18.486536       -1.127287e-162     
   3.577387       18.985324       -1.521344e-157     
   3.577387       19.472021       -2.384950e-146     
   3.577387       19.945315       -3.141736e-135     
   3.577387       20.403928       -2.813353e-124     
   3.577387       20.846626       -1.386605e-113     
   3.577387       21.272215       -3.058377e-103     
   3.577387       21.679546        -2.475045e-93     
   3.577387       22.067523        -6.083406e-84     
   3.577387       22.435100        -3.776290e-75     
   3.577387       22.781284        -4.803769e-67     
   3.577387       23.105144        -7.957482e-60     
   3.577387       23.405806        5.546083e-53      
   3.577387       23.682459        3.365793e-46      
   3.577387       23.934358        2.000848e-40      
   3.577387       24.160824        1.899341e-35      
   3.577387       24.361246        3.235481e-31      
   3.577387       24.535084        1.063387e-27      
   3.577387       24.681869        7.181369e-25      
   3.577387       24.801206        1.054852e-22      
   3.577387       24.892773        3.626500e-21      
   3.577387       24.956326        2.663872e-20      
   3.577387       24.991706        1.030245e-19      
   3.639075       0.001580         -3.947549e-09     
   3.639075       0.008319         -2.078934e-08     
   3.639075       0.020424         -5.106880e-08     
   3.639075       0.037866         -9.483678e-08     
   3.639075       0.060596         -1.522550e-07     
   3.639075       0.088555         -2.237857e-07     
   3.639075       0.121667         -3.104260e-07     
   3.639075       0.159843         -4.137684e-07     
   3.639075       0.202979         -5.365804e-07     
   3.639075       0.250960         -6.828848e-07     
   3.639075       0.303656         -8.583705e-07     
   3.639075       0.360925         -1.070858e-06     
   3.639075       0.422613         -1.330794e-06     
   3.639075       0.488552         -1.651780e-06     
   3.639075       0.558567         -2.050976e-06     
   3.639075       0.632467         -2.549126e-06     
   3.639075       0.710054         -3.169581e-06     
   3.639075       0.791119         -3.935069e-06     
   3.639075       0.875442         -4.859661e-06     
   3.639075       0.962797         -5.930896e-06     
   3.639075       1.052948         -7.072263e-06     
   3.639075       1.145653         -8.067470e-06     
   3.639075       1.240660         -8.411822e-06     
   3.639075       1.337714         -7.026635e-06     
   3.639075       1.436554         -1.720555e-06     
   3.639075       1.536913         1.180681e-05      
   3.639075       1.638520         4.176649e-05      
   3.639075       1.741102         1.034538e-04      
   3.639075       1.844381         2.246671e-04      
   3.639075       1.948080         4.546089e-04      
   3.639075       2.051920         8.777926e-04      
   3.639075       2.155619         1.634417e-03      
   3.639075       2.258898         2.947739e-03      
   3.639075       2.361480         5.156484e-03      
   3.639075       2.463087         8.745556e-03      
   3.639075       2.563446         1.436168e-02      
   3.639075       2.662286         2.279391e-02      
   3.639075       2.759340         3.489663e-02      
   3.639075       2.854347         5.144010e-02      
   3.639075       2.947052         7.289596e-02      
   3.639075       3.037203         9.919913e-02      
   3.639075       3.124558         1.295591e-01      
   3.639075       3.208881         1.624043e-01      
   3.639075       3.289946         1.955170e-01      
   3.639075       3.367533         2.263565e-01      
   3.639075       3.441433         2.524984e-01      
   3.639075       3.511448         2.720655e-01      
   3.639075       3.577387         2.840307e-01      
   3.639075       3.639075         2.883181e-01      
   3.639075       3.696344         2.857006e-01      
   3.639075       3.749040         2.775516e-01      
   3.639075       3.797021         2.655403e-01      
   3.639075       3.840157         2.513505e-01      
   3.639075       3.878333         2.364786e-01      
   3.639075       3.911445         2.221255e-01      
   3.639075       3.939404         2.091721e-01      
   3.639075       3.962134         1.982108e-01      
   3.639075       3.979576         1.896063e-01      
   3.639075       3.991681         1.835621e-01      
   3.639075       3.998420         1.801781e-01      
   3.639075       4.008294         1.752024e-01      
   3.639075       4.043674         1.573133e-01      
   3.639075       4.107227         1.258512e-01      
   3.639075       4.198794         8.505239e-02      
   3.639075       4.318131         4.466358e-02      
   3.639075       4.464916         1.612029e-02      
   3.639075       4.638754         3.342205e-03      
   3.639075       4.839176         2.966770e-04      
   3.639075       5.065642         4.346001e-06      
   3.639075       5.317541         -1.402578e-07     
   3.639075       5.594194         1.506406e-08      
   3.639075       5.894856         3.439065e-10      
   3.639075       6.218716         -7.492256e-12     
   3.639075       6.564900         7.434852e-14      
   3.639075       6.932477         1.653440e-15      
   3.639075       7.320454         8.046846e-17      
   3.639075       7.727785         -2.186759e-19     
   3.639075       8.153374         -1.838720e-21     
   3.639075       8.596072         4.578731e-24      
   3.639075       9.054685         -1.513238e-27     
   3.639075       9.527979         -7.203945e-31     
   3.639075       10.014676        2.446438e-34      
   3.639075       10.513464        -1.610377e-38     
   3.639075       11.023000        2.756089e-43      
   3.639075       11.541909        -1.209212e-48     
   3.639075       12.068793        1.151313e-54      
   3.639075       12.602230        -3.566660e-62     
   3.639075       13.140784        -7.265540e-68     
   3.639075       13.683002        5.709964e-75      
   3.639075       14.227422        -9.016109e-83     
   3.639075       14.772578        3.552367e-91      
   3.639075       15.316998       -3.898763e-100     
   3.639075       15.859216        1.325419e-109     
   3.639075       16.397770       -1.581274e-119     
   3.639075       16.931207        7.656968e-130     
   3.639075       17.458091       -1.754206e-140     
   3.639075       17.977000        2.196549e-151     
   3.639075       18.486536       -1.713233e-162     
   3.639075       18.985324       -8.870838e-158     
   3.639075       19.472021       -1.390631e-146     
   3.639075       19.945315       -1.831883e-135     
   3.639075       20.403928       -1.640392e-124     
   3.639075       20.846626       -8.084830e-114     
   3.639075       21.272215       -1.783210e-103     
   3.639075       21.679546        -1.443063e-93     
   3.639075       22.067523        -3.546761e-84     
   3.639075       22.435100        -2.201467e-75     
   3.639075       22.781284        -2.799724e-67     
   3.639075       23.105144        -4.630947e-60     
   3.639075       23.405806        3.246906e-53      
   3.639075       23.682459        1.966196e-46      
   3.639075       23.934358        1.168514e-40      
   3.639075       24.160824        1.109153e-35      
   3.639075       24.361246        1.889339e-31      
   3.639075       24.535084        6.209304e-28      
   3.639075       24.681869        4.193104e-25      
   3.639075       24.801206        6.158781e-23      
   3.639075       24.892773        2.117217e-21      
   3.639075       24.956326        1.555143e-20      
   3.639075       24.991706        6.013847e-20      
   3.696344       0.001580         -1.614578e-09     
   3.696344       0.008319         -8.503299e-09     
   3.696344       0.020424         -2.089330e-08     
   3.696344       0.037866         -3.881733e-08     
   3.696344       0.060596         -6.245826e-08     
   3.696344       0.088555         -9.208769e-08     
   3.696344       0.121667         -1.284044e-07     
   3.696344       0.159843         -1.724778e-07     
   3.696344       0.202979         -2.261510e-07     
   3.696344       0.250960         -2.921211e-07     
   3.696344       0.303656         -3.742463e-07     
   3.696344       0.360925         -4.779274e-07     
   3.696344       0.422613         -6.105729e-07     
   3.696344       0.488552         -7.821863e-07     
   3.696344       0.558567         -1.006058e-06     
   3.696344       0.632467         -1.299506e-06     
   3.696344       0.710054         -1.684448e-06     
   3.696344       0.791119         -2.187302e-06     
   3.696344       0.875442         -2.837072e-06     
   3.696344       0.962797         -3.659157e-06     
   3.696344       1.052948         -4.659874e-06     
   3.696344       1.145653         -5.791546e-06     
   3.696344       1.240660         -6.878360e-06     
   3.696344       1.337714         -7.464760e-06     
   3.696344       1.436554         -6.514345e-06     
   3.696344       1.536913         -1.826608e-06     
   3.696344       1.638520         1.106511e-05      
   3.696344       1.741102         4.092046e-05      
   3.696344       1.844381         1.044073e-04      
   3.696344       1.948080         2.323193e-04      
   3.696344       2.051920         4.797990e-04      
   3.696344       2.155619         9.422230e-04      
   3.696344       2.258898         1.778142e-03      
   3.696344       2.361480         3.239268e-03      
   3.696344       2.463087         5.704192e-03      
   3.696344       2.563446         9.706802e-03      
   3.696344       2.662286         1.594324e-02      
   3.696344       2.759340         2.523540e-02      
   3.696344       2.854347         3.842983e-02      
   3.696344       2.947052         5.622411e-02      
   3.696344       3.037203         7.894043e-02      
   3.696344       3.124558         1.063011e-01      
   3.696344       3.208881         1.372854e-01      
   3.696344       3.289946         1.701428e-01      
   3.696344       3.367533         2.025975e-01      
   3.696344       3.441433         2.322116e-01      
   3.696344       3.511448         2.568136e-01      
   3.696344       3.577387         2.748699e-01      
   3.696344       3.639075         2.857006e-01      
   3.696344       3.696344         2.894978e-01      
   3.696344       3.749040         2.871732e-01      
   3.696344       3.797021         2.801022e-01      
   3.696344       3.840157         2.698476e-01      
   3.696344       3.878333         2.579272e-01      
   3.696344       3.911445         2.456593e-01      
   3.696344       3.939404         2.340909e-01      
   3.696344       3.962134         2.239904e-01      
   3.696344       3.979576         2.158823e-01      
   3.696344       3.991681         2.100988e-01      
   3.696344       3.998420         2.068302e-01      
   3.696344       4.008294         2.019856e-01      
   3.696344       4.043674         1.842027e-01      
   3.696344       4.107227         1.516120e-01      
   3.696344       4.198794         1.068745e-01      
   3.696344       4.318131         5.943268e-02      
   3.696344       4.464916         2.311963e-02      
   3.696344       4.638754         5.289263e-03      
   3.696344       4.839176         5.428497e-04      
   3.696344       5.065642         1.271582e-05      
   3.696344       5.317541         -2.546547e-07     
   3.696344       5.594194         1.893550e-08      
   3.696344       5.894856         6.490805e-10      
   3.696344       6.218716         -1.000000e-11     
   3.696344       6.564900         7.489926e-14      
   3.696344       6.932477         2.832489e-15      
   3.696344       7.320454         1.157429e-16      
   3.696344       7.727785         -2.607655e-19     
   3.696344       8.153374         -2.924387e-21     
   3.696344       8.596072         6.880603e-24      
   3.696344       9.054685         -2.187889e-27     
   3.696344       9.527979         -1.066238e-30     
   3.696344       10.014676        3.521446e-34      
   3.696344       10.513464        -2.266629e-38     
   3.696344       11.023000        3.766610e-43      
   3.696344       11.541909        -1.568433e-48     
   3.696344       12.068793        1.280987e-54      
   3.696344       12.602230        1.637503e-61      
   3.696344       13.140784        -1.368406e-67     
   3.696344       13.683002        9.493046e-75      
   3.696344       14.227422        -1.432238e-82     
   3.696344       14.772578        5.505003e-91      
   3.696344       15.316998       -5.946133e-100     
   3.696344       15.859216        1.999947e-109     
   3.696344       16.397770       -2.371297e-119     
   3.696344       16.931207        1.146318e-129     
   3.696344       17.458091       -2.631210e-140     
   3.696344       17.977000        3.304539e-151     
   3.696344       18.486536       -2.580064e-162     
   3.696344       18.985324       -5.024225e-158     
   3.696344       19.472021       -7.876022e-147     
   3.696344       19.945315       -1.037486e-135     
   3.696344       20.403928       -9.290082e-125     
   3.696344       20.846626       -4.578548e-114     
   3.696344       21.272215       -1.009810e-103     
   3.696344       21.679546        -8.171337e-94     
   3.696344       22.067523        -2.008128e-84     
   3.696344       22.435100        -1.246163e-75     
   3.696344       22.781284        -1.583881e-67     
   3.696344       23.105144        -2.611878e-60     
   3.696344       23.405806        1.853079e-53      
   3.696344       23.682459        1.117164e-46      
   3.696344       23.934358        6.634788e-41      
   3.696344       24.160824        6.296005e-36      
   3.696344       24.361246        1.072257e-31      
   3.696344       24.535084        3.523324e-28      
   3.696344       24.681869        2.378856e-25      
   3.696344       24.801206        3.493456e-23      
   3.696344       24.892773        1.200774e-21      
   3.696344       24.956326        8.818949e-21      
   3.696344       24.991706        3.409753e-20      
   3.749040       0.001580         -3.989405e-10     
   3.749040       0.008319         -2.101346e-09     
   3.749040       0.020424         -5.168179e-09     
   3.749040       0.037866         -9.618994e-09     
   3.749040       0.060596         -1.561605e-08     
   3.749040       0.088555         -2.330609e-08     
   3.749040       0.121667         -3.315088e-08     
   3.749040       0.159843         -4.582659e-08     
   3.749040       0.202979         -6.249016e-08     
   3.749040       0.250960         -8.484304e-08     
   3.749040       0.303656         -1.153403e-07     
   3.749040       0.360925         -1.574685e-07     
   3.749040       0.422613         -2.161080e-07     
   3.749040       0.488552         -2.980269e-07     
   3.749040       0.558567         -4.125329e-07     
   3.749040       0.632467         -5.723093e-07     
   3.749040       0.710054         -7.943993e-07     
   3.749040       0.791119         -1.101183e-06     
   3.749040       0.875442         -1.520885e-06     
   3.749040       0.962797         -2.086513e-06     
   3.749040       1.052948         -2.830732e-06     
   3.749040       1.145653         -3.771328e-06     
   3.749040       1.240660         -4.876118e-06     
   3.749040       1.337714         -5.984876e-06     
   3.749040       1.436554         -6.644165e-06     
   3.749040       1.536913         -5.770395e-06     
   3.749040       1.638520         -9.832260e-07     
   3.749040       1.741102         1.267444e-05      
   3.749040       1.844381         4.511712e-05      
   3.749040       1.948080         1.154889e-04      
   3.749040       2.051920         2.595140e-04      
   3.749040       2.155619         5.415081e-04      
   3.749040       2.258898         1.072774e-03      
   3.749040       2.361480         2.037495e-03      
   3.749040       2.463087         3.725166e-03      
   3.749040       2.563446         6.564230e-03      
   3.749040       2.662286         1.114503e-02      
   3.749040       2.759340         1.821297e-02      
   3.749040       2.854347         2.860921e-02      
   3.749040       2.947052         4.314176e-02      
   3.749040       3.037203         6.238959e-02      
   3.749040       3.124558         8.647441e-02      
   3.749040       3.208881         1.148665e-01      
   3.749040       3.289946         1.463043e-01      
   3.749040       3.367533         1.788851e-01      
   3.749040       3.441433         2.103330e-01      
   3.749040       3.511448         2.383832e-01      
   3.749040       3.577387         2.611762e-01      
   3.749040       3.639075         2.775516e-01      
   3.749040       3.696344         2.871732e-01      
   3.749040       3.749040         2.904737e-01      
   3.749040       3.797021         2.884686e-01      
   3.749040       3.840157         2.825063e-01      
   3.749040       3.878333         2.740290e-01      
   3.749040       3.911445         2.643869e-01      
   3.749040       3.939404         2.547267e-01      
   3.749040       3.962134         2.459470e-01      
   3.749040       3.979576         2.387039e-01      
   3.749040       3.991681         2.334425e-01      
   3.749040       3.998420         2.304364e-01      
   3.749040       4.008294         2.259396e-01      
   3.749040       4.043674         2.090420e-01      
   3.749040       4.107227         1.766542e-01      
   3.749040       4.198794         1.294890e-01      
   3.749040       4.318131         7.592671e-02      
   3.749040       4.464916         3.164397e-02      
   3.749040       4.638754         7.916155e-03      
   3.749040       4.839176         9.210769e-04      
   3.749040       5.065642         2.900353e-05      
   3.749040       5.317541         -3.627226e-07     
   3.749040       5.594194         2.152397e-08      
   3.749040       5.894856         1.097489e-09      
   3.749040       6.218716         -1.200850e-11     
   3.749040       6.564900         5.164327e-14      
   3.749040       6.932477         4.765764e-15      
   3.749040       7.320454         1.595578e-16      
   3.749040       7.727785         -2.705337e-19     
   3.749040       8.153374         -4.554441e-21     
   3.749040       8.596072         1.017497e-23      
   3.749040       9.054685         -3.199867e-27     
   3.749040       9.527979         -1.486787e-30     
   3.749040       10.014676        4.861745e-34      
   3.749040       10.513464        -3.066003e-38     
   3.749040       11.023000        4.930667e-43      
   3.749040       11.541909        -1.919875e-48     
   3.749040       12.068793        1.205114e-54      
   3.749040       12.602230        5.630005e-61      
   3.749040       13.140784        -2.418017e-67     
   3.749040       13.683002        1.529944e-74      
   3.749040       14.227422        -2.222089e-82     
   3.749040       14.772578        8.361688e-91      
   3.749040       15.316998       -8.911388e-100     
   3.749040       15.859216        2.971727e-109     
   3.749040       16.397770       -3.507335e-119     
   3.749040       16.931207        1.693679e-129     
   3.749040       17.458091       -3.892563e-140     
   3.749040       17.977000        4.896003e-151     
   3.749040       18.486536       -3.820927e-162     
   3.749040       18.985324       -2.749895e-158     
   3.749040       19.472021       -4.310580e-147     
   3.749040       19.945315       -5.677926e-136     
   3.749040       20.403928       -5.083954e-125     
   3.749040       20.846626       -2.505402e-114     
   3.749040       21.272215       -5.525171e-104     
   3.749040       21.679546        -4.470290e-94     
   3.749040       22.067523        -1.098323e-84     
   3.749040       22.435100        -6.812609e-76     
   3.749040       22.781284        -8.648745e-68     
   3.749040       23.105144        -1.417829e-60     
   3.749040       23.405806        1.028541e-53      
   3.749040       23.682459        6.148797e-47      
   3.749040       23.934358        3.646633e-41      
   3.749040       24.160824        3.458257e-36      
   3.749040       24.361246        5.886941e-32      
   3.749040       24.535084        1.933566e-28      
   3.749040       24.681869        1.304975e-25      
   3.749040       24.801206        1.915734e-23      
   3.749040       24.892773        6.582767e-22      
   3.749040       24.956326        4.833514e-21      
   3.749040       24.991706        1.868263e-20      
   3.797021       0.001580         1.811642e-10      
   3.797021       0.008319         9.537354e-10      
   3.797021       0.020424         2.336943e-09      
   3.797021       0.037866         4.319816e-09      
   3.797021       0.060596         6.770905e-09      
   3.797021       0.088555         9.618617e-09      
   3.797021       0.121667         1.256753e-08      
   3.797021       0.159843         1.520633e-08      
   3.797021       0.202979         1.683678e-08      
   3.797021       0.250960         1.642816e-08      
   3.797021       0.303656         1.248124e-08      
   3.797021       0.360925         2.837436e-09      
   3.797021       0.422613         -1.558288e-08     
   3.797021       0.488552         -4.715440e-08     
   3.797021       0.558567         -9.807030e-08     
   3.797021       0.632467         -1.770663e-07     
   3.797021       0.710054         -2.963796e-07     
   3.797021       0.791119         -4.729405e-07     
   3.797021       0.875442         -7.296609e-07     
   3.797021       0.962797         -1.096381e-06     
   3.797021       1.052948         -1.609314e-06     
   3.797021       1.145653         -2.306222e-06     
   3.797021       1.240660         -3.211190e-06     
   3.797021       1.337714         -4.295896e-06     
   3.797021       1.436554         -5.390496e-06     
   3.797021       1.536913         -5.990274e-06     
   3.797021       1.638520         -4.853476e-06     
   3.797021       1.741102         8.057198e-07      
   3.797021       1.844381         1.688097e-05      
   3.797021       1.948080         5.529466e-05      
   3.797021       2.051920         1.392342e-04      
   3.797021       2.155619         3.120946e-04      
   3.797021       2.258898         6.518680e-04      
   3.797021       2.361480         1.292633e-03      
   3.797021       2.463087         2.453636e-03      
   3.797021       2.563446         4.473402e-03      
   3.797021       2.662286         7.840803e-03      
   3.797021       2.759340         1.320781e-02      
   3.797021       2.854347         2.136252e-02      
   3.797021       2.947052         3.314121e-02      
   3.797021       3.037203         4.927021e-02      
   3.797021       3.124558         7.015448e-02      
   3.797021       3.208881         9.566302e-02      
   3.797021       3.289946         1.249849e-01      
   3.797021       3.367533         1.566261e-01      
   3.797021       3.441433         1.885797e-01      
   3.797021       3.511448         2.186426e-01      
   3.797021       3.577387         2.447958e-01      
   3.797021       3.639075         2.655403e-01      
   3.797021       3.696344         2.801022e-01      
   3.797021       3.749040         2.884686e-01      
   3.797021       3.797021         2.912754e-01      
   3.797021       3.840157         2.896025e-01      
   3.797021       3.878333         2.847439e-01      
   3.797021       3.911445         2.780080e-01      
   3.797021       3.939404         2.705769e-01      
   3.797021       3.962134         2.634290e-01      
   3.797021       3.979576         2.573159e-01      
   3.797021       3.991681         2.527722e-01      
   3.797021       3.998420         2.501412e-01      
   3.797021       4.008294         2.461614e-01      
   3.797021       4.043674         2.307892e-01      
   3.797021       4.107227         1.998102e-01      
   3.797021       4.198794         1.518050e-01      
   3.797021       4.318131         9.343596e-02      
   3.797021       4.464916         4.146914e-02      
   3.797021       4.638754         1.124636e-02      
   3.797021       4.839176         1.460172e-03      
   3.797021       5.065642         5.700562e-05      
   3.797021       5.317541         -3.936824e-07     
   3.797021       5.594194         2.151597e-08      
   3.797021       5.894856         1.705360e-09      
   3.797021       6.218716         -1.264427e-11     
   3.797021       6.564900         -9.019845e-15     
   3.797021       6.932477         7.726205e-15      
   3.797021       7.320454         2.112566e-16      
   3.797021       7.727785         -2.226937e-19     
   3.797021       8.153374         -6.876031e-21     
   3.797021       8.596072         1.468437e-23      
   3.797021       9.054685         -4.644595e-27     
   3.797021       9.527979         -1.971662e-30     
   3.797021       10.014676        6.458606e-34      
   3.797021       10.513464        -3.994440e-38     
   3.797021       11.023000        6.193066e-43      
   3.797021       11.541909        -2.212165e-48     
   3.797021       12.068793        8.014258e-55      
   3.797021       12.602230        1.238227e-60      
   3.797021       13.140784        -4.000226e-67     
   3.797021       13.683002        2.367223e-74      
   3.797021       14.227422        -3.335064e-82     
   3.797021       14.772578        1.233344e-90      
   3.797021       15.316998        -1.300228e-99     
   3.797021       15.859216        4.307355e-109     
   3.797021       16.397770       -5.067397e-119     
   3.797021       16.931207        2.445910e-129     
   3.797021       17.458091       -5.627072e-140     
   3.797021       17.977000        7.082442e-151     
   3.797021       18.486536       -5.520617e-162     
   3.797021       18.985324       -1.431686e-158     
   3.797021       19.472021       -2.244048e-147     
   3.797021       19.945315       -2.955591e-136     
   3.797021       20.403928       -2.646092e-125     
   3.797021       20.846626       -1.303811e-114     
   3.797021       21.272215       -2.874706e-104     
   3.797021       21.679546        -2.325160e-94     
   3.797021       22.067523        -5.709994e-85     
   3.797021       22.435100        -3.538478e-76     
   3.797021       22.781284        -4.481788e-68     
   3.797021       23.105144        -7.262542e-61     
   3.797021       23.405806        5.496514e-54      
   3.797021       23.682459        3.234242e-47      
   3.797021       23.934358        1.912811e-41      
   3.797021       24.160824        1.811635e-36      
   3.797021       24.361246        3.080899e-32      
   3.797021       24.535084        1.011023e-28      
   3.797021       24.681869        6.817881e-26      
   3.797021       24.801206        1.000158e-23      
   3.797021       24.892773        3.434602e-22      
   3.797021       24.956326        2.520752e-21      
   3.797021       24.991706        9.737914e-21      
   3.840157       0.001580         4.241457e-10      
   3.840157       0.008319         2.233422e-09      
   3.840157       0.020424         5.481323e-09      
   3.840157       0.037866         1.016211e-08      
   3.840157       0.060596         1.617323e-08      
   3.840157       0.088555         2.348584e-08      
   3.840157       0.121667         3.191424e-08      
   3.840157       0.159843         4.121542e-08      
   3.840157       0.202979         5.098106e-08      
   3.840157       0.250960         6.060624e-08      
   3.840157       0.303656         6.920341e-08      
   3.840157       0.360925         7.547480e-08      
   3.840157       0.422613         7.752965e-08      
   3.840157       0.488552         7.261343e-08      
   3.840157       0.558567         5.671325e-08      
   3.840157       0.632467         2.398711e-08      
   3.840157       0.710054         -3.403977e-08     
   3.840157       0.791119         -1.295678e-07     
   3.840157       0.875442         -2.799157e-07     
   3.840157       0.962797         -5.090898e-07     
   3.840157       1.052948         -8.490411e-07     
   3.840157       1.145653         -1.339243e-06     
   3.840157       1.240660         -2.021239e-06     
   3.840157       1.337714         -2.920537e-06     
   3.840157       1.436554         -3.999369e-06     
   3.840157       1.536913         -5.045869e-06     
   3.840157       1.638520         -5.430060e-06     
   3.840157       1.741102         -3.591074e-06     
   3.840157       1.844381         3.997798e-06      
   3.840157       1.948080         2.483741e-05      
   3.840157       2.051920         7.414132e-05      
   3.840157       2.155619         1.814748e-04      
   3.840157       2.258898         4.019019e-04      
   3.840157       2.361480         8.334632e-04      
   3.840157       2.463087         1.642291e-03      
   3.840157       2.563446         3.094662e-03      
   3.840157       2.662286         5.590979e-03      
   3.840157       2.759340         9.690123e-03      
   3.840157       2.854347         1.610551e-02      
   3.840157       2.947052         2.565075e-02      
   3.840157       3.037203         3.911863e-02      
   3.840157       3.124558         5.709678e-02      
   3.840157       3.208881         7.975387e-02      
   3.840157       3.289946         1.066595e-01      
   3.840157       3.367533         1.367103e-01      
   3.840157       3.441433         1.682136e-01      
   3.840157       3.511448         1.991287e-01      
   3.840157       3.577387         2.274093e-01      
   3.840157       3.639075         2.513505e-01      
   3.840157       3.696344         2.698476e-01      
   3.840157       3.749040         2.825063e-01      
   3.840157       3.797021         2.896025e-01      
   3.840157       3.840157         2.919284e-01      
   3.840157       3.878333         2.905871e-01      
   3.840157       3.911445         2.867911e-01      
   3.840157       3.939404         2.817036e-01      
   3.840157       3.962134         2.763359e-01      
   3.840157       3.979576         2.714980e-01      
   3.840157       3.991681         2.677879e-01      
   3.840157       3.998420         2.656015e-01      
   3.840157       4.008294         2.622469e-01      
   3.840157       4.043674         2.488411e-01      
   3.840157       4.107227         2.202155e-01      
   3.840157       4.198794         1.728230e-01      
   3.840157       4.318131         1.111410e-01      
   3.840157       4.464916         5.220535e-02      
   3.840157       4.638754         1.521950e-02      
   3.840157       4.839176         2.174859e-03      
   3.840157       5.065642         1.003461e-04      
   3.840157       5.317541         -2.399077e-07     
   3.840157       5.594194         1.769045e-08      
   3.840157       5.894856         2.469112e-09      
   3.840157       6.218716         -1.091521e-11     
   3.840157       6.564900         -1.191459e-13     
   3.840157       6.932477         1.192703e-14      
   3.840157       7.320454         2.695114e-16      
   3.840157       7.727785         -9.436795e-20     
   3.840157       8.153374         -9.987537e-21     
   3.840157       8.596072         2.053206e-23      
   3.840157       9.054685         -6.572198e-27     
   3.840157       9.527979         -2.509533e-30     
   3.840157       10.014676        8.286122e-34      
   3.840157       10.513464        -5.027322e-38     
   3.840157       11.023000        7.487137e-43      
   3.840157       11.541909        -2.395385e-48     
   3.840157       12.068793        -3.263166e-56     
   3.840157       12.602230        2.246578e-60      
   3.840157       13.140784        -6.200630e-67     
   3.840157       13.683002        3.495628e-74      
   3.840157       14.227422        -4.809143e-82     
   3.840157       14.772578        1.753890e-90      
   3.840157       15.316998        -1.833088e-99     
   3.840157       15.859216        6.042017e-109     
   3.840157       16.397770       -7.092954e-119     
   3.840157       16.931207        3.423901e-129     
   3.840157       17.458091       -7.885321e-140     
   3.840157       17.977000        9.929188e-151     
   3.840157       18.486536       -7.729028e-162     
   3.840157       18.985324       -6.803421e-159     
   3.840157       19.472021       -1.066194e-147     
   3.840157       19.945315       -1.403970e-136     
   3.840157       20.403928       -1.256625e-125     
   3.840157       20.846626       -6.189707e-115     
   3.840157       21.272215       -1.364113e-104     
   3.840157       21.679546        -1.102605e-94     
   3.840157       22.067523        -2.704793e-85     
   3.840157       22.435100        -1.672741e-76     
   3.840157       22.781284        -2.107948e-68     
   3.840157       23.105144        -3.328924e-61     
   3.840157       23.405806        2.755262e-54      
   3.840157       23.682459        1.569786e-47      
   3.840157       23.934358        9.229471e-42      
   3.840157       24.160824        8.716329e-37      
   3.840157       24.361246        1.479095e-32      
   3.840157       24.535084        4.844246e-29      
   3.840157       24.681869        3.260861e-26      
   3.840157       24.801206        4.775996e-24      
   3.840157       24.892773        1.637923e-22      
   3.840157       24.956326        1.200911e-21      
   3.840157       24.991706        4.633927e-21      
   3.878333       0.001580         5.002561e-10      
   3.878333       0.008319         2.634301e-09      
   3.878333       0.020424         6.466963e-09      
   3.878333       0.037866         1.199557e-08      
   3.878333       0.060596         1.914091e-08      
   3.878333       0.088555         2.789740e-08      
   3.878333       0.121667         3.814929e-08      
   3.878333       0.159843         4.975697e-08      
   3.878333       0.202979         6.248935e-08      
   3.878333       0.250960         7.600264e-08      
   3.878333       0.303656         8.978672e-08      
   3.878333       0.360925         1.030806e-07      
   3.878333       0.422613         1.147462e-07      
   3.878333       0.488552         1.230749e-07      
   3.878333       0.558567         1.254969e-07      
   3.878333       0.632467         1.181467e-07      
   3.878333       0.710054         9.522550e-08      
   3.878333       0.791119         4.808851e-08      
   3.878333       0.875442         -3.601305e-08     
   3.878333       0.962797         -1.755553e-07     
   3.878333       1.052948         -3.965752e-07     
   3.878333       1.145653         -7.340822e-07     
   3.878333       1.240660         -1.231245e-06     
   3.878333       1.337714         -1.931895e-06     
   3.878333       1.436554         -2.856104e-06     
   3.878333       1.536913         -3.936435e-06     
   3.878333       1.638520         -4.867836e-06     
   3.878333       1.741102         -4.776187e-06     
   3.878333       1.844381         -1.521396e-06     
   3.878333       1.948080         9.705281e-06      
   3.878333       2.051920         3.908450e-05      
   3.878333       2.155619         1.071393e-04      
   3.878333       2.258898         2.533933e-04      
   3.878333       2.361480         5.505116e-04      
   3.878333       2.463087         1.125623e-03      
   3.878333       2.563446         2.189286e-03      
   3.878333       2.662286         4.069351e-03      
   3.878333       2.759340         7.241312e-03      
   3.878333       2.854347         1.233961e-02      
   3.878333       2.947052         2.012883e-02      
   3.878333       3.037203         3.141504e-02      
   3.878333       3.124558         4.689112e-02      
   3.878333       3.208881         6.693624e-02      
   3.878333       3.289946         9.142005e-02      
   3.878333       3.367533         1.195810e-01      
   3.878333       3.441433         1.500393e-01      
   3.878333       3.511448         1.809671e-01      
   3.878333       3.577387         2.103809e-01      
   3.878333       3.639075         2.364786e-01      
   3.878333       3.696344         2.579272e-01      
   3.878333       3.749040         2.740290e-01      
   3.878333       3.797021         2.847439e-01      
   3.878333       3.840157         2.905871e-01      
   3.878333       3.878333         2.924547e-01      
   3.878333       3.911445         2.914314e-01      
   3.878333       3.939404         2.886224e-01      
   3.878333       3.962134         2.850338e-01      
   3.878333       3.979576         2.815016e-01      
   3.878333       3.991681         2.786617e-01      
   3.878333       3.998420         2.769457e-01      
   3.878333       4.008294         2.742608e-01      
   3.878333       4.043674         2.630438e-01      
   3.878333       4.107227         2.373796e-01      
   3.878333       4.198794         1.917536e-01      
   3.878333       4.318131         1.282222e-01      
   3.878333       4.464916         6.333977e-02      
   3.878333       4.638754         1.968362e-02      
   3.878333       4.839176         3.057128e-03      
   3.878333       5.065642         1.612923e-04      
   3.878333       5.317541         2.234566e-07      
   3.878333       5.594194         9.350171e-09      
   3.878333       5.894856         3.360398e-09      
   3.878333       6.218716         -5.969191e-12     
   3.878333       6.564900         -2.849692e-13     
   3.878333       6.932477         1.742944e-14      
   3.878333       7.320454         3.325360e-16      
   3.878333       7.727785         1.269284e-19      
   3.878333       8.153374         -1.388967e-20     
   3.878333       8.596072         2.766460e-23      
   3.878333       9.054685         -8.952596e-27     
   3.878333       9.527979         -3.091839e-30     
   3.878333       10.014676        1.030267e-33      
   3.878333       10.513464        -6.132547e-38     
   3.878333       11.023000        8.749248e-43      
   3.878333       11.541909        -2.435762e-48     
   3.878333       12.068793        -1.343178e-54     
   3.878333       12.602230        3.602551e-60      
   3.878333       13.140784        -9.025784e-67     
   3.878333       13.683002        4.912129e-74      
   3.878333       14.227422        -6.635172e-82     
   3.878333       14.772578        2.393315e-90      
   3.878333       15.316998        -2.484253e-99     
   3.878333       15.859216        8.156508e-109     
   3.878333       16.397770       -9.561931e-119     
   3.878333       16.931207        4.618155e-129     
   3.878333       17.458091       -1.064927e-139     
   3.878333       17.977000        1.341755e-150     
   3.878333       18.486536       -1.043245e-161     
   3.878333       18.985324       -2.587211e-159     
   3.878333       19.472021       -4.052481e-148     
   3.878333       19.945315       -5.333067e-137     
   3.878333       20.403928       -4.769729e-126     
   3.878333       20.846626       -2.347078e-115     
   3.878333       21.272215       -5.165579e-105     
   3.878333       21.679546        -4.167025e-95     
   3.878333       22.067523        -1.018931e-85     
   3.878333       22.435100        -6.263149e-77     
   3.878333       22.781284        -7.772827e-69     
   3.878333       23.105144        -1.130280e-61     
   3.878333       23.405806        1.205646e-54      
   3.878333       23.682459        6.328735e-48      
   3.878333       23.934358        3.661160e-42      
   3.878333       24.160824        3.429819e-37      
   3.878333       24.361246        5.784074e-33      
   3.878333       24.535084        1.883691e-29      
   3.878333       24.681869        1.261416e-26      
   3.878333       24.801206        1.839076e-24      
   3.878333       24.892773        6.282814e-23      
   3.878333       24.956326        4.593059e-22      
   3.878333       24.991706        1.766540e-21      
   3.911445       0.001580         5.009325e-10      
   3.911445       0.008319         2.637907e-09      
   3.911445       0.020424         6.476581e-09      
   3.911445       0.037866         1.201602e-08      
   3.911445       0.060596         1.919461e-08      
   3.911445       0.088555         2.801884e-08      
   3.911445       0.121667         3.841671e-08      
   3.911445       0.159843         5.031087e-08      
   3.911445       0.202979         6.357637e-08      
   3.911445       0.250960         7.802623e-08      
   3.911445       0.303656         9.337816e-08      
   3.911445       0.360925         1.091984e-07      
   3.911445       0.422613         1.248138e-07      
   3.911445       0.488552         1.391733e-07      
   3.911445       0.558567         1.506334e-07      
   3.911445       0.632467         1.566285e-07      
   3.911445       0.710054         1.531728e-07      
   3.911445       0.791119         1.341210e-07      
   3.911445       0.875442         9.009905e-08      
   3.911445       0.962797         7.025053e-09      
   3.911445       1.052948         -1.357861e-07     
   3.911445       1.145653         -3.676836e-07     
   3.911445       1.240660         -7.279614e-07     
   3.911445       1.337714         -1.263717e-06     
   3.911445       1.436554         -2.017779e-06     
   3.911445       1.536913         -2.991761e-06     
   3.911445       1.638520         -4.051628e-06     
   3.911445       1.741102         -4.707649e-06     
   3.911445       1.844381         -3.632294e-06     
   3.911445       1.948080         2.344519e-06      
   3.911445       2.051920         2.023427e-05      
   3.911445       2.155619         6.468020e-05      
   3.911445       2.258898         1.647728e-04      
   3.911445       2.361480         3.755683e-04      
   3.911445       2.463087         7.961496e-04      
   3.911445       2.563446         1.595376e-03      
   3.911445       2.662286         3.044117e-03      
   3.911445       2.759340         5.548067e-03      
   3.911445       2.854347         9.668486e-03      
   3.911445       2.947052         1.611169e-02      
   3.911445       3.037203         2.566646e-02      
   3.911445       3.124558         3.907708e-02      
   3.911445       3.208881         5.686145e-02      
   3.911445       3.289946         7.911312e-02      
   3.911445       3.367533         1.053503e-01      
   3.911445       3.441433         1.344759e-01      
   3.911445       3.511448         1.648856e-01      
   3.911445       3.577387         1.947092e-01      
   3.911445       3.639075         2.221255e-01      
   3.911445       3.696344         2.456593e-01      
   3.911445       3.749040         2.643869e-01      
   3.911445       3.797021         2.780080e-01      
   3.911445       3.840157         2.867911e-01      
   3.911445       3.878333         2.914314e-01      
   3.911445       3.911445         2.928733e-01      
   3.911445       3.939404         2.921421e-01      
   3.911445       3.962134         2.902121e-01      
   3.911445       3.979576         2.879197e-01      
   3.911445       3.991681         2.859184e-01      
   3.911445       3.998420         2.846601e-01      
   3.911445       4.008294         2.826327e-01      
   3.911445       4.043674         2.736223e-01      
   3.911445       4.107227         2.511770e-01      
   3.911445       4.198794         2.080787e-01      
   3.911445       4.318131         1.439531e-01      
   3.911445       4.464916         7.429734e-02      
   3.911445       4.638754         2.440403e-02      
   3.911445       4.839176         4.070686e-03      
   3.911445       5.065642         2.394402e-04      
   3.911445       5.317541         1.096995e-06      
   3.911445       5.594194         -3.308241e-09     
   3.911445       5.894856         4.326719e-09      
   3.911445       6.218716         2.582817e-12      
   3.911445       6.564900         -5.030461e-13     
   3.911445       6.932477         2.406496e-14      
   3.911445       7.320454         3.981872e-16      
   3.911445       7.727785         4.365852e-19      
   3.911445       8.153374         -1.844697e-20     
   3.911445       8.596072         3.579861e-23      
   3.911445       9.054685         -1.165903e-26     
   3.911445       9.527979         -3.711716e-30     
   3.911445       10.014676        1.244786e-33      
   3.911445       10.513464        -7.271756e-38     
   3.911445       11.023000        9.929558e-43      
   3.911445       11.541909        -2.327272e-48     
   3.911445       12.068793        -3.090947e-54     
   3.911445       12.602230        5.259716e-60      
   3.911445       13.140784        -1.237327e-66     
   3.911445       13.683002        6.563301e-74      
   3.911445       14.227422        -8.741974e-82     
   3.911445       14.772578        3.125960e-90      
   3.911445       15.316998        -3.226950e-99     
   3.911445       15.859216        1.056257e-108     
   3.911445       16.397770       -1.237146e-118     
   3.911445       16.931207        5.980104e-129     
   3.911445       17.458091       -1.381112e-139     
   3.911445       17.977000        1.741714e-150     
   3.911445       18.486536       -1.353205e-161     
   3.911445       18.985324       -2.595620e-160     
   3.911445       19.472021       -4.037117e-149     
   3.911445       19.945315       -5.267369e-138     
   3.911445       20.403928       -4.660075e-127     
   3.911445       20.846626       -2.260499e-116     
   3.911445       21.272215       -4.876653e-106     
   3.911445       21.679546        -3.817523e-96     
   3.911445       22.067523        -8.873002e-87     
   3.911445       22.435100        -4.914223e-78     
   3.911445       22.781284        -4.401731e-70     
   3.911445       23.105144        7.555488e-63      
   3.911445       23.405806        3.402281e-55      
   3.911445       23.682459        1.132063e-48      
   3.911445       23.934358        5.760520e-43      
   3.911445       24.160824        5.022346e-38      
   3.911445       24.361246        7.979363e-34      
   3.911445       24.535084        2.452718e-30      
   3.911445       24.681869        1.552250e-27      
   3.911445       24.801206        2.146723e-25      
   3.911445       24.892773        6.998443e-24      
   3.911445       24.956326        4.929903e-23      
   3.911445       24.991706        1.816668e-22      
   3.939404       0.001580         4.727863e-10      
   3.939404       0.008319         2.489713e-09      
   3.939404       0.020424         6.113138e-09      
   3.939404       0.037866         1.134309e-08      
   3.939404       0.060596         1.813067e-08      
   3.939404       0.088555         2.648831e-08      
   3.939404       0.121667         3.637108e-08      
   3.939404       0.159843         4.773860e-08      
   3.939404       0.202979         6.052869e-08      
   3.939404       0.250960         7.464721e-08      
   3.939404       0.303656         8.994752e-08      
   3.939404       0.360925         1.061925e-07      
   3.939404       0.422613         1.229921e-07      
   3.939404       0.488552         1.397022e-07      
   3.939404       0.558567         1.552629e-07      
   3.939404       0.632467         1.679455e-07      
   3.939404       0.710054         1.749590e-07      
   3.939404       0.791119         1.718516e-07      
   3.939404       0.875442         1.516145e-07      
   3.939404       0.962797         1.033888e-07      
   3.939404       1.052948         1.069168e-08      
   3.939404       1.145653         -1.507823e-07     
   3.939404       1.240660         -4.153090e-07     
   3.939404       1.337714         -8.276400e-07     
   3.939404       1.436554         -1.437590e-06     
   3.939404       1.536913         -2.278366e-06     
   3.939404       1.638520         -3.305219e-06     
   3.939404       1.741102         -4.243866e-06     
   3.939404       1.844381         -4.244545e-06     
   3.939404       1.948080         -1.137077e-06     
   3.939404       2.051920         1.009412e-05      
   3.939404       2.155619         4.028063e-05      
   3.939404       2.258898         1.115573e-04      
   3.939404       2.361480         2.669037e-04      
   3.939404       2.463087         5.855843e-04      
   3.939404       2.563446         1.206008e-03      
   3.939404       2.662286         2.355820e-03      
   3.939404       2.759340         4.385156e-03      
   3.939404       2.854347         7.792835e-03      
   3.939404       2.947052         1.322840e-02      
   3.939404       3.037203         2.144927e-02      
   3.939404       3.124558         3.321727e-02      
   3.939404       3.208881         4.913605e-02      
   3.939404       3.289946         6.945862e-02      
   3.939404       3.367533         9.392020e-02      
   3.939404       3.441433         1.216610e-01      
   3.939404       3.511448         1.512845e-01      
   3.939404       3.577387         1.810526e-01      
   3.939404       3.639075         2.091721e-01      
   3.939404       3.696344         2.340909e-01      
   3.939404       3.749040         2.547267e-01      
   3.939404       3.797021         2.705769e-01      
   3.939404       3.840157         2.817036e-01      
   3.939404       3.878333         2.886224e-01      
   3.939404       3.911445         2.921421e-01      
   3.939404       3.939404         2.932001e-01      
   3.939404       3.962134         2.927242e-01      
   3.939404       3.979576         2.915354e-01      
   3.939404       3.991681         2.902889e-01      
   3.939404       3.998420         2.894458e-01      
   3.939404       4.008294         2.880187e-01      
   3.939404       4.043674         2.810635e-01      
   3.939404       4.107227         2.617761e-01      
   3.939404       4.198794         2.215497e-01      
   3.939404       4.318131         1.577598e-01      
   3.939404       4.464916         8.450441e-02      
   3.939404       4.638754         2.908683e-02      
   3.939404       4.839176         5.150692e-03      
   3.939404       5.065642         3.307194e-04      
   3.939404       5.317541         2.403196e-06      
   3.939404       5.594194         -1.907083e-08     
   3.939404       5.894856         5.298234e-09      
   3.939404       6.218716         1.438400e-11      
   3.939404       6.564900         -7.584129e-13     
   3.939404       6.932477         3.140606e-14      
   3.939404       7.320454         4.638362e-16      
   3.939404       7.727785         8.103490e-19      
   3.939404       8.153374         -2.337577e-20     
   3.939404       8.596072         4.441660e-23      
   3.939404       9.054685         -1.448096e-26     
   3.939404       9.527979         -4.356901e-30     
   3.939404       10.014676        1.463421e-33      
   3.939404       10.513464        -8.398473e-38     
   3.939404       11.023000        1.099385e-42      
   3.939404       11.541909        -2.095226e-48     
   3.939404       12.068793        -5.142077e-54     
   3.939404       12.602230        7.105371e-60      
   3.939404       13.140784        -1.602422e-66     
   3.939404       13.683002        8.342782e-74      
   3.939404       14.227422        -1.099433e-81     
   3.939404       14.772578        3.904675e-90      
   3.939404       15.316998        -4.013098e-99     
   3.939404       15.859216        1.310358e-108     
   3.939404       16.397770       -1.533865e-118     
   3.939404       16.931207        7.421953e-129     
   3.939404       17.458091       -1.717089e-139     
   3.939404       17.977000        2.168024e-150     
   3.939404       18.486536       -1.683851e-161     
   3.939404       18.985324        1.001236e-159     
   3.939404       19.472021        1.572583e-148     
   3.939404       19.945315        2.076373e-137     
   3.939404       20.403928        1.864718e-126     
   3.939404       20.846626        9.225079e-116     
   3.939404       21.272215        2.045154e-105     
   3.939404       21.679546        1.667378e-95      
   3.939404       22.067523        4.146773e-86      
   3.939404       22.435100        2.630336e-77      
   3.939404       22.781284        3.520080e-69      
   3.939404       23.105144        7.220398e-62      
   3.939404       23.405806        -1.366468e-55     
   3.939404       23.682459        -1.702146e-48     
   3.939404       23.934358        -1.103624e-42     
   3.939404       24.160824        -1.090435e-37     
   3.939404       24.361246        -1.913068e-33     
   3.939404       24.535084        -6.450812e-30     
   3.939404       24.681869        -4.456085e-27     
   3.939404       24.801206        -6.672433e-25     
   3.939404       24.892773        -2.330096e-23     
   3.939404       24.956326        -1.731525e-22     
   3.939404       24.991706        -6.778958e-22     
   3.962134       0.001580         4.383443e-10      
   3.962134       0.008319         2.308353e-09      
   3.962134       0.020424         5.668069e-09      
   3.962134       0.037866         1.051804e-08      
   3.962134       0.060596         1.681827e-08      
   3.962134       0.088555         2.458391e-08      
   3.962134       0.121667         3.378658e-08      
   3.962134       0.159843         4.440767e-08      
   3.962134       0.202979         5.642167e-08      
   3.962134       0.250960         6.978880e-08      
   3.962134       0.303656         8.444227e-08      
   3.962134       0.360925         1.002618e-07      
   3.962134       0.422613         1.170277e-07      
   3.962134       0.488552         1.343445e-07      
   3.962134       0.558567         1.515153e-07      
   3.962134       0.632467         1.673411e-07      
   3.962134       0.710054         1.798028e-07      
   3.962134       0.791119         1.855663e-07      
   3.962134       0.875442         1.792249e-07      
   3.962134       0.962797         1.521708e-07      
   3.962134       1.052948         9.098435e-08      
   3.962134       1.145653         -2.470775e-08     
   3.962134       1.240660         -2.246842e-07     
   3.962134       1.337714         -5.499047e-07     
   3.962134       1.436554         -1.050674e-06     
   3.962134       1.536913         -1.773697e-06     
   3.962134       1.638520         -2.720401e-06     
   3.962134       1.741102         -3.737422e-06     
   3.962134       1.844381         -4.256615e-06     
   3.962134       1.948080         -2.718378e-06     
   3.962134       2.051920         4.638619e-06      
   3.962134       2.155619         2.618913e-05      
   3.962134       2.258898         7.947619e-05      
   3.962134       2.361480         1.993150e-04      
   3.962134       2.463087         4.512391e-04      
   3.962134       2.563446         9.519934e-04      
   3.962134       2.662286         1.897532e-03      
   3.962134       2.759340         3.595746e-03      
   3.962134       2.854347         6.495563e-03      
   3.962134       2.947052         1.119723e-02      
   3.962134       3.037203         1.842377e-02      
   3.962134       3.124558         2.893590e-02      
   3.962134       3.208881         4.338683e-02      
   3.962134       3.289946         6.213813e-02      
   3.962134       3.367533         8.508536e-02      
   3.962134       3.441433         1.115559e-01      
   3.962134       3.511448         1.403294e-01      
   3.962134       3.577387         1.697953e-01      
   3.962134       3.639075         1.982108e-01      
   3.962134       3.696344         2.239904e-01      
   3.962134       3.749040         2.459470e-01      
   3.962134       3.797021         2.634290e-01      
   3.962134       3.840157         2.763359e-01      
   3.962134       3.878333         2.850338e-01      
   3.962134       3.911445         2.902121e-01      
   3.962134       3.939404         2.927242e-01      
   3.962134       3.962134         2.934482e-01      
   3.962134       3.979576         2.931810e-01      
   3.962134       3.991681         2.925705e-01      
   3.962134       3.998420         2.920793e-01      
   3.962134       4.008294         2.911639e-01      
   3.962134       4.043674         2.859866e-01      
   3.962134       4.107227         2.695364e-01      
   3.962134       4.198794         2.321395e-01      
   3.962134       4.318131         1.692399e-01      
   3.962134       4.464916         9.344155e-02      
   3.962134       4.638754         3.341191e-02      
   3.962134       4.839176         6.209659e-03      
   3.962134       5.065642         4.271922e-04      
   3.962134       5.317541         4.042087e-06      
   3.962134       5.594194         -3.592269e-08     
   3.962134       5.894856         6.198830e-09      
   3.962134       6.218716         2.821220e-11      
   3.962134       6.564900         -1.025773e-12     
   3.962134       6.932477         3.880404e-14      
   3.962134       7.320454         5.260966e-16      
   3.962134       7.727785         1.207286e-18      
   3.962134       8.153374         -2.826756e-20     
   3.962134       8.596072         5.282062e-23      
   3.962134       9.054685         -1.716386e-26     
   3.962134       9.527979         -4.999854e-30     
   3.962134       10.014676        1.673849e-33      
   3.962134       10.513464        -9.454843e-38     
   3.962134       11.023000        1.191672e-42      
   3.962134       11.541909        -1.790317e-48     
   3.962134       12.068793        -7.283786e-54     
   3.962134       12.602230        8.971677e-60      
   3.962134       13.140784        -1.966411e-66     
   3.962134       13.683002        1.010151e-73      
   3.962134       14.227422        -1.320647e-81     
   3.962134       14.772578        4.665754e-90      
   3.962134       15.316998        -4.778590e-99     
   3.962134       15.859216        1.557238e-108     
   3.962134       16.397770       -1.822147e-118     
   3.962134       16.931207        8.826285e-129     
   3.962134       17.458091       -2.045633e-139     
   3.962134       17.977000        2.586388e-150     
   3.962134       18.486536       -2.008765e-161     
   3.962134       18.985324        1.667943e-159     
   3.962134       19.472021        2.617564e-148     
   3.962134       19.945315        3.452663e-137     
   3.962134       20.403928        3.096860e-126     
   3.962134       20.846626        1.529610e-115     
   3.962134       21.272215        3.383691e-105     
   3.962134       21.679546        2.749998e-95      
   3.962134       22.067523        6.805234e-86      
   3.962134       22.435100        4.277499e-77      
   3.962134       22.781284        5.605145e-69      
   3.962134       23.105144        1.058699e-61      
   3.962134       23.405806        -3.950623e-55     
   3.962134       23.682459        -3.215585e-48     
   3.962134       23.934358        -1.998272e-42     
   3.962134       24.160824        -1.937741e-37     
   3.962134       24.361246        -3.354060e-33     
   3.962134       24.535084        -1.117956e-29     
   3.962134       24.681869        -7.644801e-27     
   3.962134       24.801206        -1.134981e-24     
   3.962134       24.892773        -3.936168e-23     
   3.962134       24.956326        -2.910164e-22     
   3.962134       24.991706        -1.133087e-21     
   3.979576       0.001580         4.078150e-10      
   3.979576       0.008319         2.147592e-09      
   3.979576       0.020424         5.273466e-09      
   3.979576       0.037866         9.786262e-09      
   3.979576       0.060596         1.565197e-08      
   3.979576       0.088555         2.288687e-08      
   3.979576       0.121667         3.147252e-08      
   3.979576       0.159843         4.140289e-08      
   3.979576       0.202979         5.267355e-08      
   3.979576       0.250960         6.527601e-08      
   3.979576       0.303656         7.918967e-08      
   3.979576       0.360925         9.436245e-08      
   3.979576       0.422613         1.106755e-07      
   3.979576       0.488552         1.278823e-07      
   3.979576       0.558567         1.455070e-07      
   3.979576       0.632467         1.626784e-07      
   3.979576       0.710054         1.778633e-07      
   3.979576       0.791119         1.884433e-07      
   3.979576       0.875442         1.900572e-07      
   3.979576       0.962797         1.756003e-07      
   3.979576       1.052948         1.337561e-07      
   3.979576       1.145653         4.696443e-08      
   3.979576       1.240660         -1.110965e-07     
   3.979576       1.337714         -3.778726e-07     
   3.979576       1.436554         -8.019999e-07     
   3.979576       1.536913         -1.435308e-06     
   3.979576       1.638520         -2.302753e-06     
   3.979576       1.741102         -3.318436e-06     
   3.979576       1.844381         -4.079043e-06     
   3.979576       1.948080         -3.393984e-06     
   3.979576       2.051920         1.720971e-06      
   3.979576       2.155619         1.808572e-05      
   3.979576       2.258898         6.027984e-05      
   3.979576       2.361480         1.577480e-04      
   3.979576       2.463087         3.668142e-04      
   3.979576       2.563446         7.893900e-04      
   3.979576       2.662286         1.599226e-03      
   3.979576       2.759340         3.073798e-03      
   3.979576       2.854347         5.624819e-03      
   3.979576       2.947052         9.813699e-03      
   3.979576       3.037203         1.633278e-02      
   3.979576       3.124558         2.593380e-02      
   3.979576       3.208881         3.929641e-02      
   3.979576       3.289946         5.685260e-02      
   3.979576       3.367533         7.860993e-02      
   3.979576       3.441433         1.040336e-01      
   3.979576       3.511448         1.320408e-01      
   3.979576       3.577387         1.611278e-01      
   3.979576       3.639075         1.896063e-01      
   3.979576       3.696344         2.158823e-01      
   3.979576       3.749040         2.387039e-01      
   3.979576       3.797021         2.573159e-01      
   3.979576       3.840157         2.714980e-01      
   3.979576       3.878333         2.815016e-01      
   3.979576       3.911445         2.879197e-01      
   3.979576       3.939404         2.915354e-01      
   3.979576       3.962134         2.931810e-01      
   3.979576       3.979576         2.936282e-01      
   3.979576       3.991681         2.935145e-01      
   3.979576       3.998420         2.932992e-01      
   3.979576       4.008294         2.927869e-01      
   3.979576       4.043674         2.890261e-01      
   3.979576       4.107227         2.748996e-01      
   3.979576       4.198794         2.399672e-01      
   3.979576       4.318131         1.781474e-01      
   3.979576       4.464916         1.006782e-01      
   3.979576       4.638754         3.706848e-02      
   3.979576       4.839176         7.148723e-03      
   3.979576       5.065642         5.179281e-04      
   3.979576       5.317541         5.782126e-06      
   3.979576       5.594194         -5.152747e-08     
   3.979576       5.894856         6.957783e-09      
   3.979576       6.218716         4.210995e-11      
   3.979576       6.564900         -1.273610e-12     
   3.979576       6.932477         4.548813e-14      
   3.979576       7.320454         5.807014e-16      
   3.979576       7.727785         1.577366e-18      
   3.979576       8.153374         -3.264509e-20     
   3.979576       8.596072         6.023243e-23      
   3.979576       9.054685         -1.945996e-26     
   3.979576       9.527979         -5.591837e-30     
   3.979576       10.014676        1.860211e-33      
   3.979576       10.513464        -1.037106e-37     
   3.979576       11.023000        1.267197e-42      
   3.979576       11.541909        -1.475844e-48     
   3.979576       12.068793        -9.260764e-54     
   3.979576       12.602230        1.066110e-59      
   3.979576       13.140784        -2.292816e-66     
   3.979576       13.683002        1.166886e-73      
   3.979576       14.227422        -1.516843e-81     
   3.979576       14.772578        5.338060e-90      
   3.979576       15.316998        -5.452614e-99     
   3.979576       15.859216        1.774180e-108     
   3.979576       16.397770       -2.075459e-118     
   3.979576       16.931207        1.006316e-128     
   3.979576       17.458091       -2.336123e-139     
   3.979576       17.977000        2.957621e-150     
   3.979576       18.486536       -2.297521e-161     
   3.979576       18.985324        2.009161e-159     
   3.979576       19.472021        3.152324e-148     
   3.979576       19.945315        4.156878e-137     
   3.979576       20.403928        3.727220e-126     
   3.979576       20.846626        1.840140e-115     
   3.979576       21.272215        4.068162e-105     
   3.979576       21.679546        3.303386e-95      
   3.979576       22.067523        8.163258e-86      
   3.979576       22.435100        5.117898e-77      
   3.979576       22.781284        6.665718e-69      
   3.979576       23.105144        1.227278e-61      
   3.979576       23.405806        -5.317547e-55     
   3.979576       23.682459        -4.000527e-48     
   3.979576       23.934358        -2.460650e-42     
   3.979576       24.160824        -2.374926e-37     
   3.979576       24.361246        -4.096646e-33     
   3.979576       24.535084        -1.361367e-29     
   3.979576       24.681869        -9.284466e-27     
   3.979576       24.801206        -1.375273e-24     
   3.979576       24.892773        -4.760608e-23     
   3.979576       24.956326        -3.514830e-22     
   3.979576       24.991706        -1.366440e-21     
   3.991681       0.001580         3.854325e-10      
   3.991681       0.008319         2.029728e-09      
   3.991681       0.020424         4.984131e-09      
   3.991681       0.037866         9.249603e-09      
   3.991681       0.060596         1.479589e-08      
   3.991681       0.088555         2.163964e-08      
   3.991681       0.121667         2.976814e-08      
   3.991681       0.159843         3.918231e-08      
   3.991681       0.202979         4.988928e-08      
   3.991681       0.250960         6.189784e-08      
   3.991681       0.303656         7.521292e-08      
   3.991681       0.360925         8.982053e-08      
   3.991681       0.422613         1.056587e-07      
   3.991681       0.488552         1.225659e-07      
   3.991681       0.558567         1.401945e-07      
   3.991681       0.632467         1.578654e-07      
   3.991681       0.710054         1.743339e-07      
   3.991681       0.791119         1.874128e-07      
   3.991681       0.875442         1.933793e-07      
   3.991681       0.962797         1.860609e-07      
   3.991681       1.052948         1.554709e-07      
   3.991681       1.145653         8.587331e-08      
   3.991681       1.240660         -4.671803e-08     
   3.991681       1.337714         -2.771572e-07     
   3.991681       1.436554         -6.522117e-07     
   3.991681       1.536913         -1.225274e-06     
   3.991681       1.638520         -2.032874e-06     
   3.991681       1.741102         -3.025504e-06     
   3.991681       1.844381         -3.892623e-06     
   3.991681       1.948080         -3.656947e-06     
   3.991681       2.051920         2.075998e-07      
   3.991681       2.155619         1.358903e-05      
   3.991681       2.258898         4.926431e-05      
   3.991681       2.361480         1.333646e-04      
   3.991681       2.463087         3.164494e-04      
   3.991681       2.563446         6.910057e-04      
   3.991681       2.662286         1.416442e-03      
   3.991681       2.759340         2.750202e-03      
   3.991681       2.854347         5.078891e-03      
   3.991681       2.947052         8.936760e-03      
   3.991681       3.037203         1.499312e-02      
   3.991681       3.124558         2.398977e-02      
   3.991681       3.208881         3.661917e-02      
   3.991681       3.289946         5.335567e-02      
   3.991681       3.367533         7.427861e-02      
   3.991681       3.441433         9.894522e-02      
   3.991681       3.511448         1.263679e-01      
   3.991681       3.577387         1.551214e-01      
   3.991681       3.639075         1.835621e-01      
   3.991681       3.696344         2.100988e-01      
   3.991681       3.749040         2.334425e-01      
   3.991681       3.797021         2.527722e-01      
   3.991681       3.840157         2.677879e-01      
   3.991681       3.878333         2.786617e-01      
   3.991681       3.911445         2.859184e-01      
   3.991681       3.939404         2.902889e-01      
   3.991681       3.962134         2.925705e-01      
   3.991681       3.979576         2.935145e-01      
   3.991681       3.991681         2.937478e-01      
   3.991681       3.998420         2.937261e-01      
   3.991681       4.008294         2.934971e-01      
   3.991681       4.043674         2.907405e-01      
   3.991681       4.107227         2.782939e-01      
   3.991681       4.198794         2.452169e-01      
   3.991681       4.318131         1.843555e-01      
   3.991681       4.464916         1.058885e-01      
   3.991681       4.638754         3.978748e-02      
   3.991681       4.839176         7.872123e-03      
   3.991681       5.065642         5.908989e-04      
   3.991681       5.317541         7.302207e-06      
   3.991681       5.594194         -6.375601e-08     
   3.991681       5.894856         7.518413e-09      
   3.991681       6.218716         5.376704e-11      
   3.991681       6.564900         -1.470022e-12     
   3.991681       6.932477         5.069792e-14      
   3.991681       7.320454         6.228378e-16      
   3.991681       7.727785         1.871111e-18      
   3.991681       8.153374         -3.603829e-20     
   3.991681       8.596072         6.591364e-23      
   3.991681       9.054685         -2.116949e-26     
   3.991681       9.527979         -6.067196e-30     
   3.991681       10.014676        2.004814e-33      
   3.991681       10.513464        -1.107136e-37     
   3.991681       11.023000        1.322784e-42      
   3.991681       11.541909        -1.213282e-48     
   3.991681       12.068793        -1.082133e-53     
   3.991681       12.602230        1.197948e-59      
   3.991681       13.140784        -2.546013e-66     
   3.991681       13.683002        1.287952e-73      
   3.991681       14.227422        -1.667862e-81     
   3.991681       14.772578        5.853978e-90      
   3.991681       15.316998        -5.968518e-99     
   3.991681       15.859216        1.939950e-108     
   3.991681       16.397770       -2.269009e-118     
   3.991681       16.931207        1.101009e-128     
   3.991681       17.458091       -2.559261e-139     
   3.991681       17.977000        3.243671e-150     
   3.991681       18.486536       -2.520342e-161     
   3.991681       18.985324        2.174822e-159     
   3.991681       19.472021        3.411915e-148     
   3.991681       19.945315        4.498674e-137     
   3.991681       20.403928        4.033110e-126     
   3.991681       20.846626        1.990790e-115     
   3.991681       21.272215        4.400112e-105     
   3.991681       21.679546        3.571629e-95      
   3.991681       22.067523        8.820995e-86      
   3.991681       22.435100        5.524299e-77      
   3.991681       22.781284        7.176583e-69      
   3.991681       23.105144        1.306835e-61      
   3.991681       23.405806        -6.008366e-55     
   3.991681       23.682459        -4.387943e-48     
   3.991681       23.934358        -2.687867e-42     
   3.991681       24.160824        -2.589318e-37     
   3.991681       24.361246        -4.460230e-33     
   3.991681       24.535084        -1.480375e-29     
   3.991681       24.681869        -1.008507e-26     
   3.991681       24.801206        -1.492463e-24     
   3.991681       24.892773        -5.162288e-23     
   3.991681       24.956326        -3.809211e-22     
   3.991681       24.991706        -1.479946e-21     
   3.998420       0.001580         3.727311e-10      
   3.998420       0.008319         1.962843e-09      
   3.998420       0.020424         4.819934e-09      
   3.998420       0.037866         8.945024e-09      
   3.998420       0.060596         1.430982e-08      
   3.998420       0.088555         2.093104e-08      
   3.998420       0.121667         2.879878e-08      
   3.998420       0.159843         3.791728e-08      
   3.998420       0.202979         4.829918e-08      
   3.998420       0.250960         5.996144e-08      
   3.998420       0.303656         7.292121e-08      
   3.998420       0.360925         8.718275e-08      
   3.998420       0.422613         1.027116e-07      
   3.998420       0.488552         1.193879e-07      
   3.998420       0.558567         1.369270e-07      
   3.998420       0.632467         1.547455e-07      
   3.998420       0.710054         1.717435e-07      
   3.998420       0.791119         1.859521e-07      
   3.998420       0.875442         1.939749e-07      
   3.998420       0.962797         1.901203e-07      
   3.998420       1.052948         1.650957e-07      
   3.998420       1.145653         1.041318e-07      
   3.998420       1.240660         -1.549197e-08     
   3.998420       1.337714         -2.271626e-07     
   3.998420       1.436554         -5.764218e-07     
   3.998420       1.536913         -1.116964e-06     
   3.998420       1.638520         -1.890349e-06     
   3.998420       1.741102         -2.864154e-06     
   3.998420       1.844381         -3.772793e-06     
   3.998420       1.948080         -3.744284e-06     
   3.998420       2.051920         -4.817817e-07     
   3.998420       2.155619         1.143138e-05      
   3.998420       2.258898         4.385151e-05      
   3.998420       2.361480         1.212018e-04      
   3.998420       2.463087         2.910434e-04      
   3.998420       2.563446         6.409137e-04      
   3.998420       2.662286         1.322610e-03      
   3.998420       2.759340         2.582820e-03      
   3.998420       2.854347         4.794459e-03      
   3.998420       2.947052         8.476660e-03      
   3.998420       3.037203         1.428540e-02      
   3.998420       3.124558         2.295574e-02      
   3.998420       3.208881         3.518541e-02      
   3.998420       3.289946         5.147006e-02      
   3.998420       3.367533         7.192680e-02      
   3.998420       3.441433         9.616263e-02      
   3.998420       3.511448         1.232427e-01      
   3.998420       3.577387         1.517868e-01      
   3.998420       3.639075         1.801781e-01      
   3.998420       3.696344         2.068302e-01      
   3.998420       3.749040         2.304364e-01      
   3.998420       3.797021         2.501412e-01      
   3.998420       3.840157         2.656015e-01      
   3.998420       3.878333         2.769457e-01      
   3.998420       3.911445         2.846601e-01      
   3.998420       3.939404         2.894458e-01      
   3.998420       3.962134         2.920793e-01      
   3.998420       3.979576         2.932992e-01      
   3.998420       3.991681         2.937261e-01      
   3.998420       3.998420         2.938125e-01      
   3.998420       4.008294         2.937422e-01      
   3.998420       4.043674         2.915508e-01      
   3.998420       4.107227         2.800610e-01      
   3.998420       4.198794         2.480669e-01      
   3.998420       4.318131         1.878145e-01      
   3.998420       4.464916         1.088538e-01      
   3.998420       4.638754         4.136753e-02      
   3.998420       4.839176         8.302134e-03      
   3.998420       5.065642         6.354777e-04      
   3.998420       5.317541         8.278863e-06      
   3.998420       5.594194         -7.105321e-08     
   3.998420       5.894856         7.842116e-09      
   3.998420       6.218716         6.106399e-11      
   3.998420       6.564900         -1.588682e-12     
   3.998420       6.932477         5.381492e-14      
   3.998420       7.320454         6.480297e-16      
   3.998420       7.727785         2.048554e-18      
   3.998420       8.153374         -3.806276e-20     
   3.998420       8.596072         6.927816e-23      
   3.998420       9.054685         -2.215961e-26     
   3.998420       9.527979         -6.359064e-30     
   3.998420       10.014676        2.091492e-33      
   3.998420       10.513464        -1.148725e-37     
   3.998420       11.023000        1.355110e-42      
   3.998420       11.541909        -1.050785e-48     
   3.998420       12.068793        -1.176146e-53     
   3.998420       12.602230        1.276886e-59      
   3.998420       13.140784        -2.697097e-66     
   3.998420       13.683002        1.360008e-73      
   3.998420       14.227422        -1.757545e-81     
   3.998420       14.772578        6.159739e-90      
   3.998420       15.316998        -6.273733e-99     
   3.998420       15.859216        2.037908e-108     
   3.998420       16.397770       -2.383376e-118     
   3.998420       16.931207        1.157040e-128     
   3.998420       17.458091       -2.691606e-139     
   3.998420       17.977000        3.413709e-150     
   3.998420       18.486536       -2.652937e-161     
   3.998420       18.985324        2.245214e-159     
   3.998420       19.472021        3.522202e-148     
   3.998420       19.945315        4.643863e-137     
   3.998420       20.403928        4.163020e-126     
   3.998420       20.846626        2.054754e-115     
   3.998420       21.272215        4.541003e-105     
   3.998420       21.679546        3.685423e-95      
   3.998420       22.067523        9.099785e-86      
   3.998420       22.435100        5.696282e-77      
   3.998420       22.781284        7.391901e-69      
   3.998420       23.105144        1.339648e-61      
   3.998420       23.405806        -6.313650e-55     
   3.998420       23.682459        -4.555288e-48     
   3.998420       23.934358        -2.785590e-42     
   3.998420       24.160824        -2.681332e-37     
   3.998420       24.361246        -4.616029e-33     
   3.998420       24.535084        -1.531297e-29     
   3.998420       24.681869        -1.042718e-26     
   3.998420       24.801206        -1.542481e-24     
   3.998420       24.892773        -5.333556e-23     
   3.998420       24.956326        -3.934632e-22     
   3.998420       24.991706        -1.528261e-21     
   4.008294       0.001580         3.539714e-10      
   4.008294       0.008319         1.864056e-09      
   4.008294       0.020424         4.577408e-09      
   4.008294       0.037866         8.495119e-09      
   4.008294       0.060596         1.359158e-08      
   4.008294       0.088555         1.988353e-08      
   4.008294       0.121667         2.736468e-08      
   4.008294       0.159843         3.604351e-08      
   4.008294       0.202979         4.593960e-08      
   4.008294       0.250960         5.708028e-08      
   4.008294       0.303656         6.949818e-08      
   4.008294       0.360925         8.322095e-08      
   4.008294       0.422613         9.824953e-08      
   4.008294       0.488552         1.145183e-07      
   4.008294       0.558567         1.318250e-07      
   4.008294       0.632467         1.497132e-07      
   4.008294       0.710054         1.672759e-07      
   4.008294       0.791119         1.828379e-07      
   4.008294       0.875442         1.934448e-07      
   4.008294       0.962797         1.940630e-07      
   4.008294       1.052948         1.763577e-07      
   4.008294       1.145653         1.269102e-07      
   4.008294       1.240660         2.480006e-08      
   4.008294       1.337714         -1.612040e-07     
   4.008294       1.436554         -4.746658e-07     
   4.008294       1.536913         -9.691099e-07     
   4.008294       1.638520         -1.691889e-06     
   4.008294       1.741102         -2.631997e-06     
   4.008294       1.844381         -3.581967e-06     
   4.008294       1.948080         -3.808363e-06     
   4.008294       2.051920         -1.319636e-06     
   4.008294       2.155619         8.666936e-06      
   4.008294       2.258898         3.675880e-05      
   4.008294       2.361480         1.050435e-04      
   4.008294       2.463087         2.569487e-04      
   4.008294       2.563446         5.731317e-04      
   4.008294       2.662286         1.194714e-03      
   4.008294       2.759340         2.353141e-03      
   4.008294       2.854347         4.401683e-03      
   4.008294       2.947052         7.837384e-03      
   4.008294       3.037203         1.329612e-02      
   4.008294       3.124558         2.150167e-02      
   4.008294       3.208881         3.315719e-02      
   4.008294       3.289946         4.878660e-02      
   4.008294       3.367533         6.855949e-02      
   4.008294       3.441433         9.215374e-02      
   4.008294       3.511448         1.187113e-01      
   4.008294       3.577387         1.469189e-01      
   4.008294       3.639075         1.752024e-01      
   4.008294       3.696344         2.019856e-01      
   4.008294       3.749040         2.259396e-01      
   4.008294       3.797021         2.461614e-01      
   4.008294       3.840157         2.622469e-01      
   4.008294       3.878333         2.742608e-01      
   4.008294       3.911445         2.826327e-01      
   4.008294       3.939404         2.880187e-01      
   4.008294       3.962134         2.911639e-01      
   4.008294       3.979576         2.927869e-01      
   4.008294       3.991681         2.934971e-01      
   4.008294       3.998420         2.937422e-01      
   4.008294       4.008294         2.939050e-01      
   4.008294       4.043674         2.925479e-01      
   4.008294       4.107227         2.824856e-01      
   4.008294       4.198794         2.521405e-01      
   4.008294       4.318131         1.928788e-01      
   4.008294       4.464916         1.132797e-01      
   4.008294       4.638754         4.377012e-02      
   4.008294       4.839176         8.969346e-03      
   4.008294       5.065642         7.063513e-04      
   4.008294       5.317541         9.901045e-06      
   4.008294       5.594194         -8.235238e-08     
   4.008294       5.894856         8.330658e-09      
   4.008294       6.218716         7.290202e-11      
   4.008294       6.564900         -1.775214e-12     
   4.008294       6.932477         5.867547e-14      
   4.008294       7.320454         6.874542e-16      
   4.008294       7.727785         2.327256e-18      
   4.008294       8.153374         -4.121356e-20     
   4.008294       8.596072         7.447895e-23      
   4.008294       9.054685         -2.365557e-26     
   4.008294       9.527979         -6.827071e-30     
   4.008294       10.014676        2.227352e-33      
   4.008294       10.513464        -1.213392e-37     
   4.008294       11.023000        1.404586e-42      
   4.008294       11.541909        -7.912312e-49     
   4.008294       12.068793        -1.323539e-53     
   4.008294       12.602230        1.400070e-59      
   4.008294       13.140784        -2.932210e-66     
   4.008294       13.683002        1.471892e-73      
   4.008294       14.227422        -1.896524e-81     
   4.008294       14.772578        6.632691e-90      
   4.008294       15.316998        -6.745062e-99     
   4.008294       15.859216        2.189008e-108     
   4.008294       16.397770       -2.559777e-118     
   4.008294       16.931207        1.243579e-128     
   4.008294       17.458091       -2.896480e-139     
   4.008294       17.977000        3.677506e-150     
   4.008294       18.486536       -2.858865e-161     
   4.008294       18.985324        2.323311e-159     
   4.008294       19.472021        3.644541e-148     
   4.008294       19.945315        4.804881e-137     
   4.008294       20.403928        4.307055e-126     
   4.008294       20.846626        2.125647e-115     
   4.008294       21.272215        4.697085e-105     
   4.008294       21.679546        3.811397e-95      
   4.008294       22.067523        9.408068e-86      
   4.008294       22.435100        5.886047e-77      
   4.008294       22.781284        7.628177e-69      
   4.008294       23.105144        1.374579e-61      
   4.008294       23.405806        -6.669811e-55     
   4.008294       23.682459        -4.745000e-48     
   4.008294       23.934358        -2.895753e-42     
   4.008294       24.160824        -2.784776e-37     
   4.008294       24.361246        -4.790815e-33     
   4.008294       24.535084        -1.588316e-29     
   4.008294       24.681869        -1.080958e-26     
   4.008294       24.801206        -1.598300e-24     
   4.008294       24.892773        -5.524430e-23     
   4.008294       24.956326        -4.074269e-22     
   4.008294       24.991706        -1.581986e-21     
   4.043674       0.001580         2.875117e-10      
   4.043674       0.008319         1.514079e-09      
   4.043674       0.020424         3.718144e-09      
   4.043674       0.037866         6.900902e-09      
   4.043674       0.060596         1.104485e-08      
   4.043674       0.088555         1.616573e-08      
   4.043674       0.121667         2.226664e-08      
   4.043674       0.159843         2.936589e-08      
   4.043674       0.202979         3.749906e-08      
   4.043674       0.250960         4.671746e-08      
   4.043674       0.303656         5.708997e-08      
   4.043674       0.360925         6.870022e-08      
   4.043674       0.422613         8.163654e-08      
   4.043674       0.488552         9.597049e-08      
   4.043674       0.558567         1.117159e-07      
   4.043674       0.632467         1.287553e-07      
   4.043674       0.710054         1.467126e-07      
   4.043674       0.791119         1.647372e-07      
   4.043674       0.875442         1.811451e-07      
   4.043674       0.962797         1.928343e-07      
   4.043674       1.052948         1.943542e-07      
   4.043674       1.145653         1.764742e-07      
   4.043674       1.240660         1.240898e-07      
   4.043674       1.337714         1.342689e-08      
   4.043674       1.436554         -1.910147e-07     
   4.043674       1.536913         -5.379373e-07     
   4.043674       1.638520         -1.083724e-06     
   4.043674       1.741102         -1.866050e-06     
   4.043674       1.844381         -2.823971e-06     
   4.043674       1.948080         -3.592309e-06     
   4.043674       2.051920         -3.020022e-06     
   4.043674       2.155619         1.882246e-06      
   4.043674       2.258898         1.810533e-05      
   4.043674       2.361480         6.082450e-05      
   4.043674       2.463087         1.609710e-04      
   4.043674       2.563446         3.779405e-04      
   4.043674       2.662286         8.190776e-04      
   4.043674       2.759340         1.666289e-03      
   4.043674       2.854347         3.206910e-03      
   4.043674       2.947052         5.860530e-03      
   4.043674       3.037203         1.018719e-02      
   4.043674       3.124558         1.685848e-02      
   4.043674       3.208881         2.657638e-02      
   4.043674       3.289946         3.993905e-02      
   4.043674       3.367533         5.727573e-02      
   4.043674       3.441433         7.849606e-02      
   4.043674       3.511448         1.030083e-01      
   4.043674       3.577387         1.297465e-01      
   4.043674       3.639075         1.573133e-01      
   4.043674       3.696344         1.842027e-01      
   4.043674       3.749040         2.090420e-01      
   4.043674       3.797021         2.307892e-01      
   4.043674       3.840157         2.488411e-01      
   4.043674       3.878333         2.630438e-01      
   4.043674       3.911445         2.736223e-01      
   4.043674       3.939404         2.810635e-01      
   4.043674       3.962134         2.859866e-01      
   4.043674       3.979576         2.890261e-01      
   4.043674       3.991681         2.907405e-01      
   4.043674       3.998420         2.915508e-01      
   4.043674       4.008294         2.925479e-01      
   4.043674       4.043674         2.942136e-01      
   4.043674       4.107227         2.894715e-01      
   4.043674       4.198794         2.656078e-01      
   4.043674       4.318131         2.108649e-01      
   4.043674       4.464916         1.298830e-01      
   4.043674       4.638754         5.326747e-02      
   4.043674       4.839176         1.176044e-02      
   4.043674       5.065642         1.023714e-03      
   4.043674       5.317541         1.807308e-05      
   4.043674       5.594194         -1.277680e-07     
   4.043674       5.894856         1.020173e-08      
   4.043674       6.218716         1.286347e-10      
   4.043674       6.564900         -2.578389e-12     
   4.043674       6.932477         7.919781e-14      
   4.043674       7.320454         8.595038e-16      
   4.043674       7.727785         3.520123e-18      
   4.043674       8.153374         -5.448741e-20     
   4.043674       8.596072         9.594532e-23      
   4.043674       9.054685         -2.933803e-26     
   4.043674       9.527979         -9.015439e-30     
   4.043674       10.014676        2.820320e-33      
   4.043674       10.513464        -1.489890e-37     
   4.043674       11.023000        1.610474e-42      
   4.043674       11.541909        3.481930e-49      
   4.043674       12.068793        -1.953164e-53     
   4.043674       12.602230        1.921577e-59      
   4.043674       13.140784        -3.921168e-66     
   4.043674       13.683002        1.939814e-73      
   4.043674       14.227422        -2.474523e-81     
   4.043674       14.772578        8.588728e-90      
   4.043674       15.316998        -8.684354e-99     
   4.043674       15.859216        2.808464e-108     
   4.043674       16.397770       -3.282782e-118     
   4.043674       16.931207        1.599815e-128     
   4.043674       17.458091       -3.746191e-139     
   4.043674       17.977000        4.779453e-150     
   4.043674       18.486536       -3.722210e-161     
   4.043674       18.985324        2.407397e-159     
   4.043674       19.472021        3.776034e-148     
   4.043674       19.945315        4.977589e-137     
   4.043674       20.403928        4.461149e-126     
   4.043674       20.846626        2.201240e-115     
   4.043674       21.272215        4.862756e-105     
   4.043674       21.679546        3.944217e-95      
   4.043674       22.067523        9.729545e-86      
   4.043674       22.435100        6.079737e-77      
   4.043674       22.781284        7.856007e-69      
   4.043674       23.105144        1.397210e-61      
   4.043674       23.405806        -7.230217e-55     
   4.043674       23.682459        -4.990204e-48     
   4.043674       23.934358        -3.031943e-42     
   4.043674       24.160824        -2.909811e-37     
   4.043674       24.361246        -4.998392e-33     
   4.043674       24.535084        -1.654930e-29     
   4.043674       24.681869        -1.124945e-26     
   4.043674       24.801206        -1.661617e-24     
   4.043674       24.892773        -5.738345e-23     
   4.043674       24.956326        -4.229314e-22     
   4.043674       24.991706        -1.640984e-21     
   4.107227       0.001580         1.827641e-10      
   4.107227       0.008319         9.624705e-10      
   4.107227       0.020424         2.363691e-09      
   4.107227       0.037866         4.387472e-09      
   4.107227       0.060596         7.025913e-09      
   4.107227       0.088555         1.029101e-08      
   4.107227       0.121667         1.419265e-08      
   4.107227       0.159843         1.875346e-08      
   4.107227       0.202979         2.401500e-08      
   4.107227       0.250960         3.003787e-08      
   4.107227       0.303656         3.690670e-08      
   4.107227       0.360925         4.473357e-08      
   4.107227       0.422613         5.365907e-08      
   4.107227       0.488552         6.384933e-08      
   4.107227       0.558567         7.548539e-08      
   4.107227       0.632467         8.873868e-08      
   4.107227       0.710054         1.037216e-07      
   4.107227       0.791119         1.203938e-07      
   4.107227       0.875442         1.383933e-07      
   4.107227       0.962797         1.567381e-07      
   4.107227       1.052948         1.733160e-07      
   4.107227       1.145653         1.840339e-07      
   4.107227       1.240660         1.814476e-07      
   4.107227       1.337714         1.526616e-07      
   4.107227       1.436554         7.635983e-08      
   4.107227       1.536913         -8.076504e-08     
   4.107227       1.638520         -3.665908e-07     
   4.107227       1.741102         -8.399967e-07     
   4.107227       1.844381         -1.547253e-06     
   4.107227       1.948080         -2.444586e-06     
   4.107227       2.051920         -3.190686e-06     
   4.107227       2.155619         -2.648203e-06     
   4.107227       2.258898         2.223180e-06      
   4.107227       2.361480         1.866198e-05      
   4.107227       2.463087         6.255268e-05      
   4.107227       2.563446         1.664401e-04      
   4.107227       2.662286         3.928218e-04      
   4.107227       2.759340         8.541053e-04      
   4.107227       2.854347         1.738962e-03      
   4.107227       2.947052         3.341168e-03      
   4.107227       3.037203         6.081557e-03      
   4.107227       3.124558         1.050815e-02      
   4.107227       3.208881         1.725769e-02      
   4.107227       3.289946         2.696782e-02      
   4.107227       3.367533         4.014519e-02      
   4.107227       3.441433         5.701650e-02      
   4.107227       3.511448         7.740697e-02      
   4.107227       3.577387         1.006923e-01      
   4.107227       3.639075         1.258512e-01      
   4.107227       3.696344         1.516120e-01      
   4.107227       3.749040         1.766542e-01      
   4.107227       3.797021         1.998102e-01      
   4.107227       3.840157         2.202155e-01      
   4.107227       3.878333         2.373796e-01      
   4.107227       3.911445         2.511770e-01      
   4.107227       3.939404         2.617761e-01      
   4.107227       3.962134         2.695364e-01      
   4.107227       3.979576         2.748996e-01      
   4.107227       3.991681         2.782939e-01      
   4.107227       3.998420         2.800610e-01      
   4.107227       4.008294         2.824856e-01      
   4.107227       4.043674         2.894715e-01      
   4.107227       4.107227         2.946808e-01      
   4.107227       4.198794         2.842817e-01      
   4.107227       4.318131         2.413967e-01      
   4.107227       4.464916         1.620689e-01      
   4.107227       4.638754         7.401607e-02      
   4.107227       4.839176         1.867762e-02      
   4.107227       5.065642         1.936044e-03      
   4.107227       5.317541         4.777514e-05      
   4.107227       5.594194         -2.052728e-07     
   4.107227       5.894856         1.373462e-08      
   4.107227       6.218716         3.027415e-10      
   4.107227       6.564900         -4.610755e-12     
   4.107227       6.932477         1.296492e-13      
   4.107227       7.320454         1.368149e-15      
   4.107227       7.727785         6.451533e-18      
   4.107227       8.153374         -8.758302e-20     
   4.107227       8.596072         1.466286e-22      
   4.107227       9.054685         -3.881467e-26     
   4.107227       9.527979         -1.641735e-29     
   4.107227       10.014676        4.537024e-33      
   4.107227       10.513464        -2.264217e-37     
   4.107227       11.023000        2.203457e-42      
   4.107227       11.541909        3.038724e-48      
   4.107227       12.068793        -3.522900e-53     
   4.107227       12.602230        3.220574e-59      
   4.107227       13.140784        -6.364559e-66     
   4.107227       13.683002        3.083111e-73      
   4.107227       14.227422        -3.868162e-81     
   4.107227       14.772578        1.323527e-89      
   4.107227       15.316998        -1.322244e-98     
   4.107227       15.859216        4.241843e-108     
   4.107227       16.397770       -4.954122e-118     
   4.107227       16.931207        2.434582e-128     
   4.107227       17.458091       -5.784564e-139     
   4.107227       17.977000        7.482223e-150     
   4.107227       18.486536       -5.864511e-161     
   4.107227       18.985324        2.096034e-159     
   4.107227       19.472021        3.287369e-148     
   4.107227       19.945315        4.332982e-137     
   4.107227       20.403928        3.882933e-126     
   4.107227       20.846626        1.915627e-115     
   4.107227       21.272215        4.230892e-105     
   4.107227       21.679546        3.430629e-95      
   4.107227       22.067523        8.458346e-86      
   4.107227       22.435100        5.280345e-77      
   4.107227       22.781284        6.807100e-69      
   4.107227       23.105144        1.197795e-61      
   4.107227       23.405806        -6.519027e-55     
   4.107227       23.682459        -4.397388e-48     
   4.107227       23.934358        -2.662744e-42     
   4.107227       24.160824        -2.551598e-37     
   4.107227       24.361246        -4.378174e-33     
   4.107227       24.535084        -1.448138e-29     
   4.107227       24.681869        -9.834856e-27     
   4.107227       24.801206        -1.451520e-24     
   4.107227       24.892773        -5.009437e-23     
   4.107227       24.956326        -3.690239e-22     
   4.107227       24.991706        -1.430949e-21     
   4.198794       0.001580         8.061910e-11      
   4.198794       0.008319         4.245599e-10      
   4.198794       0.020424         1.042742e-09      
   4.198794       0.037866         1.935785e-09      
   4.198794       0.060596         3.102217e-09      
   4.198794       0.088555         4.548438e-09      
   4.198794       0.121667         6.283649e-09      
   4.198794       0.159843         8.324410e-09      
   4.198794       0.202979         1.070049e-08      
   4.198794       0.250960         1.345551e-08      
   4.198794       0.303656         1.665141e-08      
   4.198794       0.360925         2.037314e-08      
   4.198794       0.422613         2.473359e-08      
   4.198794       0.488552         2.987868e-08      
   4.198794       0.558567         3.599207e-08      
   4.198794       0.632467         4.329788e-08      
   4.198794       0.710054         5.205825e-08      
   4.198794       0.791119         6.255961e-08      
   4.198794       0.875442         7.507594e-08      
   4.198794       0.962797         8.978760e-08      
   4.198794       1.052948         1.066180e-07      
   4.198794       1.145653         1.249225e-07      
   4.198794       1.240660         1.429225e-07      
   4.198794       1.337714         1.567137e-07      
   4.198794       1.436554         1.586094e-07      
   4.198794       1.536913         1.345358e-07      
   4.198794       1.638520         6.033666e-08      
   4.198794       1.741102         -1.024465e-07     
   4.198794       1.844381         -4.084806e-07     
   4.198794       1.948080         -9.192639e-07     
   4.198794       2.051920         -1.658573e-06     
   4.198794       2.155619         -2.475343e-06     
   4.198794       2.258898         -2.687022e-06     
   4.198794       2.361480         -2.435933e-07     
   4.198794       2.463087         1.007675e-05      
   4.198794       2.563446         4.027349e-05      
   4.198794       2.662286         1.157783e-04      
   4.198794       2.759340         2.866981e-04      
   4.198794       2.854347         6.449387e-04      
   4.198794       2.947052         1.347075e-03      
   4.198794       3.037203         2.639668e-03      
   4.198794       3.124558         4.878980e-03      
   4.198794       3.208881         8.532312e-03      
   4.198794       3.289946         1.414677e-02      
   4.198794       3.367533         2.227659e-02      
   4.198794       3.441433         3.337380e-02      
   4.198794       3.511448         4.766457e-02      
   4.198794       3.577387         6.504779e-02      
   4.198794       3.639075         8.505239e-02      
   4.198794       3.696344         1.068745e-01      
   4.198794       3.749040         1.294890e-01      
   4.198794       3.797021         1.518050e-01      
   4.198794       3.840157         1.728230e-01      
   4.198794       3.878333         1.917536e-01      
   4.198794       3.911445         2.080787e-01      
   4.198794       3.939404         2.215497e-01      
   4.198794       3.962134         2.321395e-01      
   4.198794       3.979576         2.399672e-01      
   4.198794       3.991681         2.452169e-01      
   4.198794       3.998420         2.480669e-01      
   4.198794       4.008294         2.521405e-01      
   4.198794       4.043674         2.656078e-01      
   4.198794       4.107227         2.842817e-01      
   4.198794       4.198794         2.951672e-01      
   4.198794       4.318131         2.765643e-01      
   4.198794       4.464916         2.105526e-01      
   4.198794       4.638754         1.124384e-01      
   4.198794       4.839176         3.440409e-02      
   4.198794       5.065642         4.552636e-03      
   4.198794       5.317541         1.658342e-04      
   4.198794       5.594194         2.140741e-08      
   4.198794       5.894856         1.648765e-08      
   4.198794       6.218716         8.403694e-10      
   4.198794       6.564900         -8.519677e-12     
   4.198794       6.932477         2.283810e-13      
   4.198794       7.320454         3.191181e-15      
   4.198794       7.727785         1.156946e-17      
   4.198794       8.153374         -1.604449e-19     
   4.198794       8.596072         2.436569e-22      
   4.198794       9.054685         -3.077817e-26     
   4.198794       9.527979         -4.639024e-29     
   4.198794       10.014676        1.023680e-32      
   4.198794       10.513464        -4.787548e-37     
   4.198794       11.023000        4.532990e-42      
   4.198794       11.541909        5.392636e-48      
   4.198794       12.068793        -6.639064e-53     
   4.198794       12.602230        5.973706e-59      
   4.198794       13.140784        -1.157059e-65     
   4.198794       13.683002        5.480756e-73      
   4.198794       14.227422        -6.707411e-81     
   4.198794       14.772578        2.233680e-89      
   4.198794       15.316998        -2.172035e-98     
   4.198794       15.859216        6.828285e-108     
   4.198794       16.397770       -7.958396e-118     
   4.198794       16.931207        4.005248e-128     
   4.198794       17.458091       -9.915581e-139     
   4.198794       17.977000        1.332847e-149     
   4.198794       18.486536       -1.065494e-160     
   4.198794       18.985324        1.341212e-159     
   4.198794       19.472021        2.103423e-148     
   4.198794       19.945315        2.772306e-137     
   4.198794       20.403928        2.484199e-126     
   4.198794       20.846626        1.225470e-115     
   4.198794       21.272215        2.706314e-105     
   4.198794       21.679546        2.194088e-95      
   4.198794       22.067523        5.408259e-86      
   4.198794       22.435100        3.374608e-77      
   4.198794       22.781284        4.344944e-69      
   4.198794       23.105144        7.600378e-62      
   4.198794       23.405806        -4.252227e-55     
   4.198794       23.682459        -2.833851e-48     
   4.198794       23.934358        -1.713065e-42     
   4.198794       24.160824        -1.640419e-37     
   4.198794       24.361246        -2.813340e-33     
   4.198794       24.535084        -9.301309e-30     
   4.198794       24.681869        -6.314188e-27     
   4.198794       24.801206        -9.315481e-25     
   4.198794       24.892773        -3.213839e-23     
   4.198794       24.956326        -2.366890e-22     
   4.198794       24.991706        -9.174565e-22     
   4.318131       0.001580         1.937389e-11      
   4.318131       0.008319         1.020297e-10      
   4.318131       0.020424         2.506292e-10      
   4.318131       0.037866         4.653876e-10      
   4.318131       0.060596         7.469671e-10      
   4.318131       0.088555         1.097388e-09      
   4.318131       0.121667         1.521211e-09      
   4.318131       0.159843         2.025563e-09      
   4.318131       0.202979         2.623109e-09      
   4.318131       0.250960         3.332447e-09      
   4.318131       0.303656         4.180250e-09      
   4.318131       0.360925         5.203913e-09      
   4.318131       0.422613         6.454804e-09      
   4.318131       0.488552         8.002525e-09      
   4.318131       0.558567         9.940379e-09      
   4.318131       0.632467         1.239233e-08      
   4.318131       0.710054         1.552142e-08      
   4.318131       0.791119         1.953935e-08      
   4.318131       0.875442         2.471537e-08      
   4.318131       0.962797         3.138096e-08      
   4.318131       1.052948         3.992144e-08      
   4.318131       1.145653         5.073737e-08      
   4.318131       1.240660         6.414207e-08      
   4.318131       1.337714         8.013262e-08      
   4.318131       1.436554         9.792350e-08      
   4.318131       1.536913         1.150571e-07      
   4.318131       1.638520         1.258059e-07      
   4.318131       1.741102         1.184998e-07      
   4.318131       1.844381         7.149884e-08      
   4.318131       1.948080         -5.174233e-08     
   4.318131       2.051920         -3.055182e-07     
   4.318131       2.155619         -7.524021e-07     
   4.318131       2.258898         -1.413276e-06     
   4.318131       2.361480         -2.108164e-06     
   4.318131       2.463087         -2.036075e-06     
   4.318131       2.563446         1.211539e-06      
   4.318131       2.662286         1.375798e-05      
   4.318131       2.759340         4.955682e-05      
   4.318131       2.854347         1.377126e-04      
   4.318131       2.947052         3.342066e-04      
   4.318131       3.037203         7.384522e-04      
   4.318131       3.124558         1.513044e-03      
   4.318131       3.208881         2.901652e-03      
   4.318131       3.289946         5.236166e-03      
   4.318131       3.367533         8.922203e-03      
   4.318131       3.441433         1.439461e-02      
   4.318131       3.511448         2.204322e-02      
   4.318131       3.577387         3.212170e-02      
   4.318131       3.639075         4.466358e-02      
   4.318131       3.696344         5.943268e-02      
   4.318131       3.749040         7.592671e-02      
   4.318131       3.797021         9.343596e-02      
   4.318131       3.840157         1.111410e-01      
   4.318131       3.878333         1.282222e-01      
   4.318131       3.911445         1.439531e-01      
   4.318131       3.939404         1.577598e-01      
   4.318131       3.962134         1.692399e-01      
   4.318131       3.979576         1.781474e-01      
   4.318131       3.991681         1.843555e-01      
   4.318131       3.998420         1.878145e-01      
   4.318131       4.008294         1.928788e-01      
   4.318131       4.043674         2.108649e-01      
   4.318131       4.107227         2.413967e-01      
   4.318131       4.198794         2.765643e-01      
   4.318131       4.318131         2.954933e-01      
   4.318131       4.464916         2.658549e-01      
   4.318131       4.638754         1.746063e-01      
   4.318131       4.839176         6.880835e-02      
   4.318131       5.065642         1.244428e-02      
   4.318131       5.317541         6.989931e-04      
   4.318131       5.594194         4.661574e-06      
   4.318131       5.894856         -2.916923e-10     
   4.318131       6.218716         2.451721e-09      
   4.318131       6.564900         -6.867638e-12     
   4.318131       6.932477         2.757757e-13      
   4.318131       7.320454         1.184748e-14      
   4.318131       7.727785         8.452715e-18      
   4.318131       8.153374         -2.909061e-19     
   4.318131       8.596072         3.334560e-22      
   4.318131       9.054685         1.684772e-25      
   4.318131       9.527979         -1.925762e-28     
   4.318131       10.014676        3.404369e-32      
   4.318131       10.513464        -1.538115e-36     
   4.318131       11.023000        1.672185e-41      
   4.318131       11.541909        -2.013543e-47     
   4.318131       12.068793        -9.243553e-53     
   4.318131       12.602230        1.004855e-58      
   4.318131       13.140784        -1.987274e-65     
   4.318131       13.683002        9.167146e-73      
   4.318131       14.227422        -1.061596e-80     
   4.318131       14.772578        3.262662e-89      
   4.318131       15.316998        -2.875042e-98     
   4.318131       15.859216        8.288882e-108     
   4.318131       16.397770       -9.586896e-118     
   4.318131       16.931207        5.389144e-128     
   4.318131       17.458091       -1.568649e-138     
   4.318131       17.977000        2.396052e-149     
   4.318131       18.486536       -2.034406e-160     
   4.318131       18.985324        5.697079e-160     
   4.318131       19.472021        8.934480e-149     
   4.318131       19.945315        1.177529e-137     
   4.318131       20.403928        1.055124e-126     
   4.318131       20.846626        5.204816e-116     
   4.318131       21.272215        1.149378e-105     
   4.318131       21.679546        9.317791e-96      
   4.318131       22.067523        2.296530e-86      
   4.318131       22.435100        1.432657e-77      
   4.318131       22.781284        1.843451e-69      
   4.318131       23.105144        3.214163e-62      
   4.318131       23.405806        -1.826414e-55     
   4.318131       23.682459        -1.209295e-48     
   4.318131       23.934358        -7.304564e-43     
   4.318131       24.160824        -6.993284e-38     
   4.318131       24.361246        -1.199208e-33     
   4.318131       24.535084        -3.964235e-30     
   4.318131       24.681869        -2.690721e-27     
   4.318131       24.801206        -3.969077e-25     
   4.318131       24.892773        -1.369119e-23     
   4.318131       24.956326        -1.008189e-22     
   4.318131       24.991706        -3.906944e-22     
   4.464916       0.001580         -1.594636e-13     
   4.464916       0.008319         -8.387611e-13     
   4.464916       0.020424         -2.041150e-12     
   4.464916       0.037866         -3.738475e-12     
   4.464916       0.060596         -5.399937e-12     
   4.464916       0.088555         -6.809619e-12     
   4.464916       0.121667         -6.806069e-12     
   4.464916       0.159843         -3.840522e-12     
   4.464916       0.202979         4.798983e-12      
   4.464916       0.250960         2.309444e-11      
   4.464916       0.303656         5.682214e-11      
   4.464916       0.360925         1.142880e-10      
   4.464916       0.422613         2.073319e-10      
   4.464916       0.488552         3.527853e-10      
   4.464916       0.558567         5.745554e-10      
   4.464916       0.632467         9.066325e-10      
   4.464916       0.710054         1.397367e-09      
   4.464916       0.791119         2.115500e-09      
   4.464916       0.875442         3.158485e-09      
   4.464916       0.962797         4.663633e-09      
   4.464916       1.052948         6.822308e-09      
   4.464916       1.145653         9.896430e-09      
   4.464916       1.240660         1.423409e-08      
   4.464916       1.337714         2.027566e-08      
   4.464916       1.436554         2.853042e-08      
   4.464916       1.536913         3.948156e-08      
   4.464916       1.638520         5.333627e-08      
   4.464916       1.741102         6.946679e-08      
   4.464916       1.844381         8.527927e-08      
   4.464916       1.948080         9.411369e-08      
   4.464916       2.051920         8.171822e-08      
   4.464916       2.155619         2.119888e-08      
   4.464916       2.258898         -1.319072e-07     
   4.464916       2.361480         -4.372492e-07     
   4.464916       2.463087         -9.381796e-07     
   4.464916       2.563446         -1.545481e-06     
   4.464916       2.662286         -1.710538e-06     
   4.464916       2.759340         3.654386e-07      
   4.464916       2.854347         9.437736e-06      
   4.464916       2.947052         3.653258e-05      
   4.464916       3.037203         1.047261e-04      
   4.464916       3.124558         2.580755e-04      
   4.464916       3.208881         5.735366e-04      
   4.464916       3.289946         1.173914e-03      
   4.464916       3.367533         2.237420e-03      
   4.464916       3.441433         3.997272e-03      
   4.464916       3.511448         6.724713e-03      
   4.464916       3.577387         1.069219e-02      
   4.464916       3.639075         1.612029e-02      
   4.464916       3.696344         2.311963e-02      
   4.464916       3.749040         3.164397e-02      
   4.464916       3.797021         4.146914e-02      
   4.464916       3.840157         5.220535e-02      
   4.464916       3.878333         6.333977e-02      
   4.464916       3.911445         7.429734e-02      
   4.464916       3.939404         8.450441e-02      
   4.464916       3.962134         9.344155e-02      
   4.464916       3.979576         1.006782e-01      
   4.464916       3.991681         1.058885e-01      
   4.464916       3.998420         1.088538e-01      
   4.464916       4.008294         1.132797e-01      
   4.464916       4.043674         1.298830e-01      
   4.464916       4.107227         1.620689e-01      
   4.464916       4.198794         2.105526e-01      
   4.464916       4.318131         2.658549e-01      
   4.464916       4.464916         2.954583e-01      
   4.464916       4.638754         2.517326e-01      
   4.464916       4.839176         1.360785e-01      
   4.464916       5.065642         3.610522e-02      
   4.464916       5.317541         3.300893e-03      
   4.464916       5.594194         5.714548e-05      
   4.464916       5.894856         -7.325115e-08     
   4.464916       6.218716         6.008539e-09      
   4.464916       6.564900         9.109535e-11      
   4.464916       6.932477         -8.651847e-13     
   4.464916       7.320454         5.746022e-14      
   4.464916       7.727785         -7.595220e-17     
   4.464916       8.153374         -4.098610e-19     
   4.464916       8.596072         -1.350663e-22     
   4.464916       9.054685         1.543697e-24      
   4.464916       9.527979         -9.154137e-28     
   4.464916       10.014676        1.412356e-31      
   4.464916       10.513464        -6.258577e-36     
   4.464916       11.023000        7.620998e-41      
   4.464916       11.541909        -2.159674e-46     
   4.464916       12.068793        4.451860e-53      
   4.464916       12.602230        9.639635e-59      
   4.464916       13.140784        -2.255477e-65     
   4.464916       13.683002        9.181936e-73      
   4.464916       14.227422        -7.151380e-81     
   4.464916       14.772578        4.983362e-90      
   4.464916       15.316998        1.570087e-98      
   4.464916       15.859216       -9.978717e-108     
   4.464916       16.397770        1.165556e-117     
   4.464916       16.931207       -1.556193e-128     
   4.464916       17.458091       -1.340326e-138     
   4.464916       17.977000        3.874622e-149     
   4.464916       18.486536       -3.915099e-160     
   4.464916       18.985324        1.363018e-160     
   4.464916       19.472021        2.137456e-149     
   4.464916       19.945315        2.816929e-138     
   4.464916       20.403928        2.523958e-127     
   4.464916       20.846626        1.244955e-116     
   4.464916       21.272215        2.748983e-106     
   4.464916       21.679546        2.228265e-96      
   4.464916       22.067523        5.490775e-87      
   4.464916       22.435100        3.423867e-78      
   4.464916       22.781284        4.400527e-70      
   4.464916       23.105144        7.628180e-63      
   4.464916       23.405806        -4.452124e-56     
   4.464916       23.682459        -2.914917e-49     
   4.464916       23.934358        -1.758154e-43     
   4.464916       24.160824        -1.682396e-38     
   4.464916       24.361246        -2.884034e-34     
   4.464916       24.535084        -9.530739e-31     
   4.464916       24.681869        -6.466840e-28     
   4.464916       24.801206        -9.536138e-26     
   4.464916       24.892773        -3.288452e-24     
   4.464916       24.956326        -2.420969e-23     
   4.464916       24.991706        -9.377797e-23     
   4.638754       0.001580         -1.380863e-12     
   4.638754       0.008319         -7.271749e-12     
   4.638754       0.020424         -1.785613e-11     
   4.638754       0.037866         -3.313989e-11     
   4.638754       0.060596         -5.298670e-11     
   4.638754       0.088555         -7.746097e-11     
   4.638754       0.121667         -1.064851e-10     
   4.638754       0.159843         -1.400203e-10     
   4.638754       0.202979         -1.780149e-10     
   4.638754       0.250960         -2.203946e-10     
   4.638754       0.303656         -2.670330e-10     
   4.638754       0.360925         -3.176857e-10     
   4.638754       0.422613         -3.718780e-10     
   4.638754       0.488552         -4.287129e-10     
   4.638754       0.558567         -4.865558e-10     
   4.638754       0.632467         -5.425236e-10     
   4.638754       0.710054         -5.916692e-10     
   4.638754       0.791119         -6.256904e-10     
   4.638754       0.875442         -6.309045e-10     
   4.638754       0.962797         -5.851023e-10     
   4.638754       1.052948         -4.527200e-10     
   4.638754       1.145653         -1.775528e-10     
   4.638754       1.240660         3.279779e-10      
   4.638754       1.337714         1.198068e-09      
   4.638754       1.436554         2.633935e-09      
   4.638754       1.536913         4.928362e-09      
   4.638754       1.638520         8.488709e-09      
   4.638754       1.741102         1.384190e-08      
   4.638754       1.844381         2.158169e-08      
   4.638754       1.948080         3.217328e-08      
   4.638754       2.051920         4.544879e-08      
   4.638754       2.155619         5.950022e-08      
   4.638754       2.258898         6.852419e-08      
   4.638754       2.361480         5.913604e-08      
   4.638754       2.463087         5.219263e-09      
   4.638754       2.563446         -1.362055e-07     
   4.638754       2.662286         -4.183509e-07     
   4.638754       2.759340         -8.595062e-07     
   4.638754       2.854347         -1.292996e-06     
   4.638754       2.947052         -9.747647e-07     
   4.638754       3.037203         2.297949e-06      
   4.638754       3.124558         1.392891e-05      
   4.638754       3.208881         4.556311e-05      
   4.638754       3.289946         1.197169e-04      
   4.638754       3.367533         2.757546e-04      
   4.638754       3.441433         5.759633e-04      
   4.638754       3.511448         1.109229e-03      
   4.638754       3.577387         1.988953e-03      
   4.638754       3.639075         3.342205e-03      
   4.638754       3.696344         5.289263e-03      
   4.638754       3.749040         7.916155e-03      
   4.638754       3.797021         1.124636e-02      
   4.638754       3.840157         1.521950e-02      
   4.638754       3.878333         1.968362e-02      
   4.638754       3.911445         2.440403e-02      
   4.638754       3.939404         2.908683e-02      
   4.638754       3.962134         3.341191e-02      
   4.638754       3.979576         3.706848e-02      
   4.638754       3.991681         3.978748e-02      
   4.638754       3.998420         4.136753e-02      
   4.638754       4.008294         4.377012e-02      
   4.638754       4.043674         5.326747e-02      
   4.638754       4.107227         7.401607e-02      
   4.638754       4.198794         1.124384e-01      
   4.638754       4.318131         1.746063e-01      
   4.638754       4.464916         2.517326e-01      
   4.638754       4.638754         2.948585e-01      
   4.638754       4.839176         2.339285e-01      
   4.638754       5.065642         9.829492e-02      
   4.638754       5.317541         1.570302e-02      
   4.638754       5.594194         5.937488e-04      
   4.638754       5.894856         1.626828e-06      
   4.638754       6.218716         6.133582e-09      
   4.638754       6.564900         7.851190e-10      
   4.638754       6.932477         -5.778671e-12     
   4.638754       7.320454         2.393720e-13      
   4.638754       7.727785         -9.480310e-17     
   4.638754       8.153374         -1.869876e-18     
   4.638754       8.596072         -1.108538e-21     
   4.638754       9.054685         6.443513e-24      
   4.638754       9.527979         -3.411706e-27     
   4.638754       10.014676        4.753025e-31      
   4.638754       10.513464        -1.843512e-35     
   4.638754       11.023000        1.750762e-40      
   4.638754       11.541909        -1.656913e-46     
   4.638754       12.068793        -8.186231e-52     
   4.638754       12.602230        7.396000e-58      
   4.638754       13.140784        -1.172667e-64     
   4.638754       13.683002        3.844060e-72      
   4.638754       14.227422        -2.178549e-80     
   4.638754       14.772578        -2.238026e-89     
   4.638754       15.316998        1.125996e-97      
   4.638754       15.859216       -5.349633e-107     
   4.638754       16.397770        5.268658e-117     
   4.638754       16.931207       -1.686551e-128     
   4.638754       17.458091       -8.173829e-138     
   4.638754       17.977000        2.027628e-148     
   4.638754       18.486536       -1.886018e-159     
   4.638754       18.985324        8.593622e-162     
   4.638754       19.472021        1.346895e-150     
   4.638754       19.945315        1.773901e-139     
   4.638754       20.403928        1.588135e-128     
   4.638754       20.846626        7.825515e-118     
   4.638754       21.272215        1.725558e-107     
   4.638754       21.679546        1.395895e-97      
   4.638754       22.067523        3.428660e-88      
   4.638754       22.435100        2.125177e-79      
   4.638754       22.781284        2.691384e-71      
   4.638754       23.105144        4.344658e-64      
   4.638754       23.405806        -3.353650e-57     
   4.638754       23.682459        -1.964322e-50     
   4.638754       23.934358        -1.163003e-44     
   4.638754       24.160824        -1.103288e-39     
   4.638754       24.361246        -1.879023e-35     
   4.638754       24.535084        -6.172861e-32     
   4.638754       24.681869        -4.165556e-29     
   4.638754       24.801206        -6.112843e-27     
   4.638754       24.892773        -2.099290e-25     
   4.638754       24.956326        -1.540681e-24     
   4.638754       24.991706        -5.946080e-24     
   4.839176       0.001580         -2.807721e-13     
   4.839176       0.008319         -1.478604e-12     
   4.839176       0.020424         -3.631427e-12     
   4.839176       0.037866         -6.741429e-12     
   4.839176       0.060596         -1.079962e-11     
   4.839176       0.088555         -1.582599e-11     
   4.839176       0.121667         -2.184673e-11     
   4.839176       0.159843         -2.890799e-11     
   4.839176       0.202979         -3.709531e-11     
   4.839176       0.250960         -4.653457e-11     
   4.839176       0.303656         -5.740412e-11     
   4.839176       0.360925         -6.994738e-11     
   4.839176       0.422613         -8.448491e-11     
   4.839176       0.488552         -1.014261e-10     
   4.839176       0.558567         -1.212775e-10     
   4.839176       0.632467         -1.446433e-10     
   4.839176       0.710054         -1.722086e-10     
   4.839176       0.791119         -2.046871e-10     
   4.839176       0.875442         -2.427019e-10     
   4.839176       0.962797         -2.865410e-10     
   4.839176       1.052948         -3.356907e-10     
   4.839176       1.145653         -3.879769e-10     
   4.839176       1.240660         -4.380343e-10     
   4.839176       1.337714         -4.746525e-10     
   4.839176       1.436554         -4.762880e-10     
   4.839176       1.536913         -4.036951e-10     
   4.839176       1.638520         -1.882417e-10     
   4.839176       1.741102         2.857462e-10      
   4.839176       1.844381         1.205816e-09      
   4.839176       1.948080         2.862185e-09      
   4.839176       2.051920         5.676232e-09      
   4.839176       2.155619         1.020150e-08      
   4.839176       2.258898         1.703625e-08      
   4.839176       2.361480         2.651940e-08      
   4.839176       2.463087         3.797178e-08      
   4.839176       2.563446         4.810778e-08      
   4.839176       2.662286         4.818695e-08      
   4.839176       2.759340         1.987120e-08      
   4.839176       2.854347         -6.844862e-08     
   4.839176       2.947052         -2.578735e-07     
   4.839176       3.037203         -5.686722e-07     
   4.839176       3.124558         -9.010032e-07     
   4.839176       3.208881         -7.878429e-07     
   4.839176       3.289946         1.120269e-06      
   4.839176       3.367533         7.977521e-06      
   4.839176       3.441433         2.615371e-05      
   4.839176       3.511448         6.702251e-05      
   4.839176       3.577387         1.486716e-04      
   4.839176       3.639075         2.966770e-04      
   4.839176       3.696344         5.428497e-04      
   4.839176       3.749040         9.210769e-04      
   4.839176       3.797021         1.460172e-03      
   4.839176       3.840157         2.174859e-03      
   4.839176       3.878333         3.057128e-03      
   4.839176       3.911445         4.070686e-03      
   4.839176       3.939404         5.150692e-03      
   4.839176       3.962134         6.209659e-03      
   4.839176       3.979576         7.148723e-03      
   4.839176       3.991681         7.872123e-03      
   4.839176       3.998420         8.302134e-03      
   4.839176       4.008294         8.969346e-03      
   4.839176       4.043674         1.176044e-02      
   4.839176       4.107227         1.867762e-02      
   4.839176       4.198794         3.440409e-02      
   4.839176       4.318131         6.880835e-02      
   4.839176       4.464916         1.360785e-01      
   4.839176       4.638754         2.339285e-01      
   4.839176       4.839176         2.935024e-01      
   4.839176       5.065642         2.124509e-01      
   4.839176       5.317541         6.474963e-02      
   4.839176       5.594194         5.441996e-03      
   4.839176       5.894856         6.416483e-05      
   4.839176       6.218716         4.446100e-08      
   4.839176       6.564900         6.061297e-10      
   4.839176       6.932477         7.432159e-11      
   4.839176       7.320454         2.513458e-14      
   4.839176       7.727785         9.070513e-15      
   4.839176       8.153374         -3.925892e-17     
   4.839176       8.596072         4.183488e-20      
   4.839176       9.054685         -9.028313e-24     
   4.839176       9.527979         -5.858292e-30     
   4.839176       10.014676        -3.910146e-31     
   4.839176       10.513464        6.506559e-35      
   4.839176       11.023000        -2.048275e-39     
   4.839176       11.541909        1.611122e-44      
   4.839176       12.068793        -3.351383e-50     
   4.839176       12.602230        1.857245e-56      
   4.839176       13.140784        -2.735116e-63     
   4.839176       13.683002        1.073984e-70      
   4.839176       14.227422        -1.146035e-78     
   4.839176       14.772578        3.477385e-87      
   4.839176       15.316998        -3.265605e-96     
   4.839176       15.859216        1.079244e-105     
   4.839176       16.397770       -1.442677e-115     
   4.839176       16.931207        8.566611e-126     
   4.839176       17.458091       -2.385375e-136     
   4.839176       17.977000        3.322811e-147     
   4.839176       18.486536       -2.500570e-158     
   4.839176       18.985324       -3.355019e-162     
   4.839176       19.472021       -5.264353e-151     
   4.839176       19.945315       -6.942845e-140     
   4.839176       20.403928       -6.226458e-129     
   4.839176       20.846626       -3.074916e-118     
   4.839176       21.272215       -6.800864e-108     
   4.839176       21.679546        -5.525733e-98     
   4.839176       22.067523        -1.366733e-88     
   4.839176       22.435100        -8.580642e-80     
   4.839176       22.781284        -1.120432e-71     
   4.839176       23.105144        -2.079359e-64     
   4.839176       23.405806        8.695454e-58      
   4.839176       23.682459        6.680277e-51      
   4.839176       23.934358        4.127963e-45      
   4.839176       24.160824        3.996902e-40      
   4.839176       24.361246        6.912988e-36      
   4.839176       24.535084        2.302532e-32      
   4.839176       24.681869        1.573297e-29      
   4.839176       24.801206        2.333945e-27      
   4.839176       24.892773        8.087729e-26      
   4.839176       24.956326        5.975882e-25      
   4.839176       24.991706        2.323076e-24      
   5.065642       0.001580         -6.189189e-15     
   5.065642       0.008319         -3.259626e-14     
   5.065642       0.020424         -8.011339e-14     
   5.065642       0.037866         -1.488500e-13     
   5.065642       0.060596         -2.404912e-13     
   5.065642       0.088555         -3.559436e-13     
   5.065642       0.121667         -4.997762e-13     
   5.065642       0.159843         -6.779506e-13     
   5.065642       0.202979         -9.012957e-13     
   5.065642       0.250960         -1.185634e-12     
   5.065642       0.303656         -1.553719e-12     
   5.065642       0.360925         -2.037838e-12     
   5.065642       0.422613         -2.683193e-12     
   5.065642       0.488552         -3.552615e-12     
   5.065642       0.558567         -4.733051e-12     
   5.065642       0.632467         -6.344558e-12     
   5.065642       0.710054         -8.552544e-12     
   5.065642       0.791119         -1.158417e-11     
   5.065642       0.875442         -1.574957e-11     
   5.065642       0.962797         -2.146797e-11     
   5.065642       1.052948         -2.929680e-11     
   5.065642       1.145653         -3.995787e-11     
   5.065642       1.240660         -5.434563e-11     
   5.065642       1.337714         -7.348511e-11     
   5.065642       1.436554         -9.837355e-11     
   5.065642       1.536913         -1.295787e-10     
   5.065642       1.638520         -1.663598e-10     
   5.065642       1.741102         -2.048970e-10     
   5.065642       1.844381         -2.349364e-10     
   5.065642       1.948080         -2.337534e-10     
   5.065642       2.051920         -1.558625e-10     
   5.065642       2.155619         8.345472e-11      
   5.065642       2.258898         6.323388e-10      
   5.065642       2.361480         1.733256e-09      
   5.065642       2.463087         3.751994e-09      
   5.065642       2.563446         7.178292e-09      
   5.065642       2.662286         1.253598e-08      
   5.065642       2.759340         2.007964e-08      
   5.065642       2.854347         2.907238e-08      
   5.065642       2.947052         3.637860e-08      
   5.065642       3.037203         3.421199e-08      
   5.065642       3.124558         7.494451e-09      
   5.065642       3.208881         -6.696371e-08     
   5.065642       3.289946         -2.135357e-07     
   5.065642       3.367533         -4.310722e-07     
   5.065642       3.441433         -6.272870e-07     
   5.065642       3.511448         -4.921156e-07     
   5.065642       3.577387         7.014368e-07      
   5.065642       3.639075         4.346001e-06      
   5.065642       3.696344         1.271582e-05      
   5.065642       3.749040         2.900353e-05      
   5.065642       3.797021         5.700562e-05      
   5.065642       3.840157         1.003461e-04      
   5.065642       3.878333         1.612923e-04      
   5.065642       3.911445         2.394402e-04      
   5.065642       3.939404         3.307194e-04      
   5.065642       3.962134         4.271922e-04      
   5.065642       3.979576         5.179281e-04      
   5.065642       3.991681         5.908989e-04      
   5.065642       3.998420         6.354777e-04      
   5.065642       4.008294         7.063513e-04      
   5.065642       4.043674         1.023714e-03      
   5.065642       4.107227         1.936044e-03      
   5.065642       4.198794         4.552636e-03      
   5.065642       4.318131         1.244428e-02      
   5.065642       4.464916         3.610522e-02      
   5.065642       4.638754         9.829492e-02      
   5.065642       4.839176         2.124509e-01      
   5.065642       5.065642         2.912098e-01      
   5.065642       5.317541         1.876859e-01      
   5.065642       5.594194         3.819296e-02      
   5.065642       5.894856         1.432320e-03      
   5.065642       6.218716         3.712052e-06      
   5.065642       6.564900         -2.953138e-09     
   5.065642       6.932477         7.287024e-10      
   5.065642       7.320454         -5.074756e-13     
   5.065642       7.727785         7.127575e-14      
   5.065642       8.153374         -2.332655e-16     
   5.065642       8.596072         1.707121e-19      
   5.065642       9.054685         7.953132e-24      
   5.065642       9.527979         -6.212263e-27     
   5.065642       10.014676        -3.748457e-30     
   5.065642       10.513464        5.271363e-34      
   5.065642       11.023000        -1.472708e-38     
   5.065642       11.541909        1.055183e-43      
   5.065642       12.068793        -2.022599e-49     
   5.065642       12.602230        1.037186e-55      
   5.065642       13.140784        -1.413127e-62     
   5.065642       13.683002        5.121278e-70      
   5.065642       14.227422        -5.045466e-78     
   5.065642       14.772578        1.438916e-86      
   5.065642       15.316998        -1.354336e-95     
   5.065642       15.859216        5.020126e-105     
   5.065642       16.397770       -8.079995e-115     
   5.065642       16.931207        5.607942e-125     
   5.065642       17.458091       -1.700088e-135     
   5.065642       17.977000        2.416430e-146     
   5.065642       18.486536       -1.725715e-157     
   5.065642       18.985324       -6.453569e-163     
   5.065642       19.472021       -1.012466e-151     
   5.065642       19.945315       -1.335039e-140     
   5.065642       20.403928       -1.197030e-129     
   5.065642       20.846626       -5.909958e-119     
   5.065642       21.272215       -1.306676e-108     
   5.065642       21.679546        -1.061168e-98     
   5.065642       22.067523        -2.622658e-89     
   5.065642       22.435100        -1.644137e-80     
   5.065642       22.781284        -2.139021e-72     
   5.065642       23.105144        -3.905168e-65     
   5.065642       23.405806        1.790802e-58      
   5.065642       23.682459        1.314268e-51      
   5.065642       23.934358        8.075726e-46      
   5.065642       24.160824        7.801989e-41      
   5.065642       24.361246        1.347332e-36      
   5.065642       24.535084        4.481212e-33      
   5.065642       24.681869        3.057810e-30      
   5.065642       24.801206        4.530550e-28      
   5.065642       24.892773        1.568235e-26      
   5.065642       24.956326        1.157775e-25      
   5.065642       24.991706        4.495300e-25      
   5.317541       0.001580         2.451186e-15      
   5.317541       0.008319         1.290828e-14      
   5.317541       0.020424         3.169917e-14      
   5.317541       0.037866         5.884163e-14      
   5.317541       0.060596         9.413294e-14      
   5.317541       0.088555         1.377231e-13      
   5.317541       0.121667         1.895994e-13      
   5.317541       0.159843         2.498581e-13      
   5.317541       0.202979         3.186945e-13      
   5.317541       0.250960         3.964071e-13      
   5.317541       0.303656         4.834032e-13      
   5.317541       0.360925         5.801707e-13      
   5.317541       0.422613         6.872033e-13      
   5.317541       0.488552         8.048473e-13      
   5.317541       0.558567         9.330222e-13      
   5.317541       0.632467         1.070736e-12      
   5.317541       0.710054         1.215273e-12      
   5.317541       0.791119         1.360853e-12      
   5.317541       0.875442         1.496468e-12      
   5.317541       0.962797         1.602418e-12      
   5.317541       1.052948         1.644862e-12      
   5.317541       1.145653         1.567371e-12      
   5.317541       1.240660         1.278118e-12      
   5.317541       1.337714         6.309795e-13      
   5.317541       1.436554         -6.012123e-13     
   5.317541       1.536913         -2.762169e-12     
   5.317541       1.638520         -6.354143e-12     
   5.317541       1.741102         -1.207593e-11     
   5.317541       1.844381         -2.082778e-11     
   5.317541       1.948080         -3.361580e-11     
   5.317541       2.051920         -5.121494e-11     
   5.317541       2.155619         -7.331858e-11     
   5.317541       2.258898         -9.668736e-11     
   5.317541       2.361480         -1.114920e-10     
   5.317541       2.463087         -9.465399e-11     
   5.317541       2.563446         1.318635e-12      
   5.317541       2.662286         2.652877e-10      
   5.317541       2.759340         8.498371e-10      
   5.317541       2.854347         1.993786e-09      
   5.317541       2.947052         4.029200e-09      
   5.317541       3.037203         7.338858e-09      
   5.317541       3.124558         1.220428e-08      
   5.317541       3.208881         1.846014e-08      
   5.317541       3.289946         2.487578e-08      
   5.317541       3.367533         2.827230e-08      
   5.317541       3.441433         2.262956e-08      
   5.317541       3.511448         -1.112597e-09     
   5.317541       3.577387         -5.329430e-08     
   5.317541       3.639075         -1.402578e-07     
   5.317541       3.696344         -2.546547e-07     
   5.317541       3.749040         -3.627226e-07     
   5.317541       3.797021         -3.936824e-07     
   5.317541       3.840157         -2.399077e-07     
   5.317541       3.878333         2.234566e-07      
   5.317541       3.911445         1.096995e-06      
   5.317541       3.939404         2.403196e-06      
   5.317541       3.962134         4.042087e-06      
   5.317541       3.979576         5.782126e-06      
   5.317541       3.991681         7.302207e-06      
   5.317541       3.998420         8.278863e-06      
   5.317541       4.008294         9.901045e-06      
   5.317541       4.043674         1.807308e-05      
   5.317541       4.107227         4.777514e-05      
   5.317541       4.198794         1.658342e-04      
   5.317541       4.318131         6.989931e-04      
   5.317541       4.464916         3.300893e-03      
   5.317541       4.638754         1.570302e-02      
   5.317541       4.839176         6.474963e-02      
   5.317541       5.065642         1.876859e-01      
   5.317541       5.317541         2.878813e-01      
   5.317541       5.594194         1.603710e-01      
   5.317541       5.894856         1.981096e-02      
   5.317541       6.218716         2.643795e-04      
   5.317541       6.564900         6.102076e-07      
   5.317541       6.932477         -1.001544e-08     
   5.317541       7.320454         2.256974e-10      
   5.317541       7.727785         -7.533265e-13     
   5.317541       8.153374         3.501034e-15      
   5.317541       8.596072         -8.421342e-18     
   5.317541       9.054685         7.676324e-21      
   5.317541       9.527979         -2.523702e-24     
   5.317541       10.014676        3.000519e-28      
   5.317541       10.513464        -1.299920e-32     
   5.317541       11.023000        2.068464e-37      
   5.317541       11.541909        -1.186755e-42     
   5.317541       12.068793        2.293916e-48      
   5.317541       12.602230        -1.366648e-54     
   5.317541       13.140784        2.340413e-61      
   5.317541       13.683002        -1.110418e-68     
   5.317541       14.227422        1.448140e-76      
   5.317541       14.772578        -5.268493e-85     
   5.317541       15.316998        5.525746e-94      
   5.317541       15.859216       -1.750357e-103     
   5.317541       16.397770        1.766213e-113     
   5.317541       16.931207       -5.925695e-124     
   5.317541       17.458091        6.486984e-135     
   5.317541       17.977000       -2.050536e-146     
   5.317541       18.486536        2.795020e-157     
   5.317541       18.985324       -1.566393e-164     
   5.317541       19.472021       -2.454905e-153     
   5.317541       19.945315       -3.235123e-142     
   5.317541       20.403928       -2.898625e-131     
   5.317541       20.846626       -1.429823e-120     
   5.317541       21.272215       -3.157559e-110     
   5.317541       21.679546       -2.559985e-100     
   5.317541       22.067523        -6.310245e-91     
   5.317541       22.435100        -3.936627e-82     
   5.317541       22.781284        -5.061760e-74     
   5.317541       23.105144        -8.763587e-67     
   5.317541       23.405806        5.185784e-60      
   5.317541       23.682459        3.386640e-53      
   5.317541       23.934358        2.046802e-47      
   5.317541       24.160824        1.963276e-42      
   5.317541       24.361246        3.372599e-38      
   5.317541       24.535084        1.116305e-34      
   5.317541       24.681869        7.582538e-32      
   5.317541       24.801206        1.118829e-29      
   5.317541       24.892773        3.858997e-28      
   5.317541       24.956326        2.841228e-27      
   5.317541       24.991706        1.099359e-26      
   5.594194       0.001580         8.693063e-17      
   5.594194       0.008319         4.578012e-16      
   5.594194       0.020424         1.124528e-15      
   5.594194       0.037866         2.087955e-15      
   5.594194       0.060596         3.351430e-15      
   5.594194       0.088555         4.921904e-15      
   5.594194       0.121667         6.820617e-15      
   5.594194       0.159843         9.076703e-15      
   5.594194       0.202979         1.174451e-14      
   5.594194       0.250960         1.490361e-14      
   5.594194       0.303656         1.866779e-14      
   5.594194       0.360925         2.319633e-14      
   5.594194       0.422613         2.870763e-14      
   5.594194       0.488552         3.549713e-14      
   5.594194       0.558567         4.396034e-14      
   5.594194       0.632467         5.462255e-14      
   5.594194       0.710054         6.817589e-14      
   5.594194       0.791119         8.552377e-14      
   5.594194       0.875442         1.078294e-13      
   5.594194       0.962797         1.365596e-13      
   5.594194       1.052948         1.735037e-13      
   5.594194       1.145653         2.207248e-13      
   5.594194       1.240660         2.803606e-13      
   5.594194       1.337714         3.541213e-13      
   5.594194       1.436554         4.422107e-13      
   5.594194       1.536913         5.412021e-13      
   5.594194       1.638520         6.401022e-13      
   5.594194       1.741102         7.134104e-13      
   5.594194       1.844381         7.094686e-13      
   5.594194       1.948080         5.319582e-13      
   5.594194       2.051920         1.255690e-14      
   5.594194       2.155619         -1.125290e-12     
   5.594194       2.258898         -3.305299e-12     
   5.594194       2.361480         -7.118627e-12     
   5.594194       2.463087         -1.327233e-11     
   5.594194       2.563446         -2.235328e-11     
   5.594194       2.662286         -3.419563e-11     
   5.594194       2.759340         -4.649543e-11     
   5.594194       2.854347         -5.214633e-11     
   5.594194       2.947052         -3.465232e-11     
   5.594194       3.037203         3.891859e-11      
   5.594194       3.124558         2.273376e-10      
   5.594194       3.208881         6.253142e-10      
   5.594194       3.289946         1.369860e-09      
   5.594194       3.367533         2.634747e-09      
   5.594194       3.441433         4.601580e-09      
   5.594194       3.511448         7.396213e-09      
   5.594194       3.577387         1.098741e-08      
   5.594194       3.639075         1.506406e-08      
   5.594194       3.696344         1.893550e-08      
   5.594194       3.749040         2.152397e-08      
   5.594194       3.797021         2.151597e-08      
   5.594194       3.840157         1.769045e-08      
   5.594194       3.878333         9.350171e-09      
   5.594194       3.911445         -3.308241e-09     
   5.594194       3.939404         -1.907083e-08     
   5.594194       3.962134         -3.592269e-08     
   5.594194       3.979576         -5.152747e-08     
   5.594194       3.991681         -6.375601e-08     
   5.594194       3.998420         -7.105321e-08     
   5.594194       4.008294         -8.235238e-08     
   5.594194       4.043674         -1.277680e-07     
   5.594194       4.107227         -2.052728e-07     
   5.594194       4.198794         2.140741e-08      
   5.594194       4.318131         4.661574e-06      
   5.594194       4.464916         5.714548e-05      
   5.594194       4.638754         5.937488e-04      
   5.594194       4.839176         5.441996e-03      
   5.594194       5.065642         3.819296e-02      
   5.594194       5.317541         1.603710e-01      
   5.594194       5.594194         2.836363e-01      
   5.594194       5.894856         1.315769e-01      
   5.594194       6.218716         8.914242e-03      
   5.594194       6.564900         2.630546e-05      
   5.594194       6.932477         2.865470e-07      
   5.594194       7.320454         -2.210061e-09     
   5.594194       7.727785         2.649536e-11      
   5.594194       8.153374         -6.856809e-14     
   5.594194       8.596072         9.475630e-17      
   5.594194       9.054685         -7.557237e-20     
   5.594194       9.527979         3.084232e-23      
   5.594194       10.014676        -5.016834e-27     
   5.594194       10.513464        2.837945e-31      
   5.594194       11.023000        -5.210682e-36     
   5.594194       11.541909        2.961509e-41      
   5.594194       12.068793        -5.023913e-47     
   5.594194       12.602230        2.475816e-53      
   5.594194       13.140784        -3.487722e-60     
   5.594194       13.683002        1.401234e-67      
   5.594194       14.227422        -1.630317e-75     
   5.594194       14.772578        5.701912e-84      
   5.594194       15.316998        -6.368127e-93     
   5.594194       15.859216        2.451411e-102     
   5.594194       16.397770       -3.523234e-112     
   5.594194       16.931207        2.043588e-122     
   5.594194       17.458091       -5.181435e-133     
   5.594194       17.977000        6.196429e-144     
   5.594194       18.486536       -3.489439e-155     
   5.594194       18.985324        2.309269e-165     
   5.594194       19.472021        3.596601e-154     
   5.594194       19.945315        4.745286e-143     
   5.594194       20.403928        4.257986e-132     
   5.594194       20.846626        2.104367e-121     
   5.594194       21.272215        4.659145e-111     
   5.594194       21.679546        3.791317e-101     
   5.594194       22.067523        9.399385e-92      
   5.594194       22.435100        5.925034e-83      
   5.594194       22.781284        7.804532e-75      
   5.594194       23.105144        1.497340e-67      
   5.594194       23.405806        -5.156484e-61     
   5.594194       23.682459        -4.414127e-54     
   5.594194       23.934358        -2.770365e-48     
   5.594194       24.160824        -2.704561e-43     
   5.594194       24.361246        -4.707760e-39     
   5.594194       24.535084        -1.576716e-35     
   5.594194       24.681869        -1.082495e-32     
   5.594194       24.801206        -1.612178e-30     
   5.594194       24.892773        -5.603690e-29     
   5.594194       24.956326        -4.149756e-28     
   5.594194       24.991706        -1.615574e-27     
   5.894856       0.001580         -5.019317e-18     
   5.894856       0.008319         -2.643240e-17     
   5.894856       0.020424         -6.491086e-17     
   5.894856       0.037866         -1.204988e-16     
   5.894856       0.060596         -1.927326e-16     
   5.894856       0.088555         -2.819420e-16     
   5.894856       0.121667         -3.880654e-16     
   5.894856       0.159843         -5.112587e-16     
   5.894856       0.202979         -6.518356e-16     
   5.894856       0.250960         -8.102941e-16     
   5.894856       0.303656         -9.873134e-16     
   5.894856       0.360925         -1.183681e-15     
   5.894856       0.422613         -1.400129e-15     
   5.894856       0.488552         -1.637001e-15     
   5.894856       0.558567         -1.893678e-15     
   5.894856       0.632467         -2.167578e-15     
   5.894856       0.710054         -2.452519e-15     
   5.894856       0.791119         -2.736049e-15     
   5.894856       0.875442         -2.995191e-15     
   5.894856       0.962797         -3.189716e-15     
   5.894856       1.052948         -3.251688e-15     
   5.894856       1.145653         -3.069463e-15     
   5.894856       1.240660         -2.463699e-15     
   5.894856       1.337714         -1.152386e-15     
   5.894856       1.436554         1.298155e-15      
   5.894856       1.536913         5.537839e-15      
   5.894856       1.638520         1.250934e-14      
   5.894856       1.741102         2.351990e-14      
   5.894856       1.844381         4.026353e-14      
   5.894856       1.948080         6.469208e-14      
   5.894856       2.051920         9.853073e-14      
   5.894856       2.155619         1.420579e-13      
   5.894856       2.258898         1.915013e-13      
   5.894856       2.361480         2.340427e-13      
   5.894856       2.463087         2.390707e-13      
   5.894856       2.563446         1.442459e-13      
   5.894856       2.662286         -1.641735e-13     
   5.894856       2.759340         -8.742140e-13     
   5.894856       2.854347         -2.264429e-12     
   5.894856       2.947052         -4.689593e-12     
   5.894856       3.037203         -8.489261e-12     
   5.894856       3.124558         -1.374286e-11     
   5.894856       3.208881         -1.976756e-11     
   5.894856       3.289946         -2.425158e-11     
   5.894856       3.367533         -2.197116e-11     
   5.894856       3.441433         -3.189900e-12     
   5.894856       3.511448         4.789931e-11      
   5.894856       3.577387         1.540051e-10      
   5.894856       3.639075         3.439065e-10      
   5.894856       3.696344         6.490805e-10      
   5.894856       3.749040         1.097489e-09      
   5.894856       3.797021         1.705360e-09      
   5.894856       3.840157         2.469112e-09      
   5.894856       3.878333         3.360398e-09      
   5.894856       3.911445         4.326719e-09      
   5.894856       3.939404         5.298234e-09      
   5.894856       3.962134         6.198830e-09      
   5.894856       3.979576         6.957783e-09      
   5.894856       3.991681         7.518413e-09      
   5.894856       3.998420         7.842116e-09      
   5.894856       4.008294         8.330658e-09      
   5.894856       4.043674         1.020173e-08      
   5.894856       4.107227         1.373462e-08      
   5.894856       4.198794         1.648765e-08      
   5.894856       4.318131         -2.916923e-10     
   5.894856       4.464916         -7.325115e-08     
   5.894856       4.638754         1.626828e-06      
   5.894856       4.839176         6.416483e-05      
   5.894856       5.065642         1.432320e-03      
   5.894856       5.317541         1.981096e-02      
   5.894856       5.594194         1.315769e-01      
   5.894856       5.894856         2.787168e-01      
   5.894856       6.218716         1.028084e-01      
   5.894856       6.564900         3.469090e-03      
   5.894856       6.932477         -1.630588e-06     
   5.894856       7.320454         7.874847e-08      
   5.894856       7.727785         -2.133056e-10     
   5.894856       8.153374         1.396946e-12      
   5.894856       8.596072         -2.414934e-15     
   5.894856       9.054685         1.692884e-18      
   5.894856       9.527979         -4.715080e-22     
   5.894856       10.014676        5.559560e-26      
   5.894856       10.513464        -2.787372e-30     
   5.894856       11.023000        5.408673e-35      
   5.894856       11.541909        -3.558424e-40     
   5.894856       12.068793        7.144388e-46      
   5.894856       12.602230        -4.107285e-52     
   5.894856       13.140784        6.532504e-59      
   5.894856       13.683002        -2.834722e-66     
   5.894856       14.227422        3.360169e-74      
   5.894856       14.772578        -1.100325e-82     
   5.894856       15.316998        1.008459e-91      
   5.894856       15.859216       -2.563047e-101     
   5.894856       16.397770        1.544949e-111     
   5.894856       16.931207        1.560877e-122     
   5.894856       17.458091       -1.944579e-132     
   5.894856       17.977000        2.031469e-143     
   5.894856       18.486536        2.148520e-154     
   5.894856       18.985324       -6.500875e-165     
   5.894856       19.472021        7.815903e-156     
   5.894856       19.945315        1.030892e-144     
   5.894856       20.403928        9.246984e-134     
   5.894856       20.846626        4.568089e-123     
   5.894856       21.272215        1.010863e-112     
   5.894856       21.679546        8.219984e-103     
   5.894856       22.067523        2.035730e-93      
   5.894856       22.435100        1.280803e-84      
   5.894856       22.781284        1.679407e-76      
   5.894856       23.105144        3.159258e-69      
   5.894856       23.405806        -1.238450e-62     
   5.894856       23.682459        -9.890723e-56     
   5.894856       23.934358        -6.163250e-50     
   5.894856       24.160824        -6.002300e-45     
   5.894856       24.361246        -1.043125e-40     
   5.894856       24.535084        -3.488039e-37     
   5.894856       24.681869        -2.390728e-34     
   5.894856       24.801206        -3.554735e-32     
   5.894856       24.892773        -1.233680e-30     
   5.894856       24.956326        -9.125007e-30     
   5.894856       24.991706        -3.545530e-29     
   6.218716       0.001580         -3.978824e-20     
   6.218716       0.008319         -2.095394e-19     
   6.218716       0.020424         -5.148116e-19     
   6.218716       0.037866         -9.559482e-19     
   6.218716       0.060596         -1.539366e-18     
   6.218716       0.088555         -2.267975e-18     
   6.218716       0.121667         -3.160801e-18     
   6.218716       0.159843         -4.241031e-18     
   6.218716       0.202979         -5.552699e-18     
   6.218716       0.250960         -7.159900e-18     
   6.218716       0.303656         -9.154392e-18     
   6.218716       0.360925         -1.166572e-17     
   6.218716       0.422613         -1.487386e-17     
   6.218716       0.488552         -1.902667e-17     
   6.218716       0.558567         -2.446334e-17     
   6.218716       0.632467         -3.164647e-17     
   6.218716       0.710054         -4.120498e-17     
   6.218716       0.791119         -5.399062e-17     
   6.218716       0.875442         -7.114996e-17     
   6.218716       0.962797         -9.421129e-17     
   6.218716       1.052948         -1.251802e-16     
   6.218716       1.145653         -1.666244e-16     
   6.218716       1.240660         -2.217041e-16     
   6.218716       1.337714         -2.940534e-16     
   6.218716       1.436554         -3.873344e-16     
   6.218716       1.536913         -5.041312e-16     
   6.218716       1.638520         -6.436014e-16     
   6.218716       1.741102         -7.969087e-16     
   6.218716       1.844381         -9.388903e-16     
   6.218716       1.948080         -1.013674e-15     
   6.218716       2.051920         -9.112134e-16     
   6.218716       2.155619         -4.314307e-16     
   6.218716       2.258898         7.659675e-16      
   6.218716       2.361480         3.222584e-15      
   6.218716       2.463087         7.736236e-15      
   6.218716       2.563446         1.536375e-14      
   6.218716       2.662286         2.727242e-14      
   6.218716       2.759340         4.425395e-14      
   6.218716       2.854347         6.559300e-14      
   6.218716       2.947052         8.684976e-14      
   6.218716       3.037203         9.605304e-14      
   6.218716       3.124558         6.797642e-14      
   6.218716       3.208881         -4.313595e-14     
   6.218716       3.289946         -3.105083e-13     
   6.218716       3.367533         -8.371094e-13     
   6.218716       3.441433         -1.746137e-12     
   6.218716       3.511448         -3.151095e-12     
   6.218716       3.577387         -5.099374e-12     
   6.218716       3.639075         -7.492256e-12     
   6.218716       3.696344         -1.000000e-11     
   6.218716       3.749040         -1.200850e-11     
   6.218716       3.797021         -1.264427e-11     
   6.218716       3.840157         -1.091521e-11     
   6.218716       3.878333         -5.969191e-12     
   6.218716       3.911445         2.582817e-12      
   6.218716       3.939404         1.438400e-11      
   6.218716       3.962134         2.821220e-11      
   6.218716       3.979576         4.210995e-11      
   6.218716       3.991681         5.376704e-11      
   6.218716       3.998420         6.106399e-11      
   6.218716       4.008294         7.290202e-11      
   6.218716       4.043674         1.286347e-10      
   6.218716       4.107227         3.027415e-10      
   6.218716       4.198794         8.403694e-10      
   6.218716       4.318131         2.451721e-09      
   6.218716       4.464916         6.008539e-09      
   6.218716       4.638754         6.133582e-09      
   6.218716       4.839176         4.446100e-08      
   6.218716       5.065642         3.712052e-06      
   6.218716       5.317541         2.643795e-04      
   6.218716       5.594194         8.914242e-03      
   6.218716       5.894856         1.028084e-01      
   6.218716       6.218716         2.731352e-01      
   6.218716       6.564900         7.592965e-02      
   6.218716       6.932477         1.185330e-03      
   6.218716       7.320454         -1.049776e-06     
   6.218716       7.727785         1.438421e-08      
   6.218716       8.153374         -1.408554e-11     
   6.218716       8.596072         3.557949e-14      
   6.218716       9.054685         -3.345382e-17     
   6.218716       9.527979         1.283773e-20      
   6.218716       10.014676        -1.706838e-24     
   6.218716       10.513464        7.662600e-29      
   6.218716       11.023000        -1.139503e-33     
   6.218716       11.541909        5.531822e-39      
   6.218716       12.068793        -8.742868e-45     
   6.218716       12.602230        4.426446e-51      
   6.218716       13.140784        -6.920284e-58     
   6.218716       13.683002        3.216364e-65      
   6.218716       14.227422        -4.399976e-73     
   6.218716       14.772578        1.823733e-81      
   6.218716       15.316998        -2.421380e-90     
   6.218716       15.859216        1.092027e-99      
   6.218716       16.397770       -1.759708e-109     
   6.218716       16.931207        1.063673e-119     
   6.218716       17.458091       -2.504456e-130     
   6.218716       17.977000        2.068123e-141     
   6.218716       18.486536        6.521015e-153     
   6.218716       18.985324       -2.978247e-163     
   6.218716       19.472021       -2.639338e-157     
   6.218716       19.945315       -3.484098e-146     
   6.218716       20.403928       -3.128436e-135     
   6.218716       20.846626       -1.547536e-124     
   6.218716       21.272215       -3.430629e-114     
   6.218716       21.679546       -2.796720e-104     
   6.218716       22.067523        -6.953137e-95     
   6.218716       22.435100        -4.404500e-86     
   6.218716       22.781284        -5.863574e-78     
   6.218716       23.105144        -1.170240e-70     
   6.218716       23.405806        3.025113e-64      
   6.218716       23.682459        3.085276e-57      
   6.218716       23.934358        1.976690e-51      
   6.218716       24.160824        1.949572e-46      
   6.218716       24.361246        3.420103e-42      
   6.218716       24.535084        1.153225e-38      
   6.218716       24.681869        7.964188e-36      
   6.218716       24.801206        1.191960e-33      
   6.218716       24.892773        4.159148e-32      
   6.218716       24.956326        3.088827e-31      
   6.218716       24.991706        1.205182e-30      
   6.564900       0.001580         2.102010e-21      
   6.564900       0.008319         1.106956e-20      
   6.564900       0.020424         2.718645e-20      
   6.564900       0.037866         5.047370e-20      
   6.564900       0.060596         8.082933e-20      
   6.564900       0.088555         1.184002e-19      
   6.564900       0.121667         1.633592e-19      
   6.564900       0.159843         2.159907e-19      
   6.564900       0.202979         2.768408e-19      
   6.564900       0.250960         3.467220e-19      
   6.564900       0.303656         4.267880e-19      
   6.564900       0.360925         5.186121e-19      
   6.564900       0.422613         6.242622e-19      
   6.564900       0.488552         7.463707e-19      
   6.564900       0.558567         8.881860e-19      
   6.564900       0.632467         1.053579e-18      
   6.564900       0.710054         1.246957e-18      
   6.564900       0.791119         1.472999e-18      
   6.564900       0.875442         1.736053e-18      
   6.564900       0.962797         2.038951e-18      
   6.564900       1.052948         2.380799e-18      
   6.564900       1.145653         2.753062e-18      
   6.564900       1.240660         3.132846e-18      
   6.564900       1.337714         3.471733e-18      
   6.564900       1.436554         3.677783e-18      
   6.564900       1.536913         3.587439e-18      
   6.564900       1.638520         2.923436e-18      
   6.564900       1.741102         1.234964e-18      
   6.564900       1.844381         -2.181137e-18     
   6.564900       1.948080         -8.371557e-18     
   6.564900       2.051920         -1.880548e-17     
   6.564900       2.155619         -3.538014e-17     
   6.564900       2.258898         -6.022515e-17     
   6.564900       2.361480         -9.506458e-17     
   6.564900       2.463087         -1.397184e-16     
   6.564900       2.563446         -1.890614e-16     
   6.564900       2.662286         -2.273935e-16     
   6.564900       2.759340         -2.186981e-16     
   6.564900       2.854347         -9.073805e-17     
   6.564900       2.947052         2.893896e-16      
   6.564900       3.037203         1.149917e-15      
   6.564900       3.124558         2.857275e-15      
   6.564900       3.208881         5.954913e-15      
   6.564900       3.289946         1.116488e-14      
   6.564900       3.367533         1.928666e-14      
   6.564900       3.441433         3.089547e-14      
   6.564900       3.511448         4.574127e-14      
   6.564900       3.577387         6.182871e-14      
   6.564900       3.639075         7.434852e-14      
   6.564900       3.696344         7.489926e-14      
   6.564900       3.749040         5.164327e-14      
   6.564900       3.797021         -9.019845e-15     
   6.564900       3.840157         -1.191459e-13     
   6.564900       3.878333         -2.849692e-13     
   6.564900       3.911445         -5.030461e-13     
   6.564900       3.939404         -7.584129e-13     
   6.564900       3.962134         -1.025773e-12     
   6.564900       3.979576         -1.273610e-12     
   6.564900       3.991681         -1.470022e-12     
   6.564900       3.998420         -1.588682e-12     
   6.564900       4.008294         -1.775214e-12     
   6.564900       4.043674         -2.578389e-12     
   6.564900       4.107227         -4.610755e-12     
   6.564900       4.198794         -8.519677e-12     
   6.564900       4.318131         -6.867638e-12     
   6.564900       4.464916         9.109535e-11      
   6.564900       4.638754         7.851190e-10      
   6.564900       4.839176         6.061297e-10      
   6.564900       5.065642         -2.953138e-09     
   6.564900       5.317541         6.102076e-07      
   6.564900       5.594194         2.630546e-05      
   6.564900       5.894856         3.469090e-03      
   6.564900       6.218716         7.592965e-02      
   6.564900       6.564900         2.665230e-01      
   6.564900       6.932477         5.269944e-02      
   6.564900       7.320454         3.689652e-04      
   6.564900       7.727785         -1.189991e-07     
   6.564900       8.153374         1.830305e-09      
   6.564900       8.596072         -9.088789e-13     
   6.564900       9.054685         6.103973e-16      
   6.564900       9.527979         -1.892153e-19     
   6.564900       10.014676        3.344461e-23      
   6.564900       10.513464        -2.108843e-27     
   6.564900       11.023000        4.132786e-32      
   6.564900       11.541909        -2.406617e-37     
   6.564900       12.068793        3.999289e-43      
   6.564900       12.602230        -1.855679e-49     
   6.564900       13.140784        2.369637e-56      
   6.564900       13.683002        -8.209477e-64     
   6.564900       14.227422        7.307354e-72      
   6.564900       14.772578        -1.243429e-80     
   6.564900       15.316998        -9.675201e-90     
   6.564900       15.859216        1.555407e-98      
   6.564900       16.397770       -3.803985e-108     
   6.564900       16.931207        2.585832e-118     
   6.564900       17.458091       -4.847232e-129     
   6.564900       17.977000       -2.612888e-140     
   6.564900       18.486536        1.806993e-150     
   6.564900       18.985324       -2.786832e-161     
   6.564900       19.472021       -4.123508e-160     
   6.564900       19.945315       -5.432647e-149     
   6.564900       20.403928       -4.867111e-138     
   6.564900       20.846626       -2.401259e-127     
   6.564900       21.272215       -5.306232e-117     
   6.564900       21.679546       -4.308269e-107     
   6.564900       22.067523        -1.065152e-97     
   6.564900       22.435100        -6.687278e-89     
   6.564900       22.781284        -8.735205e-81     
   6.564900       23.105144        -1.616872e-73     
   6.564900       23.405806        7.056250e-67      
   6.564900       23.682459        5.370436e-60      
   6.564900       23.934358        3.346707e-54      
   6.564900       24.160824        3.272155e-49      
   6.564900       24.361246        5.706661e-45      
   6.564900       24.535084        1.911841e-41      
   6.564900       24.681869        1.310679e-38      
   6.564900       24.801206        1.946750e-36      
   6.564900       24.892773        6.742677e-35      
   6.564900       24.956326        4.978346e-34      
   6.564900       24.991706        1.923599e-33      
   6.932477       0.001580         -1.116940e-23     
   6.932477       0.008319         -5.881868e-23     
   6.932477       0.020424         -1.444328e-22     
   6.932477       0.037866         -2.681685e-22     
   6.932477       0.060596         -4.281818e-22     
   6.932477       0.088555         -6.252213e-22     
   6.932477       0.121667         -8.581108e-22     
   6.932477       0.159843         -1.125688e-21     
   6.932477       0.202979         -1.425949e-21     
   6.932477       0.250960         -1.756127e-21     
   6.932477       0.303656         -2.112115e-21     
   6.932477       0.360925         -2.487550e-21     
   6.932477       0.422613         -2.872429e-21     
   6.932477       0.488552         -3.250882e-21     
   6.932477       0.558567         -3.597707e-21     
   6.932477       0.632467         -3.872958e-21     
   6.932477       0.710054         -4.013602e-21     
   6.932477       0.791119         -3.920713e-21     
   6.932477       0.875442         -3.439934e-21     
   6.932477       0.962797         -2.331879e-21     
   6.932477       1.052948         -2.275948e-22     
   6.932477       1.145653         3.437808e-21      
   6.932477       1.240660         9.522864e-21      
   6.932477       1.337714         1.932144e-20      
   6.932477       1.436554         3.476434e-20      
   6.932477       1.536913         5.869957e-20      
   6.932477       1.638520         9.527209e-20      
   6.932477       1.741102         1.504247e-19      
   6.932477       1.844381         2.325478e-19      
   6.932477       1.948080         3.533321e-19      
   6.932477       2.051920         5.289754e-19      
   6.932477       2.155619         7.821580e-19      
   6.932477       2.258898         1.145833e-18      
   6.932477       2.361480         1.671168e-18      
   6.932477       2.463087         2.444247e-18      
   6.932477       2.563446         3.619460e-18      
   6.932477       2.662286         5.480958e-18      
   6.932477       2.759340         8.544394e-18      
   6.932477       2.854347         1.370445e-17      
   6.932477       2.947052         2.241518e-17      
   6.932477       3.037203         3.686614e-17      
   6.932477       3.124558         6.012295e-17      
   6.932477       3.208881         9.631926e-17      
   6.932477       3.289946         1.513356e-16      
   6.932477       3.367533         2.350359e-16      
   6.932477       3.441433         3.668562e-16      
   6.932477       3.511448         5.866740e-16      
   6.932477       3.577387         9.713630e-16      
   6.932477       3.639075         1.653440e-15      
   6.932477       3.696344         2.832489e-15      
   6.932477       3.749040         4.765764e-15      
   6.932477       3.797021         7.726205e-15      
   6.932477       3.840157         1.192703e-14      
   6.932477       3.878333         1.742944e-14      
   6.932477       3.911445         2.406496e-14      
   6.932477       3.939404         3.140606e-14      
   6.932477       3.962134         3.880404e-14      
   6.932477       3.979576         4.548813e-14      
   6.932477       3.991681         5.069792e-14      
   6.932477       3.998420         5.381492e-14      
   6.932477       4.008294         5.867547e-14      
   6.932477       4.043674         7.919781e-14      
   6.932477       4.107227         1.296492e-13      
   6.932477       4.198794         2.283810e-13      
   6.932477       4.318131         2.757757e-13      
   6.932477       4.464916         -8.651847e-13     
   6.932477       4.638754         -5.778671e-12     
   6.932477       4.839176         7.432159e-11      
   6.932477       5.065642         7.287024e-10      
   6.932477       5.317541         -1.001544e-08     
   6.932477       5.594194         2.865470e-07      
   6.932477       5.894856         -1.630588e-06     
   6.932477       6.218716         1.185330e-03      
   6.932477       6.564900         5.269944e-02      
   6.932477       6.932477         2.583963e-01      
   6.932477       7.320454         3.422176e-02      
   6.932477       7.727785         1.094011e-04      
   6.932477       8.153374         2.009728e-08      
   6.932477       8.596072         1.592631e-10      
   6.932477       9.054685         -4.447218e-14     
   6.932477       9.527979         1.150726e-17      
   6.932477       10.014676        -8.049923e-22     
   6.932477       10.513464        3.099350e-26      
   6.932477       11.023000        -7.021902e-31     
   6.932477       11.541909        5.693478e-36      
   6.932477       12.068793        -1.338285e-41     
   6.932477       12.602230        8.333084e-48      
   6.932477       13.140784        -1.366244e-54     
   6.932477       13.683002        6.047158e-62      
   6.932477       14.227422        -7.761069e-70     
   6.932477       14.772578        3.223689e-78      
   6.932477       15.316998        -4.668308e-87     
   6.932477       15.859216        2.328847e-96      
   6.932477       16.397770       -3.842594e-106     
   6.932477       16.931207        1.973856e-116     
   6.932477       17.458091       -1.688285e-127     
   6.932477       17.977000       -8.657926e-138     
   6.932477       18.486536        2.396083e-148     
   6.932477       18.985324       -3.134778e-159     
   6.932477       19.472021        2.325056e-161     
   6.932477       19.945315        3.070819e-150     
   6.932477       20.403928        2.759315e-139     
   6.932477       20.846626        1.366313e-128     
   6.932477       21.272215        3.033269e-118     
   6.932477       21.679546        2.478143e-108     
   6.932477       22.067523        6.182392e-99      
   6.932477       22.435100        3.940361e-90      
   6.932477       22.781284        5.316326e-82      
   6.932477       23.105144        1.112706e-74      
   6.932477       23.405806        -1.772814e-68     
   6.932477       23.682459        -2.534317e-61     
   6.932477       23.934358        -1.674118e-55     
   6.932477       24.160824        -1.676035e-50     
   6.932477       24.361246        -2.973551e-46     
   6.932477       24.535084        -1.012301e-42     
   6.932477       24.681869        -7.048102e-40     
   6.932477       24.801206        -1.061873e-37     
   6.932477       24.892773        -3.724121e-36     
   6.932477       24.956326        -2.776057e-35     
   6.932477       24.991706        -1.085760e-34     
   7.320454       0.001580         4.789144e-26      
   7.320454       0.008319         2.522131e-25      
   7.320454       0.020424         6.193660e-25      
   7.320454       0.037866         1.149829e-24      
   7.320454       0.060596         1.837809e-24      
   7.320454       0.088555         2.690256e-24      
   7.320454       0.121667         3.702043e-24      
   7.320454       0.159843         4.877925e-24      
   7.320454       0.202979         6.221304e-24      
   7.320454       0.250960         7.738585e-24      
   7.320454       0.303656         9.440874e-24      
   7.320454       0.360925         1.134546e-23      
   7.320454       0.422613         1.347872e-23      
   7.320454       0.488552         1.588095e-23      
   7.320454       0.558567         1.861482e-23      
   7.320454       0.632467         2.178043e-23      
   7.320454       0.710054         2.554244e-23      
   7.320454       0.791119         3.017913e-23      
   7.320454       0.875442         3.617175e-23      
   7.320454       0.962797         4.436708e-23      
   7.320454       1.052948         5.627333e-23      
   7.320454       1.145653         7.459709e-23      
   7.320454       1.240660         1.042157e-22      
   7.320454       1.337714         1.539302e-22      
   7.320454       1.436554         2.396080e-22      
   7.320454       1.536913         3.897777e-22      
   7.320454       1.638520         6.555006e-22      
   7.320454       1.741102         1.127597e-21      
   7.320454       1.844381         1.966322e-21      
   7.320454       1.948080         3.451733e-21      
   7.320454       2.051920         6.067848e-21      
   7.320454       2.155619         1.064120e-20      
   7.320454       2.258898         1.856654e-20      
   7.320454       2.361480         3.217427e-20      
   7.320454       2.463087         5.533740e-20      
   7.320454       2.563446         9.450868e-20      
   7.320454       2.662286         1.605762e-19      
   7.320454       2.759340         2.723246e-19      
   7.320454       2.854347         4.630127e-19      
   7.320454       2.947052         7.926977e-19      
   7.320454       3.037203         1.370273e-18      
   7.320454       3.124558         2.389947e-18      
   7.320454       3.208881         4.185370e-18      
   7.320454       3.289946         7.298455e-18      
   7.320454       3.367533         1.254740e-17      
   7.320454       3.441433         2.106169e-17      
   7.320454       3.511448         3.423971e-17      
   7.320454       3.577387         5.359158e-17      
   7.320454       3.639075         8.046846e-17      
   7.320454       3.696344         1.157429e-16      
   7.320454       3.749040         1.595578e-16      
   7.320454       3.797021         2.112566e-16      
   7.320454       3.840157         2.695114e-16      
   7.320454       3.878333         3.325360e-16      
   7.320454       3.911445         3.981872e-16      
   7.320454       3.939404         4.638362e-16      
   7.320454       3.962134         5.260966e-16      
   7.320454       3.979576         5.807014e-16      
   7.320454       3.991681         6.228378e-16      
   7.320454       3.998420         6.480297e-16      
   7.320454       4.008294         6.874542e-16      
   7.320454       4.043674         8.595038e-16      
   7.320454       4.107227         1.368149e-15      
   7.320454       4.198794         3.191181e-15      
   7.320454       4.318131         1.184748e-14      
   7.320454       4.464916         5.746022e-14      
   7.320454       4.638754         2.393720e-13      
   7.320454       4.839176         2.513458e-14      
   7.320454       5.065642         -5.074756e-13     
   7.320454       5.317541         2.256974e-10      
   7.320454       5.594194         -2.210061e-09     
   7.320454       5.894856         7.874847e-08      
   7.320454       6.218716         -1.049776e-06     
   7.320454       6.564900         3.689652e-04      
   7.320454       6.932477         3.422176e-02      
   7.320454       7.320454         2.485143e-01      
   7.320454       7.727785         2.071485e-02      
   7.320454       8.153374         3.142116e-05      
   7.320454       8.596072         9.754641e-09      
   7.320454       9.054685         9.500385e-12      
   7.320454       9.527979         -1.222023e-15     
   7.320454       10.014676        1.627850e-19      
   7.320454       10.513464        -4.910192e-24     
   7.320454       11.023000        4.037263e-29      
   7.320454       11.541909        -9.868969e-35     
   7.320454       12.068793        9.316603e-41      
   7.320454       12.602230        -9.590208e-47     
   7.320454       13.140784        2.780696e-53      
   7.320454       13.683002        -1.653354e-60     
   7.320454       14.227422        1.799191e-68      
   7.320454       14.772578        -7.216867e-79     
   7.320454       15.316998        -1.498510e-85     
   7.320454       15.859216        1.279101e-94      
   7.320454       16.397770       -2.274926e-104     
   7.320454       16.931207        6.458791e-115     
   7.320454       17.458091        4.417592e-125     
   7.320454       17.977000       -2.339118e-135     
   7.320454       18.486536        4.464297e-146     
   7.320454       18.985324       -5.141337e-157     
   7.320454       19.472021       -9.000861e-164     
   7.320454       19.945315       -1.189588e-152     
   7.320454       20.403928       -1.069738e-141     
   7.320454       20.846626       -5.302120e-131     
   7.320454       21.272215       -1.178594e-120     
   7.320454       21.679546       -9.645771e-111     
   7.320454       22.067523       -2.412535e-101     
   7.320454       22.435100        -1.544077e-92     
   7.320454       22.781284        -2.101122e-84     
   7.320454       23.105144        -4.524628e-77     
   7.320454       23.405806        4.591980e-71      
   7.320454       23.682459        9.339362e-64      
   7.320454       23.934358        6.296362e-58      
   7.320454       24.160824        6.358803e-53      
   7.320454       24.361246        1.135418e-48      
   7.320454       24.535084        3.887666e-45      
   7.320454       24.681869        2.721017e-42      
   7.320454       24.801206        4.118359e-40      
   7.320454       24.892773        1.449862e-38      
   7.320454       24.956326        1.083848e-37      
   7.320454       24.991706        4.251134e-37      
   7.727785       0.001580         -3.513399e-28     
   7.727785       0.008319         -1.850343e-27     
   7.727785       0.020424         -4.544741e-27     
   7.727785       0.037866         -8.434982e-27     
   7.727785       0.060596         -1.353166e-26     
   7.727785       0.088555         -1.988846e-26     
   7.727785       0.121667         -2.754046e-26     
   7.727785       0.159843         -3.662942e-26     
   7.727785       0.202979         -4.736958e-26     
   7.727785       0.250960         -6.008046e-26     
   7.727785       0.303656         -7.523898e-26     
   7.727785       0.360925         -9.354309e-26     
   7.727785       0.422613         -1.160045e-25     
   7.727785       0.488552         -1.440886e-25     
   7.727785       0.558567         -1.799292e-25     
   7.727785       0.632467         -2.266620e-25     
   7.727785       0.710054         -2.889490e-25     
   7.727785       0.791119         -3.738126e-25     
   7.727785       0.875442         -4.919750e-25     
   7.727785       0.962797         -6.600282e-25     
   7.727785       1.052948         -9.039769e-25     
   7.727785       1.145653         -1.265062e-24     
   7.727785       1.240660         -1.809372e-24     
   7.727785       1.337714         -2.643753e-24     
   7.727785       1.436554         -3.942130e-24     
   7.727785       1.536913         -5.988923e-24     
   7.727785       1.638520         -9.250191e-24     
   7.727785       1.741102         -1.448892e-23     
   7.727785       1.844381         -2.294901e-23     
   7.727785       1.948080         -3.664285e-23     
   7.727785       2.051920         -5.878962e-23     
   7.727785       2.155619         -9.446418e-23     
   7.727785       2.258898         -1.515327e-22     
   7.727785       2.361480         -2.419851e-22     
   7.727785       2.463087         -3.838819e-22     
   7.727785       2.563446         -6.044572e-22     
   7.727785       2.662286         -9.457634e-22     
   7.727785       2.759340         -1.476096e-21     
   7.727785       2.854347         -2.313814e-21     
   7.727785       2.947052         -3.674957e-21     
   7.727785       3.037203         -5.959936e-21     
   7.727785       3.124558         -9.891068e-21     
   7.727785       3.208881         -1.668975e-20     
   7.727785       3.289946         -2.822609e-20     
   7.727785       3.367533         -4.698255e-20     
   7.727785       3.441433         -7.557868e-20     
   7.727785       3.511448         -1.155898e-19     
   7.727785       3.577387         -1.655747e-19     
   7.727785       3.639075         -2.186759e-19     
   7.727785       3.696344         -2.607655e-19     
   7.727785       3.749040         -2.705337e-19     
   7.727785       3.797021         -2.226937e-19     
   7.727785       3.840157         -9.436795e-20     
   7.727785       3.878333         1.269284e-19      
   7.727785       3.911445         4.365852e-19      
   7.727785       3.939404         8.103490e-19      
   7.727785       3.962134         1.207286e-18      
   7.727785       3.979576         1.577366e-18      
   7.727785       3.991681         1.871111e-18      
   7.727785       3.998420         2.048554e-18      
   7.727785       4.008294         2.327256e-18      
   7.727785       4.043674         3.520123e-18      
   7.727785       4.107227         6.451533e-18      
   7.727785       4.198794         1.156946e-17      
   7.727785       4.318131         8.452715e-18      
   7.727785       4.464916         -7.595220e-17     
   7.727785       4.638754         -9.480310e-17     
   7.727785       4.839176         9.070513e-15      
   7.727785       5.065642         7.127575e-14      
   7.727785       5.317541         -7.533265e-13     
   7.727785       5.594194         2.649536e-11      
   7.727785       5.894856         -2.133056e-10     
   7.727785       6.218716         1.438421e-08      
   7.727785       6.564900         -1.189991e-07     
   7.727785       6.932477         1.094011e-04      
   7.727785       7.320454         2.071485e-02      
   7.727785       7.727785         2.369954e-01      
   7.727785       8.153374         1.164827e-02      
   7.727785       8.596072         8.502413e-06      
   7.727785       9.054685         1.872582e-09      
   7.727785       9.527979         4.048923e-13      
   7.727785       10.014676        -1.713172e-17     
   7.727785       10.513464        1.170628e-21      
   7.727785       11.023000        -1.712651e-26     
   7.727785       11.541909        6.440453e-32      
   7.727785       12.068793        -6.744202e-38     
   7.727785       12.602230        1.053679e-44      
   7.727785       13.140784        5.601323e-52      
   7.727785       13.683002        -1.783652e-59     
   7.727785       14.227422        -1.695411e-66     
   7.727785       14.772578        2.190672e-74      
   7.727785       15.316998        -5.091451e-83     
   7.727785       15.859216        2.764387e-92      
   7.727785       16.397770       -3.262547e-102     
   7.727785       16.931207       -7.704459e-113     
   7.727785       17.458091        1.868477e-122     
   7.727785       17.977000       -6.751862e-133     
   7.727785       18.486536        1.134368e-143     
   7.727785       18.985324       -1.217365e-154     
   7.727785       19.472021        1.156547e-165     
   7.727785       19.945315        1.239290e-155     
   7.727785       20.403928        1.114847e-144     
   7.727785       20.846626        5.527525e-134     
   7.727785       21.272215        1.228949e-123     
   7.727785       21.679546        1.005693e-113     
   7.727785       22.067523        2.513405e-104     
   7.727785       22.435100        1.604674e-95      
   7.727785       22.781284        2.167574e-87      
   7.727785       23.105144        4.530446e-80      
   7.727785       23.405806        -7.505469e-74     
   7.727785       23.682459        -1.042672e-66     
   7.727785       23.934358        -6.865605e-61     
   7.727785       24.160824        -6.858296e-56     
   7.727785       24.361246        -1.215148e-51     
   7.727785       24.535084        -4.135781e-48     
   7.727785       24.681869        -2.881664e-45     
   7.727785       24.801206        -4.347682e-43     
   7.727785       24.892773        -1.527480e-41     
   7.727785       24.956326        -1.140289e-40     
   7.727785       24.991706        -4.472151e-40     
   8.153374       0.001580         -8.415768e-31     
   8.153374       0.008319         -4.432001e-30     
   8.153374       0.020424         -1.088604e-29     
   8.153374       0.037866         -2.021423e-29     
   8.153374       0.060596         -3.241003e-29     
   8.153374       0.088555         -4.755914e-29     
   8.153374       0.121667         -6.580134e-29     
   8.153374       0.159843         -8.737365e-29     
   8.153374       0.202979         -1.126950e-28     
   8.153374       0.250960         -1.423910e-28     
   8.153374       0.303656         -1.773703e-28     
   8.153374       0.360925         -2.189234e-28     
   8.153374       0.422613         -2.688522e-28     
   8.153374       0.488552         -3.296517e-28     
   8.153374       0.558567         -4.047668e-28     
   8.153374       0.632467         -4.989669e-28     
   8.153374       0.710054         -6.188945e-28     
   8.153374       0.791119         -7.738893e-28     
   8.153374       0.875442         -9.772458e-28     
   8.153374       0.962797         -1.248182e-27     
   8.153374       1.052948         -1.615008e-27     
   8.153374       1.145653         -2.120403e-27     
   8.153374       1.240660         -2.830521e-27     
   8.153374       1.337714         -3.851320e-27     
   8.153374       1.436554         -5.358914e-27     
   8.153374       1.536913         -7.657822e-27     
   8.153374       1.638520         -1.129558e-26     
   8.153374       1.741102         -1.729215e-26     
   8.153374       1.844381         -2.760324e-26     
   8.153374       1.948080         -4.605648e-26     
   8.153374       2.051920         -8.022925e-26     
   8.153374       2.155619         -1.451595e-25     
   8.153374       2.258898         -2.705151e-25     
   8.153374       2.361480         -5.140323e-25     
   8.153374       2.463087         -9.857528e-25     
   8.153374       2.563446         -1.889725e-24     
   8.153374       2.662286         -3.591799e-24     
   8.153374       2.759340         -6.722857e-24     
   8.153374       2.854347         -1.232508e-23     
   8.153374       2.947052         -2.204602e-23     
   8.153374       3.037203         -3.838943e-23     
   8.153374       3.124558         -6.506502e-23     
   8.153374       3.208881         -1.075773e-22     
   8.153374       3.289946         -1.743876e-22     
   8.153374       3.367533         -2.792457e-22     
   8.153374       3.441433         -4.454547e-22     
   8.153374       3.511448         -7.125585e-22     
   8.153374       3.577387         -1.144816e-21     
   8.153374       3.639075         -1.838720e-21     
   8.153374       3.696344         -2.924387e-21     
   8.153374       3.749040         -4.554441e-21     
   8.153374       3.797021         -6.876031e-21     
   8.153374       3.840157         -9.987537e-21     
   8.153374       3.878333         -1.388967e-20     
   8.153374       3.911445         -1.844697e-20     
   8.153374       3.939404         -2.337577e-20     
   8.153374       3.962134         -2.826756e-20     
   8.153374       3.979576         -3.264509e-20     
   8.153374       3.991681         -3.603829e-20     
   8.153374       3.998420         -3.806276e-20     
   8.153374       4.008294         -4.121356e-20     
   8.153374       4.043674         -5.448741e-20     
   8.153374       4.107227         -8.758302e-20     
   8.153374       4.198794         -1.604449e-19     
   8.153374       4.318131         -2.909061e-19     
   8.153374       4.464916         -4.098610e-19     
   8.153374       4.638754         -1.869876e-18     
   8.153374       4.839176         -3.925892e-17     
   8.153374       5.065642         -2.332655e-16     
   8.153374       5.317541         3.501034e-15      
   8.153374       5.594194         -6.856809e-14     
   8.153374       5.894856         1.396946e-12      
   8.153374       6.218716         -1.408554e-11     
   8.153374       6.564900         1.830305e-09      
   8.153374       6.932477         2.009728e-08      
   8.153374       7.320454         3.142116e-05      
   8.153374       7.727785         1.164827e-02      
   8.153374       8.153374         2.242084e-01      
   8.153374       8.596072         6.066607e-03      
   8.153374       9.054685         2.071367e-06      
   8.153374       9.527979         2.320588e-10      
   8.153374       10.014676        1.306075e-14      
   8.153374       10.513464        -1.147044e-19     
   8.153374       11.023000        3.938242e-24      
   8.153374       11.541909        -2.586167e-29     
   8.153374       12.068793        3.799107e-35      
   8.153374       12.602230        -1.748611e-41     
   8.153374       13.140784        1.734810e-48      
   8.153374       13.683002        -2.261104e-56     
   8.153374       14.227422        -6.226844e-64     
   8.153374       14.772578        6.717621e-72      
   8.153374       15.316998        -1.281903e-80     
   8.153374       15.859216        5.143743e-90      
   8.153374       16.397770       -5.983752e-102     
   8.153374       16.931207       -1.240308e-109     
   8.153374       17.458091        9.862057e-120     
   8.153374       17.977000       -2.891090e-130     
   8.153374       18.486536        4.409806e-141     
   8.153374       18.985324       -4.446961e-152     
   8.153374       19.472021        3.685208e-163     
   8.153374       19.945315       -8.946848e-160     
   8.153374       20.403928       -7.861625e-149     
   8.153374       20.846626       -3.753468e-138     
   8.153374       21.272215       -7.828114e-128     
   8.153374       21.679546       -5.697459e-118     
   8.153374       22.067523       -1.109055e-108     
   8.153374       22.435100       -3.120587e-100     
   8.153374       22.781284        8.514212e-92      
   8.153374       23.105144        1.169855e-83      
   8.153374       23.405806        1.917066e-76      
   8.153374       23.682459        5.125607e-70      
   8.153374       23.934358        2.346212e-64      
   8.153374       24.160824        1.880620e-59      
   8.153374       24.361246        2.729456e-55      
   8.153374       24.535084        7.539113e-52      
   8.153374       24.681869        4.209216e-49      
   8.153374       24.801206        5.062455e-47      
   8.153374       24.892773        1.429599e-45      
   8.153374       24.956326        8.754001e-45      
   8.153374       24.991706        2.882995e-44      
   8.596072       0.001580         6.806746e-33      
   8.596072       0.008319         3.584704e-32      
   8.596072       0.020424         8.804746e-32      
   8.596072       0.037866         1.634456e-31      
   8.596072       0.060596         2.621908e-31      
   8.596072       0.088555         3.850787e-31      
   8.596072       0.121667         5.331114e-31      
   8.596072       0.159843         7.086306e-31      
   8.596072       0.202979         9.155032e-31      
   8.596072       0.250960         1.159463e-30      
   8.596072       0.303656         1.448914e-30      
   8.596072       0.360925         1.795930e-30      
   8.596072       0.422613         2.217605e-30      
   8.596072       0.488552         2.738024e-30      
   8.596072       0.558567         3.391138e-30      
   8.596072       0.632467         4.225052e-30      
   8.596072       0.710054         5.308488e-30      
   8.596072       0.791119         6.740650e-30      
   8.596072       0.875442         8.666460e-30      
   8.596072       0.962797         1.130037e-29      
   8.596072       1.052948         1.496407e-29      
   8.596072       1.145653         2.014702e-29      
   8.596072       1.240660         2.760498e-29      
   8.596072       1.337714         3.852273e-29      
   8.596072       1.436554         5.478696e-29      
   8.596072       1.536913         7.945087e-29      
   8.596072       1.638520         1.175369e-28      
   8.596072       1.741102         1.774427e-28      
   8.596072       1.844381         2.734342e-28      
   8.596072       1.948080         4.301010e-28      
   8.596072       2.051920         6.903563e-28      
   8.596072       2.155619         1.129777e-27      
   8.596072       2.258898         1.882100e-27      
   8.596072       2.361480         3.183817e-27      
   8.596072       2.463087         5.450266e-27      
   8.596072       2.563446         9.401029e-27      
   8.596072       2.662286         1.625756e-26      
   8.596072       2.759340         2.803787e-26      
   8.596072       2.854347         4.796902e-26      
   8.596072       2.947052         8.102786e-26      
   8.596072       3.037203         1.346186e-25      
   8.596072       3.124558         2.194389e-25      
   8.596072       3.208881         3.507382e-25      
   8.596072       3.289946         5.504866e-25      
   8.596072       3.367533         8.513970e-25      
   8.596072       3.441433         1.303975e-24      
   8.596072       3.511448         1.987213e-24      
   8.596072       3.577387         3.021503e-24      
   8.596072       3.639075         4.578731e-24      
   8.596072       3.696344         6.880603e-24      
   8.596072       3.749040         1.017497e-23      
   8.596072       3.797021         1.468437e-23      
   8.596072       3.840157         2.053206e-23      
   8.596072       3.878333         2.766460e-23      
   8.596072       3.911445         3.579861e-23      
   8.596072       3.939404         4.441660e-23      
   8.596072       3.962134         5.282062e-23      
   8.596072       3.979576         6.023243e-23      
   8.596072       3.991681         6.591364e-23      
   8.596072       3.998420         6.927816e-23      
   8.596072       4.008294         7.447895e-23      
   8.596072       4.043674         9.594532e-23      
   8.596072       4.107227         1.466286e-22      
   8.596072       4.198794         2.436569e-22      
   8.596072       4.318131         3.334560e-22      
   8.596072       4.464916         -1.350663e-22     
   8.596072       4.638754         -1.108538e-21     
   8.596072       4.839176         4.183488e-20      
   8.596072       5.065642         1.707121e-19      
   8.596072       5.317541         -8.421342e-18     
   8.596072       5.594194         9.475630e-17      
   8.596072       5.894856         -2.414934e-15     
   8.596072       6.218716         3.557949e-14      
   8.596072       6.564900         -9.088789e-13     
   8.596072       6.932477         1.592631e-10      
   8.596072       7.320454         9.754641e-09      
   8.596072       7.727785         8.502413e-06      
   8.596072       8.153374         6.066607e-03      
   8.596072       8.596072         2.106076e-01      
   8.596072       9.054685         2.919745e-03      
   8.596072       9.527979         4.391391e-07      
   8.596072       10.014676        2.074045e-11      
   8.596072       10.513464        3.276130e-16      
   8.596072       11.023000        -3.443928e-22     
   8.596072       11.541909        5.483645e-27      
   8.596072       12.068793        -1.823541e-32     
   8.596072       12.602230        8.482871e-39      
   8.596072       13.140784        -1.498272e-45     
   8.596072       13.683002        6.750654e-53      
   8.596072       14.227422        -9.252341e-61     
   8.596072       14.772578        3.966748e-69      
   8.596072       15.316998        -4.592878e-78     
   8.596072       15.859216        4.660726e-88      
   8.596072       16.397770        5.932701e-97      
   8.596072       16.931207       -1.210961e-106     
   8.596072       17.458091        7.358162e-117     
   8.596072       17.977000       -1.927207e-127     
   8.596072       18.486536        2.744471e-138     
   8.596072       18.985324       -2.618432e-149     
   8.596072       19.472021        2.045711e-160     
   8.596072       19.945315       -1.241913e-162     
   8.596072       20.403928       -1.145843e-151     
   8.596072       20.846626       -5.890464e-141     
   8.596072       21.272215       -1.381156e-130     
   8.596072       21.679546       -1.224622e-120     
   8.596072       22.067523       -3.467337e-111     
   8.596072       22.435100       -2.713314e-102     
   8.596072       22.781284        -5.245162e-94     
   8.596072       23.105144        -2.318717e-86     
   8.596072       23.405806        -2.217561e-79     
   8.596072       23.682459        -4.324318e-73     
   8.596072       23.934358        -1.596677e-67     
   8.596072       24.160824        -1.040706e-62     
   8.596072       24.361246        -1.119966e-58     
   8.596072       24.535084        -1.668285e-55     
   8.596072       24.681869        1.454308e-53      
   8.596072       24.801206        1.870333e-50      
   8.596072       24.892773        1.114741e-48      
   8.596072       24.956326        1.086431e-47      
   8.596072       24.991706        5.055602e-47      
   9.054685       0.001580         -7.737111e-36     
   9.054685       0.008319         -4.074670e-35     
   9.054685       0.020424         -1.000808e-34     
   9.054685       0.037866         -1.857719e-34     
   9.054685       0.060596         -2.980032e-34     
   9.054685       0.088555         -4.376579e-34     
   9.054685       0.121667         -6.058156e-34     
   9.054685       0.159843         -8.050956e-34     
   9.054685       0.202979         -1.039808e-33     
   9.054685       0.250960         -1.316328e-33     
   9.054685       0.303656         -1.643989e-33     
   9.054685       0.360925         -2.036172e-33     
   9.054685       0.422613         -2.511781e-33     
   9.054685       0.488552         -3.097367e-33     
   9.054685       0.558567         -3.830213e-33     
   9.054685       0.632467         -4.762895e-33     
   9.054685       0.710054         -5.970099e-33     
   9.054685       0.791119         -7.558930e-33     
   9.054685       0.875442         -9.684636e-33     
   9.054685       0.962797         -1.257488e-32     
   9.054685       1.052948         -1.656760e-32     
   9.054685       1.145653         -2.217071e-32     
   9.054685       1.240660         -3.015751e-32     
   9.054685       1.337714         -4.172076e-32     
   9.054685       1.436554         -5.872501e-32     
   9.054685       1.536913         -8.412516e-32     
   9.054685       1.638520         -1.226698e-31     
   9.054685       1.741102         -1.820979e-31     
   9.054685       1.844381         -2.751974e-31     
   9.054685       1.948080         -4.233747e-31     
   9.054685       2.051920         -6.628657e-31     
   9.054685       2.155619         -1.055515e-30     
   9.054685       2.258898         -1.707287e-30     
   9.054685       2.361480         -2.799377e-30     
   9.054685       2.463087         -4.638783e-30     
   9.054685       2.563446         -7.736458e-30     
   9.054685       2.662286         -1.291959e-29     
   9.054685       2.759340         -2.147634e-29     
   9.054685       2.854347         -3.531230e-29     
   9.054685       2.947052         -5.706698e-29     
   9.054685       3.037203         -9.010870e-29     
   9.054685       3.124558         -1.383332e-28     
   9.054685       3.208881         -2.058014e-28     
   9.054685       3.289946         -2.965306e-28     
   9.054685       3.367533         -4.151842e-28     
   9.054685       3.441433         -5.697715e-28     
   9.054685       3.511448         -7.772903e-28     
   9.054685       3.577387         -1.071966e-27     
   9.054685       3.639075         -1.513238e-27     
   9.054685       3.696344         -2.187889e-27     
   9.054685       3.749040         -3.199867e-27     
   9.054685       3.797021         -4.644595e-27     
   9.054685       3.840157         -6.572198e-27     
   9.054685       3.878333         -8.952596e-27     
   9.054685       3.911445         -1.165903e-26     
   9.054685       3.939404         -1.448096e-26     
   9.054685       3.962134         -1.716386e-26     
   9.054685       3.979576         -1.945996e-26     
   9.054685       3.991681         -2.116949e-26     
   9.054685       3.998420         -2.215961e-26     
   9.054685       4.008294         -2.365557e-26     
   9.054685       4.043674         -2.933803e-26     
   9.054685       4.107227         -3.881467e-26     
   9.054685       4.198794         -3.077817e-26     
   9.054685       4.318131         1.684772e-25      
   9.054685       4.464916         1.543697e-24      
   9.054685       4.638754         6.443513e-24      
   9.054685       4.839176         -9.028313e-24     
   9.054685       5.065642         7.953132e-24      
   9.054685       5.317541         7.676324e-21      
   9.054685       5.594194         -7.557237e-20     
   9.054685       5.894856         1.692884e-18      
   9.054685       6.218716         -3.345382e-17     
   9.054685       6.564900         6.103973e-16      
   9.054685       6.932477         -4.447218e-14     
   9.054685       7.320454         9.500385e-12      
   9.054685       7.727785         1.872582e-09      
   9.054685       8.153374         2.071367e-06      
   9.054685       8.596072         2.919745e-03      
   9.054685       9.054685         1.966291e-01      
   9.054685       9.527979         1.296925e-03      
   9.054685       10.014676        7.967823e-08      
   9.054685       10.513464        1.398202e-12      
   9.054685       11.023000        6.225710e-18      
   9.054685       11.541909        -1.567934e-24     
   9.054685       12.068793        -4.990317e-31     
   9.054685       12.602230        -7.053914e-36     
   9.054685       13.140784        7.149210e-43      
   9.054685       13.683002        -3.839680e-50     
   9.054685       14.227422        4.042365e-58      
   9.054685       14.772578        -9.949812e-67     
   9.054685       15.316998        1.692510e-75      
   9.054685       15.859216        -2.567158e-84     
   9.054685       16.397770        1.181516e-93      
   9.054685       16.931207       -1.676465e-103     
   9.054685       17.458091        8.930736e-114     
   9.054685       17.977000       -2.171008e-124     
   9.054685       18.486536        2.916742e-135     
   9.054685       18.985324       -2.617279e-146     
   9.054685       19.472021        1.875682e-157     
   9.054685       19.945315       -7.951884e-166     
   9.054685       20.403928       -7.032166e-155     
   9.054685       20.846626       -3.405934e-144     
   9.054685       21.272215       -7.296134e-134     
   9.054685       21.679546       -5.605350e-124     
   9.054685       22.067523       -1.243292e-114     
   9.054685       22.435100       -6.002892e-106     
   9.054685       22.781284        -1.991098e-98     
   9.054685       23.105144        4.322499e-90      
   9.054685       23.405806        9.393929e-83      
   9.054685       23.682459        2.770047e-76      
   9.054685       23.934358        1.344339e-70      
   9.054685       24.160824        1.133876e-65      
   9.054685       24.361246        1.736450e-61      
   9.054685       24.535084        5.093835e-58      
   9.054685       24.681869        3.043670e-55      
   9.054685       24.801206        3.944417e-53      
   9.054685       24.892773        1.203504e-51      
   9.054685       24.956326        7.964156e-51      
   9.054685       24.991706        2.785232e-50      
   9.527979       0.001580         2.278526e-39      
   9.527979       0.008319         1.199958e-38      
   9.527979       0.020424         2.947240e-38      
   9.527979       0.037866         5.470390e-38      
   9.527979       0.060596         8.774124e-38      
   9.527979       0.088555         1.288303e-37      
   9.527979       0.121667         1.782587e-37      
   9.527979       0.159843         2.367507e-37      
   9.527979       0.202979         3.054981e-37      
   9.527979       0.250960         3.862564e-37      
   9.527979       0.303656         4.815883e-37      
   9.527979       0.360925         5.951502e-37      
   9.527979       0.422613         7.320737e-37      
   9.527979       0.488552         8.995054e-37      
   9.527979       0.558567         1.107376e-36      
   9.527979       0.632467         1.369516e-36      
   9.527979       0.710054         1.705286e-36      
   9.527979       0.791119         2.141980e-36      
   9.527979       0.875442         2.718396e-36      
   9.527979       0.962797         3.490169e-36      
   9.527979       1.052948         4.537823e-36      
   9.527979       1.145653         5.978978e-36      
   9.527979       1.240660         7.987067e-36      
   9.527979       1.337714         1.082027e-35      
   9.527979       1.436554         1.486677e-35      
   9.527979       1.536913         2.071643e-35      
   9.527979       1.638520         2.927602e-35      
   9.527979       1.741102         4.195740e-35      
   9.527979       1.844381         6.098935e-35      
   9.527979       1.948080         8.994004e-35      
   9.527979       2.051920         1.345949e-34      
   9.527979       2.155619         2.044149e-34      
   9.527979       2.258898         3.148825e-34      
   9.527979       2.361480         4.910286e-34      
   9.527979       2.463087         7.720673e-34      
   9.527979       2.563446         1.215731e-33      
   9.527979       2.662286         1.897445e-33      
   9.527979       2.759340         2.892140e-33      
   9.527979       2.854347         4.213346e-33      
   9.527979       2.947052         5.665198e-33      
   9.527979       3.037203         6.543718e-33      
   9.527979       3.124558         5.120815e-33      
   9.527979       3.208881         -2.112463e-33     
   9.527979       3.289946         -2.134521e-32     
   9.527979       3.367533         -6.218557e-32     
   9.527979       3.441433         -1.377199e-31     
   9.527979       3.511448         -2.633175e-31     
   9.527979       3.577387         -4.539282e-31     
   9.527979       3.639075         -7.203945e-31     
   9.527979       3.696344         -1.066238e-30     
   9.527979       3.749040         -1.486787e-30     
   9.527979       3.797021         -1.971662e-30     
   9.527979       3.840157         -2.509533e-30     
   9.527979       3.878333         -3.091839e-30     
   9.527979       3.911445         -3.711716e-30     
   9.527979       3.939404         -4.356901e-30     
   9.527979       3.962134         -4.999854e-30     
   9.527979       3.979576         -5.591837e-30     
   9.527979       3.991681         -6.067196e-30     
   9.527979       3.998420         -6.359064e-30     
   9.527979       4.008294         -6.827071e-30     
   9.527979       4.043674         -9.015439e-30     
   9.527979       4.107227         -1.641735e-29     
   9.527979       4.198794         -4.639024e-29     
   9.527979       4.318131         -1.925762e-28     
   9.527979       4.464916         -9.154137e-28     
   9.527979       4.638754         -3.411706e-27     
   9.527979       4.839176         -5.858292e-30     
   9.527979       5.065642         -6.212263e-27     
   9.527979       5.317541         -2.523702e-24     
   9.527979       5.594194         3.084232e-23      
   9.527979       5.894856         -4.715080e-22     
   9.527979       6.218716         1.283773e-20      
   9.527979       6.564900         -1.892153e-19     
   9.527979       6.932477         1.150726e-17      
   9.527979       7.320454         -1.222023e-15     
   9.527979       7.727785         4.048923e-13      
   9.527979       8.153374         2.320588e-10      
   9.527979       8.596072         4.391391e-07      
   9.527979       9.054685         1.296925e-03      
   9.527979       9.527979         1.826520e-01      
   9.527979       10.014676        5.317306e-04      
   9.527979       10.513464        1.231867e-08      
   9.527979       11.023000        7.272107e-14      
   9.527979       11.541909        8.508758e-20      
   9.527979       12.068793        -2.178675e-26     
   9.527979       12.602230        -1.250551e-32     
   9.527979       13.140784        -2.072440e-39     
   9.527979       13.683002        4.039592e-47      
   9.527979       14.227422        -8.988453e-55     
   9.527979       14.772578        3.762670e-63      
   9.527979       15.316998        -5.185251e-73     
   9.527979       15.859216        -5.502127e-81     
   9.527979       16.397770        2.772829e-90      
   9.527979       16.931207       -3.784311e-100     
   9.527979       17.458091        1.916312e-110     
   9.527979       17.977000       -4.420264e-121     
   9.527979       18.486536        5.582893e-132     
   9.527979       18.985324       -4.572572e-143     
   9.527979       19.472021        2.735270e-154     
   9.527979       19.945315       -9.726421e-166     
   9.527979       20.403928        3.643013e-158     
   9.527979       20.846626        1.794748e-147     
   9.527979       21.272215        3.948043e-137     
   9.527979       21.679546        3.172038e-127     
   9.527979       22.067523        7.664837e-118     
   9.527979       22.435100        4.563611e-109     
   9.527979       22.781284        5.107656e-101     
   9.527979       23.105144        2.448017e-94      
   9.527979       23.405806        -1.797169e-86     
   9.527979       23.682459        -7.104054e-80     
   9.527979       23.934358        -3.844980e-74     
   9.527979       24.160824        -3.480547e-69     
   9.527979       24.361246        -5.702834e-65     
   9.527979       24.535084        -1.803497e-61     
   9.527979       24.681869        -1.172044e-58     
   9.527979       24.801206        -1.660338e-56     
   9.527979       24.892773        -5.529371e-55     
   9.527979       24.956326        -3.958218e-54     
   9.527979       24.991706        -1.494124e-53     
   10.014676      0.001580         -1.325072e-43     
   10.014676      0.008319         -6.978225e-43     
   10.014676      0.020424         -1.713809e-42     
   10.014676      0.037866         -3.180433e-42     
   10.014676      0.060596         -5.098204e-42     
   10.014676      0.088555         -7.478337e-42     
   10.014676      0.121667         -1.033088e-41     
   10.014676      0.159843         -1.368661e-41     
   10.014676      0.202979         -1.759631e-41     
   10.014676      0.250960         -2.213348e-41     
   10.014676      0.303656         -2.740334e-41     
   10.014676      0.360925         -3.355179e-41     
   10.014676      0.422613         -4.077522e-41     
   10.014676      0.488552         -4.933218e-41     
   10.014676      0.558567         -5.955607e-41     
   10.014676      0.632467         -7.186781e-41     
   10.014676      0.710054         -8.678462e-41     
   10.014676      0.791119         -1.049170e-40     
   10.014676      0.875442         -1.269371e-40     
   10.014676      0.962797         -1.534860e-40     
   10.014676      1.052948         -1.849554e-40     
   10.014676      1.145653         -2.210244e-40     
   10.014676      1.240660         -2.597279e-40     
   10.014676      1.337714         -2.956492e-40     
   10.014676      1.436554         -3.165015e-40     
   10.014676      1.536913         -2.967934e-40     
   10.014676      1.638520         -1.862950e-40     
   10.014676      1.741102         1.106520e-40      
   10.014676      1.844381         7.717847e-40      
   10.014676      1.948080         2.121308e-39      
   10.014676      2.051920         4.742903e-39      
   10.014676      2.155619         9.680083e-39      
   10.014676      2.258898         1.880025e-38      
   10.014676      2.361480         3.548160e-38      
   10.014676      2.463087         6.596578e-38      
   10.014676      2.563446         1.221142e-37      
   10.014676      2.662286         2.271060e-37      
   10.014676      2.759340         4.270969e-37      
   10.014676      2.854347         8.142807e-37      
   10.014676      2.947052         1.570086e-36      
   10.014676      3.037203         3.040357e-36      
   10.014676      3.124558         5.854455e-36      
   10.014676      3.208881         1.109240e-35      
   10.014676      3.289946         2.048283e-35      
   10.014676      3.367533         3.657891e-35      
   10.014676      3.441433         6.281941e-35      
   10.014676      3.511448         1.033656e-34      
   10.014676      3.577387         1.626448e-34      
   10.014676      3.639075         2.446438e-34      
   10.014676      3.696344         3.521446e-34      
   10.014676      3.749040         4.861745e-34      
   10.014676      3.797021         6.458606e-34      
   10.014676      3.840157         8.286122e-34      
   10.014676      3.878333         1.030267e-33      
   10.014676      3.911445         1.244786e-33      
   10.014676      3.939404         1.463421e-33      
   10.014676      3.962134         1.673849e-33      
   10.014676      3.979576         1.860211e-33      
   10.014676      3.991681         2.004814e-33      
   10.014676      3.998420         2.091492e-33      
   10.014676      4.008294         2.227352e-33      
   10.014676      4.043674         2.820320e-33      
   10.014676      4.107227         4.537024e-33      
   10.014676      4.198794         1.023680e-32      
   10.014676      4.318131         3.404369e-32      
   10.014676      4.464916         1.412356e-31      
   10.014676      4.638754         4.753025e-31      
   10.014676      4.839176         -3.910146e-31     
   10.014676      5.065642         -3.748457e-30     
   10.014676      5.317541         3.000519e-28      
   10.014676      5.594194         -5.016834e-27     
   10.014676      5.894856         5.559560e-26      
   10.014676      6.218716         -1.706838e-24     
   10.014676      6.564900         3.344461e-23      
   10.014676      6.932477         -8.049923e-22     
   10.014676      7.320454         1.627850e-19      
   10.014676      7.727785         -1.713172e-17     
   10.014676      8.153374         1.306075e-14      
   10.014676      8.596072         2.074045e-11      
   10.014676      9.054685         7.967823e-08      
   10.014676      9.527979         5.317306e-04      
   10.014676      10.014676        1.689930e-01      
   10.014676      10.513464        2.015826e-04      
   10.014676      11.023000        1.628317e-09      
   10.014676      11.541909        2.964842e-15      
   10.014676      12.068793        7.839002e-22      
   10.014676      12.602230        -1.696981e-28     
   10.014676      13.140784        -2.174383e-35     
   10.014676      13.683002        -4.478419e-43     
   10.014676      14.227422        3.645361e-52      
   10.014676      14.772578        -7.616256e-60     
   10.014676      15.316998        3.730301e-68      
   10.014676      15.859216        -4.313484e-77     
   10.014676      16.397770        1.506007e-86      
   10.014676      16.931207        -1.776373e-96     
   10.014676      17.458091        8.218310e-107     
   10.014676      17.977000       -1.747755e-117     
   10.014676      18.486536        1.982874e-128     
   10.014676      18.985324       -1.314691e-139     
   10.014676      19.472021        3.434608e-151     
   10.014676      19.945315        7.011714e-162     
   10.014676      20.403928       -4.813780e-162     
   10.014676      20.846626       -2.378044e-151     
   10.014676      21.272215       -5.250277e-141     
   10.014676      21.679546       -4.240621e-131     
   10.014676      22.067523       -1.033522e-121     
   10.014676      22.435100       -6.257915e-113     
   10.014676      22.781284       -7.345333e-105     
   10.014676      23.105144        -6.698952e-98     
   10.014676      23.405806        1.953128e-90      
   10.014676      23.682459        8.373035e-84      
   10.014676      23.934358        4.625753e-78      
   10.014676      24.160824        4.232256e-73      
   10.014676      24.361246        7.005433e-69      
   10.014676      24.535084        2.242388e-65      
   10.014676      24.681869        1.477648e-62      
   10.014676      24.801206        2.123804e-60      
   10.014676      24.892773        7.170068e-59      
   10.014676      24.956326        5.192618e-58      
   10.014676      24.991706        1.981803e-57      
   10.513464      0.001580         -5.145363e-48     
   10.513464      0.008319         -2.709842e-47     
   10.513464      0.020424         -6.656895e-47     
   10.513464      0.037866         -1.236093e-46     
   10.513464      0.060596         -1.985615e-46     
   10.513464      0.088555         -2.922694e-46     
   10.513464      0.121667         -4.060218e-46     
   10.513464      0.159843         -5.425593e-46     
   10.513464      0.202979         -7.063756e-46     
   10.513464      0.250960         -9.042137e-46     
   10.513464      0.303656         -1.146108e-45     
   10.513464      0.360925         -1.446791e-45     
   10.513464      0.422613         -1.827739e-45     
   10.513464      0.488552         -2.320306e-45     
   10.513464      0.558567         -2.970549e-45     
   10.513464      0.632467         -3.846779e-45     
   10.513464      0.710054         -5.051524e-45     
   10.513464      0.791119         -6.740681e-45     
   10.513464      0.875442         -9.154489e-45     
   10.513464      0.962797         -1.266816e-44     
   10.513464      1.052948         -1.787539e-44     
   10.513464      1.145653         -2.572738e-44     
   10.513464      1.240660         -3.776578e-44     
   10.513464      1.337714         -5.651564e-44     
   10.513464      1.436554         -8.615116e-44     
   10.513464      1.536913         -1.336266e-43     
   10.513464      1.638520         -2.105999e-43     
   10.513464      1.741102         -3.367027e-43     
   10.513464      1.844381         -5.450916e-43     
   10.513464      1.948080         -8.918538e-43     
   10.513464      2.051920         -1.471935e-42     
   10.513464      2.155619         -2.446177e-42     
   10.513464      2.258898         -4.087578e-42     
   10.513464      2.361480         -6.861598e-42     
   10.513464      2.463087         -1.156849e-41     
   10.513464      2.563446         -1.960134e-41     
   10.513464      2.662286         -3.342191e-41     
   10.513464      2.759340         -5.744155e-41     
   10.513464      2.854347         -9.962690e-41     
   10.513464      2.947052         -1.743212e-40     
   10.513464      3.037203         -3.069135e-40     
   10.513464      3.124558         -5.409357e-40     
   10.513464      3.208881         -9.476391e-40     
   10.513464      3.289946         -1.636804e-39     
   10.513464      3.367533         -2.765435e-39     
   10.513464      3.441433         -4.538754e-39     
   10.513464      3.511448         -7.197058e-39     
   10.513464      3.577387         -1.098463e-38     
   10.513464      3.639075         -1.610377e-38     
   10.513464      3.696344         -2.266629e-38     
   10.513464      3.749040         -3.066003e-38     
   10.513464      3.797021         -3.994440e-38     
   10.513464      3.840157         -5.027322e-38     
   10.513464      3.878333         -6.132547e-38     
   10.513464      3.911445         -7.271756e-38     
   10.513464      3.939404         -8.398473e-38     
   10.513464      3.962134         -9.454843e-38     
   10.513464      3.979576         -1.037106e-37     
   10.513464      3.991681         -1.107136e-37     
   10.513464      3.998420         -1.148725e-37     
   10.513464      4.008294         -1.213392e-37     
   10.513464      4.043674         -1.489890e-37     
   10.513464      4.107227         -2.264217e-37     
   10.513464      4.198794         -4.787548e-37     
   10.513464      4.318131         -1.538115e-36     
   10.513464      4.464916         -6.258577e-36     
   10.513464      4.638754         -1.843512e-35     
   10.513464      4.839176         6.506559e-35      
   10.513464      5.065642         5.271363e-34      
   10.513464      5.317541         -1.299920e-32     
   10.513464      5.594194         2.837945e-31      
   10.513464      5.894856         -2.787372e-30     
   10.513464      6.218716         7.662600e-29      
   10.513464      6.564900         -2.108843e-27     
   10.513464      6.932477         3.099350e-26      
   10.513464      7.320454         -4.910192e-24     
   10.513464      7.727785         1.170628e-21      
   10.513464      8.153374         -1.147044e-19     
   10.513464      8.596072         3.276130e-16      
   10.513464      9.054685         1.398202e-12      
   10.513464      9.527979         1.231867e-08      
   10.513464      10.014676        2.015826e-04      
   10.513464      10.513464        1.559032e-01      
   10.513464      11.023000        7.093807e-05      
   10.513464      11.541909        1.857141e-10      
   10.513464      12.068793        9.635674e-17      
   10.513464      12.602230        4.087366e-24      
   10.513464      13.140784        -7.872149e-31     
   10.513464      13.683002        -2.151029e-38     
   10.513464      14.227422        -8.590185e-47     
   10.513464      14.772578        -3.190875e-56     
   10.513464      15.316998        3.701322e-64      
   10.513464      15.859216        -4.102255e-73     
   10.513464      16.397770        1.406355e-82      
   10.513464      16.931207        -1.579748e-92     
   10.513464      17.458091        6.800901e-103     
   10.513464      17.977000       -1.288704e-113     
   10.513464      18.486536        1.129420e-124     
   10.513464      18.985324       -1.701479e-136     
   10.513464      19.472021       -1.030498e-146     
   10.513464      19.945315        2.507380e-157     
   10.513464      20.403928        2.363716e-166     
   10.513464      20.846626        1.196923e-155     
   10.513464      21.272215        2.644332e-145     
   10.513464      21.679546        2.136849e-135     
   10.513464      22.067523        5.208315e-126     
   10.513464      22.435100        3.150505e-117     
   10.513464      22.781284        3.680524e-109     
   10.513464      23.105144        3.178003e-102     
   10.513464      23.405806        -1.013939e-94     
   10.513464      23.682459        -4.291761e-88     
   10.513464      23.934358        -2.359706e-82     
   10.513464      24.160824        -2.151611e-77     
   10.513464      24.361246        -3.552070e-73     
   10.513464      24.535084        -1.134964e-69     
   10.513464      24.681869        -7.472196e-67     
   10.513464      24.801206        -1.073787e-64     
   10.513464      24.892773        -3.626346e-63     
   10.513464      24.956326        -2.627672e-62     
   10.513464      24.991706        -1.003700e-61     
   11.023000      0.001580         2.861149e-52      
   11.023000      0.008319         1.506812e-51      
   11.023000      0.020424         3.701176e-51      
   11.023000      0.037866         6.870792e-51      
   11.023000      0.060596         1.102738e-50      
   11.023000      0.088555         1.620815e-50      
   11.023000      0.121667         2.246361e-50      
   11.023000      0.159843         2.991002e-50      
   11.023000      0.202979         3.873828e-50      
   11.023000      0.250960         4.923229e-50      
   11.023000      0.303656         6.181075e-50      
   11.023000      0.360925         7.708051e-50      
   11.023000      0.422613         9.591149e-50      
   11.023000      0.488552         1.195480e-49      
   11.023000      0.558567         1.497754e-49      
   11.023000      0.632467         1.891748e-49      
   11.023000      0.710054         2.415154e-49      
   11.023000      0.791119         3.123671e-49      
   11.023000      0.875442         4.100667e-49      
   11.023000      0.962797         5.472576e-49      
   11.023000      1.052948         7.433685e-49      
   11.023000      1.145653         1.028640e-48      
   11.023000      1.240660         1.450718e-48      
   11.023000      1.337714         2.085531e-48      
   11.023000      1.436554         3.055328e-48      
   11.023000      1.536913         4.558694e-48      
   11.023000      1.638520         6.920617e-48      
   11.023000      1.741102         1.067600e-47      
   11.023000      1.844381         1.670872e-47      
   11.023000      1.948080         2.648270e-47      
   11.023000      2.051920         4.242489e-47      
   11.023000      2.155619         6.855954e-47      
   11.023000      2.258898         1.115622e-46      
   11.023000      2.361480         1.825270e-46      
   11.023000      2.463087         2.999774e-46      
   11.023000      2.563446         4.950981e-46      
   11.023000      2.662286         8.209968e-46      
   11.023000      2.759340         1.369225e-45      
   11.023000      2.854347         2.298960e-45      
   11.023000      2.947052         3.886866e-45      
   11.023000      3.037203         6.607409e-45      
   11.023000      3.124558         1.125109e-44      
   11.023000      3.208881         1.907656e-44      
   11.023000      3.289946         3.196693e-44      
   11.023000      3.367533         5.252133e-44      
   11.023000      3.441433         8.397389e-44      
   11.023000      3.511448         1.298259e-43      
   11.023000      3.577387         1.931416e-43      
   11.023000      3.639075         2.756089e-43      
   11.023000      3.696344         3.766610e-43      
   11.023000      3.749040         4.930667e-43      
   11.023000      3.797021         6.193066e-43      
   11.023000      3.840157         7.487137e-43      
   11.023000      3.878333         8.749248e-43      
   11.023000      3.911445         9.929558e-43      
   11.023000      3.939404         1.099385e-42      
   11.023000      3.962134         1.191672e-42      
   11.023000      3.979576         1.267197e-42      
   11.023000      3.991681         1.322784e-42      
   11.023000      3.998420         1.355110e-42      
   11.023000      4.008294         1.404586e-42      
   11.023000      4.043674         1.610474e-42      
   11.023000      4.107227         2.203457e-42      
   11.023000      4.198794         4.532990e-42      
   11.023000      4.318131         1.672185e-41      
   11.023000      4.464916         7.620998e-41      
   11.023000      4.638754         1.750762e-40      
   11.023000      4.839176         -2.048275e-39     
   11.023000      5.065642         -1.472708e-38     
   11.023000      5.317541         2.068464e-37      
   11.023000      5.594194         -5.210682e-36     
   11.023000      5.894856         5.408673e-35      
   11.023000      6.218716         -1.139503e-33     
   11.023000      6.564900         4.132786e-32      
   11.023000      6.932477         -7.021902e-31     
   11.023000      7.320454         4.037263e-29      
   11.023000      7.727785         -1.712651e-26     
   11.023000      8.153374         3.938242e-24      
   11.023000      8.596072         -3.443928e-22     
   11.023000      9.054685         6.225710e-18      
   11.023000      9.527979         7.272107e-14      
   11.023000      10.014676        1.628317e-09      
   11.023000      10.513464        7.093807e-05      
   11.023000      11.023000        1.435653e-01      
   11.023000      11.541909        2.331740e-05      
   11.023000      12.068793        1.854246e-11      
   11.023000      12.602230        2.548058e-18      
   11.023000      13.140784        -3.429543e-27     
   11.023000      13.683002        -2.526088e-33     
   11.023000      14.227422        -1.543961e-41     
   11.023000      14.772578        -1.389318e-50     
   11.023000      15.316998        1.378546e-59      
   11.023000      15.859216        -9.189033e-69     
   11.023000      16.397770        3.010584e-78      
   11.023000      16.931207        -3.018885e-88     
   11.023000      17.458091        1.101929e-98      
   11.023000      17.977000       -1.448250e-109     
   11.023000      18.486536       -3.278396e-121     
   11.023000      18.985324        3.767592e-131     
   11.023000      19.472021       -7.693602e-142     
   11.023000      19.945315        1.315421e-152     
   11.023000      20.403928       -2.661118e-163     
   11.023000      20.846626       -2.117935e-160     
   11.023000      21.272215       -4.683055e-150     
   11.023000      21.679546       -3.787958e-140     
   11.023000      22.067523       -9.242753e-131     
   11.023000      22.435100       -5.597688e-122     
   11.023000      22.781284       -6.547389e-114     
   11.023000      23.105144       -5.647013e-107     
   11.023000      23.405806        1.813168e-99      
   11.023000      23.682459        7.684380e-93      
   11.023000      23.934358        4.231429e-87      
   11.023000      24.160824        3.863259e-82      
   11.023000      24.361246        6.384051e-78      
   11.023000      24.535084        2.041258e-74      
   11.023000      24.681869        1.344538e-71      
   11.023000      24.801206        1.932808e-69      
   11.023000      24.892773        6.528856e-68      
   11.023000      24.956326        4.731517e-67      
   11.023000      24.991706        1.807170e-66      
   11.541909      0.001580         -2.447612e-57     
   11.541909      0.008319         -1.289019e-56     
   11.541909      0.020424         -3.166140e-56     
   11.541909      0.037866         -5.877215e-56     
   11.541909      0.060596         -9.431119e-56     
   11.541909      0.088555         -1.385791e-55     
   11.541909      0.121667         -1.919709e-55     
   11.541909      0.159843         -2.554180e-55     
   11.541909      0.202979         -3.304515e-55     
   11.541909      0.250960         -4.193415e-55     
   11.541909      0.303656         -5.254276e-55     
   11.541909      0.360925         -6.535318e-55     
   11.541909      0.422613         -8.105318e-55     
   11.541909      0.488552         -1.006204e-54     
   11.541909      0.558567         -1.254473e-54     
   11.541909      0.632467         -1.575302e-54     
   11.541909      0.710054         -1.997574e-54     
   11.541909      0.791119         -2.563545e-54     
   11.541909      0.875442         -3.335785e-54     
   11.541909      0.962797         -4.408121e-54     
   11.541909      1.052948         -5.923030e-54     
   11.541909      1.145653         -8.099552e-54     
   11.541909      1.240660         -1.127842e-53     
   11.541909      1.337714         -1.599550e-53     
   11.541909      1.436554         -2.310185e-53     
   11.541909      1.536913         -3.396064e-53     
   11.541909      1.638520         -5.077040e-53     
   11.541909      1.741102         -7.709481e-53     
   11.541909      1.844381         -1.187284e-52     
   11.541909      1.948080         -1.851034e-52     
   11.541909      2.051920         -2.915644e-52     
   11.541909      2.155619         -4.630275e-52     
   11.541909      2.258898         -7.398640e-52     
   11.541909      2.361480         -1.187420e-51     
   11.541909      2.463087         -1.911667e-51     
   11.541909      2.563446         -3.085547e-51     
   11.541909      2.662286         -4.994519e-51     
   11.541909      2.759340         -8.116568e-51     
   11.541909      2.854347         -1.326216e-50     
   11.541909      2.947052         -2.181120e-50     
   11.541909      3.037203         -3.608879e-50     
   11.541909      3.124558         -5.990040e-50     
   11.541909      3.208881         -9.917186e-50     
   11.541909      3.289946         -1.624830e-49     
   11.541909      3.367533         -2.610586e-49     
   11.541909      3.441433         -4.075836e-49     
   11.541909      3.511448         -6.132402e-49     
   11.541909      3.577387         -8.828701e-49     
   11.541909      3.639075         -1.209212e-48     
   11.541909      3.696344         -1.568433e-48     
   11.541909      3.749040         -1.919875e-48     
   11.541909      3.797021         -2.212165e-48     
   11.541909      3.840157         -2.395385e-48     
   11.541909      3.878333         -2.435762e-48     
   11.541909      3.911445         -2.327272e-48     
   11.541909      3.939404         -2.095226e-48     
   11.541909      3.962134         -1.790317e-48     
   11.541909      3.979576         -1.475844e-48     
   11.541909      3.991681         -1.213282e-48     
   11.541909      3.998420         -1.050785e-48     
   11.541909      4.008294         -7.912312e-49     
   11.541909      4.043674         3.481930e-49      
   11.541909      4.107227         3.038724e-48      
   11.541909      4.198794         5.392636e-48      
   11.541909      4.318131         -2.013543e-47     
   11.541909      4.464916         -2.159674e-46     
   11.541909      4.638754         -1.656913e-46     
   11.541909      4.839176         1.611122e-44      
   11.541909      5.065642         1.055183e-43      
   11.541909      5.317541         -1.186755e-42     
   11.541909      5.594194         2.961509e-41      
   11.541909      5.894856         -3.558424e-40     
   11.541909      6.218716         5.531822e-39      
   11.541909      6.564900         -2.406617e-37     
   11.541909      6.932477         5.693478e-36      
   11.541909      7.320454         -9.868969e-35     
   11.541909      7.727785         6.440453e-32      
   11.541909      8.153374         -2.586167e-29     
   11.541909      8.596072         5.483645e-27      
   11.541909      9.054685         -1.567934e-24     
   11.541909      9.527979         8.508758e-20      
   11.541909      10.014676        2.964842e-15      
   11.541909      10.513464        1.857141e-10      
   11.541909      11.023000        2.331740e-05      
   11.541909      11.541909        1.320954e-01      
   11.541909      12.068793        7.222508e-06      
   11.541909      12.602230        1.653134e-12      
   11.541909      13.140784        5.611098e-20      
   11.541909      13.683002        -3.195567e-28     
   11.541909      14.227422        -6.336171e-36     
   11.541909      14.772578        -9.093631e-45     
   11.541909      15.316998        -3.500931e-55     
   11.541909      15.859216        -7.972673e-65     
   11.541909      16.397770        1.363767e-73      
   11.541909      16.931207        -1.017324e-83     
   11.541909      17.458091        1.770908e-94      
   11.541909      17.977000        5.656468e-105     
   11.541909      18.486536       -2.937664e-115     
   11.541909      18.985324        6.291796e-126     
   11.541909      19.472021       -1.002059e-136     
   11.541909      19.945315        1.566224e-147     
   11.541909      20.403928       -3.031949e-158     
   11.541909      20.846626        1.138254e-165     
   11.541909      21.272215        2.518712e-155     
   11.541909      21.679546        2.041755e-145     
   11.541909      22.067523        4.998541e-136     
   11.541909      22.435100        3.044890e-127     
   11.541909      22.781284        3.611223e-119     
   11.541909      23.105144        3.503132e-112     
   11.541909      23.405806       -9.310524e-105     
   11.541909      23.682459        -4.064543e-98     
   11.541909      23.934358        -2.262628e-92     
   11.541909      24.160824        -2.081090e-87     
   11.541909      24.361246        -3.459767e-83     
   11.541909      24.535084        -1.111853e-79     
   11.541909      24.681869        -7.354280e-77     
   11.541909      24.801206        -1.060718e-74     
   11.541909      24.892773        -3.591944e-73     
   11.541909      24.956326        -2.607677e-72     
   11.541909      24.991706        -9.969524e-72     
   12.068793      0.001580         5.019218e-63      
   12.068793      0.008319         2.643332e-62      
   12.068793      0.020424         6.492576e-62      
   12.068793      0.037866         1.205155e-61      
   12.068793      0.060596         1.933738e-61      
   12.068793      0.088555         2.840967e-61      
   12.068793      0.121667         3.934525e-61      
   12.068793      0.159843         5.232836e-61      
   12.068793      0.202979         6.766184e-61      
   12.068793      0.250960         8.579400e-61      
   12.068793      0.303656         1.073833e-60      
   12.068793      0.360925         1.333784e-60      
   12.068793      0.422613         1.651283e-60      
   12.068793      0.488552         2.045437e-60      
   12.068793      0.558567         2.543335e-60      
   12.068793      0.632467         3.183617e-60      
   12.068793      0.710054         4.021867e-60      
   12.068793      0.791119         5.138883e-60      
   12.068793      0.875442         6.653481e-60      
   12.068793      0.962797         8.742482e-60      
   12.068793      1.052948         1.167222e-59      
   12.068793      1.145653         1.584856e-59      
   12.068793      1.240660         2.189691e-59      
   12.068793      1.337714         3.079082e-59      
   12.068793      1.436554         4.405934e-59      
   12.068793      1.536913         6.412186e-59      
   12.068793      1.638520         9.482783e-59      
   12.068793      1.741102         1.423227e-58      
   12.068793      1.844381         2.164268e-58      
   12.068793      1.948080         3.328081e-58      
   12.068793      2.051920         5.163624e-58      
   12.068793      2.155619         8.064067e-58      
   12.068793      2.258898         1.264588e-57      
   12.068793      2.361480         1.986942e-57      
   12.068793      2.463087         3.122626e-57      
   12.068793      2.563446         4.904184e-57      
   12.068793      2.662286         7.698970e-57      
   12.068793      2.759340         1.210019e-56      
   12.068793      2.854347         1.908929e-56      
   12.068793      2.947052         3.031556e-56      
   12.068793      3.037203         4.853813e-56      
   12.068793      3.124558         7.822816e-56      
   12.068793      3.208881         1.261844e-55      
   12.068793      3.289946         2.017342e-55      
   12.068793      3.367533         3.157110e-55      
   12.068793      3.441433         4.771071e-55      
   12.068793      3.511448         6.865009e-55      
   12.068793      3.577387         9.264657e-55      
   12.068793      3.639075         1.151313e-54      
   12.068793      3.696344         1.280987e-54      
   12.068793      3.749040         1.205114e-54      
   12.068793      3.797021         8.014258e-55      
   12.068793      3.840157         -3.263166e-56     
   12.068793      3.878333         -1.343178e-54     
   12.068793      3.911445         -3.090947e-54     
   12.068793      3.939404         -5.142077e-54     
   12.068793      3.962134         -7.283786e-54     
   12.068793      3.979576         -9.260764e-54     
   12.068793      3.991681         -1.082133e-53     
   12.068793      3.998420         -1.176146e-53     
   12.068793      4.008294         -1.323539e-53     
   12.068793      4.043674         -1.953164e-53     
   12.068793      4.107227         -3.522900e-53     
   12.068793      4.198794         -6.639064e-53     
   12.068793      4.318131         -9.243553e-53     
   12.068793      4.464916         4.451860e-53      
   12.068793      4.638754         -8.186231e-52     
   12.068793      4.839176         -3.351383e-50     
   12.068793      5.065642         -2.022599e-49     
   12.068793      5.317541         2.293916e-48      
   12.068793      5.594194         -5.023913e-47     
   12.068793      5.894856         7.144388e-46      
   12.068793      6.218716         -8.742868e-45     
   12.068793      6.564900         3.999289e-43      
   12.068793      6.932477         -1.338285e-41     
   12.068793      7.320454         9.316603e-41      
   12.068793      7.727785         -6.744202e-38     
   12.068793      8.153374         3.799107e-35      
   12.068793      8.596072         -1.823541e-32     
   12.068793      9.054685         -4.990317e-31     
   12.068793      9.527979         -2.178675e-26     
   12.068793      10.014676        7.839002e-22      
   12.068793      10.513464        9.635674e-17      
   12.068793      11.023000        1.854246e-11      
   12.068793      11.541909        7.222508e-06      
   12.068793      12.068793        1.215494e-01      
   12.068793      12.602230        2.132626e-06      
   12.068793      13.140784        1.349128e-13      
   12.068793      13.683002        1.051116e-21      
   12.068793      14.227422        -4.113669e-30     
   12.068793      14.772578        -1.382661e-38     
   12.068793      15.316998        -4.442771e-48     
   12.068793      15.859216        6.306096e-59      
   12.068793      16.397770        3.863891e-68      
   12.068793      16.931207        1.718568e-79      
   12.068793      17.458091        -7.618666e-89     
   12.068793      17.977000        4.014975e-99      
   12.068793      18.486536       -1.139522e-109     
   12.068793      18.985324        2.107185e-120     
   12.068793      19.472021       -3.204047e-131     
   12.068793      19.945315        4.905620e-142     
   12.068793      20.403928       -9.327899e-153     
   12.068793      20.846626        2.719109e-163     
   12.068793      21.272215       -3.650185e-161     
   12.068793      21.679546       -2.969563e-151     
   12.068793      22.067523       -7.311917e-142     
   12.068793      22.435100       -4.501334e-133     
   12.068793      22.781284       -5.478798e-125     
   12.068793      23.105144       -6.443212e-118     
   12.068793      23.405806        1.206142e-110     
   12.068793      23.682459        5.627411e-104     
   12.068793      23.934358        3.201646e-98      
   12.068793      24.160824        2.986767e-93      
   12.068793      24.361246        5.022588e-89      
   12.068793      24.535084        1.629840e-85      
   12.068793      24.681869        1.086840e-82      
   12.068793      24.801206        1.577842e-80      
   12.068793      24.892773        5.369648e-79      
   12.068793      24.956326        3.912082e-78      
   12.068793      24.991706        1.498897e-77      
   12.602230      0.001580         -2.599426e-69     
   12.602230      0.008319         -1.368964e-68     
   12.602230      0.020424         -3.362429e-68     
   12.602230      0.037866         -6.241151e-68     
   12.602230      0.060596         -1.001367e-67     
   12.602230      0.088555         -1.470998e-67     
   12.602230      0.121667         -2.036817e-67     
   12.602230      0.159843         -2.708094e-67     
   12.602230      0.202979         -3.500075e-67     
   12.602230      0.250960         -4.435288e-67     
   12.602230      0.303656         -5.546782e-67     
   12.602230      0.360925         -6.882090e-67     
   12.602230      0.422613         -8.508638e-67     
   12.602230      0.488552         -1.052162e-66     
   12.602230      0.558567         -1.305554e-66     
   12.602230      0.632467         -1.630139e-66     
   12.602230      0.710054         -2.053257e-66     
   12.602230      0.791119         -2.614434e-66     
   12.602230      0.875442         -3.371440e-66     
   12.602230      0.962797         -4.409666e-66     
   12.602230      1.052948         -5.856768e-66     
   12.602230      1.145653         -7.905670e-66     
   12.602230      1.240660         -1.085090e-65     
   12.602230      1.337714         -1.514612e-65     
   12.602230      1.436554         -2.149536e-65     
   12.602230      1.536913         -3.099720e-65     
   12.602230      1.638520         -4.537111e-65     
   12.602230      1.741102         -6.730880e-65     
   12.602230      1.844381         -1.010099e-64     
   12.602230      1.948080         -1.529785e-64     
   12.602230      2.051920         -2.331697e-64     
   12.602230      2.155619         -3.565716e-64     
   12.602230      2.258898         -5.452849e-64     
   12.602230      2.361480         -8.311362e-64     
   12.602230      2.463087         -1.258933e-63     
   12.602230      2.563446         -1.890896e-63     
   12.602230      2.662286         -2.814133e-63     
   12.602230      2.759340         -4.155916e-63     
   12.602230      2.854347         -6.116248e-63     
   12.602230      2.947052         -9.031657e-63     
   12.602230      3.037203         -1.348061e-62     
   12.602230      3.124558         -2.041270e-62     
   12.602230      3.208881         -3.120603e-62     
   12.602230      3.289946         -4.741252e-62     
   12.602230      3.367533         -6.976310e-62     
   12.602230      3.441433         -9.588634e-62     
   12.602230      3.511448         -1.163594e-61     
   12.602230      3.577387         -1.093908e-61     
   12.602230      3.639075         -3.566660e-62     
   12.602230      3.696344         1.637503e-61      
   12.602230      3.749040         5.630005e-61      
   12.602230      3.797021         1.238227e-60      
   12.602230      3.840157         2.246578e-60      
   12.602230      3.878333         3.602551e-60      
   12.602230      3.911445         5.259716e-60      
   12.602230      3.939404         7.105371e-60      
   12.602230      3.962134         8.971677e-60      
   12.602230      3.979576         1.066110e-59      
   12.602230      3.991681         1.197948e-59      
   12.602230      3.998420         1.276886e-59      
   12.602230      4.008294         1.400070e-59      
   12.602230      4.043674         1.921577e-59      
   12.602230      4.107227         3.220574e-59      
   12.602230      4.198794         5.973706e-59      
   12.602230      4.318131         1.004855e-58      
   12.602230      4.464916         9.639635e-59      
   12.602230      4.638754         7.396000e-58      
   12.602230      4.839176         1.857245e-56      
   12.602230      5.065642         1.037186e-55      
   12.602230      5.317541         -1.366648e-54     
   12.602230      5.594194         2.475816e-53      
   12.602230      5.894856         -4.107285e-52     
   12.602230      6.218716         4.426446e-51      
   12.602230      6.564900         -1.855679e-49     
   12.602230      6.932477         8.333084e-48      
   12.602230      7.320454         -9.590208e-47     
   12.602230      7.727785         1.053679e-44      
   12.602230      8.153374         -1.748611e-41     
   12.602230      8.596072         8.482871e-39      
   12.602230      9.054685         -7.053914e-36     
   12.602230      9.527979         -1.250551e-32     
   12.602230      10.014676        -1.696981e-28     
   12.602230      10.513464        4.087366e-24      
   12.602230      11.023000        2.548058e-18      
   12.602230      11.541909        1.653134e-12      
   12.602230      12.068793        2.132626e-06      
   12.602230      12.602230        1.119326e-01      
   12.602230      13.140784        6.087279e-07      
   12.602230      13.683002        1.038203e-14      
   12.602230      14.227422        1.681943e-23      
   12.602230      14.772578        -3.931414e-32     
   12.602230      15.316998        -2.875958e-41     
   12.602230      15.859216        -2.091323e-51     
   12.602230      16.397770        8.001178e-62      
   12.602230      16.931207        3.557264e-72      
   12.602230      17.458091        -9.604458e-83     
   12.602230      17.977000        3.555679e-93      
   12.602230      18.486536       -1.006905e-103     
   12.602230      18.985324        1.867932e-114     
   12.602230      19.472021       -2.876191e-125     
   12.602230      19.945315        4.393667e-136     
   12.602230      20.403928       -8.198514e-147     
   12.602230      20.846626        2.304711e-157     
   12.602230      21.272215        3.186512e-169     
   12.602230      21.679546        1.015309e-157     
   12.602230      22.067523        2.528307e-148     
   12.602230      22.435100        1.589250e-139     
   12.602230      22.781284        2.033052e-131     
   12.602230      23.105144        3.176840e-124     
   12.602230      23.405806       -3.025183e-117     
   12.602230      23.682459       -1.705490e-110     
   12.602230      23.934358       -1.022104e-104     
   12.602230      24.160824       -9.842161e-100     
   12.602230      24.361246        -1.696477e-95     
   12.602230      24.535084        -5.618883e-92     
   12.602230      24.681869        -3.810388e-89     
   12.602230      24.801206        -5.606026e-87     
   12.602230      24.892773        -1.927009e-85     
   12.602230      24.956326        -1.413952e-84     
   12.602230      24.991706        -5.441386e-84     
   13.140784      0.001580         3.379351e-76      
   13.140784      0.008319         1.779702e-75      
   13.140784      0.020424         4.371229e-75      
   13.140784      0.037866         8.113320e-75      
   13.140784      0.060596         1.301679e-74      
   13.140784      0.088555         1.911939e-74      
   13.140784      0.121667         2.646836e-74      
   13.140784      0.159843         3.518070e-74      
   13.140784      0.202979         4.544893e-74      
   13.140784      0.250960         5.755697e-74      
   13.140784      0.303656         7.192081e-74      
   13.140784      0.360925         8.913761e-74      
   13.140784      0.422613         1.100523e-73      
   13.140784      0.488552         1.358541e-73      
   13.140784      0.558567         1.682162e-73      
   13.140784      0.632467         2.095041e-73      
   13.140784      0.710054         2.630857e-73      
   13.140784      0.791119         3.338007e-73      
   13.140784      0.875442         4.286739e-73      
   13.140784      0.962797         5.580086e-73      
   13.140784      1.052948         7.370723e-73      
   13.140784      1.145653         9.887055e-73      
   13.140784      1.240660         1.347368e-72      
   13.140784      1.337714         1.865409e-72      
   13.140784      1.436554         2.622718e-72      
   13.140784      1.536913         3.741431e-72      
   13.140784      1.638520         5.407875e-72      
   13.140784      1.741102         7.904264e-72      
   13.140784      1.844381         1.165216e-71      
   13.140784      1.948080         1.726684e-71      
   13.140784      2.051920         2.561428e-71      
   13.140784      2.155619         3.784539e-71      
   13.140784      2.258898         5.535159e-71      
   13.140784      2.361480         7.953593e-71      
   13.140784      2.463087         1.112332e-70      
   13.140784      2.563446         1.495676e-70      
   13.140784      2.662286         1.900787e-70      
   13.140784      2.759340         2.221716e-70      
   13.140784      2.854347         2.263990e-70      
   13.140784      2.947052         1.724643e-70      
   13.140784      3.037203         1.804445e-71      
   13.140784      3.124558         -2.958659e-70     
   13.140784      3.208881         -8.689243e-70     
   13.140784      3.289946         -1.921573e-69     
   13.140784      3.367533         -3.994423e-69     
   13.140784      3.441433         -8.343655e-69     
   13.140784      3.511448         -1.757725e-68     
   13.140784      3.577387         -3.646440e-68     
   13.140784      3.639075         -7.265540e-68     
   13.140784      3.696344         -1.368406e-67     
   13.140784      3.749040         -2.418017e-67     
   13.140784      3.797021         -4.000226e-67     
   13.140784      3.840157         -6.200630e-67     
   13.140784      3.878333         -9.025784e-67     
   13.140784      3.911445         -1.237327e-66     
   13.140784      3.939404         -1.602422e-66     
   13.140784      3.962134         -1.966411e-66     
   13.140784      3.979576         -2.292816e-66     
   13.140784      3.991681         -2.546013e-66     
   13.140784      3.998420         -2.697097e-66     
   13.140784      4.008294         -2.932210e-66     
   13.140784      4.043674         -3.921168e-66     
   13.140784      4.107227         -6.364559e-66     
   13.140784      4.198794         -1.157059e-65     
   13.140784      4.318131         -1.987274e-65     
   13.140784      4.464916         -2.255477e-65     
   13.140784      4.638754         -1.172667e-64     
   13.140784      4.839176         -2.735116e-63     
   13.140784      5.065642         -1.413127e-62     
   13.140784      5.317541         2.340413e-61      
   13.140784      5.594194         -3.487722e-60     
   13.140784      5.894856         6.532504e-59      
   13.140784      6.218716         -6.920284e-58     
   13.140784      6.564900         2.369637e-56      
   13.140784      6.932477         -1.366244e-54     
   13.140784      7.320454         2.780696e-53      
   13.140784      7.727785         5.601323e-52      
   13.140784      8.153374         1.734810e-48      
   13.140784      8.596072         -1.498272e-45     
   13.140784      9.054685         7.149210e-43      
   13.140784      9.527979         -2.072440e-39     
   13.140784      10.014676        -2.174383e-35     
   13.140784      10.513464        -7.872149e-31     
   13.140784      11.023000        -3.429543e-27     
   13.140784      11.541909        5.611098e-20      
   13.140784      12.068793        1.349128e-13      
   13.140784      12.602230        6.087279e-07      
   13.140784      13.140784        1.032179e-01      
   13.140784      13.683002        1.707641e-07      
   13.140784      14.227422        7.793792e-16      
   13.140784      14.772578        2.130180e-25      
   13.140784      15.316998        -3.490907e-34     
   13.140784      15.859216        -6.339601e-44     
   13.140784      16.397770        -8.420947e-55     
   13.140784      16.931207        4.304933e-65      
   13.140784      17.458091        7.922041e-77      
   13.140784      17.977000        6.354553e-87      
   13.140784      18.486536        -2.595297e-97     
   13.140784      18.985324        4.924961e-108     
   13.140784      19.472021       -7.769285e-119     
   13.140784      19.945315        1.168695e-129     
   13.140784      20.403928       -2.087331e-140     
   13.140784      20.846626        5.437330e-151     
   13.140784      21.272215       -2.563878e-161     
   13.140784      21.679546       -5.204050e-165     
   13.140784      22.067523       -1.359939e-155     
   13.140784      22.435100       -9.300241e-147     
   13.140784      22.781284       -1.415136e-138     
   13.140784      23.105144       -3.934788e-131     
   13.140784      23.405806       -1.088942e-124     
   13.140784      23.682459        3.406238e-118     
   13.140784      23.934358        3.427366e-112     
   13.140784      24.160824        4.079806e-107     
   13.140784      24.361246        8.052211e-103     
   13.140784      24.535084        2.941155e-99      
   13.140784      24.681869        2.144870e-96      
   13.140784      24.801206        3.328889e-94      
   13.140784      24.892773        1.188555e-92      
   13.140784      24.956326        8.950633e-92      
   13.140784      24.991706        3.498668e-91      
   13.683002      0.001580         -1.069380e-83     
   13.683002      0.008319         -5.631768e-83     
   13.683002      0.020424         -1.383231e-82     
   13.683002      0.037866         -2.567231e-82     
   13.683002      0.060596         -4.118538e-82     
   13.683002      0.088555         -6.048544e-82     
   13.683002      0.121667         -8.371229e-82     
   13.683002      0.159843         -1.112217e-81     
   13.683002      0.202979         -1.435993e-81     
   13.683002      0.250960         -1.817066e-81     
   13.683002      0.303656         -2.268032e-81     
   13.683002      0.360925         -2.806930e-81     
   13.683002      0.422613         -3.459192e-81     
   13.683002      0.488552         -4.260448e-81     
   13.683002      0.558567         -5.260557e-81     
   13.683002      0.632467         -6.529539e-81     
   13.683002      0.710054         -8.166318e-81     
   13.683002      0.791119         -1.031178e-80     
   13.683002      0.875442         -1.316830e-80     
   13.683002      0.962797         -1.702918e-80     
   13.683002      1.052948         -2.232286e-80     
   13.683002      1.145653         -2.967963e-80     
   13.683002      1.240660         -4.003103e-80     
   13.683002      1.337714         -5.475645e-80     
   13.683002      1.436554         -7.589320e-80     
   13.683002      1.536913         -1.064240e-79     
   13.683002      1.638520         -1.506363e-79     
   13.683002      1.741102         -2.144893e-79     
   13.683002      1.844381         -3.057750e-79     
   13.683002      1.948080         -4.335225e-79     
   13.683002      2.051920         -6.053958e-79     
   13.683002      2.155619         -8.204958e-79     
   13.683002      2.258898         -1.052615e-78     
   13.683002      2.361480         -1.215249e-78     
   13.683002      2.463087         -1.094507e-78     
   13.683002      2.563446         -2.305078e-79     
   13.683002      2.662286         2.275399e-78      
   13.683002      2.759340         8.046748e-78      
   13.683002      2.854347         1.981791e-77      
   13.683002      2.947052         4.191536e-77      
   13.683002      3.037203         8.086454e-77      
   13.683002      3.124558         1.463334e-76      
   13.683002      3.208881         2.530950e-76      
   13.683002      3.289946         4.255462e-76      
   13.683002      3.367533         7.073632e-76      
   13.683002      3.441433         1.179337e-75      
   13.683002      3.511448         1.986888e-75      
   13.683002      3.577387         3.373767e-75      
   13.683002      3.639075         5.709964e-75      
   13.683002      3.696344         9.493046e-75      
   13.683002      3.749040         1.529944e-74      
   13.683002      3.797021         2.367223e-74      
   13.683002      3.840157         3.495628e-74      
   13.683002      3.878333         4.912129e-74      
   13.683002      3.911445         6.563301e-74      
   13.683002      3.939404         8.342782e-74      
   13.683002      3.962134         1.010151e-73      
   13.683002      3.979576         1.166886e-73      
   13.683002      3.991681         1.287952e-73      
   13.683002      3.998420         1.360008e-73      
   13.683002      4.008294         1.471892e-73      
   13.683002      4.043674         1.939814e-73      
   13.683002      4.107227         3.083111e-73      
   13.683002      4.198794         5.480756e-73      
   13.683002      4.318131         9.167146e-73      
   13.683002      4.464916         9.181936e-73      
   13.683002      4.638754         3.844060e-72      
   13.683002      4.839176         1.073984e-70      
   13.683002      5.065642         5.121278e-70      
   13.683002      5.317541         -1.110418e-68     
   13.683002      5.594194         1.401234e-67      
   13.683002      5.894856         -2.834722e-66     
   13.683002      6.218716         3.216364e-65      
   13.683002      6.564900         -8.209477e-64     
   13.683002      6.932477         6.047158e-62      
   13.683002      7.320454         -1.653354e-60     
   13.683002      7.727785         -1.783652e-59     
   13.683002      8.153374         -2.261104e-56     
   13.683002      8.596072         6.750654e-53      
   13.683002      9.054685         -3.839680e-50     
   13.683002      9.527979         4.039592e-47      
   13.683002      10.014676        -4.478419e-43     
   13.683002      10.513464        -2.151029e-38     
   13.683002      11.023000        -2.526088e-33     
   13.683002      11.541909        -3.195567e-28     
   13.683002      12.068793        1.051116e-21      
   13.683002      12.602230        1.038203e-14      
   13.683002      13.140784        1.707641e-07      
   13.683002      13.683002        9.535274e-02      
   13.683002      14.227422        4.796080e-08      
   13.683002      14.772578        5.924725e-17      
   13.683002      15.316998        8.223486e-28      
   13.683002      15.859216        -3.284045e-36     
   13.683002      16.397770        -1.632482e-46     
   13.683002      16.931207        1.282608e-58      
   13.683002      17.458091        2.376622e-68      
   13.683002      17.977000        7.274612e-80      
   13.683002      18.486536        -2.524488e-90     
   13.683002      18.985324        3.991071e-101     
   13.683002      19.472021       -6.421178e-112     
   13.683002      19.945315        9.078883e-123     
   13.683002      20.403928       -1.458284e-133     
   13.683002      20.846626        3.130792e-144     
   13.683002      21.272215       -1.074406e-154     
   13.683002      21.679546        7.732558e-165     
   13.683002      22.067523       -5.258835e-163     
   13.683002      22.435100       -2.708532e-154     
   13.683002      22.781284       -1.657398e-146     
   13.683002      23.105144        1.129938e-138     
   13.683002      23.405806        2.826353e-131     
   13.683002      23.682459        8.238638e-125     
   13.683002      23.934358        3.821565e-119     
   13.683002      24.160824        3.052559e-114     
   13.683002      24.361246        4.440458e-110     
   13.683002      24.535084        1.249809e-106     
   13.683002      24.681869        7.263269e-104     
   13.683002      24.801206        9.288571e-102     
   13.683002      24.892773        2.835554e-100     
   13.683002      24.956326        1.895274e-99      
   13.683002      24.991706        6.858994e-99      
   14.227422      0.001580         7.542165e-92      
   14.227422      0.008319         3.971975e-91      
   14.227422      0.020424         9.755358e-91      
   14.227422      0.037866         1.810338e-90      
   14.227422      0.060596         2.903960e-90      
   14.227422      0.088555         4.263632e-90      
   14.227422      0.121667         5.897841e-90      
   14.227422      0.159843         7.829682e-90      
   14.227422      0.202979         1.009726e-89      
   14.227422      0.250960         1.275622e-89      
   14.227422      0.303656         1.588762e-89      
   14.227422      0.360925         1.960687e-89      
   14.227422      0.422613         2.407545e-89      
   14.227422      0.488552         2.951725e-89      
   14.227422      0.558567         3.624169e-89      
   14.227422      0.632467         4.467657e-89      
   14.227422      0.710054         5.541521e-89      
   14.227422      0.791119         6.928405e-89      
   14.227422      0.875442         8.743895e-89      
   14.227422      0.962797         1.115013e-88      
   14.227422      1.052948         1.437457e-88      
   14.227422      1.145653         1.873484e-88      
   14.227422      1.240660         2.466899e-88      
   14.227422      1.337714         3.276557e-88      
   14.227422      1.436554         4.377550e-88      
   14.227422      1.536913         5.855724e-88      
   14.227422      1.638520         7.783867e-88      
   14.227422      1.741102         1.015295e-87      
   14.227422      1.844381         1.270050e-87      
   14.227422      1.948080         1.451521e-87      
   14.227422      2.051920         1.317485e-87      
   14.227422      2.155619         2.951800e-88      
   14.227422      2.258898         -2.876229e-87     
   14.227422      2.361480         -1.082642e-86     
   14.227422      2.463087         -2.878721e-86     
   14.227422      2.563446         -6.670511e-86     
   14.227422      2.662286         -1.426354e-85     
   14.227422      2.759340         -2.878157e-85     
   14.227422      2.854347         -5.536894e-85     
   14.227422      2.947052         -1.021004e-84     
   14.227422      3.037203         -1.811452e-84     
   14.227422      3.124558         -3.104308e-84     
   14.227422      3.208881         -5.165905e-84     
   14.227422      3.289946         -8.409608e-84     
   14.227422      3.367533         -1.351594e-83     
   14.227422      3.441433         -2.164735e-83     
   14.227422      3.511448         -3.477270e-83     
   14.227422      3.577387         -5.605588e-83     
   14.227422      3.639075         -9.016109e-83     
   14.227422      3.696344         -1.432238e-82     
   14.227422      3.749040         -2.222089e-82     
   14.227422      3.797021         -3.335064e-82     
   14.227422      3.840157         -4.809143e-82     
   14.227422      3.878333         -6.635172e-82     
   14.227422      3.911445         -8.741974e-82     
   14.227422      3.939404         -1.099433e-81     
   14.227422      3.962134         -1.320647e-81     
   14.227422      3.979576         -1.516843e-81     
   14.227422      3.991681         -1.667862e-81     
   14.227422      3.998420         -1.757545e-81     
   14.227422      4.008294         -1.896524e-81     
   14.227422      4.043674         -2.474523e-81     
   14.227422      4.107227         -3.868162e-81     
   14.227422      4.198794         -6.707411e-81     
   14.227422      4.318131         -1.061596e-80     
   14.227422      4.464916         -7.151380e-81     
   14.227422      4.638754         -2.178549e-80     
   14.227422      4.839176         -1.146035e-78     
   14.227422      5.065642         -5.045466e-78     
   14.227422      5.317541         1.448140e-76      
   14.227422      5.594194         -1.630317e-75     
   14.227422      5.894856         3.360169e-74      
   14.227422      6.218716         -4.399976e-73     
   14.227422      6.564900         7.307354e-72      
   14.227422      6.932477         -7.761069e-70     
   14.227422      7.320454         1.799191e-68      
   14.227422      7.727785         -1.695411e-66     
   14.227422      8.153374         -6.226844e-64     
   14.227422      8.596072         -9.252341e-61     
   14.227422      9.054685         4.042365e-58      
   14.227422      9.527979         -8.988453e-55     
   14.227422      10.014676        3.645361e-52      
   14.227422      10.513464        -8.590185e-47     
   14.227422      11.023000        -1.543961e-41     
   14.227422      11.541909        -6.336171e-36     
   14.227422      12.068793        -4.113669e-30     
   14.227422      12.602230        1.681943e-23      
   14.227422      13.140784        7.793792e-16      
   14.227422      13.683002        4.796080e-08      
   14.227422      14.227422        8.827289e-02      
   14.227422      14.772578        1.376278e-08      
   14.227422      15.316998        4.747069e-18      
   14.227422      15.859216        -1.029944e-28     
   14.227422      16.397770        -3.646023e-38     
   14.227422      16.931207        -5.364518e-49     
   14.227422      17.458091        2.067001e-60      
   14.227422      17.977000        2.441233e-71      
   14.227422      18.486536        -8.548188e-83     
   14.227422      18.985324        7.584059e-94      
   14.227422      19.472021       -1.569299e-104     
   14.227422      19.945315        1.837804e-115     
   14.227422      20.403928       -2.167715e-126     
   14.227422      20.846626        1.332480e-137     
   14.227422      21.272215        1.527412e-147     
   14.227422      21.679546       -2.722542e-157     
   14.227422      22.067523       -6.399900e-168     
   14.227422      22.435100        1.093109e-161     
   14.227422      22.781284        1.101000e-153     
   14.227422      23.105144       -5.769401e-147     
   14.227422      23.405806       -5.914354e-139     
   14.227422      23.682459       -2.060855e-132     
   14.227422      23.934358       -1.050650e-126     
   14.227422      24.160824       -9.080594e-122     
   14.227422      24.361246       -1.429509e-117     
   14.227422      24.535084       -4.369484e-114     
   14.227422      24.681869       -2.762676e-111     
   14.227422      24.801206       -3.833443e-109     
   14.227422      24.892773       -1.258618e-107     
   14.227422      24.956326       -8.928551e-107     
   14.227422      24.991706       -3.364637e-106     
   14.772578      0.001580        -6.852193e-101     
   14.772578      0.008319        -3.608499e-100     
   14.772578      0.020424        -8.861056e-100     
   14.772578      0.037866         -1.643127e-99     
   14.772578      0.060596         -2.634229e-99     
   14.772578      0.088555         -3.861603e-99     
   14.772578      0.121667         -5.325657e-99     
   14.772578      0.159843         -7.036972e-99     
   14.772578      0.202979         -9.013450e-99     
   14.772578      0.250960         -1.127894e-98     
   14.772578      0.303656         -1.386633e-98     
   14.772578      0.360925         -1.681884e-98     
   14.772578      0.422613         -2.018971e-98     
   14.772578      0.488552         -2.403964e-98     
   14.772578      0.558567         -2.842955e-98     
   14.772578      0.632467         -3.340455e-98     
   14.772578      0.710054         -3.896069e-98     
   14.772578      0.791119         -4.497929e-98     
   14.772578      0.875442         -5.109856e-98     
   14.772578      0.962797         -5.646480e-98     
   14.772578      1.052948         -5.925013e-98     
   14.772578      1.145653         -5.571394e-98     
   14.772578      1.240660         -3.836470e-98     
   14.772578      1.337714         7.667010e-99      
   14.772578      1.436554         1.118376e-97      
   14.772578      1.536913         3.326103e-97      
   14.772578      1.638520         7.864190e-97      
   14.772578      1.741102         1.705924e-96      
   14.772578      1.844381         3.556895e-96      
   14.772578      1.948080         7.271147e-96      
   14.772578      2.051920         1.470526e-95      
   14.772578      2.155619         2.952823e-95      
   14.772578      2.258898         5.889864e-95      
   14.772578      2.361480         1.165370e-94      
   14.772578      2.463087         2.281401e-94      
   14.772578      2.563446         4.404806e-94      
   14.772578      2.662286         8.358528e-94      
   14.772578      2.759340         1.553535e-93      
   14.772578      2.854347         2.819425e-93      
   14.772578      2.947052         4.984273e-93      
   14.772578      3.037203         8.571634e-93      
   14.772578      3.124558         1.434278e-92      
   14.772578      3.208881         2.340346e-92      
   14.772578      3.289946         3.741029e-92      
   14.772578      3.367533         5.897558e-92      
   14.772578      3.441433         9.238534e-92      
   14.772578      3.511448         1.446795e-91      
   14.772578      3.577387         2.269339e-91      
   14.772578      3.639075         3.552367e-91      
   14.772578      3.696344         5.505003e-91      
   14.772578      3.749040         8.361688e-91      
   14.772578      3.797021         1.233344e-90      
   14.772578      3.840157         1.753890e-90      
   14.772578      3.878333         2.393315e-90      
   14.772578      3.911445         3.125960e-90      
   14.772578      3.939404         3.904675e-90      
   14.772578      3.962134         4.665754e-90      
   14.772578      3.979576         5.338060e-90      
   14.772578      3.991681         5.853978e-90      
   14.772578      3.998420         6.159739e-90      
   14.772578      4.008294         6.632691e-90      
   14.772578      4.043674         8.588728e-90      
   14.772578      4.107227         1.323527e-89      
   14.772578      4.198794         2.233680e-89      
   14.772578      4.318131         3.262662e-89      
   14.772578      4.464916         4.983362e-90      
   14.772578      4.638754         -2.238026e-89     
   14.772578      4.839176         3.477385e-87      
   14.772578      5.065642         1.438916e-86      
   14.772578      5.317541         -5.268493e-85     
   14.772578      5.594194         5.701912e-84      
   14.772578      5.894856         -1.100325e-82     
   14.772578      6.218716         1.823733e-81      
   14.772578      6.564900         -1.243429e-80     
   14.772578      6.932477         3.223689e-78      
   14.772578      7.320454         -7.216867e-79     
   14.772578      7.727785         2.190672e-74      
   14.772578      8.153374         6.717621e-72      
   14.772578      8.596072         3.966748e-69      
   14.772578      9.054685         -9.949812e-67     
   14.772578      9.527979         3.762670e-63      
   14.772578      10.014676        -7.616256e-60     
   14.772578      10.513464        -3.190875e-56     
   14.772578      11.023000        -1.389318e-50     
   14.772578      11.541909        -9.093631e-45     
   14.772578      12.068793        -1.382661e-38     
   14.772578      12.602230        -3.931414e-32     
   14.772578      13.140784        2.130180e-25      
   14.772578      13.683002        5.924725e-17      
   14.772578      14.227422        1.376278e-08      
   14.772578      14.772578        8.191008e-02      
   14.772578      15.316998        4.123974e-09      
   14.772578      15.859216        4.178412e-19      
   14.772578      16.397770        -7.846709e-30     
   14.772578      16.931207        -5.274291e-40     
   14.772578      17.458091        -2.400414e-51     
   14.772578      17.977000        1.230096e-62      
   14.772578      18.486536        3.272015e-74      
   14.772578      18.985324        -4.730171e-86     
   14.772578      19.472021        -1.328364e-96     
   14.772578      19.945315        5.393472e-108     
   14.772578      20.403928        5.282681e-119     
   14.772578      20.846626       -7.174212e-129     
   14.772578      21.272215        5.095502e-139     
   14.772578      21.679546       -3.510944e-149     
   14.772578      22.067523       -1.948709e-158     
   14.772578      22.435100        2.922069e-167     
   14.772578      22.781284       -6.629553e-162     
   14.772578      23.105144       -8.505438e-156     
   14.772578      23.405806        2.760285e-147     
   14.772578      23.682459        1.028788e-140     
   14.772578      23.934358        5.402730e-135     
   14.772578      24.160824        4.773941e-130     
   14.772578      24.361246        7.667700e-126     
   14.772578      24.535084        2.388607e-122     
   14.772578      24.681869        1.536918e-119     
   14.772578      24.801206        2.165607e-117     
   14.772578      24.892773        7.199804e-116     
   14.772578      24.956326        5.156113e-115     
   14.772578      24.991706        1.955008e-114     
   15.316998      0.001580        -1.238878e-109     
   15.316998      0.008319        -6.524592e-109     
   15.316998      0.020424        -1.602779e-108     
   15.316998      0.037866        -2.976805e-108     
   15.316998      0.060596        -4.777838e-108     
   15.316998      0.088555        -7.026269e-108     
   15.316998      0.121667        -9.750122e-108     
   15.316998      0.159843        -1.300719e-107     
   15.316998      0.202979        -1.689195e-107     
   15.316998      0.250960        -2.154686e-107     
   15.316998      0.303656        -2.718293e-107     
   15.316998      0.360925        -3.410749e-107     
   15.316998      0.422613        -4.276419e-107     
   15.316998      0.488552        -5.379322e-107     
   15.316998      0.558567        -6.812278e-107     
   15.316998      0.632467        -8.711077e-107     
   15.316998      0.710054        -1.127669e-106     
   15.316998      0.791119        -1.481063e-106     
   15.316998      0.875442        -1.977192e-106     
   15.316998      0.962797        -2.687068e-106     
   15.316998      1.052948        -3.722384e-106     
   15.316998      1.145653        -5.261940e-106     
   15.316998      1.240660        -7.597266e-106     
   15.316998      1.337714        -1.121286e-105     
   15.316998      1.436554        -1.692987e-105     
   15.316998      1.536913        -2.616790e-105     
   15.316998      1.638520        -4.142913e-105     
   15.316998      1.741102        -6.720474e-105     
   15.316998      1.844381        -1.116854e-104     
   15.316998      1.948080        -1.899994e-104     
   15.316998      2.051920        -3.303224e-104     
   15.316998      2.155619        -5.852982e-104     
   15.316998      2.258898        -1.053017e-103     
   15.316998      2.361480        -1.914594e-103     
   15.316998      2.463087        -3.499217e-103     
   15.316998      2.563446        -6.391904e-103     
   15.316998      2.662286        -1.160258e-102     
   15.316998      2.759340        -2.081457e-102     
   15.316998      2.854347        -3.672355e-102     
   15.316998      2.947052        -6.346691e-102     
   15.316998      3.037203        -1.071445e-101     
   15.316998      3.124558        -1.764880e-101     
   15.316998      3.208881        -2.839109e-101     
   15.316998      3.289946        -4.475096e-101     
   15.316998      3.367533        -6.950159e-101     
   15.316998      3.441433        -1.070884e-100     
   15.316998      3.511448        -1.647032e-100     
   15.316998      3.577387        -2.535634e-100     
   15.316998      3.639075        -3.898763e-100     
   15.316998      3.696344        -5.946133e-100     
   15.316998      3.749040        -8.911388e-100     
   15.316998      3.797021         -1.300228e-99     
   15.316998      3.840157         -1.833088e-99     
   15.316998      3.878333         -2.484253e-99     
   15.316998      3.911445         -3.226950e-99     
   15.316998      3.939404         -4.013098e-99     
   15.316998      3.962134         -4.778590e-99     
   15.316998      3.979576         -5.452614e-99     
   15.316998      3.991681         -5.968518e-99     
   15.316998      3.998420         -6.273733e-99     
   15.316998      4.008294         -6.745062e-99     
   15.316998      4.043674         -8.684354e-99     
   15.316998      4.107227         -1.322244e-98     
   15.316998      4.198794         -2.172035e-98     
   15.316998      4.318131         -2.875042e-98     
   15.316998      4.464916         1.570087e-98      
   15.316998      4.638754         1.125996e-97      
   15.316998      4.839176         -3.265605e-96     
   15.316998      5.065642         -1.354336e-95     
   15.316998      5.317541         5.525746e-94      
   15.316998      5.594194         -6.368127e-93     
   15.316998      5.894856         1.008459e-91      
   15.316998      6.218716         -2.421380e-90     
   15.316998      6.564900         -9.675201e-90     
   15.316998      6.932477         -4.668308e-87     
   15.316998      7.320454         -1.498510e-85     
   15.316998      7.727785         -5.091451e-83     
   15.316998      8.153374         -1.281903e-80     
   15.316998      8.596072         -4.592878e-78     
   15.316998      9.054685         1.692510e-75      
   15.316998      9.527979         -5.185251e-73     
   15.316998      10.014676        3.730301e-68      
   15.316998      10.513464        3.701322e-64      
   15.316998      11.023000        1.378546e-59      
   15.316998      11.541909        -3.500931e-55     
   15.316998      12.068793        -4.442771e-48     
   15.316998      12.602230        -2.875958e-41     
   15.316998      13.140784        -3.490907e-34     
   15.316998      13.683002        8.223486e-28      
   15.316998      14.227422        4.747069e-18      
   15.316998      14.772578        4.123974e-09      
   15.316998      15.316998        7.619472e-02      
   15.316998      15.859216        1.319766e-09      
   15.316998      16.397770        4.210676e-20      
   15.316998      16.931207        -5.409708e-31     
   15.316998      17.458091        -1.091353e-41     
   15.316998      17.977000        -1.389092e-53     
   15.316998      18.486536        1.082473e-64      
   15.316998      18.985324        1.006501e-76      
   15.316998      19.472021        -9.265878e-88     
   15.316998      19.945315        -4.095846e-99     
   15.316998      20.403928        8.135143e-110     
   15.316998      20.846626       -3.856957e-120     
   15.316998      21.272215        1.389197e-130     
   15.316998      21.679546        1.336648e-140     
   15.316998      22.067523       -2.368889e-149     
   15.316998      22.435100        1.195476e-158     
   15.316998      22.781284        8.600024e-166     
   15.316998      23.105144        3.773823e-164     
   15.316998      23.405806       -3.435589e-156     
   15.316998      23.682459       -1.331943e-149     
   15.316998      23.934358       -7.108375e-144     
   15.316998      24.160824       -6.354122e-139     
   15.316998      24.361246       -1.031001e-134     
   15.316998      24.535084       -3.241872e-131     
   15.316998      24.681869       -2.103547e-128     
   15.316998      24.801206       -2.985448e-126     
   15.316998      24.892773       -9.982810e-125     
   15.316998      24.956326       -7.179916e-124     
   15.316998      24.991706       -2.729994e-123     
   15.859216      0.001580         1.023575e-118     
   15.859216      0.008319         5.390611e-118     
   15.859216      0.020424         1.324102e-117     
   15.859216      0.037866         2.458348e-117     
   15.859216      0.060596         3.944628e-117     
   15.859216      0.088555         5.796715e-117     
   15.859216      0.121667         8.032616e-117     
   15.859216      0.159843         1.069274e-116     
   15.859216      0.202979         1.384334e-116     
   15.859216      0.250960         1.758328e-116     
   15.859216      0.303656         2.205812e-116     
   15.859216      0.360925         2.747828e-116     
   15.859216      0.422613         3.414437e-116     
   15.859216      0.488552         4.248456e-116     
   15.859216      0.558567         5.311033e-116     
   15.859216      0.632467         6.690107e-116     
   15.859216      0.710054         8.513401e-116     
   15.859216      0.791119         1.096864e-115     
   15.859216      0.875442         1.433547e-115     
   15.859216      0.962797         1.903639e-115     
   15.859216      1.052948         2.571955e-115     
   15.859216      1.145653         3.539501e-115     
   15.859216      1.240660         4.966306e-115     
   15.859216      1.337714         7.110289e-115     
   15.859216      1.436554         1.039461e-114     
   15.859216      1.536913         1.552626e-114     
   15.859216      1.638520         2.370830e-114     
   15.859216      1.741102         3.702454e-114     
   15.859216      1.844381         5.914440e-114     
   15.859216      1.948080         9.662125e-114     
   15.859216      2.051920         1.612846e-113     
   15.859216      2.155619         2.746187e-113     
   15.859216      2.258898         4.756646e-113     
   15.859216      2.361480         8.349609e-113     
   15.859216      2.463087         1.478365e-112     
   15.859216      2.563446         2.626067e-112     
   15.859216      2.662286         4.653137e-112     
   15.859216      2.759340         8.177477e-112     
   15.859216      2.854347         1.417800e-111     
   15.859216      2.947052         2.414085e-111     
   15.859216      3.037203         4.023014e-111     
   15.859216      3.124558         6.549610e-111     
   15.859216      3.208881         1.041908e-110     
   15.859216      3.289946         1.623752e-110     
   15.859216      3.367533         2.491487e-110     
   15.859216      3.441433         3.789030e-110     
   15.859216      3.511448         5.747907e-110     
   15.859216      3.577387         8.728974e-110     
   15.859216      3.639075         1.325419e-109     
   15.859216      3.696344         1.999947e-109     
   15.859216      3.749040         2.971727e-109     
   15.859216      3.797021         4.307355e-109     
   15.859216      3.840157         6.042017e-109     
   15.859216      3.878333         8.156508e-109     
   15.859216      3.911445         1.056257e-108     
   15.859216      3.939404         1.310358e-108     
   15.859216      3.962134         1.557238e-108     
   15.859216      3.979576         1.774180e-108     
   15.859216      3.991681         1.939950e-108     
   15.859216      3.998420         2.037908e-108     
   15.859216      4.008294         2.189008e-108     
   15.859216      4.043674         2.808464e-108     
   15.859216      4.107227         4.241843e-108     
   15.859216      4.198794         6.828285e-108     
   15.859216      4.318131         8.288882e-108     
   15.859216      4.464916        -9.978717e-108     
   15.859216      4.638754        -5.349633e-107     
   15.859216      4.839176         1.079244e-105     
   15.859216      5.065642         5.020126e-105     
   15.859216      5.317541        -1.750357e-103     
   15.859216      5.594194         2.451411e-102     
   15.859216      5.894856        -2.563047e-101     
   15.859216      6.218716         1.092027e-99      
   15.859216      6.564900         1.555407e-98      
   15.859216      6.932477         2.328847e-96      
   15.859216      7.320454         1.279101e-94      
   15.859216      7.727785         2.764387e-92      
   15.859216      8.153374         5.143743e-90      
   15.859216      8.596072         4.660726e-88      
   15.859216      9.054685         -2.567158e-84     
   15.859216      9.527979         -5.502127e-81     
   15.859216      10.014676        -4.313484e-77     
   15.859216      10.513464        -4.102255e-73     
   15.859216      11.023000        -9.189033e-69     
   15.859216      11.541909        -7.972673e-65     
   15.859216      12.068793        6.306096e-59      
   15.859216      12.602230        -2.091323e-51     
   15.859216      13.140784        -6.339601e-44     
   15.859216      13.683002        -3.284045e-36     
   15.859216      14.227422        -1.029944e-28     
   15.859216      14.772578        4.178412e-19      
   15.859216      15.316998        1.319766e-09      
   15.859216      15.859216        7.106123e-02      
   15.859216      16.397770        4.615535e-10      
   15.859216      16.931207        5.051783e-21      
   15.859216      17.458091        -4.525757e-32     
   15.859216      17.977000        -3.521661e-43     
   15.859216      18.486536        -1.459011e-56     
   15.859216      18.985324        1.926285e-66      
   15.859216      19.472021        -5.865330e-79     
   15.859216      19.945315        -2.171875e-89     
   15.859216      20.403928        5.530022e-101     
   15.859216      20.846626       -3.213026e-111     
   15.859216      21.272215       -8.066534e-122     
   15.859216      21.679546        6.140063e-131     
   15.859216      22.067523       -4.365954e-140     
   15.859216      22.435100       -2.484455e-149     
   15.859216      22.781284        2.154067e-156     
   15.859216      23.105144       -1.658420e-163     
   15.859216      23.405806        1.278846e-165     
   15.859216      23.682459        5.099805e-159     
   15.859216      23.934358        2.751855e-153     
   15.859216      24.160824        2.478955e-148     
   15.859216      24.361246        4.049261e-144     
   15.859216      24.535084        1.280978e-140     
   15.859216      24.681869        8.356683e-138     
   15.859216      24.801206        1.191436e-135     
   15.859216      24.892773        3.998384e-134     
   15.859216      24.956326        2.883453e-133     
   15.859216      24.991706        1.098307e-132     
   16.397770      0.001580        -1.856449e-128     
   16.397770      0.008319        -9.776870e-128     
   16.397770      0.020424        -2.401452e-127     
   16.397770      0.037866        -4.458166e-127     
   16.397770      0.060596        -7.152959e-127     
   16.397770      0.088555        -1.050937e-126     
   16.397770      0.121667        -1.455761e-126     
   16.397770      0.159843        -1.936743e-126     
   16.397770      0.202979        -2.505334e-126     
   16.397770      0.250960        -3.178556e-126     
   16.397770      0.303656        -3.981433e-126     
   16.397770      0.360925        -4.950036e-126     
   16.397770      0.422613        -6.135717e-126     
   16.397770      0.488552        -7.611293e-126     
   16.397770      0.558567        -9.480199e-126     
   16.397770      0.632467        -1.189027e-125     
   16.397770      0.710054        -1.505474e-125     
   16.397770      0.791119        -1.928460e-125     
   16.397770      0.875442        -2.503919e-125     
   16.397770      0.962797        -3.300612e-125     
   16.397770      1.052948        -4.422941e-125     
   16.397770      1.145653        -6.031786e-125     
   16.397770      1.240660        -8.378891e-125     
   16.397770      1.337714        -1.186449e-124     
   16.397770      1.436554        -1.713544e-124     
   16.397770      1.536913        -2.525499e-124     
   16.397770      1.638520        -3.800098e-124     
   16.397770      1.741102        -5.839653e-124     
   16.397770      1.844381        -9.166504e-124     
   16.397770      1.948080        -1.469601e-123     
   16.397770      2.051920        -2.405037e-123     
   16.397770      2.155619        -4.012522e-123     
   16.397770      2.258898        -6.809970e-123     
   16.397770      2.361480        -1.171998e-122     
   16.397770      2.463087        -2.036832e-122     
   16.397770      2.563446        -3.556863e-122     
   16.397770      2.662286        -6.206835e-122     
   16.397770      2.759340        -1.076222e-121     
   16.397770      2.854347        -1.844172e-121     
   16.397770      2.947052        -3.108033e-121     
   16.397770      3.037203        -5.132531e-121     
   16.397770      3.124558        -8.286576e-121     
   16.397770      3.208881        -1.307733e-120     
   16.397770      3.289946        -2.021688e-120     
   16.397770      3.367533        -3.076091e-120     
   16.397770      3.441433        -4.636818e-120     
   16.397770      3.511448        -6.970564e-120     
   16.397770      3.577387        -1.049414e-119     
   16.397770      3.639075        -1.581274e-119     
   16.397770      3.696344        -2.371297e-119     
   16.397770      3.749040        -3.507335e-119     
   16.397770      3.797021        -5.067397e-119     
   16.397770      3.840157        -7.092954e-119     
   16.397770      3.878333        -9.561931e-119     
   16.397770      3.911445        -1.237146e-118     
   16.397770      3.939404        -1.533865e-118     
   16.397770      3.962134        -1.822147e-118     
   16.397770      3.979576        -2.075459e-118     
   16.397770      3.991681        -2.269009e-118     
   16.397770      3.998420        -2.383376e-118     
   16.397770      4.008294        -2.559777e-118     
   16.397770      4.043674        -3.282782e-118     
   16.397770      4.107227        -4.954122e-118     
   16.397770      4.198794        -7.958396e-118     
   16.397770      4.318131        -9.586896e-118     
   16.397770      4.464916         1.165556e-117     
   16.397770      4.638754         5.268658e-117     
   16.397770      4.839176        -1.442677e-115     
   16.397770      5.065642        -8.079995e-115     
   16.397770      5.317541         1.766213e-113     
   16.397770      5.594194        -3.523234e-112     
   16.397770      5.894856         1.544949e-111     
   16.397770      6.218716        -1.759708e-109     
   16.397770      6.564900        -3.803985e-108     
   16.397770      6.932477        -3.842594e-106     
   16.397770      7.320454        -2.274926e-104     
   16.397770      7.727785        -3.262547e-102     
   16.397770      8.153374        -5.983752e-102     
   16.397770      8.596072         5.932701e-97      
   16.397770      9.054685         1.181516e-93      
   16.397770      9.527979         2.772829e-90      
   16.397770      10.014676        1.506007e-86      
   16.397770      10.513464        1.406355e-82      
   16.397770      11.023000        3.010584e-78      
   16.397770      11.541909        1.363767e-73      
   16.397770      12.068793        3.863891e-68      
   16.397770      12.602230        8.001178e-62      
   16.397770      13.140784        -8.420947e-55     
   16.397770      13.683002        -1.632482e-46     
   16.397770      14.227422        -3.646023e-38     
   16.397770      14.772578        -7.846709e-30     
   16.397770      15.316998        4.210676e-20      
   16.397770      15.859216        4.615535e-10      
   16.397770      16.397770        6.644840e-02      
   16.397770      16.931207        1.804333e-10      
   16.397770      17.458091        7.463735e-22      
   16.397770      17.977000        -5.220918e-33     
   16.397770      18.486536        -1.913775e-44     
   16.397770      18.985324        1.203117e-56      
   16.397770      19.472021        7.695150e-68      
   16.397770      19.945315        -1.499707e-79     
   16.397770      20.403928        -1.117507e-90     
   16.397770      20.846626       -4.865818e-102     
   16.397770      21.272215       -1.175830e-111     
   16.397770      21.679546        2.829833e-121     
   16.397770      22.067523       -1.300642e-130     
   16.397770      22.435100       -4.318520e-139     
   16.397770      22.781284        1.292663e-146     
   16.397770      23.105144       -8.466266e-154     
   16.397770      23.405806        1.855005e-160     
   16.397770      23.682459       -1.498719e-166     
   16.397770      23.934358       -3.537675e-163     
   16.397770      24.160824       -3.205748e-158     
   16.397770      24.361246       -5.262981e-154     
   16.397770      24.535084       -1.672506e-150     
   16.397770      24.681869       -1.095460e-147     
   16.397770      24.801206       -1.567095e-145     
   16.397770      24.892773       -5.273070e-144     
   16.397770      24.956326       -3.810155e-143     
   16.397770      24.991706       -1.453199e-142     
   16.931207      0.001580         1.132295e-138     
   16.931207      0.008319         5.963146e-138     
   16.931207      0.020424         1.464687e-137     
   16.931207      0.037866         2.718997e-137     
   16.931207      0.060596         4.362356e-137     
   16.931207      0.088555         6.408701e-137     
   16.931207      0.121667         8.875733e-137     
   16.931207      0.159843         1.180494e-136     
   16.931207      0.202979         1.526447e-136     
   16.931207      0.250960         1.935543e-136     
   16.931207      0.303656         2.422632e-136     
   16.931207      0.360925         3.009094e-136     
   16.931207      0.422613         3.725301e-136     
   16.931207      0.488552         4.614222e-136     
   16.931207      0.558567         5.736718e-136     
   16.931207      0.632467         7.179484e-136     
   16.931207      0.710054         9.067088e-136     
   16.931207      0.791119         1.158045e-135     
   16.931207      0.875442         1.498553e-135     
   16.931207      0.962797         1.967840e-135     
   16.931207      1.052948         2.625696e-135     
   16.931207      1.145653         3.563674e-135     
   16.931207      1.240660         4.924020e-135     
   16.931207      1.337714         6.931109e-135     
   16.931207      1.436554         9.944420e-135     
   16.931207      1.536913         1.454916e-134     
   16.931207      1.638520         2.171360e-134     
   16.931207      1.741102         3.306578e-134     
   16.931207      1.844381         5.138565e-134     
   16.931207      1.948080         8.148659e-134     
   16.931207      2.051920         1.317981e-133     
   16.931207      2.155619         2.171964e-133     
   16.931207      2.258898         3.640103e-133     
   16.931207      2.361480         6.186983e-133     
   16.931207      2.463087         1.062452e-132     
   16.931207      2.563446         1.834795e-132     
   16.931207      2.662286         3.169758e-132     
   16.931207      2.759340         5.447770e-132     
   16.931207      2.854347         9.264342e-132     
   16.931207      2.947052         1.551327e-131     
   16.931207      3.037203         2.548054e-131     
   16.931207      3.124558         4.095389e-131     
   16.931207      3.208881         6.438497e-131     
   16.931207      3.289946         9.920664e-131     
   16.931207      3.367533         1.504946e-130     
   16.931207      3.441433         2.262085e-130     
   16.931207      3.511448         3.391357e-130     
   16.931207      3.577387         5.092718e-130     
   16.931207      3.639075         7.656968e-130     
   16.931207      3.696344         1.146318e-129     
   16.931207      3.749040         1.693679e-129     
   16.931207      3.797021         2.445910e-129     
   16.931207      3.840157         3.423901e-129     
   16.931207      3.878333         4.618155e-129     
   16.931207      3.911445         5.980104e-129     
   16.931207      3.939404         7.421953e-129     
   16.931207      3.962134         8.826285e-129     
   16.931207      3.979576         1.006316e-128     
   16.931207      3.991681         1.101009e-128     
   16.931207      3.998420         1.157040e-128     
   16.931207      4.008294         1.243579e-128     
   16.931207      4.043674         1.599815e-128     
   16.931207      4.107227         2.434582e-128     
   16.931207      4.198794         4.005248e-128     
   16.931207      4.318131         5.389144e-128     
   16.931207      4.464916        -1.556193e-128     
   16.931207      4.638754        -1.686551e-128     
   16.931207      4.839176         8.566611e-126     
   16.931207      5.065642         5.607942e-125     
   16.931207      5.317541        -5.925695e-124     
   16.931207      5.594194         2.043588e-122     
   16.931207      5.894856         1.560877e-122     
   16.931207      6.218716         1.063673e-119     
   16.931207      6.564900         2.585832e-118     
   16.931207      6.932477         1.973856e-116     
   16.931207      7.320454         6.458791e-115     
   16.931207      7.727785        -7.704459e-113     
   16.931207      8.153374        -1.240308e-109     
   16.931207      8.596072        -1.210961e-106     
   16.931207      9.054685        -1.676465e-103     
   16.931207      9.527979        -3.784311e-100     
   16.931207      10.014676        -1.776373e-96     
   16.931207      10.513464        -1.579748e-92     
   16.931207      11.023000        -3.018885e-88     
   16.931207      11.541909        -1.017324e-83     
   16.931207      12.068793        1.718568e-79      
   16.931207      12.602230        3.557264e-72      
   16.931207      13.140784        4.304933e-65      
   16.931207      13.683002        1.282608e-58      
   16.931207      14.227422        -5.364518e-49     
   16.931207      14.772578        -5.274291e-40     
   16.931207      15.316998        -5.409708e-31     
   16.931207      15.859216        5.051783e-21      
   16.931207      16.397770        1.804333e-10      
   16.931207      16.931207        6.230085e-02      
   16.931207      17.458091        8.057841e-11      
   16.931207      17.977000        1.389449e-22      
   16.931207      18.486536        -9.054305e-34     
   16.931207      18.985324        -1.862533e-45     
   16.931207      19.472021        2.507698e-57      
   16.931207      19.945315        7.233732e-69      
   16.931207      20.403928        -4.166081e-80     
   16.931207      20.846626        -3.063631e-91     
   16.931207      21.272215       -1.432144e-101     
   16.931207      21.679546        1.679395e-111     
   16.931207      22.067523       -3.057979e-121     
   16.931207      22.435100       -8.154726e-129     
   16.931207      22.781284        1.627898e-136     
   16.931207      23.105144       -9.383413e-144     
   16.931207      23.405806        1.840274e-150     
   16.931207      23.682459       -1.232752e-156     
   16.931207      23.934358        9.609507e-163     
   16.931207      24.160824        1.187759e-166     
   16.931207      24.361246        2.578908e-164     
   16.931207      24.535084        8.225955e-161     
   16.931207      24.681869        5.405427e-158     
   16.931207      24.801206        7.753808e-156     
   16.931207      24.892773        2.614672e-154     
   16.931207      24.956326        1.892268e-153     
   16.931207      24.991706        7.224931e-153     
   17.458091      0.001580        -2.876763e-149     
   17.458091      0.008319        -1.515024e-148     
   17.458091      0.020424        -3.721228e-148     
   17.458091      0.037866        -6.907792e-148     
   17.458091      0.060596        -1.108259e-147     
   17.458091      0.088555        -1.628041e-147     
   17.458091      0.121667        -2.254514e-147     
   17.458091      0.159843        -2.998061e-147     
   17.458091      0.202979        -3.875737e-147     
   17.458091      0.250960        -4.912830e-147     
   17.458091      0.303656        -6.146453e-147     
   17.458091      0.360925        -7.629987e-147     
   17.458091      0.422613        -9.439189e-147     
   17.458091      0.488552        -1.168108e-146     
   17.458091      0.558567        -1.450696e-146     
   17.458091      0.632467        -1.813193e-146     
   17.458091      0.710054        -2.286437e-146     
   17.458091      0.791119        -2.915097e-146     
   17.458091      0.875442        -3.764650e-146     
   17.458091      0.962797        -4.932297e-146     
   17.458091      1.052948        -6.564262e-146     
   17.458091      1.145653        -8.883567e-146     
   17.458091      1.240660        -1.223522e-145     
   17.458091      1.337714        -1.716079e-145     
   17.458091      1.436554        -2.452325e-145     
   17.458091      1.536913        -3.571900e-145     
   17.458091      1.638520        -5.304322e-145     
   17.458091      1.741102        -8.032738e-145     
   17.458091      1.844381        -1.240643e-144     
   17.458091      1.948080        -1.954082e-144     
   17.458091      2.051920        -3.137414e-144     
   17.458091      2.155619        -5.130144e-144     
   17.458091      2.258898        -8.529028e-144     
   17.458091      2.361480        -1.438075e-143     
   17.458091      2.463087        -2.450548e-143     
   17.458091      2.563446        -4.201943e-143     
   17.458091      2.662286        -7.213741e-143     
   17.458091      2.759340        -1.233298e-142     
   17.458091      2.854347        -2.088704e-142     
   17.458091      2.947052        -3.487477e-142     
   17.458091      3.037203        -5.718956e-142     
   17.458091      3.124558        -9.189029e-142     
   17.458091      3.208881        -1.446072e-141     
   17.458091      3.289946        -2.233120e-141     
   17.458091      3.367533        -3.398669e-141     
   17.458091      3.441433        -5.128641e-141     
   17.458091      3.511448        -7.720164e-141     
   17.458091      3.577387        -1.163504e-140     
   17.458091      3.639075        -1.754206e-140     
   17.458091      3.696344        -2.631210e-140     
   17.458091      3.749040        -3.892563e-140     
   17.458091      3.797021        -5.627072e-140     
   17.458091      3.840157        -7.885321e-140     
   17.458091      3.878333        -1.064927e-139     
   17.458091      3.911445        -1.381112e-139     
   17.458091      3.939404        -1.717089e-139     
   17.458091      3.962134        -2.045633e-139     
   17.458091      3.979576        -2.336123e-139     
   17.458091      3.991681        -2.559261e-139     
   17.458091      3.998420        -2.691606e-139     
   17.458091      4.008294        -2.896480e-139     
   17.458091      4.043674        -3.746191e-139     
   17.458091      4.107227        -5.784564e-139     
   17.458091      4.198794        -9.915581e-139     
   17.458091      4.318131        -1.568649e-138     
   17.458091      4.464916        -1.340326e-138     
   17.458091      4.638754        -8.173829e-138     
   17.458091      4.839176        -2.385375e-136     
   17.458091      5.065642        -1.700088e-135     
   17.458091      5.317541         6.486984e-135     
   17.458091      5.594194        -5.181435e-133     
   17.458091      5.894856        -1.944579e-132     
   17.458091      6.218716        -2.504456e-130     
   17.458091      6.564900        -4.847232e-129     
   17.458091      6.932477        -1.688285e-127     
   17.458091      7.320454         4.417592e-125     
   17.458091      7.727785         1.868477e-122     
   17.458091      8.153374         9.862057e-120     
   17.458091      8.596072         7.358162e-117     
   17.458091      9.054685         8.930736e-114     
   17.458091      9.527979         1.916312e-110     
   17.458091      10.014676        8.218310e-107     
   17.458091      10.513464        6.800901e-103     
   17.458091      11.023000        1.101929e-98      
   17.458091      11.541909        1.770908e-94      
   17.458091      12.068793        -7.618666e-89     
   17.458091      12.602230        -9.604458e-83     
   17.458091      13.140784        7.922041e-77      
   17.458091      13.683002        2.376622e-68      
   17.458091      14.227422        2.067001e-60      
   17.458091      14.772578        -2.400414e-51     
   17.458091      15.316998        -1.091353e-41     
   17.458091      15.859216        -4.525757e-32     
   17.458091      16.397770        7.463735e-22      
   17.458091      16.931207        8.057841e-11      
   17.458091      17.458091        5.856896e-02      
   17.458091      17.977000        4.195304e-11      
   17.458091      18.486536        3.252098e-23      
   17.458091      18.985324        -2.523178e-34     
   17.458091      19.472021        -3.363468e-46     
   17.458091      19.945315        9.346699e-58      
   17.458091      20.403928        1.458756e-69      
   17.458091      20.846626        -3.544829e-80     
   17.458091      21.272215        -5.945362e-91     
   17.458091      21.679546       -1.390433e-102     
   17.458091      22.067523        1.131380e-110     
   17.458091      22.435100       -2.403579e-118     
   17.458091      22.781284        3.738415e-126     
   17.458091      23.105144       -1.939056e-133     
   17.458091      23.405806        3.270189e-140     
   17.458091      23.682459       -1.437162e-146     
   17.458091      23.934358       -6.832922e-152     
   17.458091      24.160824        5.235166e-156     
   17.458091      24.361246       -8.860916e-160     
   17.458091      24.535084        5.376479e-163     
   17.458091      24.681869       -6.123098e-166     
   17.458091      24.801206       -1.611160e-166     
   17.458091      24.892773       -5.639274e-165     
   17.458091      24.956326       -4.086601e-164     
   17.458091      24.991706       -1.561790e-163     
   17.977000      0.001580         3.672045e-160     
   17.977000      0.008319         1.933851e-159     
   17.977000      0.020424         4.749940e-159     
   17.977000      0.037866         8.817271e-159     
   17.977000      0.060596         1.414589e-158     
   17.977000      0.088555         2.077969e-158     
   17.977000      0.121667         2.877383e-158     
   17.977000      0.159843         3.825959e-158     
   17.977000      0.202979         4.945268e-158     
   17.977000      0.250960         6.267269e-158     
   17.977000      0.303656         7.838850e-158     
   17.977000      0.360925         9.727418e-158     
   17.977000      0.422613         1.202857e-157     
   17.977000      0.488552         1.487722e-157     
   17.977000      0.558567         1.846394e-157     
   17.977000      0.632467         2.305930e-157     
   17.977000      0.710054         2.905064e-157     
   17.977000      0.791119         3.699818e-157     
   17.977000      0.875442         4.772174e-157     
   17.977000      0.962797         6.243596e-157     
   17.977000      1.052948         8.296432e-157     
   17.977000      1.145653         1.120815e-156     
   17.977000      1.240660         1.540687e-156     
   17.977000      1.337714         2.156268e-156     
   17.977000      1.436554         3.073982e-156     
   17.977000      1.536913         4.465411e-156     
   17.977000      1.638520         6.611416e-156     
   17.977000      1.741102         9.978764e-156     
   17.977000      1.844381         1.535465e-155     
   17.977000      1.948080         2.408468e-155     
   17.977000      2.051920         3.849547e-155     
   17.977000      2.155619         6.264309e-155     
   17.977000      2.258898         1.036269e-154     
   17.977000      2.361480         1.738559e-154     
   17.977000      2.463087         2.948572e-154     
   17.977000      2.563446         5.034469e-154     
   17.977000      2.662286         8.612696e-154     
   17.977000      2.759340         1.468719e-153     
   17.977000      2.854347         2.483945e-153     
   17.977000      2.947052         4.147153e-153     
   17.977000      3.037203         6.810481e-153     
   17.977000      3.124558         1.097640e-152     
   17.977000      3.208881         1.735596e-152     
   17.977000      3.289946         2.697427e-152     
   17.977000      3.367533         4.137135e-152     
   17.977000      3.441433         6.295585e-152     
   17.977000      3.511448         9.553876e-152     
   17.977000      3.577387         1.449733e-151     
   17.977000      3.639075         2.196549e-151     
   17.977000      3.696344         3.304539e-151     
   17.977000      3.749040         4.896003e-151     
   17.977000      3.797021         7.082442e-151     
   17.977000      3.840157         9.929188e-151     
   17.977000      3.878333         1.341755e-150     
   17.977000      3.911445         1.741714e-150     
   17.977000      3.939404         2.168024e-150     
   17.977000      3.962134         2.586388e-150     
   17.977000      3.979576         2.957621e-150     
   17.977000      3.991681         3.243671e-150     
   17.977000      3.998420         3.413709e-150     
   17.977000      4.008294         3.677506e-150     
   17.977000      4.043674         4.779453e-150     
   17.977000      4.107227         7.482223e-150     
   17.977000      4.198794         1.332847e-149     
   17.977000      4.318131         2.396052e-149     
   17.977000      4.464916         3.874622e-149     
   17.977000      4.638754         2.027628e-148     
   17.977000      4.839176         3.322811e-147     
   17.977000      5.065642         2.416430e-146     
   17.977000      5.317541        -2.050536e-146     
   17.977000      5.594194         6.196429e-144     
   17.977000      5.894856         2.031469e-143     
   17.977000      6.218716         2.068123e-141     
   17.977000      6.564900        -2.612888e-140     
   17.977000      6.932477        -8.657926e-138     
   17.977000      7.320454        -2.339118e-135     
   17.977000      7.727785        -6.751862e-133     
   17.977000      8.153374        -2.891090e-130     
   17.977000      8.596072        -1.927207e-127     
   17.977000      9.054685        -2.171008e-124     
   17.977000      9.527979        -4.420264e-121     
   17.977000      10.014676       -1.747755e-117     
   17.977000      10.513464       -1.288704e-113     
   17.977000      11.023000       -1.448250e-109     
   17.977000      11.541909        5.656468e-105     
   17.977000      12.068793        4.014975e-99      
   17.977000      12.602230        3.555679e-93      
   17.977000      13.140784        6.354553e-87      
   17.977000      13.683002        7.274612e-80      
   17.977000      14.227422        2.441233e-71      
   17.977000      14.772578        1.230096e-62      
   17.977000      15.316998        -1.389092e-53     
   17.977000      15.859216        -3.521661e-43     
   17.977000      16.397770        -5.220918e-33     
   17.977000      16.931207        1.389449e-22      
   17.977000      17.458091        4.195304e-11      
   17.977000      17.977000        5.520755e-02      
   17.977000      18.486536        2.592450e-11      
   17.977000      18.985324        8.842205e-24      
   17.977000      19.472021        -1.190094e-34     
   17.977000      19.945315        -1.100671e-46     
   17.977000      20.403928        7.886360e-58      
   17.977000      20.846626        -2.131969e-70     
   17.977000      21.272215        -1.144014e-79     
   17.977000      21.679546        -2.699490e-90     
   17.977000      22.067523        6.664051e-100     
   17.977000      22.435100       -1.087162e-107     
   17.977000      22.781284        1.317607e-115     
   17.977000      23.105144       -6.235947e-123     
   17.977000      23.405806        7.891902e-130     
   17.977000      23.682459        1.044936e-136     
   17.977000      23.934358       -7.027416e-141     
   17.977000      24.160824        3.280395e-145     
   17.977000      24.361246       -4.865373e-149     
   17.977000      24.535084        2.862831e-152     
   17.977000      24.681869       -2.266003e-155     
   17.977000      24.801206        3.264117e-157     
   17.977000      24.892773       -1.556292e-158     
   17.977000      24.956326       -3.673977e-159     
   17.977000      24.991706        3.777180e-160     
   18.486536      0.001580        -4.937657e-159     
   18.486536      0.008319        -2.564765e-158     
   18.486536      0.020424        -5.916908e-158     
   18.486536      0.037866        -9.103831e-158     
   18.486536      0.060596        -8.591783e-158     
   18.486536      0.088555        -4.950569e-158     
   18.486536      0.121667         4.409204e-159     
   18.486536      0.159843         1.167667e-159     
   18.486536      0.202979         5.767083e-160     
   18.486536      0.250960         3.735824e-161     
   18.486536      0.303656        -1.424975e-162     
   18.486536      0.360925        -1.261662e-162     
   18.486536      0.422613        -1.010127e-162     
   18.486536      0.488552        -7.870503e-163     
   18.486536      0.558567        -6.034818e-163     
   18.486536      0.632467        -4.563299e-163     
   18.486536      0.710054        -3.400672e-163     
   18.486536      0.791119        -2.496572e-163     
   18.486536      0.875442        -1.805271e-163     
   18.486536      0.962797        -1.282742e-163     
   18.486536      1.052948        -8.897859e-164     
   18.486536      1.145653        -5.965443e-164     
   18.486536      1.240660        -3.817862e-164     
   18.486536      1.337714        -2.285953e-164     
   18.486536      1.436554        -1.223152e-164     
   18.486536      1.536913        -5.135904e-165     
   18.486536      1.638520        -7.181416e-166     
   18.486536      1.741102         1.720351e-165     
   18.486536      1.844381         2.785445e-165     
   18.486536      1.948080         2.950418e-165     
   18.486536      2.051920         2.555070e-165     
   18.486536      2.155619         1.839417e-165     
   18.486536      2.258898         9.424587e-166     
   18.486536      2.361480        -1.159595e-166     
   18.486536      2.463087        -1.444367e-165     
   18.486536      2.563446        -3.302800e-165     
   18.486536      2.662286        -6.159394e-165     
   18.486536      2.759340        -1.078332e-164     
   18.486536      2.854347        -1.838109e-164     
   18.486536      2.947052        -3.078457e-164     
   18.486536      3.037203        -5.069818e-164     
   18.486536      3.124558        -8.203189e-164     
   18.486536      3.208881        -1.304080e-163     
   18.486536      3.289946        -2.040426e-163     
   18.486536      3.367533        -3.153418e-163     
   18.486536      3.441433        -4.836080e-163     
   18.486536      3.511448        -7.390165e-163     
   18.486536      3.577387        -1.127287e-162     
   18.486536      3.639075        -1.713233e-162     
   18.486536      3.696344        -2.580064e-162     
   18.486536      3.749040        -3.820927e-162     
   18.486536      3.797021        -5.520617e-162     
   18.486536      3.840157        -7.729028e-162     
   18.486536      3.878333        -1.043245e-161     
   18.486536      3.911445        -1.353205e-161     
   18.486536      3.939404        -1.683851e-161     
   18.486536      3.962134        -2.008765e-161     
   18.486536      3.979576        -2.297521e-161     
   18.486536      3.991681        -2.520342e-161     
   18.486536      3.998420        -2.652937e-161     
   18.486536      4.008294        -2.858865e-161     
   18.486536      4.043674        -3.722210e-161     
   18.486536      4.107227        -5.864511e-161     
   18.486536      4.198794        -1.065494e-160     
   18.486536      4.318131        -2.034406e-160     
   18.486536      4.464916        -3.915099e-160     
   18.486536      4.638754        -1.886018e-159     
   18.486536      4.839176        -2.500570e-158     
   18.486536      5.065642        -1.725715e-157     
   18.486536      5.317541         2.795020e-157     
   18.486536      5.594194        -3.489439e-155     
   18.486536      5.894856         2.148520e-154     
   18.486536      6.218716         6.521015e-153     
   18.486536      6.564900         1.806993e-150     
   18.486536      6.932477         2.396083e-148     
   18.486536      7.320454         4.464297e-146     
   18.486536      7.727785         1.134368e-143     
   18.486536      8.153374         4.409806e-141     
   18.486536      8.596072         2.744471e-138     
   18.486536      9.054685         2.916742e-135     
   18.486536      9.527979         5.582893e-132     
   18.486536      10.014676        1.982874e-128     
   18.486536      10.513464        1.129420e-124     
   18.486536      11.023000       -3.278396e-121     
   18.486536      11.541909       -2.937664e-115     
   18.486536      12.068793       -1.139522e-109     
   18.486536      12.602230       -1.006905e-103     
   18.486536      13.140784        -2.595297e-97     
   18.486536      13.683002        -2.524488e-90     
   18.486536      14.227422        -8.548188e-83     
   18.486536      14.772578        3.272015e-74      
   18.486536      15.316998        1.082473e-64      
   18.486536      15.859216        -1.459011e-56     
   18.486536      16.397770        -1.913775e-44     
   18.486536      16.931207        -9.054305e-34     
   18.486536      17.458091        3.252098e-23      
   18.486536      17.977000        2.592450e-11      
   18.486536      18.486536        5.217763e-02      
   18.486536      18.985324        1.930485e-11      
   18.486536      19.472021        1.462765e-24      
   18.486536      19.945315        -9.870406e-35     
   18.486536      20.403928        -4.946503e-47     
   18.486536      20.846626        1.635801e-57      
   18.486536      21.272215        -1.086135e-68     
   18.486536      21.679546        -1.283758e-78     
   18.486536      22.067523        9.304051e-90      
   18.486536      22.435100        -6.817300e-97     
   18.486536      22.781284        5.514791e-105     
   18.486536      23.105144       -2.505697e-112     
   18.486536      23.405806        9.853162e-120     
   18.486536      23.682459        5.037049e-125     
   18.486536      23.934358       -6.951795e-130     
   18.486536      24.160824        2.695120e-134     
   18.486536      24.361246       -3.674038e-138     
   18.486536      24.535084        2.179361e-141     
   18.486536      24.681869       -5.593087e-145     
   18.486536      24.801206        2.888201e-146     
   18.486536      24.892773       -1.641365e-147     
   18.486536      24.956326       -4.322811e-148     
   18.486536      24.991706        3.644215e-149     
   18.985324      0.001580        -7.479246e-148     
   18.985324      0.008319        -3.884941e-147     
   18.985324      0.020424        -8.962552e-147     
   18.985324      0.037866        -1.378990e-146     
   18.985324      0.060596        -1.301428e-146     
   18.985324      0.088555        -7.498804e-147     
   18.985324      0.121667         6.678777e-148     
   18.985324      0.159843         1.768707e-148     
   18.985324      0.202979         8.735603e-149     
   18.985324      0.250960         5.658777e-150     
   18.985324      0.303656        -2.158504e-151     
   18.985324      0.360925        -1.911130e-151     
   18.985324      0.422613        -1.530121e-151     
   18.985324      0.488552        -1.192218e-151     
   18.985324      0.558567        -9.141582e-152     
   18.985324      0.632467        -6.912585e-152     
   18.985324      0.710054        -5.151466e-152     
   18.985324      0.791119        -3.781938e-152     
   18.985324      0.875442        -2.734738e-152     
   18.985324      0.962797        -1.943177e-152     
   18.985324      1.052948        -1.347880e-152     
   18.985324      1.145653        -9.036177e-153     
   18.985324      1.240660        -5.782270e-153     
   18.985324      1.337714        -3.460780e-153     
   18.985324      1.436554        -1.849579e-153     
   18.985324      1.536913        -7.729640e-154     
   18.985324      1.638520        -1.011686e-154     
   18.985324      1.741102         2.721610e-154     
   18.985324      1.844381         4.397030e-154     
   18.985324      1.948080         4.746810e-154     
   18.985324      2.051920         4.312019e-154     
   18.985324      2.155619         3.501939e-154     
   18.985324      2.258898         2.606847e-154     
   18.985324      2.361480         1.795780e-154     
   18.985324      2.463087         1.145101e-154     
   18.985324      2.563446         6.726676e-155     
   18.985324      2.662286         3.599354e-155     
   18.985324      2.759340         1.705653e-155     
   18.985324      2.854347         6.624555e-156     
   18.985324      2.947052         1.510956e-156     
   18.985324      3.037203        -5.968991e-157     
   18.985324      3.124558        -1.195802e-156     
   18.985324      3.208881        -1.147828e-156     
   18.985324      3.289946        -8.923721e-157     
   18.985324      3.367533        -6.229993e-157     
   18.985324      3.441433        -4.066128e-157     
   18.985324      3.511448        -2.531980e-157     
   18.985324      3.577387        -1.521344e-157     
   18.985324      3.639075        -8.870838e-158     
   18.985324      3.696344        -5.024225e-158     
   18.985324      3.749040        -2.749895e-158     
   18.985324      3.797021        -1.431686e-158     
   18.985324      3.840157        -6.803421e-159     
   18.985324      3.878333        -2.587211e-159     
   18.985324      3.911445        -2.595620e-160     
   18.985324      3.939404         1.001236e-159     
   18.985324      3.962134         1.667943e-159     
   18.985324      3.979576         2.009161e-159     
   18.985324      3.991681         2.174822e-159     
   18.985324      3.998420         2.245214e-159     
   18.985324      4.008294         2.323311e-159     
   18.985324      4.043674         2.407397e-159     
   18.985324      4.107227         2.096034e-159     
   18.985324      4.198794         1.341212e-159     
   18.985324      4.318131         5.697079e-160     
   18.985324      4.464916         1.363018e-160     
   18.985324      4.638754         8.593622e-162     
   18.985324      4.839176        -3.355019e-162     
   18.985324      5.065642        -6.453569e-163     
   18.985324      5.317541        -1.566393e-164     
   18.985324      5.594194         2.309269e-165     
   18.985324      5.894856        -6.500875e-165     
   18.985324      6.218716        -2.978247e-163     
   18.985324      6.564900        -2.786832e-161     
   18.985324      6.932477        -3.134778e-159     
   18.985324      7.320454        -5.141337e-157     
   18.985324      7.727785        -1.217365e-154     
   18.985324      8.153374        -4.446961e-152     
   18.985324      8.596072        -2.618432e-149     
   18.985324      9.054685        -2.617279e-146     
   18.985324      9.527979        -4.572572e-143     
   18.985324      10.014676       -1.314691e-139     
   18.985324      10.513464       -1.701479e-136     
   18.985324      11.023000        3.767592e-131     
   18.985324      11.541909        6.291796e-126     
   18.985324      12.068793        2.107185e-120     
   18.985324      12.602230        1.867932e-114     
   18.985324      13.140784        4.924961e-108     
   18.985324      13.683002        3.991071e-101     
   18.985324      14.227422        7.584059e-94      
   18.985324      14.772578        -4.730171e-86     
   18.985324      15.316998        1.006501e-76      
   18.985324      15.859216        1.926285e-66      
   18.985324      16.397770        1.203117e-56      
   18.985324      16.931207        -1.862533e-45     
   18.985324      17.458091        -2.523178e-34     
   18.985324      17.977000        8.842205e-24      
   18.985324      18.486536        1.930485e-11      
   18.985324      18.985324        4.944417e-02      
   18.985324      19.472021        1.752863e-11      
   18.985324      19.945315        -3.505690e-24     
   18.985324      20.403928        -1.474742e-34     
   18.985324      20.846626        7.603596e-47      
   18.985324      21.272215        8.485312e-57      
   18.985324      21.679546        -2.989242e-67     
   18.985324      22.067523        -4.544113e-77     
   18.985324      22.435100        -4.834814e-86     
   18.985324      22.781284        1.357585e-94      
   18.985324      23.105144       -9.937778e-102     
   18.985324      23.405806       -2.112051e-108     
   18.985324      23.682459        6.732436e-114     
   18.985324      23.934358       -7.106319e-119     
   18.985324      24.160824        2.491713e-123     
   18.985324      24.361246       -3.171245e-127     
   18.985324      24.535084        1.991554e-130     
   18.985324      24.681869        1.241493e-133     
   18.985324      24.801206        3.479510e-135     
   18.985324      24.892773       -2.216947e-136     
   18.985324      24.956326       -6.425457e-137     
   18.985324      24.991706        4.218970e-138     
   19.472021      0.001580        -1.171617e-136     
   19.472021      0.008319        -6.085723e-136     
   19.472021      0.020424        -1.403975e-135     
   19.472021      0.037866        -2.160174e-135     
   19.472021      0.060596        -2.038675e-135     
   19.472021      0.088555        -1.174680e-135     
   19.472021      0.121667         1.046224e-136     
   19.472021      0.159843         2.770661e-137     
   19.472021      0.202979         1.368423e-137     
   19.472021      0.250960         8.864405e-139     
   19.472021      0.303656        -3.381357e-140     
   19.472021      0.360925        -2.993853e-140     
   19.472021      0.422613        -2.397008e-140     
   19.472021      0.488552        -1.867686e-140     
   19.472021      0.558567        -1.432104e-140     
   19.472021      0.632467        -1.082929e-140     
   19.472021      0.710054        -8.070439e-141     
   19.472021      0.791119        -5.925000e-141     
   19.472021      0.875442        -4.284479e-141     
   19.472021      0.962797        -3.044412e-141     
   19.472021      1.052948        -2.111795e-141     
   19.472021      1.145653        -1.415777e-141     
   19.472021      1.240660        -9.059789e-142     
   19.472021      1.337714        -5.422549e-142     
   19.472021      1.436554        -2.898093e-142     
   19.472021      1.536913        -1.211180e-142     
   19.472021      1.638520        -1.585295e-143     
   19.472021      1.741102         4.264716e-143     
   19.472021      1.844381         6.890219e-143     
   19.472021      1.948080         7.438470e-143     
   19.472021      2.051920         6.757247e-143     
   19.472021      2.155619         5.487879e-143     
   19.472021      2.258898         4.085240e-143     
   19.472021      2.361480         2.814235e-143     
   19.472021      2.463087         1.794547e-143     
   19.472021      2.563446         1.054177e-143     
   19.472021      2.662286         5.640742e-144     
   19.472021      2.759340         2.672968e-144     
   19.472021      2.854347         1.038079e-144     
   19.472021      2.947052         2.366843e-145     
   19.472021      3.037203        -9.364438e-146     
   19.472021      3.124558        -1.874859e-145     
   19.472021      3.208881        -1.799482e-145     
   19.472021      3.289946        -1.398959e-145     
   19.472021      3.367533        -9.766587e-146     
   19.472021      3.441433        -6.374343e-146     
   19.472021      3.511448        -3.969301e-146     
   19.472021      3.577387        -2.384950e-146     
   19.472021      3.639075        -1.390631e-146     
   19.472021      3.696344        -7.876022e-147     
   19.472021      3.749040        -4.310580e-147     
   19.472021      3.797021        -2.244048e-147     
   19.472021      3.840157        -1.066194e-147     
   19.472021      3.878333        -4.052481e-148     
   19.472021      3.911445        -4.037117e-149     
   19.472021      3.939404         1.572583e-148     
   19.472021      3.962134         2.617564e-148     
   19.472021      3.979576         3.152324e-148     
   19.472021      3.991681         3.411915e-148     
   19.472021      3.998420         3.522202e-148     
   19.472021      4.008294         3.644541e-148     
   19.472021      4.043674         3.776034e-148     
   19.472021      4.107227         3.287369e-148     
   19.472021      4.198794         2.103423e-148     
   19.472021      4.318131         8.934480e-149     
   19.472021      4.464916         2.137456e-149     
   19.472021      4.638754         1.346895e-150     
   19.472021      4.839176        -5.264353e-151     
   19.472021      5.065642        -1.012466e-151     
   19.472021      5.317541        -2.454905e-153     
   19.472021      5.594194         3.596601e-154     
   19.472021      5.894856         7.815903e-156     
   19.472021      6.218716        -2.639338e-157     
   19.472021      6.564900        -4.123508e-160     
   19.472021      6.932477         2.325056e-161     
   19.472021      7.320454        -9.000861e-164     
   19.472021      7.727785         1.156547e-165     
   19.472021      8.153374         3.685208e-163     
   19.472021      8.596072         2.045711e-160     
   19.472021      9.054685         1.875682e-157     
   19.472021      9.527979         2.735270e-154     
   19.472021      10.014676        3.434608e-151     
   19.472021      10.513464       -1.030498e-146     
   19.472021      11.023000       -7.693602e-142     
   19.472021      11.541909       -1.002059e-136     
   19.472021      12.068793       -3.204047e-131     
   19.472021      12.602230       -2.876191e-125     
   19.472021      13.140784       -7.769285e-119     
   19.472021      13.683002       -6.421178e-112     
   19.472021      14.227422       -1.569299e-104     
   19.472021      14.772578        -1.328364e-96     
   19.472021      15.316998        -9.265878e-88     
   19.472021      15.859216        -5.865330e-79     
   19.472021      16.397770        7.695150e-68      
   19.472021      16.931207        2.507698e-57      
   19.472021      17.458091        -3.363468e-46     
   19.472021      17.977000        -1.190094e-34     
   19.472021      18.486536        1.462765e-24      
   19.472021      18.985324        1.752863e-11      
   19.472021      19.472021        4.697619e-02      
   19.472021      19.945315        1.955343e-11      
   19.472021      20.403928        -1.372480e-23     
   19.472021      20.846626        -4.002658e-34     
   19.472021      21.272215        1.659764e-45      
   19.472021      21.679546        1.057558e-55      
   19.472021      22.067523        -1.969956e-65     
   19.472021      22.435100        -9.217885e-75     
   19.472021      22.781284        -1.144785e-83     
   19.472021      23.105144        -4.906740e-91     
   19.472021      23.405806        -3.576190e-97     
   19.472021      23.682459        6.671362e-103     
   19.472021      23.934358       -6.608369e-108     
   19.472021      24.160824        2.146989e-112     
   19.472021      24.361246       -2.533224e-116     
   19.472021      24.535084        1.827851e-119     
   19.472021      24.681869        3.804277e-122     
   19.472021      24.801206        4.807117e-124     
   19.472021      24.892773       -3.128531e-125     
   19.472021      24.956326       -9.883116e-126     
   19.472021      24.991706        4.607493e-127     
   19.945315      0.001580        -1.541901e-125     
   19.945315      0.008319        -8.009088e-125     
   19.945315      0.020424        -1.847695e-124     
   19.945315      0.037866        -2.842887e-124     
   19.945315      0.060596        -2.682988e-124     
   19.945315      0.088555        -1.545932e-124     
   19.945315      0.121667         1.376878e-125     
   19.945315      0.159843         3.646315e-126     
   19.945315      0.202979         1.800906e-126     
   19.945315      0.250960         1.166594e-127     
   19.945315      0.303656        -4.450150e-129     
   19.945315      0.360925        -3.940184e-129     
   19.945315      0.422613        -3.154712e-129     
   19.945315      0.488552        -2.458100e-129     
   19.945315      0.558567        -1.884851e-129     
   19.945315      0.632467        -1.425311e-129     
   19.945315      0.710054        -1.062223e-129     
   19.945315      0.791119        -7.798591e-130     
   19.945315      0.875442        -5.639441e-130     
   19.945315      0.962797        -4.007306e-130     
   19.945315      1.052948        -2.779792e-130     
   19.945315      1.145653        -1.863663e-130     
   19.945315      1.240660        -1.192623e-130     
   19.945315      1.337714        -7.138401e-131     
   19.945315      1.436554        -3.815244e-131     
   19.945315      1.536913        -1.594525e-131     
   19.945315      1.638520        -2.087141e-132     
   19.945315      1.741102         5.614774e-132     
   19.945315      1.844381         9.071673e-132     
   19.945315      1.948080         9.793744e-132     
   19.945315      2.051920         8.897027e-132     
   19.945315      2.155619         7.225848e-132     
   19.945315      2.258898         5.379107e-132     
   19.945315      2.361480         3.705615e-132     
   19.945315      2.463087         2.362983e-132     
   19.945315      2.563446         1.388107e-132     
   19.945315      2.662286         7.427539e-133     
   19.945315      2.759340         3.519599e-133     
   19.945315      2.854347         1.366769e-133     
   19.945315      2.947052         3.114915e-134     
   19.945315      3.037203        -1.234704e-134     
   19.945315      3.124558        -2.470145e-134     
   19.945315      3.208881        -2.370584e-134     
   19.945315      3.289946        -1.842892e-134     
   19.945315      3.367533        -1.286573e-134     
   19.945315      3.441433        -8.397050e-135     
   19.945315      3.511448        -5.228843e-135     
   19.945315      3.577387        -3.141736e-135     
   19.945315      3.639075        -1.831883e-135     
   19.945315      3.696344        -1.037486e-135     
   19.945315      3.749040        -5.677926e-136     
   19.945315      3.797021        -2.955591e-136     
   19.945315      3.840157        -1.403970e-136     
   19.945315      3.878333        -5.333067e-137     
   19.945315      3.911445        -5.267369e-138     
   19.945315      3.939404         2.076373e-137     
   19.945315      3.962134         3.452663e-137     
   19.945315      3.979576         4.156878e-137     
   19.945315      3.991681         4.498674e-137     
   19.945315      3.998420         4.643863e-137     
   19.945315      4.008294         4.804881e-137     
   19.945315      4.043674         4.977589e-137     
   19.945315      4.107227         4.332982e-137     
   19.945315      4.198794         2.772306e-137     
   19.945315      4.318131         1.177529e-137     
   19.945315      4.464916         2.816929e-138     
   19.945315      4.638754         1.773901e-139     
   19.945315      4.839176        -6.942845e-140     
   19.945315      5.065642        -1.335039e-140     
   19.945315      5.317541        -3.235123e-142     
   19.945315      5.594194         4.745286e-143     
   19.945315      5.894856         1.030892e-144     
   19.945315      6.218716        -3.484098e-146     
   19.945315      6.564900        -5.432647e-149     
   19.945315      6.932477         3.070819e-150     
   19.945315      7.320454        -1.189588e-152     
   19.945315      7.727785         1.239290e-155     
   19.945315      8.153374        -8.946848e-160     
   19.945315      8.596072        -1.241913e-162     
   19.945315      9.054685        -7.951884e-166     
   19.945315      9.527979        -9.726421e-166     
   19.945315      10.014676        7.011714e-162     
   19.945315      10.513464        2.507380e-157     
   19.945315      11.023000        1.315421e-152     
   19.945315      11.541909        1.566224e-147     
   19.945315      12.068793        4.905620e-142     
   19.945315      12.602230        4.393667e-136     
   19.945315      13.140784        1.168695e-129     
   19.945315      13.683002        9.078883e-123     
   19.945315      14.227422        1.837804e-115     
   19.945315      14.772578        5.393472e-108     
   19.945315      15.316998        -4.095846e-99     
   19.945315      15.859216        -2.171875e-89     
   19.945315      16.397770        -1.499707e-79     
   19.945315      16.931207        7.233732e-69      
   19.945315      17.458091        9.346699e-58      
   19.945315      17.977000        -1.100671e-46     
   19.945315      18.486536        -9.870406e-35     
   19.945315      18.985324        -3.505690e-24     
   19.945315      19.472021        1.955343e-11      
   19.945315      19.945315        4.474810e-02      
   19.945315      20.403928        2.689410e-11      
   19.945315      20.846626        -5.316657e-23     
   19.945315      21.272215        -1.958504e-33     
   19.945315      21.679546        3.755048e-44      
   19.945315      22.067523        2.740338e-54      
   19.945315      22.435100        -3.739850e-63     
   19.945315      22.781284        -4.166677e-72     
   19.945315      23.105144        -4.562274e-80     
   19.945315      23.405806        -3.579513e-86     
   19.945315      23.682459        4.442911e-92      
   19.945315      23.934358        -4.723375e-97     
   19.945315      24.160824        1.392398e-101     
   19.945315      24.361246       -1.466173e-105     
   19.945315      24.535084        1.422753e-108     
   19.945315      24.681869        6.184110e-111     
   19.945315      24.801206        6.148718e-113     
   19.945315      24.892773       -3.726114e-114     
   19.945315      24.956326       -1.278694e-114     
   19.945315      24.991706        3.441851e-116     
   20.403928      0.001580        -1.378977e-114     
   20.403928      0.008319        -7.162816e-114     
   20.403928      0.020424        -1.652460e-113     
   20.403928      0.037866        -2.542497e-113     
   20.403928      0.060596        -2.399493e-113     
   20.403928      0.088555        -1.382583e-113     
   20.403928      0.121667         1.231391e-114     
   20.403928      0.159843         3.261029e-115     
   20.403928      0.202979         1.610614e-115     
   20.403928      0.250960         1.043325e-116     
   20.403928      0.303656        -3.980077e-118     
   20.403928      0.360925        -3.524004e-118     
   20.403928      0.422613        -2.821532e-118     
   20.403928      0.488552        -2.198526e-118     
   20.403928      0.558567        -1.685844e-118     
   20.403928      0.632467        -1.274851e-118     
   20.403928      0.710054        -9.501150e-119     
   20.403928      0.791119        -6.975717e-119     
   20.403928      0.875442        -5.044544e-119     
   20.403928      0.962797        -3.584696e-119     
   20.403928      1.052948        -2.486721e-119     
   20.403928      1.145653        -1.667238e-119     
   20.403928      1.240660        -1.066962e-119     
   20.403928      1.337714        -6.386503e-120     
   20.403928      1.436554        -3.413507e-120     
   20.403928      1.536913        -1.426680e-120     
   20.403928      1.638520        -1.867545e-121     
   20.403928      1.741102         5.024044e-121     
   20.403928      1.844381         8.117547e-121     
   20.403928      1.948080         8.763965e-121     
   20.403928      2.051920         7.961783e-121     
   20.403928      2.155619         6.466464e-121     
   20.403928      2.258898         4.813931e-121     
   20.403928      2.361480         3.316349e-121     
   20.403928      2.463087         2.114799e-121     
   20.403928      2.563446         1.242330e-121     
   20.403928      2.662286         6.647520e-122     
   20.403928      2.759340         3.149905e-122     
   20.403928      2.854347         1.223087e-122     
   20.403928      2.947052         2.785956e-123     
   20.403928      3.037203        -1.106872e-123     
   20.403928      3.124558        -2.212329e-123     
   20.403928      3.208881        -2.122886e-123     
   20.403928      3.289946        -1.650273e-123     
   20.403928      3.367533        -1.152092e-123     
   20.403928      3.441433        -7.519352e-124     
   20.403928      3.511448        -4.682315e-124     
   20.403928      3.577387        -2.813353e-124     
   20.403928      3.639075        -1.640392e-124     
   20.403928      3.696344        -9.290082e-125     
   20.403928      3.749040        -5.083954e-125     
   20.403928      3.797021        -2.646092e-125     
   20.403928      3.840157        -1.256625e-125     
   20.403928      3.878333        -4.769729e-126     
   20.403928      3.911445        -4.660075e-127     
   20.403928      3.939404         1.864718e-126     
   20.403928      3.962134         3.096860e-126     
   20.403928      3.979576         3.727220e-126     
   20.403928      3.991681         4.033110e-126     
   20.403928      3.998420         4.163020e-126     
   20.403928      4.008294         4.307055e-126     
   20.403928      4.043674         4.461149e-126     
   20.403928      4.107227         3.882933e-126     
   20.403928      4.198794         2.484199e-126     
   20.403928      4.318131         1.055124e-126     
   20.403928      4.464916         2.523958e-127     
   20.403928      4.638754         1.588135e-128     
   20.403928      4.839176        -6.226458e-129     
   20.403928      5.065642        -1.197030e-129     
   20.403928      5.317541        -2.898625e-131     
   20.403928      5.594194         4.257986e-132     
   20.403928      5.894856         9.246984e-134     
   20.403928      6.218716        -3.128436e-135     
   20.403928      6.564900        -4.867111e-138     
   20.403928      6.932477         2.759315e-139     
   20.403928      7.320454        -1.069738e-141     
   20.403928      7.727785         1.114847e-144     
   20.403928      8.153374        -7.861625e-149     
   20.403928      8.596072        -1.145843e-151     
   20.403928      9.054685        -7.032166e-155     
   20.403928      9.527979         3.643013e-158     
   20.403928      10.014676       -4.813780e-162     
   20.403928      10.513464        2.363716e-166     
   20.403928      11.023000       -2.661118e-163     
   20.403928      11.541909       -3.031949e-158     
   20.403928      12.068793       -9.327899e-153     
   20.403928      12.602230       -8.198514e-147     
   20.403928      13.140784       -2.087331e-140     
   20.403928      13.683002       -1.458284e-133     
   20.403928      14.227422       -2.167715e-126     
   20.403928      14.772578        5.282681e-119     
   20.403928      15.316998        8.135143e-110     
   20.403928      15.859216        5.530022e-101     
   20.403928      16.397770        -1.117507e-90     
   20.403928      16.931207        -4.166081e-80     
   20.403928      17.458091        1.458756e-69      
   20.403928      17.977000        7.886360e-58      
   20.403928      18.486536        -4.946503e-47     
   20.403928      18.985324        -1.474742e-34     
   20.403928      19.472021        -1.372480e-23     
   20.403928      19.945315        2.689410e-11      
   20.403928      20.403928        4.273612e-02      
   20.403928      20.846626        4.552038e-11      
   20.403928      21.272215        -2.676542e-22     
   20.403928      21.679546        -1.682592e-32     
   20.403928      22.067523        1.493146e-42      
   20.403928      22.435100        4.923147e-53      
   20.403928      22.781284        -1.808670e-60     
   20.403928      23.105144        -4.782162e-69     
   20.403928      23.405806        -2.237393e-75     
   20.403928      23.682459        1.421522e-81      
   20.403928      23.934358        -2.182998e-86     
   20.403928      24.160824        5.286473e-91      
   20.403928      24.361246        -4.423805e-95     
   20.403928      24.535084        8.056839e-98      
   20.403928      24.681869        5.889799e-100     
   20.403928      24.801206        5.711060e-102     
   20.403928      24.892773       -3.010488e-103     
   20.403928      24.956326       -1.127015e-103     
   20.403928      24.991706        7.100779e-106     
   20.846626      0.001580        -6.784794e-104     
   20.846626      0.008319        -3.524223e-103     
   20.846626      0.020424        -8.130375e-103     
   20.846626      0.037866        -1.250950e-102     
   20.846626      0.060596        -1.180590e-102     
   20.846626      0.088555        -6.802534e-103     
   20.846626      0.121667         6.058645e-104     
   20.846626      0.159843         1.604479e-104     
   20.846626      0.202979         7.924479e-105     
   20.846626      0.250960         5.133315e-106     
   20.846626      0.303656        -1.958357e-107     
   20.846626      0.360925        -1.733967e-107     
   20.846626      0.422613        -1.388342e-107     
   20.846626      0.488552        -1.081812e-107     
   20.846626      0.558567        -8.295609e-108     
   20.846626      0.632467        -6.273401e-108     
   20.846626      0.710054        -4.675562e-108     
   20.846626      0.791119        -3.432909e-108     
   20.846626      0.875442        -2.482633e-108     
   20.846626      0.962797        -1.764256e-108     
   20.846626      1.052948        -1.223928e-108     
   20.846626      1.145653        -8.206290e-109     
   20.846626      1.240660        -5.251937e-109     
   20.846626      1.337714        -3.143801e-109     
   20.846626      1.436554        -1.680407e-109     
   20.846626      1.536913        -7.023648e-110     
   20.846626      1.638520        -9.194741e-111     
   20.846626      1.741102         2.473577e-110     
   20.846626      1.844381         3.996860e-110     
   20.846626      1.948080         4.315336e-110     
   20.846626      2.051920         3.920514e-110     
   20.846626      2.155619         3.184324e-110     
   20.846626      2.258898         2.370645e-110     
   20.846626      2.361480         1.633208e-110     
   20.846626      2.463087         1.041508e-110     
   20.846626      2.563446         6.118419e-111     
   20.846626      2.662286         3.273889e-111     
   20.846626      2.759340         1.551277e-111     
   20.846626      2.854347         6.022759e-112     
   20.846626      2.947052         1.370909e-112     
   20.846626      3.037203        -5.463136e-113     
   20.846626      3.124558        -1.090602e-112     
   20.846626      3.208881        -1.046337e-112     
   20.846626      3.289946        -8.133589e-113     
   20.846626      3.367533        -5.678196e-113     
   20.846626      3.441433        -3.706004e-113     
   20.846626      3.511448        -2.307751e-113     
   20.846626      3.577387        -1.386605e-113     
   20.846626      3.639075        -8.084830e-114     
   20.846626      3.696344        -4.578548e-114     
   20.846626      3.749040        -2.505402e-114     
   20.846626      3.797021        -1.303811e-114     
   20.846626      3.840157        -6.189707e-115     
   20.846626      3.878333        -2.347078e-115     
   20.846626      3.911445        -2.260499e-116     
   20.846626      3.939404         9.225079e-116     
   20.846626      3.962134         1.529610e-115     
   20.846626      3.979576         1.840140e-115     
   20.846626      3.991681         1.990790e-115     
   20.846626      3.998420         2.054754e-115     
   20.846626      4.008294         2.125647e-115     
   20.846626      4.043674         2.201240e-115     
   20.846626      4.107227         1.915627e-115     
   20.846626      4.198794         1.225470e-115     
   20.846626      4.318131         5.204816e-116     
   20.846626      4.464916         1.244955e-116     
   20.846626      4.638754         7.825515e-118     
   20.846626      4.839176        -3.074916e-118     
   20.846626      5.065642        -5.909958e-119     
   20.846626      5.317541        -1.429823e-120     
   20.846626      5.594194         2.104367e-121     
   20.846626      5.894856         4.568089e-123     
   20.846626      6.218716        -1.547536e-124     
   20.846626      6.564900        -2.401259e-127     
   20.846626      6.932477         1.366313e-128     
   20.846626      7.320454        -5.302120e-131     
   20.846626      7.727785         5.527525e-134     
   20.846626      8.153374        -3.753468e-138     
   20.846626      8.596072        -5.890464e-141     
   20.846626      9.054685        -3.405934e-144     
   20.846626      9.527979         1.794748e-147     
   20.846626      10.014676       -2.378044e-151     
   20.846626      10.513464        1.196923e-155     
   20.846626      11.023000       -2.117935e-160     
   20.846626      11.541909        1.138254e-165     
   20.846626      12.068793        2.719109e-163     
   20.846626      12.602230        2.304711e-157     
   20.846626      13.140784        5.437330e-151     
   20.846626      13.683002        3.130792e-144     
   20.846626      14.227422        1.332480e-137     
   20.846626      14.772578       -7.174212e-129     
   20.846626      15.316998       -3.856957e-120     
   20.846626      15.859216       -3.213026e-111     
   20.846626      16.397770       -4.865818e-102     
   20.846626      16.931207        -3.063631e-91     
   20.846626      17.458091        -3.544829e-80     
   20.846626      17.977000        -2.131969e-70     
   20.846626      18.486536        1.635801e-57      
   20.846626      18.985324        7.603596e-47      
   20.846626      19.472021        -4.002658e-34     
   20.846626      19.945315        -5.316657e-23     
   20.846626      20.403928        4.552038e-11      
   20.846626      20.846626        4.092504e-02      
   20.846626      21.272215        9.424788e-11      
   20.846626      21.679546        -1.850068e-21     
   20.846626      22.067523        -2.420732e-31     
   20.846626      22.435100        1.092328e-40      
   20.846626      22.781284        -6.081937e-50     
   20.846626      23.105144        -2.020230e-57     
   20.846626      23.405806        -5.631986e-65     
   20.846626      23.682459        -9.993297e-73     
   20.846626      23.934358        -5.777719e-76     
   20.846626      24.160824        8.061699e-81      
   20.846626      24.361246        -2.642522e-85     
   20.846626      24.535084        2.842101e-87      
   20.846626      24.681869        2.893383e-89      
   20.846626      24.801206        3.023866e-91      
   20.846626      24.892773        -1.327237e-92     
   20.846626      24.956326        -5.489751e-93     
   20.846626      24.991706        -8.491995e-95     
   21.272215      0.001580         -1.492892e-93     
   21.272215      0.008319         -7.754522e-93     
   21.272215      0.020424         -1.788967e-92     
   21.272215      0.037866         -2.752527e-92     
   21.272215      0.060596         -2.597710e-92     
   21.272215      0.088555         -1.496795e-92     
   21.272215      0.121667         1.333113e-93      
   21.272215      0.159843         3.530414e-94      
   21.272215      0.202979         1.743661e-94      
   21.272215      0.250960         1.129505e-95      
   21.272215      0.303656         -4.309347e-97     
   21.272215      0.360925         -3.815628e-97     
   21.272215      0.422613         -3.055141e-97     
   21.272215      0.488552         -2.380668e-97     
   21.272215      0.558567         -1.825617e-97     
   21.272215      0.632467         -1.380643e-97     
   21.272215      0.710054         -1.029038e-97     
   21.272215      0.791119         -7.555820e-98     
   21.272215      0.875442         -5.464563e-98     
   21.272215      0.962797         -3.883559e-98     
   21.272215      1.052948         -2.694332e-98     
   21.272215      1.145653         -1.806635e-98     
   21.272215      1.240660         -1.156304e-98     
   21.272215      1.337714         -6.922096e-99     
   21.272215      1.436554         -3.700220e-99     
   21.272215      1.536913         -1.546703e-99     
   21.272215      1.638520        -2.025015e-100     
   21.272215      1.741102         5.447790e-100     
   21.272215      1.844381         8.803288e-100     
   21.272215      1.948080         9.505366e-100     
   21.272215      2.051920         8.636225e-100     
   21.272215      2.155619         7.014930e-100     
   21.272215      2.258898         5.222711e-100     
   21.272215      2.361480         3.598257e-100     
   21.272215      2.463087         2.294729e-100     
   21.272215      2.563446         1.348096e-100     
   21.272215      2.662286         7.213556e-101     
   21.272215      2.759340         3.417898e-101     
   21.272215      2.854347         1.326761e-101     
   21.272215      2.947052         3.017103e-102     
   21.272215      3.037203        -1.207300e-102     
   21.272215      3.124558        -2.406138e-102     
   21.272215      3.208881        -2.307961e-102     
   21.272215      3.289946        -1.793967e-102     
   21.272215      3.367533        -1.252388e-102     
   21.272215      3.441433        -8.174069e-103     
   21.272215      3.511448        -5.090096e-103     
   21.272215      3.577387        -3.058377e-103     
   21.272215      3.639075        -1.783210e-103     
   21.272215      3.696344        -1.009810e-103     
   21.272215      3.749040        -5.525171e-104     
   21.272215      3.797021        -2.874706e-104     
   21.272215      3.840157        -1.364113e-104     
   21.272215      3.878333        -5.165579e-105     
   21.272215      3.911445        -4.876653e-106     
   21.272215      3.939404         2.045154e-105     
   21.272215      3.962134         3.383691e-105     
   21.272215      3.979576         4.068162e-105     
   21.272215      3.991681         4.400112e-105     
   21.272215      3.998420         4.541003e-105     
   21.272215      4.008294         4.697085e-105     
   21.272215      4.043674         4.862756e-105     
   21.272215      4.107227         4.230892e-105     
   21.272215      4.198794         2.706314e-105     
   21.272215      4.318131         1.149378e-105     
   21.272215      4.464916         2.748983e-106     
   21.272215      4.638754         1.725558e-107     
   21.272215      4.839176        -6.800864e-108     
   21.272215      5.065642        -1.306676e-108     
   21.272215      5.317541        -3.157559e-110     
   21.272215      5.594194         4.659145e-111     
   21.272215      5.894856         1.010863e-112     
   21.272215      6.218716        -3.430629e-114     
   21.272215      6.564900        -5.306232e-117     
   21.272215      6.932477         3.033269e-118     
   21.272215      7.320454        -1.178594e-120     
   21.272215      7.727785         1.228949e-123     
   21.272215      8.153374        -7.828114e-128     
   21.272215      8.596072        -1.381156e-130     
   21.272215      9.054685        -7.296134e-134     
   21.272215      9.527979         3.948043e-137     
   21.272215      10.014676       -5.250277e-141     
   21.272215      10.513464        2.644332e-145     
   21.272215      11.023000       -4.683055e-150     
   21.272215      11.541909        2.518712e-155     
   21.272215      12.068793       -3.650185e-161     
   21.272215      12.602230        3.186512e-169     
   21.272215      13.140784       -2.563878e-161     
   21.272215      13.683002       -1.074406e-154     
   21.272215      14.227422        1.527412e-147     
   21.272215      14.772578        5.095502e-139     
   21.272215      15.316998        1.389197e-130     
   21.272215      15.859216       -8.066534e-122     
   21.272215      16.397770       -1.175830e-111     
   21.272215      16.931207       -1.432144e-101     
   21.272215      17.458091        -5.945362e-91     
   21.272215      17.977000        -1.144014e-79     
   21.272215      18.486536        -1.086135e-68     
   21.272215      18.985324        8.485312e-57      
   21.272215      19.472021        1.659764e-45      
   21.272215      19.945315        -1.958504e-33     
   21.272215      20.403928        -2.676542e-22     
   21.272215      20.846626        9.424788e-11      
   21.272215      21.272215        3.930134e-02      
   21.272215      21.679546        2.359690e-10      
   21.272215      22.067523        -1.760113e-20     
   21.272215      22.435100        -5.403583e-30     
   21.272215      22.781284        1.414191e-38      
   21.272215      23.105144        -7.565315e-47     
   21.272215      23.405806        -5.043672e-54     
   21.272215      23.682459        -1.175696e-61     
   21.272215      23.934358        -8.565081e-66     
   21.272215      24.160824        -1.072228e-71     
   21.272215      24.361246        8.371645e-75      
   21.272215      24.535084        5.122045e-77      
   21.272215      24.681869        6.197029e-79      
   21.272215      24.801206        7.290280e-81      
   21.272215      24.892773        -2.577998e-82     
   21.272215      24.956326        -1.205818e-82     
   21.272215      24.991706        -4.658293e-84     
   21.679546      0.001580         -1.203890e-83     
   21.679546      0.008319         -6.253358e-83     
   21.679546      0.020424         -1.442648e-82     
   21.679546      0.037866         -2.219677e-82     
   21.679546      0.060596         -2.094831e-82     
   21.679546      0.088555         -1.207037e-82     
   21.679546      0.121667         1.075042e-83      
   21.679546      0.159843         2.846976e-84      
   21.679546      0.202979         1.406113e-84      
   21.679546      0.250960         9.108461e-86      
   21.679546      0.303656         -3.475441e-87     
   21.679546      0.360925         -3.077319e-87     
   21.679546      0.422613         -2.464061e-87     
   21.679546      0.488552         -1.920156e-87     
   21.679546      0.558567         -1.472544e-87     
   21.679546      0.632467         -1.113690e-87     
   21.679546      0.710054         -8.301232e-88     
   21.679546      0.791119         -6.095702e-88     
   21.679546      0.875442         -4.408916e-88     
   21.679546      0.962797         -3.133597e-88     
   21.679546      1.052948         -2.174221e-88     
   21.679546      1.145653         -1.458022e-88     
   21.679546      1.240660         -9.332727e-89     
   21.679546      1.337714         -5.587503e-89     
   21.679546      1.436554         -2.987118e-89     
   21.679546      1.536913         -1.248757e-89     
   21.679546      1.638520         -1.635174e-90     
   21.679546      1.741102         4.399127e-90      
   21.679546      1.844381         7.109467e-90      
   21.679546      1.948080         7.677199e-90      
   21.679546      2.051920         6.975858e-90      
   21.679546      2.155619         5.666756e-90      
   21.679546      2.258898         4.219317e-90      
   21.679546      2.361480         2.907167e-90      
   21.679546      2.463087         1.854112e-90      
   21.679546      2.563446         1.089294e-90      
   21.679546      2.662286         5.828803e-91      
   21.679546      2.759340         2.761635e-91      
   21.679546      2.854347         1.071751e-91      
   21.679546      2.947052         2.433782e-92      
   21.679546      3.037203         -9.797708e-93     
   21.679546      3.124558         -1.947971e-92     
   21.679546      3.208881         -1.867877e-92     
   21.679546      3.289946         -1.451770e-92     
   21.679546      3.367533         -1.013485e-92     
   21.679546      3.441433         -6.614882e-93     
   21.679546      3.511448         -4.119233e-93     
   21.679546      3.577387         -2.475045e-93     
   21.679546      3.639075         -1.443063e-93     
   21.679546      3.696344         -8.171337e-94     
   21.679546      3.749040         -4.470290e-94     
   21.679546      3.797021         -2.325160e-94     
   21.679546      3.840157         -1.102605e-94     
   21.679546      3.878333         -4.167025e-95     
   21.679546      3.911445         -3.817523e-96     
   21.679546      3.939404         1.667378e-95      
   21.679546      3.962134         2.749998e-95      
   21.679546      3.979576         3.303386e-95      
   21.679546      3.991681         3.571629e-95      
   21.679546      3.998420         3.685423e-95      
   21.679546      4.008294         3.811397e-95      
   21.679546      4.043674         3.944217e-95      
   21.679546      4.107227         3.430629e-95      
   21.679546      4.198794         2.194088e-95      
   21.679546      4.318131         9.317791e-96      
   21.679546      4.464916         2.228265e-96      
   21.679546      4.638754         1.395895e-97      
   21.679546      4.839176         -5.525733e-98     
   21.679546      5.065642         -1.061168e-98     
   21.679546      5.317541        -2.559985e-100     
   21.679546      5.594194         3.791317e-101     
   21.679546      5.894856         8.219984e-103     
   21.679546      6.218716        -2.796720e-104     
   21.679546      6.564900        -4.308269e-107     
   21.679546      6.932477         2.478143e-108     
   21.679546      7.320454        -9.645771e-111     
   21.679546      7.727785         1.005693e-113     
   21.679546      8.153374        -5.697459e-118     
   21.679546      8.596072        -1.224622e-120     
   21.679546      9.054685        -5.605350e-124     
   21.679546      9.527979         3.172038e-127     
   21.679546      10.014676       -4.240621e-131     
   21.679546      10.513464        2.136849e-135     
   21.679546      11.023000       -3.787958e-140     
   21.679546      11.541909        2.041755e-145     
   21.679546      12.068793       -2.969563e-151     
   21.679546      12.602230        1.015309e-157     
   21.679546      13.140784       -5.204050e-165     
   21.679546      13.683002        7.732558e-165     
   21.679546      14.227422       -2.722542e-157     
   21.679546      14.772578       -3.510944e-149     
   21.679546      15.316998        1.336648e-140     
   21.679546      15.859216        6.140063e-131     
   21.679546      16.397770        2.829833e-121     
   21.679546      16.931207        1.679395e-111     
   21.679546      17.458091       -1.390433e-102     
   21.679546      17.977000        -2.699490e-90     
   21.679546      18.486536        -1.283758e-78     
   21.679546      18.985324        -2.989242e-67     
   21.679546      19.472021        1.057558e-55      
   21.679546      19.945315        3.755048e-44      
   21.679546      20.403928        -1.682592e-32     
   21.679546      20.846626        -1.850068e-21     
   21.679546      21.272215        2.359690e-10      
   21.679546      21.679546        3.785993e-02      
   21.679546      22.067523        7.030418e-10      
   21.679546      22.435100        -2.258120e-19     
   21.679546      22.781284        -1.638598e-28     
   21.679546      23.105144        2.996650e-36      
   21.679546      23.405806        -1.240683e-43     
   21.679546      23.682459        -1.763435e-50     
   21.679546      23.934358        -3.471077e-56     
   21.679546      24.160824        -9.392952e-61     
   21.679546      24.361246        7.436737e-65      
   21.679546      24.535084        3.709617e-67      
   21.679546      24.681869        4.860873e-69      
   21.679546      24.801206        6.537058e-71      
   21.679546      24.892773        -1.792358e-72     
   21.679546      24.956326        -9.853387e-73     
   21.679546      24.991706        -6.252247e-74     
   22.067523      0.001580         -2.942527e-74     
   22.067523      0.008319         -1.528435e-73     
   22.067523      0.020424         -3.526097e-73     
   22.067523      0.037866         -5.425299e-73     
   22.067523      0.060596         -5.120150e-73     
   22.067523      0.088555         -2.950220e-73     
   22.067523      0.121667         2.627599e-74      
   22.067523      0.159843         6.958531e-75      
   22.067523      0.202979         3.436797e-75      
   22.067523      0.250960         2.226264e-76      
   22.067523      0.303656         -8.495847e-78     
   22.067523      0.360925         -7.522843e-78     
   22.067523      0.422613         -6.023967e-78     
   22.067523      0.488552         -4.694561e-78     
   22.067523      0.558567         -3.600476e-78     
   22.067523      0.632467         -2.723296e-78     
   22.067523      0.710054         -2.030098e-78     
   22.067523      0.791119         -1.490897e-78     
   22.067523      0.875442         -1.078474e-78     
   22.067523      0.962797         -7.666191e-79     
   22.067523      1.052948         -5.319889e-79     
   22.067523      1.145653         -3.568029e-79     
   22.067523      1.240660         -2.284236e-79     
   22.067523      1.337714         -1.367792e-79     
   22.067523      1.436554         -7.313514e-80     
   22.067523      1.536913         -3.057913e-80     
   22.067523      1.638520         -4.005111e-81     
   22.067523      1.741102         1.077544e-80      
   22.067523      1.844381         1.741723e-80      
   22.067523      1.948080         1.881100e-80      
   22.067523      2.051920         1.709504e-80      
   22.067523      2.155619         1.388888e-80      
   22.067523      2.258898         1.034262e-80      
   22.067523      2.361480         7.127027e-81      
   22.067523      2.463087         4.545867e-81      
   22.067523      2.563446         2.670888e-81      
   22.067523      2.662286         1.429217e-81      
   22.067523      2.759340         6.770898e-82      
   22.067523      2.854347         2.626639e-82      
   22.067523      2.947052         5.951109e-83      
   22.067523      3.037203         -2.419118e-83     
   22.067523      3.124558         -4.791073e-83     
   22.067523      3.208881         -4.591639e-83     
   22.067523      3.289946         -3.568259e-83     
   22.067523      3.367533         -2.490952e-83     
   22.067523      3.441433         -1.625835e-83     
   22.067523      3.511448         -1.012464e-83     
   22.067523      3.577387         -6.083406e-84     
   22.067523      3.639075         -3.546761e-84     
   22.067523      3.696344         -2.008128e-84     
   22.067523      3.749040         -1.098323e-84     
   22.067523      3.797021         -5.709994e-85     
   22.067523      3.840157         -2.704793e-85     
   22.067523      3.878333         -1.018931e-85     
   22.067523      3.911445         -8.873002e-87     
   22.067523      3.939404         4.146773e-86      
   22.067523      3.962134         6.805234e-86      
   22.067523      3.979576         8.163258e-86      
   22.067523      3.991681         8.820995e-86      
   22.067523      3.998420         9.099785e-86      
   22.067523      4.008294         9.408068e-86      
   22.067523      4.043674         9.729545e-86      
   22.067523      4.107227         8.458346e-86      
   22.067523      4.198794         5.408259e-86      
   22.067523      4.318131         2.296530e-86      
   22.067523      4.464916         5.490775e-87      
   22.067523      4.638754         3.428660e-88      
   22.067523      4.839176         -1.366733e-88     
   22.067523      5.065642         -2.622658e-89     
   22.067523      5.317541         -6.310245e-91     
   22.067523      5.594194         9.399385e-92      
   22.067523      5.894856         2.035730e-93      
   22.067523      6.218716         -6.953137e-95     
   22.067523      6.564900         -1.065152e-97     
   22.067523      6.932477         6.182392e-99      
   22.067523      7.320454        -2.412535e-101     
   22.067523      7.727785         2.513405e-104     
   22.067523      8.153374        -1.109055e-108     
   22.067523      8.596072        -3.467337e-111     
   22.067523      9.054685        -1.243292e-114     
   22.067523      9.527979         7.664837e-118     
   22.067523      10.014676       -1.033522e-121     
   22.067523      10.513464        5.208315e-126     
   22.067523      11.023000       -9.242753e-131     
   22.067523      11.541909        4.998541e-136     
   22.067523      12.068793       -7.311917e-142     
   22.067523      12.602230        2.528307e-148     
   22.067523      13.140784       -1.359939e-155     
   22.067523      13.683002       -5.258835e-163     
   22.067523      14.227422       -6.399900e-168     
   22.067523      14.772578       -1.948709e-158     
   22.067523      15.316998       -2.368889e-149     
   22.067523      15.859216       -4.365954e-140     
   22.067523      16.397770       -1.300642e-130     
   22.067523      16.931207       -3.057979e-121     
   22.067523      17.458091        1.131380e-110     
   22.067523      17.977000        6.664051e-100     
   22.067523      18.486536        9.304051e-90      
   22.067523      18.985324        -4.544113e-77     
   22.067523      19.472021        -1.969956e-65     
   22.067523      19.945315        2.740338e-54      
   22.067523      20.403928        1.493146e-42      
   22.067523      20.846626        -2.420732e-31     
   22.067523      21.272215        -1.760113e-20     
   22.067523      21.679546        7.030418e-10      
   22.067523      22.067523        3.660287e-02      
   22.067523      22.435100        2.443339e-09      
   22.067523      22.781284        -3.773804e-18     
   22.067523      23.105144        -4.679735e-27     
   22.067523      23.405806        9.291928e-34      
   22.067523      23.682459        -2.828933e-40     
   22.067523      23.934358        -8.889672e-47     
   22.067523      24.160824        -2.408744e-51     
   22.067523      24.361246        3.332651e-56      
   22.067523      24.535084        8.571465e-58      
   22.067523      24.681869        1.180502e-59      
   22.067523      24.801206        1.821146e-61      
   22.067523      24.892773        -3.633711e-63     
   22.067523      24.956326        -2.509869e-63     
   22.067523      24.991706        -2.265226e-64     
   22.435100      0.001580         -1.808127e-65     
   22.435100      0.008319         -9.391945e-65     
   22.435100      0.020424         -2.166720e-64     
   22.435100      0.037866         -3.333743e-64     
   22.435100      0.060596         -3.146235e-64     
   22.435100      0.088555         -1.812854e-64     
   22.435100      0.121667         1.614610e-65      
   22.435100      0.159843         4.275887e-66      
   22.435100      0.202979         2.111847e-66      
   22.435100      0.250960         1.367986e-67      
   22.435100      0.303656         -5.221919e-69     
   22.435100      0.360925         -4.624117e-69     
   22.435100      0.422613         -3.703131e-69     
   22.435100      0.488552         -2.886237e-69     
   22.435100      0.558567         -2.213898e-69     
   22.435100      0.632467         -1.674802e-69     
   22.435100      0.710054         -1.248725e-69     
   22.435100      0.791119         -9.172506e-70     
   22.435100      0.875442         -6.636666e-70     
   22.435100      0.962797         -4.718758e-70     
   22.435100      1.052948         -3.275409e-70     
   22.435100      1.145653         -2.197416e-70     
   22.435100      1.240660         -1.407182e-70     
   22.435100      1.337714         -8.428660e-71     
   22.435100      1.436554         -4.508127e-71     
   22.435100      1.536913         -1.885519e-71     
   22.435100      1.638520         -2.470647e-72     
   22.435100      1.741102         6.647581e-72      
   22.435100      1.844381         1.074838e-71      
   22.435100      1.948080         1.161177e-71      
   22.435100      2.051920         1.055535e-71      
   22.435100      2.155619         8.577850e-72      
   22.435100      2.258898         6.389136e-72      
   22.435100      2.361480         4.403617e-72      
   22.435100      2.463087         2.809261e-72      
   22.435100      2.563446         1.650751e-72      
   22.435100      2.662286         8.833496e-73      
   22.435100      2.759340         4.184084e-73      
   22.435100      2.854347         1.621881e-73      
   22.435100      2.947052         3.658712e-74      
   22.435100      3.037203         -1.514609e-74     
   22.435100      3.124558         -2.978065e-74     
   22.435100      3.208881         -2.851202e-74     
   22.435100      3.289946         -2.215106e-74     
   22.435100      3.367533         -1.546237e-74     
   22.435100      3.441433         -1.009233e-74     
   22.435100      3.511448         -6.284973e-75     
   22.435100      3.577387         -3.776290e-75     
   22.435100      3.639075         -2.201467e-75     
   22.435100      3.696344         -1.246163e-75     
   22.435100      3.749040         -6.812609e-76     
   22.435100      3.797021         -3.538478e-76     
   22.435100      3.840157         -1.672741e-76     
   22.435100      3.878333         -6.263149e-77     
   22.435100      3.911445         -4.914223e-78     
   22.435100      3.939404         2.630336e-77      
   22.435100      3.962134         4.277499e-77      
   22.435100      3.979576         5.117898e-77      
   22.435100      3.991681         5.524299e-77      
   22.435100      3.998420         5.696282e-77      
   22.435100      4.008294         5.886047e-77      
   22.435100      4.043674         6.079737e-77      
   22.435100      4.107227         5.280345e-77      
   22.435100      4.198794         3.374608e-77      
   22.435100      4.318131         1.432657e-77      
   22.435100      4.464916         3.423867e-78      
   22.435100      4.638754         2.125177e-79      
   22.435100      4.839176         -8.580642e-80     
   22.435100      5.065642         -1.644137e-80     
   22.435100      5.317541         -3.936627e-82     
   22.435100      5.594194         5.925034e-83      
   22.435100      5.894856         1.280803e-84      
   22.435100      6.218716         -4.404500e-86     
   22.435100      6.564900         -6.687278e-89     
   22.435100      6.932477         3.940361e-90      
   22.435100      7.320454         -1.544077e-92     
   22.435100      7.727785         1.604674e-95      
   22.435100      8.153374        -3.120587e-100     
   22.435100      8.596072        -2.713314e-102     
   22.435100      9.054685        -6.002892e-106     
   22.435100      9.527979         4.563611e-109     
   22.435100      10.014676       -6.257915e-113     
   22.435100      10.513464        3.150505e-117     
   22.435100      11.023000       -5.597688e-122     
   22.435100      11.541909        3.044890e-127     
   22.435100      12.068793       -4.501334e-133     
   22.435100      12.602230        1.589250e-139     
   22.435100      13.140784       -9.300241e-147     
   22.435100      13.683002       -2.708532e-154     
   22.435100      14.227422        1.093109e-161     
   22.435100      14.772578        2.922069e-167     
   22.435100      15.316998        1.195476e-158     
   22.435100      15.859216       -2.484455e-149     
   22.435100      16.397770       -4.318520e-139     
   22.435100      16.931207       -8.154726e-129     
   22.435100      17.458091       -2.403579e-118     
   22.435100      17.977000       -1.087162e-107     
   22.435100      18.486536        -6.817300e-97     
   22.435100      18.985324        -4.834814e-86     
   22.435100      19.472021        -9.217885e-75     
   22.435100      19.945315        -3.739850e-63     
   22.435100      20.403928        4.923147e-53      
   22.435100      20.846626        1.092328e-40      
   22.435100      21.272215        -5.403583e-30     
   22.435100      21.679546        -2.258120e-19     
   22.435100      22.067523        2.443339e-09      
   22.435100      22.435100        3.553851e-02      
   22.435100      22.781284        9.670733e-09      
   22.435100      23.105144        -7.854555e-17     
   22.435100      23.405806        2.320119e-25      
   22.435100      23.682459        3.633935e-31      
   22.435100      23.934358        -8.457930e-37     
   22.435100      24.160824        1.290629e-44      
   22.435100      24.361246        -7.383645e-47     
   22.435100      24.535084        4.988970e-49      
   22.435100      24.681869        7.618091e-51      
   22.435100      24.801206        1.346734e-52      
   22.435100      24.892773        -1.715846e-54     
   22.435100      24.956326        -1.701975e-54     
   22.435100      24.991706        -2.033178e-55     
   22.781284      0.001580         -2.245695e-57     
   22.781284      0.008319         -1.166481e-56     
   22.781284      0.020424         -2.691069e-56     
   22.781284      0.037866         -4.140513e-56     
   22.781284      0.060596         -3.907629e-56     
   22.781284      0.088555         -2.251569e-56     
   22.781284      0.121667         2.005350e-57      
   22.781284      0.159843         5.310665e-58      
   22.781284      0.202979         2.622923e-58      
   22.781284      0.250960         1.699012e-59      
   22.781284      0.303656         -6.489797e-61     
   22.781284      0.360925         -5.747604e-61     
   22.781284      0.422613         -4.603877e-61     
   22.781284      0.488552         -3.589294e-61     
   22.781284      0.558567         -2.754117e-61     
   22.781284      0.632467         -2.084303e-61     
   22.781284      0.710054         -1.554752e-61     
   22.781284      0.791119         -1.142623e-61     
   22.781284      0.875442         -8.271936e-62     
   22.781284      0.962797         -5.885005e-62     
   22.781284      1.052948         -4.087556e-62     
   22.781284      1.145653         -2.744123e-62     
   22.781284      1.240660         -1.758514e-62     
   22.781284      1.337714         -1.054062e-62     
   22.781284      1.436554         -5.641852e-63     
   22.781284      1.536913         -2.361477e-63     
   22.781284      1.638520         -3.097586e-64     
   22.781284      1.741102         8.335829e-64      
   22.781284      1.844381         1.348810e-63      
   22.781284      1.948080         1.458135e-63      
   22.781284      2.051920         1.326309e-63      
   22.781284      2.155619         1.078461e-63      
   22.781284      2.258898         8.037111e-64      
   22.781284      2.361480         5.542054e-64      
   22.781284      2.463087         3.536857e-64      
   22.781284      2.563446         2.078793e-64      
   22.781284      2.662286         1.112401e-64      
   22.781284      2.759340         5.266310e-65      
   22.781284      2.854347         2.037349e-65      
   22.781284      2.947052         4.545754e-66      
   22.781284      3.037203         -1.967738e-66     
   22.781284      3.124558         -3.802009e-66     
   22.781284      3.208881         -3.630827e-66     
   22.781284      3.289946         -2.818701e-66     
   22.781284      3.367533         -1.967157e-66     
   22.781284      3.441433         -1.283935e-66     
   22.781284      3.511448         -7.995663e-67     
   22.781284      3.577387         -4.803769e-67     
   22.781284      3.639075         -2.799724e-67     
   22.781284      3.696344         -1.583881e-67     
   22.781284      3.749040         -8.648745e-68     
   22.781284      3.797021         -4.481788e-68     
   22.781284      3.840157         -2.107948e-68     
   22.781284      3.878333         -7.772827e-69     
   22.781284      3.911445         -4.401731e-70     
   22.781284      3.939404         3.520080e-69      
   22.781284      3.962134         5.605145e-69      
   22.781284      3.979576         6.665718e-69      
   22.781284      3.991681         7.176583e-69      
   22.781284      3.998420         7.391901e-69      
   22.781284      4.008294         7.628177e-69      
   22.781284      4.043674         7.856007e-69      
   22.781284      4.107227         6.807100e-69      
   22.781284      4.198794         4.344944e-69      
   22.781284      4.318131         1.843451e-69      
   22.781284      4.464916         4.400527e-70      
   22.781284      4.638754         2.691384e-71      
   22.781284      4.839176         -1.120432e-71     
   22.781284      5.065642         -2.139021e-72     
   22.781284      5.317541         -5.061760e-74     
   22.781284      5.594194         7.804532e-75      
   22.781284      5.894856         1.679407e-76      
   22.781284      6.218716         -5.863574e-78     
   22.781284      6.564900         -8.735205e-81     
   22.781284      6.932477         5.316326e-82      
   22.781284      7.320454         -2.101122e-84     
   22.781284      7.727785         2.167574e-87      
   22.781284      8.153374         8.514212e-92      
   22.781284      8.596072         -5.245162e-94     
   22.781284      9.054685         -1.991098e-98     
   22.781284      9.527979         5.107656e-101     
   22.781284      10.014676       -7.345333e-105     
   22.781284      10.513464        3.680524e-109     
   22.781284      11.023000       -6.547389e-114     
   22.781284      11.541909        3.611223e-119     
   22.781284      12.068793       -5.478798e-125     
   22.781284      12.602230        2.033052e-131     
   22.781284      13.140784       -1.415136e-138     
   22.781284      13.683002       -1.657398e-146     
   22.781284      14.227422        1.101000e-153     
   22.781284      14.772578       -6.629553e-162     
   22.781284      15.316998        8.600024e-166     
   22.781284      15.859216        2.154067e-156     
   22.781284      16.397770        1.292663e-146     
   22.781284      16.931207        1.627898e-136     
   22.781284      17.458091        3.738415e-126     
   22.781284      17.977000        1.317607e-115     
   22.781284      18.486536        5.514791e-105     
   22.781284      18.985324        1.357585e-94      
   22.781284      19.472021        -1.144785e-83     
   22.781284      19.945315        -4.166677e-72     
   22.781284      20.403928        -1.808670e-60     
   22.781284      20.846626        -6.081937e-50     
   22.781284      21.272215        1.414191e-38      
   22.781284      21.679546        -1.638598e-28     
   22.781284      22.067523        -3.773804e-18     
   22.781284      22.435100        9.670733e-09      
   22.781284      22.781284        3.468096e-02      
   22.781284      23.105144        4.242257e-08      
   22.781284      23.405806        -1.933090e-15     
   22.781284      23.682459        1.125745e-22      
   22.781284      23.934358        1.383357e-28      
   22.781284      24.160824        -2.852741e-33     
   22.781284      24.361246        3.642176e-38      
   22.781284      24.535084        5.924577e-41      
   22.781284      24.681869        1.138024e-42      
   22.781284      24.801206        2.315992e-44      
   22.781284      24.892773        -1.281357e-46     
   22.781284      24.956326        -2.684112e-46     
   22.781284      24.991706        -4.071570e-47     
   23.105144      0.001580         -3.306964e-50     
   23.105144      0.008319         -1.717735e-49     
   23.105144      0.020424         -3.962812e-49     
   23.105144      0.037866         -6.097237e-49     
   23.105144      0.060596         -5.754304e-49     
   23.105144      0.088555         -3.315627e-49     
   23.105144      0.121667         2.953059e-50      
   23.105144      0.159843         7.820465e-51      
   23.105144      0.202979         3.862525e-51      
   23.105144      0.250960         2.501724e-52      
   23.105144      0.303656         -9.589805e-54     
   23.105144      0.360925         -8.499084e-54     
   23.105144      0.422613         -6.815961e-54     
   23.105144      0.488552         -5.321922e-54     
   23.105144      0.558567         -4.091016e-54     
   23.105144      0.632467         -3.102631e-54     
   23.105144      0.710054         -2.319950e-54     
   23.105144      0.791119         -1.709582e-54     
   23.105144      0.875442         -1.241295e-54     
   23.105144      0.962797         -8.859180e-55     
   23.105144      1.052948         -6.174086e-55     
   23.105144      1.145653         -4.159505e-55     
   23.105144      1.240660         -2.675236e-55     
   23.105144      1.337714         -1.609507e-55     
   23.105144      1.436554         -8.647292e-56     
   23.105144      1.536913         -3.633378e-56     
   23.105144      1.638520         -4.791786e-57     
   23.105144      1.741102         1.290464e-56      
   23.105144      1.844381         2.095850e-56      
   23.105144      1.948080         2.273244e-56      
   23.105144      2.051920         2.074088e-56      
   23.105144      2.155619         1.691274e-56      
   23.105144      2.258898         1.263610e-56      
   23.105144      2.361480         8.732405e-57      
   23.105144      2.463087         5.582434e-57      
   23.105144      2.563446         3.284335e-57      
   23.105144      2.662286         1.757053e-57      
   23.105144      2.759340         8.294230e-58      
   23.105144      2.854347         3.175228e-58      
   23.105144      2.947052         6.675437e-59      
   23.105144      3.037203         -3.593683e-59     
   23.105144      3.124558         -6.416279e-59     
   23.105144      3.208881         -6.052285e-59     
   23.105144      3.289946         -4.680605e-59     
   23.105144      3.367533         -3.262471e-59     
   23.105144      3.441433         -2.128596e-59     
   23.105144      3.511448         -1.325278e-59     
   23.105144      3.577387         -7.957482e-60     
   23.105144      3.639075         -4.630947e-60     
   23.105144      3.696344         -2.611878e-60     
   23.105144      3.749040         -1.417829e-60     
   23.105144      3.797021         -7.262542e-61     
   23.105144      3.840157         -3.328924e-61     
   23.105144      3.878333         -1.130280e-61     
   23.105144      3.911445         7.555488e-63      
   23.105144      3.939404         7.220398e-62      
   23.105144      3.962134         1.058699e-61      
   23.105144      3.979576         1.227278e-61      
   23.105144      3.991681         1.306835e-61      
   23.105144      3.998420         1.339648e-61      
   23.105144      4.008294         1.374579e-61      
   23.105144      4.043674         1.397210e-61      
   23.105144      4.107227         1.197795e-61      
   23.105144      4.198794         7.600378e-62      
   23.105144      4.318131         3.214163e-62      
   23.105144      4.464916         7.628180e-63      
   23.105144      4.638754         4.344658e-64      
   23.105144      4.839176         -2.079359e-64     
   23.105144      5.065642         -3.905168e-65     
   23.105144      5.317541         -8.763587e-67     
   23.105144      5.594194         1.497340e-67      
   23.105144      5.894856         3.159258e-69      
   23.105144      6.218716         -1.170240e-70     
   23.105144      6.564900         -1.616872e-73     
   23.105144      6.932477         1.112706e-74      
   23.105144      7.320454         -4.524628e-77     
   23.105144      7.727785         4.530446e-80      
   23.105144      8.153374         1.169855e-83      
   23.105144      8.596072         -2.318717e-86     
   23.105144      9.054685         4.322499e-90      
   23.105144      9.527979         2.448017e-94      
   23.105144      10.014676        -6.698952e-98     
   23.105144      10.513464        3.178003e-102     
   23.105144      11.023000       -5.647013e-107     
   23.105144      11.541909        3.503132e-112     
   23.105144      12.068793       -6.443212e-118     
   23.105144      12.602230        3.176840e-124     
   23.105144      13.140784       -3.934788e-131     
   23.105144      13.683002        1.129938e-138     
   23.105144      14.227422       -5.769401e-147     
   23.105144      14.772578       -8.505438e-156     
   23.105144      15.316998        3.773823e-164     
   23.105144      15.859216       -1.658420e-163     
   23.105144      16.397770       -8.466266e-154     
   23.105144      16.931207       -9.383413e-144     
   23.105144      17.458091       -1.939056e-133     
   23.105144      17.977000       -6.235947e-123     
   23.105144      18.486536       -2.505697e-112     
   23.105144      18.985324       -9.937778e-102     
   23.105144      19.472021        -4.906740e-91     
   23.105144      19.945315        -4.562274e-80     
   23.105144      20.403928        -4.782162e-69     
   23.105144      20.846626        -2.020230e-57     
   23.105144      21.272215        -7.565315e-47     
   23.105144      21.679546        2.996650e-36      
   23.105144      22.067523        -4.679735e-27     
   23.105144      22.435100        -7.854555e-17     
   23.105144      22.781284        4.242257e-08      
   23.105144      23.105144        3.405252e-02      
   23.105144      23.405806        2.002985e-07      
   23.105144      23.682459        -5.306651e-14     
   23.105144      23.934358        2.741923e-20      
   23.105144      24.160824        1.199745e-26      
   23.105144      24.361246        -8.584146e-30     
   23.105144      24.535084        2.787178e-33      
   23.105144      24.681869        3.445568e-35      
   23.105144      24.801206        8.330861e-37      
   23.105144      24.892773        1.604587e-39      
   23.105144      24.956326        -8.818782e-39     
   23.105144      24.991706        -1.657193e-39     
   23.405806      0.001580         3.364795e-43      
   23.405806      0.008319         1.747774e-42      
   23.405806      0.020424         4.032109e-42      
   23.405806      0.037866         6.203848e-42      
   23.405806      0.060596         5.854896e-42      
   23.405806      0.088555         3.373565e-42      
   23.405806      0.121667         -3.004631e-43     
   23.405806      0.159843         -7.956946e-44     
   23.405806      0.202979         -3.929874e-44     
   23.405806      0.250960         -2.546065e-45     
   23.405806      0.303656         9.660846e-47      
   23.405806      0.360925         8.544560e-47      
   23.405806      0.422613         6.828771e-47      
   23.405806      0.488552         5.308564e-47      
   23.405806      0.558567         4.059181e-47      
   23.405806      0.632467         3.059453e-47      
   23.405806      0.710054         2.271497e-47      
   23.405806      0.791119         1.660622e-47      
   23.405806      0.875442         1.195240e-47      
   23.405806      0.962797         8.450022e-48      
   23.405806      1.052948         5.829700e-48      
   23.405806      1.145653         3.885930e-48      
   23.405806      1.240660         2.471813e-48      
   23.405806      1.337714         1.470334e-48      
   23.405806      1.436554         7.808632e-49      
   23.405806      1.536913         3.242104e-49      
   23.405806      1.638520         4.203649e-50      
   23.405806      1.741102         -1.129653e-49     
   23.405806      1.844381         -1.813312e-49     
   23.405806      1.948080         -1.946278e-49     
   23.405806      2.051920         -1.758537e-49     
   23.405806      2.155619         -1.421136e-49     
   23.405806      2.258898         -1.053237e-49     
   23.405806      2.361480         -7.228343e-50     
   23.405806      2.463087         -4.596293e-50     
   23.405806      2.563446         -2.696257e-50     
   23.405806      2.662286         -1.444305e-50     
   23.405806      2.759340         -6.887137e-51     
   23.405806      2.854347         -2.730697e-51     
   23.405806      2.947052         -6.890932e-52     
   23.405806      3.037203         1.614927e-52      
   23.405806      3.124558         4.147856e-52      
   23.405806      3.208881         4.109143e-52      
   23.405806      3.289946         3.226421e-52      
   23.405806      3.367533         2.260705e-52      
   23.405806      3.441433         1.477687e-52      
   23.405806      3.511448         9.212028e-53      
   23.405806      3.577387         5.546083e-53      
   23.405806      3.639075         3.246906e-53      
   23.405806      3.696344         1.853079e-53      
   23.405806      3.749040         1.028541e-53      
   23.405806      3.797021         5.496514e-54      
   23.405806      3.840157         2.755262e-54      
   23.405806      3.878333         1.205646e-54      
   23.405806      3.911445         3.402281e-55      
   23.405806      3.939404         -1.366468e-55     
   23.405806      3.962134         -3.950623e-55     
   23.405806      3.979576         -5.317547e-55     
   23.405806      3.991681         -6.008366e-55     
   23.405806      3.998420         -6.313650e-55     
   23.405806      4.008294         -6.669811e-55     
   23.405806      4.043674         -7.230217e-55     
   23.405806      4.107227         -6.519027e-55     
   23.405806      4.198794         -4.252227e-55     
   23.405806      4.318131         -1.826414e-55     
   23.405806      4.464916         -4.452124e-56     
   23.405806      4.638754         -3.353650e-57     
   23.405806      4.839176         8.695454e-58      
   23.405806      5.065642         1.790802e-58      
   23.405806      5.317541         5.185784e-60      
   23.405806      5.594194         -5.156484e-61     
   23.405806      5.894856         -1.238450e-62     
   23.405806      6.218716         3.025113e-64      
   23.405806      6.564900         7.056250e-67      
   23.405806      6.932477         -1.772814e-68     
   23.405806      7.320454         4.591980e-71      
   23.405806      7.727785         -7.505469e-74     
   23.405806      8.153374         1.917066e-76      
   23.405806      8.596072         -2.217561e-79     
   23.405806      9.054685         9.393929e-83      
   23.405806      9.527979         -1.797169e-86     
   23.405806      10.014676        1.953128e-90      
   23.405806      10.513464        -1.013939e-94     
   23.405806      11.023000        1.813168e-99      
   23.405806      11.541909       -9.310524e-105     
   23.405806      12.068793        1.206142e-110     
   23.405806      12.602230       -3.025183e-117     
   23.405806      13.140784       -1.088942e-124     
   23.405806      13.683002        2.826353e-131     
   23.405806      14.227422       -5.914354e-139     
   23.405806      14.772578        2.760285e-147     
   23.405806      15.316998       -3.435589e-156     
   23.405806      15.859216        1.278846e-165     
   23.405806      16.397770        1.855005e-160     
   23.405806      16.931207        1.840274e-150     
   23.405806      17.458091        3.270189e-140     
   23.405806      17.977000        7.891902e-130     
   23.405806      18.486536        9.853162e-120     
   23.405806      18.985324       -2.112051e-108     
   23.405806      19.472021        -3.576190e-97     
   23.405806      19.945315        -3.579513e-86     
   23.405806      20.403928        -2.237393e-75     
   23.405806      20.846626        -5.631986e-65     
   23.405806      21.272215        -5.043672e-54     
   23.405806      21.679546        -1.240683e-43     
   23.405806      22.067523        9.291928e-34      
   23.405806      22.435100        2.320119e-25      
   23.405806      22.781284        -1.933090e-15     
   23.405806      23.105144        2.002985e-07      
   23.405806      23.405806        3.367319e-02      
   23.405806      23.682459        9.849944e-07      
   23.405806      23.934358        -1.526740e-12     
   23.405806      24.160824        5.644559e-18      
   23.405806      24.361246        -6.469619e-23     
   23.405806      24.535084        -8.299113e-27     
   23.405806      24.681869        2.212273e-28      
   23.405806      24.801206        5.725712e-30      
   23.405806      24.892773        5.781692e-32      
   23.405806      24.956326        -5.548468e-32     
   23.405806      24.991706        -1.275086e-32     
   23.682459      0.001580         1.782198e-36      
   23.682459      0.008319         9.257265e-36      
   23.682459      0.020424         2.135649e-35      
   23.682459      0.037866         3.285935e-35      
   23.682459      0.060596         3.101112e-35      
   23.682459      0.088555         1.786851e-35      
   23.682459      0.121667         -1.591445e-36     
   23.682459      0.159843         -4.214524e-37     
   23.682459      0.202979         -2.081530e-37     
   23.682459      0.250960         -1.348452e-38     
   23.682459      0.303656         5.132835e-40      
   23.682459      0.360925         4.542649e-40      
   23.682459      0.422613         3.634396e-40      
   23.682459      0.488552         2.829212e-40      
   23.682459      0.558567         2.166966e-40      
   23.682459      0.632467         1.636477e-40      
   23.682459      0.710054         1.217750e-40      
   23.682459      0.791119         8.925270e-41      
   23.682459      0.875442         6.442129e-41      
   23.682459      0.962797         4.568431e-41      
   23.682459      1.052948         3.162208e-41      
   23.682459      1.145653         2.115249e-41      
   23.682459      1.240660         1.350447e-41      
   23.682459      1.337714         8.063649e-42      
   23.682459      1.436554         4.299254e-42      
   23.682459      1.536913         1.792316e-42      
   23.682459      1.638520         2.337468e-43      
   23.682459      1.741102         -6.286858e-43     
   23.682459      1.844381         -1.013321e-42     
   23.682459      1.948080         -1.091689e-42     
   23.682459      2.051920         -9.898503e-43     
   23.682459      2.155619         -8.025550e-43     
   23.682459      2.258898         -5.965672e-43     
   23.682459      2.361480         -4.104870e-43     
   23.682459      2.463087         -2.615534e-43     
   23.682459      2.563446         -1.536169e-43     
   23.682459      2.662286         -8.226541e-44     
   23.682459      2.759340         -3.909594e-44     
   23.682459      2.854347         -1.531658e-44     
   23.682459      2.947052         -3.644617e-45     
   23.682459      3.037203         1.190099e-45      
   23.682459      3.124558         2.591540e-45      
   23.682459      3.208881         2.517483e-45      
   23.682459      3.289946         1.965196e-45      
   23.682459      3.367533         1.374389e-45      
   23.682459      3.441433         8.978695e-46      
   23.682459      3.511448         5.595521e-46      
   23.682459      3.577387         3.365793e-46      
   23.682459      3.639075         1.966196e-46      
   23.682459      3.696344         1.117164e-46      
   23.682459      3.749040         6.148797e-47      
   23.682459      3.797021         3.234242e-47      
   23.682459      3.840157         1.569786e-47      
   23.682459      3.878333         6.328735e-48      
   23.682459      3.911445         1.132063e-48      
   23.682459      3.939404         -1.702146e-48     
   23.682459      3.962134         -3.215585e-48     
   23.682459      3.979576         -4.000527e-48     
   23.682459      3.991681         -4.387943e-48     
   23.682459      3.998420         -4.555288e-48     
   23.682459      4.008294         -4.745000e-48     
   23.682459      4.043674         -4.990204e-48     
   23.682459      4.107227         -4.397388e-48     
   23.682459      4.198794         -2.833851e-48     
   23.682459      4.318131         -1.209295e-48     
   23.682459      4.464916         -2.914917e-49     
   23.682459      4.638754         -1.964322e-50     
   23.682459      4.839176         6.680277e-51      
   23.682459      5.065642         1.314268e-51      
   23.682459      5.317541         3.386640e-53      
   23.682459      5.594194         -4.414127e-54     
   23.682459      5.894856         -9.890723e-56     
   23.682459      6.218716         3.085276e-57      
   23.682459      6.564900         5.370436e-60      
   23.682459      6.932477         -2.534317e-61     
   23.682459      7.320454         9.339362e-64      
   23.682459      7.727785         -1.042672e-66     
   23.682459      8.153374         5.125607e-70      
   23.682459      8.596072         -4.324318e-73     
   23.682459      9.054685         2.770047e-76      
   23.682459      9.527979         -7.104054e-80     
   23.682459      10.014676        8.373035e-84      
   23.682459      10.513464        -4.291761e-88     
   23.682459      11.023000        7.684380e-93      
   23.682459      11.541909        -4.064543e-98     
   23.682459      12.068793        5.627411e-104     
   23.682459      12.602230       -1.705490e-110     
   23.682459      13.140784        3.406238e-118     
   23.682459      13.683002        8.238638e-125     
   23.682459      14.227422       -2.060855e-132     
   23.682459      14.772578        1.028788e-140     
   23.682459      15.316998       -1.331943e-149     
   23.682459      15.859216        5.099805e-159     
   23.682459      16.397770       -1.498719e-166     
   23.682459      16.931207       -1.232752e-156     
   23.682459      17.458091       -1.437162e-146     
   23.682459      17.977000        1.044936e-136     
   23.682459      18.486536        5.037049e-125     
   23.682459      18.985324        6.732436e-114     
   23.682459      19.472021        6.671362e-103     
   23.682459      19.945315        4.442911e-92      
   23.682459      20.403928        1.421522e-81      
   23.682459      20.846626        -9.993297e-73     
   23.682459      21.272215        -1.175696e-61     
   23.682459      21.679546        -1.763435e-50     
   23.682459      22.067523        -2.828933e-40     
   23.682459      22.435100        3.633935e-31      
   23.682459      22.781284        1.125745e-22      
   23.682459      23.105144        -5.306651e-14     
   23.682459      23.405806        9.849944e-07      
   23.682459      23.682459        3.357824e-02      
   23.682459      23.934358        4.881729e-06      
   23.682459      24.160824        -4.315493e-11     
   23.682459      24.361246        9.938695e-16      
   23.682459      24.535084        -8.292371e-20     
   23.682459      24.681869        2.161797e-22      
   23.682459      24.801206        7.414542e-24      
   23.682459      24.892773        1.393203e-25      
   23.682459      24.956326        -6.309544e-26     
   23.682459      24.991706        -1.769350e-26     
   23.934358      0.001580         1.029151e-30      
   23.934358      0.008319         5.345716e-30      
   23.934358      0.020424         1.233255e-29      
   23.934358      0.037866         1.897502e-29      
   23.934358      0.060596         1.790774e-29      
   23.934358      0.088555         1.031839e-29      
   23.934358      0.121667         -9.190000e-31     
   23.934358      0.159843         -2.433731e-31     
   23.934358      0.202979         -1.202008e-31     
   23.934358      0.250960         -7.786670e-33     
   23.934358      0.303656         2.965972e-34      
   23.934358      0.360925         2.625295e-34      
   23.934358      0.422613         2.100881e-34      
   23.934358      0.488552         1.635921e-34      
   23.934358      0.558567         1.253439e-34      
   23.934358      0.632467         9.469845e-35      
   23.934358      0.710054         7.050174e-35      
   23.934358      0.791119         5.170094e-35      
   23.934358      0.875442         3.733941e-35      
   23.934358      0.962797         2.649657e-35      
   23.934358      1.052948         1.835351e-35      
   23.934358      1.145653         1.228614e-35      
   23.934358      1.240660         7.850054e-36      
   23.934358      1.337714         4.691167e-36      
   23.934358      1.436554         2.503269e-36      
   23.934358      1.536913         1.044501e-36      
   23.934358      1.638520         1.363852e-37      
   23.934358      1.741102         -3.669180e-37     
   23.934358      1.844381         -5.919286e-37     
   23.934358      1.948080         -6.382304e-37     
   23.934358      2.051920         -5.791444e-37     
   23.934358      2.155619         -4.699075e-37     
   23.934358      2.258898         -3.495376e-37     
   23.934358      2.361480         -2.406577e-37     
   23.934358      2.463087         -1.534203e-37     
   23.934358      2.563446         -9.013940e-38     
   23.934358      2.662286         -4.827523e-38     
   23.934358      2.759340         -2.293057e-38     
   23.934358      2.854347         -8.963985e-39     
   23.934358      2.947052         -2.108324e-39     
   23.934358      3.037203         7.288432e-40      
   23.934358      3.124558         1.547253e-39      
   23.934358      3.208881         1.498159e-39      
   23.934358      3.289946         1.168446e-39      
   23.934358      3.367533         8.169980e-40      
   23.934358      3.441433         5.337459e-40      
   23.934358      3.511448         3.326491e-40      
   23.934358      3.577387         2.000848e-40      
   23.934358      3.639075         1.168514e-40      
   23.934358      3.696344         6.634788e-41      
   23.934358      3.749040         3.646633e-41      
   23.934358      3.797021         1.912811e-41      
   23.934358      3.840157         9.229471e-42      
   23.934358      3.878333         3.661160e-42      
   23.934358      3.911445         5.760520e-43      
   23.934358      3.939404         -1.103624e-42     
   23.934358      3.962134         -1.998272e-42     
   23.934358      3.979576         -2.460650e-42     
   23.934358      3.991681         -2.687867e-42     
   23.934358      3.998420         -2.785590e-42     
   23.934358      4.008294         -2.895753e-42     
   23.934358      4.043674         -3.031943e-42     
   23.934358      4.107227         -2.662744e-42     
   23.934358      4.198794         -1.713065e-42     
   23.934358      4.318131         -7.304564e-43     
   23.934358      4.464916         -1.758154e-43     
   23.934358      4.638754         -1.163003e-44     
   23.934358      4.839176         4.127963e-45      
   23.934358      5.065642         8.075726e-46      
   23.934358      5.317541         2.046802e-47      
   23.934358      5.594194         -2.770365e-48     
   23.934358      5.894856         -6.163250e-50     
   23.934358      6.218716         1.976690e-51      
   23.934358      6.564900         3.346707e-54      
   23.934358      6.932477         -1.674118e-55     
   23.934358      7.320454         6.296362e-58      
   23.934358      7.727785         -6.865605e-61     
   23.934358      8.153374         2.346212e-64      
   23.934358      8.596072         -1.596677e-67     
   23.934358      9.054685         1.344339e-70      
   23.934358      9.527979         -3.844980e-74     
   23.934358      10.014676        4.625753e-78      
   23.934358      10.513464        -2.359706e-82     
   23.934358      11.023000        4.231429e-87      
   23.934358      11.541909        -2.262628e-92     
   23.934358      12.068793        3.201646e-98      
   23.934358      12.602230       -1.022104e-104     
   23.934358      13.140784        3.427366e-112     
   23.934358      13.683002        3.821565e-119     
   23.934358      14.227422       -1.050650e-126     
   23.934358      14.772578        5.402730e-135     
   23.934358      15.316998       -7.108375e-144     
   23.934358      15.859216        2.751855e-153     
   23.934358      16.397770       -3.537675e-163     
   23.934358      16.931207        9.609507e-163     
   23.934358      17.458091       -6.832922e-152     
   23.934358      17.977000       -7.027416e-141     
   23.934358      18.486536       -6.951795e-130     
   23.934358      18.985324       -7.106319e-119     
   23.934358      19.472021       -6.608369e-108     
   23.934358      19.945315        -4.723375e-97     
   23.934358      20.403928        -2.182998e-86     
   23.934358      20.846626        -5.777719e-76     
   23.934358      21.272215        -8.565081e-66     
   23.934358      21.679546        -3.471077e-56     
   23.934358      22.067523        -8.889672e-47     
   23.934358      22.435100        -8.457930e-37     
   23.934358      22.781284        1.383357e-28      
   23.934358      23.105144        2.741923e-20      
   23.934358      23.405806        -1.526740e-12     
   23.934358      23.682459        4.881729e-06      
   23.934358      23.934358        3.380080e-02      
   23.934358      24.160824        2.353976e-05      
   23.934358      24.361246        -1.121325e-09     
   23.934358      24.535084        1.426900e-13      
   23.934358      24.681869        -2.862129e-17     
   23.934358      24.801206        1.759074e-18      
   23.934358      24.892773        5.022470e-20      
   23.934358      24.956326        -1.246867e-20     
   23.934358      24.991706        -4.332904e-21     
   24.160824      0.001580         9.612613e-26      
   24.160824      0.008319         4.993075e-25      
   24.160824      0.020424         1.151901e-24      
   24.160824      0.037866         1.772330e-24      
   24.160824      0.060596         1.672643e-24      
   24.160824      0.088555         9.637719e-25      
   24.160824      0.121667         -8.583770e-26     
   24.160824      0.159843         -2.273188e-26     
   24.160824      0.202979         -1.122716e-26     
   24.160824      0.250960         -7.272946e-28     
   24.160824      0.303656         2.771265e-29      
   24.160824      0.360925         2.453126e-29      
   24.160824      0.422613         1.963339e-29      
   24.160824      0.488552         1.529053e-29      
   24.160824      0.558567         1.171775e-29      
   24.160824      0.632467         8.854808e-30      
   24.160824      0.710054         6.593952e-30      
   24.160824      0.791119         4.836916e-30      
   24.160824      0.875442         3.494424e-30      
   24.160824      0.962797         2.480557e-30      
   24.160824      1.052948         1.718867e-30      
   24.160824      1.145653         1.151101e-30      
   24.160824      1.240660         7.357918e-31      
   24.160824      1.337714         4.399019e-31      
   24.160824      1.436554         2.348456e-31      
   24.160824      1.536913         9.803748e-32      
   24.160824      1.638520         1.280952e-32      
   24.160824      1.741102         -3.446808e-32     
   24.160824      1.844381         -5.563322e-32     
   24.160824      1.948080         -6.001303e-32     
   24.160824      2.051920         -5.448171e-32     
   24.160824      2.155619         -4.422459e-32     
   24.160824      2.258898         -3.290957e-32     
   24.160824      2.361480         -2.266681e-32     
   24.160824      2.463087         -1.445487e-32     
   24.160824      2.563446         -8.494804e-33     
   24.160824      2.662286         -4.549986e-33     
   24.160824      2.759340         -2.160831e-33     
   24.160824      2.854347         -8.438558e-34     
   24.160824      2.947052         -1.973289e-34     
   24.160824      3.037203         7.014247e-35      
   24.160824      3.124558         1.471245e-34      
   24.160824      3.208881         1.422415e-34      
   24.160824      3.289946         1.108966e-34      
   24.160824      3.367533         7.753828e-35      
   24.160824      3.441433         5.065987e-35      
   24.160824      3.511448         3.157596e-35      
   24.160824      3.577387         1.899341e-35      
   24.160824      3.639075         1.109153e-35      
   24.160824      3.696344         6.296005e-36      
   24.160824      3.749040         3.458257e-36      
   24.160824      3.797021         1.811635e-36      
   24.160824      3.840157         8.716329e-37      
   24.160824      3.878333         3.429819e-37      
   24.160824      3.911445         5.022346e-38      
   24.160824      3.939404         -1.090435e-37     
   24.160824      3.962134         -1.937741e-37     
   24.160824      3.979576         -2.374926e-37     
   24.160824      3.991681         -2.589318e-37     
   24.160824      3.998420         -2.681332e-37     
   24.160824      4.008294         -2.784776e-37     
   24.160824      4.043674         -2.909811e-37     
   24.160824      4.107227         -2.551598e-37     
   24.160824      4.198794         -1.640419e-37     
   24.160824      4.318131         -6.993284e-38     
   24.160824      4.464916         -1.682396e-38     
   24.160824      4.638754         -1.103288e-39     
   24.160824      4.839176         3.996902e-40      
   24.160824      5.065642         7.801989e-41      
   24.160824      5.317541         1.963276e-42      
   24.160824      5.594194         -2.704561e-43     
   24.160824      5.894856         -6.002300e-45     
   24.160824      6.218716         1.949572e-46      
   24.160824      6.564900         3.272155e-49      
   24.160824      6.932477         -1.676035e-50     
   24.160824      7.320454         6.358803e-53      
   24.160824      7.727785         -6.858296e-56     
   24.160824      8.153374         1.880620e-59      
   24.160824      8.596072         -1.040706e-62     
   24.160824      9.054685         1.133876e-65      
   24.160824      9.527979         -3.480547e-69     
   24.160824      10.014676        4.232256e-73      
   24.160824      10.513464        -2.151611e-77     
   24.160824      11.023000        3.863259e-82      
   24.160824      11.541909        -2.081090e-87     
   24.160824      12.068793        2.986767e-93      
   24.160824      12.602230       -9.842161e-100     
   24.160824      13.140784        4.079806e-107     
   24.160824      13.683002        3.052559e-114     
   24.160824      14.227422       -9.080594e-122     
   24.160824      14.772578        4.773941e-130     
   24.160824      15.316998       -6.354122e-139     
   24.160824      15.859216        2.478955e-148     
   24.160824      16.397770       -3.205748e-158     
   24.160824      16.931207        1.187759e-166     
   24.160824      17.458091        5.235166e-156     
   24.160824      17.977000        3.280395e-145     
   24.160824      18.486536        2.695120e-134     
   24.160824      18.985324        2.491713e-123     
   24.160824      19.472021        2.146989e-112     
   24.160824      19.945315        1.392398e-101     
   24.160824      20.403928        5.286473e-91      
   24.160824      20.846626        8.061699e-81      
   24.160824      21.272215        -1.072228e-71     
   24.160824      21.679546        -9.392952e-61     
   24.160824      22.067523        -2.408744e-51     
   24.160824      22.435100        1.290629e-44      
   24.160824      22.781284        -2.852741e-33     
   24.160824      23.105144        1.199745e-26      
   24.160824      23.405806        5.644559e-18      
   24.160824      23.682459        -4.315493e-11     
   24.160824      23.934358        2.353976e-05      
   24.160824      24.160824        3.439068e-02      
   24.160824      24.361246        1.066319e-04      
   24.160824      24.535084        -2.510110e-08     
   24.160824      24.681869        1.647652e-11      
   24.160824      24.801206        3.835842e-14      
   24.160824      24.892773        3.212265e-15      
   24.160824      24.956326        -4.105295e-16     
   24.160824      24.991706        -1.867664e-16     
   24.361246      0.001580         1.616732e-21      
   24.361246      0.008319         8.397784e-21      
   24.361246      0.020424         1.937367e-20      
   24.361246      0.037866         2.980856e-20      
   24.361246      0.060596         2.813195e-20      
   24.361246      0.088555         1.620955e-20      
   24.361246      0.121667         -1.443693e-21     
   24.361246      0.159843         -3.823245e-22     
   24.361246      0.202979         -1.888282e-22     
   24.361246      0.250960         -1.223218e-23     
   24.361246      0.303656         4.662173e-25      
   24.361246      0.360925         4.127183e-25      
   24.361246      0.422613         3.303461e-25      
   24.361246      0.488552         2.573046e-25      
   24.361246      0.558567         1.972112e-25      
   24.361246      0.632467         1.490526e-25      
   24.361246      0.710054         1.110173e-25      
   24.361246      0.791119         8.145345e-26      
   24.361246      0.875442         5.886044e-26      
   24.361246      0.962797         4.179406e-26      
   24.361246      1.052948         2.896910e-26      
   24.361246      1.145653         1.940628e-26      
   24.361246      1.240660         1.240875e-26      
   24.361246      1.337714         7.421295e-27      
   24.361246      1.436554         3.963357e-27      
   24.361246      1.536913         1.655149e-27      
   24.361246      1.638520         2.163702e-28      
   24.361246      1.741102         -5.823071e-28     
   24.361246      1.844381         -9.402447e-28     
   24.361246      1.948080         -1.014644e-27     
   24.361246      2.051920         -9.214577e-28     
   24.361246      2.155619         -7.482364e-28     
   24.361246      2.258898         -5.569799e-28     
   24.361246      2.361480         -3.837417e-28     
   24.361246      2.463087         -2.447812e-28     
   24.361246      2.563446         -1.438820e-28     
   24.361246      2.662286         -7.707381e-29     
   24.361246      2.759340         -3.659859e-29     
   24.361246      2.854347         -1.428183e-29     
   24.361246      2.947052         -3.324909e-30     
   24.361246      3.037203         1.206997e-30      
   24.361246      3.124558         2.509168e-30      
   24.361246      3.208881         2.423179e-30      
   24.361246      3.289946         1.888710e-30      
   24.361246      3.367533         1.320566e-30      
   24.361246      3.441433         8.628619e-31      
   24.361246      3.511448         5.378630e-31      
   24.361246      3.577387         3.235481e-31      
   24.361246      3.639075         1.889339e-31      
   24.361246      3.696344         1.072257e-31      
   24.361246      3.749040         5.886941e-32      
   24.361246      3.797021         3.080899e-32      
   24.361246      3.840157         1.479095e-32      
   24.361246      3.878333         5.784074e-33      
   24.361246      3.911445         7.979363e-34      
   24.361246      3.939404         -1.913068e-33     
   24.361246      3.962134         -3.354060e-33     
   24.361246      3.979576         -4.096646e-33     
   24.361246      3.991681         -4.460230e-33     
   24.361246      3.998420         -4.616029e-33     
   24.361246      4.008294         -4.790815e-33     
   24.361246      4.043674         -4.998392e-33     
   24.361246      4.107227         -4.378174e-33     
   24.361246      4.198794         -2.813340e-33     
   24.361246      4.318131         -1.199208e-33     
   24.361246      4.464916         -2.884034e-34     
   24.361246      4.638754         -1.879023e-35     
   24.361246      4.839176         6.912988e-36      
   24.361246      5.065642         1.347332e-36      
   24.361246      5.317541         3.372599e-38      
   24.361246      5.594194         -4.707760e-39     
   24.361246      5.894856         -1.043125e-40     
   24.361246      6.218716         3.420103e-42      
   24.361246      6.564900         5.706661e-45      
   24.361246      6.932477         -2.973551e-46     
   24.361246      7.320454         1.135418e-48      
   24.361246      7.727785         -1.215148e-51     
   24.361246      8.153374         2.729456e-55      
   24.361246      8.596072         -1.119966e-58     
   24.361246      9.054685         1.736450e-61      
   24.361246      9.527979         -5.702834e-65     
   24.361246      10.014676        7.005433e-69      
   24.361246      10.513464        -3.552070e-73     
   24.361246      11.023000        6.384051e-78      
   24.361246      11.541909        -3.459767e-83     
   24.361246      12.068793        5.022588e-89      
   24.361246      12.602230        -1.696477e-95     
   24.361246      13.140784        8.052211e-103     
   24.361246      13.683002        4.440458e-110     
   24.361246      14.227422       -1.429509e-117     
   24.361246      14.772578        7.667700e-126     
   24.361246      15.316998       -1.031001e-134     
   24.361246      15.859216        4.049261e-144     
   24.361246      16.397770       -5.262981e-154     
   24.361246      16.931207        2.578908e-164     
   24.361246      17.458091       -8.860916e-160     
   24.361246      17.977000       -4.865373e-149     
   24.361246      18.486536       -3.674038e-138     
   24.361246      18.985324       -3.171245e-127     
   24.361246      19.472021       -2.533224e-116     
   24.361246      19.945315       -1.466173e-105     
   24.361246      20.403928        -4.423805e-95     
   24.361246      20.846626        -2.642522e-85     
   24.361246      21.272215        8.371645e-75      
   24.361246      21.679546        7.436737e-65      
   24.361246      22.067523        3.332651e-56      
   24.361246      22.435100        -7.383645e-47     
   24.361246      22.781284        3.642176e-38      
   24.361246      23.105144        -8.584146e-30     
   24.361246      23.405806        -6.469619e-23     
   24.361246      23.682459        9.938695e-16      
   24.361246      23.934358        -1.121325e-09     
   24.361246      24.160824        1.066319e-04      
   24.361246      24.361246        3.543789e-02      
   24.361246      24.535084        4.390582e-04      
   24.361246      24.681869        -4.493559e-07     
   24.361246      24.801206        1.643969e-09      
   24.361246      24.892773        2.778298e-11      
   24.361246      24.956326        -1.958618e-12     
   24.361246      24.991706        -1.379682e-12     
   24.535084      0.001580         5.254778e-18      
   24.535084      0.008319         2.729487e-17      
   24.535084      0.020424         6.296920e-17      
   24.535084      0.037866         9.688518e-17      
   24.535084      0.060596         9.143577e-17      
   24.535084      0.088555         5.268504e-17      
   24.535084      0.121667         -4.692359e-18     
   24.535084      0.159843         -1.242649e-18     
   24.535084      0.202979         -6.137385e-19     
   24.535084      0.250960         -3.975732e-20     
   24.535084      0.303656         1.515673e-21      
   24.535084      0.360925         1.341812e-21      
   24.535084      0.422613         1.074095e-21      
   24.535084      0.488552         8.366929e-22      
   24.535084      0.558567         6.413645e-22      
   24.535084      0.632467         4.848169e-22      
   24.535084      0.710054         3.611635e-22      
   24.535084      0.791119         2.650375e-22      
   24.535084      0.875442         1.915648e-22      
   24.535084      0.962797         1.360538e-22      
   24.535084      1.052948         9.432856e-23      
   24.535084      1.145653         6.320777e-23      
   24.535084      1.240660         4.042807e-23      
   24.535084      1.337714         2.418620e-23      
   24.535084      1.436554         1.292078e-23      
   24.535084      1.536913         5.397676e-24      
   24.535084      1.638520         7.059292e-25      
   24.535084      1.741102         -1.900094e-24     
   24.535084      1.844381         -3.069121e-24     
   24.535084      1.948080         -3.313049e-24     
   24.535084      2.051920         -3.009715e-24     
   24.535084      2.155619         -2.444664e-24     
   24.535084      2.258898         -1.820300e-24     
   24.535084      2.361480         -1.254456e-24     
   24.535084      2.463087         -8.003743e-25     
   24.535084      2.563446         -4.705407e-25     
   24.535084      2.662286         -2.520763e-25     
   24.535084      2.759340         -1.196844e-25     
   24.535084      2.854347         -4.667227e-26     
   24.535084      2.947052         -1.082221e-26     
   24.535084      3.037203         4.002540e-27      
   24.535084      3.124558         8.255726e-27      
   24.535084      3.208881         7.964849e-27      
   24.535084      3.289946         6.206604e-27      
   24.535084      3.367533         4.339524e-27      
   24.535084      3.441433         2.835628e-27      
   24.535084      3.511448         1.767704e-27      
   24.535084      3.577387         1.063387e-27      
   24.535084      3.639075         6.209304e-28      
   24.535084      3.696344         3.523324e-28      
   24.535084      3.749040         1.933566e-28      
   24.535084      3.797021         1.011023e-28      
   24.535084      3.840157         4.844246e-29      
   24.535084      3.878333         1.883691e-29      
   24.535084      3.911445         2.452718e-30      
   24.535084      3.939404         -6.450812e-30     
   24.535084      3.962134         -1.117956e-29     
   24.535084      3.979576         -1.361367e-29     
   24.535084      3.991681         -1.480375e-29     
   24.535084      3.998420         -1.531297e-29     
   24.535084      4.008294         -1.588316e-29     
   24.535084      4.043674         -1.654930e-29     
   24.535084      4.107227         -1.448138e-29     
   24.535084      4.198794         -9.301309e-30     
   24.535084      4.318131         -3.964235e-30     
   24.535084      4.464916         -9.530739e-31     
   24.535084      4.638754         -6.172861e-32     
   24.535084      4.839176         2.302532e-32      
   24.535084      5.065642         4.481212e-33      
   24.535084      5.317541         1.116305e-34      
   24.535084      5.594194         -1.576716e-35     
   24.535084      5.894856         -3.488039e-37     
   24.535084      6.218716         1.153225e-38      
   24.535084      6.564900         1.911841e-41      
   24.535084      6.932477         -1.012301e-42     
   24.535084      7.320454         3.887666e-45      
   24.535084      7.727785         -4.135781e-48     
   24.535084      8.153374         7.539113e-52      
   24.535084      8.596072         -1.668285e-55     
   24.535084      9.054685         5.093835e-58      
   24.535084      9.527979         -1.803497e-61     
   24.535084      10.014676        2.242388e-65      
   24.535084      10.513464        -1.134964e-69     
   24.535084      11.023000        2.041258e-74      
   24.535084      11.541909        -1.111853e-79     
   24.535084      12.068793        1.629840e-85      
   24.535084      12.602230        -5.618883e-92     
   24.535084      13.140784        2.941155e-99      
   24.535084      13.683002        1.249809e-106     
   24.535084      14.227422       -4.369484e-114     
   24.535084      14.772578        2.388607e-122     
   24.535084      15.316998       -3.241872e-131     
   24.535084      15.859216        1.280978e-140     
   24.535084      16.397770       -1.672506e-150     
   24.535084      16.931207        8.225955e-161     
   24.535084      17.458091        5.376479e-163     
   24.535084      17.977000        2.862831e-152     
   24.535084      18.486536        2.179361e-141     
   24.535084      18.985324        1.991554e-130     
   24.535084      19.472021        1.827851e-119     
   24.535084      19.945315        1.422753e-108     
   24.535084      20.403928        8.056839e-98      
   24.535084      20.846626        2.842101e-87      
   24.535084      21.272215        5.122045e-77      
   24.535084      21.679546        3.709617e-67      
   24.535084      22.067523        8.571465e-58      
   24.535084      22.435100        4.988970e-49      
   24.535084      22.781284        5.924577e-41      
   24.535084      23.105144        2.787178e-33      
   24.535084      23.405806        -8.299113e-27     
   24.535084      23.682459        -8.292371e-20     
   24.535084      23.934358        1.426900e-13      
   24.535084      24.160824        -2.510110e-08     
   24.535084      24.361246        4.390582e-04      
   24.535084      24.535084        3.709389e-02      
   24.535084      24.681869        1.593773e-03      
   24.535084      24.801206        -5.421728e-06     
   24.535084      24.892773        1.195356e-07      
   24.535084      24.956326        9.460879e-10      
   24.535084      24.991706        -1.794461e-09     
   24.681869      0.001580         3.514489e-15      
   24.681869      0.008319         1.825529e-14      
   24.681869      0.020424         4.211492e-14      
   24.681869      0.037866         6.479854e-14      
   24.681869      0.060596         6.115387e-14      
   24.681869      0.088555         3.523669e-14      
   24.681869      0.121667         -3.138333e-15     
   24.681869      0.159843         -8.311058e-16     
   24.681869      0.202979         -4.104791e-16     
   24.681869      0.250960         -2.659022e-17     
   24.681869      0.303656         1.013921e-18      
   24.681869      0.360925         8.976541e-19      
   24.681869      0.422613         7.186073e-19      
   24.681869      0.488552         5.598294e-19      
   24.681869      0.558567         4.291842e-19      
   24.681869      0.632467         3.244700e-19      
   24.681869      0.710054         2.417505e-19      
   24.681869      0.791119         1.774379e-19      
   24.681869      0.875442         1.282741e-19      
   24.681869      0.962797         9.112256e-20      
   24.681869      1.052948         6.319140e-20      
   24.681869      1.145653         4.235370e-20      
   24.681869      1.240660         2.709666e-20      
   24.681869      1.337714         1.621500e-20      
   24.681869      1.436554         8.664815e-21      
   24.681869      1.536913         3.620790e-21      
   24.681869      1.638520         4.737279e-22      
   24.681869      1.741102         -1.275236e-21     
   24.681869      1.844381         -2.060440e-21     
   24.681869      1.948080         -2.224824e-21     
   24.681869      2.051920         -2.021669e-21     
   24.681869      2.155619         -1.642538e-21     
   24.681869      2.258898         -1.223332e-21     
   24.681869      2.361480         -8.432429e-22     
   24.681869      2.463087         -5.381123e-22     
   24.681869      2.563446         -3.164016e-22     
   24.681869      2.662286         -1.695111e-22     
   24.681869      2.759340         -8.047293e-23     
   24.681869      2.854347         -3.136138e-23     
   24.681869      2.947052         -7.245436e-24     
   24.681869      3.037203         2.724815e-24      
   24.681869      3.124558         5.581217e-24      
   24.681869      3.208881         5.379690e-24      
   24.681869      3.289946         4.191172e-24      
   24.681869      3.367533         2.930299e-24      
   24.681869      3.441433         1.914858e-24      
   24.681869      3.511448         1.193763e-24      
   24.681869      3.577387         7.181369e-25      
   24.681869      3.639075         4.193104e-25      
   24.681869      3.696344         2.378856e-25      
   24.681869      3.749040         1.304975e-25      
   24.681869      3.797021         6.817881e-26      
   24.681869      3.840157         3.260861e-26      
   24.681869      3.878333         1.261416e-26      
   24.681869      3.911445         1.552250e-27      
   24.681869      3.939404         -4.456085e-27     
   24.681869      3.962134         -7.644801e-27     
   24.681869      3.979576         -9.284466e-27     
   24.681869      3.991681         -1.008507e-26     
   24.681869      3.998420         -1.042718e-26     
   24.681869      4.008294         -1.080958e-26     
   24.681869      4.043674         -1.124945e-26     
   24.681869      4.107227         -9.834856e-27     
   24.681869      4.198794         -6.314188e-27     
   24.681869      4.318131         -2.690721e-27     
   24.681869      4.464916         -6.466840e-28     
   24.681869      4.638754         -4.165556e-29     
   24.681869      4.839176         1.573297e-29      
   24.681869      5.065642         3.057810e-30      
   24.681869      5.317541         7.582538e-32      
   24.681869      5.594194         -1.082495e-32     
   24.681869      5.894856         -2.390728e-34     
   24.681869      6.218716         7.964188e-36      
   24.681869      6.564900         1.310679e-38      
   24.681869      6.932477         -7.048102e-40     
   24.681869      7.320454         2.721017e-42      
   24.681869      7.727785         -2.881664e-45     
   24.681869      8.153374         4.209216e-49      
   24.681869      8.596072         1.454308e-53      
   24.681869      9.054685         3.043670e-55      
   24.681869      9.527979         -1.172044e-58     
   24.681869      10.014676        1.477648e-62      
   24.681869      10.513464        -7.472196e-67     
   24.681869      11.023000        1.344538e-71      
   24.681869      11.541909        -7.354280e-77     
   24.681869      12.068793        1.086840e-82      
   24.681869      12.602230        -3.810388e-89     
   24.681869      13.140784        2.144870e-96      
   24.681869      13.683002        7.263269e-104     
   24.681869      14.227422       -2.762676e-111     
   24.681869      14.772578        1.536918e-119     
   24.681869      15.316998       -2.103547e-128     
   24.681869      15.859216        8.356683e-138     
   24.681869      16.397770       -1.095460e-147     
   24.681869      16.931207        5.405427e-158     
   24.681869      17.458091       -6.123098e-166     
   24.681869      17.977000       -2.266003e-155     
   24.681869      18.486536       -5.593087e-145     
   24.681869      18.985324        1.241493e-133     
   24.681869      19.472021        3.804277e-122     
   24.681869      19.945315        6.184110e-111     
   24.681869      20.403928        5.889799e-100     
   24.681869      20.846626        2.893383e-89      
   24.681869      21.272215        6.197029e-79      
   24.681869      21.679546        4.860873e-69      
   24.681869      22.067523        1.180502e-59      
   24.681869      22.435100        7.618091e-51      
   24.681869      22.781284        1.138024e-42      
   24.681869      23.105144        3.445568e-35      
   24.681869      23.405806        2.212273e-28      
   24.681869      23.682459        2.161797e-22      
   24.681869      23.934358        -2.862129e-17     
   24.681869      24.160824        1.647652e-11      
   24.681869      24.361246        -4.493559e-07     
   24.681869      24.535084        1.593773e-03      
   24.681869      24.681869        3.971339e-02      
   24.681869      24.801206        4.973215e-03      
   24.681869      24.892773        -1.332795e-05     
   24.681869      24.956326        2.627305e-06      
   24.681869      24.991706        3.156365e-07      
   24.801206      0.001580         5.120752e-13      
   24.801206      0.008319         2.659870e-12      
   24.801206      0.020424         6.136314e-12      
   24.801206      0.037866         9.441409e-12      
   24.801206      0.060596         8.910366e-12      
   24.801206      0.088555         5.134128e-12      
   24.801206      0.121667         -4.572678e-13     
   24.801206      0.159843         -1.210955e-13     
   24.801206      0.202979         -5.980844e-14     
   24.801206      0.250960         -3.874277e-15     
   24.801206      0.303656         1.477596e-16      
   24.801206      0.360925         1.308207e-16      
   24.801206      0.422613         1.047338e-16      
   24.801206      0.488552         8.159925e-17      
   24.801206      0.558567         6.256290e-17      
   24.801206      0.632467         4.730400e-17      
   24.801206      0.710054         3.524914e-17      
   24.801206      0.791119         2.587573e-17      
   24.801206      0.875442         1.870929e-17      
   24.801206      0.962797         1.329300e-17      
   24.801206      1.052948         9.220191e-18      
   24.801206      1.145653         6.181066e-18      
   24.801206      1.240660         3.955328e-18      
   24.801206      1.337714         2.367457e-18      
   24.801206      1.436554         1.265395e-18      
   24.801206      1.536913         5.289027e-19      
   24.801206      1.638520         6.922239e-20      
   24.801206      1.741102         -1.863562e-19     
   24.801206      1.844381         -3.011767e-19     
   24.801206      1.948080         -3.252801e-19     
   24.801206      2.051920         -2.956433e-19     
   24.801206      2.155619         -2.402508e-19     
   24.801206      2.258898         -1.789695e-19     
   24.801206      2.361480         -1.233856e-19     
   24.801206      2.463087         -7.875000e-20     
   24.801206      2.563446         -4.630886e-20     
   24.801206      2.662286         -2.481070e-20     
   24.801206      2.759340         -1.177710e-20     
   24.801206      2.854347         -4.587098e-21     
   24.801206      2.947052         -1.056370e-21     
   24.801206      3.037203         4.030303e-22      
   24.801206      3.124558         8.206102e-22      
   24.801206      3.208881         7.903527e-22      
   24.801206      3.289946         6.156155e-22      
   24.801206      3.367533         4.303986e-22      
   24.801206      3.441433         2.812586e-22      
   24.801206      3.511448         1.753479e-22      
   24.801206      3.577387         1.054852e-22      
   24.801206      3.639075         6.158781e-23      
   24.801206      3.696344         3.493456e-23      
   24.801206      3.749040         1.915734e-23      
   24.801206      3.797021         1.000158e-23      
   24.801206      3.840157         4.775996e-24      
   24.801206      3.878333         1.839076e-24      
   24.801206      3.911445         2.146723e-25      
   24.801206      3.939404         -6.672433e-25     
   24.801206      3.962134         -1.134981e-24     
   24.801206      3.979576         -1.375273e-24     
   24.801206      3.991681         -1.492463e-24     
   24.801206      3.998420         -1.542481e-24     
   24.801206      4.008294         -1.598300e-24     
   24.801206      4.043674         -1.661617e-24     
   24.801206      4.107227         -1.451520e-24     
   24.801206      4.198794         -9.315481e-25     
   24.801206      4.318131         -3.969077e-25     
   24.801206      4.464916         -9.536138e-26     
   24.801206      4.638754         -6.112843e-27     
   24.801206      4.839176         2.333945e-27      
   24.801206      5.065642         4.530550e-28      
   24.801206      5.317541         1.118829e-29      
   24.801206      5.594194         -1.612178e-30     
   24.801206      5.894856         -3.554735e-32     
   24.801206      6.218716         1.191960e-33      
   24.801206      6.564900         1.946750e-36      
   24.801206      6.932477         -1.061873e-37     
   24.801206      7.320454         4.118359e-40      
   24.801206      7.727785         -4.347682e-43     
   24.801206      8.153374         5.062455e-47      
   24.801206      8.596072         1.870333e-50      
   24.801206      9.054685         3.944417e-53      
   24.801206      9.527979         -1.660338e-56     
   24.801206      10.014676        2.123804e-60      
   24.801206      10.513464        -1.073787e-64     
   24.801206      11.023000        1.932808e-69      
   24.801206      11.541909        -1.060718e-74     
   24.801206      12.068793        1.577842e-80      
   24.801206      12.602230        -5.606026e-87     
   24.801206      13.140784        3.328889e-94      
   24.801206      13.683002        9.288571e-102     
   24.801206      14.227422       -3.833443e-109     
   24.801206      14.772578        2.165607e-117     
   24.801206      15.316998       -2.985448e-126     
   24.801206      15.859216        1.191436e-135     
   24.801206      16.397770       -1.567095e-145     
   24.801206      16.931207        7.753808e-156     
   24.801206      17.458091       -1.611160e-166     
   24.801206      17.977000        3.264117e-157     
   24.801206      18.486536        2.888201e-146     
   24.801206      18.985324        3.479510e-135     
   24.801206      19.472021        4.807117e-124     
   24.801206      19.945315        6.148718e-113     
   24.801206      20.403928        5.711060e-102     
   24.801206      20.846626        3.023866e-91      
   24.801206      21.272215        7.290280e-81      
   24.801206      21.679546        6.537058e-71      
   24.801206      22.067523        1.821146e-61      
   24.801206      22.435100        1.346734e-52      
   24.801206      22.781284        2.315992e-44      
   24.801206      23.105144        8.330861e-37      
   24.801206      23.405806        5.725712e-30      
   24.801206      23.682459        7.414542e-24      
   24.801206      23.934358        1.759074e-18      
   24.801206      24.160824        3.835842e-14      
   24.801206      24.361246        1.643969e-09      
   24.801206      24.535084        -5.421728e-06     
   24.801206      24.681869        4.973215e-03      
   24.801206      24.801206        4.433295e-02      
   24.801206      24.892773        1.322877e-02      
   24.801206      24.956326        8.393757e-04      
   24.801206      24.991706        8.328267e-05      
   24.892773      0.001580         1.749275e-11      
   24.892773      0.008319         9.086253e-11      
   24.892773      0.020424         2.096197e-10      
   24.892773      0.037866         3.225234e-10      
   24.892773      0.060596         3.043827e-10      
   24.892773      0.088555         1.753845e-10      
   24.892773      0.121667         -1.562050e-11     
   24.892773      0.159843         -4.136682e-12     
   24.892773      0.202979         -2.043086e-12     
   24.892773      0.250960         -1.323465e-13     
   24.892773      0.303656         5.048341e-15      
   24.892773      0.360925         4.469751e-15      
   24.892773      0.422613         3.578633e-15      
   24.892773      0.488552         2.788345e-15      
   24.892773      0.558567         2.138028e-15      
   24.892773      0.632467         1.616726e-15      
   24.892773      0.710054         1.204857e-15      
   24.892773      0.791119         8.845730e-16      
   24.892773      0.875442         6.396729e-16      
   24.892773      0.962797         4.545568e-16      
   24.892773      1.052948         3.153364e-16      
   24.892773      1.145653         2.114319e-16      
   24.892773      1.240660         1.353211e-16      
   24.892773      1.337714         8.101097e-17      
   24.892773      1.436554         4.330802e-17      
   24.892773      1.536913         1.810513e-17      
   24.892773      1.638520         2.370225e-18      
   24.892773      1.741102         -6.381292e-18     
   24.892773      1.844381         -1.031504e-17     
   24.892773      1.948080         -1.114254e-17     
   24.892773      2.051920         -1.012904e-17     
   24.892773      2.155619         -8.232555e-18     
   24.892773      2.258898         -6.133566e-18     
   24.892773      2.361480         -4.229182e-18     
   24.892773      2.463087         -2.699545e-18     
   24.892773      2.563446         -1.587586e-18     
   24.892773      2.662286         -8.505871e-19     
   24.892773      2.759340         -4.037091e-19     
   24.892773      2.854347         -1.571657e-19     
   24.892773      2.947052         -3.609687e-20     
   24.892773      3.037203         1.393624e-20      
   24.892773      3.124558         2.823674e-20      
   24.892773      3.208881         2.717749e-20      
   24.892773      3.289946         2.116501e-20      
   24.892773      3.367533         1.479660e-20      
   24.892773      3.441433         9.669414e-21      
   24.892773      3.511448         6.028381e-21      
   24.892773      3.577387         3.626500e-21      
   24.892773      3.639075         2.117217e-21      
   24.892773      3.696344         1.200774e-21      
   24.892773      3.749040         6.582767e-22      
   24.892773      3.797021         3.434602e-22      
   24.892773      3.840157         1.637923e-22      
   24.892773      3.878333         6.282814e-23      
   24.892773      3.911445         6.998443e-24      
   24.892773      3.939404         -2.330096e-23     
   24.892773      3.962134         -3.936168e-23     
   24.892773      3.979576         -4.760608e-23     
   24.892773      3.991681         -5.162288e-23     
   24.892773      3.998420         -5.333556e-23     
   24.892773      4.008294         -5.524430e-23     
   24.892773      4.043674         -5.738345e-23     
   24.892773      4.107227         -5.009437e-23     
   24.892773      4.198794         -3.213839e-23     
   24.892773      4.318131         -1.369119e-23     
   24.892773      4.464916         -3.288452e-24     
   24.892773      4.638754         -2.099290e-25     
   24.892773      4.839176         8.087729e-26      
   24.892773      5.065642         1.568235e-26      
   24.892773      5.317541         3.858997e-28      
   24.892773      5.594194         -5.603690e-29     
   24.892773      5.894856         -1.233680e-30     
   24.892773      6.218716         4.159148e-32      
   24.892773      6.564900         6.742677e-35      
   24.892773      6.932477         -3.724121e-36     
   24.892773      7.320454         1.449862e-38      
   24.892773      7.727785         -1.527480e-41     
   24.892773      8.153374         1.429599e-45      
   24.892773      8.596072         1.114741e-48      
   24.892773      9.054685         1.203504e-51      
   24.892773      9.527979         -5.529371e-55     
   24.892773      10.014676        7.170068e-59      
   24.892773      10.513464        -3.626346e-63     
   24.892773      11.023000        6.528856e-68      
   24.892773      11.541909        -3.591944e-73     
   24.892773      12.068793        5.369648e-79      
   24.892773      12.602230        -1.927009e-85     
   24.892773      13.140784        1.188555e-92      
   24.892773      13.683002        2.835554e-100     
   24.892773      14.227422       -1.258618e-107     
   24.892773      14.772578        7.199804e-116     
   24.892773      15.316998       -9.982810e-125     
   24.892773      15.859216        3.998384e-134     
   24.892773      16.397770       -5.273070e-144     
   24.892773      16.931207        2.614672e-154     
   24.892773      17.458091       -5.639274e-165     
   24.892773      17.977000       -1.556292e-158     
   24.892773      18.486536       -1.641365e-147     
   24.892773      18.985324       -2.216947e-136     
   24.892773      19.472021       -3.128531e-125     
   24.892773      19.945315       -3.726114e-114     
   24.892773      20.403928       -3.010488e-103     
   24.892773      20.846626        -1.327237e-92     
   24.892773      21.272215        -2.577998e-82     
   24.892773      21.679546        -1.792358e-72     
   24.892773      22.067523        -3.633711e-63     
   24.892773      22.435100        -1.715846e-54     
   24.892773      22.781284        -1.281357e-46     
   24.892773      23.105144        1.604587e-39      
   24.892773      23.405806        5.781692e-32      
   24.892773      23.682459        1.393203e-25      
   24.892773      23.934358        5.022470e-20      
   24.892773      24.160824        3.212265e-15      
   24.892773      24.361246        2.778298e-11      
   24.892773      24.535084        1.195356e-07      
   24.892773      24.681869        -1.332795e-05     
   24.892773      24.801206        1.322877e-02      
   24.892773      24.892773        5.505035e-02      
   24.892773      24.956326        3.644514e-02      
   24.892773      24.991706        1.903756e-02      
   24.956326      0.001580         1.278923e-10      
   24.956326      0.008319         6.643101e-10      
   24.956326      0.020424         1.532562e-09      
   24.956326      0.037866         2.358019e-09      
   24.956326      0.060596         2.225389e-09      
   24.956326      0.088555         1.282263e-09      
   24.956326      0.121667         -1.142039e-10     
   24.956326      0.159843         -3.024392e-11     
   24.956326      0.202979         -1.493731e-11     
   24.956326      0.250960         -9.676025e-13     
   24.956326      0.303656         3.691282e-14      
   24.956326      0.360925         3.268292e-14      
   24.956326      0.422613         2.616795e-14      
   24.956326      0.488552         2.039007e-14      
   24.956326      0.558567         1.563541e-14      
   24.956326      0.632467         1.182391e-14      
   24.956326      0.710054         8.812379e-15      
   24.956326      0.791119         6.470372e-15      
   24.956326      0.875442         4.679463e-15      
   24.956326      0.962797         3.325624e-15      
   24.956326      1.052948         2.307331e-15      
   24.956326      1.145653         1.547250e-15      
   24.956326      1.240660         9.904056e-16      
   24.956326      1.337714         5.929949e-16      
   24.956326      1.436554         3.170568e-16      
   24.956326      1.536913         1.325667e-16      
   24.956326      1.638520         1.735842e-17      
   24.956326      1.741102         -4.673582e-17     
   24.956326      1.844381         -7.555735e-17     
   24.956326      1.948080         -8.162995e-17     
   24.956326      2.051920         -7.421466e-17     
   24.956326      2.155619         -6.032658e-17     
   24.956326      2.258898         -4.495062e-17     
   24.956326      2.361480         -3.099719e-17     
   24.956326      2.463087         -1.978756e-17     
   24.956326      2.563446         -1.163759e-17     
   24.956326      2.662286         -6.235176e-18     
   24.956326      2.759340         -2.959103e-18     
   24.956326      2.854347         -1.151569e-18     
   24.956326      2.947052         -2.639504e-19     
   24.956326      3.037203         1.028126e-19      
   24.956326      3.124558         2.075549e-19      
   24.956326      3.208881         1.996688e-19      
   24.956326      3.289946         1.554743e-19      
   24.956326      3.367533         1.086895e-19      
   24.956326      3.441433         7.102755e-20      
   24.956326      3.511448         4.428232e-20      
   24.956326      3.577387         2.663872e-20      
   24.956326      3.639075         1.555143e-20      
   24.956326      3.696344         8.818949e-21      
   24.956326      3.749040         4.833514e-21      
   24.956326      3.797021         2.520752e-21      
   24.956326      3.840157         1.200911e-21      
   24.956326      3.878333         4.593059e-22      
   24.956326      3.911445         4.929903e-23      
   24.956326      3.939404         -1.731525e-22     
   24.956326      3.962134         -2.910164e-22     
   24.956326      3.979576         -3.514830e-22     
   24.956326      3.991681         -3.809211e-22     
   24.956326      3.998420         -3.934632e-22     
   24.956326      4.008294         -4.074269e-22     
   24.956326      4.043674         -4.229314e-22     
   24.956326      4.107227         -3.690239e-22     
   24.956326      4.198794         -2.366890e-22     
   24.956326      4.318131         -1.008189e-22     
   24.956326      4.464916         -2.420969e-23     
   24.956326      4.638754         -1.540681e-24     
   24.956326      4.839176         5.975882e-25      
   24.956326      5.065642         1.157775e-25      
   24.956326      5.317541         2.841228e-27      
   24.956326      5.594194         -4.149756e-28     
   24.956326      5.894856         -9.125007e-30     
   24.956326      6.218716         3.088827e-31      
   24.956326      6.564900         4.978346e-34      
   24.956326      6.932477         -2.776057e-35     
   24.956326      7.320454         1.083848e-37      
   24.956326      7.727785         -1.140289e-40     
   24.956326      8.153374         8.754001e-45      
   24.956326      8.596072         1.086431e-47      
   24.956326      9.054685         7.964156e-51      
   24.956326      9.527979         -3.958218e-54     
   24.956326      10.014676        5.192618e-58      
   24.956326      10.513464        -2.627672e-62     
   24.956326      11.023000        4.731517e-67      
   24.956326      11.541909        -2.607677e-72     
   24.956326      12.068793        3.912082e-78      
   24.956326      12.602230        -1.413952e-84     
   24.956326      13.140784        8.950633e-92      
   24.956326      13.683002        1.895274e-99      
   24.956326      14.227422       -8.928551e-107     
   24.956326      14.772578        5.156113e-115     
   24.956326      15.316998       -7.179916e-124     
   24.956326      15.859216        2.883453e-133     
   24.956326      16.397770       -3.810155e-143     
   24.956326      16.931207        1.892268e-153     
   24.956326      17.458091       -4.086601e-164     
   24.956326      17.977000       -3.673977e-159     
   24.956326      18.486536       -4.322811e-148     
   24.956326      18.985324       -6.425457e-137     
   24.956326      19.472021       -9.883116e-126     
   24.956326      19.945315       -1.278694e-114     
   24.956326      20.403928       -1.127015e-103     
   24.956326      20.846626        -5.489751e-93     
   24.956326      21.272215        -1.205818e-82     
   24.956326      21.679546        -9.853387e-73     
   24.956326      22.067523        -2.509869e-63     
   24.956326      22.435100        -1.701975e-54     
   24.956326      22.781284        -2.684112e-46     
   24.956326      23.105144        -8.818782e-39     
   24.956326      23.405806        -5.548468e-32     
   24.956326      23.682459        -6.309544e-26     
   24.956326      23.934358        -1.246867e-20     
   24.956326      24.160824        -4.105295e-16     
   24.956326      24.361246        -1.958618e-12     
   24.956326      24.535084        9.460879e-10      
   24.956326      24.681869        2.627305e-06      
   24.956326      24.801206        8.393757e-04      
   24.956326      24.892773        3.644514e-02      
   24.956326      24.956326        9.511182e-02      
   24.956326      24.991706        9.793485e-02      
   24.991706      0.001580         4.927960e-10      
   24.991706      0.008319         2.559728e-09      
   24.991706      0.020424         5.905287e-09      
   24.991706      0.037866         9.085947e-09      
   24.991706      0.060596         8.574898e-09      
   24.991706      0.088555         4.940832e-09      
   24.991706      0.121667         -4.400519e-10     
   24.991706      0.159843         -1.165362e-10     
   24.991706      0.202979         -5.755662e-11     
   24.991706      0.250960         -3.728354e-12     
   24.991706      0.303656         1.422589e-13      
   24.991706      0.360925         1.259616e-13      
   24.991706      0.422613         1.008585e-13      
   24.991706      0.488552         7.859462e-14      
   24.991706      0.558567         6.027267e-14      
   24.991706      0.632467         4.558412e-14      
   24.991706      0.710054         3.397746e-14      
   24.991706      0.791119         2.495027e-14      
   24.991706      0.875442         1.804648e-14      
   24.991706      0.962797         1.282688e-14      
   24.991706      1.052948         8.900398e-15      
   24.991706      1.145653         5.969132e-15      
   24.991706      1.240660         3.821321e-15      
   24.991706      1.337714         2.288230e-15      
   24.991706      1.436554         1.223579e-15      
   24.991706      1.536913         5.116531e-16      
   24.991706      1.638520         6.700857e-17      
   24.991706      1.741102         -1.804038e-16     
   24.991706      1.844381         -2.916844e-16     
   24.991706      1.948080         -3.151507e-16     
   24.991706      2.051920         -2.865407e-16     
   24.991706      2.155619         -2.329321e-16     
   24.991706      2.258898         -1.735705e-16     
   24.991706      2.361480         -1.196952e-16     
   24.991706      2.463087         -7.641057e-17     
   24.991706      2.563446         -4.493859e-17     
   24.991706      2.662286         -2.407570e-17     
   24.991706      2.759340         -1.142401e-17     
   24.991706      2.854347         -4.443697e-18     
   24.991706      2.947052         -1.016195e-18     
   24.991706      3.037203         3.996647e-19      
   24.991706      3.124558         8.035801e-19      
   24.991706      3.208881         7.725784e-19      
   24.991706      3.289946         6.014492e-19      
   24.991706      3.367533         4.204233e-19      
   24.991706      3.441433         2.747278e-19      
   24.991706      3.511448         1.712716e-19      
   24.991706      3.577387         1.030245e-19      
   24.991706      3.639075         6.013847e-20      
   24.991706      3.696344         3.409753e-20      
   24.991706      3.749040         1.868263e-20      
   24.991706      3.797021         9.737914e-21      
   24.991706      3.840157         4.633927e-21      
   24.991706      3.878333         1.766540e-21      
   24.991706      3.911445         1.816668e-22      
   24.991706      3.939404         -6.778958e-22     
   24.991706      3.962134         -1.133087e-21     
   24.991706      3.979576         -1.366440e-21     
   24.991706      3.991681         -1.479946e-21     
   24.991706      3.998420         -1.528261e-21     
   24.991706      4.008294         -1.581986e-21     
   24.991706      4.043674         -1.640984e-21     
   24.991706      4.107227         -1.430949e-21     
   24.991706      4.198794         -9.174565e-22     
   24.991706      4.318131         -3.906944e-22     
   24.991706      4.464916         -9.377797e-23     
   24.991706      4.638754         -5.946080e-24     
   24.991706      4.839176         2.323076e-24      
   24.991706      5.065642         4.495300e-25      
   24.991706      5.317541         1.099359e-26      
   24.991706      5.594194         -1.615574e-27     
   24.991706      5.894856         -3.545530e-29     
   24.991706      6.218716         1.205182e-30      
   24.991706      6.564900         1.923599e-33      
   24.991706      6.932477         -1.085760e-34     
   24.991706      7.320454         4.251134e-37      
   24.991706      7.727785         -4.472151e-40     
   24.991706      8.153374         2.882995e-44      
   24.991706      8.596072         5.055602e-47      
   24.991706      9.054685         2.785232e-50      
   24.991706      9.527979         -1.494124e-53     
   24.991706      10.014676        1.981803e-57      
   24.991706      10.513464        -1.003700e-61     
   24.991706      11.023000        1.807170e-66      
   24.991706      11.541909        -9.969524e-72     
   24.991706      12.068793        1.498897e-77      
   24.991706      12.602230        -5.441386e-84     
   24.991706      13.140784        3.498668e-91      
   24.991706      13.683002        6.858994e-99      
   24.991706      14.227422       -3.364637e-106     
   24.991706      14.772578        1.955008e-114     
   24.991706      15.316998       -2.729994e-123     
   24.991706      15.859216        1.098307e-132     
   24.991706      16.397770       -1.453199e-142     
   24.991706      16.931207        7.224931e-153     
   24.991706      17.458091       -1.561790e-163     
   24.991706      17.977000        3.777180e-160     
   24.991706      18.486536        3.644215e-149     
   24.991706      18.985324        4.218970e-138     
   24.991706      19.472021        4.607493e-127     
   24.991706      19.945315        3.441851e-116     
   24.991706      20.403928        7.100779e-106     
   24.991706      20.846626        -8.491995e-95     
   24.991706      21.272215        -4.658293e-84     
   24.991706      21.679546        -6.252247e-74     
   24.991706      22.067523        -2.265226e-64     
   24.991706      22.435100        -2.033178e-55     
   24.991706      22.781284        -4.071570e-47     
   24.991706      23.105144        -1.657193e-39     
   24.991706      23.405806        -1.275086e-32     
   24.991706      23.682459        -1.769350e-26     
   24.991706      23.934358        -4.332904e-21     
   24.991706      24.160824        -1.867664e-16     
   24.991706      24.361246        -1.379682e-12     
   24.991706      24.535084        -1.794461e-09     
   24.991706      24.681869        3.156365e-07      
   24.991706      24.801206        8.328267e-05      
   24.991706      24.892773        1.903756e-02      
   24.991706      24.956326        9.793485e-02      
   24.991706      24.991706        1.383457e-01      
