2.000000000000000042e-02 9.327910499999999550e-01
4.000000000000000083e-02 9.324672324999999651e-01
5.999999999999999778e-02 9.319264283333333898e-01
8.000000000000000167e-02 9.311702812499998982e-01
1.000000000000000056e-01 9.301999669999999609e-01
1.199999999999999956e-01 9.290166916666666719e-01
1.400000000000000133e-01 9.276217714285713845e-01
1.600000000000000033e-01 9.260166250000000376e-01
1.799999999999999933e-01 9.242028166666665934e-01
2.000000000000000111e-01 9.221820149999999661e-01
2.200000000000000011e-01 9.199560363636364313e-01
2.399999999999999911e-01 9.175267958333334084e-01
2.600000000000000089e-01 9.148963500000000248e-01
2.800000000000000266e-01 9.120668678571426380e-01
2.999999999999999889e-01 9.090406366666666793e-01
3.200000000000000067e-01 9.058200625000000228e-01
3.400000000000000244e-01 9.024076647058822953e-01
3.599999999999999867e-01 8.988060750000000931e-01
3.800000000000000044e-01 8.950180315789474372e-01
4.000000000000000222e-01 8.910463799999999157e-01
4.199999999999999845e-01 8.868940714285713511e-01
4.400000000000000022e-01 8.825641568181818997e-01
4.600000000000000200e-01 8.780597847826087099e-01
4.799999999999999822e-01 8.733841979166667713e-01
5.000000000000000000e-01 8.685407339999999810e-01
5.200000000000000178e-01 8.635328134615384288e-01
5.400000000000000355e-01 8.583639462962963096e-01
5.600000000000000533e-01 8.530377214285712606e-01
5.799999999999999600e-01 8.475578086206897455e-01
5.999999999999999778e-01 8.419279483333332870e-01
6.199999999999999956e-01 8.361519532258063769e-01
6.400000000000000133e-01 8.302337062499999254e-01
6.600000000000000311e-01 8.241771484848484652e-01
6.800000000000000488e-01 8.179862823529411298e-01
6.999999999999999556e-01 8.116651671428571913e-01
7.199999999999999734e-01 8.052179111111111842e-01
7.399999999999999911e-01 7.986486729729730394e-01
7.600000000000000089e-01 7.919616513157894389e-01
7.800000000000000266e-01 7.851610897435897796e-01
8.000000000000000444e-01 7.782512599999998892e-01
8.199999999999999512e-01 7.712364707317074242e-01
8.399999999999999689e-01 7.641210559523810009e-01
8.599999999999999867e-01 7.569093732558138665e-01
8.800000000000000044e-01 7.496057977272727602e-01
9.000000000000000222e-01 7.422147211111110865e-01
9.200000000000000400e-01 7.347405456521739486e-01
9.399999999999999467e-01 7.271876787234042849e-01
9.599999999999999645e-01 7.195605312500000794e-01
9.799999999999999822e-01 7.118635142857142606e-01
1.000000000000000000e+00 7.041010319999999600e-01
1.020000000000000018e+00 6.962774784313725540e-01
1.040000000000000036e+00 6.883972365384615211e-01
1.060000000000000053e+00 6.804646688679244493e-01
1.080000000000000071e+00 6.724841203703703085e-01
1.100000000000000089e+00 6.644599090909090178e-01
1.120000000000000107e+00 6.563963258928570133e-01
1.139999999999999902e+00 6.482976271929825618e-01
1.159999999999999920e+00 6.401680370689655231e-01
1.179999999999999938e+00 6.320117372881356443e-01
1.199999999999999956e+00 6.238328683333332902e-01
1.219999999999999973e+00 6.156355237704917993e-01
1.239999999999999991e+00 6.074237508064516122e-01
1.260000000000000009e+00 5.992015404761904529e-01
1.280000000000000027e+00 5.909728296874999787e-01
1.300000000000000044e+00 5.827414992307692332e-01
1.320000000000000062e+00 5.745113651515151298e-01
1.340000000000000080e+00 5.662861820895521703e-01
1.360000000000000098e+00 5.580696360294117309e-01
1.379999999999999893e+00 5.498653456521739313e-01
1.399999999999999911e+00 5.416768578571429238e-01
1.419999999999999929e+00 5.335076443661972423e-01
1.439999999999999947e+00 5.253611020833333090e-01
1.459999999999999964e+00 5.172405500000000211e-01
1.479999999999999982e+00 5.091492270270270293e-01
1.500000000000000000e+00 5.010902906666666601e-01
1.520000000000000018e+00 4.930668138157894287e-01
1.540000000000000036e+00 4.850817863636363581e-01
1.560000000000000053e+00 4.771381102564102306e-01
1.580000000000000071e+00 4.692386025316455100e-01
1.600000000000000089e+00 4.613859881249999795e-01
1.620000000000000107e+00 4.535829055555555267e-01
1.639999999999999902e+00 4.458319012195122166e-01
1.659999999999999920e+00 4.381354307228915723e-01
1.679999999999999938e+00 4.304958577380952334e-01
1.699999999999999956e+00 4.229154547058823765e-01
1.719999999999999973e+00 4.153964000000000545e-01
1.739999999999999991e+00 4.079407804597701137e-01
1.760000000000000009e+00 4.005505897727272835e-01
1.780000000000000027e+00 3.932277286516854264e-01
1.800000000000000044e+00 3.859740050000000089e-01
1.820000000000000062e+00 3.787911351648351466e-01
1.840000000000000080e+00 3.716807423913043307e-01
1.860000000000000098e+00 3.646443607526881348e-01
1.879999999999999893e+00 3.576834303191489539e-01
1.899999999999999911e+00 3.507993042105262971e-01
1.919999999999999929e+00 3.439932447916666525e-01
1.939999999999999947e+00 3.372664257731958770e-01
1.959999999999999964e+00 3.306199352040816719e-01
1.979999999999999982e+00 3.240547742424242927e-01
2.000000000000000000e+00 3.175718590000000119e-01
2.020000000000000018e+00 3.111720222772277333e-01
2.040000000000000036e+00 3.048560151960784115e-01
2.060000000000000053e+00 2.986245077669902881e-01
2.080000000000000071e+00 2.924780908653846212e-01
2.100000000000000089e+00 2.864172785714285685e-01
2.120000000000000107e+00 2.804425080188679420e-01
2.140000000000000124e+00 2.745541434579439333e-01
2.160000000000000142e+00 2.687524759259258822e-01
2.180000000000000160e+00 2.630377261467889971e-01
2.200000000000000178e+00 2.574100472727272604e-01
2.220000000000000195e+00 2.518695243243243009e-01
2.240000000000000213e+00 2.464161785714285569e-01
2.259999999999999787e+00 2.410499681415929352e-01
2.279999999999999805e+00 2.357707907894736887e-01
2.299999999999999822e+00 2.305784856521739257e-01
2.319999999999999840e+00 2.254728340517241358e-01
2.339999999999999858e+00 2.204535645299145474e-01
2.359999999999999876e+00 2.155203516949152631e-01
2.379999999999999893e+00 2.106728210084033714e-01
2.399999999999999911e+00 2.059105479166666863e-01
2.419999999999999929e+00 2.012330628099173735e-01
2.439999999999999947e+00 1.966398516393442764e-01
2.459999999999999964e+00 1.921303577235772275e-01
2.479999999999999982e+00 1.877039846774193610e-01
2.500000000000000000e+00 1.833600975999999938e-01
2.520000000000000018e+00 1.790980261904761839e-01
2.540000000000000036e+00 1.749170649606299199e-01
2.560000000000000053e+00 1.708164769531249905e-01
2.580000000000000071e+00 1.667954941860465001e-01
2.600000000000000089e+00 1.628533211538461534e-01
2.620000000000000107e+00 1.589891347328244164e-01
2.640000000000000124e+00 1.552020886363636443e-01
2.660000000000000142e+00 1.514913112781954840e-01
2.680000000000000160e+00 1.478559123134328135e-01
2.700000000000000178e+00 1.442949796296296161e-01
2.720000000000000195e+00 1.408075852941176320e-01
2.740000000000000213e+00 1.373927832116788317e-01
2.759999999999999787e+00 1.340496137681159439e-01
2.779999999999999805e+00 1.307771039568345339e-01
2.799999999999999822e+00 1.275742689285714326e-01
2.819999999999999840e+00 1.244401131205673805e-01
2.839999999999999858e+00 1.213736327464788739e-01
2.859999999999999876e+00 1.183738160839160891e-01
2.879999999999999893e+00 1.154396454861111032e-01
2.899999999999999911e+00 1.125700979310344935e-01
2.919999999999999929e+00 1.097641465753424611e-01
2.939999999999999947e+00 1.070207615646258520e-01
2.959999999999999964e+00 1.043389118243243374e-01
2.979999999999999982e+00 1.017175661073825566e-01
3.000000000000000000e+00 9.915569233333333676e-02
3.020000000000000018e+00 9.665226125827813819e-02
3.040000000000000036e+00 9.420624473684210964e-02
3.060000000000000053e+00 9.181661830065358798e-02
3.080000000000000071e+00 8.948236168831169568e-02
3.100000000000000089e+00 8.720245870967741064e-02
3.120000000000000107e+00 8.497589903846154702e-02
3.140000000000000124e+00 8.280167866242037211e-02
3.160000000000000142e+00 8.067880031645568994e-02
3.180000000000000160e+00 7.860627358490565597e-02
3.200000000000000178e+00 7.658311656249999766e-02
3.220000000000000195e+00 7.460835621118011574e-02
3.240000000000000213e+00 7.268102808641974111e-02
3.259999999999999787e+00 7.080017699386502439e-02
3.279999999999999805e+00 6.896485792682927052e-02
3.299999999999999822e+00 6.717413666666667560e-02
3.319999999999999840e+00 6.542708885542168618e-02
3.339999999999999858e+00 6.372280089820359095e-02
3.359999999999999876e+00 6.206037053571428902e-02
3.379999999999999893e+00 6.043890887573964699e-02
3.399999999999999911e+00 5.885753794117647153e-02
3.419999999999999929e+00 5.731539122807017411e-02
3.439999999999999947e+00 5.581161540697673895e-02
3.459999999999999964e+00 5.434536820809248575e-02
3.479999999999999982e+00 5.291582097701149484e-02
3.500000000000000000e+00 5.152215771428571289e-02
3.520000000000000018e+00 5.016357471590908446e-02
3.540000000000000036e+00 4.883928163841807363e-02
3.560000000000000053e+00 4.754850056179774770e-02
3.580000000000000071e+00 4.629046703910614374e-02
3.600000000000000089e+00 4.506442944444444265e-02
3.620000000000000107e+00 4.386964917127071650e-02
3.640000000000000124e+00 4.270540054945054509e-02
3.660000000000000142e+00 4.157097131147540620e-02
3.680000000000000160e+00 4.046566195652173681e-02
3.700000000000000178e+00 3.938878567567567074e-02
3.720000000000000195e+00 3.833966908602150225e-02
3.740000000000000213e+00 3.731765106951871053e-02
3.759999999999999787e+00 3.632208351063830054e-02
3.779999999999999805e+00 3.535233095238095313e-02
3.799999999999999822e+00 3.440777078947368506e-02
3.819999999999999840e+00 3.348779240837696652e-02
3.839999999999999858e+00 3.259179765624999753e-02
3.859999999999999876e+00 3.171920103626942739e-02
3.879999999999999893e+00 3.086942835051546472e-02
3.899999999999999911e+00 3.004191846153846102e-02
3.919999999999999929e+00 2.923612091836734830e-02
3.939999999999999947e+00 2.845149746192893528e-02
3.959999999999999964e+00 2.768752196969696822e-02
3.979999999999999982e+00 2.694367889447236292e-02
4.000000000000000000e+00 2.621946425000000122e-02
4.019999999999999574e+00 2.551438507462686772e-02
4.040000000000000036e+00 2.482795915841584308e-02
4.059999999999999609e+00 2.415971576354680045e-02
4.080000000000000071e+00 2.350919394607842855e-02
4.099999999999999645e+00 2.287594356097560899e-02
4.120000000000000107e+00 2.225952468446601787e-02
4.139999999999999680e+00 2.165950748792270716e-02
4.160000000000000142e+00 2.107547204326922982e-02
4.179999999999999716e+00 2.050700820574162878e-02
4.200000000000000178e+00 1.995371538095238109e-02
4.219999999999999751e+00 1.941520239336493037e-02
4.240000000000000213e+00 1.889108735849056447e-02
4.259999999999999787e+00 1.838099741784037650e-02
4.280000000000000249e+00 1.788456857476635256e-02
4.299999999999999822e+00 1.740144565116279185e-02
4.320000000000000284e+00 1.693128192129629561e-02
4.339999999999999858e+00 1.647373917050691527e-02
4.360000000000000320e+00 1.602848731651375716e-02
4.379999999999999893e+00 1.559520436073059436e-02
4.400000000000000355e+00 1.517357622727272433e-02
4.419999999999999929e+00 1.476329656108597323e-02
4.440000000000000391e+00 1.436406655405405262e-02
4.459999999999999964e+00 1.397559484304932743e-02
4.480000000000000426e+00 1.359759729910714129e-02
4.500000000000000000e+00 1.322979691111111217e-02
4.519999999999999574e+00 1.287192358407079733e-02
4.540000000000000036e+00 1.252371403083700485e-02
4.559999999999999609e+00 1.218491164473684343e-02
4.580000000000000071e+00 1.185526626637554461e-02
4.599999999999999645e+00 1.153453410869565224e-02
4.620000000000000107e+00 1.122247759740259768e-02
4.639999999999999680e+00 1.091886521551724103e-02
4.660000000000000142e+00 1.062347135193133021e-02
4.679999999999999716e+00 1.033607626068376063e-02
4.700000000000000178e+00 1.005646576595744558e-02
4.719999999999999751e+00 9.784431271186441043e-03
4.740000000000000213e+00 9.519769556962025953e-03
4.759999999999999787e+00 9.262282668067226693e-03
4.780000000000000249e+00 9.011777824267781095e-03
4.799999999999999822e+00 8.768067229166667462e-03
4.820000000000000284e+00 8.530967987551865347e-03
4.839999999999999858e+00 8.300302024793388550e-03
4.860000000000000320e+00 8.075895884773661923e-03
4.879999999999999893e+00 7.857580696721312014e-03
4.900000000000000355e+00 7.645192000000000307e-03
4.919999999999999929e+00 7.438569715447154555e-03
4.940000000000000391e+00 7.237557955465586355e-03
4.959999999999999964e+00 7.042004919354838063e-03
4.980000000000000426e+00 6.851762911646586303e-03
5.000000000000000000e+00 6.666688079999999288e-03
5.019999999999999574e+00 6.486640438247012579e-03
5.040000000000000036e+00 6.311483670634921404e-03
5.059999999999999609e+00 6.141085138339921236e-03
5.080000000000000071e+00 5.975315728346456204e-03
5.099999999999999645e+00 5.814049764705882771e-03
5.120000000000000107e+00 5.657164941406249946e-03
5.139999999999999680e+00 5.504542256809338840e-03
5.160000000000000142e+00 5.356065813953488942e-03
5.179999999999999716e+00 5.211622915057915681e-03
5.200000000000000178e+00 5.071103846153846191e-03
5.219999999999999751e+00 4.934401858237547588e-03
5.240000000000000213e+00 4.801413053435114875e-03
5.259999999999999787e+00 4.672036349809885990e-03
5.280000000000000249e+00 4.546173409090908425e-03
5.299999999999999822e+00 4.423728509433962064e-03
5.320000000000000284e+00 4.304608533834586477e-03
5.339999999999999858e+00 4.188722902621722782e-03
5.360000000000000320e+00 4.075983470149253766e-03
5.379999999999999893e+00 3.966304442379182255e-03
5.400000000000000355e+00 3.859602425925925343e-03
5.419999999999999929e+00 3.755796217712176893e-03
5.440000000000000391e+00 3.654806856617646635e-03
5.459999999999999964e+00 3.556557527472527149e-03
5.480000000000000426e+00 3.460973485401459913e-03
5.500000000000000000e+00 3.367982036363636762e-03
5.519999999999999574e+00 3.277512445652174238e-03
5.540000000000000036e+00 3.189495920577617698e-03
5.559999999999999609e+00 3.103865521582733957e-03
5.580000000000000071e+00 3.020556146953404936e-03
5.599999999999999645e+00 2.939504464285714377e-03
5.620000000000000107e+00 2.860648896797152955e-03
5.639999999999999680e+00 2.783929485815603115e-03
5.660000000000000142e+00 2.709287985865724453e-03
5.679999999999999716e+00 2.636667676056338172e-03
5.700000000000000178e+00 2.566013403508771770e-03
5.719999999999999751e+00 2.497271555944056108e-03
5.740000000000000213e+00 2.430389965156794143e-03
5.759999999999999787e+00 2.365317847222222093e-03
5.780000000000000249e+00 2.302005882352941343e-03
5.799999999999999822e+00 2.240406051724137901e-03
5.820000000000000284e+00 2.180471649484536263e-03
5.839999999999999858e+00 2.122157277397260060e-03
5.860000000000000320e+00 2.065418754266211410e-03
5.879999999999999893e+00 2.010213112244898116e-03
5.900000000000000355e+00 1.956498576271186243e-03
5.919999999999999929e+00 1.904234493243243216e-03
5.940000000000000391e+00 1.853381329966329732e-03
5.959999999999999964e+00 1.803900654362416240e-03
5.980000000000000426e+00 1.755755066889631974e-03
6.000000000000000000e+00 1.708908200000000153e-03
6.019999999999999574e+00 1.663324684385382229e-03
6.040000000000000036e+00 1.618970117549668741e-03
6.059999999999999609e+00 1.575811033003300275e-03
6.080000000000000071e+00 1.533814894736842223e-03
6.099999999999999645e+00 1.492950049180328045e-03
6.120000000000000107e+00 1.453185714052287417e-03
6.139999999999999680e+00 1.414491951140065071e-03
6.160000000000000142e+00 1.376839641233766100e-03
6.179999999999999716e+00 1.340200462783171535e-03
6.200000000000000178e+00 1.304546870967741900e-03
6.219999999999999751e+00 1.269852078778135190e-03
6.240000000000000213e+00 1.236090027243589564e-03
6.259999999999999787e+00 1.203235376996805066e-03
6.280000000000000249e+00 1.171263479299363081e-03
6.299999999999999822e+00 1.140150361904761949e-03
6.320000000000000284e+00 1.109872712025316340e-03
6.339999999999999858e+00 1.080407851735015875e-03
6.360000000000000320e+00 1.051733723270440075e-03
6.379999999999999893e+00 1.023828879310344870e-03
6.400000000000000355e+00 9.966724515624999451e-04
6.419999999999999929e+00 9.702441495327103135e-04
6.440000000000000391e+00 9.445242360248446052e-04
6.459999999999999964e+00 9.194935123839010011e-04
6.480000000000000426e+00 8.951333086419752550e-04
6.500000000000000000e+00 8.714254615384615281e-04
6.519999999999999574e+00 8.483523082822087055e-04
6.540000000000000036e+00 8.258966681957185998e-04
6.559999999999999609e+00 8.040418307926830432e-04
6.580000000000000071e+00 7.827715395136777962e-04
6.599999999999999645e+00 7.620699848484849747e-04
6.620000000000000107e+00 7.419217915407853772e-04
6.639999999999999680e+00 7.223120000000000191e-04
6.660000000000000142e+00 7.032260600600600533e-04
6.679999999999999716e+00 6.846498233532933783e-04
6.700000000000000178e+00 6.665695223880596697e-04
6.719999999999999751e+00 6.489717678571429180e-04
6.740000000000000213e+00 6.318435356083086695e-04
6.759999999999999787e+00 6.151721582840236763e-04
6.780000000000000249e+00 5.989453112094395449e-04
6.799999999999999822e+00 5.831510102941177319e-04
6.820000000000000284e+00 5.677775923753665280e-04
6.839999999999999858e+00 5.528137163742690222e-04
6.860000000000000320e+00 5.382483498542273625e-04
6.879999999999999893e+00 5.240707587209302281e-04
6.900000000000000355e+00 5.102705043478260403e-04
6.919999999999999929e+00 4.968374306358381599e-04
6.940000000000000391e+00 4.837616570605187110e-04
6.959999999999999964e+00 4.710335747126436737e-04
6.980000000000000426e+00 4.586438323782234287e-04
7.000000000000000000e+00 4.465833357142857062e-04
7.019999999999999574e+00 4.348432378917379084e-04
7.040000000000000036e+00 4.234149318181818552e-04
7.059999999999999609e+00 4.122900453257790439e-04
7.080000000000000071e+00 4.014604293785310708e-04
7.099999999999999645e+00 3.909181633802817158e-04
7.120000000000000107e+00 3.806555351123595138e-04
7.139999999999999680e+00 3.706650476190475967e-04
7.160000000000000142e+00 3.609394008379888399e-04
7.179999999999999716e+00 3.514714986072423638e-04
7.200000000000000178e+00 3.422544333333333612e-04
7.219999999999999751e+00 3.332814861495845063e-04
7.240000000000000213e+00 3.245461215469613446e-04
7.259999999999999787e+00 3.160419793388429639e-04
7.280000000000000249e+00 3.077628708791208781e-04
7.299999999999999822e+00 2.997027767123287834e-04
7.320000000000000284e+00 2.918558401639343987e-04
7.339999999999999858e+00 2.842163623978201446e-04
7.360000000000000320e+00 2.767787989130434528e-04
7.379999999999999893e+00 2.695377560975609492e-04
7.400000000000000355e+00 2.624879824324323854e-04
7.419999999999999929e+00 2.556243746630727873e-04
7.440000000000000391e+00 2.489419610215053494e-04
7.459999999999999964e+00 2.424359075067024003e-04
7.480000000000000426e+00 2.361015093582887641e-04
7.500000000000000000e+00 2.299341906666666705e-04
7.519999999999999574e+00 2.239294973404255601e-04
7.540000000000000036e+00 2.180830941644562268e-04
7.559999999999999609e+00 2.123907658730158764e-04
7.580000000000000071e+00 2.068484076517150463e-04
7.599999999999999645e+00 2.014520276315789589e-04
7.620000000000000107e+00 1.961977401574802873e-04
7.639999999999999680e+00 1.910817643979057672e-04
7.660000000000000142e+00 1.861004229765012875e-04
7.679999999999999716e+00 1.812501354166666642e-04
7.700000000000000178e+00 1.765274168831168933e-04
7.719999999999999751e+00 1.719288782383419792e-04
7.740000000000000213e+00 1.674512209302325705e-04
7.759999999999999787e+00 1.630912345360824777e-04
7.780000000000000249e+00 1.588457943444729987e-04
7.799999999999999822e+00 1.547118615384615603e-04
7.820000000000000284e+00 1.506864769820971846e-04
7.839999999999999858e+00 1.467667614795918358e-04
7.860000000000000320e+00 1.429499122137404610e-04
7.879999999999999893e+00 1.392332043147208223e-04
7.900000000000000355e+00 1.356139835443038121e-04
7.919999999999999929e+00 1.320896666666666701e-04
7.940000000000000391e+00 1.286577405541561498e-04
7.959999999999999964e+00 1.253157600502512539e-04
7.980000000000000426e+00 1.220613431077694188e-04
8.000000000000000000e+00 1.188921733749999978e-04
8.019999999999999574e+00 1.158059960099750644e-04
8.039999999999999147e+00 1.128006165422885677e-04
8.060000000000000497e+00 1.098738987593052025e-04
8.080000000000000071e+00 1.070237639851485224e-04
8.099999999999999645e+00 1.042481887654321001e-04
8.119999999999999218e+00 1.015452040640394202e-04
8.140000000000000568e+00 9.891289287469287356e-05
8.160000000000000142e+00 9.634938982843137126e-05
8.179999999999999716e+00 9.385287909535451698e-05
8.199999999999999289e+00 9.142159329268293095e-05
8.220000000000000639e+00 8.905381240875911042e-05
8.240000000000000213e+00 8.674786177184465482e-05
8.259999999999999787e+00 8.450211186440678766e-05
8.279999999999999361e+00 8.231497620772947857e-05
8.300000000000000711e+00 8.018491084337347964e-05
8.320000000000000284e+00 7.811041274038460394e-05
8.339999999999999858e+00 7.609001882494004524e-05
8.359999999999999432e+00 7.412230502392344318e-05
8.380000000000000782e+00 7.220588532219569854e-05
8.400000000000000355e+00 7.033941023809523569e-05
8.419999999999999929e+00 6.852156627078384804e-05
8.439999999999999503e+00 6.675107488151658095e-05
8.460000000000000853e+00 6.502669148936168503e-05
8.480000000000000426e+00 6.334720448113207467e-05
8.500000000000000000e+00 6.171143447058822877e-05
8.519999999999999574e+00 6.011823333333333661e-05
8.539999999999999147e+00 5.856648348946135899e-05
8.560000000000000497e+00 5.705509684579438621e-05
8.580000000000000071e+00 5.558301421911422116e-05
8.599999999999999645e+00 5.414920453488372600e-05
8.619999999999999218e+00 5.275266403712296936e-05
8.640000000000000568e+00 5.139241550925925444e-05
8.660000000000000142e+00 5.006750773672055373e-05
8.679999999999999716e+00 4.877701451612903913e-05
8.699999999999999289e+00 4.752003413793104035e-05
8.720000000000000639e+00 4.629568899082568570e-05
8.740000000000000213e+00 4.510312448512585976e-05
8.759999999999999787e+00 4.394150856164383842e-05
8.779999999999999361e+00 4.281003132118451563e-05
8.800000000000000711e+00 4.170790431818181295e-05
8.820000000000000284e+00 4.063435963718821169e-05
8.839999999999999858e+00 3.958864977375565580e-05
8.859999999999999432e+00 3.857004729119639533e-05
8.880000000000000782e+00 3.757784335585584998e-05
8.900000000000000355e+00 3.661134831460674343e-05
8.919999999999999929e+00 3.566989047085201688e-05
8.939999999999999503e+00 3.475281599552572885e-05
8.960000000000000853e+00 3.385948805803570632e-05
8.980000000000000426e+00 3.298928685968818982e-05
9.000000000000000000e+00 3.214160888888888985e-05
9.019999999999999574e+00 3.131586629711751769e-05
9.039999999999999147e+00 3.051148705752212802e-05
9.060000000000000497e+00 2.972791390728476841e-05
9.080000000000000071e+00 2.896460451541850629e-05
9.099999999999999645e+00 2.822103054945055233e-05
9.119999999999999218e+00 2.749667774122807053e-05
9.140000000000000568e+00 2.679104540481400096e-05
9.160000000000000142e+00 2.610364574235808101e-05
9.179999999999999716e+00 2.543400413943355107e-05
9.199999999999999289e+00 2.478165815217391288e-05
9.220000000000000639e+00 2.414615759219088613e-05
9.240000000000000213e+00 2.352706417748917972e-05
9.259999999999999787e+00 2.292395107991360668e-05
9.279999999999999361e+00 2.233640247844827527e-05
9.300000000000000711e+00 2.176401376344085732e-05
9.320000000000000284e+00 2.120639066523605142e-05
9.339999999999999858e+00 2.066314957173447575e-05
9.359999999999999432e+00 2.013391666666666718e-05
9.380000000000000782e+00 1.961832803837952849e-05
9.400000000000000355e+00 1.911602914893616864e-05
9.419999999999999929e+00 1.862667515923566923e-05
9.439999999999999503e+00 1.814992976694915320e-05
9.460000000000000853e+00 1.768546564482029361e-05
9.480000000000000426e+00 1.723296434599156022e-05
9.500000000000000000e+00 1.679211526315789257e-05
9.519999999999999574e+00 1.636261617647058870e-05
9.539999999999999147e+00 1.594417285115304323e-05
9.560000000000000497e+00 1.553649853556485208e-05
9.580000000000000071e+00 1.513931419624217125e-05
9.599999999999999645e+00 1.475234781250000142e-05
9.619999999999999218e+00 1.437533471933471998e-05
9.640000000000000568e+00 1.400801701244813025e-05
9.660000000000000142e+00 1.365014368530020620e-05
9.679999999999999716e+00 1.330147014462810008e-05
9.699999999999999289e+00 1.296175824742268298e-05
9.720000000000000639e+00 1.263077592592592566e-05
9.740000000000000213e+00 1.230829743326488655e-05
9.759999999999999787e+00 1.199410256147540946e-05
9.779999999999999361e+00 1.168797730061349832e-05
9.800000000000000711e+00 1.138971275510203886e-05
9.820000000000000284e+00 1.109910580448065186e-05
9.839999999999999858e+00 1.081595843495934959e-05
9.859999999999999432e+00 1.054007789046653150e-05
9.880000000000000782e+00 1.027127631578947195e-05
9.900000000000000355e+00 1.000937095959595930e-05
9.919999999999999929e+00 9.754183618951613782e-06
9.939999999999999503e+00 9.505540835010061786e-06
9.960000000000000853e+00 9.263273634538151972e-06
9.980000000000000426e+00 9.027217444889778369e-06
1.000000000000000000e+01 8.797211960000001272e-06
1.001999999999999957e+01 8.573101077844311974e-06
1.003999999999999915e+01 8.354732709163346693e-06
1.006000000000000050e+01 8.141958757455267009e-06
1.008000000000000007e+01 7.934634950396824939e-06
1.009999999999999964e+01 7.732620772277226949e-06
1.011999999999999922e+01 7.535779357707510840e-06
1.014000000000000057e+01 7.343977386587769961e-06
1.016000000000000014e+01 7.157085009842518884e-06
1.017999999999999972e+01 6.974975746561886115e-06
1.019999999999999929e+01 6.797526401960785326e-06
1.022000000000000064e+01 6.624616976516634008e-06
1.024000000000000021e+01 6.456130556640624776e-06
1.025999999999999979e+01 6.291953313840155474e-06
1.027999999999999936e+01 6.131974319066147794e-06
1.030000000000000071e+01 5.976085543689320513e-06
1.032000000000000028e+01 5.824181773255813185e-06
1.033999999999999986e+01 5.676160473887814243e-06
1.035999999999999943e+01 5.531921824324324573e-06
1.038000000000000078e+01 5.391368545279383115e-06
1.040000000000000036e+01 5.254405884615384468e-06
1.041999999999999993e+01 5.120941564299424417e-06
1.043999999999999950e+01 4.990885670498084855e-06
1.046000000000000085e+01 4.864150630975143086e-06
1.048000000000000043e+01 4.740651135496183083e-06
1.050000000000000000e+01 4.620304085714285880e-06
1.051999999999999957e+01 4.503028507604563083e-06
1.053999999999999915e+01 4.388745550284630459e-06
1.056000000000000050e+01 4.277378390151515216e-06
1.058000000000000007e+01 4.168852183364838996e-06
1.059999999999999964e+01 4.063094028301886826e-06
1.061999999999999922e+01 3.960032909604520680e-06
1.064000000000000057e+01 3.859599642857142751e-06
1.066000000000000014e+01 3.761726819887429964e-06
1.067999999999999972e+01 3.666348782771535293e-06
1.069999999999999929e+01 3.573401560747663810e-06
1.072000000000000064e+01 3.482822854477611840e-06
1.074000000000000021e+01 3.394551955307262860e-06
1.075999999999999979e+01 3.308529711895911041e-06
1.077999999999999936e+01 3.224698515769944509e-06
1.080000000000000071e+01 3.143002249999999711e-06
1.082000000000000028e+01 3.063386219963031416e-06
1.083999999999999986e+01 2.985797158671586512e-06
1.085999999999999943e+01 2.910183158379373985e-06
1.088000000000000078e+01 2.836493676470588004e-06
1.090000000000000036e+01 2.764679440366972297e-06
1.091999999999999993e+01 2.694692463369963330e-06
1.093999999999999950e+01 2.626485987202925229e-06
1.096000000000000085e+01 2.560014470802919287e-06
1.098000000000000043e+01 2.495233533697631835e-06
1.100000000000000000e+01 2.432099936363636068e-06
1.101999999999999957e+01 2.370571569872958407e-06
1.103999999999999915e+01 2.310607373188405871e-06
1.106000000000000050e+01 2.252167377938517102e-06
1.108000000000000007e+01 2.195212626353790440e-06
1.109999999999999964e+01 2.139705171171171217e-06
1.111999999999999922e+01 2.085608021582733859e-06
1.114000000000000057e+01 2.032885161579892212e-06
1.116000000000000014e+01 1.981501487455197196e-06
1.117999999999999972e+01 1.931422799642218324e-06
1.119999999999999929e+01 1.882615785714285906e-06
1.122000000000000064e+01 1.835047967914438394e-06
1.124000000000000021e+01 1.788687722419928925e-06
1.125999999999999979e+01 1.743504227353463562e-06
1.127999999999999936e+01 1.699467464539007003e-06
1.130000000000000071e+01 1.656548176991150516e-06
1.132000000000000028e+01 1.614717844522968210e-06
1.133999999999999986e+01 1.573948712522045856e-06
1.135999999999999943e+01 1.534213705985915558e-06
1.138000000000000078e+01 1.495486458699472736e-06
1.140000000000000036e+01 1.457741280701754369e-06
1.141999999999999993e+01 1.420953143607705900e-06
1.143999999999999950e+01 1.385097657342657391e-06
1.146000000000000085e+01 1.350151047120418640e-06
1.148000000000000043e+01 1.316090165505226345e-06
1.150000000000000000e+01 1.282892443478260891e-06
1.151999999999999957e+01 1.250535902777777770e-06
1.153999999999999915e+01 1.218999116117850943e-06
1.156000000000000050e+01 1.188261219723183339e-06
1.158000000000000007e+01 1.158301856649395542e-06
1.159999999999999964e+01 1.129101224137931175e-06
1.161999999999999922e+01 1.100640008605851926e-06
1.164000000000000057e+01 1.072899390034364169e-06
1.166000000000000014e+01 1.045861037735849099e-06
1.167999999999999972e+01 1.019507080479451986e-06
1.169999999999999929e+01 9.938201111111111552e-07
1.172000000000000064e+01 9.687831740614334958e-07
1.174000000000000021e+01 9.443797274275979604e-07
1.175999999999999979e+01 9.205936734693878039e-07
1.177999999999999936e+01 8.974093123938879818e-07
1.180000000000000071e+01 8.748113474576269659e-07
1.182000000000000028e+01 8.527848815566835140e-07
1.183999999999999986e+01 8.313153927364864876e-07
1.185999999999999943e+01 8.103887234401349085e-07
1.188000000000000078e+01 7.899910875420875545e-07
1.190000000000000036e+01 7.701090453781512239e-07
1.191999999999999993e+01 7.507295033557047597e-07
1.193999999999999950e+01 7.318397018425460496e-07
1.196000000000000085e+01 7.134272056856186718e-07
1.198000000000000043e+01 6.954798973288814809e-07
1.200000000000000000e+01 6.779859691666666897e-07
1.201999999999999957e+01 6.609339151414309873e-07
1.203999999999999915e+01 6.443125215946844846e-07
1.206000000000000050e+01 6.281108623548921748e-07
1.208000000000000007e+01 6.123182872516556059e-07
1.209999999999999964e+01 5.969244206611570929e-07
1.211999999999999922e+01 5.819191509900990348e-07
1.214000000000000057e+01 5.672926227347611404e-07
1.216000000000000014e+01 5.530352327302631522e-07
1.217999999999999972e+01 5.391376223316912716e-07
1.219999999999999929e+01 5.255906721311475266e-07
1.222000000000000064e+01 5.123854942716857754e-07
1.224000000000000021e+01 4.995134264705882561e-07
1.225999999999999979e+01 4.869660293637846304e-07
1.227999999999999936e+01 4.747350773615635412e-07
1.230000000000000071e+01 4.628125520325202874e-07
1.232000000000000028e+01 4.511906436688311469e-07
1.233999999999999986e+01 4.398617374392220234e-07
1.235999999999999943e+01 4.288184134304207035e-07
1.238000000000000078e+01 4.180534418416801255e-07
1.240000000000000036e+01 4.075597758064515548e-07
1.241999999999999993e+01 3.973305475040257880e-07
1.243999999999999950e+01 3.873590643086817174e-07
1.246000000000000085e+01 3.776388033707864866e-07
1.248000000000000043e+01 3.681634078525640790e-07
1.250000000000000000e+01 3.589266832000000266e-07
1.251999999999999957e+01 3.499225910543131039e-07
1.253999999999999915e+01 3.411452472089314475e-07
1.256000000000000050e+01 3.325889171974521989e-07
1.258000000000000007e+01 3.242480127186009380e-07
1.259999999999999964e+01 3.161170865079365072e-07
1.261999999999999922e+01 3.081908296354992256e-07
1.264000000000000057e+01 3.004640688291139304e-07
1.266000000000000014e+01 2.929317614533965125e-07
1.267999999999999972e+01 2.855889944794953015e-07
1.269999999999999929e+01 2.784309763779527508e-07
1.272000000000000064e+01 2.714530408805031118e-07
1.274000000000000021e+01 2.646506381475667075e-07
1.275999999999999979e+01 2.580193346394984367e-07
1.277999999999999936e+01 2.515548075117370922e-07
1.280000000000000071e+01 2.452528468749999665e-07
1.282000000000000028e+01 2.391093463338533626e-07
1.283999999999999986e+01 2.331203060747663647e-07
1.285999999999999943e+01 2.272818265940902355e-07
1.288000000000000078e+01 2.215901071428571411e-07
1.290000000000000036e+01 2.160414441860465166e-07
1.291999999999999993e+01 2.106322267801857711e-07
1.293999999999999950e+01 2.053589366306028065e-07
1.296000000000000085e+01 2.002181450617283696e-07
1.298000000000000043e+01 1.952065077041602412e-07
1.300000000000000000e+01 1.903207692307692393e-07
1.301999999999999957e+01 1.855577519201228873e-07
1.303999999999999915e+01 1.809143627300613674e-07
1.306000000000000050e+01 1.763875834609494540e-07
1.308000000000000007e+01 1.719744762996941614e-07
1.309999999999999964e+01 1.676721732824427787e-07
1.311999999999999922e+01 1.634778826219512249e-07
1.314000000000000057e+01 1.593888820395738235e-07
1.316000000000000014e+01 1.554025182370820641e-07
1.317999999999999972e+01 1.515162040971168443e-07
1.319999999999999929e+01 1.477274196969696996e-07
1.322000000000000064e+01 1.440337065052950133e-07
1.324000000000000021e+01 1.404326714501510494e-07
1.325999999999999979e+01 1.369219796380090553e-07
1.327999999999999936e+01 1.334993554216867374e-07
1.330000000000000071e+01 1.301625819548872020e-07
1.332000000000000028e+01 1.269094962462462298e-07
1.333999999999999986e+01 1.237379925037481392e-07
1.335999999999999943e+01 1.206460172155688686e-07
1.338000000000000078e+01 1.176315672645739787e-07
1.340000000000000036e+01 1.146926925373134322e-07
1.341999999999999993e+01 1.118274910581222167e-07
1.343999999999999950e+01 1.090341093749999952e-07
1.346000000000000085e+01 1.063107392273402526e-07
1.348000000000000043e+01 1.036556209198812977e-07
1.350000000000000000e+01 1.010670362962962932e-07
1.351999999999999957e+01 9.854331286982249234e-08
1.353999999999999915e+01 9.608281905465288786e-08
1.356000000000000050e+01 9.368396460176990740e-08
1.358000000000000007e+01 9.134520029455080976e-08
1.359999999999999964e+01 8.906501470588235283e-08
1.361999999999999922e+01 8.684193538913362634e-08
1.364000000000000057e+01 8.467452712609970097e-08
1.366000000000000014e+01 8.256139092240116383e-08
1.367999999999999972e+01 8.050116301169591996e-08
1.369999999999999929e+01 7.849251313868614086e-08
1.372000000000000064e+01 7.653414650145772153e-08
1.374000000000000021e+01 7.462479839883551180e-08
1.375999999999999979e+01 7.276323837209302819e-08
1.377999999999999936e+01 7.094826611030479262e-08
1.380000000000000071e+01 6.917871137681160379e-08
1.382000000000000028e+01 6.745343357452966086e-08
1.383999999999999986e+01 6.577132095375722907e-08
1.385999999999999943e+01 6.413128982683983711e-08
1.388000000000000078e+01 6.253228364553314095e-08
1.390000000000000036e+01 6.097327258992805396e-08
1.391999999999999993e+01 5.945325272988505868e-08
1.393999999999999950e+01 5.797124562410330418e-08
1.396000000000000085e+01 5.652629720630372656e-08
1.398000000000000043e+01 5.511747768240343139e-08
1.400000000000000000e+01 5.374388049999999800e-08
1.401999999999999957e+01 5.240462203994294079e-08
1.403999999999999915e+01 5.109884088319088634e-08
1.406000000000000050e+01 4.982569743954481024e-08
1.408000000000000007e+01 4.858437301136363844e-08
1.409999999999999964e+01 4.737406971631206317e-08
1.411999999999999922e+01 4.619400963172805393e-08
1.414000000000000057e+01 4.504343458274399132e-08
1.416000000000000014e+01 4.392160522598869900e-08
1.417999999999999972e+01 4.282780112834978830e-08
1.419999999999999929e+01 4.176131964788732051e-08
1.422000000000000064e+01 4.072147609001406294e-08
1.424000000000000021e+01 3.970760280898875968e-08
1.425999999999999979e+01 3.871904908835904580e-08
1.427999999999999936e+01 3.775518053221289052e-08
1.430000000000000071e+01 3.681537860139860429e-08
1.432000000000000028e+01 3.589904050279329369e-08
1.433999999999999986e+01 3.500557838214783487e-08
1.435999999999999943e+01 3.413441928969359703e-08
1.438000000000000078e+01 3.328500472878998460e-08
1.440000000000000036e+01 3.245679013888888898e-08
1.441999999999999993e+01 3.164924466019417431e-08
1.443999999999999950e+01 3.086185076177285460e-08
1.446000000000000085e+01 3.009410394190871171e-08
1.448000000000000043e+01 2.934551243093922532e-08
1.450000000000000000e+01 2.861559675862069034e-08
1.451999999999999957e+01 2.790388953168044085e-08
1.453999999999999915e+01 2.720993493810178947e-08
1.456000000000000050e+01 2.653328887362637306e-08
1.458000000000000007e+01 2.587351817558299074e-08
1.459999999999999964e+01 2.523020068493150660e-08
1.461999999999999922e+01 2.460292476060191801e-08
1.464000000000000057e+01 2.399128907103825350e-08
1.466000000000000014e+01 2.339490252387448958e-08
1.467999999999999972e+01 2.281338371934604930e-08
1.469999999999999929e+01 2.224636081632652897e-08
1.472000000000000064e+01 2.169347126358695435e-08
1.474000000000000021e+01 2.115436180461329701e-08
1.475999999999999979e+01 2.062868780487804822e-08
1.477999999999999936e+01 2.011611346414073218e-08
1.480000000000000071e+01 1.961631135135134933e-08
1.482000000000000028e+01 1.912896214574898560e-08
1.483999999999999986e+01 1.865375464959568886e-08
1.485999999999999943e+01 1.819038546433378341e-08
1.488000000000000078e+01 1.773855873655913728e-08
1.490000000000000036e+01 1.729798610738255155e-08
1.491999999999999993e+01 1.686838632707774904e-08
1.493999999999999950e+01 1.644948534136546090e-08
1.496000000000000085e+01 1.604101584224598951e-08
1.498000000000000043e+01 1.564271735647530044e-08
1.500000000000000000e+01 1.525433579999999998e-08
1.501999999999999957e+01 1.487562356857523428e-08
1.503999999999999915e+01 1.450633909574468173e-08
1.506000000000000050e+01 1.414624714475431664e-08
1.508000000000000007e+01 1.379511803713527768e-08
1.509999999999999964e+01 1.345272814569536363e-08
1.511999999999999922e+01 1.311885919312169343e-08
1.514000000000000057e+01 1.279329861294583984e-08
1.516000000000000014e+01 1.247583898416886519e-08
1.517999999999999972e+01 1.216627812911725936e-08
1.519999999999999929e+01 1.186441894736842242e-08
1.522000000000000064e+01 1.157006931668856668e-08
1.524000000000000021e+01 1.128304173228346558e-08
1.525999999999999979e+01 1.100315366972477138e-08
1.527999999999999936e+01 1.073022696335078559e-08
1.530000000000000071e+01 1.046408797385620916e-08
1.532000000000000028e+01 1.020456736292428145e-08
1.533999999999999986e+01 9.951500130378096994e-09
1.535999999999999943e+01 9.704725325520834693e-09
1.538000000000000078e+01 9.464085955786736870e-09
1.540000000000000036e+01 9.229429220779219320e-09
1.541999999999999993e+01 9.000605771725033447e-09
1.543999999999999950e+01 8.777470272020725773e-09
1.546000000000000085e+01 8.559880918499352073e-09
1.548000000000000043e+01 8.347699483204133930e-09
1.550000000000000000e+01 8.140791161290324173e-09
1.551999999999999957e+01 7.939024548969072761e-09
1.553999999999999915e+01 7.742271557271558299e-09
1.556000000000000050e+01 7.550407133676093235e-09
1.558000000000000007e+01 7.363309563543004387e-09
1.559999999999999964e+01 7.180860064102564183e-09
1.561999999999999922e+01 7.002942893725992950e-09
1.564000000000000057e+01 6.829445012787723287e-09
1.566000000000000014e+01 6.660256513409961373e-09
1.567999999999999972e+01 6.495269961734693983e-09
1.569999999999999929e+01 6.334380700636943562e-09
1.572000000000000064e+01 6.177486736641221015e-09
1.574000000000000021e+01 6.024488583227445781e-09
1.575999999999999979e+01 5.875289219543147036e-09
1.577999999999999936e+01 5.729794087452472044e-09
1.580000000000000071e+01 5.587910955696202151e-09
1.582000000000000028e+01 5.449549911504424272e-09
1.583999999999999986e+01 5.314623289141414618e-09
1.585999999999999943e+01 5.183045611601512957e-09
1.588000000000000078e+01 5.054733526448362093e-09
1.590000000000000036e+01 4.929605773584905520e-09
1.591999999999999993e+01 4.807583109296482948e-09
1.593999999999999950e+01 4.688588268506900722e-09
1.596000000000000085e+01 4.572545933583960346e-09
1.598000000000000043e+01 4.459382640801001313e-09
1.600000000000000000e+01 4.349026774999999617e-09
1.601999999999999957e+01 4.241408495630462333e-09
1.603999999999999915e+01 4.136459725685785169e-09
1.605999999999999872e+01 4.034114059775841221e-09
1.607999999999999829e+01 3.934306766169154238e-09
1.610000000000000142e+01 3.836974720496893775e-09
1.612000000000000099e+01 3.742056383374689075e-09
1.614000000000000057e+01 3.649491728624535159e-09
1.616000000000000014e+01 3.559222252475247751e-09
1.617999999999999972e+01 3.471190883807169158e-09
1.619999999999999929e+01 3.385342000000000447e-09
1.621999999999999886e+01 3.301621350184957208e-09
1.623999999999999844e+01 3.219976034482759101e-09
1.626000000000000156e+01 3.140354477244772137e-09
1.628000000000000114e+01 3.062706382063881873e-09
1.630000000000000071e+01 2.986982717791410887e-09
1.632000000000000028e+01 2.913135661764706121e-09
1.633999999999999986e+01 2.841118592411260367e-09
1.635999999999999943e+01 2.770886045232274171e-09
1.637999999999999901e+01 2.702393681318681475e-09
1.639999999999999858e+01 2.635598286585366079e-09
1.642000000000000171e+01 2.570457704019488067e-09
1.644000000000000128e+01 2.506930827250608314e-09
1.646000000000000085e+01 2.444977594167678984e-09
1.648000000000000043e+01 2.384558913834951789e-09
1.650000000000000000e+01 2.325636690909091123e-09
1.651999999999999957e+01 2.268173759079903259e-09
1.653999999999999915e+01 2.212133893591294017e-09
1.655999999999999872e+01 2.157481757246376809e-09
1.657999999999999829e+01 2.104182907117008803e-09
1.660000000000000142e+01 2.052203746987951628e-09
1.662000000000000099e+01 2.001511528279181472e-09
1.664000000000000057e+01 1.952074296874999727e-09
1.666000000000000014e+01 1.903860912364945974e-09
1.667999999999999972e+01 1.856841007194244847e-09
1.669999999999999929e+01 1.810984958083832445e-09
1.671999999999999886e+01 1.766263893540669910e-09
1.673999999999999844e+01 1.722649653524492238e-09
1.676000000000000156e+01 1.680114773269689506e-09
1.678000000000000114e+01 1.638632479141835519e-09
1.680000000000000071e+01 1.598176654761904586e-09
1.682000000000000028e+01 1.558721848989298347e-09
1.683999999999999986e+01 1.520243230403800449e-09
1.685999999999999943e+01 1.482716583629893200e-09
1.687999999999999901e+01 1.446118299763033271e-09
1.689999999999999858e+01 1.410425366863905502e-09
1.692000000000000171e+01 1.375615325059101445e-09
1.694000000000000128e+01 1.341666292798110885e-09
1.696000000000000085e+01 1.308556916273584850e-09
1.698000000000000043e+01 1.276266378091872773e-09
1.700000000000000000e+01 1.244774388235294067e-09
1.701999999999999957e+01 1.214061145710928315e-09
1.703999999999999915e+01 1.184107341549295740e-09
1.705999999999999872e+01 1.154894167643610895e-09
1.707999999999999829e+01 1.126403261124121912e-09
1.710000000000000142e+01 1.098616719298245555e-09
1.712000000000000099e+01 1.071517096962616720e-09
1.714000000000000057e+01 1.045087368728121327e-09
1.716000000000000014e+01 1.019310932400932545e-09
1.717999999999999972e+01 9.941716065192082939e-10
1.719999999999999929e+01 9.696536104651164305e-10
1.721999999999999886e+01 9.457415447154472221e-10
1.723999999999999844e+01 9.224204118329466984e-10
1.726000000000000156e+01 8.996755619930474426e-10
1.728000000000000114e+01 8.774927314814813022e-10
1.730000000000000071e+01 8.558579942196531559e-10
1.732000000000000028e+01 8.347577829099306695e-10
1.733999999999999986e+01 8.141788581314878803e-10
1.735999999999999943e+01 7.941083179723502827e-10
1.737999999999999901e+01 7.745335673187572130e-10
1.739999999999999858e+01 7.554423333333334178e-10
1.742000000000000171e+01 7.368226463834671645e-10
1.744000000000000128e+01 7.186628325688072936e-10
1.746000000000000085e+01 7.009515120274913871e-10
1.748000000000000043e+01 6.836775800915332574e-10
1.750000000000000000e+01 6.668302114285713857e-10
1.751999999999999957e+01 6.503988470319634586e-10
1.753999999999999915e+01 6.343731984036488881e-10
1.755999999999999872e+01 6.187432232346241778e-10
1.757999999999999829e+01 6.034991240045506518e-10
1.760000000000000142e+01 5.886313636363635441e-10
1.762000000000000099e+01 5.741306242905788401e-10
1.764000000000000057e+01 5.599878248299319517e-10
1.766000000000000014e+01 5.461941149490373833e-10
1.767999999999999972e+01 5.327408569004524684e-10
1.769999999999999929e+01 5.196196299435028575e-10
1.771999999999999886e+01 5.068222217832957053e-10
1.773999999999999844e+01 4.943406228861330829e-10
1.776000000000000156e+01 4.821670230855855809e-10
1.778000000000000114e+01 4.702938065241844304e-10
1.780000000000000071e+01 4.587135443820224467e-10
1.782000000000000028e+01 4.474189932659932883e-10
1.783999999999999986e+01 4.364030891255605171e-10
1.785999999999999943e+01 4.256589423292273739e-10
1.787999999999999901e+01 4.151798344519015922e-10
1.789999999999999858e+01 4.049592139664804591e-10
1.792000000000000171e+01 3.949906914062499726e-10
1.794000000000000128e+01 3.852680345596432546e-10
1.796000000000000085e+01 3.757851670378618764e-10
1.798000000000000043e+01 3.665361624026696120e-10
1.800000000000000000e+01 3.575152411111110966e-10
1.801999999999999957e+01 3.487167669256381821e-10
1.803999999999999915e+01 3.401352422394678641e-10
1.805999999999999872e+01 3.317653073089701507e-10
1.807999999999999829e+01 3.236017339601770229e-10
1.810000000000000142e+01 3.156394232044198440e-10
1.812000000000000099e+01 3.078734034216335251e-10
1.814000000000000057e+01 3.002988252480705608e-10
1.816000000000000014e+01 2.929109598017621448e-10
1.817999999999999972e+01 2.857051952695269668e-10
1.819999999999999929e+01 2.786770329670329758e-10
1.821999999999999886e+01 2.718220878155872829e-10
1.823999999999999844e+01 2.651360805921052792e-10
1.826000000000000156e+01 2.586148406352683013e-10
1.828000000000000114e+01 2.522542981400437659e-10
1.830000000000000071e+01 2.460504857923497252e-10
1.832000000000000028e+01 2.399995332969432159e-10
1.833999999999999986e+01 2.340976668484187670e-10
1.835999999999999943e+01 2.283412053376906182e-10
1.837999999999999901e+01 2.227265598476604933e-10
1.839999999999999858e+01 2.172502293478260831e-10
1.842000000000000171e+01 2.119087991313789316e-10
1.844000000000000128e+01 2.066989403470715463e-10
1.846000000000000085e+01 2.016174046587215567e-10
1.848000000000000043e+01 1.966610254329004367e-10
1.850000000000000000e+01 1.918267140540540571e-10
1.851999999999999957e+01 1.871114584233261338e-10
1.853999999999999915e+01 1.825123203883495296e-10
1.855999999999999872e+01 1.780264348060344909e-10
1.857999999999999829e+01 1.736510075349838521e-10
1.860000000000000142e+01 1.693833129032257948e-10
1.862000000000000099e+01 1.652206933404940925e-10
1.864000000000000057e+01 1.611605563304720966e-10
1.866000000000000014e+01 1.572003745980707438e-10
1.867999999999999972e+01 1.533376825481798590e-10
1.869999999999999929e+01 1.495700743315508023e-10
1.871999999999999886e+01 1.458952061965811980e-10
1.873999999999999844e+01 1.423107902881536927e-10
1.876000000000000156e+01 1.388145959488272731e-10
1.878000000000000114e+01 1.354044472843450228e-10
1.880000000000000071e+01 1.320782228723404272e-10
1.882000000000000028e+01 1.288338538788522886e-10
1.883999999999999986e+01 1.256693211252653947e-10
1.885999999999999943e+01 1.225826564156946149e-10
1.887999999999999901e+01 1.195719401483050980e-10
1.889999999999999858e+01 1.166353005291005455e-10
1.892000000000000171e+01 1.137709106765327672e-10
1.894000000000000128e+01 1.109769899683209940e-10
1.896000000000000085e+01 1.082518016877637020e-10
1.898000000000000043e+01 1.055936517386722885e-10
1.900000000000000000e+01 1.030008873684210568e-10
1.901999999999999957e+01 1.004718974763406859e-10
1.903999999999999915e+01 9.800511081932773525e-11
1.905999999999999872e+01 9.559899370409234247e-11
1.907999999999999829e+01 9.325205188679245861e-11
1.910000000000000142e+01 9.096282722513087676e-11
1.912000000000000099e+01 8.872989748953975425e-11
1.914000000000000057e+01 8.655187565308254315e-11
1.916000000000000014e+01 8.442740918580374858e-11
1.917999999999999972e+01 8.235517883211679562e-11
1.919999999999999929e+01 8.033389739583333913e-11
1.921999999999999886e+01 7.836231061394380690e-11
1.923999999999999844e+01 7.643919386694387210e-11
1.926000000000000156e+01 7.456335410176531297e-11
1.928000000000000114e+01 7.273362551867218664e-11
1.930000000000000071e+01 7.094887409326424639e-11
1.932000000000000028e+01 6.920799120082815291e-11
1.933999999999999986e+01 6.750989710444674535e-11
1.935999999999999943e+01 6.585353822314049829e-11
1.937999999999999901e+01 6.423788648090816158e-11
1.939999999999999858e+01 6.266194020618557461e-11
1.942000000000000171e+01 6.112472142121524046e-11
1.944000000000000128e+01 5.962527674897118190e-11
1.946000000000000085e+01 5.816267625899279881e-11
1.948000000000000043e+01 5.673601334702258622e-11
1.950000000000000000e+01 5.534440307692308112e-11
1.951999999999999957e+01 5.398698258196721277e-11
1.953999999999999915e+01 5.266291044012282419e-11
1.955999999999999872e+01 5.137136656441717795e-11
1.957999999999999829e+01 5.011154928498468276e-11
1.960000000000000142e+01 4.888267862244896963e-11
1.962000000000000099e+01 4.768399286442405229e-11
1.964000000000000057e+01 4.651474923625254525e-11
1.966000000000000014e+01 4.537422329603255015e-11
1.967999999999999972e+01 4.426170848577235611e-11
1.969999999999999929e+01 4.317651563451776690e-11
1.971999999999999886e+01 4.211797251521298393e-11
1.973999999999999844e+01 4.108542360688956642e-11
1.976000000000000156e+01 4.007822945344129374e-11
1.978000000000000114e+01 3.909576632962588219e-11
1.980000000000000071e+01 3.813742595959595980e-11
1.982000000000000028e+01 3.720261498486377296e-11
1.983999999999999986e+01 3.629075468749999971e-11
1.985999999999999943e+01 3.540128071500503812e-11
1.987999999999999901e+01 3.453364240442656499e-11
1.989999999999999858e+01 3.368730286432161215e-11
1.992000000000000171e+01 3.286173835341365195e-11
1.994000000000000128e+01 3.205643801404212350e-11
1.996000000000000085e+01 3.127090360721442740e-11
1.998000000000000043e+01 3.050464909909909365e-11
2.000000000000000000e+01 2.975720054999999715e-11
2.001999999999999957e+01 2.902809560439560683e-11
2.003999999999999915e+01 2.831688328343313570e-11
2.005999999999999872e+01 2.762312377866400793e-11
2.007999999999999829e+01 2.694638804780876820e-11
2.010000000000000142e+01 2.628625766169153897e-11
2.012000000000000099e+01 2.564232450298210799e-11
2.014000000000000057e+01 2.501419041708043459e-11
2.016000000000000014e+01 2.440146721230158594e-11
2.017999999999999972e+01 2.380377606541129723e-11
2.019999999999999929e+01 2.322074762376237890e-11
2.021999999999999886e+01 2.265202156280910134e-11
2.023999999999999844e+01 2.209724649209486125e-11
2.026000000000000156e+01 2.155607951628825223e-11
2.028000000000000114e+01 2.102818639053254371e-11
2.030000000000000071e+01 2.051324088669950652e-11
2.032000000000000028e+01 2.001092499999999816e-11
2.033999999999999986e+01 1.952092846607669668e-11
2.035999999999999943e+01 1.904294857563850885e-11
2.037999999999999901e+01 1.857669018645731277e-11
2.039999999999999858e+01 1.812186539215686284e-11
2.042000000000000171e+01 1.767819338883447513e-11
2.044000000000000128e+01 1.724540019569471486e-11
2.046000000000000085e+01 1.682321862170087969e-11
2.048000000000000043e+01 1.641138808593750118e-11
2.050000000000000000e+01 1.600965439024390133e-11
2.051999999999999957e+01 1.561776959064327398e-11
2.053999999999999915e+01 1.523549182083739288e-11
2.055999999999999872e+01 1.486258521400778390e-11
2.057999999999999829e+01 1.449881967930029352e-11
2.060000000000000142e+01 1.414397067961164778e-11
2.062000000000000099e+01 1.379781944713869820e-11
2.064000000000000057e+01 1.346015232558139597e-11
2.066000000000000014e+01 1.313076113262342570e-11
2.067999999999999972e+01 1.280944264990328965e-11
2.069999999999999929e+01 1.249599874396135146e-11
2.071999999999999886e+01 1.219023610038610042e-11
2.073999999999999844e+01 1.189196620057859476e-11
2.076000000000000156e+01 1.160100515414258118e-11
2.078000000000000114e+01 1.131717353224254015e-11
2.080000000000000071e+01 1.104029639423076870e-11
2.082000000000000028e+01 1.077020312199807803e-11
2.083999999999999986e+01 1.050672715930902152e-11
2.085999999999999943e+01 1.024970613614573302e-11
2.087999999999999901e+01 9.998981704980843464e-12
2.089999999999999858e+01 9.754399377990430136e-12
2.092000000000000171e+01 9.515808365200763971e-12
2.094000000000000128e+01 9.283061795606494050e-12
2.096000000000000085e+01 9.056016173664121720e-12
2.098000000000000043e+01 8.834531744518589646e-12
2.100000000000000000e+01 8.618472000000000074e-12
2.101999999999999957e+01 8.407703853472883078e-12
2.103999999999999915e+01 8.202097623574145602e-12
2.105999999999999872e+01 8.001526590693259047e-12
2.107999999999999829e+01 7.805867267552183481e-12
2.110000000000000142e+01 7.614999241706161039e-12
2.112000000000000099e+01 7.428804924242423351e-12
2.114000000000000057e+01 7.247169772942289249e-12
2.116000000000000014e+01 7.069981947069943352e-12
2.117999999999999972e+01 6.897132389046270651e-12
2.119999999999999929e+01 6.728514716981132897e-12
2.121999999999999886e+01 6.564025212064090675e-12
2.123999999999999844e+01 6.403562570621469780e-12
2.126000000000000156e+01 6.247028080903103748e-12
2.128000000000000114e+01 6.094325469924811699e-12
2.130000000000000071e+01 5.945360798122065831e-12
2.132000000000000028e+01 5.800042401500938371e-12
2.133999999999999986e+01 5.658280880974695776e-12
2.135999999999999943e+01 5.519989091760299705e-12
2.137999999999999901e+01 5.385081945743686245e-12
2.139999999999999858e+01 5.253476542056075642e-12
2.142000000000000171e+01 5.125091830065358993e-12
2.144000000000000128e+01 4.999848973880596591e-12
2.146000000000000085e+01 4.877670969245106481e-12
2.148000000000000043e+01 4.758482681564245701e-12
2.150000000000000000e+01 4.642210818604651821e-12
2.151999999999999957e+01 4.528783945167286404e-12
2.153999999999999915e+01 4.418132335190343722e-12
2.155999999999999872e+01 4.310187991651206595e-12
2.157999999999999829e+01 4.204884573679333014e-12
2.160000000000000142e+01 4.102157379629629379e-12
2.162000000000000099e+01 4.001943283996299699e-12
2.164000000000000057e+01 3.904180725508317476e-12
2.166000000000000014e+01 3.808809635272391298e-12
2.167999999999999972e+01 3.715771429889298643e-12
2.169999999999999929e+01 3.625008967741935556e-12
2.171999999999999886e+01 3.536466500920810525e-12
2.173999999999999844e+01 3.450089645814167715e-12
2.176000000000000156e+01 3.365825358455882235e-12
2.178000000000000114e+01 3.283621905417814488e-12
2.180000000000000071e+01 3.203428802752293165e-12
2.182000000000000028e+01 3.125196814848762618e-12
2.183999999999999986e+01 3.048877921245420983e-12
2.185999999999999943e+01 2.974425269899359559e-12
2.187999999999999901e+01 2.901793153564899739e-12
2.189999999999999858e+01 2.830937000000000340e-12
2.192000000000000171e+01 2.761813321167883282e-12
2.194000000000000128e+01 2.694379690063810258e-12
2.196000000000000085e+01 2.628594735883424247e-12
2.198000000000000043e+01 2.564418089171974557e-12
2.200000000000000000e+01 2.501810372727272834e-12
2.201999999999999957e+01 2.440733178928246859e-12
2.203999999999999915e+01 2.381149038112522858e-12
2.205999999999999872e+01 2.323021405258386277e-12
2.207999999999999829e+01 2.266314619565217497e-12
2.210000000000000142e+01 2.210993909502262210e-12
2.212000000000000099e+01 2.157025339059674372e-12
2.214000000000000057e+01 2.104375822041553783e-12
2.216000000000000014e+01 2.053013068592057685e-12
2.217999999999999972e+01 2.002905586113615680e-12
2.219999999999999929e+01 1.954022657657657744e-12
2.221999999999999886e+01 1.906334315931593185e-12
2.223999999999999844e+01 1.859811321942446304e-12
2.226000000000000156e+01 1.814425161725067282e-12
2.228000000000000114e+01 1.770148020646319584e-12
2.230000000000000071e+01 1.726952757847533557e-12
2.232000000000000028e+01 1.684812903225806505e-12
2.233999999999999986e+01 1.643702632050134329e-12
2.235999999999999943e+01 1.603596762075134412e-12
2.237999999999999901e+01 1.564470714924039360e-12
2.239999999999999858e+01 1.526300517857143110e-12
2.242000000000000171e+01 1.489062792149866276e-12
2.244000000000000128e+01 1.452734723707664702e-12
2.246000000000000085e+01 1.417294065004452312e-12
2.248000000000000043e+01 1.382719105871886047e-12
2.250000000000000000e+01 1.348988671111111055e-12
2.251999999999999957e+01 1.316082104795737104e-12
2.253999999999999915e+01 1.283979259094942438e-12
2.255999999999999872e+01 1.252660474290780177e-12
2.257999999999999829e+01 1.222106581045172809e-12
2.260000000000000142e+01 1.192298867256637114e-12
2.262000000000000099e+01 1.163219084880636507e-12
2.264000000000000057e+01 1.134849439045936380e-12
2.266000000000000014e+01 1.107172563989408650e-12
2.267999999999999972e+01 1.080171512345679011e-12
2.269999999999999929e+01 1.053829770925110227e-12
2.271999999999999886e+01 1.028131210387324044e-12
2.273999999999999844e+01 1.003060109938434530e-12
2.276000000000000156e+01 9.786011291739894526e-13
2.278000000000000114e+01 9.547393020193151177e-13
2.280000000000000071e+01 9.314600307017543120e-13
2.282000000000000028e+01 9.087490709903593241e-13
2.283999999999999986e+01 8.865925350262697405e-13
2.285999999999999943e+01 8.649768678915135757e-13
2.287999999999999901e+01 8.438888548951049128e-13
2.289999999999999858e+01 8.233155895196506733e-13
2.292000000000000171e+01 8.032444938917975457e-13
2.294000000000000128e+01 7.836632955536180483e-13
2.296000000000000085e+01 7.645600261324041395e-13
2.298000000000000043e+01 7.459229939077457539e-13
2.300000000000000000e+01 7.277408173913044027e-13
2.301999999999999957e+01 7.100023761946133537e-13
2.303999999999999915e+01 6.926968229166667177e-13
2.305999999999999872e+01 6.758135862966175803e-13
2.307999999999999829e+01 6.593423396880416894e-13
2.310000000000000142e+01 6.432730259740259455e-13
2.312000000000000099e+01 6.275958174740483397e-13
2.314000000000000057e+01 6.123011365600691532e-13
2.316000000000000014e+01 5.973796373056994119e-13
2.317999999999999972e+01 5.828222044866264230e-13
2.319999999999999929e+01 5.686199396551724548e-13
2.321999999999999886e+01 5.547641731266150789e-13
2.323999999999999844e+01 5.412464328743546231e-13
2.326000000000000156e+01 5.280584651762682466e-13
2.328000000000000114e+01 5.151922164948453563e-13
2.330000000000000071e+01 5.026398283261802494e-13
2.332000000000000028e+01 4.903936363636363726e-13
2.333999999999999986e+01 4.784461568123393812e-13
2.335999999999999943e+01 4.667900941780822509e-13
2.337999999999999901e+01 4.554183361847733766e-13
2.339999999999999858e+01 4.443239401709402173e-13
2.342000000000000171e+01 4.335001280956447251e-13
2.344000000000000128e+01 4.229402947952217982e-13
2.346000000000000085e+01 4.126379936061380744e-13
2.348000000000000043e+01 4.025869365417376684e-13
2.350000000000000000e+01 3.927809885106382895e-13
2.351999999999999957e+01 3.832141645408163516e-13
2.353999999999999915e+01 3.738806270178420018e-13
2.355999999999999872e+01 3.647746795415959171e-13
2.357999999999999829e+01 3.558907663273960943e-13
2.360000000000000142e+01 3.472234661016949277e-13
2.362000000000000099e+01 3.387674911092294756e-13
2.364000000000000057e+01 3.305176823181049062e-13
2.366000000000000014e+01 3.224690071851225531e-13
2.367999999999999972e+01 3.146165561655405454e-13
2.369999999999999929e+01 3.069555392405063359e-13
2.371999999999999886e+01 2.994812841483979874e-13
2.373999999999999844e+01 2.921892316764953644e-13
2.376000000000000156e+01 2.850749356060606212e-13
2.378000000000000114e+01 2.781340571909167010e-13
2.380000000000000071e+01 2.713623638655462145e-13
2.382000000000000028e+01 2.647557275398824367e-13
2.383999999999999986e+01 2.583101195469798918e-13
2.385999999999999943e+01 2.520216102263202011e-13
2.387999999999999901e+01 2.458863659966499143e-13
2.389999999999999858e+01 2.399006476987447509e-13
2.392000000000000171e+01 2.340608060200668878e-13
2.394000000000000128e+01 2.283632815371762416e-13
2.396000000000000085e+01 2.228046022537562440e-13
2.398000000000000043e+01 2.173813807339449605e-13
2.400000000000000000e+01 2.120903112500000009e-13
2.401999999999999957e+01 2.069281706910907686e-13
2.403999999999999915e+01 2.018918128119800207e-13
2.405999999999999872e+01 1.969781699916874493e-13
2.407999999999999829e+01 1.921842479235880677e-13
2.410000000000000142e+01 1.875071265560165812e-13
2.412000000000000099e+01 1.829439568822553929e-13
2.414000000000000057e+01 1.784919589892294983e-13
2.416000000000000014e+01 1.741484213576158872e-13
2.417999999999999972e+01 1.699106985111662590e-13
2.419999999999999929e+01 1.657762095041322482e-13
2.421999999999999886e+01 1.617424372419488243e-13
2.423999999999999844e+01 1.578069245049505061e-13
2.426000000000000156e+01 1.539672757625721384e-13
2.428000000000000114e+01 1.502211523887973644e-13
2.430000000000000071e+01 1.465662740740740666e-13
2.432000000000000028e+01 1.430004161184210449e-13
2.433999999999999986e+01 1.395214071487263831e-13
2.435999999999999943e+01 1.361271297208538525e-13
2.437999999999999901e+01 1.328155180475799955e-13
2.439999999999999858e+01 1.295845561475409977e-13
2.442000000000000171e+01 1.264322776412776367e-13
2.444000000000000128e+01 1.233567647299508866e-13
2.446000000000000085e+01 1.203561451349141578e-13
2.448000000000000043e+01 1.174285931372549111e-13
2.450000000000000000e+01 1.145723277551020527e-13
2.451999999999999957e+01 1.117856113376835327e-13
2.453999999999999915e+01 1.090667477587612118e-13
2.455999999999999872e+01 1.064140834690553828e-13
2.457999999999999829e+01 1.038260048820179039e-13
2.460000000000000142e+01 1.013009373983739839e-13
2.462000000000000099e+01 9.883734565393988198e-14
2.464000000000000057e+01 9.643373051948051569e-14
2.466000000000000014e+01 9.408863098134631109e-14
2.467999999999999972e+01 9.180062034035657409e-14
2.469999999999999929e+01 8.956830769230768695e-14
2.471999999999999886e+01 8.739033535598706778e-14
2.473999999999999844e+01 8.526537914308811399e-14
2.476000000000000156e+01 8.319214701130856253e-14
2.478000000000000114e+01 8.116937853107343721e-14
2.480000000000000071e+01 7.919584395161290969e-14
2.482000000000000028e+01 7.727034367445608412e-14
2.483999999999999986e+01 7.539170772946859937e-14
2.485999999999999943e+01 7.355879364440868529e-14
2.487999999999999901e+01 7.177048754019292744e-14
2.489999999999999858e+01 7.002570240963855170e-14
2.492000000000000171e+01 6.832337841091492264e-14
2.494000000000000128e+01 6.666248115477144714e-14
2.496000000000000085e+01 6.504200080128205602e-14
2.498000000000000043e+01 6.346095276220977037e-14
2.500000000000000000e+01 6.191837680000000467e-14
2.501999999999999957e+01 6.041333573141487137e-14
2.503999999999999915e+01 5.894491533546325561e-14
2.505999999999999872e+01 5.751222306464485068e-14
2.507999999999999829e+01 5.611438915470494989e-14
2.510000000000000142e+01 5.475056454183267173e-14
2.512000000000000099e+01 5.341992038216559953e-14
2.514000000000000057e+01 5.212164916467780255e-14
2.516000000000000014e+01 5.085496224165341649e-14
2.517999999999999972e+01 4.961909015091342106e-14
2.519999999999999929e+01 4.841328253968254147e-14
2.521999999999999886e+01 4.723680769230769082e-14
2.523999999999999844e+01 4.608895087163233333e-14
2.526000000000000156e+01 4.496901504354711354e-14
2.528000000000000114e+01 4.387632080696201742e-14
2.530000000000000071e+01 4.281020434782608763e-14
2.532000000000000028e+01 4.177001895734596708e-14
2.533999999999999986e+01 4.075513259668508064e-14
2.535999999999999943e+01 3.976493020504731649e-14
2.537999999999999901e+01 3.879880992907801789e-14
2.539999999999999858e+01 3.785618594488189832e-14
2.542000000000000171e+01 3.693648603461840345e-14
2.544000000000000128e+01 3.603915216194969014e-14
2.546000000000000085e+01 3.516363986645718270e-14
2.548000000000000043e+01 3.430941781789638731e-14
2.550000000000000000e+01 3.347596784313725556e-14
2.551999999999999957e+01 3.266278428683385808e-14
2.553999999999999915e+01 3.186937376664056791e-14
2.555999999999999872e+01 3.109525504694835986e-14
2.557999999999999829e+01 3.033995852228304031e-14
2.560000000000000142e+01 2.960302605468749755e-14
2.562000000000000099e+01 2.888401069476971298e-14
2.564000000000000057e+01 2.818247640405616049e-14
2.566000000000000014e+01 2.749799766173031942e-14
2.567999999999999972e+01 2.683015942367601354e-14
2.569999999999999929e+01 2.617855673151751095e-14
2.571999999999999886e+01 2.554279444012441860e-14
2.573999999999999844e+01 2.492248714063714061e-14
2.576000000000000156e+01 2.431725865683229638e-14
2.578000000000000114e+01 2.372674212567881705e-14
2.580000000000000071e+01 2.315057953488372039e-14
2.582000000000000028e+01 2.258842161115414457e-14
2.583999999999999986e+01 2.203992759287925909e-14
2.585999999999999943e+01 2.150476508120649676e-14
2.587999999999999901e+01 2.098260962132921450e-14
2.589999999999999858e+01 2.047314482625482638e-14
2.592000000000000171e+01 1.997606192129629359e-14
2.594000000000000128e+01 1.949105967617578780e-14
2.596000000000000085e+01 1.901784418335901455e-14
2.598000000000000043e+01 1.855612871439569062e-14
2.600000000000000000e+01 1.810563349999999850e-14
2.601999999999999957e+01 1.766608562644120064e-14
2.603999999999999915e+01 1.723721874039938756e-14
2.605999999999999872e+01 1.681877310053722176e-14
2.607999999999999829e+01 1.641049516871165801e-14
2.610000000000000142e+01 1.601213770114942351e-14
2.612000000000000099e+01 1.562345930321592656e-14
2.614000000000000057e+01 1.524422463657230449e-14
2.616000000000000014e+01 1.487420401376146812e-14
2.617999999999999972e+01 1.451317330022918235e-14
2.619999999999999929e+01 1.416091389312977180e-14
2.621999999999999886e+01 1.381721247139588296e-14
2.623999999999999844e+01 1.348186093750000114e-14
2.626000000000000156e+01 1.315465616907844535e-14
2.628000000000000114e+01 1.283540015220700113e-14
2.630000000000000071e+01 1.252389954372623490e-14
2.632000000000000028e+01 1.221996572948328233e-14
2.633999999999999986e+01 1.192341480637813304e-14
2.635999999999999943e+01 1.163406718512898255e-14
2.637999999999999901e+01 1.135174776345716509e-14
2.639999999999999858e+01 1.107628564393939462e-14
2.642000000000000171e+01 1.080751408024223988e-14
2.644000000000000128e+01 1.054527046142208684e-14
2.646000000000000085e+01 1.028939603174603105e-14
2.648000000000000043e+01 1.003973598942598147e-14
2.650000000000000000e+01 9.796139245283019629e-15
2.651999999999999957e+01 9.558458371040722709e-15
2.653999999999999915e+01 9.326549623210249860e-15
2.655999999999999872e+01 9.100272628012048608e-15
2.657999999999999829e+01 8.879490519187359035e-15
2.660000000000000142e+01 8.664069699248119756e-15
2.662000000000000099e+01 8.453879864763336252e-15
2.664000000000000057e+01 8.248793918918918747e-15
2.666000000000000014e+01 8.048687734433608768e-15
2.667999999999999972e+01 7.853440329835082328e-15
2.669999999999999929e+01 7.662933595505619018e-15
2.671999999999999886e+01 7.477052320359281038e-15
2.673999999999999844e+01 7.295684106207928575e-15
2.676000000000000156e+01 7.118719245142002826e-15
2.678000000000000114e+01 6.946050746825989745e-15
2.680000000000000071e+01 6.777574179104477449e-15
2.682000000000000028e+01 6.613187733035048555e-15
2.683999999999999986e+01 6.452791952309985224e-15
2.685999999999999943e+01 6.296289910647803521e-15
2.687999999999999901e+01 6.143586941964286397e-15
2.689999999999999858e+01 5.994590817843867329e-15
2.692000000000000171e+01 5.849211404160475278e-15
2.694000000000000128e+01 5.707360876020786361e-15
2.696000000000000085e+01 5.568953412462908230e-15
2.698000000000000043e+01 5.433905448480354927e-15
2.700000000000000000e+01 5.302135333333333196e-15
2.701999999999999957e+01 5.173563434492968894e-15
2.703999999999999915e+01 5.048112056213017536e-15
2.705999999999999872e+01 4.925705395417590782e-15
2.707999999999999829e+01 4.806269460856721085e-15
2.710000000000000142e+01 4.689732103321032822e-15
2.712000000000000099e+01 4.576022898230088822e-15
2.714000000000000057e+01 4.465073176123802585e-15
2.716000000000000014e+01 4.356815905743740833e-15
2.717999999999999972e+01 4.251185651214128280e-15
2.719999999999999929e+01 4.148118639705882177e-15
2.721999999999999886e+01 4.047552608376194111e-15
2.723999999999999844e+01 3.949426835535977088e-15
2.726000000000000156e+01 3.853681988261188427e-15
2.728000000000000114e+01 3.760260300586510228e-15
2.730000000000000071e+01 3.669105311355311385e-15
2.732000000000000028e+01 3.580162005856515011e-15
2.733999999999999986e+01 3.493376656912948045e-15
2.735999999999999943e+01 3.408696864035087551e-15
2.737999999999999901e+01 3.326071497443389127e-15
2.739999999999999858e+01 3.245450664233576853e-15
2.742000000000000171e+01 3.166785689277899129e-15
2.744000000000000128e+01 3.090029085276967889e-15
2.746000000000000085e+01 3.015134508375819138e-15
2.748000000000000043e+01 2.942056754002911092e-15
2.750000000000000000e+01 2.870751698181818048e-15
2.751999999999999957e+01 2.801176311773256138e-15
2.753999999999999915e+01 2.733288591140159742e-15
2.755999999999999872e+01 2.667047565312046814e-15
2.757999999999999829e+01 2.602413255982596293e-15
2.760000000000000142e+01 2.539346659420289733e-15
2.762000000000000099e+01 2.477809710354815020e-15
2.764000000000000057e+01 2.417765274963820376e-15
2.766000000000000014e+01 2.359177125813448845e-15
2.767999999999999972e+01 2.302009909682080895e-15
2.769999999999999929e+01 2.246229133574007277e-15
2.771999999999999886e+01 2.191801139971139948e-15
2.773999999999999844e+01 2.138693096611391857e-15
2.776000000000000156e+01 2.086872964697406551e-15
2.778000000000000114e+01 2.036309481641468324e-15
2.780000000000000071e+01 1.986972143884891891e-15
2.782000000000000028e+01 1.938831196980589301e-15
2.783999999999999986e+01 1.891857600574712758e-15
2.785999999999999943e+01 1.846023022254128046e-15
2.787999999999999901e+01 1.801299817073170573e-15
2.789999999999999858e+01 1.757661021505376424e-15
2.792000000000000171e+01 1.715080308022922482e-15
2.794000000000000128e+01 1.673532007874015554e-15
2.796000000000000085e+01 1.632991062231759625e-15
2.798000000000000043e+01 1.593433027162258657e-15
2.800000000000000000e+01 1.554834053571428440e-15
2.801999999999999957e+01 1.517170863668808070e-15
2.803999999999999915e+01 1.480420756062767577e-15
2.805999999999999872e+01 1.444561575196008724e-15
2.807999999999999829e+01 1.409571698717948814e-15
2.810000000000000142e+01 1.375430039145907339e-15
2.812000000000000099e+01 1.342116013513513436e-15
2.814000000000000057e+01 1.309609545131485440e-15
2.816000000000000014e+01 1.277891036931818155e-15
2.817999999999999972e+01 1.246941376863023467e-15
2.819999999999999929e+01 1.216741907801418406e-15
2.821999999999999886e+01 1.187274433026222539e-15
2.823999999999999844e+01 1.158521193342776315e-15
2.826000000000000156e+01 1.130464861995753744e-15
2.828000000000000114e+01 1.103088532531824435e-15
2.830000000000000071e+01 1.076375713780918745e-15
2.832000000000000028e+01 1.050310303672316376e-15
2.833999999999999986e+01 1.024876605504587010e-15
2.835999999999999943e+01 1.000059291255289168e-15
2.837999999999999901e+01 9.758434108527131549e-16
2.839999999999999858e+01 9.522143802816901454e-16
2.842000000000000171e+01 9.291579591836733916e-16
2.844000000000000128e+01 9.066602672292546305e-16
2.846000000000000085e+01 8.847077442023892909e-16
2.848000000000000043e+01 8.632871769662920992e-16
2.850000000000000000e+01 8.423856596491228143e-16
2.851999999999999957e+01 8.219906065918653577e-16
2.853999999999999915e+01 8.020897302032235191e-16
2.855999999999999872e+01 7.826710539215687302e-16
2.857999999999999829e+01 7.637228796361092002e-16
2.860000000000000142e+01 7.452337972027971363e-16
2.862000000000000099e+01 7.271926764500349116e-16
2.864000000000000057e+01 7.095886522346368602e-16
2.866000000000000014e+01 6.924111270062805933e-16
2.867999999999999972e+01 6.756497629009763092e-16
2.869999999999999929e+01 6.592944634146341225e-16
2.871999999999999886e+01 6.433353864902507046e-16
2.873999999999999844e+01 6.277629227557411473e-16
2.876000000000000156e+01 6.125677016689846674e-16
2.878000000000000114e+01 5.977405733148019270e-16
2.880000000000000071e+01 5.832726180555556196e-16
2.882000000000000028e+01 5.691551214434420591e-16
2.883999999999999986e+01 5.553795943134535041e-16
2.885999999999999943e+01 5.419377442827442932e-16
2.887999999999999901e+01 5.288214785318560102e-16
2.889999999999999858e+01 5.160229100346021215e-16
2.892000000000000171e+01 5.035343326417703629e-16
2.894000000000000128e+01 4.913482342778161913e-16
2.896000000000000085e+01 4.794572824585635043e-16
2.898000000000000043e+01 4.678543202208419169e-16
2.900000000000000000e+01 4.565323724137930948e-16
2.901999999999999957e+01 4.454846243969676548e-16
2.903999999999999915e+01 4.347044283746556768e-16
2.905999999999999872e+01 4.241853028217481159e-16
2.907999999999999829e+01 4.139209181568088057e-16
2.910000000000000142e+01 4.039050996563573834e-16
2.912000000000000099e+01 3.941318269230769043e-16
2.914000000000000057e+01 3.845952161976664264e-16
2.916000000000000014e+01 3.752895370370370736e-16
2.917999999999999972e+01 3.662091912268677252e-16
2.919999999999999929e+01 3.573487157534246455e-16
2.921999999999999886e+01 3.487027823408624665e-16
2.923999999999999844e+01 3.402661973324213407e-16
2.926000000000000156e+01 3.320338827751196135e-16
2.928000000000000114e+01 3.240008903688524529e-16
2.930000000000000071e+01 3.161623897610921511e-16
2.932000000000000028e+01 3.085136684856752800e-16
2.933999999999999986e+01 3.010501281526925751e-16
2.935999999999999943e+01 2.937672816757493008e-16
2.937999999999999901e+01 2.866607511912866316e-16
2.939999999999999858e+01 2.797262642857143006e-16
2.942000000000000171e+01 2.729596532970768082e-16
2.944000000000000128e+01 2.663568502038043630e-16
2.946000000000000085e+01 2.599138866259334467e-16
2.948000000000000043e+01 2.536268904341926999e-16
2.950000000000000000e+01 2.474920827118643971e-16
2.951999999999999957e+01 2.415057764227642114e-16
2.953999999999999915e+01 2.356643747461070095e-16
2.955999999999999872e+01 2.299643667117726941e-16
2.957999999999999829e+01 2.244023272481406577e-16
2.960000000000000142e+01 2.189749145270270196e-16
2.962000000000000099e+01 2.136788669817690548e-16
2.964000000000000057e+01 2.085110026990553203e-16
2.966000000000000014e+01 2.034682171274443708e-16
2.967999999999999972e+01 1.985474801212938249e-16
2.969999999999999929e+01 1.937458356902356938e-16
2.971999999999999886e+01 1.890603993943472442e-16
2.973999999999999844e+01 1.844883564223268534e-16
2.976000000000000156e+01 1.800269606854838575e-16
2.978000000000000114e+01 1.756735319006044114e-16
2.980000000000000071e+01 1.714254557046979878e-16
2.982000000000000028e+01 1.672801800804829133e-16
2.983999999999999986e+01 1.632352158176943528e-16
2.985999999999999943e+01 1.592881332886804897e-16
2.987999999999999901e+01 1.554365625836680126e-16
2.989999999999999858e+01 1.516781903010033501e-16
2.992000000000000171e+01 1.480107596925133583e-16
2.994000000000000128e+01 1.444320684702738765e-16
2.996000000000000085e+01 1.409399676234980083e-16
2.998000000000000043e+01 1.375323609072714982e-16
3.000000000000000000e+01 1.342072019999999916e-16
3.001999999999999957e+01 1.309624946702198604e-16
3.003999999999999915e+01 1.277962906125166492e-16
3.005999999999999872e+01 1.247066896207584857e-16
3.007999999999999829e+01 1.216918364361702379e-16
3.010000000000000142e+01 1.187499215946843872e-16
3.012000000000000099e+01 1.158791789508632115e-16
3.014000000000000057e+01 1.130778855341738503e-16
3.016000000000000014e+01 1.103443597480105995e-16
3.017999999999999972e+01 1.076769612326043709e-16
3.019999999999999929e+01 1.050740890728476762e-16
3.021999999999999886e+01 1.025341810059563122e-16
3.023999999999999844e+01 1.000557126322751372e-16
3.026000000000000156e+01 9.763719695968274576e-17
3.028000000000000114e+01 9.527718262879788110e-17
3.030000000000000071e+01 9.297425313531352654e-17
3.032000000000000028e+01 9.072702704485488246e-17
3.033999999999999986e+01 8.853415589980224497e-17
3.035999999999999943e+01 8.639432378129117376e-17
3.037999999999999901e+01 8.430624720210665307e-17
3.039999999999999858e+01 8.226867335526316946e-17
3.042000000000000171e+01 8.028037968441814290e-17
3.044000000000000128e+01 7.834017345597896838e-17
3.046000000000000085e+01 7.644689100459618955e-17
3.048000000000000043e+01 7.459939665354330432e-17
3.050000000000000000e+01 7.279658196721312514e-17
3.051999999999999957e+01 7.103736566186107655e-17
3.053999999999999915e+01 6.932069286182056624e-17
3.055999999999999872e+01 6.764553370418848337e-17
3.057999999999999829e+01 6.601088358404187137e-17
3.060000000000000142e+01 6.441576241830065228e-17
3.062000000000000099e+01 6.285921325930764262e-17
3.064000000000000057e+01 6.134030287206265572e-17
3.066000000000000014e+01 5.985812067840835445e-17
3.067999999999999972e+01 5.841177737940026071e-17
3.069999999999999929e+01 5.700040651465797986e-17
3.071999999999999886e+01 5.562316113281249618e-17
3.073999999999999844e+01 5.427921567989590317e-17
3.076000000000000156e+01 5.296776462938881066e-17
3.078000000000000114e+01 5.168802176738141383e-17
3.080000000000000071e+01 5.043921980519480377e-17
3.082000000000000028e+01 4.922060999351070961e-17
3.083999999999999986e+01 4.803146206225680925e-17
3.085999999999999943e+01 4.687106318859364963e-17
3.087999999999999901e+01 4.573871794041450585e-17
3.089999999999999858e+01 4.463374692556634230e-17
3.092000000000000171e+01 4.355548868046571795e-17
3.094000000000000128e+01 4.250329670329670019e-17
3.096000000000000085e+01 4.147654037467700432e-17
3.098000000000000043e+01 4.047460458360232053e-17
3.100000000000000000e+01 3.949688838709677428e-17
3.101999999999999957e+01 3.854280657640231751e-17
3.103999999999999915e+01 3.761178672680412321e-17
3.105999999999999872e+01 3.670327141017385574e-17
3.107999999999999829e+01 3.581671621621621978e-17
3.110000000000000142e+01 3.495159003215433720e-17
3.112000000000000099e+01 3.410737435732647662e-17
3.114000000000000057e+01 3.328356358381503129e-17
3.116000000000000014e+01 3.247966399229781833e-17
3.117999999999999972e+01 3.169519416292495010e-17
3.119999999999999929e+01 3.092968403846154022e-17
3.121999999999999886e+01 3.018267511210762739e-17
3.123999999999999844e+01 2.945371991037132354e-17
3.126000000000000156e+01 2.874238179782469212e-17
3.128000000000000114e+01 2.804823471867007438e-17
3.130000000000000071e+01 2.737086297124600542e-17
3.132000000000000028e+01 2.670986079182631135e-17
3.133999999999999986e+01 2.606483232291001794e-17
3.135999999999999943e+01 2.543539132653061147e-17
3.137999999999999901e+01 2.482116083492670546e-17
3.139999999999999858e+01 2.422177299363057462e-17
3.142000000000000171e+01 2.363686893698281021e-17
3.144000000000000128e+01 2.306609840966920719e-17
3.146000000000000085e+01 2.250911964399236992e-17
3.148000000000000043e+01 2.196559917407878197e-17
3.150000000000000000e+01 2.143521155555555499e-17
3.151999999999999957e+01 2.091763927664974594e-17
3.153999999999999915e+01 2.041257244768548175e-17
3.155999999999999872e+01 1.991970871356147207e-17
3.157999999999999829e+01 1.943875303989867249e-17
3.160000000000000142e+01 1.896941749999999700e-17
3.162000000000000099e+01 1.851142118912080980e-17
3.164000000000000057e+01 1.806448991782553656e-17
3.166000000000000014e+01 1.762835622236260284e-17
3.167999999999999972e+01 1.720275899621212320e-17
3.169999999999999929e+01 1.678744356466877098e-17
3.171999999999999886e+01 1.638216138083228204e-17
3.173999999999999844e+01 1.598666984877126671e-17
3.176000000000000156e+01 1.560073230478589276e-17
3.178000000000000114e+01 1.522411777847702890e-17
3.180000000000000071e+01 1.485660094339622508e-17
3.182000000000000028e+01 1.449796184789440509e-17
3.183999999999999986e+01 1.414798592964824089e-17
3.185999999999999943e+01 1.380646374764595128e-17
3.187999999999999901e+01 1.347319096612296146e-17
3.189999999999999858e+01 1.314796821316614470e-17
3.192000000000000171e+01 1.283060087719298274e-17
3.194000000000000128e+01 1.252089912335629351e-17
3.196000000000000085e+01 1.221867765957446834e-17
3.198000000000000043e+01 1.192375569105691029e-17
3.200000000000000000e+01 1.163595678125000010e-17
3.202000000000000313e+01 1.135510883822610708e-17
3.203999999999999915e+01 1.108104378901373355e-17
3.206000000000000227e+01 1.081359775421085471e-17
3.207999999999999829e+01 1.055261075436409037e-17
3.210000000000000142e+01 1.029792669781931492e-17
3.211999999999999744e+01 1.004939327521793301e-17
3.214000000000000057e+01 9.806861823273179915e-18
3.215999999999999659e+01 9.570187313432835973e-18
3.217999999999999972e+01 9.339228216283406252e-18
3.220000000000000284e+01 9.113846428571428789e-18
3.221999999999999886e+01 8.893907169459962476e-18
3.224000000000000199e+01 8.679278939205954358e-18
3.225999999999999801e+01 8.469833353998759967e-18
3.228000000000000114e+01 8.265445229244113363e-18
3.229999999999999716e+01 8.065992352941177008e-18
3.232000000000000028e+01 7.871355476485147764e-18
3.234000000000000341e+01 7.681418243661099490e-18
3.235999999999999943e+01 7.496067119901112595e-18
3.238000000000000256e+01 7.315191229153796896e-18
3.239999999999999858e+01 7.138682530864197239e-18
3.242000000000000171e+01 6.966435471930905888e-18
3.243999999999999773e+01 6.798347071516647124e-18
3.246000000000000085e+01 6.634316913123844357e-18
3.247999999999999687e+01 6.474246921182266092e-18
3.250000000000000000e+01 6.318041415384615687e-18
3.252000000000000313e+01 6.165607041820418005e-18
3.253999999999999915e+01 6.016852704363859956e-18
3.256000000000000227e+01 5.871689527027026199e-18
3.257999999999999829e+01 5.730030693677102788e-18
3.260000000000000142e+01 5.591791625766870848e-18
3.261999999999999744e+01 5.456889668914776182e-18
3.264000000000000057e+01 5.325244209558823393e-18
3.265999999999999659e+01 5.196776607470912883e-18
3.267999999999999972e+01 5.071410097919216807e-18
3.270000000000000284e+01 4.949069755351681543e-18
3.271999999999999886e+01 4.829682518337408272e-18
3.274000000000000199e+01 4.713177031154550121e-18
3.275999999999999801e+01 4.599483730158730656e-18
3.278000000000000114e+01 4.488534624771201722e-18
3.279999999999999716e+01 4.380263475609756455e-18
3.282000000000000028e+01 4.274605606337599510e-18
3.284000000000000341e+01 4.171497898903774826e-18
3.285999999999999943e+01 4.070878788800974513e-18
3.288000000000000256e+01 3.972688108272505986e-18
3.289999999999999858e+01 3.876867264437689875e-18
3.292000000000000171e+01 3.783358991494531972e-18
3.293999999999999773e+01 3.692107468123861827e-18
3.296000000000000085e+01 3.603058191747573022e-18
3.297999999999999687e+01 3.516157974530018979e-18
3.300000000000000000e+01 3.431354909090909030e-18
3.302000000000000313e+01 3.348598364627498168e-18
3.303999999999999915e+01 3.267838922518159970e-18
3.306000000000000227e+01 3.189028342407743270e-18
3.307999999999999829e+01 3.112119588875453404e-18
3.310000000000000142e+01 3.037066737160120747e-18
3.311999999999999744e+01 2.963824960748792481e-18
3.314000000000000057e+01 2.892350534097766916e-18
3.315999999999999659e+01 2.822600781061520177e-18
3.317999999999999972e+01 2.754534065702230517e-18
3.320000000000000284e+01 2.688109746987951712e-18
3.321999999999999886e+01 2.623288172787477593e-18
3.324000000000000199e+01 2.560030646811070847e-18
3.325999999999999801e+01 2.498299404690318739e-18
3.328000000000000114e+01 2.438057599158653774e-18
3.329999999999999716e+01 2.379269273273273440e-18
3.332000000000000028e+01 2.321899333733493572e-18
3.334000000000000341e+01 2.265913536292741149e-18
3.335999999999999943e+01 2.211278471223021736e-18
3.338000000000000256e+01 2.157961524865188391e-18
3.339999999999999858e+01 2.105930880239521155e-18
3.342000000000000171e+01 2.055155481747456372e-18
3.343999999999999773e+01 2.005605032894736893e-18
3.346000000000000085e+01 1.957249961147639114e-18
3.347999999999999687e+01 1.910061409796893856e-18
3.350000000000000000e+01 1.864011220895522476e-18
3.352000000000000313e+01 1.819071918257756533e-18
3.353999999999999915e+01 1.775216687537268900e-18
3.356000000000000227e+01 1.732419356376638869e-18
3.357999999999999829e+01 1.690654395473496311e-18
3.360000000000000142e+01 1.649896883928571320e-18
3.361999999999999744e+01 1.610122507436049990e-18
3.364000000000000057e+01 1.571307532699167625e-18
3.365999999999999659e+01 1.533428808674985221e-18
3.367999999999999972e+01 1.496463735154394335e-18
3.370000000000000284e+01 1.460390264094955362e-18
3.371999999999999886e+01 1.425186874258600351e-18
3.374000000000000199e+01 1.390832566686425446e-18
3.375999999999999801e+01 1.357306854265402981e-18
3.378000000000000114e+01 1.324589733570159793e-18
3.379999999999999716e+01 1.292661695266272237e-18
3.382000000000000028e+01 1.261503693081017205e-18
3.384000000000000341e+01 1.231097148345153464e-18
3.385999999999999943e+01 1.201423924985233441e-18
3.388000000000000256e+01 1.172466325265643280e-18
3.389999999999999858e+01 1.144207082595870222e-18
3.392000000000000171e+01 1.116629342570754605e-18
3.393999999999999773e+01 1.089716664702416061e-18
3.396000000000000085e+01 1.063452994699646650e-18
3.397999999999999687e+01 1.037822675103001932e-18
3.400000000000000000e+01 1.012810426470588173e-18
3.402000000000000313e+01 9.884013286302174793e-19
3.403999999999999915e+01 9.645808343125734125e-19
3.406000000000000227e+01 9.413347386964179955e-19
3.407999999999999829e+01 9.186491842723005256e-19
3.410000000000000142e+01 8.965106451612904560e-19
3.411999999999999744e+01 8.749059261430246865e-19
3.414000000000000057e+01 8.538221441124780211e-19
3.415999999999999659e+01 8.332467300936769027e-19
3.417999999999999972e+01 8.131674224692802793e-19
3.420000000000000284e+01 7.935722514619882765e-19
3.421999999999999886e+01 7.744495382817066177e-19
3.424000000000000199e+01 7.557878825934578834e-19
3.425999999999999801e+01 7.375761617046118226e-19
3.428000000000000114e+01 7.198035210035005071e-19
3.429999999999999716e+01 7.024593702623906911e-19
3.432000000000000028e+01 6.855333712121211527e-19
3.434000000000000341e+01 6.690154368083866519e-19
3.435999999999999943e+01 6.528957246798603263e-19
3.438000000000000256e+01 6.371646276905176813e-19
3.439999999999999858e+01 6.218127703488371794e-19
3.442000000000000171e+01 6.068310081348053022e-19
3.443999999999999773e+01 5.922104094076655567e-19
3.446000000000000085e+01 5.779422663958212206e-19
3.447999999999999687e+01 5.640180771461717240e-19
3.450000000000000000e+01 5.504295420289855418e-19
3.452000000000000313e+01 5.371685689455387853e-19
3.453999999999999915e+01 5.242272553561088745e-19
3.456000000000000227e+01 5.115978935185184306e-19
3.457999999999999829e+01 4.992729554655870428e-19
3.460000000000000142e+01 4.872451011560693123e-19
3.461999999999999744e+01 4.755071663778162643e-19
3.464000000000000057e+01 4.640521593533486648e-19
3.465999999999999659e+01 4.528732544720138325e-19
3.467999999999999972e+01 4.419637918108420012e-19
3.470000000000000284e+01 4.313172795389048039e-19
3.471999999999999886e+01 4.209273675115207876e-19
3.474000000000000199e+01 4.107878756476683415e-19
3.475999999999999801e+01 4.008927589182969489e-19
3.478000000000000114e+01 3.912361299597469699e-19
3.479999999999999716e+01 3.818122327586207166e-19
3.482000000000000028e+01 3.726154537622056086e-19
3.484000000000000341e+01 3.636403214695751241e-19
3.485999999999999943e+01 3.548814888123924221e-19
3.488000000000000256e+01 3.463337413990825111e-19
3.489999999999999858e+01 3.379919856733524225e-19
3.492000000000000171e+01 3.298512600229094861e-19
3.493999999999999773e+01 3.219067115054379460e-19
3.496000000000000085e+01 3.141536127002288143e-19
3.497999999999999687e+01 3.065873470554603094e-19
3.500000000000000000e+01 2.992034085714285542e-19
3.502000000000000313e+01 2.919974043403769347e-19
3.503999999999999915e+01 2.849650402397260379e-19
3.506000000000000227e+01 2.781021326297775107e-19
3.507999999999999829e+01 2.714045952109464451e-19
3.510000000000000142e+01 2.648684404558404180e-19
3.511999999999999744e+01 2.584897781890660873e-19
3.514000000000000057e+01 2.522648110415480812e-19
3.515999999999999659e+01 2.461898336177474534e-19
3.517999999999999972e+01 2.402612299602046667e-19
3.520000000000000284e+01 2.344754713068181992e-19
3.521999999999999886e+01 2.288291141396933429e-19
3.524000000000000199e+01 2.233187979568671624e-19
3.525999999999999801e+01 2.179412427680090767e-19
3.528000000000000114e+01 2.126932485827664178e-19
3.529999999999999716e+01 2.075716923512747803e-19
3.532000000000000028e+01 2.025735254813136797e-19
3.534000000000000341e+01 1.976957741935483753e-19
3.535999999999999943e+01 1.929355356334841651e-19
3.538000000000000256e+01 1.882899771057094176e-19
3.539999999999999858e+01 1.837563344632768319e-19
3.542000000000000171e+01 1.793319102202145729e-19
3.543999999999999773e+01 1.750140713882618620e-19
3.546000000000000085e+01 1.708002492949802530e-19
3.547999999999999687e+01 1.666879365839909930e-19
3.550000000000000000e+01 1.626746864788732353e-19
3.552000000000000313e+01 1.587581114864864687e-19
3.553999999999999915e+01 1.549358818232977098e-19
3.556000000000000227e+01 1.512057230033745505e-19
3.557999999999999829e+01 1.475654165261383035e-19
3.560000000000000142e+01 1.440127963483145916e-19
3.561999999999999744e+01 1.405457495788882676e-19
3.564000000000000057e+01 1.371622138047138085e-19
3.565999999999999659e+01 1.338601763881099350e-19
3.567999999999999972e+01 1.306376729260089838e-19
3.570000000000000284e+01 1.274927871148459160e-19
3.571999999999999886e+01 1.244236483762597969e-19
3.574000000000000199e+01 1.214284308897593698e-19
3.575999999999999801e+01 1.185053540268456493e-19
3.578000000000000114e+01 1.156526785913918228e-19
3.579999999999999716e+01 1.128687083798882819e-19
3.582000000000000028e+01 1.101517878280290307e-19
3.584000000000000341e+01 1.075003010602678462e-19
3.585999999999999943e+01 1.049126715002788689e-19
3.588000000000000256e+01 1.023873606465997727e-19
3.589999999999999858e+01 9.992286629526463756e-20
3.592000000000000171e+01 9.751772327394208329e-20
3.593999999999999773e+01 9.517050166944908695e-20
3.596000000000000085e+01 9.287980589543937651e-20
3.597999999999999687e+01 9.064427348526960189e-20
3.600000000000000000e+01 8.846257583333333276e-20
3.602000000000000313e+01 8.633341560244307955e-20
3.603999999999999915e+01 8.425552691453940341e-20
3.606000000000000227e+01 8.222767470881863343e-20
3.607999999999999829e+01 8.024865327050997468e-20
3.610000000000000142e+01 7.831728614958448492e-20
3.611999999999999744e+01 7.643242524916944758e-20
3.614000000000000057e+01 7.459295019369120148e-20
3.615999999999999659e+01 7.279776742256638135e-20
3.617999999999999972e+01 7.104580983969043185e-20
3.620000000000000284e+01 6.933603646408838419e-20
3.621999999999999886e+01 6.766743070127001317e-20
3.624000000000000199e+01 6.603900082781456316e-20
3.625999999999999801e+01 6.444977909542195083e-20
3.628000000000000114e+01 6.289882083792722793e-20
3.629999999999999716e+01 6.138520440771350042e-20
3.632000000000000028e+01 5.990803056167400379e-20
3.634000000000000341e+01 5.846642102366537210e-20
3.635999999999999943e+01 5.705951925192519109e-20
3.638000000000000256e+01 5.568648900494776509e-20
3.639999999999999858e+01 5.434651483516484158e-20
3.642000000000000171e+01 5.303880010982976319e-20
3.643999999999999773e+01 5.176256805708013599e-20
3.646000000000000085e+01 5.051706006582556042e-20
3.647999999999999687e+01 4.930153618421053018e-20
3.650000000000000000e+01 4.811527452054794054e-20
3.652000000000000313e+01 4.695756982475355862e-20
3.653999999999999915e+01 4.582773453749316478e-20
3.656000000000000227e+01 4.472509737417943049e-20
3.657999999999999829e+01 4.364900328048113709e-20
3.660000000000000142e+01 4.259881284153005793e-20
3.661999999999999744e+01 4.157390251228837233e-20
3.664000000000000057e+01 4.057366293668122145e-20
3.665999999999999659e+01 3.959750027277686813e-20
3.667999999999999972e+01 3.864483478735005109e-20
3.670000000000000284e+01 3.771510027247956296e-20
3.671999999999999886e+01 3.680774482570806285e-20
3.674000000000000199e+01 3.592222917800762098e-20
3.675999999999999801e+01 3.505802774755169187e-20
3.678000000000000114e+01 3.421462669929309488e-20
3.679999999999999716e+01 3.339152581521739419e-20
3.682000000000000028e+01 3.258823574144486514e-20
3.684000000000000341e+01 3.180427958740499152e-20
3.685999999999999943e+01 3.103919153553988598e-20
3.688000000000000256e+01 3.029251762472884878e-20
3.689999999999999858e+01 2.956381436314363274e-20
3.692000000000000171e+01 2.885264897074756077e-20
3.693999999999999773e+01 2.815859880887926442e-20
3.696000000000000085e+01 2.748125243506493012e-20
3.697999999999999687e+01 2.682020703082747952e-20
3.700000000000000000e+01 2.617507040540540810e-20
3.702000000000000313e+01 2.554545945434900007e-20
3.703999999999999915e+01 2.493100035097192645e-20
3.706000000000000227e+01 2.433132825148407911e-20
3.707999999999999829e+01 2.374608716289104885e-20
3.710000000000000142e+01 2.317492959568733271e-20
3.711999999999999744e+01 2.261751648706896841e-20
3.714000000000000057e+01 2.207351690899299951e-20
3.715999999999999659e+01 2.154260793864370656e-20
3.717999999999999972e+01 2.102447439483593507e-20
3.720000000000000284e+01 2.051880873655913734e-20
3.721999999999999886e+01 2.002531074691026180e-20
3.724000000000000199e+01 1.954368754027926822e-20
3.725999999999999801e+01 1.907365322061191679e-20
3.728000000000000114e+01 1.861492880901287586e-20
3.729999999999999716e+01 1.816724198391420984e-20
3.732000000000000028e+01 1.773032711682743698e-20
3.734000000000000341e+01 1.730392482592393996e-20
3.735999999999999943e+01 1.688778206638115517e-20
3.738000000000000256e+01 1.648165184590690016e-20
3.739999999999999858e+01 1.608529318181818316e-20
3.742000000000000171e+01 1.569847081774452176e-20
3.743999999999999773e+01 1.532095520833333266e-20
3.746000000000000085e+01 1.495252234383342180e-20
3.747999999999999687e+01 1.459295357524012960e-20
3.750000000000000000e+01 1.424203554666666815e-20
3.752000000000000313e+01 1.389956002132196043e-20
3.753999999999999915e+01 1.356532381459776132e-20
3.756000000000000227e+01 1.323912856762513330e-20
3.757999999999999829e+01 1.292078076104310915e-20
3.760000000000000142e+01 1.261009151595744792e-20
3.761999999999999744e+01 1.230687650186071298e-20
3.764000000000000057e+01 1.201095579171094583e-20
3.765999999999999659e+01 1.172215387679235522e-20
3.767999999999999972e+01 1.144029936305732520e-20
3.770000000000000284e+01 1.116522509283819560e-20
3.771999999999999886e+01 1.089676786850477215e-20
3.774000000000000199e+01 1.063476841547429752e-20
3.775999999999999801e+01 1.037907134533898389e-20
3.778000000000000114e+01 1.012952498676548341e-20
3.779999999999999716e+01 9.885981269841270821e-21
3.782000000000000028e+01 9.648295795875198583e-21
3.784000000000000341e+01 9.416327510570823535e-21
3.785999999999999943e+01 9.189938906497622390e-21
3.788000000000000256e+01 8.968995644139387054e-21
3.789999999999999858e+01 8.753366728232191283e-21
3.792000000000000171e+01 8.542924235232065788e-21
3.793999999999999773e+01 8.337543384290986030e-21
3.796000000000000085e+01 8.137102370916753969e-21
3.797999999999999687e+01 7.941482306477094987e-21
3.800000000000000000e+01 7.750567210526315143e-21
3.802000000000000313e+01 7.564243845344555009e-21
3.803999999999999915e+01 7.382401735015773346e-21
3.806000000000000227e+01 7.204933053074093345e-21
3.807999999999999829e+01 7.031732536764707185e-21
3.810000000000000142e+01 6.862697532808398138e-21
3.811999999999999744e+01 6.697727780692550906e-21
3.814000000000000057e+01 6.536725458835867680e-21
3.815999999999999659e+01 6.379595125786163963e-21
3.817999999999999972e+01 6.226243609219486505e-21
3.820000000000000284e+01 6.076580026178009352e-21
3.821999999999999886e+01 5.930515567765567709e-21
3.824000000000000199e+01 5.787963729079497304e-21
3.825999999999999801e+01 5.648839937271302257e-21
3.828000000000000114e+01 5.513061729362591660e-21
3.829999999999999716e+01 5.380548616187989620e-21
3.832000000000000028e+01 5.251222051148225674e-21
3.834000000000000341e+01 5.125005372978612246e-21
3.835999999999999943e+01 5.001823774765380356e-21
3.838000000000000256e+01 4.881604194893172847e-21
3.839999999999999858e+01 4.764275416666667183e-21
3.842000000000000171e+01 4.649767881311816175e-21
3.843999999999999773e+01 4.538013735691987880e-21
3.846000000000000085e+01 4.428946697867914252e-21
3.847999999999999687e+01 4.322502182952183027e-21
3.850000000000000000e+01 4.218617064935065187e-21
3.852000000000000313e+01 4.117229776739356137e-21
3.853999999999999915e+01 4.018280254281266508e-21
3.856000000000000227e+01 3.921709854771784043e-21
3.857999999999999829e+01 3.827461327112494235e-21
3.860000000000000142e+01 3.735478834196890632e-21
3.861999999999999744e+01 3.645707871569135906e-21
3.864000000000000057e+01 3.558095212215320962e-21
3.865999999999999659e+01 3.472589006725298295e-21
3.867999999999999972e+01 3.389138521199586516e-21
3.870000000000000284e+01 3.307694341085271236e-21
3.871999999999999886e+01 3.228208186983470923e-21
3.874000000000000199e+01 3.150633014971605106e-21
3.875999999999999801e+01 3.074922807017543880e-21
3.878000000000000114e+01 3.001032723053119853e-21
3.879999999999999716e+01 2.928918994845361341e-21
3.882000000000000028e+01 2.858538871715610358e-21
3.884000000000000341e+01 2.789850695159629034e-21
3.885999999999999943e+01 2.722813767370046442e-21
3.888000000000000256e+01 2.657388348765431851e-21
3.889999999999999858e+01 2.593535706940874095e-21
3.892000000000000171e+01 2.531218016443987324e-21
3.893999999999999773e+01 2.470398343605547239e-21
3.896000000000000085e+01 2.411040669917864548e-21
3.897999999999999687e+01 2.353109838378655828e-21
3.900000000000000000e+01 2.296571533333333497e-21
3.902000000000000313e+01 2.241392268067657672e-21
3.903999999999999915e+01 2.187539357069672337e-21
3.906000000000000227e+01 2.134980906298002773e-21
3.907999999999999829e+01 2.083685788126919077e-21
3.910000000000000142e+01 2.033623618925831111e-21
3.911999999999999744e+01 1.984764752044989951e-21
3.914000000000000057e+01 1.937080250383239532e-21
3.915999999999999659e+01 1.890541876915219629e-21
3.917999999999999972e+01 1.845122067381317004e-21
3.920000000000000284e+01 1.800793928571428231e-21
3.921999999999999886e+01 1.757531208567057646e-21
3.924000000000000199e+01 1.715308287461773477e-21
3.925999999999999801e+01 1.674100165562913988e-21
3.928000000000000114e+01 1.633882441446028405e-21
3.929999999999999716e+01 1.594631300254453023e-21
3.932000000000000028e+01 1.556323502034587926e-21
3.934000000000000341e+01 1.518936362480935213e-21
3.935999999999999943e+01 1.482447748983739980e-21
3.938000000000000256e+01 1.446836056373793620e-21
3.939999999999999858e+01 1.412080197969543095e-21
3.942000000000000171e+01 1.378159601725012685e-21
3.943999999999999773e+01 1.345054181034482819e-21
3.946000000000000085e+01 1.312744338570704630e-21
3.947999999999999687e+01 1.281210947315096377e-21
3.950000000000000000e+01 1.250435339240506257e-21
3.952000000000000313e+01 1.220399296558704341e-21
3.953999999999999915e+01 1.191085040465351616e-21
3.956000000000000227e+01 1.162475214863498456e-21
3.957999999999999829e+01 1.134552887822132372e-21
3.960000000000000142e+01 1.107301527777777660e-21
3.961999999999999744e+01 1.080705007571933313e-21
3.964000000000000057e+01 1.054747583249243205e-21
3.965999999999999659e+01 1.029413893091276035e-21
3.967999999999999972e+01 1.004688941532258130e-21
3.970000000000000284e+01 9.805580931989922755e-22
3.971999999999999886e+01 9.570070669687815390e-22
3.974000000000000199e+01 9.340219275289380385e-22
3.975999999999999801e+01 9.115890694164991762e-22
3.978000000000000114e+01 8.896952187028658321e-22
3.979999999999999716e+01 8.683274145728643636e-22
3.982000000000000028e+01 8.474730160723254838e-22
3.984000000000000341e+01 8.271196812248994639e-22
3.985999999999999943e+01 8.072553662819870112e-22
3.988000000000000256e+01 7.878683149448345044e-22
3.989999999999999858e+01 7.689470576441102747e-22
3.992000000000000171e+01 7.504803957915830685e-22
3.993999999999999773e+01 7.324574061091637110e-22
3.996000000000000085e+01 7.148674224224225078e-22
3.997999999999999687e+01 6.977000375187593691e-22
4.000000000000000000e+01 6.809450925000000758e-22
