2.000000000000000042e-02 4.455445445000000282e-01
4.000000000000000083e-02 4.455009749999999658e-01
5.999999999999999778e-02 4.454284000000000021e-01
8.000000000000000167e-02 4.453271350000000406e-01
1.000000000000000056e-01 4.451973909999999424e-01
1.199999999999999956e-01 4.450393291666667195e-01
1.400000000000000133e-01 4.448530792857142147e-01
1.600000000000000033e-01 4.446387393749999806e-01
1.799999999999999933e-01 4.443963777777777957e-01
2.000000000000000111e-01 4.441260340000000029e-01
2.200000000000000011e-01 4.438277199999999811e-01
2.399999999999999911e-01 4.435014208333333263e-01
2.600000000000000089e-01 4.431470961538461206e-01
2.800000000000000266e-01 4.427646785714285382e-01
2.999999999999999889e-01 4.423540800000000384e-01
3.200000000000000067e-01 4.419151874999999730e-01
3.400000000000000244e-01 4.414478676470587892e-01
3.599999999999999867e-01 4.409519666666666948e-01
3.800000000000000044e-01 4.404273105263157850e-01
4.000000000000000222e-01 4.398737099999999733e-01
4.199999999999999845e-01 4.392909547619047728e-01
4.400000000000000022e-01 4.386788249999999945e-01
4.600000000000000200e-01 4.380370847826086655e-01
4.799999999999999822e-01 4.373654875000000386e-01
5.000000000000000000e-01 4.366637720000000056e-01
5.200000000000000178e-01 4.359316711538461231e-01
5.400000000000000355e-01 4.351689148148147890e-01
5.600000000000000533e-01 4.343752178571428368e-01
5.799999999999999600e-01 4.335503000000000551e-01
5.999999999999999778e-01 4.326938716666666740e-01
6.199999999999999956e-01 4.318056451612903301e-01
6.400000000000000133e-01 4.308853343750000398e-01
6.600000000000000311e-01 4.299326545454545401e-01
6.800000000000000488e-01 4.289473249999999349e-01
6.999999999999999556e-01 4.279290700000000225e-01
7.199999999999999734e-01 4.268776208333333599e-01
7.399999999999999911e-01 4.257927189189188999e-01
7.600000000000000089e-01 4.246741157894736718e-01
7.800000000000000266e-01 4.235215730769230635e-01
8.000000000000000444e-01 4.223348687499999254e-01
8.199999999999999512e-01 4.211137914634146551e-01
8.399999999999999689e-01 4.198581499999999855e-01
8.599999999999999867e-01 4.185677686046511692e-01
8.800000000000000044e-01 4.172424897727272652e-01
9.000000000000000222e-01 4.158821788888888982e-01
9.200000000000000400e-01 4.144867195652173764e-01
9.399999999999999467e-01 4.130560202127659952e-01
9.599999999999999645e-01 4.115900124999999909e-01
9.799999999999999822e-01 4.100886520408162927e-01
1.000000000000000000e+00 4.085519189999999856e-01
1.020000000000000018e+00 4.069798235294117550e-01
1.040000000000000036e+00 4.053723999999999661e-01
1.060000000000000053e+00 4.037297113207546917e-01
1.080000000000000071e+00 4.020518509259259354e-01
1.100000000000000089e+00 4.003389399999999765e-01
1.120000000000000107e+00 3.985911294642856539e-01
1.139999999999999902e+00 3.968086017543859811e-01
1.159999999999999920e+00 3.949915689655172368e-01
1.179999999999999938e+00 3.931402745762712092e-01
1.199999999999999956e+00 3.912549925000000095e-01
1.219999999999999973e+00 3.893360278688524634e-01
1.239999999999999991e+00 3.873837177419354738e-01
1.260000000000000009e+00 3.853984293650793425e-01
1.280000000000000027e+00 3.833805625000000217e-01
1.300000000000000044e+00 3.813305446153845701e-01
1.320000000000000062e+00 3.792488371212121012e-01
1.340000000000000080e+00 3.771359298507462321e-01
1.360000000000000098e+00 3.749923404411764083e-01
1.379999999999999893e+00 3.728186181159420798e-01
1.399999999999999911e+00 3.706153392857143292e-01
1.419999999999999929e+00 3.683831077464788661e-01
1.439999999999999947e+00 3.661225555555555622e-01
1.459999999999999964e+00 3.638343390410959111e-01
1.479999999999999982e+00 3.615191412162161999e-01
1.500000000000000000e+00 3.591776680000000055e-01
1.520000000000000018e+00 3.568106499999999515e-01
1.540000000000000036e+00 3.544188396103895577e-01
1.560000000000000053e+00 3.520030096153846100e-01
1.580000000000000071e+00 3.495639537974683519e-01
1.600000000000000089e+00 3.471024843749999644e-01
1.620000000000000107e+00 3.446194308641974957e-01
1.639999999999999902e+00 3.421156396341463735e-01
1.659999999999999920e+00 3.395919716867469851e-01
1.679999999999999938e+00 3.370493035714285934e-01
1.699999999999999956e+00 3.344885217647058928e-01
1.719999999999999973e+00 3.319105255813953326e-01
1.739999999999999991e+00 3.293162241379309907e-01
1.760000000000000009e+00 3.267065346590908859e-01
1.780000000000000027e+00 3.240823814606741404e-01
1.800000000000000044e+00 3.214446961111110945e-01
1.820000000000000062e+00 3.187944131868131747e-01
1.840000000000000080e+00 3.161324701086956068e-01
1.860000000000000098e+00 3.134598086021505026e-01
1.879999999999999893e+00 3.107773686170212657e-01
1.899999999999999911e+00 3.080860910526315721e-01
1.919999999999999929e+00 3.053869135416666381e-01
1.939999999999999947e+00 3.026807711340206430e-01
1.959999999999999964e+00 2.999685959183673312e-01
1.979999999999999982e+00 2.972513121212120857e-01
2.000000000000000000e+00 2.945298395000000014e-01
2.020000000000000018e+00 2.918050891089108978e-01
2.040000000000000036e+00 2.890779627450980049e-01
2.060000000000000053e+00 2.863493533980582817e-01
2.080000000000000071e+00 2.836201427884615378e-01
2.100000000000000089e+00 2.808912014285714354e-01
2.120000000000000107e+00 2.781633872641509075e-01
2.140000000000000124e+00 2.754375443925233258e-01
2.160000000000000142e+00 2.727145027777777564e-01
2.180000000000000160e+00 2.699950779816513990e-01
2.200000000000000178e+00 2.672800690909090671e-01
2.220000000000000195e+00 2.645702599099098995e-01
2.240000000000000213e+00 2.618664165178571368e-01
2.259999999999999787e+00 2.591692884955752452e-01
2.279999999999999805e+00 2.564796061403509242e-01
2.299999999999999822e+00 2.537980826086956854e-01
2.319999999999999840e+00 2.511254120689655478e-01
2.339999999999999858e+00 2.484622683760683848e-01
2.359999999999999876e+00 2.458093072033898374e-01
2.379999999999999893e+00 2.431671642857142768e-01
2.399999999999999911e+00 2.405364549999999824e-01
2.419999999999999929e+00 2.379177739669421643e-01
2.439999999999999947e+00 2.353116971311475514e-01
2.459999999999999964e+00 2.327187784552845751e-01
2.479999999999999982e+00 2.301395520161290398e-01
2.500000000000000000e+00 2.275745312000000131e-01
2.520000000000000018e+00 2.250242095238095263e-01
2.540000000000000036e+00 2.224890590551180936e-01
2.560000000000000053e+00 2.199695320312499702e-01
2.580000000000000071e+00 2.174660604651162954e-01
2.600000000000000089e+00 2.149790557692307924e-01
2.620000000000000107e+00 2.125089099236641133e-01
2.640000000000000124e+00 2.100559946969696723e-01
2.660000000000000142e+00 2.076206624060150385e-01
2.680000000000000160e+00 2.052032462686566860e-01
2.700000000000000178e+00 2.028040599999999805e-01
2.720000000000000195e+00 2.004233988970588187e-01
2.740000000000000213e+00 1.980615397810218670e-01
2.759999999999999787e+00 1.957187405797101709e-01
2.779999999999999805e+00 1.933952428057554018e-01
2.799999999999999822e+00 1.910912689285714228e-01
2.819999999999999840e+00 1.888070258865248152e-01
2.839999999999999858e+00 1.865427021126760676e-01
2.859999999999999876e+00 1.842984713286713594e-01
2.879999999999999893e+00 1.820744906250000295e-01
2.899999999999999911e+00 1.798709010344827497e-01
2.919999999999999929e+00 1.776878291095890516e-01
2.939999999999999947e+00 1.755253867346938945e-01
2.959999999999999964e+00 1.733836712837837912e-01
2.979999999999999982e+00 1.712627654362416096e-01
3.000000000000000000e+00 1.691627400000000059e-01
3.020000000000000018e+00 1.670836516556291618e-01
3.040000000000000036e+00 1.650255444078947142e-01
3.060000000000000053e+00 1.629884503267973739e-01
3.080000000000000071e+00 1.609723899350649357e-01
3.100000000000000089e+00 1.589773719354838633e-01
3.120000000000000107e+00 1.570033942307692276e-01
3.140000000000000124e+00 1.550504442675159078e-01
3.160000000000000142e+00 1.531184993670886008e-01
3.180000000000000160e+00 1.512075270440251529e-01
3.200000000000000178e+00 1.493174856249999960e-01
3.220000000000000195e+00 1.474483239130434664e-01
3.240000000000000213e+00 1.455999827160493754e-01
3.259999999999999787e+00 1.437723950920245519e-01
3.279999999999999805e+00 1.419654850609756158e-01
3.299999999999999822e+00 1.401791699999999918e-01
3.319999999999999840e+00 1.384133605421686841e-01
3.339999999999999858e+00 1.366679598802395257e-01
3.359999999999999876e+00 1.349428654761904989e-01
3.379999999999999893e+00 1.332379680473372852e-01
3.399999999999999911e+00 1.315531523529411828e-01
3.419999999999999929e+00 1.298882982456140422e-01
3.439999999999999947e+00 1.282432808139535030e-01
3.459999999999999964e+00 1.266179693641618642e-01
3.479999999999999982e+00 1.250122295977011411e-01
3.500000000000000000e+00 1.234259225714285785e-01
3.520000000000000018e+00 1.218589051136363677e-01
3.540000000000000036e+00 1.203110313559321992e-01
3.560000000000000053e+00 1.187821505617977502e-01
3.580000000000000071e+00 1.172721100558659219e-01
3.600000000000000089e+00 1.157807536111111063e-01
3.620000000000000107e+00 1.143079220994475120e-01
3.640000000000000124e+00 1.128534541208791181e-01
3.660000000000000142e+00 1.114171863387978106e-01
3.680000000000000160e+00 1.099989529891304274e-01
3.700000000000000178e+00 1.085985862162162086e-01
3.720000000000000195e+00 1.072159166666666608e-01
3.740000000000000213e+00 1.058507740641711076e-01
3.759999999999999787e+00 1.045029859042553300e-01
3.779999999999999805e+00 1.031723788359788369e-01
3.799999999999999822e+00 1.018587786842105325e-01
3.819999999999999840e+00 1.005620104712041940e-01
3.839999999999999858e+00 9.928189843750000187e-02
3.859999999999999876e+00 9.801826632124352456e-02
3.879999999999999893e+00 9.677093711340206683e-02
3.899999999999999911e+00 9.553973384615384312e-02
3.919999999999999929e+00 9.432447984693878573e-02
3.939999999999999947e+00 9.312499720812182635e-02
3.959999999999999964e+00 9.194110934343434349e-02
3.979999999999999982e+00 9.077263919597990116e-02
4.000000000000000000e+00 8.961940999999999657e-02
4.019999999999999574e+00 8.848124577114428735e-02
4.040000000000000036e+00 8.735797054455445021e-02
4.059999999999999609e+00 8.624940911330049309e-02
4.080000000000000071e+00 8.515538676470588153e-02
4.099999999999999645e+00 8.407572975609756138e-02
4.120000000000000107e+00 8.301026504854368271e-02
4.139999999999999680e+00 8.195882053140098045e-02
4.160000000000000142e+00 8.092122451923076942e-02
4.179999999999999716e+00 7.989730717703349971e-02
4.200000000000000178e+00 7.888689880952380606e-02
4.219999999999999751e+00 7.788983127962086084e-02
4.240000000000000213e+00 7.690593773584904203e-02
4.259999999999999787e+00 7.593505211267606581e-02
4.280000000000000249e+00 7.497700981308411117e-02
4.299999999999999822e+00 7.403164767441861027e-02
4.320000000000000284e+00 7.309880324074073676e-02
4.339999999999999858e+00 7.217831612903224947e-02
4.360000000000000320e+00 7.127002683486238777e-02
4.379999999999999893e+00 7.037377716894978319e-02
4.400000000000000355e+00 6.948941090909090124e-02
4.419999999999999929e+00 6.861677285067872833e-02
4.440000000000000391e+00 6.775570900900899918e-02
4.459999999999999964e+00 6.690606771300448841e-02
4.480000000000000426e+00 6.606769821428570832e-02
4.500000000000000000e+00 6.524045111111111128e-02
4.519999999999999574e+00 6.442417898230089202e-02
4.540000000000000036e+00 6.361873568281939395e-02
4.559999999999999609e+00 6.282397675438596008e-02
4.580000000000000071e+00 6.203975917030567222e-02
4.599999999999999645e+00 6.126594152173913538e-02
4.620000000000000107e+00 6.050238398268398266e-02
4.639999999999999680e+00 5.974894849137930841e-02
4.660000000000000142e+00 5.900549828326180635e-02
4.679999999999999716e+00 5.827189807692308154e-02
4.700000000000000178e+00 5.754801425531914233e-02
4.719999999999999751e+00 5.683371525423729087e-02
4.740000000000000213e+00 5.612887067510547584e-02
4.759999999999999787e+00 5.543335126050420031e-02
4.780000000000000249e+00 5.474703033472803904e-02
4.799999999999999822e+00 5.406978166666666363e-02
4.820000000000000284e+00 5.340148153526970420e-02
4.839999999999999858e+00 5.274200723140495817e-02
4.860000000000000320e+00 5.209123786008229562e-02
4.879999999999999893e+00 5.144905348360655217e-02
4.900000000000000355e+00 5.081533653061224426e-02
4.919999999999999929e+00 5.018997052845528689e-02
4.940000000000000391e+00 4.957284028340080279e-02
4.959999999999999964e+00 4.896383245967741993e-02
4.980000000000000426e+00 4.836283493975902792e-02
5.000000000000000000e+00 4.776973760000000069e-02
5.019999999999999574e+00 4.718443087649402956e-02
5.040000000000000036e+00 4.660680753968254181e-02
5.059999999999999609e+00 4.603676126482213887e-02
5.080000000000000071e+00 4.547418740157480044e-02
5.099999999999999645e+00 4.491898254901961068e-02
5.120000000000000107e+00 4.437104492187499832e-02
5.139999999999999680e+00 4.383027373540856336e-02
5.160000000000000142e+00 4.329656996124030960e-02
5.179999999999999716e+00 4.276983590733590690e-02
5.200000000000000178e+00 4.224997480769230457e-02
5.219999999999999751e+00 4.173689176245211352e-02
5.240000000000000213e+00 4.123049293893129436e-02
5.259999999999999787e+00 4.073068574144486642e-02
5.280000000000000249e+00 4.023737897727272528e-02
5.299999999999999822e+00 3.975048245283018672e-02
5.320000000000000284e+00 3.926990789473683990e-02
5.339999999999999858e+00 3.879556760299626011e-02
5.360000000000000320e+00 3.832737518656716136e-02
5.379999999999999893e+00 3.786524591078067187e-02
5.400000000000000355e+00 3.740909592592592259e-02
5.419999999999999929e+00 3.695884243542435499e-02
5.440000000000000391e+00 3.651440404411764040e-02
5.459999999999999964e+00 3.607570054945054977e-02
5.480000000000000426e+00 3.564265255474452498e-02
5.500000000000000000e+00 3.521518236363636173e-02
5.519999999999999574e+00 3.479321268115942445e-02
5.540000000000000036e+00 3.437666787003609836e-02
5.559999999999999609e+00 3.396547320143885468e-02
5.580000000000000071e+00 3.355955501792114853e-02
5.599999999999999645e+00 3.315884053571428736e-02
5.620000000000000107e+00 3.276325836298932259e-02
5.639999999999999680e+00 3.237273776595744890e-02
5.660000000000000142e+00 3.198720936395759579e-02
5.679999999999999716e+00 3.160660457746478774e-02
5.700000000000000178e+00 3.123085578947368268e-02
5.719999999999999751e+00 3.085989650349650268e-02
5.740000000000000213e+00 3.049366097560975500e-02
5.759999999999999787e+00 3.013208472222222642e-02
5.780000000000000249e+00 2.977510380622837294e-02
5.799999999999999822e+00 2.942265551724138062e-02
5.820000000000000284e+00 2.907467800687285261e-02
5.839999999999999858e+00 2.873111010273972712e-02
5.860000000000000320e+00 2.839189163822525286e-02
5.879999999999999893e+00 2.805696343537415066e-02
5.900000000000000355e+00 2.772626711864406568e-02
5.919999999999999929e+00 2.739974510135135405e-02
5.940000000000000391e+00 2.707734057239057079e-02
5.959999999999999964e+00 2.675899765100670999e-02
5.980000000000000426e+00 2.644466103678929508e-02
6.000000000000000000e+00 2.613427666666666774e-02
6.019999999999999574e+00 2.582779102990033146e-02
6.040000000000000036e+00 2.552515115894039496e-02
6.059999999999999609e+00 2.522630511551155613e-02
6.080000000000000071e+00 2.493120180921052850e-02
6.099999999999999645e+00 2.463979049180328035e-02
6.120000000000000107e+00 2.435202140522875827e-02
6.139999999999999680e+00 2.406784576547231144e-02
6.160000000000000142e+00 2.378721493506493617e-02
6.179999999999999716e+00 2.351008139158576246e-02
6.200000000000000178e+00 2.323639822580645178e-02
6.219999999999999751e+00 2.296611881028939178e-02
6.240000000000000213e+00 2.269919791666666353e-02
6.259999999999999787e+00 2.243559041533546572e-02
6.280000000000000249e+00 2.217525191082802410e-02
6.299999999999999822e+00 2.191813873015873229e-02
6.320000000000000284e+00 2.166420791139240729e-02
6.339999999999999858e+00 2.141341687697160753e-02
6.360000000000000320e+00 2.116572389937106807e-02
6.379999999999999893e+00 2.092108777429467145e-02
6.400000000000000355e+00 2.067946781250000129e-02
6.419999999999999929e+00 2.044082383177570073e-02
6.440000000000000391e+00 2.020511645962733138e-02
6.459999999999999964e+00 1.997230681114551057e-02
6.480000000000000426e+00 1.974235632716049224e-02
6.500000000000000000e+00 1.951522738461538425e-02
6.519999999999999574e+00 1.929088266871166121e-02
6.540000000000000036e+00 1.906928547400611393e-02
6.559999999999999609e+00 1.885039939024390349e-02
6.580000000000000071e+00 1.863418875379939388e-02
6.599999999999999645e+00 1.842061848484848746e-02
6.620000000000000107e+00 1.820965377643504399e-02
6.639999999999999680e+00 1.800126039156626362e-02
6.660000000000000142e+00 1.779540480480480344e-02
6.679999999999999716e+00 1.759205344311377123e-02
6.700000000000000178e+00 1.739117388059701480e-02
6.719999999999999751e+00 1.719273348214285513e-02
6.740000000000000213e+00 1.699670059347180989e-02
6.759999999999999787e+00 1.680304363905325490e-02
6.780000000000000249e+00 1.661173185840707917e-02
6.799999999999999822e+00 1.642273455882353045e-02
6.820000000000000284e+00 1.623602184750733146e-02
6.839999999999999858e+00 1.605156374269005662e-02
6.860000000000000320e+00 1.586933119533527614e-02
6.879999999999999893e+00 1.568929520348837439e-02
6.900000000000000355e+00 1.551142753623188306e-02
6.919999999999999929e+00 1.533570000000000072e-02
6.940000000000000391e+00 1.516208487031700178e-02
6.959999999999999964e+00 1.499055502873563109e-02
6.980000000000000426e+00 1.482108352435529929e-02
7.000000000000000000e+00 1.465364385714285587e-02
7.019999999999999574e+00 1.448820982905982963e-02
7.040000000000000036e+00 1.432475568181818155e-02
7.059999999999999609e+00 1.416325609065155824e-02
7.080000000000000071e+00 1.400368586158192048e-02
7.099999999999999645e+00 1.384602032394366238e-02
7.120000000000000107e+00 1.369023508426966268e-02
7.139999999999999680e+00 1.353630612044817889e-02
7.160000000000000142e+00 1.338420969273742926e-02
7.179999999999999716e+00 1.323392245125348289e-02
7.200000000000000178e+00 1.308542130555555467e-02
7.219999999999999751e+00 1.293868354570637189e-02
7.240000000000000213e+00 1.279368671270718176e-02
7.259999999999999787e+00 1.265040869146005602e-02
7.280000000000000249e+00 1.250882769230769222e-02
7.299999999999999822e+00 1.236892216438356153e-02
7.320000000000000284e+00 1.223067088797814145e-02
7.339999999999999858e+00 1.209405295640327005e-02
7.360000000000000320e+00 1.195904769021739061e-02
7.379999999999999893e+00 1.182563475609756110e-02
7.400000000000000355e+00 1.169379404054053835e-02
7.419999999999999929e+00 1.156350575471698158e-02
7.440000000000000391e+00 1.143475033602150449e-02
7.459999999999999964e+00 1.130750851206434315e-02
7.480000000000000426e+00 1.118176128342245924e-02
7.500000000000000000e+00 1.105748986666666572e-02
7.519999999999999574e+00 1.093467577127659601e-02
7.540000000000000036e+00 1.081330072944296922e-02
7.559999999999999609e+00 1.069334675925926077e-02
7.580000000000000071e+00 1.057479608179419557e-02
7.599999999999999645e+00 1.045763118421052552e-02
7.620000000000000107e+00 1.034183476377952687e-02
7.639999999999999680e+00 1.022738976439790601e-02
7.660000000000000142e+00 1.011427937336814575e-02
7.679999999999999716e+00 1.000248699218750023e-02
7.700000000000000178e+00 9.891996233766233923e-03
7.719999999999999751e+00 9.782790932642487086e-03
7.740000000000000213e+00 9.674855167958655230e-03
7.759999999999999787e+00 9.568173195876288409e-03
7.780000000000000249e+00 9.462729498714652493e-03
7.799999999999999822e+00 9.358508782051282865e-03
7.820000000000000284e+00 9.255495907928387722e-03
7.839999999999999858e+00 9.153675982142856632e-03
7.860000000000000320e+00 9.053034312977098833e-03
7.879999999999999893e+00 8.953556357868021343e-03
7.900000000000000355e+00 8.855227822784809272e-03
7.919999999999999929e+00 8.758034558080806872e-03
7.940000000000000391e+00 8.661962632241813204e-03
7.959999999999999964e+00 8.566998266331657397e-03
7.980000000000000426e+00 8.473127907268169015e-03
8.000000000000000000e+00 8.380338124999999264e-03
8.019999999999999574e+00 8.288615735660849124e-03
8.039999999999999147e+00 8.197947649253732941e-03
8.060000000000000497e+00 8.108321017369727116e-03
8.080000000000000071e+00 8.019723118811879908e-03
8.099999999999999645e+00 7.932141419753086647e-03
8.119999999999999218e+00 7.845563534482759976e-03
8.140000000000000568e+00 7.759977248157246855e-03
8.160000000000000142e+00 7.675370514705882018e-03
8.179999999999999716e+00 7.591731430317849062e-03
8.199999999999999289e+00 7.509048243902439849e-03
8.220000000000000639e+00 7.427309367396593177e-03
8.240000000000000213e+00 7.346503373786407963e-03
8.259999999999999787e+00 7.266618958837772931e-03
8.279999999999999361e+00 7.187644987922706293e-03
8.300000000000000711e+00 7.109570457831324887e-03
8.320000000000000284e+00 7.032384507211537558e-03
8.339999999999999858e+00 6.956076426858513219e-03
8.359999999999999432e+00 6.880635633971291659e-03
8.380000000000000782e+00 6.806051694510739311e-03
8.400000000000000355e+00 6.732314285714285224e-03
8.419999999999999929e+00 6.659413242280284688e-03
8.439999999999999503e+00 6.587338530805687473e-03
8.460000000000000853e+00 6.516080224586287550e-03
8.480000000000000426e+00 6.445628549528301457e-03
8.500000000000000000e+00 6.375973835294117785e-03
8.519999999999999574e+00 6.307106537558685756e-03
8.539999999999999147e+00 6.239017259953162642e-03
8.560000000000000497e+00 6.171696705607476047e-03
8.580000000000000071e+00 6.105135675990676011e-03
8.599999999999999645e+00 6.039325139534884417e-03
8.619999999999999218e+00 5.974256148491879220e-03
8.640000000000000568e+00 5.909919861111110825e-03
8.660000000000000142e+00 5.846307575057736912e-03
8.679999999999999716e+00 5.783410679723502423e-03
8.699999999999999289e+00 5.721220666666667135e-03
8.720000000000000639e+00 5.659729174311926500e-03
8.740000000000000213e+00 5.598927894736841979e-03
8.759999999999999787e+00 5.538808652968037378e-03
8.779999999999999361e+00 5.479363394077449607e-03
8.800000000000000711e+00 5.420584124999999927e-03
8.820000000000000284e+00 5.362462981859409880e-03
8.839999999999999858e+00 5.304992205882353394e-03
8.859999999999999432e+00 5.248164097065462913e-03
8.880000000000000782e+00 5.191971103603603213e-03
8.900000000000000355e+00 5.136405719101123403e-03
8.919999999999999929e+00 5.081460571748878594e-03
8.939999999999999503e+00 5.027128366890380555e-03
8.960000000000000853e+00 4.973401886160713943e-03
8.980000000000000426e+00 4.920274031180400798e-03
9.000000000000000000e+00 4.867737777777777532e-03
9.019999999999999574e+00 4.815786164079823364e-03
9.039999999999999147e+00 4.764412367256638282e-03
9.060000000000000497e+00 4.713609613686534430e-03
9.080000000000000071e+00 4.663371222466960141e-03
9.099999999999999645e+00 4.613690593406593113e-03
9.119999999999999218e+00 4.564561206140351282e-03
9.140000000000000568e+00 4.515976641137855151e-03
9.160000000000000142e+00 4.467930534934497905e-03
9.179999999999999716e+00 4.420416601307189733e-03
9.199999999999999289e+00 4.373428663043479013e-03
9.220000000000000639e+00 4.326960596529284657e-03
9.240000000000000213e+00 4.281006331168831468e-03
9.259999999999999787e+00 4.235559924406047221e-03
9.279999999999999361e+00 4.190615474137931139e-03
9.300000000000000711e+00 4.146167139784945853e-03
9.320000000000000284e+00 4.102209184549355722e-03
9.339999999999999858e+00 4.058735920770877893e-03
9.359999999999999432e+00 4.015741741452991641e-03
9.380000000000000782e+00 3.973221098081023209e-03
9.400000000000000355e+00 3.931168521276596182e-03
9.419999999999999929e+00 3.889578588110403565e-03
9.439999999999999503e+00 3.848445985169491809e-03
9.460000000000000853e+00 3.807765412262156118e-03
9.480000000000000426e+00 3.767531666666666494e-03
9.500000000000000000e+00 3.727739600000000517e-03
9.519999999999999574e+00 3.688384128151260717e-03
9.539999999999999147e+00 3.649460230607966954e-03
9.560000000000000497e+00 3.610962939330543582e-03
9.580000000000000071e+00 3.572887359081419831e-03
9.599999999999999645e+00 3.535228645833333062e-03
9.619999999999999218e+00 3.497982027027027058e-03
9.640000000000000568e+00 3.461142759336099158e-03
9.660000000000000142e+00 3.424706180124223714e-03
9.679999999999999716e+00 3.388667696280992219e-03
9.699999999999999289e+00 3.353022731958763339e-03
9.720000000000000639e+00 3.317766800411522422e-03
9.740000000000000213e+00 3.282895451745379903e-03
9.759999999999999787e+00 3.248404303278688496e-03
9.779999999999999361e+00 3.214288997955010337e-03
9.800000000000000711e+00 3.180545265306122023e-03
9.820000000000000284e+00 3.147168869653767503e-03
9.839999999999999858e+00 3.114155619918699235e-03
9.859999999999999432e+00 3.081501389452332741e-03
9.880000000000000782e+00 3.049202095141700063e-03
9.900000000000000355e+00 3.017253696969696922e-03
9.919999999999999929e+00 2.985652217741935257e-03
9.939999999999999503e+00 2.954393712273642014e-03
9.960000000000000853e+00 2.923474297188754633e-03
9.980000000000000426e+00 2.892890120240480725e-03
1.000000000000000000e+01 2.862637380000000124e-03
1.001999999999999957e+01 2.832712345309381600e-03
1.003999999999999915e+01 2.803111284860557943e-03
1.006000000000000050e+01 2.773830546719681812e-03
1.008000000000000007e+01 2.744866507936508278e-03
1.009999999999999964e+01 2.716215584158416206e-03
1.011999999999999922e+01 2.687874258893280764e-03
1.014000000000000057e+01 2.659839023668638877e-03
1.016000000000000014e+01 2.632106437007873841e-03
1.017999999999999972e+01 2.604673084479371473e-03
1.019999999999999929e+01 2.577535607843137525e-03
1.022000000000000064e+01 2.550690665362034988e-03
1.024000000000000021e+01 2.524134960937500071e-03
1.025999999999999979e+01 2.497865263157894936e-03
1.027999999999999936e+01 2.471878356031128460e-03
1.030000000000000071e+01 2.446171048543689056e-03
1.032000000000000028e+01 2.420740222868216721e-03
1.033999999999999986e+01 2.395582765957446608e-03
1.035999999999999943e+01 2.370695627413127449e-03
1.038000000000000078e+01 2.346075770712909275e-03
1.040000000000000036e+01 2.321720201923076991e-03
1.041999999999999993e+01 2.297625969289826976e-03
1.043999999999999950e+01 2.273790162835249117e-03
1.046000000000000085e+01 2.250209875717017107e-03
1.048000000000000043e+01 2.226882270992366041e-03
1.050000000000000000e+01 2.203804514285714021e-03
1.051999999999999957e+01 2.180973830798479170e-03
1.053999999999999915e+01 2.158387466793169115e-03
1.056000000000000050e+01 2.136042689393939393e-03
1.058000000000000007e+01 2.113936824196597109e-03
1.059999999999999964e+01 2.092067198113207668e-03
1.061999999999999922e+01 2.070431186440678181e-03
1.064000000000000057e+01 2.049026203007518580e-03
1.066000000000000014e+01 2.027849671669793540e-03
1.067999999999999972e+01 2.006899063670411747e-03
1.069999999999999929e+01 1.986171869158878667e-03
1.072000000000000064e+01 1.965665597014925031e-03
1.074000000000000021e+01 1.945377821229050345e-03
1.075999999999999979e+01 1.925306115241635788e-03
1.077999999999999936e+01 1.905448070500927703e-03
1.080000000000000071e+01 1.885801342592592633e-03
1.082000000000000028e+01 1.866363585951940837e-03
1.083999999999999986e+01 1.847132490774907937e-03
1.085999999999999943e+01 1.828105764272560177e-03
1.088000000000000078e+01 1.809281176470588183e-03
1.090000000000000036e+01 1.790656467889908086e-03
1.091999999999999993e+01 1.772229450549450344e-03
1.093999999999999950e+01 1.753997943327239651e-03
1.096000000000000085e+01 1.735959790145985343e-03
1.098000000000000043e+01 1.718112859744990849e-03
1.100000000000000000e+01 1.700455045454545532e-03
1.101999999999999957e+01 1.682984274047187069e-03
1.103999999999999915e+01 1.665698487318840624e-03
1.106000000000000050e+01 1.648595641952983705e-03
1.108000000000000007e+01 1.631673745487364699e-03
1.109999999999999964e+01 1.614930801801801701e-03
1.111999999999999922e+01 1.598364847122302115e-03
1.114000000000000057e+01 1.581973940754039312e-03
1.116000000000000014e+01 1.565756164874551907e-03
1.117999999999999972e+01 1.549709624329159360e-03
1.119999999999999929e+01 1.533832446428571574e-03
1.122000000000000064e+01 1.518122771836007004e-03
1.124000000000000021e+01 1.502578772241992865e-03
1.125999999999999979e+01 1.487198632326820801e-03
1.127999999999999936e+01 1.471980567375886628e-03
1.130000000000000071e+01 1.456922796460176925e-03
1.132000000000000028e+01 1.442023577738515625e-03
1.133999999999999986e+01 1.427281190476190672e-03
1.135999999999999943e+01 1.412693899647887458e-03
1.138000000000000078e+01 1.398260043936730901e-03
1.140000000000000036e+01 1.383977929824561307e-03
1.141999999999999993e+01 1.369845910683012251e-03
1.143999999999999950e+01 1.355862351398601402e-03
1.146000000000000085e+01 1.342025636998254653e-03
1.148000000000000043e+01 1.328334181184668856e-03
1.150000000000000000e+01 1.314786391304347728e-03
1.151999999999999957e+01 1.301380711805555672e-03
1.153999999999999915e+01 1.288115606585788593e-03
1.156000000000000050e+01 1.274989532871972269e-03
1.158000000000000007e+01 1.262001001727115638e-03
1.159999999999999964e+01 1.249148508620689674e-03
1.161999999999999922e+01 1.236430576592082624e-03
1.164000000000000057e+01 1.223845764604810987e-03
1.166000000000000014e+01 1.211392615780445886e-03
1.167999999999999972e+01 1.199069708904109549e-03
1.169999999999999929e+01 1.186875641025641201e-03
1.172000000000000064e+01 1.174809010238907778e-03
1.174000000000000021e+01 1.162868449744463304e-03
1.175999999999999979e+01 1.151052585034013703e-03
1.177999999999999936e+01 1.139360076400679255e-03
1.180000000000000071e+01 1.127789593220338872e-03
1.182000000000000028e+01 1.116339822335025425e-03
1.183999999999999986e+01 1.105009451013513541e-03
1.185999999999999943e+01 1.093797200674536318e-03
1.188000000000000078e+01 1.082701801346801348e-03
1.190000000000000036e+01 1.071721983193277316e-03
1.191999999999999993e+01 1.060856510067113975e-03
1.193999999999999950e+01 1.050104154103852563e-03
1.196000000000000085e+01 1.039463695652173905e-03
1.198000000000000043e+01 1.028933931552587560e-03
1.200000000000000000e+01 1.018513666666666720e-03
1.201999999999999957e+01 1.008201738768718745e-03
1.203999999999999915e+01 9.979969684385382560e-04
1.206000000000000050e+01 9.878982172470977732e-04
1.208000000000000007e+01 9.779043460264899394e-04
1.209999999999999964e+01 9.680142314049586770e-04
1.211999999999999922e+01 9.582267574257425247e-04
1.214000000000000057e+01 9.485408237232289446e-04
1.216000000000000014e+01 9.389553453947367895e-04
1.217999999999999972e+01 9.294692446633826943e-04
1.219999999999999929e+01 9.200814672131148782e-04
1.222000000000000064e+01 9.107909492635023023e-04
1.224000000000000021e+01 9.015966666666665923e-04
1.225999999999999979e+01 8.924975693311581896e-04
1.227999999999999936e+01 8.834926628664494918e-04
1.230000000000000071e+01 8.745809268292681913e-04
1.232000000000000028e+01 8.657613717532467237e-04
1.233999999999999986e+01 8.570330145867098700e-04
1.235999999999999943e+01 8.483948867313915836e-04
1.238000000000000078e+01 8.398460177705977057e-04
1.240000000000000036e+01 8.313854677419354848e-04
1.241999999999999993e+01 8.230122785829307314e-04
1.243999999999999950e+01 8.147255385852090678e-04
1.246000000000000085e+01 8.065243178170144371e-04
1.248000000000000043e+01 7.984077139423077264e-04
1.250000000000000000e+01 7.903748200000000222e-04
1.251999999999999957e+01 7.824247492012779363e-04
1.253999999999999915e+01 7.745566220095694227e-04
1.256000000000000050e+01 7.667695668789808669e-04
1.258000000000000007e+01 7.590627241653417510e-04
1.259999999999999964e+01 7.514352428571428747e-04
1.261999999999999922e+01 7.438862805071315464e-04
1.264000000000000057e+01 7.364150047468354414e-04
1.266000000000000014e+01 7.290205932069510454e-04
1.267999999999999972e+01 7.217022302839116868e-04
1.269999999999999929e+01 7.144591110236221242e-04
1.272000000000000064e+01 7.072904386792452317e-04
1.274000000000000021e+01 7.001954254317111544e-04
1.275999999999999979e+01 6.931732931034482494e-04
1.277999999999999936e+01 6.862232699530516856e-04
1.280000000000000071e+01 6.793445937499999242e-04
1.282000000000000028e+01 6.725365117004680759e-04
1.283999999999999986e+01 6.657982772585670141e-04
1.285999999999999943e+01 6.591291531881803998e-04
1.288000000000000078e+01 6.525284099378881979e-04
1.290000000000000036e+01 6.459953263565891167e-04
1.291999999999999993e+01 6.395291896284829554e-04
1.293999999999999950e+01 6.331292921174652699e-04
1.296000000000000085e+01 6.267949375000000109e-04
1.298000000000000043e+01 6.205254352850539043e-04
1.300000000000000000e+01 6.143201015384615717e-04
1.301999999999999957e+01 6.081782611367127483e-04
1.303999999999999915e+01 6.020992469325153794e-04
1.306000000000000050e+01 5.960823973966309589e-04
1.308000000000000007e+01 5.901270581039755932e-04
1.309999999999999964e+01 5.842325839694656247e-04
1.311999999999999922e+01 5.783983346036585156e-04
1.314000000000000057e+01 5.726236773211567039e-04
1.316000000000000014e+01 5.669079870820668658e-04
1.317999999999999972e+01 5.612506449165402100e-04
1.319999999999999929e+01 5.556510386363636362e-04
1.322000000000000064e+01 5.501085620272313939e-04
1.324000000000000021e+01 5.446226170694863601e-04
1.325999999999999979e+01 5.391926108597285472e-04
1.327999999999999936e+01 5.338179570783132101e-04
1.330000000000000071e+01 5.284980766917293229e-04
1.332000000000000028e+01 5.232323956456455798e-04
1.333999999999999986e+01 5.180203478260869470e-04
1.335999999999999943e+01 5.128613705089820913e-04
1.338000000000000078e+01 5.077549095665171743e-04
1.340000000000000036e+01 5.027004156716417685e-04
1.341999999999999993e+01 4.976973457526080377e-04
1.343999999999999950e+01 4.927451629464285393e-04
1.346000000000000085e+01 4.878433358098068395e-04
1.348000000000000043e+01 4.829913382789317736e-04
1.350000000000000000e+01 4.781886503703703479e-04
1.351999999999999957e+01 4.734347573964497102e-04
1.353999999999999915e+01 4.687291514032496153e-04
1.356000000000000050e+01 4.640713281710914123e-04
1.358000000000000007e+01 4.594607893961708488e-04
1.359999999999999964e+01 4.548970433823529996e-04
1.361999999999999922e+01 4.503796020558002797e-04
1.364000000000000057e+01 4.459079831378298794e-04
1.366000000000000014e+01 4.414817108345534067e-04
1.367999999999999972e+01 4.371003121345029226e-04
1.369999999999999929e+01 4.327633204379561886e-04
1.372000000000000064e+01 4.284702747813410955e-04
1.374000000000000021e+01 4.242207183406113331e-04
1.375999999999999979e+01 4.200141976744186300e-04
1.377999999999999936e+01 4.158502677793904563e-04
1.380000000000000071e+01 4.117284855072463707e-04
1.382000000000000028e+01 4.076484124457308185e-04
1.383999999999999986e+01 4.036096177745665059e-04
1.385999999999999943e+01 3.996116717171717598e-04
1.388000000000000078e+01 3.956541505763688685e-04
1.390000000000000036e+01 3.917366359712230088e-04
1.391999999999999993e+01 3.878587133620689997e-04
1.393999999999999950e+01 3.840199720229555444e-04
1.396000000000000085e+01 3.802200064469913937e-04
1.398000000000000043e+01 3.764584148783977290e-04
1.400000000000000000e+01 3.727348007142857280e-04
1.401999999999999957e+01 3.690487703281027055e-04
1.403999999999999915e+01 3.653999358974359141e-04
1.406000000000000050e+01 3.617879110953058325e-04
1.408000000000000007e+01 3.582123174715909049e-04
1.409999999999999964e+01 3.546727765957446835e-04
1.411999999999999922e+01 3.511689171388102191e-04
1.414000000000000057e+01 3.477003705799151106e-04
1.416000000000000014e+01 3.442667718926553438e-04
1.417999999999999972e+01 3.408677609308885721e-04
1.419999999999999929e+01 3.375029802816901267e-04
1.422000000000000064e+01 3.341720766526019479e-04
1.424000000000000021e+01 3.308747015449438182e-04
1.425999999999999979e+01 3.276105084151472650e-04
1.427999999999999936e+01 3.243791561624649773e-04
1.430000000000000071e+01 3.211803055944055865e-04
1.432000000000000028e+01 3.180136229050279251e-04
1.433999999999999986e+01 3.148787761506275902e-04
1.435999999999999943e+01 3.117754380222841635e-04
1.438000000000000078e+01 3.087032837273991754e-04
1.440000000000000036e+01 3.056619930555555791e-04
1.441999999999999993e+01 3.026512489597780586e-04
1.443999999999999950e+01 2.996707361495845232e-04
1.446000000000000085e+01 2.967201452282157838e-04
1.448000000000000043e+01 2.937991678176795360e-04
1.450000000000000000e+01 2.909075006896551805e-04
1.451999999999999957e+01 2.880448415977961683e-04
1.453999999999999915e+01 2.852108940852820357e-04
1.456000000000000050e+01 2.824053626373626341e-04
1.458000000000000007e+01 2.796279561042524218e-04
1.459999999999999964e+01 2.768783856164383993e-04
1.461999999999999922e+01 2.741563659370725367e-04
1.464000000000000057e+01 2.714616147540983436e-04
1.466000000000000014e+01 2.687938526603001399e-04
1.467999999999999972e+01 2.661528031335149563e-04
1.469999999999999929e+01 2.635381925170068493e-04
1.472000000000000064e+01 2.609497499999999964e-04
1.474000000000000021e+01 2.583872082767978313e-04
1.475999999999999979e+01 2.558503014905149113e-04
1.477999999999999936e+01 2.533387679296346287e-04
1.480000000000000071e+01 2.508523479729729490e-04
1.482000000000000028e+01 2.483907847503373837e-04
1.483999999999999986e+01 2.459538247978436658e-04
1.485999999999999943e+01 2.435412153432032351e-04
1.488000000000000078e+01 2.411527090053763389e-04
1.490000000000000036e+01 2.387880590604026779e-04
1.491999999999999993e+01 2.364470221179624447e-04
1.493999999999999950e+01 2.341293567603748441e-04
1.496000000000000085e+01 2.318348248663101472e-04
1.498000000000000043e+01 2.295631902536715519e-04
1.500000000000000000e+01 2.273142193333333415e-04
1.501999999999999957e+01 2.250876810918775125e-04
1.503999999999999915e+01 2.228833470744680972e-04
1.506000000000000050e+01 2.207009907038512560e-04
1.508000000000000007e+01 2.185403885941644469e-04
1.509999999999999964e+01 2.164013185430463415e-04
1.511999999999999922e+01 2.142835615079365097e-04
1.514000000000000057e+01 2.121869009247027646e-04
1.516000000000000014e+01 2.101111220316622763e-04
1.517999999999999972e+01 2.080560118577075258e-04
1.519999999999999929e+01 2.060213598684210580e-04
1.522000000000000064e+01 2.040069592641261518e-04
1.524000000000000021e+01 2.020126036745406703e-04
1.525999999999999979e+01 2.000380891218872905e-04
1.527999999999999936e+01 1.980832140052356184e-04
1.530000000000000071e+01 1.961477790849673066e-04
1.532000000000000028e+01 1.942315868146214219e-04
1.533999999999999986e+01 1.923344419817470780e-04
1.535999999999999943e+01 1.904561510416666759e-04
1.538000000000000078e+01 1.885965227568270244e-04
1.540000000000000036e+01 1.867553675324675237e-04
1.541999999999999993e+01 1.849324987029831357e-04
1.543999999999999950e+01 1.831277305699481757e-04
1.546000000000000085e+01 1.813408790426907923e-04
1.548000000000000043e+01 1.795717635658914562e-04
1.550000000000000000e+01 1.778202038709677439e-04
1.551999999999999957e+01 1.760860219072164865e-04
1.553999999999999915e+01 1.743690424710424812e-04
1.556000000000000050e+01 1.726690906169665906e-04
1.558000000000000007e+01 1.709859942233632956e-04
1.559999999999999964e+01 1.693195833333333478e-04
1.561999999999999922e+01 1.676696888604353383e-04
1.564000000000000057e+01 1.660361432225063855e-04
1.566000000000000014e+01 1.644187809706258122e-04
1.567999999999999972e+01 1.628174400510204131e-04
1.569999999999999929e+01 1.612319566878981064e-04
1.572000000000000064e+01 1.596621723918574933e-04
1.574000000000000021e+01 1.581079269377382588e-04
1.575999999999999979e+01 1.565690647208121901e-04
1.577999999999999936e+01 1.550454296577946710e-04
1.580000000000000071e+01 1.535368683544303687e-04
1.582000000000000028e+01 1.520432288242730683e-04
1.583999999999999986e+01 1.505643604797979795e-04
1.585999999999999943e+01 1.491001141235813454e-04
1.588000000000000078e+01 1.476503419395465942e-04
1.590000000000000036e+01 1.462148993710691615e-04
1.591999999999999993e+01 1.447936407035175783e-04
1.593999999999999950e+01 1.433864234629862061e-04
1.596000000000000085e+01 1.419931058897242967e-04
1.598000000000000043e+01 1.406135488110137684e-04
1.600000000000000000e+01 1.392476124999999956e-04
1.601999999999999957e+01 1.378951610486891350e-04
1.603999999999999915e+01 1.365560579800498774e-04
1.605999999999999872e+01 1.352301693648817022e-04
1.607999999999999829e+01 1.339173625621890645e-04
1.610000000000000142e+01 1.326175049689440680e-04
1.612000000000000099e+01 1.313304671215880784e-04
1.614000000000000057e+01 1.300561201982651624e-04
1.616000000000000014e+01 1.287943360148514958e-04
1.617999999999999972e+01 1.275449894932014839e-04
1.619999999999999929e+01 1.263079543209876671e-04
1.621999999999999886e+01 1.250831078914920000e-04
1.623999999999999844e+01 1.238703275862069043e-04
1.626000000000000156e+01 1.226694926199261887e-04
1.628000000000000114e+01 1.214804821867321750e-04
1.630000000000000071e+01 1.203031779141104359e-04
1.632000000000000028e+01 1.191374632352941259e-04
1.633999999999999986e+01 1.179832209302325623e-04
1.635999999999999943e+01 1.168403361858190778e-04
1.637999999999999901e+01 1.157086953601953655e-04
1.639999999999999858e+01 1.145881859756097711e-04
1.642000000000000171e+01 1.134786961023142454e-04
1.644000000000000128e+01 1.123801155717761395e-04
1.646000000000000085e+01 1.112923347509112940e-04
1.648000000000000043e+01 1.102152463592233057e-04
1.650000000000000000e+01 1.091487424242424238e-04
1.651999999999999957e+01 1.080927173123486602e-04
1.653999999999999915e+01 1.070470665054413655e-04
1.655999999999999872e+01 1.060116859903381816e-04
1.657999999999999829e+01 1.049864728588661180e-04
1.660000000000000142e+01 1.039713253012048078e-04
1.662000000000000099e+01 1.029661432009626877e-04
1.664000000000000057e+01 1.019708269230769300e-04
1.666000000000000014e+01 1.009852773109243691e-04
1.667999999999999972e+01 1.000093974820143953e-04
1.669999999999999929e+01 9.904309101796407379e-05
1.671999999999999886e+01 9.808626136363636343e-05
1.673999999999999844e+01 9.713881421744326855e-05
1.676000000000000156e+01 9.620065632458232234e-05
1.678000000000000114e+01 9.527169427890345489e-05
1.680000000000000071e+01 9.435183749999999261e-05
1.682000000000000028e+01 9.344099405469677877e-05
1.683999999999999986e+01 9.253907422802851179e-05
1.685999999999999943e+01 9.164598991696322808e-05
1.687999999999999901e+01 9.076165165876778050e-05
1.689999999999999858e+01 8.988597337278108300e-05
1.692000000000000171e+01 8.901886879432622884e-05
1.694000000000000128e+01 8.816025147579692890e-05
1.696000000000000085e+01 8.731003773584904832e-05
1.698000000000000043e+01 8.646814369846878663e-05
1.700000000000000000e+01 8.563448647058823223e-05
1.701999999999999957e+01 8.480898413631022398e-05
1.703999999999999915e+01 8.399155516431924947e-05
1.705999999999999872e+01 8.318212016412661878e-05
1.707999999999999829e+01 8.238059836065574949e-05
1.710000000000000142e+01 8.158691228070174759e-05
1.712000000000000099e+01 8.080098306074765923e-05
1.714000000000000057e+01 8.002273395565928388e-05
1.716000000000000014e+01 7.925208857808858226e-05
1.717999999999999972e+01 7.848897147846333236e-05
1.719999999999999929e+01 7.773330755813954236e-05
1.721999999999999886e+01 7.698502322880372312e-05
1.723999999999999844e+01 7.624404466357308935e-05
1.726000000000000156e+01 7.551030011587484686e-05
1.728000000000000114e+01 7.478371701388888742e-05
1.730000000000000071e+01 7.406422427745664697e-05
1.732000000000000028e+01 7.335175230946881341e-05
1.733999999999999986e+01 7.264623068050750094e-05
1.735999999999999943e+01 7.194759043778802476e-05
1.737999999999999901e+01 7.125576409666283537e-05
1.739999999999999858e+01 7.057068333333332832e-05
1.742000000000000171e+01 6.989228128587829836e-05
1.744000000000000128e+01 6.922049254587155228e-05
1.746000000000000085e+01 6.855525085910652841e-05
1.748000000000000043e+01 6.789649141876429852e-05
1.750000000000000000e+01 6.724415028571428831e-05
1.751999999999999957e+01 6.659816381278538678e-05
1.753999999999999915e+01 6.595846864310149266e-05
1.755999999999999872e+01 6.532500284738041471e-05
1.757999999999999829e+01 6.469770534698521312e-05
1.760000000000000142e+01 6.407651420454545360e-05
1.762000000000000099e+01 6.346136946651531900e-05
1.764000000000000057e+01 6.285221088435374924e-05
1.766000000000000014e+01 6.224898018120045100e-05
1.767999999999999972e+01 6.165161764705882007e-05
1.769999999999999929e+01 6.106006553672317172e-05
1.771999999999999886e+01 6.047426693002257744e-05
1.773999999999999844e+01 5.989416459977452432e-05
1.776000000000000156e+01 5.931970270270269305e-05
1.778000000000000114e+01 5.875082452193475539e-05
1.780000000000000071e+01 5.818747584269662960e-05
1.782000000000000028e+01 5.762960213243546487e-05
1.783999999999999986e+01 5.707714854260089062e-05
1.785999999999999943e+01 5.653006159014558381e-05
1.787999999999999901e+01 5.598828914988814210e-05
1.789999999999999858e+01 5.545177832402235367e-05
1.792000000000000171e+01 5.492047712053571660e-05
1.794000000000000128e+01 5.439433422519508802e-05
1.796000000000000085e+01 5.387329883073496868e-05
1.798000000000000043e+01 5.335732052280311386e-05
1.800000000000000000e+01 5.284634938888888912e-05
1.801999999999999957e+01 5.234033618201997673e-05
1.803999999999999915e+01 5.183923203991130902e-05
1.805999999999999872e+01 5.134298848283499735e-05
1.807999999999999829e+01 5.085155774336283844e-05
1.810000000000000142e+01 5.036489232044198396e-05
1.812000000000000099e+01 4.988294541942604938e-05
1.814000000000000057e+01 4.940567045203968970e-05
1.816000000000000014e+01 4.893302153083700293e-05
1.817999999999999972e+01 4.846495302530253000e-05
1.819999999999999929e+01 4.800141994505495029e-05
1.821999999999999886e+01 4.754237766190999126e-05
1.823999999999999844e+01 4.708778196271929913e-05
1.826000000000000156e+01 4.663758915662650085e-05
1.828000000000000114e+01 4.619175590809627480e-05
1.830000000000000071e+01 4.575023934426229212e-05
1.832000000000000028e+01 4.531299710698689839e-05
1.833999999999999986e+01 4.487998718647764575e-05
1.835999999999999943e+01 4.445116791938997982e-05
1.837999999999999901e+01 4.402649820457019044e-05
1.839999999999999858e+01 4.360593722826087461e-05
1.842000000000000171e+01 4.318944467969597497e-05
1.844000000000000128e+01 4.277698058568328869e-05
1.846000000000000085e+01 4.236850541711808805e-05
1.848000000000000043e+01 4.196398003246753046e-05
1.850000000000000000e+01 4.156336562162162365e-05
1.851999999999999957e+01 4.116662386609071705e-05
1.853999999999999915e+01 4.077371672060410080e-05
1.855999999999999872e+01 4.038460662715517727e-05
1.857999999999999829e+01 3.999925629709364988e-05
1.860000000000000142e+01 3.961762887096773500e-05
1.862000000000000099e+01 3.923968791621912101e-05
1.864000000000000057e+01 3.886539721030042609e-05
1.866000000000000014e+01 3.849472106109324746e-05
1.867999999999999972e+01 3.812762398286937831e-05
1.869999999999999929e+01 3.776407096256684308e-05
1.871999999999999886e+01 3.740402724358974534e-05
1.873999999999999844e+01 3.704745848452508457e-05
1.876000000000000156e+01 3.669433065031983237e-05
1.878000000000000114e+01 3.634461006389776502e-05
1.880000000000000071e+01 3.599826335106382592e-05
1.882000000000000028e+01 3.565525754516471598e-05
1.883999999999999986e+01 3.531555987261146421e-05
1.885999999999999943e+01 3.497913806998939986e-05
1.887999999999999901e+01 3.464596001059322162e-05
1.889999999999999858e+01 3.431599396825396917e-05
1.892000000000000171e+01 3.398920861522198298e-05
1.894000000000000128e+01 3.366557275607180201e-05
1.896000000000000085e+01 3.334505564345991222e-05
1.898000000000000043e+01 3.302762687038988059e-05
1.900000000000000000e+01 3.271325610526315975e-05
1.901999999999999957e+01 3.240191361724500545e-05
1.903999999999999915e+01 3.209356974789916118e-05
1.905999999999999872e+01 3.178819522560335760e-05
1.907999999999999829e+01 3.148576100628931040e-05
1.910000000000000142e+01 3.118623848167538916e-05
1.912000000000000099e+01 3.088959911087865967e-05
1.914000000000000057e+01 3.059581483803552713e-05
1.916000000000000014e+01 3.030485782881002361e-05
1.917999999999999972e+01 3.001670036496350522e-05
1.919999999999999929e+01 2.973131526041666666e-05
1.921999999999999886e+01 2.944867539021852739e-05
1.923999999999999844e+01 2.916875400207900694e-05
1.926000000000000156e+01 2.889152461059189771e-05
1.928000000000000114e+01 2.861696094398340109e-05
1.930000000000000071e+01 2.834503704663212333e-05
1.932000000000000028e+01 2.807572717391304537e-05
1.933999999999999986e+01 2.780900584281282369e-05
1.935999999999999943e+01 2.754484783057851183e-05
1.937999999999999901e+01 2.728322822497420037e-05
1.939999999999999858e+01 2.702412221649484964e-05
1.942000000000000171e+01 2.676750535530380700e-05
1.944000000000000128e+01 2.651335339506172387e-05
1.946000000000000085e+01 2.626164234326824456e-05
1.948000000000000043e+01 2.601234851129363357e-05
1.950000000000000000e+01 2.576544825641025318e-05
1.951999999999999957e+01 2.552091834016393637e-05
1.953999999999999915e+01 2.527873572159672390e-05
1.955999999999999872e+01 2.503887755623721793e-05
1.957999999999999829e+01 2.480132119509704112e-05
1.960000000000000142e+01 2.456604428571428463e-05
1.962000000000000099e+01 2.433302466870540133e-05
1.964000000000000057e+01 2.410224037678207500e-05
1.966000000000000014e+01 2.387366968463886226e-05
1.967999999999999972e+01 2.364729110772357512e-05
1.969999999999999929e+01 2.342308329949238779e-05
1.971999999999999886e+01 2.320102520283975781e-05
1.973999999999999844e+01 2.298109594731509783e-05
1.976000000000000156e+01 2.276327484817813743e-05
1.978000000000000114e+01 2.254754135490394127e-05
1.980000000000000071e+01 2.233387530303030392e-05
1.982000000000000028e+01 2.212225655903127882e-05
1.983999999999999986e+01 2.191266527217742088e-05
1.985999999999999943e+01 2.170508172205438239e-05
1.987999999999999901e+01 2.149948651911469044e-05
1.989999999999999858e+01 2.129586025125628212e-05
1.992000000000000171e+01 2.109418393574296759e-05
1.994000000000000128e+01 2.089443856569709142e-05
1.996000000000000085e+01 2.069660546092184298e-05
1.998000000000000043e+01 2.050066606606606477e-05
2.000000000000000000e+01 2.030660200000000186e-05
2.001999999999999957e+01 2.011439510489510470e-05
2.003999999999999915e+01 1.992402739520958275e-05
2.005999999999999872e+01 1.973548105682951300e-05
2.007999999999999829e+01 1.954873839641434530e-05
2.010000000000000142e+01 1.936378194029850556e-05
2.012000000000000099e+01 1.918059438369781143e-05
2.014000000000000057e+01 1.899915863952333732e-05
2.016000000000000014e+01 1.881945773809523762e-05
2.017999999999999972e+01 1.864147482656095361e-05
2.019999999999999929e+01 1.846519331683168613e-05
2.021999999999999886e+01 1.829059673590504662e-05
2.023999999999999844e+01 1.811766877470356060e-05
2.026000000000000156e+01 1.794639323790720337e-05
2.028000000000000114e+01 1.777675419132149659e-05
2.030000000000000071e+01 1.760873581280788177e-05
2.032000000000000028e+01 1.744232239173228145e-05
2.033999999999999986e+01 1.727749842674532904e-05
2.035999999999999943e+01 1.711424857563850625e-05
2.037999999999999901e+01 1.695255750736015865e-05
2.039999999999999858e+01 1.679241029411764844e-05
2.042000000000000171e+01 1.663379187071498415e-05
2.044000000000000128e+01 1.647668757338551505e-05
2.046000000000000085e+01 1.632108274682307058e-05
2.048000000000000043e+01 1.616696289062499874e-05
2.050000000000000000e+01 1.601431365853658555e-05
2.051999999999999957e+01 1.586312085769980799e-05
2.053999999999999915e+01 1.571337039922102993e-05
2.055999999999999872e+01 1.556504834630350364e-05
2.057999999999999829e+01 1.541814096209912399e-05
2.060000000000000142e+01 1.527263451456310639e-05
2.062000000000000099e+01 1.512851556741028022e-05
2.064000000000000057e+01 1.498577063953488231e-05
2.066000000000000014e+01 1.484438654404646655e-05
2.067999999999999972e+01 1.470435014506769834e-05
2.069999999999999929e+01 1.456564835748792222e-05
2.071999999999999886e+01 1.442826843629343831e-05
2.073999999999999844e+01 1.429219754098360611e-05
2.076000000000000156e+01 1.415742307321772338e-05
2.078000000000000114e+01 1.402393253128007658e-05
2.080000000000000071e+01 1.389171355769230657e-05
2.082000000000000028e+01 1.376075389048991354e-05
2.083999999999999986e+01 1.363104136276391565e-05
2.085999999999999943e+01 1.350256395014381518e-05
2.087999999999999901e+01 1.337530981800766259e-05
2.089999999999999858e+01 1.324926712918660561e-05
2.092000000000000171e+01 1.312442423518164198e-05
2.094000000000000128e+01 1.300076957975167141e-05
2.096000000000000085e+01 1.287829169847328238e-05
2.098000000000000043e+01 1.275697926596758740e-05
2.100000000000000000e+01 1.263682104761904861e-05
2.101999999999999957e+01 1.251780599429115250e-05
2.103999999999999915e+01 1.239992305133079891e-05
2.105999999999999872e+01 1.228316134852801615e-05
2.107999999999999829e+01 1.216751005692599677e-05
2.110000000000000142e+01 1.205295853080568479e-05
2.112000000000000099e+01 1.193949621212121297e-05
2.114000000000000057e+01 1.182711258278145473e-05
2.116000000000000014e+01 1.171579725897920622e-05
2.117999999999999972e+01 1.160553999055712968e-05
2.119999999999999929e+01 1.149633061320754629e-05
2.121999999999999886e+01 1.138815904806786107e-05
2.123999999999999844e+01 1.128101530131826796e-05
2.126000000000000156e+01 1.117488951081843690e-05
2.128000000000000114e+01 1.106977189849624082e-05
2.130000000000000071e+01 1.096565276995305180e-05
2.132000000000000028e+01 1.086252256097560944e-05
2.133999999999999986e+01 1.076037169634489165e-05
2.135999999999999943e+01 1.065919082397003802e-05
2.137999999999999901e+01 1.055897067352666038e-05
2.139999999999999858e+01 1.045970191588785089e-05
2.142000000000000171e+01 1.036137549019607822e-05
2.144000000000000128e+01 1.026398232276119414e-05
2.146000000000000085e+01 1.016751346691519029e-05
2.148000000000000043e+01 1.007196005586592086e-05
2.150000000000000000e+01 9.977313302325580338e-06
2.151999999999999957e+01 9.883564498141263370e-06
2.153999999999999915e+01 9.790705013927577730e-06
2.155999999999999872e+01 9.698726345083487964e-06
2.157999999999999829e+01 9.607620018535681966e-06
2.160000000000000142e+01 9.517377731481480138e-06
2.162000000000000099e+01 9.427991119333949365e-06
2.164000000000000057e+01 9.339452033271718076e-06
2.166000000000000014e+01 9.251752308402585746e-06
2.167999999999999972e+01 9.164883948339483098e-06
2.169999999999999929e+01 9.078838940092165251e-06
2.171999999999999886e+01 8.993609392265194093e-06
2.173999999999999844e+01 8.909187534498620411e-06
2.176000000000000156e+01 8.825565579044118147e-06
2.178000000000000114e+01 8.742735904499541035e-06
2.180000000000000071e+01 8.660690917431193049e-06
2.182000000000000028e+01 8.579423052245646912e-06
2.183999999999999986e+01 8.498924954212454236e-06
2.185999999999999943e+01 8.419189158279963509e-06
2.187999999999999901e+01 8.340208455210237882e-06
2.189999999999999858e+01 8.261975570776256515e-06
2.192000000000000171e+01 8.184483302919706618e-06
2.194000000000000128e+01 8.107724658158614310e-06
2.196000000000000085e+01 8.031692577413479319e-06
2.198000000000000043e+01 7.956380118289354763e-06
2.200000000000000000e+01 7.881780363636363670e-06
2.201999999999999957e+01 7.807886512261579462e-06
2.203999999999999915e+01 7.734691787658803374e-06
2.205999999999999872e+01 7.662189573889393346e-06
2.207999999999999829e+01 7.590373188405797322e-06
2.210000000000000142e+01 7.519236108597284489e-06
2.212000000000000099e+01 7.448771835443038202e-06
2.214000000000000057e+01 7.378973893405600932e-06
2.216000000000000014e+01 7.309835965703971414e-06
2.217999999999999972e+01 7.241351758340847275e-06
2.219999999999999929e+01 7.173514954954955792e-06
2.221999999999999886e+01 7.106319441944194985e-06
2.223999999999999844e+01 7.039759082733812951e-06
2.226000000000000156e+01 6.973827762803233463e-06
2.228000000000000114e+01 6.908519479353680348e-06
2.230000000000000071e+01 6.843828340807174448e-06
2.232000000000000028e+01 6.779748431899640996e-06
2.233999999999999986e+01 6.716273903312443625e-06
2.235999999999999943e+01 6.653398926654740615e-06
2.237999999999999901e+01 6.591117873100983502e-06
2.239999999999999858e+01 6.529425044642856831e-06
2.242000000000000171e+01 6.468314808206957155e-06
2.244000000000000128e+01 6.407781595365418614e-06
2.246000000000000085e+01 6.347819946571683457e-06
2.248000000000000043e+01 6.288424377224199907e-06
2.250000000000000000e+01 6.229589511111110605e-06
2.251999999999999957e+01 6.171309946714031807e-06
2.253999999999999915e+01 6.113580434782609495e-06
2.255999999999999872e+01 6.056395744680850974e-06
2.257999999999999829e+01 5.999750620017715429e-06
2.260000000000000142e+01 5.943639999999999560e-06
2.262000000000000099e+01 5.888058709106984960e-06
2.264000000000000057e+01 5.833001766784452188e-06
2.266000000000000014e+01 5.778464121800529571e-06
2.267999999999999972e+01 5.724440873015872679e-06
2.269999999999999929e+01 5.670927092511013930e-06
2.271999999999999886e+01 5.617917957746478969e-06
2.273999999999999844e+01 5.565408619173263273e-06
2.276000000000000156e+01 5.513394376098417973e-06
2.278000000000000114e+01 5.461870412642668451e-06
2.280000000000000071e+01 5.410832149122807475e-06
2.282000000000000028e+01 5.360274978089394825e-06
2.283999999999999986e+01 5.310194220665499593e-06
2.285999999999999943e+01 5.260585433070866239e-06
2.287999999999999901e+01 5.211444055944056360e-06
2.289999999999999858e+01 5.162765676855895815e-06
2.292000000000000171e+01 5.114545942408376513e-06
2.294000000000000128e+01 5.066780383609415660e-06
2.296000000000000085e+01 5.019464721254354890e-06
2.298000000000000043e+01 4.972594734551784579e-06
2.300000000000000000e+01 4.926166086956521652e-06
2.301999999999999957e+01 4.880174630755865061e-06
2.303999999999999915e+01 4.834616232638888854e-06
2.305999999999999872e+01 4.789486730268863913e-06
2.307999999999999829e+01 4.744782105719238194e-06
2.310000000000000142e+01 4.700498225108224503e-06
2.312000000000000099e+01 4.656631185121106613e-06
2.314000000000000057e+01 4.613176966292134701e-06
2.316000000000000014e+01 4.570131649395509767e-06
2.317999999999999972e+01 4.527491371872303747e-06
2.319999999999999929e+01 4.485252284482759002e-06
2.321999999999999886e+01 4.443410551248923861e-06
2.323999999999999844e+01 4.401962435456110040e-06
2.326000000000000156e+01 4.360904170249355196e-06
2.328000000000000114e+01 4.320232044673538931e-06
2.330000000000000071e+01 4.279942442060085870e-06
2.332000000000000028e+01 4.240031672384219830e-06
2.333999999999999986e+01 4.200496165381319216e-06
2.335999999999999943e+01 4.161332358732876766e-06
2.337999999999999901e+01 4.122536719418307034e-06
2.339999999999999858e+01 4.084105760683761556e-06
2.342000000000000171e+01 4.046036011955593104e-06
2.344000000000000128e+01 4.008324052901023486e-06
2.346000000000000085e+01 3.970966487638533091e-06
2.348000000000000043e+01 3.933959953151617883e-06
2.350000000000000000e+01 3.897301123404254827e-06
2.351999999999999957e+01 3.860986696428571551e-06
2.353999999999999915e+01 3.825013406966864754e-06
2.355999999999999872e+01 3.789378017826825145e-06
2.357999999999999829e+01 3.754077328244275519e-06
2.360000000000000142e+01 3.719108169491525156e-06
2.362000000000000099e+01 3.684467387806942886e-06
2.364000000000000057e+01 3.650151882402706941e-06
2.366000000000000014e+01 3.616158558748943157e-06
2.367999999999999972e+01 3.582484374999999759e-06
2.369999999999999929e+01 3.549126299578059156e-06
2.371999999999999886e+01 3.516081340640809396e-06
2.373999999999999844e+01 3.483346529064869888e-06
2.376000000000000156e+01 3.450918930976430912e-06
2.378000000000000114e+01 3.418795630782169511e-06
2.380000000000000071e+01 3.386973752100840124e-06
2.382000000000000028e+01 3.355450440806045130e-06
2.383999999999999986e+01 3.324222864932885888e-06
2.385999999999999943e+01 3.293288227158424012e-06
2.387999999999999901e+01 3.262643752093802337e-06
2.389999999999999858e+01 3.232286698744770005e-06
2.392000000000000171e+01 3.202214343645484909e-06
2.394000000000000128e+01 3.172423989139515213e-06
2.396000000000000085e+01 3.142912967445742764e-06
2.398000000000000043e+01 3.113678640533777673e-06
2.400000000000000000e+01 3.084718387499999925e-06
2.401999999999999957e+01 3.056029612822647608e-06
2.403999999999999915e+01 3.027609754575707169e-06
2.405999999999999872e+01 2.999456263507897144e-06
2.407999999999999829e+01 2.971566619601329220e-06
2.410000000000000142e+01 2.943938336099584851e-06
2.412000000000000099e+01 2.916568934494195359e-06
2.414000000000000057e+01 2.889455969345484704e-06
2.416000000000000014e+01 2.862597015728476917e-06
2.417999999999999972e+01 2.835989673283705802e-06
2.419999999999999929e+01 2.809631566115702275e-06
2.421999999999999886e+01 2.783520334434352116e-06
2.423999999999999844e+01 2.757653646864686879e-06
2.426000000000000156e+01 2.732029192085737807e-06
2.428000000000000114e+01 2.706644682866556778e-06
2.430000000000000071e+01 2.681497851851852151e-06
2.432000000000000028e+01 2.656586455592105040e-06
2.433999999999999986e+01 2.631908266228430675e-06
2.435999999999999943e+01 2.607461087848932845e-06
2.437999999999999901e+01 2.583242731747333989e-06
2.439999999999999858e+01 2.559251040983606486e-06
2.442000000000000171e+01 2.535483873873873685e-06
2.444000000000000128e+01 2.511939112111292546e-06
2.446000000000000085e+01 2.488614656582174635e-06
2.448000000000000043e+01 2.465508431372548945e-06
2.450000000000000000e+01 2.442618367346938710e-06
2.451999999999999957e+01 2.419942430668841650e-06
2.453999999999999915e+01 2.397478602281988713e-06
2.455999999999999872e+01 2.375224873778501687e-06
2.457999999999999829e+01 2.353179271765663212e-06
2.460000000000000142e+01 2.331339829268292582e-06
2.462000000000000099e+01 2.309704601949634211e-06
2.464000000000000057e+01 2.288271659902597433e-06
2.466000000000000014e+01 2.267039103811840983e-06
2.467999999999999972e+01 2.246005032414910841e-06
2.469999999999999929e+01 2.225167587044534605e-06
2.471999999999999886e+01 2.204524902912621399e-06
2.473999999999999844e+01 2.184075153597413132e-06
2.476000000000000156e+01 2.163816510500807703e-06
2.478000000000000114e+01 2.143747183212267794e-06
2.480000000000000071e+01 2.123865379032257971e-06
2.482000000000000028e+01 2.104169331184528599e-06
2.483999999999999986e+01 2.084657294685990396e-06
2.485999999999999943e+01 2.065327530168946299e-06
2.487999999999999901e+01 2.046178327974276608e-06
2.489999999999999858e+01 2.027207979919678814e-06
2.492000000000000171e+01 2.008414803370786689e-06
2.494000000000000128e+01 1.989797129109863619e-06
2.496000000000000085e+01 1.971353305288461522e-06
2.498000000000000043e+01 1.953081697357886221e-06
2.500000000000000000e+01 1.934980679999999905e-06
2.501999999999999957e+01 1.917048649080735157e-06
2.503999999999999915e+01 1.899284009584664580e-06
2.505999999999999872e+01 1.881685195530726384e-06
2.507999999999999829e+01 1.864250633971292099e-06
2.510000000000000142e+01 1.846978788844621428e-06
2.512000000000000099e+01 1.829868124999999935e-06
2.514000000000000057e+01 1.812917124105011658e-06
2.516000000000000014e+01 1.796124288553259325e-06
2.517999999999999972e+01 1.779488125496425559e-06
2.519999999999999929e+01 1.763007162698412584e-06
2.521999999999999886e+01 1.746679940523394167e-06
2.523999999999999844e+01 1.730505011885895517e-06
2.526000000000000156e+01 1.714480950118764596e-06
2.528000000000000114e+01 1.698606329113923932e-06
2.530000000000000071e+01 1.682879747035573188e-06
2.532000000000000028e+01 1.667299810426540229e-06
2.533999999999999986e+01 1.651865146014206862e-06
2.535999999999999943e+01 1.636574380914826450e-06
2.537999999999999901e+01 1.621426166272655773e-06
2.539999999999999858e+01 1.606419161417323109e-06
2.542000000000000171e+01 1.591552041699449235e-06
2.544000000000000128e+01 1.576823490566037776e-06
2.546000000000000085e+01 1.562232203456402188e-06
2.548000000000000043e+01 1.547776895604395667e-06
2.550000000000000000e+01 1.533456286274509662e-06
2.551999999999999957e+01 1.519269110501567568e-06
2.553999999999999915e+01 1.505214115113547587e-06
2.555999999999999872e+01 1.491290062597809141e-06
2.557999999999999829e+01 1.477495715402658561e-06
2.560000000000000142e+01 1.463829863281249963e-06
2.562000000000000099e+01 1.450291295862607327e-06
2.564000000000000057e+01 1.436878818252730054e-06
2.566000000000000014e+01 1.423591247077162929e-06
2.567999999999999972e+01 1.410427410436137039e-06
2.569999999999999929e+01 1.397386143968871628e-06
2.571999999999999886e+01 1.384466302488335870e-06
2.573999999999999844e+01 1.371666740481740439e-06
2.576000000000000156e+01 1.358986335403726728e-06
2.578000000000000114e+01 1.346423964313421078e-06
2.580000000000000071e+01 1.333978523255813877e-06
2.582000000000000028e+01 1.321648915569326063e-06
2.583999999999999986e+01 1.309434047987616338e-06
2.585999999999999943e+01 1.297332853828306224e-06
2.587999999999999901e+01 1.285344258114374046e-06
2.589999999999999858e+01 1.273467212355212404e-06
2.592000000000000171e+01 1.261700663580246896e-06
2.594000000000000128e+01 1.250043581341557257e-06
2.596000000000000085e+01 1.238494938366717978e-06
2.598000000000000043e+01 1.227053718244803646e-06
2.600000000000000000e+01 1.215718907692307704e-06
2.601999999999999957e+01 1.204489515757109860e-06
2.603999999999999915e+01 1.193364554531489923e-06
2.605999999999999872e+01 1.182343042977743639e-06
2.607999999999999829e+01 1.171424014570552068e-06
2.610000000000000142e+01 1.160606501915708818e-06
2.612000000000000099e+01 1.149889563552833138e-06
2.614000000000000057e+01 1.139272249426166908e-06
2.616000000000000014e+01 1.128753631498470984e-06
2.617999999999999972e+01 1.118332780748663049e-06
2.619999999999999929e+01 1.108008786259542036e-06
2.621999999999999886e+01 1.097780736079328762e-06
2.623999999999999844e+01 1.087647732469512169e-06
2.626000000000000156e+01 1.077608891850723496e-06
2.628000000000000114e+01 1.067663325722983289e-06
2.630000000000000071e+01 1.057810159695817411e-06
2.632000000000000028e+01 1.048048533434650447e-06
2.633999999999999986e+01 1.038377593014426680e-06
2.635999999999999943e+01 1.028796479514415854e-06
2.637999999999999901e+01 1.019304359363153900e-06
2.639999999999999858e+01 1.009900397727272780e-06
2.642000000000000171e+01 1.000583769871309643e-06
2.644000000000000128e+01 9.913536611195158050e-07
2.646000000000000085e+01 9.822092592592593323e-07
2.648000000000000043e+01 9.731497620845920546e-07
2.650000000000000000e+01 9.641743735849058084e-07
2.651999999999999957e+01 9.552823114630467407e-07
2.653999999999999915e+01 9.464727957799547721e-07
2.655999999999999872e+01 9.377450489457831974e-07
2.657999999999999829e+01 9.290983145221972414e-07
2.660000000000000142e+01 9.205318270676692056e-07
2.662000000000000099e+01 9.120448422238918196e-07
2.664000000000000057e+01 9.036366178678678078e-07
2.666000000000000014e+01 8.953064103525881466e-07
2.667999999999999972e+01 8.870534932533732936e-07
2.669999999999999929e+01 8.788771498127340159e-07
2.671999999999999886e+01 8.707766541916167510e-07
2.673999999999999844e+01 8.627513089005236069e-07
2.676000000000000156e+01 8.548003998505230632e-07
2.678000000000000114e+01 8.469232412247945175e-07
2.680000000000000071e+01 8.391191417910447245e-07
2.682000000000000028e+01 8.313874123788216859e-07
2.683999999999999986e+01 8.237273882265276123e-07
2.685999999999999943e+01 8.161383879374534230e-07
2.687999999999999901e+01 8.086197544642857095e-07
2.689999999999999858e+01 8.011708327137547687e-07
2.692000000000000171e+01 7.937909658246656355e-07
2.694000000000000128e+01 7.864795100222716807e-07
2.696000000000000085e+01 7.792358308605341718e-07
2.698000000000000043e+01 7.720592920681986646e-07
2.700000000000000000e+01 7.649492666666666663e-07
2.701999999999999957e+01 7.579051369356032383e-07
2.703999999999999915e+01 7.509262832840237307e-07
2.705999999999999872e+01 7.440120990391722502e-07
2.707999999999999829e+01 7.371619793205318225e-07
2.710000000000000142e+01 7.303753284132841030e-07
2.712000000000000099e+01 7.236515523598820281e-07
2.714000000000000057e+01 7.169900626381724399e-07
2.716000000000000014e+01 7.103902835051546917e-07
2.717999999999999972e+01 7.038516335540838899e-07
2.719999999999999929e+01 6.973735441176471012e-07
2.721999999999999886e+01 6.909554555473916722e-07
2.723999999999999844e+01 6.845967988252570082e-07
2.726000000000000156e+01 6.782970286133528075e-07
2.728000000000000114e+01 6.720555901759530303e-07
2.730000000000000071e+01 6.658719377289377128e-07
2.732000000000000028e+01 6.597455417276720683e-07
2.733999999999999986e+01 6.536758595464521632e-07
2.735999999999999943e+01 6.476623647660818130e-07
2.737999999999999901e+01 6.417045325054784100e-07
2.739999999999999858e+01 6.358018467153284710e-07
2.742000000000000171e+01 6.299537928519328118e-07
2.744000000000000128e+01 6.241598615160348887e-07
2.746000000000000085e+01 6.184195484340859125e-07
2.748000000000000043e+01 6.127323508005821993e-07
2.750000000000000000e+01 6.070977781818182325e-07
2.751999999999999957e+01 6.015153343023255577e-07
2.753999999999999915e+01 5.959845424836601860e-07
2.755999999999999872e+01 5.905049129172713853e-07
2.757999999999999829e+01 5.850759753444525186e-07
2.760000000000000142e+01 5.796972536231883153e-07
2.762000000000000099e+01 5.743682802317161149e-07
2.764000000000000057e+01 5.690885926193920985e-07
2.766000000000000014e+01 5.638577331887202144e-07
2.767999999999999972e+01 5.586752456647399495e-07
2.769999999999999929e+01 5.535406787003610827e-07
2.771999999999999886e+01 5.484535894660895277e-07
2.773999999999999844e+01 5.434135328046142993e-07
2.776000000000000156e+01 5.384200720461094788e-07
2.778000000000000114e+01 5.334727753779696919e-07
2.780000000000000071e+01 5.285712086330934572e-07
2.782000000000000028e+01 5.237149496764917325e-07
2.783999999999999986e+01 5.189035775862069121e-07
2.785999999999999943e+01 5.141366690595835901e-07
2.787999999999999901e+01 5.094138163558106740e-07
2.789999999999999858e+01 5.047346093189964037e-07
2.792000000000000171e+01 5.000986353868195220e-07
2.794000000000000128e+01 4.955055010737293541e-07
2.796000000000000085e+01 4.909548032904148724e-07
2.798000000000000043e+01 4.864461472480343461e-07
2.800000000000000000e+01 4.819791428571428577e-07
2.801999999999999957e+01 4.775534011420414301e-07
2.803999999999999915e+01 4.731685378031384109e-07
2.805999999999999872e+01 4.688241767640770216e-07
2.807999999999999829e+01 4.645199394586894872e-07
2.810000000000000142e+01 4.602554519572953379e-07
2.812000000000000099e+01 4.560303485064011155e-07
2.814000000000000057e+01 4.518442537313433052e-07
2.816000000000000014e+01 4.476968146306817824e-07
2.817999999999999972e+01 4.435876685592618428e-07
2.819999999999999929e+01 4.395164574468084700e-07
2.821999999999999886e+01 4.354828313253012349e-07
2.823999999999999844e+01 4.314864412181303216e-07
2.826000000000000156e+01 4.275269391365888052e-07
2.828000000000000114e+01 4.236039851485148504e-07
2.830000000000000071e+01 4.197172332155476740e-07
2.832000000000000028e+01 4.158663559322034240e-07
2.833999999999999986e+01 4.120510127028934090e-07
2.835999999999999943e+01 4.082708779971791662e-07
2.837999999999999901e+01 4.045256236786469673e-07
2.839999999999999858e+01 4.008149260563380430e-07
2.842000000000000171e+01 3.971384623504573945e-07
2.844000000000000128e+01 3.934959142053445274e-07
2.846000000000000085e+01 3.898869711876317505e-07
2.848000000000000043e+01 3.863113167134831473e-07
2.850000000000000000e+01 3.827686456140350819e-07
2.851999999999999957e+01 3.792586465638148630e-07
2.853999999999999915e+01 3.757810196215837839e-07
2.855999999999999872e+01 3.723354621848739539e-07
2.857999999999999829e+01 3.689216829951014641e-07
2.860000000000000142e+01 3.655393776223776208e-07
2.862000000000000099e+01 3.621882599580712642e-07
2.864000000000000057e+01 3.588680412011173036e-07
2.866000000000000014e+01 3.555784298674110021e-07
2.867999999999999972e+01 3.523191457461646009e-07
2.869999999999999929e+01 3.490899059233449354e-07
2.871999999999999886e+01 3.458904341922005852e-07
2.873999999999999844e+01 3.427204509394571910e-07
2.876000000000000156e+01 3.395796842837273367e-07
2.878000000000000114e+01 3.364678630993745126e-07
2.880000000000000071e+01 3.333847187499999762e-07
2.882000000000000028e+01 3.303299854267869398e-07
2.883999999999999986e+01 3.273033997919556034e-07
2.885999999999999943e+01 3.243047002772002818e-07
2.887999999999999901e+01 3.213336288088642773e-07
2.889999999999999858e+01 3.183899290657439327e-07
2.892000000000000171e+01 3.154733475103734258e-07
2.894000000000000128e+01 3.125836323427781966e-07
2.896000000000000085e+01 3.097205345303867544e-07
2.898000000000000043e+01 3.068838077984817053e-07
2.900000000000000000e+01 3.040732072413793320e-07
2.901999999999999957e+01 3.012884910406616036e-07
2.903999999999999915e+01 2.985294190771349731e-07
2.905999999999999872e+01 2.957957539573297010e-07
2.907999999999999829e+01 2.930872599724896928e-07
2.910000000000000142e+01 2.904037041237113284e-07
2.912000000000000099e+01 2.877448554258241522e-07
2.914000000000000057e+01 2.851104845573095616e-07
2.916000000000000014e+01 2.825003652263374695e-07
2.917999999999999972e+01 2.799142724468814093e-07
2.919999999999999929e+01 2.773519839041095995e-07
2.921999999999999886e+01 2.748132792607802621e-07
2.923999999999999844e+01 2.722979394664842957e-07
2.926000000000000156e+01 2.698057488038277420e-07
2.928000000000000114e+01 2.673364928278688703e-07
2.930000000000000071e+01 2.648899587030716426e-07
2.932000000000000028e+01 2.624659365620736685e-07
2.933999999999999986e+01 2.600642177914110580e-07
2.935999999999999943e+01 2.576845957084468767e-07
2.937999999999999901e+01 2.553268662355344095e-07
2.939999999999999858e+01 2.529908261904761861e-07
2.942000000000000171e+01 2.506762753229095588e-07
2.944000000000000128e+01 2.483830142663043322e-07
2.946000000000000085e+01 2.461108465716225368e-07
2.948000000000000043e+01 2.438595763229307934e-07
2.950000000000000000e+01 2.416290105084746020e-07
2.951999999999999957e+01 2.394189579945799300e-07
2.953999999999999915e+01 2.372292281651997402e-07
2.955999999999999872e+01 2.350596336265223262e-07
2.957999999999999829e+01 2.329099874915483781e-07
2.960000000000000142e+01 2.307801060810810840e-07
2.962000000000000099e+01 2.286698058744091873e-07
2.964000000000000057e+01 2.265789058704453413e-07
2.966000000000000014e+01 2.245072269049224470e-07
2.967999999999999972e+01 2.224545909703503936e-07
2.969999999999999929e+01 2.204208222222222189e-07
2.971999999999999886e+01 2.184057459623149571e-07
2.973999999999999844e+01 2.164091893073302214e-07
2.976000000000000156e+01 2.144309811827956989e-07
2.978000000000000114e+01 2.124709519811954005e-07
2.980000000000000071e+01 2.105289338926174685e-07
2.982000000000000028e+01 2.086047595573440597e-07
2.983999999999999986e+01 2.066982650804289522e-07
2.985999999999999943e+01 2.048092863362357599e-07
2.987999999999999901e+01 2.029376616465863606e-07
2.989999999999999858e+01 2.010832307692307892e-07
2.992000000000000171e+01 1.992458348930481341e-07
2.994000000000000128e+01 1.974253159652638579e-07
2.996000000000000085e+01 1.956215186915887710e-07
2.998000000000000043e+01 1.938342885256837874e-07
3.000000000000000000e+01 1.920634719999999824e-07
3.001999999999999957e+01 1.903089180546302442e-07
3.003999999999999915e+01 1.885704760319573950e-07
3.005999999999999872e+01 1.868479970059880422e-07
3.007999999999999829e+01 1.851413341090425720e-07
3.010000000000000142e+01 1.834503408637873722e-07
3.012000000000000099e+01 1.817748725099601667e-07
3.014000000000000057e+01 1.801147856668878688e-07
3.016000000000000014e+01 1.784699383289124716e-07
3.017999999999999972e+01 1.768401901921802498e-07
3.019999999999999929e+01 1.752254013245033327e-07
3.021999999999999886e+01 1.736254338186631440e-07
3.023999999999999844e+01 1.720401507936507989e-07
3.026000000000000156e+01 1.704694167217448791e-07
3.028000000000000114e+01 1.689130974240422491e-07
3.030000000000000071e+01 1.673710594059405922e-07
3.032000000000000028e+01 1.658431715039577862e-07
3.033999999999999986e+01 1.643293029004614287e-07
3.035999999999999943e+01 1.628293237812911886e-07
3.037999999999999901e+01 1.613431066491112632e-07
3.039999999999999858e+01 1.598705240131578990e-07
3.042000000000000171e+01 1.584114500328731032e-07
3.044000000000000128e+01 1.569657605124835539e-07
3.046000000000000085e+01 1.555333319107025380e-07
3.048000000000000043e+01 1.541140413385826959e-07
3.050000000000000000e+01 1.527077681967213097e-07
3.051999999999999957e+01 1.513143922018348687e-07
3.053999999999999915e+01 1.499337943680419218e-07
3.055999999999999872e+01 1.485658570026178008e-07
3.057999999999999829e+01 1.472104630477436388e-07
3.060000000000000142e+01 1.458674970588235213e-07
3.062000000000000099e+01 1.445368442194644192e-07
3.064000000000000057e+01 1.432183913185378518e-07
3.066000000000000014e+01 1.419120257664709738e-07
3.067999999999999972e+01 1.406176359191655799e-07
3.069999999999999929e+01 1.393351114006514567e-07
3.071999999999999886e+01 1.380643430989583413e-07
3.073999999999999844e+01 1.368052225113858165e-07
3.076000000000000156e+01 1.355576423927178266e-07
3.078000000000000114e+01 1.343214957764782240e-07
3.080000000000000071e+01 1.330966782467532580e-07
3.082000000000000028e+01 1.318830843608046464e-07
3.083999999999999986e+01 1.306806115434500614e-07
3.085999999999999943e+01 1.294891571613739537e-07
3.087999999999999901e+01 1.283086191709844616e-07
3.089999999999999858e+01 1.271388974110032374e-07
3.092000000000000171e+01 1.259798923027166572e-07
3.094000000000000128e+01 1.248315048480930782e-07
3.096000000000000085e+01 1.236936375968991970e-07
3.098000000000000043e+01 1.225661930277598364e-07
3.100000000000000000e+01 1.214490758064515973e-07
3.101999999999999957e+01 1.203421905222437033e-07
3.103999999999999915e+01 1.192454429768041341e-07
3.105999999999999872e+01 1.181587395363812041e-07
3.107999999999999829e+01 1.170819880952380936e-07
3.110000000000000142e+01 1.160150967845659096e-07
3.112000000000000099e+01 1.149579749357326504e-07
3.114000000000000057e+01 1.139105327552986469e-07
3.116000000000000014e+01 1.128726806803594402e-07
3.117999999999999972e+01 1.118443309813983245e-07
3.119999999999999929e+01 1.108253955128205121e-07
3.121999999999999886e+01 1.098157882767456691e-07
3.123999999999999844e+01 1.088154228553136944e-07
3.126000000000000156e+01 1.078242143314139444e-07
3.128000000000000114e+01 1.068420789641943624e-07
3.130000000000000071e+01 1.058689325878594188e-07
3.132000000000000028e+01 1.049046928480204352e-07
3.133999999999999986e+01 1.039492772814294882e-07
3.135999999999999943e+01 1.030026055484693801e-07
3.137999999999999901e+01 1.020645965583174109e-07
3.139999999999999858e+01 1.011351707006369541e-07
3.142000000000000171e+01 1.002142488860598178e-07
3.144000000000000128e+01 9.930175349872773393e-08
3.146000000000000085e+01 9.839760648442467282e-08
3.148000000000000043e+01 9.750173094027954380e-08
3.150000000000000000e+01 9.661405111111110243e-08
3.151999999999999957e+01 9.573449175126903989e-08
3.153999999999999915e+01 9.486297780596069331e-08
3.155999999999999872e+01 9.399943536121673370e-08
3.157999999999999829e+01 9.314379132362255588e-08
3.160000000000000142e+01 9.229597310126582235e-08
3.162000000000000099e+01 9.145590828589499962e-08
3.164000000000000057e+01 9.062352591656131802e-08
3.166000000000000014e+01 8.979875521162349929e-08
3.167999999999999972e+01 8.898152651515152543e-08
3.169999999999999929e+01 8.817177034700315682e-08
3.171999999999999886e+01 8.736941771752836962e-08
3.173999999999999844e+01 8.657440107120353868e-08
3.176000000000000156e+01 8.578665270780855781e-08
3.178000000000000114e+01 8.500610572687224194e-08
3.180000000000000071e+01 8.423269402515723489e-08
3.182000000000000028e+01 8.346635197988686597e-08
3.183999999999999986e+01 8.270701507537688181e-08
3.185999999999999943e+01 8.195461833019460442e-08
3.187999999999999901e+01 8.120909818067753503e-08
3.189999999999999858e+01 8.047039184952979606e-08
3.192000000000000171e+01 7.973843609022556812e-08
3.194000000000000128e+01 7.901316906700062223e-08
3.196000000000000085e+01 7.829452972465582341e-08
3.198000000000000043e+01 7.758245684803001017e-08
3.200000000000000000e+01 7.687689031249999993e-08
3.202000000000000313e+01 7.617777014366021081e-08
3.203999999999999915e+01 7.548503714107366080e-08
3.206000000000000227e+01 7.479863287585776510e-08
3.207999999999999829e+01 7.411849906483789647e-08
3.210000000000000142e+01 7.344457819314641961e-08
3.211999999999999744e+01 7.277681320049813856e-08
3.214000000000000057e+01 7.211514747977597658e-08
3.215999999999999659e+01 7.145952518656717597e-08
3.217999999999999972e+01 7.080989061528898935e-08
3.220000000000000284e+01 7.016618913043478070e-08
3.221999999999999886e+01 6.952836592178770717e-08
3.224000000000000199e+01 6.889636724565755896e-08
3.225999999999999801e+01 6.827013980161190710e-08
3.228000000000000114e+01 6.764963011152416431e-08
3.229999999999999716e+01 6.703478606811145024e-08
3.232000000000000028e+01 6.642555538366336414e-08
3.234000000000000341e+01 6.582188713667284811e-08
3.235999999999999943e+01 6.522372960444993598e-08
3.238000000000000256e+01 6.463103273625694786e-08
3.239999999999999858e+01 6.404374598765432874e-08
3.242000000000000171e+01 6.346182017273288614e-08
3.243999999999999773e+01 6.288520591861899658e-08
3.246000000000000085e+01 6.231385428219347110e-08
3.247999999999999687e+01 6.174771736453203456e-08
3.250000000000000000e+01 6.118674707692307144e-08
3.252000000000000313e+01 6.063089606396062453e-08
3.253999999999999915e+01 6.008011739397664319e-08
3.256000000000000227e+01 5.953436455773955031e-08
3.257999999999999829e+01 5.899359146715777237e-08
3.260000000000000142e+01 5.845775245398772963e-08
3.261999999999999744e+01 5.792680226854690852e-08
3.264000000000000057e+01 5.740069607843136779e-08
3.265999999999999659e+01 5.687938946723822084e-08
3.267999999999999972e+01 5.636283843329253201e-08
3.270000000000000284e+01 5.585099938837920240e-08
3.271999999999999886e+01 5.534382915647921650e-08
3.274000000000000199e+01 5.484128466707390792e-08
3.275999999999999801e+01 5.434332417582417727e-08
3.278000000000000114e+01 5.384990512507626843e-08
3.279999999999999716e+01 5.336098597560975842e-08
3.282000000000000028e+01 5.287652528945764943e-08
3.284000000000000341e+01 5.239648264311813917e-08
3.285999999999999943e+01 5.192081740718198264e-08
3.288000000000000256e+01 5.144948935523113914e-08
3.289999999999999858e+01 5.098245896656535658e-08
3.292000000000000171e+01 5.051968651275820156e-08
3.293999999999999773e+01 5.006113327261688583e-08
3.296000000000000085e+01 4.960676031553397889e-08
3.297999999999999687e+01 4.915652971497877713e-08
3.300000000000000000e+01 4.871040303030303068e-08
3.302000000000000313e+01 4.826834312537855071e-08
3.303999999999999915e+01 4.783031265133172113e-08
3.306000000000000227e+01 4.739627465214760446e-08
3.307999999999999829e+01 4.696619256348246776e-08
3.310000000000000142e+01 4.654002990936555705e-08
3.311999999999999744e+01 4.611775120772946999e-08
3.314000000000000057e+01 4.569932045866022850e-08
3.315999999999999659e+01 4.528470295536791443e-08
3.317999999999999972e+01 4.487386317058469451e-08
3.320000000000000284e+01 4.446676716867469235e-08
3.321999999999999886e+01 4.406338019265502758e-08
3.324000000000000199e+01 4.366366847172081406e-08
3.325999999999999801e+01 4.326759801563440010e-08
3.328000000000000114e+01 4.287513611778846331e-08
3.329999999999999716e+01 4.248624924924924917e-08
3.332000000000000028e+01 4.210090516206482592e-08
3.334000000000000341e+01 4.171907078584283090e-08
3.335999999999999943e+01 4.134071432853716798e-08
3.338000000000000256e+01 4.096580437387656576e-08
3.339999999999999858e+01 4.059430868263472960e-08
3.342000000000000171e+01 4.022619628964691519e-08
3.343999999999999773e+01 3.986143600478469265e-08
3.346000000000000085e+01 3.949999790794978868e-08
3.347999999999999687e+01 3.914185065710872425e-08
3.350000000000000000e+01 3.878696477611939881e-08
3.352000000000000313e+01 3.843531026252982771e-08
3.353999999999999915e+01 3.808685748360166855e-08
3.356000000000000227e+01 3.774157717520857545e-08
3.357999999999999829e+01 3.739944014294223372e-08
3.360000000000000142e+01 3.706041785714286077e-08
3.361999999999999744e+01 3.672448215348007374e-08
3.364000000000000057e+01 3.639160404280617853e-08
3.365999999999999659e+01 3.606175609031491833e-08
3.367999999999999972e+01 3.573491033254156809e-08
3.370000000000000284e+01 3.541103976261127223e-08
3.371999999999999886e+01 3.509011654804270718e-08
3.374000000000000199e+01 3.477211410788381235e-08
3.375999999999999801e+01 3.445700562796209009e-08
3.378000000000000114e+01 3.414476465364120698e-08
3.379999999999999716e+01 3.383536508875739834e-08
3.382000000000000028e+01 3.352878060319337530e-08
3.384000000000000341e+01 3.322498611111111211e-08
3.385999999999999943e+01 3.292395540460721061e-08
3.388000000000000256e+01 3.262566351829987623e-08
3.389999999999999858e+01 3.233008584070796326e-08
3.392000000000000171e+01 3.203719663915093890e-08
3.393999999999999773e+01 3.174697230406600540e-08
3.396000000000000085e+01 3.145938751472319958e-08
3.397999999999999687e+01 3.117441907004120369e-08
3.400000000000000000e+01 3.089204264705882117e-08
3.402000000000000313e+01 3.061223427395649303e-08
3.403999999999999915e+01 3.033497121034077417e-08
3.406000000000000227e+01 3.006022930123311567e-08
3.407999999999999829e+01 2.978798620892018737e-08
3.410000000000000142e+01 2.951821906158357710e-08
3.411999999999999744e+01 2.925090480656506892e-08
3.414000000000000057e+01 2.898602135325132105e-08
3.415999999999999659e+01 2.872354642857142781e-08
3.417999999999999972e+01 2.846345801638385249e-08
3.420000000000000284e+01 2.820573435672514557e-08
3.421999999999999886e+01 2.795035379894798087e-08
3.424000000000000199e+01 2.769729497663551385e-08
3.425999999999999801e+01 2.744653669001751530e-08
3.428000000000000114e+01 2.719805790548424718e-08
3.429999999999999716e+01 2.695183784256559926e-08
3.432000000000000028e+01 2.670785585664335671e-08
3.434000000000000341e+01 2.646609149679673441e-08
3.435999999999999943e+01 2.622652450523865012e-08
3.438000000000000256e+01 2.598913487492728243e-08
3.439999999999999858e+01 2.575390267441860637e-08
3.442000000000000171e+01 2.552080825101684977e-08
3.443999999999999773e+01 2.528983205574913062e-08
3.446000000000000085e+01 2.506095475914103383e-08
3.447999999999999687e+01 2.483415719257540852e-08
3.450000000000000000e+01 2.460942040579710065e-08
3.452000000000000313e+01 2.438672557937427506e-08
3.453999999999999915e+01 2.416605405327156979e-08
3.456000000000000227e+01 2.394738738425925624e-08
3.457999999999999829e+01 2.373070725853094464e-08
3.460000000000000142e+01 2.351599557803468092e-08
3.461999999999999744e+01 2.330323434430964726e-08
3.464000000000000057e+01 2.309240577367205497e-08
3.465999999999999659e+01 2.288349223889209868e-08
3.467999999999999972e+01 2.267647626874279215e-08
3.470000000000000284e+01 2.247134054755043205e-08
3.471999999999999886e+01 2.226806791474654393e-08
3.474000000000000199e+01 2.206664139320667649e-08
3.475999999999999801e+01 2.186704410241657411e-08
3.478000000000000114e+01 2.166925940195514757e-08
3.479999999999999716e+01 2.147327074712643996e-08
3.482000000000000028e+01 2.127906174612291893e-08
3.484000000000000341e+01 2.108661615958668057e-08
3.485999999999999943e+01 2.089591792885828937e-08
3.488000000000000256e+01 2.070695108944954028e-08
3.489999999999999858e+01 2.051969988538681859e-08
3.492000000000000171e+01 2.033414865406643697e-08
3.493999999999999773e+01 2.015028191184888314e-08
3.496000000000000085e+01 1.996808426773455224e-08
3.497999999999999687e+01 1.978754050886220696e-08
3.500000000000000000e+01 1.960863557142856960e-08
3.502000000000000313e+01 1.943135451170759603e-08
3.503999999999999915e+01 1.925568253424657459e-08
3.506000000000000227e+01 1.908160496292070745e-08
3.507999999999999829e+01 1.890910724059293089e-08
3.510000000000000142e+01 1.873817501424501461e-08
3.511999999999999744e+01 1.856879396355353172e-08
3.514000000000000057e+01 1.840095000000000107e-08
3.515999999999999659e+01 1.823462909556313891e-08
3.517999999999999972e+01 1.806981733939738372e-08
3.520000000000000284e+01 1.790650102272726963e-08
3.521999999999999886e+01 1.774466649630891726e-08
3.524000000000000199e+01 1.758430025539160070e-08
3.525999999999999801e+01 1.742538891094725109e-08
3.528000000000000114e+01 1.726791924603174436e-08
3.529999999999999716e+01 1.711187810198300388e-08
3.532000000000000028e+01 1.695725243488108672e-08
3.534000000000000341e+01 1.680402940011318368e-08
3.535999999999999943e+01 1.665219621040723789e-08
3.538000000000000256e+01 1.650174016393442339e-08
3.539999999999999858e+01 1.635264875706214774e-08
3.542000000000000171e+01 1.620490954263128185e-08
3.543999999999999773e+01 1.605851021444695203e-08
3.546000000000000085e+01 1.591343857868020302e-08
3.547999999999999687e+01 1.576968249718151239e-08
3.550000000000000000e+01 1.562723005633802622e-08
3.552000000000000313e+01 1.548606931306306231e-08
3.553999999999999915e+01 1.534618854811480273e-08
3.556000000000000227e+01 1.520757612485938977e-08
3.557999999999999829e+01 1.507022043282743294e-08
3.560000000000000142e+01 1.493411008426966208e-08
3.561999999999999744e+01 1.479923371701291392e-08
3.564000000000000057e+01 1.466558007856341318e-08
3.565999999999999659e+01 1.453313808188446618e-08
3.567999999999999972e+01 1.440189666479820640e-08
3.570000000000000284e+01 1.427184492997198840e-08
3.571999999999999886e+01 1.414297200447928293e-08
3.574000000000000199e+01 1.401526717963066508e-08
3.575999999999999801e+01 1.388871979865772030e-08
3.578000000000000114e+01 1.376331939631078750e-08
3.579999999999999716e+01 1.363905544692737562e-08
3.582000000000000028e+01 1.351591767169179193e-08
3.584000000000000341e+01 1.339389578683035546e-08
3.585999999999999943e+01 1.327297967094255389e-08
3.588000000000000256e+01 1.315315922519509413e-08
3.589999999999999858e+01 1.303442451253481949e-08
3.592000000000000171e+01 1.291676561804008837e-08
3.593999999999999773e+01 1.280017278797996816e-08
3.596000000000000085e+01 1.268463629032258138e-08
3.597999999999999687e+01 1.257014655364091219e-08
3.600000000000000000e+01 1.245669402777777751e-08
3.602000000000000313e+01 1.234426926707384679e-08
3.603999999999999915e+01 1.223286295782464014e-08
3.606000000000000227e+01 1.212246580698835157e-08
3.607999999999999829e+01 1.201306865299334758e-08
3.610000000000000142e+01 1.190466238227146771e-08
3.611999999999999744e+01 1.179723801218161868e-08
3.614000000000000057e+01 1.169078657996679571e-08
3.615999999999999659e+01 1.158529925331858520e-08
3.617999999999999972e+01 1.148076724709784323e-08
3.620000000000000284e+01 1.137718190607734723e-08
3.621999999999999886e+01 1.127453462175593761e-08
3.624000000000000199e+01 1.117281683222958018e-08
3.625999999999999801e+01 1.107202010479867783e-08
3.628000000000000114e+01 1.097213608048511623e-08
3.629999999999999716e+01 1.087315641873278318e-08
3.632000000000000028e+01 1.077507293502202538e-08
3.634000000000000341e+01 1.067787746285085254e-08
3.635999999999999943e+01 1.058156193619361960e-08
3.638000000000000256e+01 1.048611838922484764e-08
3.639999999999999858e+01 1.039153881868131817e-08
3.642000000000000171e+01 1.029781545853926392e-08
3.643999999999999773e+01 1.020494045005488618e-08
3.646000000000000085e+01 1.011290614371914315e-08
3.647999999999999687e+01 1.002170487938596487e-08
3.650000000000000000e+01 9.931329068493150787e-09
3.652000000000000313e+01 9.841771221248630042e-09
3.653999999999999915e+01 9.753023891625615926e-09
3.656000000000000227e+01 9.665079759299780497e-09
3.657999999999999829e+01 9.577931465281574806e-09
3.660000000000000142e+01 9.491571830601092522e-09
3.661999999999999744e+01 9.405993664664117722e-09
3.664000000000000057e+01 9.321189874454148588e-09
3.665999999999999659e+01 9.237153409710858382e-09
3.667999999999999972e+01 9.153877317339149276e-09
3.670000000000000284e+01 9.071354686648500437e-09
3.671999999999999886e+01 8.989578649237473763e-09
3.674000000000000199e+01 8.908542460533477861e-09
3.675999999999999801e+01 8.828239390642001426e-09
3.678000000000000114e+01 8.748662778684066319e-09
3.679999999999999716e+01 8.669806032608695797e-09
3.682000000000000028e+01 8.591662574687669502e-09
3.684000000000000341e+01 8.514225977198697180e-09
3.685999999999999943e+01 8.437489799240368948e-09
3.688000000000000256e+01 8.361447695227765091e-09
3.689999999999999858e+01 8.286093333333332749e-09
3.692000000000000171e+01 8.211420503791982784e-09
3.693999999999999773e+01 8.137422983216026779e-09
3.696000000000000085e+01 8.064094669913420178e-09
3.697999999999999687e+01 7.991429475392104515e-09
3.700000000000000000e+01 7.919421378378377221e-09
3.702000000000000313e+01 7.848064397622905476e-09
3.703999999999999915e+01 7.777352672786177086e-09
3.706000000000000227e+01 7.707280275229357712e-09
3.707999999999999829e+01 7.637841477885653293e-09
3.710000000000000142e+01 7.569030458221024276e-09
3.711999999999999744e+01 7.500841567887931706e-09
3.714000000000000057e+01 7.433269143780290890e-09
3.715999999999999659e+01 7.366307615715824520e-09
3.717999999999999972e+01 7.299951371705217020e-09
3.720000000000000284e+01 7.234194999999998923e-09
3.721999999999999886e+01 7.169032993014507839e-09
3.724000000000000199e+01 7.104459989258860903e-09
3.725999999999999801e+01 7.040470665593128775e-09
3.728000000000000114e+01 6.977059683476394977e-09
3.729999999999999716e+01 6.914221796246650071e-09
3.732000000000000028e+01 6.851951822079313625e-09
3.734000000000000341e+01 6.790244617032671345e-09
3.735999999999999943e+01 6.729095048179870881e-09
3.738000000000000256e+01 6.668498100588548615e-09
3.739999999999999858e+01 6.608448716577540164e-09
3.742000000000000171e+01 6.548941956173169638e-09
3.743999999999999773e+01 6.489972863247862634e-09
3.746000000000000085e+01 6.431536599038974589e-09
3.747999999999999687e+01 6.373628335112059573e-09
3.750000000000000000e+01 6.316243226666666665e-09
3.752000000000000313e+01 6.259376599147120645e-09
3.753999999999999915e+01 6.203023708044752792e-09
3.756000000000000227e+01 6.147179898828540854e-09
3.757999999999999829e+01 6.091840553485897606e-09
3.760000000000000142e+01 6.037001117021276047e-09
3.761999999999999744e+01 5.982657044125465434e-09
3.764000000000000057e+01 5.928803852284803573e-09
3.765999999999999659e+01 5.875437068507701351e-09
3.767999999999999972e+01 5.822552308917197904e-09
3.770000000000000284e+01 5.770145172413792607e-09
3.771999999999999886e+01 5.718211346765641771e-09
3.774000000000000199e+01 5.666746555378908027e-09
3.775999999999999801e+01 5.615746530720338883e-09
3.778000000000000114e+01 5.565207040762307840e-09
3.779999999999999716e+01 5.515123941798942523e-09
3.782000000000000028e+01 5.465493098889476598e-09
3.784000000000000341e+01 5.416310385835094500e-09
3.785999999999999943e+01 5.367571764395140109e-09
3.788000000000000256e+01 5.319273204857444194e-09
3.789999999999999858e+01 5.271410712401056085e-09
3.792000000000000171e+01 5.223980353375526896e-09
3.793999999999999773e+01 5.176978176067474804e-09
3.796000000000000085e+01 5.130400316122233707e-09
3.797999999999999687e+01 5.084242943654555165e-09
3.800000000000000000e+01 5.038502236842104808e-09
3.802000000000000313e+01 4.993174434508153488e-09
3.803999999999999915e+01 4.948255783385909001e-09
3.806000000000000227e+01 4.903742564372043372e-09
3.807999999999999829e+01 4.859631118697478936e-09
3.810000000000000142e+01 4.815917795275590371e-09
3.811999999999999744e+01 4.772599003147953624e-09
3.814000000000000057e+01 4.729671158888305717e-09
3.815999999999999659e+01 4.687130738993710500e-09
3.817999999999999972e+01 4.644974201152435921e-09
3.820000000000000284e+01 4.603198115183245285e-09
3.821999999999999886e+01 4.561798979591836526e-09
3.824000000000000199e+01 4.520773404811715559e-09
3.825999999999999801e+01 4.480118034500784163e-09
3.828000000000000114e+01 4.439829467084639441e-09
3.829999999999999716e+01 4.399904412532637275e-09
3.832000000000000028e+01 4.360339587682672429e-09
3.834000000000000341e+01 4.321131690140844279e-09
3.835999999999999943e+01 4.282277528675703878e-09
3.838000000000000256e+01 4.243773892652423163e-09
3.839999999999999858e+01 4.205617578125000521e-09
3.842000000000000171e+01 4.167805465903175624e-09
3.843999999999999773e+01 4.130334443288241948e-09
3.846000000000000085e+01 4.093201430057201866e-09
3.847999999999999687e+01 4.056403326403326796e-09
3.850000000000000000e+01 4.019937142857142793e-09
3.852000000000000313e+01 3.983799844236759898e-09
3.853999999999999915e+01 3.947988479501816396e-09
3.856000000000000227e+01 3.912500077800830148e-09
3.857999999999999829e+01 3.877331726283048142e-09
3.860000000000000142e+01 3.842480518134714741e-09
3.861999999999999744e+01 3.807943604350077798e-09
3.864000000000000057e+01 3.773718115942028490e-09
3.865999999999999659e+01 3.739801241593378567e-09
3.867999999999999972e+01 3.706190201654601998e-09
3.870000000000000284e+01 3.672882222222222165e-09
3.871999999999999886e+01 3.639874560950412957e-09
3.874000000000000199e+01 3.607164481156427326e-09
3.875999999999999801e+01 3.574749303405572965e-09
3.878000000000000114e+01 3.542626379577101639e-09
3.879999999999999716e+01 3.510793041237113466e-09
3.882000000000000028e+01 3.479246676970633453e-09
3.884000000000000341e+01 3.447984680741503397e-09
3.885999999999999943e+01 3.417004503345342434e-09
3.888000000000000256e+01 3.386303575102880674e-09
3.889999999999999858e+01 3.355879383033419294e-09
3.892000000000000171e+01 3.325729393627954841e-09
3.893999999999999773e+01 3.295851155624036866e-09
3.896000000000000085e+01 3.266242222792608120e-09
3.897999999999999687e+01 3.236900128270908610e-09
3.900000000000000000e+01 3.207822461538461218e-09
3.902000000000000313e+01 3.179006842644797255e-09
3.903999999999999915e+01 3.150450922131147279e-09
3.906000000000000227e+01 3.122152304147465318e-09
3.907999999999999829e+01 3.094108700102354273e-09
3.910000000000000142e+01 3.066317774936061761e-09
3.911999999999999744e+01 3.038777275051124813e-09
3.914000000000000057e+01 3.011484925907000589e-09
3.915999999999999659e+01 2.984438457609806457e-09
3.917999999999999972e+01 2.957635681470137683e-09
3.920000000000000284e+01 2.931074387755101927e-09
3.921999999999999886e+01 2.904752371239163639e-09
3.924000000000000199e+01 2.878667482161060108e-09
3.925999999999999801e+01 2.852817600611309363e-09
3.928000000000000114e+01 2.827200560081466051e-09
3.929999999999999716e+01 2.801814274809160730e-09
3.932000000000000028e+01 2.776656663275686733e-09
3.934000000000000341e+01 2.751725648195220766e-09
3.935999999999999943e+01 2.727019207317073137e-09
3.938000000000000256e+01 2.702535271711528378e-09
3.939999999999999858e+01 2.678271878172589071e-09
3.942000000000000171e+01 2.654226991374936591e-09
3.943999999999999773e+01 2.630398630831643079e-09
3.946000000000000085e+01 2.606784870755195167e-09
3.947999999999999687e+01 2.583383789260385094e-09
3.950000000000000000e+01 2.560193392405063233e-09
3.952000000000000313e+01 2.537211842105262854e-09
3.953999999999999915e+01 2.514437238239757137e-09
3.956000000000000227e+01 2.491867692113245302e-09
3.957999999999999829e+01 2.469501361798888767e-09
3.960000000000000142e+01 2.447336409090908946e-09
3.961999999999999744e+01 2.425371019687026977e-09
3.964000000000000057e+01 2.403603382946518687e-09
3.965999999999999659e+01 2.382031719616742514e-09
3.967999999999999972e+01 2.360654254032257974e-09
3.970000000000000284e+01 2.339469234256927104e-09
3.971999999999999886e+01 2.318474924471298905e-09
3.974000000000000199e+01 2.297669597382989412e-09
3.975999999999999801e+01 2.277051546780683974e-09
3.978000000000000114e+01 2.256619084967320128e-09
3.979999999999999716e+01 2.236370530150753962e-09
3.982000000000000028e+01 2.216304226519337215e-09
3.984000000000000341e+01 2.196418526606425380e-09
3.985999999999999943e+01 2.176711798795785272e-09
3.988000000000000256e+01 2.157182424774322937e-09
3.989999999999999858e+01 2.137828807017543766e-09
3.992000000000000171e+01 2.118649358717434914e-09
3.993999999999999773e+01 2.099642501251877856e-09
3.996000000000000085e+01 2.080806681681681419e-09
3.997999999999999687e+01 2.062140355177588754e-09
4.000000000000000000e+01 2.043641989999999752e-09
