Wood-Saxon orbitals: densities
        r              rho_p            rho_n
 0.20000000E-01   0.13848058E+00   0.13848058E+00
 0.40000000E-01   0.13838445E+00   0.13838445E+00
 0.60000000E-01   0.13822398E+00   0.13822398E+00
 0.80000000E-01   0.13799976E+00   0.13799976E+00
 0.10000000E+00   0.13771231E+00   0.13771231E+00
 0.12000000E+00   0.13736218E+00   0.13736218E+00
 0.14000000E+00   0.13694999E+00   0.13694999E+00
 0.16000000E+00   0.13647644E+00   0.13647644E+00
 0.18000000E+00   0.13594233E+00   0.13594233E+00
 0.20000000E+00   0.13534849E+00   0.13534849E+00
 0.22000000E+00   0.13469587E+00   0.13469587E+00
 0.24000000E+00   0.13398545E+00   0.13398545E+00
 0.26000000E+00   0.13321831E+00   0.13321831E+00
 0.28000000E+00   0.13239558E+00   0.13239558E+00
 0.30000000E+00   0.13151846E+00   0.13151846E+00
 0.32000000E+00   0.13058822E+00   0.13058822E+00
 0.34000000E+00   0.12960617E+00   0.12960617E+00
 0.36000000E+00   0.12857370E+00   0.12857370E+00
 0.38000000E+00   0.12749223E+00   0.12749223E+00
 0.40000000E+00   0.12636324E+00   0.12636324E+00
 0.42000000E+00   0.12518827E+00   0.12518827E+00
 0.44000000E+00   0.12396889E+00   0.12396889E+00
 0.46000000E+00   0.12270671E+00   0.12270671E+00
 0.48000000E+00   0.12140338E+00   0.12140338E+00
 0.50000000E+00   0.12006060E+00   0.12006060E+00
 0.52000000E+00   0.11868008E+00   0.11868008E+00
 0.54000000E+00   0.11726356E+00   0.11726356E+00
 0.56000000E+00   0.11581281E+00   0.11581281E+00
 0.58000000E+00   0.11432963E+00   0.11432963E+00
 0.60000000E+00   0.11281581E+00   0.11281581E+00
 0.62000000E+00   0.11127319E+00   0.11127319E+00
 0.64000000E+00   0.10970359E+00   0.10970359E+00
 0.66000000E+00   0.10810886E+00   0.10810886E+00
 0.68000000E+00   0.10649082E+00   0.10649082E+00
 0.70000000E+00   0.10485133E+00   0.10485133E+00
 0.72000000E+00   0.10319223E+00   0.10319223E+00
 0.74000000E+00   0.10151534E+00   0.10151534E+00
 0.76000000E+00   0.99822499E-01   0.99822499E-01
 0.78000000E+00   0.98115511E-01   0.98115511E-01
 0.80000000E+00   0.96396174E-01   0.96396174E-01
 0.82000000E+00   0.94666266E-01   0.94666266E-01
 0.84000000E+00   0.92927546E-01   0.92927546E-01
 0.86000000E+00   0.91181745E-01   0.91181745E-01
 0.88000000E+00   0.89430571E-01   0.89430571E-01
 0.90000000E+00   0.87675704E-01   0.87675704E-01
 0.92000000E+00   0.85918788E-01   0.85918788E-01
 0.94000000E+00   0.84161439E-01   0.84161439E-01
 0.96000000E+00   0.82405234E-01   0.82405234E-01
 0.98000000E+00   0.80651714E-01   0.80651714E-01
 0.10000000E+01   0.78902378E-01   0.78902378E-01
 0.10200000E+01   0.77158687E-01   0.77158687E-01
 0.10400000E+01   0.75422056E-01   0.75422056E-01
 0.10600000E+01   0.73693858E-01   0.73693858E-01
 0.10800000E+01   0.71975419E-01   0.71975419E-01
 0.11000000E+01   0.70268017E-01   0.70268017E-01
 0.11200000E+01   0.68572884E-01   0.68572884E-01
 0.11400000E+01   0.66891201E-01   0.66891201E-01
 0.11600000E+01   0.65224101E-01   0.65224101E-01
 0.11800000E+01   0.63572665E-01   0.63572665E-01
 0.12000000E+01   0.61937923E-01   0.61937923E-01
 0.12200000E+01   0.60320853E-01   0.60320853E-01
 0.12400000E+01   0.58722383E-01   0.58722383E-01
 0.12600000E+01   0.57143386E-01   0.57143386E-01
 0.12800000E+01   0.55584687E-01   0.55584687E-01
 0.13000000E+01   0.54047054E-01   0.54047054E-01
 0.13200000E+01   0.52531207E-01   0.52531207E-01
 0.13400000E+01   0.51037813E-01   0.51037813E-01
 0.13600000E+01   0.49567489E-01   0.49567489E-01
 0.13800000E+01   0.48120799E-01   0.48120799E-01
 0.14000000E+01   0.46698260E-01   0.46698260E-01
 0.14200000E+01   0.45300336E-01   0.45300336E-01
 0.14400000E+01   0.43927447E-01   0.43927447E-01
 0.14600000E+01   0.42579961E-01   0.42579961E-01
 0.14800000E+01   0.41258203E-01   0.41258203E-01
 0.15000000E+01   0.39962450E-01   0.39962450E-01
 0.15200000E+01   0.38692935E-01   0.38692935E-01
 0.15400000E+01   0.37449849E-01   0.37449849E-01
 0.15600000E+01   0.36233338E-01   0.36233338E-01
 0.15800000E+01   0.35043510E-01   0.35043510E-01
 0.16000000E+01   0.33880432E-01   0.33880432E-01
 0.16200000E+01   0.32744133E-01   0.32744133E-01
 0.16400000E+01   0.31634605E-01   0.31634605E-01
 0.16600000E+01   0.30551806E-01   0.30551806E-01
 0.16800000E+01   0.29495658E-01   0.29495658E-01
 0.17000000E+01   0.28466052E-01   0.28466052E-01
 0.17200000E+01   0.27462849E-01   0.27462849E-01
 0.17400000E+01   0.26485878E-01   0.26485878E-01
 0.17600000E+01   0.25534942E-01   0.25534942E-01
 0.17800000E+01   0.24609818E-01   0.24609818E-01
 0.18000000E+01   0.23710256E-01   0.23710256E-01
 0.18200000E+01   0.22835985E-01   0.22835985E-01
 0.18400000E+01   0.21986710E-01   0.21986710E-01
 0.18600000E+01   0.21162118E-01   0.21162118E-01
 0.18800000E+01   0.20361875E-01   0.20361875E-01
 0.19000000E+01   0.19585631E-01   0.19585631E-01
 0.19200000E+01   0.18833020E-01   0.18833020E-01
 0.19400000E+01   0.18103659E-01   0.18103659E-01
 0.19600000E+01   0.17397154E-01   0.17397154E-01
 0.19800000E+01   0.16713099E-01   0.16713099E-01
 0.20000000E+01   0.16051076E-01   0.16051076E-01
 0.20200000E+01   0.15410659E-01   0.15410659E-01
 0.20400000E+01   0.14791413E-01   0.14791413E-01
 0.20600000E+01   0.14192896E-01   0.14192896E-01
 0.20800000E+01   0.13614660E-01   0.13614660E-01
 0.21000000E+01   0.13056253E-01   0.13056253E-01
 0.21200000E+01   0.12517218E-01   0.12517218E-01
 0.21400000E+01   0.11997096E-01   0.11997096E-01
 0.21600000E+01   0.11495426E-01   0.11495426E-01
 0.21800000E+01   0.11011747E-01   0.11011747E-01
 0.22000000E+01   0.10545596E-01   0.10545596E-01
 0.22200000E+01   0.10096512E-01   0.10096512E-01
 0.22400000E+01   0.96640367E-02   0.96640367E-02
 0.22600000E+01   0.92477119E-02   0.92477119E-02
 0.22800000E+01   0.88470836E-02   0.88470836E-02
 0.23000000E+01   0.84617014E-02   0.84617014E-02
 0.23200000E+01   0.80911188E-02   0.80911188E-02
 0.23400000E+01   0.77348943E-02   0.77348943E-02
 0.23600000E+01   0.73925915E-02   0.73925915E-02
 0.23800000E+01   0.70637798E-02   0.70637798E-02
 0.24000000E+01   0.67480349E-02   0.67480349E-02
 0.24200000E+01   0.64449389E-02   0.64449389E-02
 0.24400000E+01   0.61540810E-02   0.61540810E-02
 0.24600000E+01   0.58750574E-02   0.58750574E-02
 0.24800000E+01   0.56074720E-02   0.56074720E-02
 0.25000000E+01   0.53509365E-02   0.53509365E-02
 0.25200000E+01   0.51050703E-02   0.51050703E-02
 0.25400000E+01   0.48695014E-02   0.48695014E-02
 0.25600000E+01   0.46438657E-02   0.46438657E-02
 0.25800000E+01   0.44278078E-02   0.44278078E-02
 0.26000000E+01   0.42209807E-02   0.42209807E-02
 0.26200000E+01   0.40230462E-02   0.40230462E-02
 0.26400000E+01   0.38336747E-02   0.38336747E-02
 0.26600000E+01   0.36525451E-02   0.36525451E-02
 0.26800000E+01   0.34793452E-02   0.34793452E-02
 0.27000000E+01   0.33137716E-02   0.33137716E-02
 0.27200000E+01   0.31555294E-02   0.31555294E-02
 0.27400000E+01   0.30043324E-02   0.30043324E-02
 0.27600000E+01   0.28599028E-02   0.28599028E-02
 0.27800000E+01   0.27219714E-02   0.27219714E-02
 0.28000000E+01   0.25902776E-02   0.25902776E-02
 0.28200000E+01   0.24645687E-02   0.24645687E-02
 0.28400000E+01   0.23446004E-02   0.23446004E-02
 0.28600000E+01   0.22301364E-02   0.22301364E-02
 0.28800000E+01   0.21209484E-02   0.21209484E-02
 0.29000000E+01   0.20168157E-02   0.20168157E-02
 0.29200000E+01   0.19175255E-02   0.19175255E-02
 0.29400000E+01   0.18228721E-02   0.18228721E-02
 0.29600000E+01   0.17326576E-02   0.17326576E-02
 0.29800000E+01   0.16466908E-02   0.16466908E-02
 0.30000000E+01   0.15647877E-02   0.15647877E-02
 0.30200000E+01   0.14867713E-02   0.14867713E-02
 0.30400000E+01   0.14124709E-02   0.14124709E-02
 0.30600000E+01   0.13417226E-02   0.13417226E-02
 0.30800000E+01   0.12743684E-02   0.12743684E-02
 0.31000000E+01   0.12102570E-02   0.12102570E-02
 0.31200000E+01   0.11492425E-02   0.11492425E-02
 0.31400000E+01   0.10911851E-02   0.10911851E-02
 0.31600000E+01   0.10359505E-02   0.10359505E-02
 0.31800000E+01   0.98340984E-03   0.98340984E-03
 0.32000000E+01   0.93343956E-03   0.93343956E-03
 0.32200000E+01   0.88592116E-03   0.88592116E-03
 0.32400000E+01   0.84074105E-03   0.84074105E-03
 0.32600000E+01   0.79779042E-03   0.79779042E-03
 0.32800000E+01   0.75696505E-03   0.75696505E-03
 0.33000000E+01   0.71816514E-03   0.71816514E-03
 0.33200000E+01   0.68129519E-03   0.68129519E-03
 0.33400000E+01   0.64626382E-03   0.64626382E-03
 0.33600000E+01   0.61298360E-03   0.61298360E-03
 0.33800000E+01   0.58137100E-03   0.58137100E-03
 0.34000000E+01   0.55134611E-03   0.55134611E-03
 0.34200000E+01   0.52283260E-03   0.52283260E-03
 0.34400000E+01   0.49575753E-03   0.49575753E-03
 0.34600000E+01   0.47005124E-03   0.47005124E-03
 0.34800000E+01   0.44564723E-03   0.44564723E-03
 0.35000000E+01   0.42248201E-03   0.42248201E-03
 0.35200000E+01   0.40049499E-03   0.40049499E-03
 0.35400000E+01   0.37962838E-03   0.37962838E-03
 0.35600000E+01   0.35982703E-03   0.35982703E-03
 0.35800000E+01   0.34103838E-03   0.34103838E-03
 0.36000000E+01   0.32321230E-03   0.32321230E-03
 0.36200000E+01   0.30630103E-03   0.30630103E-03
 0.36400000E+01   0.29025902E-03   0.29025902E-03
 0.36600000E+01   0.27504292E-03   0.27504292E-03
 0.36800000E+01   0.26061141E-03   0.26061141E-03
 0.37000000E+01   0.24692514E-03   0.24692514E-03
 0.37200000E+01   0.23394666E-03   0.23394666E-03
 0.37400000E+01   0.22164030E-03   0.22164030E-03
 0.37600000E+01   0.20997212E-03   0.20997212E-03
 0.37800000E+01   0.19890983E-03   0.19890983E-03
 0.38000000E+01   0.18842269E-03   0.18842269E-03
 0.38200000E+01   0.17848148E-03   0.17848148E-03
 0.38400000E+01   0.16905840E-03   0.16905840E-03
 0.38600000E+01   0.16012702E-03   0.16012702E-03
 0.38800000E+01   0.15166219E-03   0.15166219E-03
 0.39000000E+01   0.14364002E-03   0.14364002E-03
 0.39200000E+01   0.13603781E-03   0.13603781E-03
 0.39400000E+01   0.12883397E-03   0.12883397E-03
 0.39600000E+01   0.12200800E-03   0.12200800E-03
 0.39800000E+01   0.11554041E-03   0.11554041E-03
 0.40000000E+01   0.10941271E-03   0.10941271E-03
 0.40200000E+01   0.10360730E-03   0.10360730E-03
 0.40400000E+01   0.98107493E-04   0.98107493E-04
 0.40600000E+01   0.92897446E-04   0.92897446E-04
 0.40800000E+01   0.87962104E-04   0.87962104E-04
 0.41000000E+01   0.83287181E-04   0.83287181E-04
 0.41200000E+01   0.78859116E-04   0.78859116E-04
 0.41400000E+01   0.74665037E-04   0.74665037E-04
 0.41600000E+01   0.70692730E-04   0.70692730E-04
 0.41800000E+01   0.66930604E-04   0.66930604E-04
 0.42000000E+01   0.63367661E-04   0.63367661E-04
 0.42200000E+01   0.59993469E-04   0.59993469E-04
 0.42400000E+01   0.56798131E-04   0.56798131E-04
 0.42600000E+01   0.53772259E-04   0.53772259E-04
 0.42800000E+01   0.50906949E-04   0.50906949E-04
 0.43000000E+01   0.48193758E-04   0.48193758E-04
 0.43200000E+01   0.45624678E-04   0.45624678E-04
 0.43400000E+01   0.43192118E-04   0.43192118E-04
 0.43600000E+01   0.40888879E-04   0.40888879E-04
 0.43800000E+01   0.38708137E-04   0.38708137E-04
 0.44000000E+01   0.36643423E-04   0.36643423E-04
 0.44200000E+01   0.34688604E-04   0.34688604E-04
 0.44400000E+01   0.32837868E-04   0.32837868E-04
 0.44600000E+01   0.31085706E-04   0.31085706E-04
 0.44800000E+01   0.29426898E-04   0.29426898E-04
 0.45000000E+01   0.27856496E-04   0.27856496E-04
 0.45200000E+01   0.26369812E-04   0.26369812E-04
 0.45400000E+01   0.24962405E-04   0.24962405E-04
 0.45600000E+01   0.23630064E-04   0.23630064E-04
 0.45800000E+01   0.22368804E-04   0.22368804E-04
 0.46000000E+01   0.21174845E-04   0.21174845E-04
 0.46200000E+01   0.20044611E-04   0.20044611E-04
 0.46400000E+01   0.18974710E-04   0.18974710E-04
 0.46600000E+01   0.17961931E-04   0.17961931E-04
 0.46800000E+01   0.17003234E-04   0.17003234E-04
 0.47000000E+01   0.16095738E-04   0.16095738E-04
 0.47200000E+01   0.15236714E-04   0.15236714E-04
 0.47400000E+01   0.14423578E-04   0.14423578E-04
 0.47600000E+01   0.13653884E-04   0.13653884E-04
 0.47800000E+01   0.12925313E-04   0.12925313E-04
 0.48000000E+01   0.12235673E-04   0.12235673E-04
 0.48200000E+01   0.11582885E-04   0.11582885E-04
 0.48400000E+01   0.10964982E-04   0.10964982E-04
 0.48600000E+01   0.10380100E-04   0.10380100E-04
 0.48800000E+01   0.98264767E-05   0.98264767E-05
 0.49000000E+01   0.93024410E-05   0.93024410E-05
 0.49200000E+01   0.88064122E-05   0.88064122E-05
 0.49400000E+01   0.83368932E-05   0.83368932E-05
 0.49600000E+01   0.78924671E-05   0.78924671E-05
 0.49800000E+01   0.74717922E-05   0.74717922E-05
 0.50000000E+01   0.70735985E-05   0.70735985E-05
 0.50200000E+01   0.66966836E-05   0.66966836E-05
 0.50400000E+01   0.63399095E-05   0.63399095E-05
 0.50600000E+01   0.60021987E-05   0.60021987E-05
 0.50800000E+01   0.56825314E-05   0.56825314E-05
 0.51000000E+01   0.53799423E-05   0.53799423E-05
 0.51200000E+01   0.50935177E-05   0.50935177E-05
 0.51400000E+01   0.48223924E-05   0.48223924E-05
 0.51600000E+01   0.45657480E-05   0.45657480E-05
 0.51800000E+01   0.43228096E-05   0.43228096E-05
 0.52000000E+01   0.40928435E-05   0.40928435E-05
 0.52200000E+01   0.38751558E-05   0.38751558E-05
 0.52400000E+01   0.36690892E-05   0.36690892E-05
 0.52600000E+01   0.34740220E-05   0.34740220E-05
 0.52800000E+01   0.32893654E-05   0.32893654E-05
 0.53000000E+01   0.31145626E-05   0.31145626E-05
 0.53200000E+01   0.29490861E-05   0.29490861E-05
 0.53400000E+01   0.27924371E-05   0.27924371E-05
 0.53600000E+01   0.26441431E-05   0.26441431E-05
 0.53800000E+01   0.25037573E-05   0.25037573E-05
 0.54000000E+01   0.23708565E-05   0.23708565E-05
 0.54200000E+01   0.22450405E-05   0.22450405E-05
 0.54400000E+01   0.21259302E-05   0.21259302E-05
 0.54600000E+01   0.20131670E-05   0.20131670E-05
 0.54800000E+01   0.19064116E-05   0.19064116E-05
 0.55000000E+01   0.18053428E-05   0.18053428E-05
 0.55200000E+01   0.17096564E-05   0.17096564E-05
 0.55400000E+01   0.16190648E-05   0.16190648E-05
 0.55600000E+01   0.15332957E-05   0.15332957E-05
 0.55800000E+01   0.14520914E-05   0.14520914E-05
 0.56000000E+01   0.13752080E-05   0.13752080E-05
 0.56200000E+01   0.13024146E-05   0.13024146E-05
 0.56400000E+01   0.12334927E-05   0.12334927E-05
 0.56600000E+01   0.11682357E-05   0.11682357E-05
 0.56800000E+01   0.11064478E-05   0.11064478E-05
 0.57000000E+01   0.10479438E-05   0.10479438E-05
 0.57200000E+01   0.99254836E-06   0.99254836E-06
 0.57400000E+01   0.94009568E-06   0.94009568E-06
 0.57600000E+01   0.89042870E-06   0.89042870E-06
 0.57800000E+01   0.84339883E-06   0.84339883E-06
 0.58000000E+01   0.79886539E-06   0.79886539E-06
 0.58200000E+01   0.75669528E-06   0.75669528E-06
 0.58400000E+01   0.71676249E-06   0.71676249E-06
 0.58600000E+01   0.67894777E-06   0.67894777E-06
 0.58800000E+01   0.64313824E-06   0.64313824E-06
 0.59000000E+01   0.60922708E-06   0.60922708E-06
 0.59200000E+01   0.57711317E-06   0.57711317E-06
 0.59400000E+01   0.54670079E-06   0.54670079E-06
 0.59600000E+01   0.51789935E-06   0.51789935E-06
 0.59800000E+01   0.49062310E-06   0.49062310E-06
 0.60000000E+01   0.46479088E-06   0.46479088E-06
 0.60200000E+01   0.44032587E-06   0.44032587E-06
 0.60400000E+01   0.41715533E-06   0.41715533E-06
 0.60600000E+01   0.39521044E-06   0.39521044E-06
 0.60800000E+01   0.37442603E-06   0.37442603E-06
 0.61000000E+01   0.35474043E-06   0.35474043E-06
 0.61200000E+01   0.33609525E-06   0.33609525E-06
 0.61400000E+01   0.31843522E-06   0.31843522E-06
 0.61600000E+01   0.30170802E-06   0.30170802E-06
 0.61800000E+01   0.28586413E-06   0.28586413E-06
 0.62000000E+01   0.27085665E-06   0.27085665E-06
 0.62200000E+01   0.25664121E-06   0.25664121E-06
 0.62400000E+01   0.24317579E-06   0.24317579E-06
 0.62600000E+01   0.23042061E-06   0.23042061E-06
 0.62800000E+01   0.21833800E-06   0.21833800E-06
 0.63000000E+01   0.20689233E-06   0.20689233E-06
 0.63200000E+01   0.19604983E-06   0.19604983E-06
 0.63400000E+01   0.18577856E-06   0.18577856E-06
 0.63600000E+01   0.17604826E-06   0.17604826E-06
 0.63800000E+01   0.16683028E-06   0.16683028E-06
 0.64000000E+01   0.15809751E-06   0.15809751E-06
 0.64200000E+01   0.14982428E-06   0.14982428E-06
 0.64400000E+01   0.14198627E-06   0.14198627E-06
 0.64600000E+01   0.13456046E-06   0.13456046E-06
 0.64800000E+01   0.12752507E-06   0.12752507E-06
 0.65000000E+01   0.12085945E-06   0.12085945E-06
 0.65200000E+01   0.11454407E-06   0.11454407E-06
 0.65400000E+01   0.10856043E-06   0.10856043E-06
 0.65600000E+01   0.10289101E-06   0.10289101E-06
 0.65800000E+01   0.97519212E-07   0.97519212E-07
 0.66000000E+01   0.92429339E-07   0.92429339E-07
 0.66200000E+01   0.87606511E-07   0.87606511E-07
 0.66400000E+01   0.83036644E-07   0.83036644E-07
 0.66600000E+01   0.78706399E-07   0.78706399E-07
 0.66800000E+01   0.74603144E-07   0.74603144E-07
 0.67000000E+01   0.70714917E-07   0.70714917E-07
 0.67200000E+01   0.67030389E-07   0.67030389E-07
 0.67400000E+01   0.63538832E-07   0.63538832E-07
 0.67600000E+01   0.60230085E-07   0.60230085E-07
 0.67800000E+01   0.57094526E-07   0.57094526E-07
 0.68000000E+01   0.54123042E-07   0.54123042E-07
 0.68200000E+01   0.51307001E-07   0.51307001E-07
 0.68400000E+01   0.48638229E-07   0.48638229E-07
 0.68600000E+01   0.46108983E-07   0.46108983E-07
 0.68800000E+01   0.43711931E-07   0.43711931E-07
 0.69000000E+01   0.41440126E-07   0.41440126E-07
 0.69200000E+01   0.39286989E-07   0.39286989E-07
 0.69400000E+01   0.37246290E-07   0.37246290E-07
 0.69600000E+01   0.35312125E-07   0.35312125E-07
 0.69800000E+01   0.33478905E-07   0.33478905E-07
 0.70000000E+01   0.31741333E-07   0.31741333E-07
 0.70200000E+01   0.30094392E-07   0.30094392E-07
 0.70400000E+01   0.28533331E-07   0.28533331E-07
 0.70600000E+01   0.27053648E-07   0.27053648E-07
 0.70800000E+01   0.25651078E-07   0.25651078E-07
 0.71000000E+01   0.24321583E-07   0.24321583E-07
 0.71200000E+01   0.23061334E-07   0.23061334E-07
 0.71400000E+01   0.21866708E-07   0.21866708E-07
 0.71600000E+01   0.20734268E-07   0.20734268E-07
 0.71800000E+01   0.19660762E-07   0.19660762E-07
 0.72000000E+01   0.18643107E-07   0.18643107E-07
 0.72200000E+01   0.17678382E-07   0.17678382E-07
 0.72400000E+01   0.16763820E-07   0.16763820E-07
 0.72600000E+01   0.15896799E-07   0.15896799E-07
 0.72800000E+01   0.15074835E-07   0.15074835E-07
 0.73000000E+01   0.14295576E-07   0.14295576E-07
 0.73200000E+01   0.13556791E-07   0.13556791E-07
 0.73400000E+01   0.12856368E-07   0.12856368E-07
 0.73600000E+01   0.12192304E-07   0.12192304E-07
 0.73800000E+01   0.11562702E-07   0.11562702E-07
 0.74000000E+01   0.10965766E-07   0.10965766E-07
 0.74200000E+01   0.10399792E-07   0.10399792E-07
 0.74400000E+01   0.98631660E-08   0.98631660E-08
 0.74600000E+01   0.93543587E-08   0.93543587E-08
 0.74800000E+01   0.88719209E-08   0.88719209E-08
 0.75000000E+01   0.84144792E-08   0.84144792E-08
 0.75200000E+01   0.79807323E-08   0.79807323E-08
 0.75400000E+01   0.75694467E-08   0.75694467E-08
 0.75600000E+01   0.71794536E-08   0.71794536E-08
 0.75800000E+01   0.68096453E-08   0.68096453E-08
 0.76000000E+01   0.64589722E-08   0.64589722E-08
 0.76200000E+01   0.61264393E-08   0.61264393E-08
 0.76400000E+01   0.58111036E-08   0.58111036E-08
 0.76600000E+01   0.55120716E-08   0.55120716E-08
 0.76800000E+01   0.52284963E-08   0.52284963E-08
 0.77000000E+01   0.49595750E-08   0.49595750E-08
 0.77200000E+01   0.47045468E-08   0.47045468E-08
 0.77400000E+01   0.44626905E-08   0.44626905E-08
 0.77600000E+01   0.42333226E-08   0.42333226E-08
 0.77800000E+01   0.40157954E-08   0.40157954E-08
 0.78000000E+01   0.38094945E-08   0.38094945E-08
 0.78200000E+01   0.36138381E-08   0.36138381E-08
 0.78400000E+01   0.34282742E-08   0.34282742E-08
 0.78600000E+01   0.32522799E-08   0.32522799E-08
 0.78800000E+01   0.30853595E-08   0.30853595E-08
 0.79000000E+01   0.29270428E-08   0.29270428E-08
 0.79200000E+01   0.27768845E-08   0.27768845E-08
 0.79400000E+01   0.26344622E-08   0.26344622E-08
 0.79600000E+01   0.24993755E-08   0.24993755E-08
 0.79800000E+01   0.23712450E-08   0.23712450E-08
 0.80000000E+01   0.22497106E-08   0.22497106E-08
 0.80200000E+01   0.21344315E-08   0.21344315E-08
 0.80400000E+01   0.20250842E-08   0.20250842E-08
 0.80600000E+01   0.19213620E-08   0.19213620E-08
 0.80800000E+01   0.18229744E-08   0.18229744E-08
 0.81000000E+01   0.17296458E-08   0.17296458E-08
 0.81200000E+01   0.16411148E-08   0.16411148E-08
 0.81400000E+01   0.15571338E-08   0.15571338E-08
 0.81600000E+01   0.14774680E-08   0.14774680E-08
 0.81800000E+01   0.14018945E-08   0.14018945E-08
 0.82000000E+01   0.13302023E-08   0.13302023E-08
 0.82200000E+01   0.12621912E-08   0.12621912E-08
 0.82400000E+01   0.11976714E-08   0.11976714E-08
 0.82600000E+01   0.11364629E-08   0.11364629E-08
 0.82800000E+01   0.10783950E-08   0.10783950E-08
 0.83000000E+01   0.10233058E-08   0.10233058E-08
 0.83200000E+01   0.97104196E-09   0.97104196E-09
 0.83400000E+01   0.92145794E-09   0.92145794E-09
 0.83600000E+01   0.87441574E-09   0.87441574E-09
 0.83800000E+01   0.82978452E-09   0.82978452E-09
 0.84000000E+01   0.78744019E-09   0.78744019E-09
 0.84200000E+01   0.74726509E-09   0.74726509E-09
 0.84400000E+01   0.70914763E-09   0.70914763E-09
 0.84600000E+01   0.67298200E-09   0.67298200E-09
 0.84800000E+01   0.63866783E-09   0.63866783E-09
 0.85000000E+01   0.60610995E-09   0.60610995E-09
 0.85200000E+01   0.57521811E-09   0.57521811E-09
 0.85400000E+01   0.54590671E-09   0.54590671E-09
 0.85600000E+01   0.51809455E-09   0.51809455E-09
 0.85800000E+01   0.49170466E-09   0.49170466E-09
 0.86000000E+01   0.46666399E-09   0.46666399E-09
 0.86200000E+01   0.44290331E-09   0.44290331E-09
 0.86400000E+01   0.42035691E-09   0.42035691E-09
 0.86600000E+01   0.39896250E-09   0.39896250E-09
 0.86800000E+01   0.37866099E-09   0.37866099E-09
 0.87000000E+01   0.35939632E-09   0.35939632E-09
 0.87200000E+01   0.34111533E-09   0.34111533E-09
 0.87400000E+01   0.32376760E-09   0.32376760E-09
 0.87600000E+01   0.30730530E-09   0.30730530E-09
 0.87800000E+01   0.29168307E-09   0.29168307E-09
 0.88000000E+01   0.27685787E-09   0.27685787E-09
 0.88200000E+01   0.26278887E-09   0.26278887E-09
 0.88400000E+01   0.24943737E-09   0.24943737E-09
 0.88600000E+01   0.23676662E-09   0.23676662E-09
 0.88800000E+01   0.22474179E-09   0.22474179E-09
 0.89000000E+01   0.21332983E-09   0.21332983E-09
 0.89200000E+01   0.20249937E-09   0.20249937E-09
 0.89400000E+01   0.19222069E-09   0.19222069E-09
 0.89600000E+01   0.18246556E-09   0.18246556E-09
 0.89800000E+01   0.17320722E-09   0.17320722E-09
 0.90000000E+01   0.16442027E-09   0.16442027E-09
 0.90200000E+01   0.15608062E-09   0.15608062E-09
 0.90400000E+01   0.14816543E-09   0.14816543E-09
 0.90600000E+01   0.14065300E-09   0.14065300E-09
 0.90800000E+01   0.13352277E-09   0.13352277E-09
 0.91000000E+01   0.12675522E-09   0.12675522E-09
 0.91200000E+01   0.12033185E-09   0.12033185E-09
 0.91400000E+01   0.11423507E-09   0.11423507E-09
 0.91600000E+01   0.10844823E-09   0.10844823E-09
 0.91800000E+01   0.10295551E-09   0.10295551E-09
 0.92000000E+01   0.97741918E-10   0.97741918E-10
 0.92200000E+01   0.92793209E-10   0.92793209E-10
 0.92400000E+01   0.88095882E-10   0.88095882E-10
 0.92600000E+01   0.83637121E-10   0.83637121E-10
 0.92800000E+01   0.79404768E-10   0.79404768E-10
 0.93000000E+01   0.75387287E-10   0.75387287E-10
 0.93200000E+01   0.71573730E-10   0.71573730E-10
 0.93400000E+01   0.67953710E-10   0.67953710E-10
 0.93600000E+01   0.64517371E-10   0.64517371E-10
 0.93800000E+01   0.61255363E-10   0.61255363E-10
 0.94000000E+01   0.58158809E-10   0.58158809E-10
 0.94200000E+01   0.55219289E-10   0.55219289E-10
 0.94400000E+01   0.52428813E-10   0.52428813E-10
 0.94600000E+01   0.49779798E-10   0.49779798E-10
 0.94800000E+01   0.47265049E-10   0.47265049E-10
 0.95000000E+01   0.44877736E-10   0.44877736E-10
 0.95200000E+01   0.42611382E-10   0.42611382E-10
 0.95400000E+01   0.40459836E-10   0.40459836E-10
 0.95600000E+01   0.38417264E-10   0.38417264E-10
 0.95800000E+01   0.36478127E-10   0.36478127E-10
 0.96000000E+01   0.34637171E-10   0.34637171E-10
 0.96200000E+01   0.32889409E-10   0.32889409E-10
 0.96400000E+01   0.31230106E-10   0.31230106E-10
 0.96600000E+01   0.29654771E-10   0.29654771E-10
 0.96800000E+01   0.28159142E-10   0.28159142E-10
 0.97000000E+01   0.26739173E-10   0.26739173E-10
 0.97200000E+01   0.25391023E-10   0.25391023E-10
 0.97400000E+01   0.24111048E-10   0.24111048E-10
 0.97600000E+01   0.22895791E-10   0.22895791E-10
 0.97800000E+01   0.21741968E-10   0.21741968E-10
 0.98000000E+01   0.20646464E-10   0.20646464E-10
 0.98200000E+01   0.19606321E-10   0.19606321E-10
 0.98400000E+01   0.18618734E-10   0.18618734E-10
 0.98600000E+01   0.17681038E-10   0.17681038E-10
 0.98800000E+01   0.16790706E-10   0.16790706E-10
 0.99000000E+01   0.15945337E-10   0.15945337E-10
 0.99200000E+01   0.15142654E-10   0.15142654E-10
 0.99400000E+01   0.14380494E-10   0.14380494E-10
 0.99600000E+01   0.13656805E-10   0.13656805E-10
 0.99800000E+01   0.12969641E-10   0.12969641E-10
 0.10000000E+02   0.12317150E-10   0.12317150E-10
 0.10020000E+02   0.11697580E-10   0.11697580E-10
 0.10040000E+02   0.11109263E-10   0.11109263E-10
 0.10060000E+02   0.10550619E-10   0.10550619E-10
 0.10080000E+02   0.10020146E-10   0.10020146E-10
 0.10100000E+02   0.95164190E-11   0.95164190E-11
 0.10120000E+02   0.90380862E-11   0.90380862E-11
 0.10140000E+02   0.85838633E-11   0.85838633E-11
 0.10160000E+02   0.81525315E-11   0.81525315E-11
 0.10180000E+02   0.77429336E-11   0.77429336E-11
 0.10200000E+02   0.73539714E-11   0.73539714E-11
 0.10220000E+02   0.69846022E-11   0.69846022E-11
 0.10240000E+02   0.66338361E-11   0.66338361E-11
 0.10260000E+02   0.63007335E-11   0.63007335E-11
 0.10280000E+02   0.59844024E-11   0.59844024E-11
 0.10300000E+02   0.56839957E-11   0.56839957E-11
 0.10320000E+02   0.53987097E-11   0.53987097E-11
 0.10340000E+02   0.51277809E-11   0.51277809E-11
 0.10360000E+02   0.48704849E-11   0.48704849E-11
 0.10380000E+02   0.46261336E-11   0.46261336E-11
 0.10400000E+02   0.43940740E-11   0.43940740E-11
 0.10420000E+02   0.41736860E-11   0.41736860E-11
 0.10440000E+02   0.39643809E-11   0.39643809E-11
 0.10460000E+02   0.37655998E-11   0.37655998E-11
 0.10480000E+02   0.35768121E-11   0.35768121E-11
 0.10500000E+02   0.33975140E-11   0.33975140E-11
 0.10520000E+02   0.32272271E-11   0.32272271E-11
 0.10540000E+02   0.30654973E-11   0.30654973E-11
 0.10560000E+02   0.29118934E-11   0.29118934E-11
 0.10580000E+02   0.27660060E-11   0.27660060E-11
 0.10600000E+02   0.26274465E-11   0.26274465E-11
 0.10620000E+02   0.24958456E-11   0.24958456E-11
 0.10640000E+02   0.23708531E-11   0.23708531E-11
 0.10660000E+02   0.22521361E-11   0.22521361E-11
 0.10680000E+02   0.21393788E-11   0.21393788E-11
 0.10700000E+02   0.20322811E-11   0.20322811E-11
 0.10720000E+02   0.19305582E-11   0.19305582E-11
 0.10740000E+02   0.18339397E-11   0.18339397E-11
 0.10760000E+02   0.17421687E-11   0.17421687E-11
 0.10780000E+02   0.16550014E-11   0.16550014E-11
 0.10800000E+02   0.15722062E-11   0.15722062E-11
 0.10820000E+02   0.14935633E-11   0.14935633E-11
 0.10840000E+02   0.14188639E-11   0.14188639E-11
 0.10860000E+02   0.13479096E-11   0.13479096E-11
 0.10880000E+02   0.12805123E-11   0.12805123E-11
 0.10900000E+02   0.12164932E-11   0.12164932E-11
 0.10920000E+02   0.11556825E-11   0.11556825E-11
 0.10940000E+02   0.10979190E-11   0.10979190E-11
 0.10960000E+02   0.10430496E-11   0.10430496E-11
 0.10980000E+02   0.99092898E-12   0.99092898E-12
 0.11000000E+02   0.94141901E-12   0.94141901E-12
 0.11020000E+02   0.89438864E-12   0.89438864E-12
 0.11040000E+02   0.84971335E-12   0.84971335E-12
 0.11060000E+02   0.80727492E-12   0.80727492E-12
 0.11080000E+02   0.76696106E-12   0.76696106E-12
 0.11100000E+02   0.72866516E-12   0.72866516E-12
 0.11120000E+02   0.69228593E-12   0.69228593E-12
 0.11140000E+02   0.65772723E-12   0.65772723E-12
 0.11160000E+02   0.62489772E-12   0.62489772E-12
 0.11180000E+02   0.59371065E-12   0.59371065E-12
 0.11200000E+02   0.56408366E-12   0.56408366E-12
 0.11220000E+02   0.53593852E-12   0.53593852E-12
 0.11240000E+02   0.50920092E-12   0.50920092E-12
 0.11260000E+02   0.48380031E-12   0.48380031E-12
 0.11280000E+02   0.45966966E-12   0.45966966E-12
 0.11300000E+02   0.43674533E-12   0.43674533E-12
 0.11320000E+02   0.41496687E-12   0.41496687E-12
 0.11340000E+02   0.39427685E-12   0.39427685E-12
 0.11360000E+02   0.37462076E-12   0.37462076E-12
 0.11380000E+02   0.35594681E-12   0.35594681E-12
 0.11400000E+02   0.33820579E-12   0.33820579E-12
 0.11420000E+02   0.32135099E-12   0.32135099E-12
 0.11440000E+02   0.30533804E-12   0.30533804E-12
 0.11460000E+02   0.29012480E-12   0.29012480E-12
 0.11480000E+02   0.27567121E-12   0.27567121E-12
 0.11500000E+02   0.26193928E-12   0.26193928E-12
 0.11520000E+02   0.24889287E-12   0.24889287E-12
 0.11540000E+02   0.23649770E-12   0.23649770E-12
 0.11560000E+02   0.22472116E-12   0.22472116E-12
 0.11580000E+02   0.21353233E-12   0.21353233E-12
 0.11600000E+02   0.20290180E-12   0.20290180E-12
 0.11620000E+02   0.19280164E-12   0.19280164E-12
 0.11640000E+02   0.18320534E-12   0.18320534E-12
 0.11660000E+02   0.17408770E-12   0.17408770E-12
 0.11680000E+02   0.16542480E-12   0.16542480E-12
 0.11700000E+02   0.15719390E-12   0.15719390E-12
 0.11720000E+02   0.14937341E-12   0.14937341E-12
 0.11740000E+02   0.14194283E-12   0.14194283E-12
 0.11760000E+02   0.13488265E-12   0.13488265E-12
 0.11780000E+02   0.12817439E-12   0.12817439E-12
 0.11800000E+02   0.12180047E-12   0.12180047E-12
 0.11820000E+02   0.11574417E-12   0.11574417E-12
 0.11840000E+02   0.10998964E-12   0.10998964E-12
 0.11860000E+02   0.10452181E-12   0.10452181E-12
 0.11880000E+02   0.99326359E-13   0.99326359E-13
 0.11900000E+02   0.94389695E-13   0.94389695E-13
 0.11920000E+02   0.89698896E-13   0.89698896E-13
 0.11940000E+02   0.85241692E-13   0.85241692E-13
 0.11960000E+02   0.81006425E-13   0.81006425E-13
 0.11980000E+02   0.76982019E-13   0.76982019E-13
 0.12000000E+02   0.73157953E-13   0.73157953E-13
 0.12020000E+02   0.69524233E-13   0.69524233E-13
 0.12040000E+02   0.66071364E-13   0.66071364E-13
 0.12060000E+02   0.62790326E-13   0.62790326E-13
 0.12080000E+02   0.59672549E-13   0.59672549E-13
 0.12100000E+02   0.56709893E-13   0.56709893E-13
 0.12120000E+02   0.53894622E-13   0.53894622E-13
 0.12140000E+02   0.51219390E-13   0.51219390E-13
 0.12160000E+02   0.48677216E-13   0.48677216E-13
 0.12180000E+02   0.46261468E-13   0.46261468E-13
 0.12200000E+02   0.43965846E-13   0.43965846E-13
 0.12220000E+02   0.41784363E-13   0.41784363E-13
 0.12240000E+02   0.39711333E-13   0.39711333E-13
 0.12260000E+02   0.37741353E-13   0.37741353E-13
 0.12280000E+02   0.35869290E-13   0.35869290E-13
 0.12300000E+02   0.34090266E-13   0.34090266E-13
 0.12320000E+02   0.32399649E-13   0.32399649E-13
 0.12340000E+02   0.30793035E-13   0.30793035E-13
 0.12360000E+02   0.29266244E-13   0.29266244E-13
 0.12380000E+02   0.27815299E-13   0.27815299E-13
 0.12400000E+02   0.26436427E-13   0.26436427E-13
 0.12420000E+02   0.25126040E-13   0.25126040E-13
 0.12440000E+02   0.23880729E-13   0.23880729E-13
 0.12460000E+02   0.22697256E-13   0.22697256E-13
 0.12480000E+02   0.21572545E-13   0.21572545E-13
 0.12500000E+02   0.20503671E-13   0.20503671E-13
 0.12520000E+02   0.19487857E-13   0.19487857E-13
 0.12540000E+02   0.18522465E-13   0.18522465E-13
 0.12560000E+02   0.17604986E-13   0.17604986E-13
 0.12580000E+02   0.16733037E-13   0.16733037E-13
 0.12600000E+02   0.15904355E-13   0.15904355E-13
 0.12620000E+02   0.15116789E-13   0.15116789E-13
 0.12640000E+02   0.14368294E-13   0.14368294E-13
 0.12660000E+02   0.13656929E-13   0.13656929E-13
 0.12680000E+02   0.12980848E-13   0.12980848E-13
 0.12700000E+02   0.12338297E-13   0.12338297E-13
 0.12720000E+02   0.11727611E-13   0.11727611E-13
 0.12740000E+02   0.11147206E-13   0.11147206E-13
 0.12760000E+02   0.10595578E-13   0.10595578E-13
 0.12780000E+02   0.10071296E-13   0.10071296E-13
 0.12800000E+02   0.95730041E-14   0.95730041E-14
 0.12820000E+02   0.90994101E-14   0.90994101E-14
 0.12840000E+02   0.86492877E-14   0.86492877E-14
 0.12860000E+02   0.82214715E-14   0.82214715E-14
 0.12880000E+02   0.78148540E-14   0.78148540E-14
 0.12900000E+02   0.74283828E-14   0.74283828E-14
 0.12920000E+02   0.70610578E-14   0.70610578E-14
 0.12940000E+02   0.67119289E-14   0.67119289E-14
 0.12960000E+02   0.63800928E-14   0.63800928E-14
 0.12980000E+02   0.60646915E-14   0.60646915E-14
 0.13000000E+02   0.57649096E-14   0.57649096E-14
 0.13020000E+02   0.54799720E-14   0.54799720E-14
 0.13040000E+02   0.52091423E-14   0.52091423E-14
 0.13060000E+02   0.49517209E-14   0.49517209E-14
 0.13080000E+02   0.47070425E-14   0.47070425E-14
 0.13100000E+02   0.44744753E-14   0.44744753E-14
 0.13120000E+02   0.42534188E-14   0.42534188E-14
 0.13140000E+02   0.40433020E-14   0.40433020E-14
 0.13160000E+02   0.38435828E-14   0.38435828E-14
 0.13180000E+02   0.36537455E-14   0.36537455E-14
 0.13200000E+02   0.34733005E-14   0.34733005E-14
 0.13220000E+02   0.33017821E-14   0.33017821E-14
 0.13240000E+02   0.31387480E-14   0.31387480E-14
 0.13260000E+02   0.29837778E-14   0.29837778E-14
 0.13280000E+02   0.28364718E-14   0.28364718E-14
 0.13300000E+02   0.26964504E-14   0.26964504E-14
 0.13320000E+02   0.25633527E-14   0.25633527E-14
 0.13340000E+02   0.24368358E-14   0.24368358E-14
 0.13360000E+02   0.23165736E-14   0.23165736E-14
 0.13380000E+02   0.22022565E-14   0.22022565E-14
 0.13400000E+02   0.20935900E-14   0.20935900E-14
 0.13420000E+02   0.19902943E-14   0.19902943E-14
 0.13440000E+02   0.18921035E-14   0.18921035E-14
 0.13460000E+02   0.17987649E-14   0.17987649E-14
 0.13480000E+02   0.17100383E-14   0.17100383E-14
 0.13500000E+02   0.16256955E-14   0.16256955E-14
 0.13520000E+02   0.15455194E-14   0.15455194E-14
 0.13540000E+02   0.14693038E-14   0.14693038E-14
 0.13560000E+02   0.13968528E-14   0.13968528E-14
 0.13580000E+02   0.13279802E-14   0.13279802E-14
 0.13600000E+02   0.12625088E-14   0.12625088E-14
 0.13620000E+02   0.12002705E-14   0.12002705E-14
 0.13640000E+02   0.11411052E-14   0.11411052E-14
 0.13660000E+02   0.10848611E-14   0.10848611E-14
 0.13680000E+02   0.10313936E-14   0.10313936E-14
 0.13700000E+02   0.98056549E-15   0.98056549E-15
 0.13720000E+02   0.93224619E-15   0.93224619E-15
 0.13740000E+02   0.88631168E-15   0.88631168E-15
 0.13760000E+02   0.84264407E-15   0.84264407E-15
 0.13780000E+02   0.80113131E-15   0.80113131E-15
 0.13800000E+02   0.76166687E-15   0.76166687E-15
 0.13820000E+02   0.72414953E-15   0.72414953E-15
 0.13840000E+02   0.68848306E-15   0.68848306E-15
 0.13860000E+02   0.65457600E-15   0.65457600E-15
 0.13880000E+02   0.62234142E-15   0.62234142E-15
 0.13900000E+02   0.59169669E-15   0.59169669E-15
 0.13920000E+02   0.56256327E-15   0.56256327E-15
 0.13940000E+02   0.53486650E-15   0.53486650E-15
 0.13960000E+02   0.50853542E-15   0.50853542E-15
 0.13980000E+02   0.48350259E-15   0.48350259E-15
 0.14000000E+02   0.45970388E-15   0.45970388E-15
 0.14020000E+02   0.43707837E-15   0.43707837E-15
 0.14040000E+02   0.41556813E-15   0.41556813E-15
 0.14060000E+02   0.39511808E-15   0.39511808E-15
 0.14080000E+02   0.37567590E-15   0.37567590E-15
 0.14100000E+02   0.35719183E-15   0.35719183E-15
 0.14120000E+02   0.33961859E-15   0.33961859E-15
 0.14140000E+02   0.32291121E-15   0.32291121E-15
 0.14160000E+02   0.30702698E-15   0.30702698E-15
 0.14180000E+02   0.29192527E-15   0.29192527E-15
 0.14200000E+02   0.27756747E-15   0.27756747E-15
 0.14220000E+02   0.26391687E-15   0.26391687E-15
 0.14240000E+02   0.25093860E-15   0.25093860E-15
 0.14260000E+02   0.23859948E-15   0.23859948E-15
 0.14280000E+02   0.22686800E-15   0.22686800E-15
 0.14300000E+02   0.21571417E-15   0.21571417E-15
 0.14320000E+02   0.20510952E-15   0.20510952E-15
 0.14340000E+02   0.19502696E-15   0.19502696E-15
 0.14360000E+02   0.18544075E-15   0.18544075E-15
 0.14380000E+02   0.17632642E-15   0.17632642E-15
 0.14400000E+02   0.16766070E-15   0.16766070E-15
 0.14420000E+02   0.15942148E-15   0.15942148E-15
 0.14440000E+02   0.15158774E-15   0.15158774E-15
 0.14460000E+02   0.14413948E-15   0.14413948E-15
 0.14480000E+02   0.13705773E-15   0.13705773E-15
 0.14500000E+02   0.13032440E-15   0.13032440E-15
 0.14520000E+02   0.12392234E-15   0.12392234E-15
 0.14540000E+02   0.11783523E-15   0.11783523E-15
 0.14560000E+02   0.11204753E-15   0.11204753E-15
 0.14580000E+02   0.10654452E-15   0.10654452E-15
 0.14600000E+02   0.10131215E-15   0.10131215E-15
 0.14620000E+02   0.96337109E-16   0.96337109E-16
 0.14640000E+02   0.91606713E-16   0.91606713E-16
 0.14660000E+02   0.87108917E-16   0.87108917E-16
 0.14680000E+02   0.82832266E-16   0.82832266E-16
 0.14700000E+02   0.78765872E-16   0.78765872E-16
 0.14720000E+02   0.74899382E-16   0.74899382E-16
 0.14740000E+02   0.71222955E-16   0.71222955E-16
 0.14760000E+02   0.67727234E-16   0.67727234E-16
 0.14780000E+02   0.64403324E-16   0.64403324E-16
 0.14800000E+02   0.61242770E-16   0.61242770E-16
 0.14820000E+02   0.58237530E-16   0.58237530E-16
 0.14840000E+02   0.55379962E-16   0.55379962E-16
 0.14860000E+02   0.52662799E-16   0.52662799E-16
 0.14880000E+02   0.50079132E-16   0.50079132E-16
 0.14900000E+02   0.47622393E-16   0.47622393E-16
 0.14920000E+02   0.45286339E-16   0.45286339E-16
 0.14940000E+02   0.43065031E-16   0.43065031E-16
 0.14960000E+02   0.40952825E-16   0.40952825E-16
 0.14980000E+02   0.38944356E-16   0.38944356E-16
 0.15000000E+02   0.37034521E-16   0.37034521E-16
 0.15020000E+02   0.35218470E-16   0.35218470E-16
 0.15040000E+02   0.33491591E-16   0.33491591E-16
 0.15060000E+02   0.31849500E-16   0.31849500E-16
 0.15080000E+02   0.30288026E-16   0.30288026E-16
 0.15100000E+02   0.28803208E-16   0.28803208E-16
 0.15120000E+02   0.27391277E-16   0.27391277E-16
 0.15140000E+02   0.26048649E-16   0.26048649E-16
 0.15160000E+02   0.24771919E-16   0.24771919E-16
 0.15180000E+02   0.23557848E-16   0.23557848E-16
 0.15200000E+02   0.22403356E-16   0.22403356E-16
 0.15220000E+02   0.21305516E-16   0.21305516E-16
 0.15240000E+02   0.20261543E-16   0.20261543E-16
 0.15260000E+02   0.19268792E-16   0.19268792E-16
 0.15280000E+02   0.18324745E-16   0.18324745E-16
 0.15300000E+02   0.17427011E-16   0.17427011E-16
 0.15320000E+02   0.16573313E-16   0.16573313E-16
 0.15340000E+02   0.15761489E-16   0.15761489E-16
 0.15360000E+02   0.14989482E-16   0.14989482E-16
 0.15380000E+02   0.14255337E-16   0.14255337E-16
 0.15400000E+02   0.13557194E-16   0.13557194E-16
 0.15420000E+02   0.12893286E-16   0.12893286E-16
 0.15440000E+02   0.12261931E-16   0.12261931E-16
 0.15460000E+02   0.11661531E-16   0.11661531E-16
 0.15480000E+02   0.11090567E-16   0.11090567E-16
 0.15500000E+02   0.10547593E-16   0.10547593E-16
 0.15520000E+02   0.10031235E-16   0.10031235E-16
 0.15540000E+02   0.95401879E-17   0.95401879E-17
 0.15560000E+02   0.90732081E-17   0.90732081E-17
 0.15580000E+02   0.86291149E-17   0.86291149E-17
 0.15600000E+02   0.82067851E-17   0.82067851E-17
 0.15620000E+02   0.78051508E-17   0.78051508E-17
 0.15640000E+02   0.74231966E-17   0.74231966E-17
 0.15660000E+02   0.70599568E-17   0.70599568E-17
 0.15680000E+02   0.67145134E-17   0.67145134E-17
 0.15700000E+02   0.63859932E-17   0.63859932E-17
 0.15720000E+02   0.60735663E-17   0.60735663E-17
 0.15740000E+02   0.57764431E-17   0.57764431E-17
 0.15760000E+02   0.54938732E-17   0.54938732E-17
 0.15780000E+02   0.52251428E-17   0.52251428E-17
 0.15800000E+02   0.49695731E-17   0.49695731E-17
 0.15820000E+02   0.47265189E-17   0.47265189E-17
 0.15840000E+02   0.44953665E-17   0.44953665E-17
 0.15860000E+02   0.42755323E-17   0.42755323E-17
 0.15880000E+02   0.40664615E-17   0.40664615E-17
 0.15900000E+02   0.38676264E-17   0.38676264E-17
 0.15920000E+02   0.36785252E-17   0.36785252E-17
 0.15940000E+02   0.34986808E-17   0.34986808E-17
 0.15960000E+02   0.33276396E-17   0.33276396E-17
 0.15980000E+02   0.31649701E-17   0.31649701E-17
 0.16000000E+02   0.30102620E-17   0.30102620E-17
 0.16020000E+02   0.28631252E-17   0.28631252E-17
 0.16040000E+02   0.27231887E-17   0.27231887E-17
 0.16060000E+02   0.25900997E-17   0.25900997E-17
 0.16080000E+02   0.24635227E-17   0.24635227E-17
 0.16100000E+02   0.23431388E-17   0.23431388E-17
 0.16120000E+02   0.22286444E-17   0.22286444E-17
 0.16140000E+02   0.21197512E-17   0.21197512E-17
 0.16160000E+02   0.20161849E-17   0.20161849E-17
 0.16180000E+02   0.19176844E-17   0.19176844E-17
 0.16200000E+02   0.18240017E-17   0.18240017E-17
 0.16220000E+02   0.17349009E-17   0.17349009E-17
 0.16240000E+02   0.16501575E-17   0.16501575E-17
 0.16260000E+02   0.15695584E-17   0.15695584E-17
 0.16280000E+02   0.14929005E-17   0.14929005E-17
 0.16300000E+02   0.14199909E-17   0.14199909E-17
 0.16320000E+02   0.13506460E-17   0.13506460E-17
 0.16340000E+02   0.12846915E-17   0.12846915E-17
 0.16360000E+02   0.12219613E-17   0.12219613E-17
 0.16380000E+02   0.11622977E-17   0.11622977E-17
 0.16400000E+02   0.11055504E-17   0.11055504E-17
 0.16420000E+02   0.10515769E-17   0.10515769E-17
 0.16440000E+02   0.10002414E-17   0.10002414E-17
 0.16460000E+02   0.95141479E-18   0.95141479E-18
 0.16480000E+02   0.90497430E-18   0.90497430E-18
 0.16500000E+02   0.86080320E-18   0.86080320E-18
 0.16520000E+02   0.81879046E-18   0.81879046E-18
 0.16540000E+02   0.77883050E-18   0.77883050E-18
 0.16560000E+02   0.74082290E-18   0.74082290E-18
 0.16580000E+02   0.70467215E-18   0.70467215E-18
 0.16600000E+02   0.67028745E-18   0.67028745E-18
 0.16620000E+02   0.63758240E-18   0.63758240E-18
 0.16640000E+02   0.60647488E-18   0.60647488E-18
 0.16660000E+02   0.57688675E-18   0.57688675E-18
 0.16680000E+02   0.54874373E-18   0.54874373E-18
 0.16700000E+02   0.52197514E-18   0.52197514E-18
 0.16720000E+02   0.49651379E-18   0.49651379E-18
 0.16740000E+02   0.47229577E-18   0.47229577E-18
 0.16760000E+02   0.44926029E-18   0.44926029E-18
 0.16780000E+02   0.42734955E-18   0.42734955E-18
 0.16800000E+02   0.40650856E-18   0.40650856E-18
 0.16820000E+02   0.38668505E-18   0.38668505E-18
 0.16840000E+02   0.36782927E-18   0.36782927E-18
 0.16860000E+02   0.34989394E-18   0.34989394E-18
 0.16880000E+02   0.33283407E-18   0.33283407E-18
 0.16900000E+02   0.31660688E-18   0.31660688E-18
 0.16920000E+02   0.30117169E-18   0.30117169E-18
 0.16940000E+02   0.28648979E-18   0.28648979E-18
 0.16960000E+02   0.27252438E-18   0.27252438E-18
 0.16980000E+02   0.25924046E-18   0.25924046E-18
 0.17000000E+02   0.24660474E-18   0.24660474E-18
 0.17020000E+02   0.23458555E-18   0.23458555E-18
 0.17040000E+02   0.22315277E-18   0.22315277E-18
 0.17060000E+02   0.21227777E-18   0.21227777E-18
 0.17080000E+02   0.20193329E-18   0.20193329E-18
 0.17100000E+02   0.19209344E-18   0.19209344E-18
 0.17120000E+02   0.18273357E-18   0.18273357E-18
 0.17140000E+02   0.17383024E-18   0.17383024E-18
 0.17160000E+02   0.16536115E-18   0.16536115E-18
 0.17180000E+02   0.15730511E-18   0.15730511E-18
 0.17200000E+02   0.14964195E-18   0.14964195E-18
 0.17220000E+02   0.14235249E-18   0.14235249E-18
 0.17240000E+02   0.13541848E-18   0.13541848E-18
 0.17260000E+02   0.12882258E-18   0.12882258E-18
 0.17280000E+02   0.12254827E-18   0.12254827E-18
 0.17300000E+02   0.11657987E-18   0.11657987E-18
 0.17320000E+02   0.11090244E-18   0.11090244E-18
 0.17340000E+02   0.10550178E-18   0.10550178E-18
 0.17360000E+02   0.10036438E-18   0.10036438E-18
 0.17380000E+02   0.95477408E-19   0.95477408E-19
 0.17400000E+02   0.90828631E-19   0.90828631E-19
 0.17420000E+02   0.86406430E-19   0.86406430E-19
 0.17440000E+02   0.82199751E-19   0.82199751E-19
 0.17460000E+02   0.78198079E-19   0.78198079E-19
 0.17480000E+02   0.74391413E-19   0.74391413E-19
 0.17500000E+02   0.70770240E-19   0.70770240E-19
 0.17520000E+02   0.67325511E-19   0.67325511E-19
 0.17540000E+02   0.64048621E-19   0.64048621E-19
 0.17560000E+02   0.60931384E-19   0.60931384E-19
 0.17580000E+02   0.57966012E-19   0.57966012E-19
 0.17600000E+02   0.55145100E-19   0.55145100E-19
 0.17620000E+02   0.52461603E-19   0.52461603E-19
 0.17640000E+02   0.49908820E-19   0.49908820E-19
 0.17660000E+02   0.47480378E-19   0.47480378E-19
 0.17680000E+02   0.45170213E-19   0.45170213E-19
 0.17700000E+02   0.42972560E-19   0.42972560E-19
 0.17720000E+02   0.40881934E-19   0.40881934E-19
 0.17740000E+02   0.38893115E-19   0.38893115E-19
 0.17760000E+02   0.37001143E-19   0.37001143E-19
 0.17780000E+02   0.35201296E-19   0.35201296E-19
 0.17800000E+02   0.33489083E-19   0.33489083E-19
 0.17820000E+02   0.31860234E-19   0.31860234E-19
 0.17840000E+02   0.30310686E-19   0.30310686E-19
 0.17860000E+02   0.28836574E-19   0.28836574E-19
 0.17880000E+02   0.27434221E-19   0.27434221E-19
 0.17900000E+02   0.26100132E-19   0.26100132E-19
 0.17920000E+02   0.24830980E-19   0.24830980E-19
 0.17940000E+02   0.23623600E-19   0.23623600E-19
 0.17960000E+02   0.22474984E-19   0.22474984E-19
 0.17980000E+02   0.21382269E-19   0.21382269E-19
 0.18000000E+02   0.20342731E-19   0.20342731E-19
 0.18020000E+02   0.19353780E-19   0.19353780E-19
 0.18040000E+02   0.18412951E-19   0.18412951E-19
 0.18060000E+02   0.17517901E-19   0.17517901E-19
 0.18080000E+02   0.16666400E-19   0.16666400E-19
 0.18100000E+02   0.15856328E-19   0.15856328E-19
 0.18120000E+02   0.15085666E-19   0.15085666E-19
 0.18140000E+02   0.14352495E-19   0.14352495E-19
 0.18160000E+02   0.13654990E-19   0.13654990E-19
 0.18180000E+02   0.12991414E-19   0.12991414E-19
 0.18200000E+02   0.12360114E-19   0.12360114E-19
 0.18220000E+02   0.11759521E-19   0.11759521E-19
 0.18240000E+02   0.11188138E-19   0.11188138E-19
 0.18260000E+02   0.10644543E-19   0.10644543E-19
 0.18280000E+02   0.10127384E-19   0.10127384E-19
 0.18300000E+02   0.96353742E-20   0.96353742E-20
 0.18320000E+02   0.91672891E-20   0.91672891E-20
 0.18340000E+02   0.87219642E-20   0.87219642E-20
 0.18360000E+02   0.82982920E-20   0.82982920E-20
 0.18380000E+02   0.78952184E-20   0.78952184E-20
 0.18400000E+02   0.75117412E-20   0.75117412E-20
 0.18420000E+02   0.71469067E-20   0.71469067E-20
 0.18440000E+02   0.67998077E-20   0.67998077E-20
 0.18460000E+02   0.64695812E-20   0.64695812E-20
 0.18480000E+02   0.61554064E-20   0.61554064E-20
 0.18500000E+02   0.58565022E-20   0.58565022E-20
 0.18520000E+02   0.55721256E-20   0.55721256E-20
 0.18540000E+02   0.53015701E-20   0.53015701E-20
 0.18560000E+02   0.50441631E-20   0.50441631E-20
 0.18580000E+02   0.47992652E-20   0.47992652E-20
 0.18600000E+02   0.45662678E-20   0.45662678E-20
 0.18620000E+02   0.43445921E-20   0.43445921E-20
 0.18640000E+02   0.41336876E-20   0.41336876E-20
 0.18660000E+02   0.39330302E-20   0.39330302E-20
 0.18680000E+02   0.37421218E-20   0.37421218E-20
 0.18700000E+02   0.35604882E-20   0.35604882E-20
 0.18720000E+02   0.33876784E-20   0.33876784E-20
 0.18740000E+02   0.32232634E-20   0.32232634E-20
 0.18760000E+02   0.30668349E-20   0.30668349E-20
 0.18780000E+02   0.29180047E-20   0.29180047E-20
 0.18800000E+02   0.27764034E-20   0.27764034E-20
 0.18820000E+02   0.26416795E-20   0.26416795E-20
 0.18840000E+02   0.25134987E-20   0.25134987E-20
 0.18860000E+02   0.23915430E-20   0.23915430E-20
 0.18880000E+02   0.22755097E-20   0.22755097E-20
 0.18900000E+02   0.21651110E-20   0.21651110E-20
 0.18920000E+02   0.20600730E-20   0.20600730E-20
 0.18940000E+02   0.19601351E-20   0.19601351E-20
 0.18960000E+02   0.18650497E-20   0.18650497E-20
 0.18980000E+02   0.17745807E-20   0.17745807E-20
 0.19000000E+02   0.16885039E-20   0.16885039E-20
 0.19020000E+02   0.16066058E-20   0.16066058E-20
 0.19040000E+02   0.15286835E-20   0.15286835E-20
 0.19060000E+02   0.14545437E-20   0.14545437E-20
 0.19080000E+02   0.13840027E-20   0.13840027E-20
 0.19100000E+02   0.13168855E-20   0.13168855E-20
 0.19120000E+02   0.12530260E-20   0.12530260E-20
 0.19140000E+02   0.11922658E-20   0.11922658E-20
 0.19160000E+02   0.11344544E-20   0.11344544E-20
 0.19180000E+02   0.10794486E-20   0.10794486E-20
 0.19200000E+02   0.10271120E-20   0.10271120E-20
 0.19220000E+02   0.97731508E-21   0.97731508E-21
 0.19240000E+02   0.92993444E-21   0.92993444E-21
 0.19260000E+02   0.88485274E-21   0.88485274E-21
 0.19280000E+02   0.84195835E-21   0.84195835E-21
 0.19300000E+02   0.80114504E-21   0.80114504E-21
 0.19320000E+02   0.76231176E-21   0.76231176E-21
 0.19340000E+02   0.72536238E-21   0.72536238E-21
 0.19360000E+02   0.69020541E-21   0.69020541E-21
 0.19380000E+02   0.65675384E-21   0.65675384E-21
 0.19400000E+02   0.62492487E-21   0.62492487E-21
 0.19420000E+02   0.59463972E-21   0.59463972E-21
 0.19440000E+02   0.56582345E-21   0.56582345E-21
 0.19460000E+02   0.53840476E-21   0.53840476E-21
 0.19480000E+02   0.51231581E-21   0.51231581E-21
 0.19500000E+02   0.48749206E-21   0.48749206E-21
 0.19520000E+02   0.46387209E-21   0.46387209E-21
 0.19540000E+02   0.44139748E-21   0.44139748E-21
 0.19560000E+02   0.42001265E-21   0.42001265E-21
 0.19580000E+02   0.39966470E-21   0.39966470E-21
 0.19600000E+02   0.38030333E-21   0.38030333E-21
 0.19620000E+02   0.36188065E-21   0.36188065E-21
 0.19640000E+02   0.34435112E-21   0.34435112E-21
 0.19660000E+02   0.32767140E-21   0.32767140E-21
 0.19680000E+02   0.31180026E-21   0.31180026E-21
 0.19700000E+02   0.29669848E-21   0.29669848E-21
 0.19720000E+02   0.28232871E-21   0.28232871E-21
 0.19740000E+02   0.26865546E-21   0.26865546E-21
 0.19760000E+02   0.25564493E-21   0.25564493E-21
 0.19780000E+02   0.24326498E-21   0.24326498E-21
 0.19800000E+02   0.23148502E-21   0.23148502E-21
 0.19820000E+02   0.22027594E-21   0.22027594E-21
 0.19840000E+02   0.20961006E-21   0.20961006E-21
 0.19860000E+02   0.19946104E-21   0.19946104E-21
 0.19880000E+02   0.18980380E-21   0.18980380E-21
 0.19900000E+02   0.18061450E-21   0.18061450E-21
 0.19920000E+02   0.17187044E-21   0.17187044E-21
 0.19940000E+02   0.16355004E-21   0.16355004E-21
 0.19960000E+02   0.15563275E-21   0.15563275E-21
 0.19980000E+02   0.14809903E-21   0.14809903E-21
 0.20000000E+02   0.14093027E-21   0.14093027E-21
 0.20020000E+02   0.13410878E-21   0.13410878E-21
 0.20040000E+02   0.12761774E-21   0.12761774E-21
 0.20060000E+02   0.12144110E-21   0.12144110E-21
 0.20080000E+02   0.11556365E-21   0.11556365E-21
 0.20100000E+02   0.10997087E-21   0.10997087E-21
 0.20120000E+02   0.10464896E-21   0.10464896E-21
 0.20140000E+02   0.99584795E-22   0.99584795E-22
 0.20160000E+02   0.94765883E-22   0.94765883E-22
 0.20180000E+02   0.90180335E-22   0.90180335E-22
 0.20200000E+02   0.85816842E-22   0.85816842E-22
 0.20220000E+02   0.81664642E-22   0.81664642E-22
 0.20240000E+02   0.77713497E-22   0.77713497E-22
 0.20260000E+02   0.73953662E-22   0.73953662E-22
 0.20280000E+02   0.70375868E-22   0.70375868E-22
 0.20300000E+02   0.66971294E-22   0.66971294E-22
 0.20320000E+02   0.63731547E-22   0.63731547E-22
 0.20340000E+02   0.60648641E-22   0.60648641E-22
 0.20360000E+02   0.57714976E-22   0.57714976E-22
 0.20380000E+02   0.54923323E-22   0.54923323E-22
 0.20400000E+02   0.52266803E-22   0.52266803E-22
 0.20420000E+02   0.49738867E-22   0.49738867E-22
 0.20440000E+02   0.47333289E-22   0.47333289E-22
 0.20460000E+02   0.45044141E-22   0.45044141E-22
 0.20480000E+02   0.42865783E-22   0.42865783E-22
 0.20500000E+02   0.40792850E-22   0.40792850E-22
 0.20520000E+02   0.38820235E-22   0.38820235E-22
 0.20540000E+02   0.36943079E-22   0.36943079E-22
 0.20560000E+02   0.35156760E-22   0.35156760E-22
 0.20580000E+02   0.33456879E-22   0.33456879E-22
 0.20600000E+02   0.31839250E-22   0.31839250E-22
 0.20620000E+02   0.30299890E-22   0.30299890E-22
 0.20640000E+02   0.28835008E-22   0.28835008E-22
 0.20660000E+02   0.27441000E-22   0.27441000E-22
 0.20680000E+02   0.26114433E-22   0.26114433E-22
 0.20700000E+02   0.24852042E-22   0.24852042E-22
 0.20720000E+02   0.23650720E-22   0.23650720E-22
 0.20740000E+02   0.22507511E-22   0.22507511E-22
 0.20760000E+02   0.21419601E-22   0.21419601E-22
 0.20780000E+02   0.20384313E-22   0.20384313E-22
 0.20800000E+02   0.19399101E-22   0.19399101E-22
 0.20820000E+02   0.18461540E-22   0.18461540E-22
 0.20840000E+02   0.17569324E-22   0.17569324E-22
 0.20860000E+02   0.16720257E-22   0.16720257E-22
 0.20880000E+02   0.15912253E-22   0.15912253E-22
 0.20900000E+02   0.15143323E-22   0.15143323E-22
 0.20920000E+02   0.14411577E-22   0.14411577E-22
 0.20940000E+02   0.13715215E-22   0.13715215E-22
 0.20960000E+02   0.13052524E-22   0.13052524E-22
 0.20980000E+02   0.12421876E-22   0.12421876E-22
 0.21000000E+02   0.11821720E-22   0.11821720E-22
 0.21020000E+02   0.11250581E-22   0.11250581E-22
 0.21040000E+02   0.10707054E-22   0.10707054E-22
 0.21060000E+02   0.10189804E-22   0.10189804E-22
 0.21080000E+02   0.96975596E-23   0.96975596E-23
 0.21100000E+02   0.92291108E-23   0.92291108E-23
 0.21120000E+02   0.87833066E-23   0.87833066E-23
 0.21140000E+02   0.83590515E-23   0.83590515E-23
 0.21160000E+02   0.79553033E-23   0.79553033E-23
 0.21180000E+02   0.75710699E-23   0.75710699E-23
 0.21200000E+02   0.72054075E-23   0.72054075E-23
 0.21220000E+02   0.68574178E-23   0.68574178E-23
 0.21240000E+02   0.65262461E-23   0.65262461E-23
 0.21260000E+02   0.62110789E-23   0.62110789E-23
 0.21280000E+02   0.59111424E-23   0.59111424E-23
 0.21300000E+02   0.56256999E-23   0.56256999E-23
 0.21320000E+02   0.53540506E-23   0.53540506E-23
 0.21340000E+02   0.50955274E-23   0.50955274E-23
 0.21360000E+02   0.48494956E-23   0.48494956E-23
 0.21380000E+02   0.46153514E-23   0.46153514E-23
 0.21400000E+02   0.43925198E-23   0.43925198E-23
 0.21420000E+02   0.41804539E-23   0.41804539E-23
 0.21440000E+02   0.39786333E-23   0.39786333E-23
 0.21460000E+02   0.37865625E-23   0.37865625E-23
 0.21480000E+02   0.36037704E-23   0.36037704E-23
 0.21500000E+02   0.34298083E-23   0.34298083E-23
 0.21520000E+02   0.32642494E-23   0.32642494E-23
 0.21540000E+02   0.31066875E-23   0.31066875E-23
 0.21560000E+02   0.29567361E-23   0.29567361E-23
 0.21580000E+02   0.28140272E-23   0.28140272E-23
 0.21600000E+02   0.26782109E-23   0.26782109E-23
 0.21620000E+02   0.25489540E-23   0.25489540E-23
 0.21640000E+02   0.24259395E-23   0.24259395E-23
 0.21660000E+02   0.23088657E-23   0.23088657E-23
 0.21680000E+02   0.21974455E-23   0.21974455E-23
 0.21700000E+02   0.20914058E-23   0.20914058E-23
 0.21720000E+02   0.19904865E-23   0.19904865E-23
 0.21740000E+02   0.18944402E-23   0.18944402E-23
 0.21760000E+02   0.18030314E-23   0.18030314E-23
 0.21780000E+02   0.17160361E-23   0.17160361E-23
 0.21800000E+02   0.16332410E-23   0.16332410E-23
 0.21820000E+02   0.15544433E-23   0.15544433E-23
 0.21840000E+02   0.14794497E-23   0.14794497E-23
 0.21860000E+02   0.14080765E-23   0.14080765E-23
 0.21880000E+02   0.13401488E-23   0.13401488E-23
 0.21900000E+02   0.12755002E-23   0.12755002E-23
 0.21920000E+02   0.12139723E-23   0.12139723E-23
 0.21940000E+02   0.11554143E-23   0.11554143E-23
 0.21960000E+02   0.10996827E-23   0.10996827E-23
 0.21980000E+02   0.10466411E-23   0.10466411E-23
 0.22000000E+02   0.99615956E-24   0.99615956E-24
 0.22020000E+02   0.94811440E-24   0.94811440E-24
 0.22040000E+02   0.90238796E-24   0.90238796E-24
 0.22060000E+02   0.85886826E-24   0.85886826E-24
 0.22080000E+02   0.81744875E-24   0.81744875E-24
 0.22100000E+02   0.77802799E-24   0.77802799E-24
 0.22120000E+02   0.74050949E-24   0.74050949E-24
 0.22140000E+02   0.70480137E-24   0.70480137E-24
 0.22160000E+02   0.67081623E-24   0.67081623E-24
 0.22180000E+02   0.63847087E-24   0.63847087E-24
 0.22200000E+02   0.60768613E-24   0.60768613E-24
 0.22220000E+02   0.57838665E-24   0.57838665E-24
 0.22240000E+02   0.55050074E-24   0.55050074E-24
 0.22260000E+02   0.52396014E-24   0.52396014E-24
 0.22280000E+02   0.49869992E-24   0.49869992E-24
 0.22300000E+02   0.47465826E-24   0.47465826E-24
 0.22320000E+02   0.45177635E-24   0.45177635E-24
 0.22340000E+02   0.42999820E-24   0.42999820E-24
 0.22360000E+02   0.40927053E-24   0.40927053E-24
 0.22380000E+02   0.38954264E-24   0.38954264E-24
 0.22400000E+02   0.37076628E-24   0.37076628E-24
 0.22420000E+02   0.35289553E-24   0.35289553E-24
 0.22440000E+02   0.33588667E-24   0.33588667E-24
 0.22460000E+02   0.31969811E-24   0.31969811E-24
 0.22480000E+02   0.30429026E-24   0.30429026E-24
 0.22500000E+02   0.28962546E-24   0.28962546E-24
 0.22520000E+02   0.27566784E-24   0.27566784E-24
 0.22540000E+02   0.26238327E-24   0.26238327E-24
 0.22560000E+02   0.24973929E-24   0.24973929E-24
 0.22580000E+02   0.23770499E-24   0.23770499E-24
 0.22600000E+02   0.22625094E-24   0.22625094E-24
 0.22620000E+02   0.21534915E-24   0.21534915E-24
 0.22640000E+02   0.20497299E-24   0.20497299E-24
 0.22660000E+02   0.19509708E-24   0.19509708E-24
 0.22680000E+02   0.18569729E-24   0.18569729E-24
 0.22700000E+02   0.17675067E-24   0.17675067E-24
 0.22720000E+02   0.16823534E-24   0.16823534E-24
 0.22740000E+02   0.16013050E-24   0.16013050E-24
 0.22760000E+02   0.15241635E-24   0.15241635E-24
 0.22780000E+02   0.14507405E-24   0.14507405E-24
 0.22800000E+02   0.13808566E-24   0.13808566E-24
 0.22820000E+02   0.13143411E-24   0.13143411E-24
 0.22840000E+02   0.12510316E-24   0.12510316E-24
 0.22860000E+02   0.11907734E-24   0.11907734E-24
 0.22880000E+02   0.11334194E-24   0.11334194E-24
 0.22900000E+02   0.10788295E-24   0.10788295E-24
 0.22920000E+02   0.10268704E-24   0.10268704E-24
 0.22940000E+02   0.97741533E-25   0.97741533E-25
 0.22960000E+02   0.93034345E-25   0.93034345E-25
 0.22980000E+02   0.88553988E-25   0.88553988E-25
 0.23000000E+02   0.84289524E-25   0.84289524E-25
 0.23020000E+02   0.80230543E-25   0.80230543E-25
 0.23040000E+02   0.76367139E-25   0.76367139E-25
 0.23060000E+02   0.72689882E-25   0.72689882E-25
 0.23080000E+02   0.69189798E-25   0.69189798E-25
 0.23100000E+02   0.65858345E-25   0.65858345E-25
 0.23120000E+02   0.62687394E-25   0.62687394E-25
 0.23140000E+02   0.59669207E-25   0.59669207E-25
 0.23160000E+02   0.56796420E-25   0.56796420E-25
 0.23180000E+02   0.54062025E-25   0.54062025E-25
 0.23200000E+02   0.51459351E-25   0.51459351E-25
 0.23220000E+02   0.48982048E-25   0.48982048E-25
 0.23240000E+02   0.46624075E-25   0.46624075E-25
 0.23260000E+02   0.44379679E-25   0.44379679E-25
 0.23280000E+02   0.42243386E-25   0.42243386E-25
 0.23300000E+02   0.40209987E-25   0.40209987E-25
 0.23320000E+02   0.38274522E-25   0.38274522E-25
 0.23340000E+02   0.36432273E-25   0.36432273E-25
 0.23360000E+02   0.34678747E-25   0.34678747E-25
 0.23380000E+02   0.33009668E-25   0.33009668E-25
 0.23400000E+02   0.31420968E-25   0.31420968E-25
 0.23420000E+02   0.29908773E-25   0.29908773E-25
 0.23440000E+02   0.28469396E-25   0.28469396E-25
 0.23460000E+02   0.27099330E-25   0.27099330E-25
 0.23480000E+02   0.25795235E-25   0.25795235E-25
 0.23500000E+02   0.24553932E-25   0.24553932E-25
 0.23520000E+02   0.23372396E-25   0.23372396E-25
 0.23540000E+02   0.22247748E-25   0.22247748E-25
 0.23560000E+02   0.21177247E-25   0.21177247E-25
 0.23580000E+02   0.20158285E-25   0.20158285E-25
 0.23600000E+02   0.19188378E-25   0.19188378E-25
 0.23620000E+02   0.18265164E-25   0.18265164E-25
 0.23640000E+02   0.17386394E-25   0.17386394E-25
 0.23660000E+02   0.16549927E-25   0.16549927E-25
 0.23680000E+02   0.15753726E-25   0.15753726E-25
 0.23700000E+02   0.14995850E-25   0.14995850E-25
 0.23720000E+02   0.14274454E-25   0.14274454E-25
 0.23740000E+02   0.13587781E-25   0.13587781E-25
 0.23760000E+02   0.12934159E-25   0.12934159E-25
 0.23780000E+02   0.12311996E-25   0.12311996E-25
 0.23800000E+02   0.11719777E-25   0.11719777E-25
 0.23820000E+02   0.11156060E-25   0.11156060E-25
 0.23840000E+02   0.10619473E-25   0.10619473E-25
 0.23860000E+02   0.10108709E-25   0.10108709E-25
 0.23880000E+02   0.96225246E-26   0.96225246E-26
 0.23900000E+02   0.91597363E-26   0.91597363E-26
 0.23920000E+02   0.87192177E-26   0.87192177E-26
 0.23940000E+02   0.82998966E-26   0.82998966E-26
 0.23960000E+02   0.79007523E-26   0.79007523E-26
 0.23980000E+02   0.75208135E-26   0.75208135E-26
 0.24000000E+02   0.71591554E-26   0.71591554E-26
 0.24020000E+02   0.68148981E-26   0.68148981E-26
 0.24040000E+02   0.64872039E-26   0.64872039E-26
 0.24060000E+02   0.61752754E-26   0.61752754E-26
 0.24080000E+02   0.58783536E-26   0.58783536E-26
 0.24100000E+02   0.55957163E-26   0.55957163E-26
 0.24120000E+02   0.53266758E-26   0.53266758E-26
 0.24140000E+02   0.50705777E-26   0.50705777E-26
 0.24160000E+02   0.48267990E-26   0.48267990E-26
 0.24180000E+02   0.45947468E-26   0.45947468E-26
 0.24200000E+02   0.43738566E-26   0.43738566E-26
 0.24220000E+02   0.41635913E-26   0.41635913E-26
 0.24240000E+02   0.39634396E-26   0.39634396E-26
 0.24260000E+02   0.37729147E-26   0.37729147E-26
 0.24280000E+02   0.35915533E-26   0.35915533E-26
 0.24300000E+02   0.34189144E-26   0.34189144E-26
 0.24320000E+02   0.32545784E-26   0.32545784E-26
 0.24340000E+02   0.30981456E-26   0.30981456E-26
 0.24360000E+02   0.29492359E-26   0.29492359E-26
 0.24380000E+02   0.28074871E-26   0.28074871E-26
 0.24400000E+02   0.26725548E-26   0.26725548E-26
 0.24420000E+02   0.25441110E-26   0.25441110E-26
 0.24440000E+02   0.24218435E-26   0.24218435E-26
 0.24460000E+02   0.23054551E-26   0.23054551E-26
 0.24480000E+02   0.21946630E-26   0.21946630E-26
 0.24500000E+02   0.20891980E-26   0.20891980E-26
 0.24520000E+02   0.19888038E-26   0.19888038E-26
 0.24540000E+02   0.18932365E-26   0.18932365E-26
 0.24560000E+02   0.18022638E-26   0.18022638E-26
 0.24580000E+02   0.17156647E-26   0.17156647E-26
 0.24600000E+02   0.16332289E-26   0.16332289E-26
 0.24620000E+02   0.15547561E-26   0.15547561E-26
 0.24640000E+02   0.14800557E-26   0.14800557E-26
 0.24660000E+02   0.14089463E-26   0.14089463E-26
 0.24680000E+02   0.13412550E-26   0.13412550E-26
 0.24700000E+02   0.12768176E-26   0.12768176E-26
 0.24720000E+02   0.12154776E-26   0.12154776E-26
 0.24740000E+02   0.11570859E-26   0.11570859E-26
 0.24760000E+02   0.11015007E-26   0.11015007E-26
 0.24780000E+02   0.10485872E-26   0.10485872E-26
 0.24800000E+02   0.99821689E-27   0.99821689E-27
 0.24820000E+02   0.95026738E-27   0.95026738E-27
 0.24840000E+02   0.90462231E-27   0.90462231E-27
 0.24860000E+02   0.86117086E-27   0.86117086E-27
 0.24880000E+02   0.81980757E-27   0.81980757E-27
 0.24900000E+02   0.78043202E-27   0.78043202E-27
 0.24920000E+02   0.74294865E-27   0.74294865E-27
 0.24940000E+02   0.70726648E-27   0.70726648E-27
 0.24960000E+02   0.67329891E-27   0.67329891E-27
 0.24980000E+02   0.64096351E-27   0.64096351E-27
 0.25000000E+02   0.61018181E-27   0.61018181E-27
 0.25020000E+02   0.58087912E-27   0.58087912E-27
 0.25040000E+02   0.55298433E-27   0.55298433E-27
 0.25060000E+02   0.52642977E-27   0.52642977E-27
 0.25080000E+02   0.50115101E-27   0.50115101E-27
 0.25100000E+02   0.47708673E-27   0.47708673E-27
 0.25120000E+02   0.45417854E-27   0.45417854E-27
 0.25140000E+02   0.43237087E-27   0.43237087E-27
 0.25160000E+02   0.41161084E-27   0.41161084E-27
 0.25180000E+02   0.39184808E-27   0.39184808E-27
 0.25200000E+02   0.37303467E-27   0.37303467E-27
 0.25220000E+02   0.35512497E-27   0.35512497E-27
 0.25240000E+02   0.33807556E-27   0.33807556E-27
 0.25260000E+02   0.32184509E-27   0.32184509E-27
 0.25280000E+02   0.30639420E-27   0.30639420E-27
 0.25300000E+02   0.29168543E-27   0.29168543E-27
 0.25320000E+02   0.27768312E-27   0.27768312E-27
 0.25340000E+02   0.26435331E-27   0.26435331E-27
 0.25360000E+02   0.25166370E-27   0.25166370E-27
 0.25380000E+02   0.23958352E-27   0.23958352E-27
 0.25400000E+02   0.22808349E-27   0.22808349E-27
 0.25420000E+02   0.21713573E-27   0.21713573E-27
 0.25440000E+02   0.20671370E-27   0.20671370E-27
 0.25460000E+02   0.19679215E-27   0.19679215E-27
 0.25480000E+02   0.18734704E-27   0.18734704E-27
 0.25500000E+02   0.17835546E-27   0.17835546E-27
 0.25520000E+02   0.16979564E-27   0.16979564E-27
 0.25540000E+02   0.16164683E-27   0.16164683E-27
 0.25560000E+02   0.15388928E-27   0.15388928E-27
 0.25580000E+02   0.14650421E-27   0.14650421E-27
 0.25600000E+02   0.13947371E-27   0.13947371E-27
 0.25620000E+02   0.13278075E-27   0.13278075E-27
 0.25640000E+02   0.12640913E-27   0.12640913E-27
 0.25660000E+02   0.12034340E-27   0.12034340E-27
 0.25680000E+02   0.11456887E-27   0.11456887E-27
 0.25700000E+02   0.10907156E-27   0.10907156E-27
 0.25720000E+02   0.10383815E-27   0.10383815E-27
 0.25740000E+02   0.98855968E-28   0.98855968E-28
 0.25760000E+02   0.94112944E-28   0.94112944E-28
 0.25780000E+02   0.89597595E-28   0.89597595E-28
 0.25800000E+02   0.85298985E-28   0.85298985E-28
 0.25820000E+02   0.81206707E-28   0.81206707E-28
 0.25840000E+02   0.77310852E-28   0.77310852E-28
 0.25860000E+02   0.73601987E-28   0.73601987E-28
 0.25880000E+02   0.70071132E-28   0.70071132E-28
 0.25900000E+02   0.66709740E-28   0.66709740E-28
 0.25920000E+02   0.63509674E-28   0.63509674E-28
 0.25940000E+02   0.60463187E-28   0.60463187E-28
 0.25960000E+02   0.57562905E-28   0.57562905E-28
 0.25980000E+02   0.54801808E-28   0.54801808E-28
 0.26000000E+02   0.52173213E-28   0.52173213E-28
 0.26020000E+02   0.49670759E-28   0.49670759E-28
 0.26040000E+02   0.47288389E-28   0.47288389E-28
 0.26060000E+02   0.45020338E-28   0.45020338E-28
 0.26080000E+02   0.42861119E-28   0.42861119E-28
 0.26100000E+02   0.40805506E-28   0.40805506E-28
 0.26120000E+02   0.38848525E-28   0.38848525E-28
 0.26140000E+02   0.36985442E-28   0.36985442E-28
 0.26160000E+02   0.35211749E-28   0.35211749E-28
 0.26180000E+02   0.33523156E-28   0.33523156E-28
 0.26200000E+02   0.31915577E-28   0.31915577E-28
 0.26220000E+02   0.30385123E-28   0.30385123E-28
 0.26240000E+02   0.28928094E-28   0.28928094E-28
 0.26260000E+02   0.27540964E-28   0.27540964E-28
 0.26280000E+02   0.26220378E-28   0.26220378E-28
 0.26300000E+02   0.24963144E-28   0.24963144E-28
 0.26320000E+02   0.23766220E-28   0.23766220E-28
 0.26340000E+02   0.22626711E-28   0.22626711E-28
 0.26360000E+02   0.21541863E-28   0.21541863E-28
 0.26380000E+02   0.20509052E-28   0.20509052E-28
 0.26400000E+02   0.19525781E-28   0.19525781E-28
 0.26420000E+02   0.18589673E-28   0.18589673E-28
 0.26440000E+02   0.17698464E-28   0.17698464E-28
 0.26460000E+02   0.16850000E-28   0.16850000E-28
 0.26480000E+02   0.16042229E-28   0.16042229E-28
 0.26500000E+02   0.15273200E-28   0.15273200E-28
 0.26520000E+02   0.14541052E-28   0.14541052E-28
 0.26540000E+02   0.13844018E-28   0.13844018E-28
 0.26560000E+02   0.13180411E-28   0.13180411E-28
 0.26580000E+02   0.12548627E-28   0.12548627E-28
 0.26600000E+02   0.11947141E-28   0.11947141E-28
 0.26620000E+02   0.11374499E-28   0.11374499E-28
 0.26640000E+02   0.10829316E-28   0.10829316E-28
 0.26660000E+02   0.10310276E-28   0.10310276E-28
 0.26680000E+02   0.98161238E-29   0.98161238E-29
 0.26700000E+02   0.93456660E-29   0.93456660E-29
 0.26720000E+02   0.88977658E-29   0.88977658E-29
 0.26740000E+02   0.84713412E-29   0.84713412E-29
 0.26760000E+02   0.80653619E-29   0.80653619E-29
 0.26780000E+02   0.76788473E-29   0.76788473E-29
 0.26800000E+02   0.73108638E-29   0.73108638E-29
 0.26820000E+02   0.69605223E-29   0.69605223E-29
 0.26840000E+02   0.66269769E-29   0.66269769E-29
 0.26860000E+02   0.63094218E-29   0.63094218E-29
 0.26880000E+02   0.60070902E-29   0.60070902E-29
 0.26900000E+02   0.57192518E-29   0.57192518E-29
 0.26920000E+02   0.54452117E-29   0.54452117E-29
 0.26940000E+02   0.51843080E-29   0.51843080E-29
 0.26960000E+02   0.49359108E-29   0.49359108E-29
 0.26980000E+02   0.46994203E-29   0.46994203E-29
 0.27000000E+02   0.44742655E-29   0.44742655E-29
 0.27020000E+02   0.42599028E-29   0.42599028E-29
 0.27040000E+02   0.40558147E-29   0.40558147E-29
 0.27060000E+02   0.38615085E-29   0.38615085E-29
 0.27080000E+02   0.36765151E-29   0.36765151E-29
 0.27100000E+02   0.35003881E-29   0.35003881E-29
 0.27120000E+02   0.33327022E-29   0.33327022E-29
 0.27140000E+02   0.31730528E-29   0.31730528E-29
 0.27160000E+02   0.30210544E-29   0.30210544E-29
 0.27180000E+02   0.28763404E-29   0.28763404E-29
 0.27200000E+02   0.27385613E-29   0.27385613E-29
 0.27220000E+02   0.26073849E-29   0.26073849E-29
 0.27240000E+02   0.24824944E-29   0.24824944E-29
 0.27260000E+02   0.23635885E-29   0.23635885E-29
 0.27280000E+02   0.22503805E-29   0.22503805E-29
 0.27300000E+02   0.21425970E-29   0.21425970E-29
 0.27320000E+02   0.20399780E-29   0.20399780E-29
 0.27340000E+02   0.19422761E-29   0.19422761E-29
 0.27360000E+02   0.18492554E-29   0.18492554E-29
 0.27380000E+02   0.17606916E-29   0.17606916E-29
 0.27400000E+02   0.16763711E-29   0.16763711E-29
 0.27420000E+02   0.15960904E-29   0.15960904E-29
 0.27440000E+02   0.15196559E-29   0.15196559E-29
 0.27460000E+02   0.14468833E-29   0.14468833E-29
 0.27480000E+02   0.13775971E-29   0.13775971E-29
 0.27500000E+02   0.13116302E-29   0.13116302E-29
 0.27520000E+02   0.12488234E-29   0.12488234E-29
 0.27540000E+02   0.11890253E-29   0.11890253E-29
 0.27560000E+02   0.11320918E-29   0.11320918E-29
 0.27580000E+02   0.10778856E-29   0.10778856E-29
 0.27600000E+02   0.10262759E-29   0.10262759E-29
 0.27620000E+02   0.97713829E-30   0.97713829E-30
 0.27640000E+02   0.93035437E-30   0.93035437E-30
 0.27660000E+02   0.88581133E-30   0.88581133E-30
 0.27680000E+02   0.84340177E-30   0.84340177E-30
 0.27700000E+02   0.80302348E-30   0.80302348E-30
 0.27720000E+02   0.76457911E-30   0.76457911E-30
 0.27740000E+02   0.72797601E-30   0.72797601E-30
 0.27760000E+02   0.69312595E-30   0.69312595E-30
 0.27780000E+02   0.65994493E-30   0.65994493E-30
 0.27800000E+02   0.62835299E-30   0.62835299E-30
 0.27820000E+02   0.59827400E-30   0.59827400E-30
 0.27840000E+02   0.56963546E-30   0.56963546E-30
 0.27860000E+02   0.54236837E-30   0.54236837E-30
 0.27880000E+02   0.51640703E-30   0.51640703E-30
 0.27900000E+02   0.49168887E-30   0.49168887E-30
 0.27920000E+02   0.46815434E-30   0.46815434E-30
 0.27940000E+02   0.44574674E-30   0.44574674E-30
 0.27960000E+02   0.42441209E-30   0.42441209E-30
 0.27980000E+02   0.40409899E-30   0.40409899E-30
 0.28000000E+02   0.38475850E-30   0.38475850E-30
 0.28020000E+02   0.36634403E-30   0.36634403E-30
 0.28040000E+02   0.34881123E-30   0.34881123E-30
 0.28060000E+02   0.33211787E-30   0.33211787E-30
 0.28080000E+02   0.31622374E-30   0.31622374E-30
 0.28100000E+02   0.30109056E-30   0.30109056E-30
 0.28120000E+02   0.28668188E-30   0.28668188E-30
 0.28140000E+02   0.27296301E-30   0.27296301E-30
 0.28160000E+02   0.25990090E-30   0.25990090E-30
 0.28180000E+02   0.24746410E-30   0.24746410E-30
 0.28200000E+02   0.23562267E-30   0.23562267E-30
 0.28220000E+02   0.22434808E-30   0.22434808E-30
 0.28240000E+02   0.21361321E-30   0.21361321E-30
 0.28260000E+02   0.20339219E-30   0.20339219E-30
 0.28280000E+02   0.19366042E-30   0.19366042E-30
 0.28300000E+02   0.18439448E-30   0.18439448E-30
 0.28320000E+02   0.17557205E-30   0.17557205E-30
 0.28340000E+02   0.16717190E-30   0.16717190E-30
 0.28360000E+02   0.15917382E-30   0.15917382E-30
 0.28380000E+02   0.15155854E-30   0.15155854E-30
 0.28400000E+02   0.14430773E-30   0.14430773E-30
 0.28420000E+02   0.13740396E-30   0.13740396E-30
 0.28440000E+02   0.13083059E-30   0.13083059E-30
 0.28460000E+02   0.12457181E-30   0.12457181E-30
 0.28480000E+02   0.11861257E-30   0.11861257E-30
 0.28500000E+02   0.11293851E-30   0.11293851E-30
 0.28520000E+02   0.10753599E-30   0.10753599E-30
 0.28540000E+02   0.10239200E-30   0.10239200E-30
 0.28560000E+02   0.97494177E-31   0.97494177E-31
 0.28580000E+02   0.92830723E-31   0.92830723E-31
 0.28600000E+02   0.88390424E-31   0.88390424E-31
 0.28620000E+02   0.84162596E-31   0.84162596E-31
 0.28640000E+02   0.80137069E-31   0.80137069E-31
 0.28660000E+02   0.76304159E-31   0.76304159E-31
 0.28680000E+02   0.72654646E-31   0.72654646E-31
 0.28700000E+02   0.69179750E-31   0.69179750E-31
 0.28720000E+02   0.65871114E-31   0.65871114E-31
 0.28740000E+02   0.62720781E-31   0.62720781E-31
 0.28760000E+02   0.59721172E-31   0.59721172E-31
 0.28780000E+02   0.56865073E-31   0.56865073E-31
 0.28800000E+02   0.54145617E-31   0.54145617E-31
 0.28820000E+02   0.51556263E-31   0.51556263E-31
 0.28840000E+02   0.49090784E-31   0.49090784E-31
 0.28860000E+02   0.46743253E-31   0.46743253E-31
 0.28880000E+02   0.44508023E-31   0.44508023E-31
 0.28900000E+02   0.42379721E-31   0.42379721E-31
 0.28920000E+02   0.40353230E-31   0.40353230E-31
 0.28940000E+02   0.38423678E-31   0.38423678E-31
 0.28960000E+02   0.36586424E-31   0.36586424E-31
 0.28980000E+02   0.34837054E-31   0.34837054E-31
 0.29000000E+02   0.33171361E-31   0.33171361E-31
 0.29020000E+02   0.31585341E-31   0.31585341E-31
 0.29040000E+02   0.30075182E-31   0.30075182E-31
 0.29060000E+02   0.28637253E-31   0.28637253E-31
 0.29080000E+02   0.27268100E-31   0.27268100E-31
 0.29100000E+02   0.25964431E-31   0.25964431E-31
 0.29120000E+02   0.24723112E-31   0.24723112E-31
 0.29140000E+02   0.23541162E-31   0.23541162E-31
 0.29160000E+02   0.22415738E-31   0.22415738E-31
 0.29180000E+02   0.21344137E-31   0.21344137E-31
 0.29200000E+02   0.20323784E-31   0.20323784E-31
 0.29220000E+02   0.19352227E-31   0.19352227E-31
 0.29240000E+02   0.18427132E-31   0.18427132E-31
 0.29260000E+02   0.17546275E-31   0.17546275E-31
 0.29280000E+02   0.16707541E-31   0.16707541E-31
 0.29300000E+02   0.15908914E-31   0.15908914E-31
 0.29320000E+02   0.15148476E-31   0.15148476E-31
 0.29340000E+02   0.14424400E-31   0.14424400E-31
 0.29360000E+02   0.13734947E-31   0.13734947E-31
 0.29380000E+02   0.13078460E-31   0.13078460E-31
 0.29400000E+02   0.12453362E-31   0.12453362E-31
 0.29420000E+02   0.11858153E-31   0.11858153E-31
 0.29440000E+02   0.11291402E-31   0.11291402E-31
 0.29460000E+02   0.10751749E-31   0.10751749E-31
 0.29480000E+02   0.10237896E-31   0.10237896E-31
 0.29500000E+02   0.97486112E-32   0.97486112E-32
 0.29520000E+02   0.92827184E-32   0.92827184E-32
 0.29540000E+02   0.88390991E-32   0.88390991E-32
 0.29560000E+02   0.84166879E-32   0.84166879E-32
 0.29580000E+02   0.80144707E-32   0.80144707E-32
 0.29600000E+02   0.76314816E-32   0.76314816E-32
 0.29620000E+02   0.72668011E-32   0.72668011E-32
 0.29640000E+02   0.69195537E-32   0.69195537E-32
 0.29660000E+02   0.65889057E-32   0.65889057E-32
 0.29680000E+02   0.62740632E-32   0.62740632E-32
 0.29700000E+02   0.59742705E-32   0.59742705E-32
 0.29720000E+02   0.56888080E-32   0.56888080E-32
 0.29740000E+02   0.54169903E-32   0.54169903E-32
 0.29760000E+02   0.51581650E-32   0.51581650E-32
 0.29780000E+02   0.49117109E-32   0.49117109E-32
 0.29800000E+02   0.46770365E-32   0.46770365E-32
 0.29820000E+02   0.44535784E-32   0.44535784E-32
 0.29840000E+02   0.42408005E-32   0.42408005E-32
 0.29860000E+02   0.40381921E-32   0.40381921E-32
 0.29880000E+02   0.38452670E-32   0.38452670E-32
 0.29900000E+02   0.36615621E-32   0.36615621E-32
 0.29920000E+02   0.34866368E-32   0.34866368E-32
 0.29940000E+02   0.33200712E-32   0.33200712E-32
 0.29960000E+02   0.31614656E-32   0.31614656E-32
 0.29980000E+02   0.30104397E-32   0.30104397E-32
 0.30000000E+02   0.28666309E-32   0.28666309E-32
 0.30020000E+02   0.27296943E-32   0.27296943E-32
 0.30040000E+02   0.25993013E-32   0.25993013E-32
 0.30060000E+02   0.24751392E-32   0.24751392E-32
 0.30080000E+02   0.23569101E-32   0.23569101E-32
 0.30100000E+02   0.22443304E-32   0.22443304E-32
 0.30120000E+02   0.21371300E-32   0.21371300E-32
 0.30140000E+02   0.20350519E-32   0.20350519E-32
 0.30160000E+02   0.19378511E-32   0.19378511E-32
 0.30180000E+02   0.18452946E-32   0.18452946E-32
 0.30200000E+02   0.17571604E-32   0.17571604E-32
 0.30220000E+02   0.16732370E-32   0.16732370E-32
 0.30240000E+02   0.15933233E-32   0.15933233E-32
 0.30260000E+02   0.15172276E-32   0.15172276E-32
 0.30280000E+02   0.14447674E-32   0.14447674E-32
 0.30300000E+02   0.13757690E-32   0.13757690E-32
 0.30320000E+02   0.13100670E-32   0.13100670E-32
 0.30340000E+02   0.12475037E-32   0.12475037E-32
 0.30360000E+02   0.11879292E-32   0.11879292E-32
 0.30380000E+02   0.11312007E-32   0.11312007E-32
 0.30400000E+02   0.10771821E-32   0.10771821E-32
 0.30420000E+02   0.10257440E-32   0.10257440E-32
 0.30440000E+02   0.97676298E-33   0.97676298E-33
 0.30460000E+02   0.93012172E-33   0.93012172E-33
 0.30480000E+02   0.88570839E-33   0.88570839E-33
 0.30500000E+02   0.84341653E-33   0.84341653E-33
 0.30520000E+02   0.80314475E-33   0.80314475E-33
 0.30540000E+02   0.76479655E-33   0.76479655E-33
 0.30560000E+02   0.72828000E-33   0.72828000E-33
 0.30580000E+02   0.69350760E-33   0.69350760E-33
 0.30600000E+02   0.66039600E-33   0.66039600E-33
 0.30620000E+02   0.62886585E-33   0.62886585E-33
 0.30640000E+02   0.59884160E-33   0.59884160E-33
 0.30660000E+02   0.57025130E-33   0.57025130E-33
 0.30680000E+02   0.54302644E-33   0.54302644E-33
 0.30700000E+02   0.51710178E-33   0.51710178E-33
 0.30720000E+02   0.49241521E-33   0.49241521E-33
 0.30740000E+02   0.46890759E-33   0.46890759E-33
 0.30760000E+02   0.44652258E-33   0.44652258E-33
 0.30780000E+02   0.42520656E-33   0.42520656E-33
 0.30800000E+02   0.40490846E-33   0.40490846E-33
 0.30820000E+02   0.38557966E-33   0.38557966E-33
 0.30840000E+02   0.36717385E-33   0.36717385E-33
 0.30860000E+02   0.34964695E-33   0.34964695E-33
 0.30880000E+02   0.33295696E-33   0.33295696E-33
 0.30900000E+02   0.31706392E-33   0.31706392E-33
 0.30920000E+02   0.30192976E-33   0.30192976E-33
 0.30940000E+02   0.28751822E-33   0.28751822E-33
 0.30960000E+02   0.27379479E-33   0.27379479E-33
 0.30980000E+02   0.26072661E-33   0.26072661E-33
 0.31000000E+02   0.24828238E-33   0.24828238E-33
 0.31020000E+02   0.23643230E-33   0.23643230E-33
 0.31040000E+02   0.22514798E-33   0.22514798E-33
 0.31060000E+02   0.21440242E-33   0.21440242E-33
 0.31080000E+02   0.20416988E-33   0.20416988E-33
 0.31100000E+02   0.19442585E-33   0.19442585E-33
 0.31120000E+02   0.18514701E-33   0.18514701E-33
 0.31140000E+02   0.17631115E-33   0.17631115E-33
 0.31160000E+02   0.16789710E-33   0.16789710E-33
 0.31180000E+02   0.15988472E-33   0.15988472E-33
 0.31200000E+02   0.15225484E-33   0.15225484E-33
 0.31220000E+02   0.14498918E-33   0.14498918E-33
 0.31240000E+02   0.13807035E-33   0.13807035E-33
 0.31260000E+02   0.13148180E-33   0.13148180E-33
 0.31280000E+02   0.12520775E-33   0.12520775E-33
 0.31300000E+02   0.11923318E-33   0.11923318E-33
 0.31320000E+02   0.11354379E-33   0.11354379E-33
 0.31340000E+02   0.10812597E-33   0.10812597E-33
 0.31360000E+02   0.10296674E-33   0.10296674E-33
 0.31380000E+02   0.98053773E-34   0.98053773E-34
 0.31400000E+02   0.93375296E-34   0.93375296E-34
 0.31420000E+02   0.88920117E-34   0.88920117E-34
 0.31440000E+02   0.84677575E-34   0.84677575E-34
 0.31460000E+02   0.80637518E-34   0.80637518E-34
 0.31480000E+02   0.76790278E-34   0.76790278E-34
 0.31500000E+02   0.73126650E-34   0.73126650E-34
 0.31520000E+02   0.69637869E-34   0.69637869E-34
 0.31540000E+02   0.66315586E-34   0.66315586E-34
 0.31560000E+02   0.63151853E-34   0.63151853E-34
 0.31580000E+02   0.60139102E-34   0.60139102E-34
 0.31600000E+02   0.57270124E-34   0.57270124E-34
 0.31620000E+02   0.54538056E-34   0.54538056E-34
 0.31640000E+02   0.51936364E-34   0.51936364E-34
 0.31660000E+02   0.49458822E-34   0.49458822E-34
 0.31680000E+02   0.47099505E-34   0.47099505E-34
 0.31700000E+02   0.44852769E-34   0.44852769E-34
 0.31720000E+02   0.42713241E-34   0.42713241E-34
 0.31740000E+02   0.40675804E-34   0.40675804E-34
 0.31760000E+02   0.38735583E-34   0.38735583E-34
 0.31780000E+02   0.36887940E-34   0.36887940E-34
 0.31800000E+02   0.35128455E-34   0.35128455E-34
 0.31820000E+02   0.33452920E-34   0.33452920E-34
 0.31840000E+02   0.31857330E-34   0.31857330E-34
 0.31860000E+02   0.30337867E-34   0.30337867E-34
 0.31880000E+02   0.28890899E-34   0.28890899E-34
 0.31900000E+02   0.27512967E-34   0.27512967E-34
 0.31920000E+02   0.26200774E-34   0.26200774E-34
 0.31940000E+02   0.24951184E-34   0.24951184E-34
 0.31960000E+02   0.23761210E-34   0.23761210E-34
 0.31980000E+02   0.22628005E-34   0.22628005E-34
 0.32000000E+02   0.21548862E-34   0.21548862E-34
 0.32020000E+02   0.20521199E-34   0.20521199E-34
 0.32040000E+02   0.19542561E-34   0.19542561E-34
 0.32060000E+02   0.18610608E-34   0.18610608E-34
 0.32080000E+02   0.17723111E-34   0.17723111E-34
 0.32100000E+02   0.16877951E-34   0.16877951E-34
 0.32120000E+02   0.16073106E-34   0.16073106E-34
 0.32140000E+02   0.15306653E-34   0.15306653E-34
 0.32160000E+02   0.14576760E-34   0.14576760E-34
 0.32180000E+02   0.13881683E-34   0.13881683E-34
 0.32200000E+02   0.13219759E-34   0.13219759E-34
 0.32220000E+02   0.12589408E-34   0.12589408E-34
 0.32240000E+02   0.11989123E-34   0.11989123E-34
 0.32260000E+02   0.11417470E-34   0.11417470E-34
 0.32280000E+02   0.10873081E-34   0.10873081E-34
 0.32300000E+02   0.10354658E-34   0.10354658E-34
 0.32320000E+02   0.98609597E-35   0.98609597E-35
 0.32340000E+02   0.93908079E-35   0.93908079E-35
 0.32360000E+02   0.89430789E-35   0.89430789E-35
 0.32380000E+02   0.85167030E-35   0.85167030E-35
 0.32400000E+02   0.81106614E-35   0.81106614E-35
 0.32420000E+02   0.77239840E-35   0.77239840E-35
 0.32440000E+02   0.73557473E-35   0.73557473E-35
 0.32460000E+02   0.70050713E-35   0.70050713E-35
 0.32480000E+02   0.66711184E-35   0.66711184E-35
 0.32500000E+02   0.63530909E-35   0.63530909E-35
 0.32520000E+02   0.60502290E-35   0.60502290E-35
 0.32540000E+02   0.57618095E-35   0.57618095E-35
 0.32560000E+02   0.54871432E-35   0.54871432E-35
 0.32580000E+02   0.52255743E-35   0.52255743E-35
 0.32600000E+02   0.49764780E-35   0.49764780E-35
 0.32620000E+02   0.47392594E-35   0.47392594E-35
 0.32640000E+02   0.45133518E-35   0.45133518E-35
 0.32660000E+02   0.42982159E-35   0.42982159E-35
 0.32680000E+02   0.40933379E-35   0.40933379E-35
 0.32700000E+02   0.38982284E-35   0.38982284E-35
 0.32720000E+02   0.37124217E-35   0.37124217E-35
 0.32740000E+02   0.35354739E-35   0.35354739E-35
 0.32760000E+02   0.33669627E-35   0.33669627E-35
 0.32780000E+02   0.32064856E-35   0.32064856E-35
 0.32800000E+02   0.30536595E-35   0.30536595E-35
 0.32820000E+02   0.29081194E-35   0.29081194E-35
 0.32840000E+02   0.27695180E-35   0.27695180E-35
 0.32860000E+02   0.26375243E-35   0.26375243E-35
 0.32880000E+02   0.25118232E-35   0.25118232E-35
 0.32900000E+02   0.23921147E-35   0.23921147E-35
 0.32920000E+02   0.22781129E-35   0.22781129E-35
 0.32940000E+02   0.21695457E-35   0.21695457E-35
 0.32960000E+02   0.20661540E-35   0.20661540E-35
 0.32980000E+02   0.19676909E-35   0.19676909E-35
 0.33000000E+02   0.18739216E-35   0.18739216E-35
 0.33020000E+02   0.17846220E-35   0.17846220E-35
 0.33040000E+02   0.16995792E-35   0.16995792E-35
 0.33060000E+02   0.16185901E-35   0.16185901E-35
 0.33080000E+02   0.15414615E-35   0.15414615E-35
 0.33100000E+02   0.14680093E-35   0.14680093E-35
 0.33120000E+02   0.13980581E-35   0.13980581E-35
 0.33140000E+02   0.13314412E-35   0.13314412E-35
 0.33160000E+02   0.12679994E-35   0.12679994E-35
 0.33180000E+02   0.12075814E-35   0.12075814E-35
 0.33200000E+02   0.11500431E-35   0.11500431E-35
 0.33220000E+02   0.10952472E-35   0.10952472E-35
 0.33240000E+02   0.10430628E-35   0.10430628E-35
 0.33260000E+02   0.99336556E-36   0.99336556E-36
 0.33280000E+02   0.94603685E-36   0.94603685E-36
 0.33300000E+02   0.90096376E-36   0.90096376E-36
 0.33320000E+02   0.85803876E-36   0.85803876E-36
 0.33340000E+02   0.81715944E-36   0.81715944E-36
 0.33360000E+02   0.77822828E-36   0.77822828E-36
 0.33380000E+02   0.74115241E-36   0.74115241E-36
 0.33400000E+02   0.70584340E-36   0.70584340E-36
 0.33420000E+02   0.67221701E-36   0.67221701E-36
 0.33440000E+02   0.64019305E-36   0.64019305E-36
 0.33460000E+02   0.60969512E-36   0.60969512E-36
 0.33480000E+02   0.58065048E-36   0.58065048E-36
 0.33500000E+02   0.55298987E-36   0.55298987E-36
 0.33520000E+02   0.52664731E-36   0.52664731E-36
 0.33540000E+02   0.50155998E-36   0.50155998E-36
 0.33560000E+02   0.47766804E-36   0.47766804E-36
 0.33580000E+02   0.45491453E-36   0.45491453E-36
 0.33600000E+02   0.43324518E-36   0.43324518E-36
 0.33620000E+02   0.41260831E-36   0.41260831E-36
 0.33640000E+02   0.39295473E-36   0.39295473E-36
 0.33660000E+02   0.37423756E-36   0.37423756E-36
 0.33680000E+02   0.35641217E-36   0.35641217E-36
 0.33700000E+02   0.33943607E-36   0.33943607E-36
 0.33720000E+02   0.32326878E-36   0.32326878E-36
 0.33740000E+02   0.30787175E-36   0.30787175E-36
 0.33760000E+02   0.29320827E-36   0.29320827E-36
 0.33780000E+02   0.27924339E-36   0.27924339E-36
 0.33800000E+02   0.26594381E-36   0.26594381E-36
 0.33820000E+02   0.25327783E-36   0.25327783E-36
 0.33840000E+02   0.24121526E-36   0.24121526E-36
 0.33860000E+02   0.22972734E-36   0.22972734E-36
 0.33880000E+02   0.21878669E-36   0.21878669E-36
 0.33900000E+02   0.20836722E-36   0.20836722E-36
 0.33920000E+02   0.19844411E-36   0.19844411E-36
 0.33940000E+02   0.18899369E-36   0.18899369E-36
 0.33960000E+02   0.17999346E-36   0.17999346E-36
 0.33980000E+02   0.17142195E-36   0.17142195E-36
 0.34000000E+02   0.16325875E-36   0.16325875E-36
 0.34020000E+02   0.15548438E-36   0.15548438E-36
 0.34040000E+02   0.14808034E-36   0.14808034E-36
 0.34060000E+02   0.14102896E-36   0.14102896E-36
 0.34080000E+02   0.13431345E-36   0.13431345E-36
 0.34100000E+02   0.12791782E-36   0.12791782E-36
 0.34120000E+02   0.12182680E-36   0.12182680E-36
 0.34140000E+02   0.11602590E-36   0.11602590E-36
 0.34160000E+02   0.11050130E-36   0.11050130E-36
 0.34180000E+02   0.10523981E-36   0.10523981E-36
 0.34200000E+02   0.10022893E-36   0.10022893E-36
 0.34220000E+02   0.95456692E-37   0.95456692E-37
 0.34240000E+02   0.90911742E-37   0.90911742E-37
 0.34260000E+02   0.86583248E-37   0.86583248E-37
 0.34280000E+02   0.82460899E-37   0.82460899E-37
 0.34300000E+02   0.78534874E-37   0.78534874E-37
 0.34320000E+02   0.74795821E-37   0.74795821E-37
 0.34340000E+02   0.71234833E-37   0.71234833E-37
 0.34360000E+02   0.67843428E-37   0.67843428E-37
 0.34380000E+02   0.64613527E-37   0.64613527E-37
 0.34400000E+02   0.61537437E-37   0.61537437E-37
 0.34420000E+02   0.58607833E-37   0.58607833E-37
 0.34440000E+02   0.55817735E-37   0.55817735E-37
 0.34460000E+02   0.53160499E-37   0.53160499E-37
 0.34480000E+02   0.50629796E-37   0.50629796E-37
 0.34500000E+02   0.48219600E-37   0.48219600E-37
 0.34520000E+02   0.45924170E-37   0.45924170E-37
 0.34540000E+02   0.43738041E-37   0.43738041E-37
 0.34560000E+02   0.41656006E-37   0.41656006E-37
 0.34580000E+02   0.39673107E-37   0.39673107E-37
 0.34600000E+02   0.37784623E-37   0.37784623E-37
 0.34620000E+02   0.35986057E-37   0.35986057E-37
 0.34640000E+02   0.34273127E-37   0.34273127E-37
 0.34660000E+02   0.32641753E-37   0.32641753E-37
 0.34680000E+02   0.31088052E-37   0.31088052E-37
 0.34700000E+02   0.29608325E-37   0.29608325E-37
 0.34720000E+02   0.28199049E-37   0.28199049E-37
 0.34740000E+02   0.26856868E-37   0.26856868E-37
 0.34760000E+02   0.25578587E-37   0.25578587E-37
 0.34780000E+02   0.24361164E-37   0.24361164E-37
 0.34800000E+02   0.23201700E-37   0.23201700E-37
 0.34820000E+02   0.22097435E-37   0.22097435E-37
 0.34840000E+02   0.21045740E-37   0.21045740E-37
 0.34860000E+02   0.20044112E-37   0.20044112E-37
 0.34880000E+02   0.19090168E-37   0.19090168E-37
 0.34900000E+02   0.18181635E-37   0.18181635E-37
 0.34920000E+02   0.17316353E-37   0.17316353E-37
 0.34940000E+02   0.16492261E-37   0.16492261E-37
 0.34960000E+02   0.15707398E-37   0.15707398E-37
 0.34980000E+02   0.14959896E-37   0.14959896E-37
 0.35000000E+02   0.14247977E-37   0.14247977E-37
 0.35020000E+02   0.13569946E-37   0.13569946E-37
 0.35040000E+02   0.12924189E-37   0.12924189E-37
 0.35060000E+02   0.12309170E-37   0.12309170E-37
 0.35080000E+02   0.11723425E-37   0.11723425E-37
 0.35100000E+02   0.11165561E-37   0.11165561E-37
 0.35120000E+02   0.10634250E-37   0.10634250E-37
 0.35140000E+02   0.10128228E-37   0.10128228E-37
 0.35160000E+02   0.96462910E-38   0.96462910E-38
 0.35180000E+02   0.91872921E-38   0.91872921E-38
 0.35200000E+02   0.87501393E-38   0.87501393E-38
 0.35220000E+02   0.83337927E-38   0.83337927E-38
 0.35240000E+02   0.79372616E-38   0.79372616E-38
 0.35260000E+02   0.75596028E-38   0.75596028E-38
 0.35280000E+02   0.71999179E-38   0.71999179E-38
 0.35300000E+02   0.68573511E-38   0.68573511E-38
 0.35320000E+02   0.65310875E-38   0.65310875E-38
 0.35340000E+02   0.62203512E-38   0.62203512E-38
 0.35360000E+02   0.59244028E-38   0.59244028E-38
 0.35380000E+02   0.56425386E-38   0.56425386E-38
 0.35400000E+02   0.53740880E-38   0.53740880E-38
 0.35420000E+02   0.51184125E-38   0.51184125E-38
 0.35440000E+02   0.48749040E-38   0.48749040E-38
 0.35460000E+02   0.46429834E-38   0.46429834E-38
 0.35480000E+02   0.44220991E-38   0.44220991E-38
 0.35500000E+02   0.42117258E-38   0.42117258E-38
 0.35520000E+02   0.40113631E-38   0.40113631E-38
 0.35540000E+02   0.38205347E-38   0.38205347E-38
 0.35560000E+02   0.36387866E-38   0.36387866E-38
 0.35580000E+02   0.34656868E-38   0.34656868E-38
 0.35600000E+02   0.33008235E-38   0.33008235E-38
 0.35620000E+02   0.31438047E-38   0.31438047E-38
 0.35640000E+02   0.29942572E-38   0.29942572E-38
 0.35660000E+02   0.28518253E-38   0.28518253E-38
 0.35680000E+02   0.27161703E-38   0.27161703E-38
 0.35700000E+02   0.25869698E-38   0.25869698E-38
 0.35720000E+02   0.24639165E-38   0.24639165E-38
 0.35740000E+02   0.23467180E-38   0.23467180E-38
 0.35760000E+02   0.22350955E-38   0.22350955E-38
 0.35780000E+02   0.21287836E-38   0.21287836E-38
 0.35800000E+02   0.20275298E-38   0.20275298E-38
 0.35820000E+02   0.19310932E-38   0.19310932E-38
 0.35840000E+02   0.18392446E-38   0.18392446E-38
 0.35860000E+02   0.17517657E-38   0.17517657E-38
 0.35880000E+02   0.16684486E-38   0.16684486E-38
 0.35900000E+02   0.15890951E-38   0.15890951E-38
 0.35920000E+02   0.15135168E-38   0.15135168E-38
 0.35940000E+02   0.14415339E-38   0.14415339E-38
 0.35960000E+02   0.13729753E-38   0.13729753E-38
 0.35980000E+02   0.13076782E-38   0.13076782E-38
 0.36000000E+02   0.12454873E-38   0.12454873E-38
 0.36020000E+02   0.11862548E-38   0.11862548E-38
 0.36040000E+02   0.11298400E-38   0.11298400E-38
 0.36060000E+02   0.10761087E-38   0.10761087E-38
 0.36080000E+02   0.10249334E-38   0.10249334E-38
 0.36100000E+02   0.97619233E-39   0.97619233E-39
 0.36120000E+02   0.92976975E-39   0.92976975E-39
 0.36140000E+02   0.88555533E-39   0.88555533E-39
 0.36160000E+02   0.84344400E-39   0.84344400E-39
 0.36180000E+02   0.80333571E-39   0.80333571E-39
 0.36200000E+02   0.76513515E-39   0.76513515E-39
 0.36220000E+02   0.72875157E-39   0.72875157E-39
 0.36240000E+02   0.69409852E-39   0.69409852E-39
 0.36260000E+02   0.66109367E-39   0.66109367E-39
 0.36280000E+02   0.62965860E-39   0.62965860E-39
 0.36300000E+02   0.59971864E-39   0.59971864E-39
 0.36320000E+02   0.57120265E-39   0.57120265E-39
 0.36340000E+02   0.54404290E-39   0.54404290E-39
 0.36360000E+02   0.51817487E-39   0.51817487E-39
 0.36380000E+02   0.49353710E-39   0.49353710E-39
 0.36400000E+02   0.47007108E-39   0.47007108E-39
 0.36420000E+02   0.44772105E-39   0.44772105E-39
 0.36440000E+02   0.42643394E-39   0.42643394E-39
 0.36460000E+02   0.40615917E-39   0.40615917E-39
 0.36480000E+02   0.38684861E-39   0.38684861E-39
 0.36500000E+02   0.36845637E-39   0.36845637E-39
 0.36520000E+02   0.35093878E-39   0.35093878E-39
 0.36540000E+02   0.33425423E-39   0.33425423E-39
 0.36560000E+02   0.31836310E-39   0.31836310E-39
 0.36580000E+02   0.30322765E-39   0.30322765E-39
 0.36600000E+02   0.28881193E-39   0.28881193E-39
 0.36620000E+02   0.27508171E-39   0.27508171E-39
 0.36640000E+02   0.26200439E-39   0.26200439E-39
 0.36660000E+02   0.24954891E-39   0.24954891E-39
 0.36680000E+02   0.23768569E-39   0.23768569E-39
 0.36700000E+02   0.22638657E-39   0.22638657E-39
 0.36720000E+02   0.21562472E-39   0.21562472E-39
 0.36740000E+02   0.20537458E-39   0.20537458E-39
 0.36760000E+02   0.19561182E-39   0.19561182E-39
 0.36780000E+02   0.18631325E-39   0.18631325E-39
 0.36800000E+02   0.17745681E-39   0.17745681E-39
 0.36820000E+02   0.16902145E-39   0.16902145E-39
 0.36840000E+02   0.16098717E-39   0.16098717E-39
 0.36860000E+02   0.15333487E-39   0.15333487E-39
 0.36880000E+02   0.14604641E-39   0.14604641E-39
 0.36900000E+02   0.13910446E-39   0.13910446E-39
 0.36920000E+02   0.13249257E-39   0.13249257E-39
 0.36940000E+02   0.12619502E-39   0.12619502E-39
 0.36960000E+02   0.12019687E-39   0.12019687E-39
 0.36980000E+02   0.11448389E-39   0.11448389E-39
 0.37000000E+02   0.10904251E-39   0.10904251E-39
 0.37020000E+02   0.10385982E-39   0.10385982E-39
 0.37040000E+02   0.98923515E-40   0.98923515E-40
 0.37060000E+02   0.94221880E-40   0.94221880E-40
 0.37080000E+02   0.89743757E-40   0.89743757E-40
 0.37100000E+02   0.85478517E-40   0.85478517E-40
 0.37120000E+02   0.81416038E-40   0.81416038E-40
 0.37140000E+02   0.77546678E-40   0.77546678E-40
 0.37160000E+02   0.73861256E-40   0.73861256E-40
 0.37180000E+02   0.70351025E-40   0.70351025E-40
 0.37200000E+02   0.67007655E-40   0.67007655E-40
 0.37220000E+02   0.63823212E-40   0.63823212E-40
 0.37240000E+02   0.60790141E-40   0.60790141E-40
 0.37260000E+02   0.57901244E-40   0.57901244E-40
 0.37280000E+02   0.55149666E-40   0.55149666E-40
 0.37300000E+02   0.52528879E-40   0.52528879E-40
 0.37320000E+02   0.50032664E-40   0.50032664E-40
 0.37340000E+02   0.47655098E-40   0.47655098E-40
 0.37360000E+02   0.45390541E-40   0.45390541E-40
 0.37380000E+02   0.43233620E-40   0.43233620E-40
 0.37400000E+02   0.41179218E-40   0.41179218E-40
 0.37420000E+02   0.39222460E-40   0.39222460E-40
 0.37440000E+02   0.37358705E-40   0.37358705E-40
 0.37460000E+02   0.35583532E-40   0.35583532E-40
 0.37480000E+02   0.33892729E-40   0.33892729E-40
 0.37500000E+02   0.32282285E-40   0.32282285E-40
 0.37520000E+02   0.30748380E-40   0.30748380E-40
 0.37540000E+02   0.29287376E-40   0.29287376E-40
 0.37560000E+02   0.27895807E-40   0.27895807E-40
 0.37580000E+02   0.26570373E-40   0.26570373E-40
 0.37600000E+02   0.25307929E-40   0.25307929E-40
 0.37620000E+02   0.24105482E-40   0.24105482E-40
 0.37640000E+02   0.22960179E-40   0.22960179E-40
 0.37660000E+02   0.21869304E-40   0.21869304E-40
 0.37680000E+02   0.20830271E-40   0.20830271E-40
 0.37700000E+02   0.19840614E-40   0.19840614E-40
 0.37720000E+02   0.18897986E-40   0.18897986E-40
 0.37740000E+02   0.18000153E-40   0.18000153E-40
 0.37760000E+02   0.17144986E-40   0.17144986E-40
 0.37780000E+02   0.16330455E-40   0.16330455E-40
 0.37800000E+02   0.15554630E-40   0.15554630E-40
 0.37820000E+02   0.14815672E-40   0.14815672E-40
 0.37840000E+02   0.14111827E-40   0.14111827E-40
 0.37860000E+02   0.13441427E-40   0.13441427E-40
 0.37880000E+02   0.12802882E-40   0.12802882E-40
 0.37900000E+02   0.12194679E-40   0.12194679E-40
 0.37920000E+02   0.11615375E-40   0.11615375E-40
 0.37940000E+02   0.11063597E-40   0.11063597E-40
 0.37960000E+02   0.10538036E-40   0.10538036E-40
 0.37980000E+02   0.10037447E-40   0.10037447E-40
 0.38000000E+02   0.95606431E-41   0.95606431E-41
 0.38020000E+02   0.91064933E-41   0.91064933E-41
 0.38040000E+02   0.86739214E-41   0.86739214E-41
 0.38060000E+02   0.82619018E-41   0.82619018E-41
 0.38080000E+02   0.78694580E-41   0.78694580E-41
 0.38100000E+02   0.74956595E-41   0.74956595E-41
 0.38120000E+02   0.71396203E-41   0.71396203E-41
 0.38140000E+02   0.68004965E-41   0.68004965E-41
 0.38160000E+02   0.64774843E-41   0.64774843E-41
 0.38180000E+02   0.61698180E-41   0.61698180E-41
 0.38200000E+02   0.58767684E-41   0.58767684E-41
 0.38220000E+02   0.55976409E-41   0.55976409E-41
 0.38240000E+02   0.53317740E-41   0.53317740E-41
 0.38260000E+02   0.50785376E-41   0.50785376E-41
 0.38280000E+02   0.48373314E-41   0.48373314E-41
 0.38300000E+02   0.46075839E-41   0.46075839E-41
 0.38320000E+02   0.43887506E-41   0.43887506E-41
 0.38340000E+02   0.41803128E-41   0.41803128E-41
 0.38360000E+02   0.39817767E-41   0.39817767E-41
 0.38380000E+02   0.37926718E-41   0.37926718E-41
 0.38400000E+02   0.36125499E-41   0.36125499E-41
 0.38420000E+02   0.34409842E-41   0.34409842E-41
 0.38440000E+02   0.32775682E-41   0.32775682E-41
 0.38460000E+02   0.31219148E-41   0.31219148E-41
 0.38480000E+02   0.29736549E-41   0.29736549E-41
 0.38500000E+02   0.28324375E-41   0.28324375E-41
 0.38520000E+02   0.26979279E-41   0.26979279E-41
 0.38540000E+02   0.25698074E-41   0.25698074E-41
 0.38560000E+02   0.24477725E-41   0.24477725E-41
 0.38580000E+02   0.23315340E-41   0.23315340E-41
 0.38600000E+02   0.22208166E-41   0.22208166E-41
 0.38620000E+02   0.21153579E-41   0.21153579E-41
 0.38640000E+02   0.20149082E-41   0.20149082E-41
 0.38660000E+02   0.19192295E-41   0.19192295E-41
 0.38680000E+02   0.18280950E-41   0.18280950E-41
 0.38700000E+02   0.17412891E-41   0.17412891E-41
 0.38720000E+02   0.16586059E-41   0.16586059E-41
 0.38740000E+02   0.15798497E-41   0.15798497E-41
 0.38760000E+02   0.15048339E-41   0.15048339E-41
 0.38780000E+02   0.14333808E-41   0.14333808E-41
 0.38800000E+02   0.13653212E-41   0.13653212E-41
 0.38820000E+02   0.13004940E-41   0.13004940E-41
 0.38840000E+02   0.12387454E-41   0.12387454E-41
 0.38860000E+02   0.11799294E-41   0.11799294E-41
 0.38880000E+02   0.11239065E-41   0.11239065E-41
 0.38900000E+02   0.10705442E-41   0.10705442E-41
 0.38920000E+02   0.10197160E-41   0.10197160E-41
 0.38940000E+02   0.97130160E-42   0.97130160E-42
 0.38960000E+02   0.92518632E-42   0.92518632E-42
 0.38980000E+02   0.88126096E-42   0.88126096E-42
 0.39000000E+02   0.83942150E-42   0.83942150E-42
 0.39020000E+02   0.79956886E-42   0.79956886E-42
 0.39040000E+02   0.76160868E-42   0.76160868E-42
 0.39060000E+02   0.72545107E-42   0.72545107E-42
 0.39080000E+02   0.69101041E-42   0.69101041E-42
 0.39100000E+02   0.65820517E-42   0.65820517E-42
 0.39120000E+02   0.62695765E-42   0.62695765E-42
 0.39140000E+02   0.59719389E-42   0.59719389E-42
 0.39160000E+02   0.56884341E-42   0.56884341E-42
 0.39180000E+02   0.54183910E-42   0.54183910E-42
 0.39200000E+02   0.51611700E-42   0.51611700E-42
 0.39220000E+02   0.49161624E-42   0.49161624E-42
 0.39240000E+02   0.46827881E-42   0.46827881E-42
 0.39260000E+02   0.44604945E-42   0.44604945E-42
 0.39280000E+02   0.42487555E-42   0.42487555E-42
 0.39300000E+02   0.40470699E-42   0.40470699E-42
 0.39320000E+02   0.38549601E-42   0.38549601E-42
 0.39340000E+02   0.36719714E-42   0.36719714E-42
 0.39360000E+02   0.34976707E-42   0.34976707E-42
 0.39380000E+02   0.33316454E-42   0.33316454E-42
 0.39400000E+02   0.31735026E-42   0.31735026E-42
 0.39420000E+02   0.30228678E-42   0.30228678E-42
 0.39440000E+02   0.28793847E-42   0.28793847E-42
 0.39460000E+02   0.27427135E-42   0.27427135E-42
 0.39480000E+02   0.26125308E-42   0.26125308E-42
 0.39500000E+02   0.24885285E-42   0.24885285E-42
 0.39520000E+02   0.23704131E-42   0.23704131E-42
 0.39540000E+02   0.22579050E-42   0.22579050E-42
 0.39560000E+02   0.21507381E-42   0.21507381E-42
 0.39580000E+02   0.20486587E-42   0.20486587E-42
 0.39600000E+02   0.19514253E-42   0.19514253E-42
 0.39620000E+02   0.18588077E-42   0.18588077E-42
 0.39640000E+02   0.17705868E-42   0.17705868E-42
 0.39660000E+02   0.16865537E-42   0.16865537E-42
 0.39680000E+02   0.16065098E-42   0.16065098E-42
 0.39700000E+02   0.15302655E-42   0.15302655E-42
 0.39720000E+02   0.14576405E-42   0.14576405E-42
 0.39740000E+02   0.13884629E-42   0.13884629E-42
 0.39760000E+02   0.13225690E-42   0.13225690E-42
 0.39780000E+02   0.12598030E-42   0.12598030E-42
 0.39800000E+02   0.12000163E-42   0.12000163E-42
 0.39820000E+02   0.11430675E-42   0.11430675E-42
 0.39840000E+02   0.10888219E-42   0.10888219E-42
 0.39860000E+02   0.10371511E-42   0.10371511E-42
 0.39880000E+02   0.98793280E-43   0.98793280E-43
 0.39900000E+02   0.94105068E-43   0.94105068E-43
 0.39920000E+02   0.89639379E-43   0.89639379E-43
 0.39940000E+02   0.85385649E-43   0.85385649E-43
 0.39960000E+02   0.81333815E-43   0.81333815E-43
 0.39980000E+02   0.77474293E-43   0.77474293E-43
 0.40000000E+02   0.73797954E-43   0.73797954E-43

