Wood-Saxon orbitals: densities
        r              rho_p            rho_n
 0.20000000E-01   0.73610300E-01   0.14722060E+00
 0.40000000E-01   0.73555496E-01   0.14711099E+00
 0.60000000E-01   0.73464080E-01   0.14692816E+00
 0.80000000E-01   0.73336450E-01   0.14667290E+00
 0.10000000E+00   0.73172951E-01   0.14634590E+00
 0.12000000E+00   0.72973955E-01   0.14594791E+00
 0.14000000E+00   0.72739877E-01   0.14547975E+00
 0.16000000E+00   0.72471173E-01   0.14494235E+00
 0.18000000E+00   0.72168345E-01   0.14433669E+00
 0.20000000E+00   0.71831934E-01   0.14366387E+00
 0.22000000E+00   0.71462522E-01   0.14292504E+00
 0.24000000E+00   0.71060732E-01   0.14212146E+00
 0.26000000E+00   0.70627227E-01   0.14125445E+00
 0.28000000E+00   0.70162703E-01   0.14032541E+00
 0.30000000E+00   0.69667896E-01   0.13933579E+00
 0.32000000E+00   0.69143573E-01   0.13828715E+00
 0.34000000E+00   0.68590534E-01   0.13718107E+00
 0.36000000E+00   0.68009610E-01   0.13601922E+00
 0.38000000E+00   0.67401662E-01   0.13480332E+00
 0.40000000E+00   0.66767576E-01   0.13353515E+00
 0.42000000E+00   0.66108264E-01   0.13221653E+00
 0.44000000E+00   0.65424664E-01   0.13084933E+00
 0.46000000E+00   0.64717730E-01   0.12943546E+00
 0.48000000E+00   0.63988442E-01   0.12797688E+00
 0.50000000E+00   0.63237794E-01   0.12647559E+00
 0.52000000E+00   0.62466795E-01   0.12493359E+00
 0.54000000E+00   0.61676470E-01   0.12335294E+00
 0.56000000E+00   0.60867855E-01   0.12173571E+00
 0.58000000E+00   0.60041994E-01   0.12008399E+00
 0.60000000E+00   0.59199942E-01   0.11839988E+00
 0.62000000E+00   0.58342757E-01   0.11668551E+00
 0.64000000E+00   0.57471502E-01   0.11494300E+00
 0.66000000E+00   0.56587240E-01   0.11317448E+00
 0.68000000E+00   0.55691037E-01   0.11138207E+00
 0.70000000E+00   0.54783954E-01   0.10956791E+00
 0.72000000E+00   0.53867049E-01   0.10773410E+00
 0.74000000E+00   0.52941375E-01   0.10588275E+00
 0.76000000E+00   0.52007977E-01   0.10401595E+00
 0.78000000E+00   0.51067889E-01   0.10213578E+00
 0.80000000E+00   0.50122136E-01   0.10024427E+00
 0.82000000E+00   0.49171729E-01   0.98343457E-01
 0.84000000E+00   0.48217665E-01   0.96435330E-01
 0.86000000E+00   0.47260926E-01   0.94521851E-01
 0.88000000E+00   0.46302474E-01   0.92604949E-01
 0.90000000E+00   0.45343256E-01   0.90686511E-01
 0.92000000E+00   0.44384194E-01   0.88768388E-01
 0.94000000E+00   0.43426193E-01   0.86852385E-01
 0.96000000E+00   0.42470132E-01   0.84940264E-01
 0.98000000E+00   0.41516869E-01   0.83033737E-01
 0.10000000E+01   0.40567234E-01   0.81134468E-01
 0.10200000E+01   0.39622034E-01   0.79244068E-01
 0.10400000E+01   0.38682048E-01   0.77364095E-01
 0.10600000E+01   0.37748026E-01   0.75496053E-01
 0.10800000E+01   0.36820693E-01   0.73641386E-01
 0.11000000E+01   0.35900742E-01   0.71801484E-01
 0.11200000E+01   0.34988838E-01   0.69977676E-01
 0.11400000E+01   0.34085615E-01   0.68171231E-01
 0.11600000E+01   0.33191679E-01   0.66383358E-01
 0.11800000E+01   0.32307601E-01   0.64615203E-01
 0.12000000E+01   0.31433926E-01   0.62867852E-01
 0.12200000E+01   0.30571164E-01   0.61142328E-01
 0.12400000E+01   0.29719796E-01   0.59439592E-01
 0.12600000E+01   0.28880271E-01   0.57760541E-01
 0.12800000E+01   0.28053006E-01   0.56106012E-01
 0.13000000E+01   0.27238390E-01   0.54476779E-01
 0.13200000E+01   0.26436778E-01   0.52873555E-01
 0.13400000E+01   0.25648496E-01   0.51296992E-01
 0.13600000E+01   0.24873841E-01   0.49747682E-01
 0.13800000E+01   0.24113078E-01   0.48226157E-01
 0.14000000E+01   0.23366445E-01   0.46732891E-01
 0.14200000E+01   0.22634150E-01   0.45268301E-01
 0.14400000E+01   0.21916374E-01   0.43832748E-01
 0.14600000E+01   0.21213270E-01   0.42426539E-01
 0.14800000E+01   0.20524963E-01   0.41049926E-01
 0.15000000E+01   0.19851555E-01   0.39703109E-01
 0.15200000E+01   0.19193120E-01   0.38386240E-01
 0.15400000E+01   0.18549709E-01   0.37099419E-01
 0.15600000E+01   0.17921350E-01   0.35842701E-01
 0.15800000E+01   0.17308048E-01   0.34616095E-01
 0.16000000E+01   0.16709783E-01   0.33419567E-01
 0.16200000E+01   0.16126520E-01   0.32253039E-01
 0.16400000E+01   0.15558199E-01   0.31116397E-01
 0.16600000E+01   0.15004743E-01   0.30009485E-01
 0.16800000E+01   0.14466056E-01   0.28932113E-01
 0.17000000E+01   0.13942028E-01   0.27884056E-01
 0.17200000E+01   0.13432529E-01   0.26865058E-01
 0.17400000E+01   0.12937415E-01   0.25874830E-01
 0.17600000E+01   0.12456528E-01   0.24913057E-01
 0.17800000E+01   0.11989698E-01   0.23979396E-01
 0.18000000E+01   0.11536740E-01   0.23073481E-01
 0.18200000E+01   0.11097460E-01   0.22194920E-01
 0.18400000E+01   0.10671652E-01   0.21343305E-01
 0.18600000E+01   0.10259101E-01   0.20518203E-01
 0.18800000E+01   0.98595839E-02   0.19719168E-01
 0.19000000E+01   0.94728681E-02   0.18945736E-01
 0.19200000E+01   0.90987154E-02   0.18197431E-01
 0.19400000E+01   0.87368809E-02   0.17473762E-01
 0.19600000E+01   0.83871146E-02   0.16774229E-01
 0.19800000E+01   0.80491615E-02   0.16098323E-01
 0.20000000E+01   0.77227630E-02   0.15445526E-01
 0.20200000E+01   0.74076571E-02   0.14815314E-01
 0.20400000E+01   0.71035794E-02   0.14207159E-01
 0.20600000E+01   0.68102636E-02   0.13620527E-01
 0.20800000E+01   0.65274424E-02   0.13054885E-01
 0.21000000E+01   0.62548474E-02   0.12509695E-01
 0.21200000E+01   0.59922105E-02   0.11984421E-01
 0.21400000E+01   0.57392639E-02   0.11478528E-01
 0.21600000E+01   0.54957405E-02   0.10991481E-01
 0.21800000E+01   0.52613751E-02   0.10522750E-01
 0.22000000E+01   0.50359038E-02   0.10071808E-01
 0.22200000E+01   0.48190652E-02   0.96381304E-02
 0.22400000E+01   0.46106005E-02   0.92212010E-02
 0.22600000E+01   0.44102537E-02   0.88205074E-02
 0.22800000E+01   0.42177722E-02   0.84355444E-02
 0.23000000E+01   0.40329069E-02   0.80658138E-02
 0.23200000E+01   0.38554125E-02   0.77108249E-02
 0.23400000E+01   0.36850477E-02   0.73700953E-02
 0.23600000E+01   0.35215755E-02   0.70431510E-02
 0.23800000E+01   0.33647634E-02   0.67295268E-02
 0.24000000E+01   0.32143834E-02   0.64287669E-02
 0.24200000E+01   0.30702124E-02   0.61404248E-02
 0.24400000E+01   0.29320320E-02   0.58640640E-02
 0.24600000E+01   0.27996289E-02   0.55992578E-02
 0.24800000E+01   0.26727947E-02   0.53455894E-02
 0.25000000E+01   0.25513263E-02   0.51026527E-02
 0.25200000E+01   0.24350257E-02   0.48700515E-02
 0.25400000E+01   0.23237001E-02   0.46474002E-02
 0.25600000E+01   0.22171619E-02   0.44343238E-02
 0.25800000E+01   0.21152286E-02   0.42304573E-02
 0.26000000E+01   0.20177233E-02   0.40354465E-02
 0.26200000E+01   0.19244737E-02   0.38489475E-02
 0.26400000E+01   0.18353133E-02   0.36706265E-02
 0.26600000E+01   0.17500802E-02   0.35001603E-02
 0.26800000E+01   0.16686178E-02   0.33372355E-02
 0.27000000E+01   0.15907745E-02   0.31815490E-02
 0.27200000E+01   0.15164036E-02   0.30328072E-02
 0.27400000E+01   0.14453632E-02   0.28907265E-02
 0.27600000E+01   0.13775164E-02   0.27550329E-02
 0.27800000E+01   0.13127308E-02   0.26254616E-02
 0.28000000E+01   0.12508786E-02   0.25017573E-02
 0.28200000E+01   0.11918367E-02   0.23836734E-02
 0.28400000E+01   0.11354861E-02   0.22709723E-02
 0.28600000E+01   0.10817125E-02   0.21634251E-02
 0.28800000E+01   0.10304056E-02   0.20608112E-02
 0.29000000E+01   0.98145914E-03   0.19629183E-02
 0.29200000E+01   0.93477104E-03   0.18695421E-02
 0.29400000E+01   0.89024304E-03   0.17804861E-02
 0.29600000E+01   0.84778065E-03   0.16955613E-02
 0.29800000E+01   0.80729309E-03   0.16145862E-02
 0.30000000E+01   0.76869316E-03   0.15373863E-02
 0.30200000E+01   0.73189710E-03   0.14637942E-02
 0.30400000E+01   0.69682452E-03   0.13936490E-02
 0.30600000E+01   0.66339828E-03   0.13267966E-02
 0.30800000E+01   0.63154441E-03   0.12630888E-02
 0.31000000E+01   0.60119195E-03   0.12023839E-02
 0.31200000E+01   0.57227290E-03   0.11445458E-02
 0.31400000E+01   0.54472211E-03   0.10894442E-02
 0.31600000E+01   0.51847713E-03   0.10369543E-02
 0.31800000E+01   0.49347821E-03   0.98695642E-03
 0.32000000E+01   0.46966810E-03   0.93933621E-03
 0.32200000E+01   0.44699205E-03   0.89398409E-03
 0.32400000E+01   0.42539763E-03   0.85079526E-03
 0.32600000E+01   0.40483472E-03   0.80966944E-03
 0.32800000E+01   0.38525537E-03   0.77051075E-03
 0.33000000E+01   0.36661376E-03   0.73322751E-03
 0.33200000E+01   0.34886605E-03   0.69773210E-03
 0.33400000E+01   0.33197039E-03   0.66394078E-03
 0.33600000E+01   0.31588676E-03   0.63177353E-03
 0.33800000E+01   0.30057696E-03   0.60115393E-03
 0.34000000E+01   0.28600449E-03   0.57200899E-03
 0.34200000E+01   0.27213451E-03   0.54426902E-03
 0.34400000E+01   0.25893374E-03   0.51786748E-03
 0.34600000E+01   0.24637044E-03   0.49274088E-03
 0.34800000E+01   0.23441431E-03   0.46882862E-03
 0.35000000E+01   0.22303643E-03   0.44607286E-03
 0.35200000E+01   0.21220923E-03   0.42441846E-03
 0.35400000E+01   0.20190639E-03   0.40381279E-03
 0.35600000E+01   0.19210284E-03   0.38420568E-03
 0.35800000E+01   0.18277465E-03   0.36554929E-03
 0.36000000E+01   0.17389900E-03   0.34779800E-03
 0.36200000E+01   0.16545416E-03   0.33090832E-03
 0.36400000E+01   0.15741941E-03   0.31483882E-03
 0.36600000E+01   0.14977499E-03   0.29954998E-03
 0.36800000E+01   0.14250208E-03   0.28500417E-03
 0.37000000E+01   0.13558276E-03   0.27116552E-03
 0.37200000E+01   0.12899994E-03   0.25799988E-03
 0.37400000E+01   0.12273734E-03   0.24547468E-03
 0.37600000E+01   0.11677947E-03   0.23355894E-03
 0.37800000E+01   0.11111156E-03   0.22222312E-03
 0.38000000E+01   0.10571955E-03   0.21143910E-03
 0.38200000E+01   0.10059006E-03   0.20118012E-03
 0.38400000E+01   0.95710343E-04   0.19142069E-03
 0.38600000E+01   0.91068258E-04   0.18213652E-03
 0.38800000E+01   0.86652254E-04   0.17330451E-03
 0.39000000E+01   0.82451334E-04   0.16490267E-03
 0.39200000E+01   0.78455030E-04   0.15691006E-03
 0.39400000E+01   0.74653378E-04   0.14930676E-03
 0.39600000E+01   0.71036895E-04   0.14207379E-03
 0.39800000E+01   0.67596557E-04   0.13519311E-03
 0.40000000E+01   0.64323777E-04   0.12864755E-03
 0.40200000E+01   0.61210381E-04   0.12242076E-03
 0.40400000E+01   0.58248596E-04   0.11649719E-03
 0.40600000E+01   0.55431021E-04   0.11086204E-03
 0.40800000E+01   0.52750618E-04   0.10550124E-03
 0.41000000E+01   0.50200690E-04   0.10040138E-03
 0.41200000E+01   0.47774866E-04   0.95549733E-04
 0.41400000E+01   0.45467085E-04   0.90934171E-04
 0.41600000E+01   0.43271582E-04   0.86543163E-04
 0.41800000E+01   0.41182870E-04   0.82365741E-04
 0.42000000E+01   0.39195735E-04   0.78391469E-04
 0.42200000E+01   0.37305212E-04   0.74610423E-04
 0.42400000E+01   0.35506582E-04   0.71013164E-04
 0.42600000E+01   0.33795355E-04   0.67590710E-04
 0.42800000E+01   0.32167262E-04   0.64334523E-04
 0.43000000E+01   0.30618240E-04   0.61236480E-04
 0.43200000E+01   0.29144428E-04   0.58288855E-04
 0.43400000E+01   0.27742151E-04   0.55484301E-04
 0.43600000E+01   0.26407915E-04   0.52815830E-04
 0.43800000E+01   0.25138398E-04   0.50276797E-04
 0.44000000E+01   0.23930441E-04   0.47860881E-04
 0.44200000E+01   0.22781036E-04   0.45562072E-04
 0.44400000E+01   0.21687326E-04   0.43374652E-04
 0.44600000E+01   0.20646594E-04   0.41293187E-04
 0.44800000E+01   0.19656253E-04   0.39312507E-04
 0.45000000E+01   0.18713847E-04   0.37427694E-04
 0.45200000E+01   0.17817036E-04   0.35634073E-04
 0.45400000E+01   0.16963599E-04   0.33927197E-04
 0.45600000E+01   0.16151420E-04   0.32302839E-04
 0.45800000E+01   0.15378488E-04   0.30756977E-04
 0.46000000E+01   0.14642893E-04   0.29285786E-04
 0.46200000E+01   0.13942815E-04   0.27885629E-04
 0.46400000E+01   0.13276525E-04   0.26553049E-04
 0.46600000E+01   0.12642378E-04   0.25284755E-04
 0.46800000E+01   0.12038810E-04   0.24077621E-04
 0.47000000E+01   0.11464335E-04   0.22928670E-04
 0.47200000E+01   0.10917537E-04   0.21835073E-04
 0.47400000E+01   0.10397070E-04   0.20794141E-04
 0.47600000E+01   0.99016567E-05   0.19803313E-04
 0.47800000E+01   0.94300787E-05   0.18860157E-04
 0.48000000E+01   0.89811792E-05   0.17962358E-04
 0.48200000E+01   0.85538574E-05   0.17107715E-04
 0.48400000E+01   0.81470665E-05   0.16294133E-04
 0.48600000E+01   0.77598109E-05   0.15519622E-04
 0.48800000E+01   0.73911437E-05   0.14782287E-04
 0.49000000E+01   0.70401640E-05   0.14080328E-04
 0.49200000E+01   0.67060153E-05   0.13412031E-04
 0.49400000E+01   0.63878828E-05   0.12775766E-04
 0.49600000E+01   0.60849912E-05   0.12169982E-04
 0.49800000E+01   0.57966036E-05   0.11593207E-04
 0.50000000E+01   0.55220185E-05   0.11044037E-04
 0.50200000E+01   0.52605690E-05   0.10521138E-04
 0.50400000E+01   0.50116205E-05   0.10023241E-04
 0.50600000E+01   0.47745695E-05   0.95491390E-05
 0.50800000E+01   0.45488418E-05   0.90976835E-05
 0.51000000E+01   0.43338911E-05   0.86677822E-05
 0.51200000E+01   0.41291978E-05   0.82583957E-05
 0.51400000E+01   0.39342677E-05   0.78685354E-05
 0.51600000E+01   0.37486304E-05   0.74972608E-05
 0.51800000E+01   0.35718385E-05   0.71436770E-05
 0.52000000E+01   0.34034664E-05   0.68069327E-05
 0.52200000E+01   0.32431090E-05   0.64862179E-05
 0.52400000E+01   0.30903810E-05   0.61807620E-05
 0.52600000E+01   0.29449159E-05   0.58898317E-05
 0.52800000E+01   0.28063647E-05   0.56127294E-05
 0.53000000E+01   0.26743956E-05   0.53487912E-05
 0.53200000E+01   0.25486928E-05   0.50973856E-05
 0.53400000E+01   0.24289557E-05   0.48579115E-05
 0.53600000E+01   0.23148985E-05   0.46297969E-05
 0.53800000E+01   0.22062488E-05   0.44124977E-05
 0.54000000E+01   0.21027479E-05   0.42054959E-05
 0.54200000E+01   0.20041493E-05   0.40082986E-05
 0.54400000E+01   0.19102185E-05   0.38204370E-05
 0.54600000E+01   0.18207322E-05   0.36414645E-05
 0.54800000E+01   0.17354782E-05   0.34709563E-05
 0.55000000E+01   0.16542541E-05   0.33085083E-05
 0.55200000E+01   0.15768677E-05   0.31537355E-05
 0.55400000E+01   0.15031359E-05   0.30062717E-05
 0.55600000E+01   0.14328842E-05   0.28657684E-05
 0.55800000E+01   0.13659469E-05   0.27318937E-05
 0.56000000E+01   0.13021659E-05   0.26043319E-05
 0.56200000E+01   0.12413911E-05   0.24827822E-05
 0.56400000E+01   0.11834793E-05   0.23669587E-05
 0.56600000E+01   0.11282943E-05   0.22565887E-05
 0.56800000E+01   0.10757065E-05   0.21514131E-05
 0.57000000E+01   0.10255925E-05   0.20511849E-05
 0.57200000E+01   0.97783463E-06   0.19556693E-05
 0.57400000E+01   0.93232116E-06   0.18646423E-05
 0.57600000E+01   0.88894556E-06   0.17778911E-05
 0.57800000E+01   0.84760643E-06   0.16952129E-05
 0.58000000E+01   0.80820724E-06   0.16164145E-05
 0.58200000E+01   0.77065607E-06   0.15413121E-05
 0.58400000E+01   0.73486540E-06   0.14697308E-05
 0.58600000E+01   0.70075190E-06   0.14015038E-05
 0.58800000E+01   0.66823622E-06   0.13364724E-05
 0.59000000E+01   0.63724282E-06   0.12744856E-05
 0.59200000E+01   0.60769973E-06   0.12153995E-05
 0.59400000E+01   0.57953846E-06   0.11590769E-05
 0.59600000E+01   0.55269376E-06   0.11053875E-05
 0.59800000E+01   0.52710349E-06   0.10542070E-05
 0.60000000E+01   0.50270848E-06   0.10054170E-05
 0.60200000E+01   0.47945239E-06   0.95890477E-06
 0.60400000E+01   0.45728153E-06   0.91456307E-06
 0.60600000E+01   0.43614481E-06   0.87228962E-06
 0.60800000E+01   0.41599353E-06   0.83198706E-06
 0.61000000E+01   0.39678132E-06   0.79356264E-06
 0.61200000E+01   0.37846402E-06   0.75692805E-06
 0.61400000E+01   0.36099956E-06   0.72199913E-06
 0.61600000E+01   0.34434787E-06   0.68869575E-06
 0.61800000E+01   0.32847078E-06   0.65694156E-06
 0.62000000E+01   0.31333192E-06   0.62666385E-06
 0.62200000E+01   0.29889667E-06   0.59779334E-06
 0.62400000E+01   0.28513202E-06   0.57026403E-06
 0.62600000E+01   0.27200653E-06   0.54401306E-06
 0.62800000E+01   0.25949027E-06   0.51898054E-06
 0.63000000E+01   0.24755470E-06   0.49510941E-06
 0.63200000E+01   0.23617265E-06   0.47234529E-06
 0.63400000E+01   0.22531821E-06   0.45063641E-06
 0.63600000E+01   0.21496671E-06   0.42993341E-06
 0.63800000E+01   0.20509464E-06   0.41018928E-06
 0.64000000E+01   0.19567960E-06   0.39135920E-06
 0.64200000E+01   0.18670026E-06   0.37340051E-06
 0.64400000E+01   0.17813626E-06   0.35627252E-06
 0.64600000E+01   0.16996824E-06   0.33993648E-06
 0.64800000E+01   0.16217772E-06   0.32435545E-06
 0.65000000E+01   0.15474712E-06   0.30949424E-06
 0.65200000E+01   0.14765965E-06   0.29531930E-06
 0.65400000E+01   0.14089934E-06   0.28179868E-06
 0.65600000E+01   0.13445096E-06   0.26890192E-06
 0.65800000E+01   0.12829999E-06   0.25659999E-06
 0.66000000E+01   0.12243261E-06   0.24486522E-06
 0.66200000E+01   0.11683562E-06   0.23367124E-06
 0.66400000E+01   0.11149646E-06   0.22299293E-06
 0.66600000E+01   0.10640316E-06   0.21280633E-06
 0.66800000E+01   0.10154430E-06   0.20308861E-06
 0.67000000E+01   0.96909004E-07   0.19381801E-06
 0.67200000E+01   0.92486895E-07   0.18497379E-06
 0.67400000E+01   0.88268092E-07   0.17653618E-06
 0.67600000E+01   0.84243169E-07   0.16848634E-06
 0.67800000E+01   0.80403147E-07   0.16080629E-06
 0.68000000E+01   0.76739461E-07   0.15347892E-06
 0.68200000E+01   0.73243949E-07   0.14648790E-06
 0.68400000E+01   0.69908830E-07   0.13981766E-06
 0.68600000E+01   0.66726685E-07   0.13345337E-06
 0.68800000E+01   0.63690442E-07   0.12738088E-06
 0.69000000E+01   0.60793359E-07   0.12158672E-06
 0.69200000E+01   0.58029007E-07   0.11605801E-06
 0.69400000E+01   0.55391258E-07   0.11078252E-06
 0.69600000E+01   0.52874268E-07   0.10574854E-06
 0.69800000E+01   0.50472465E-07   0.10094493E-06
 0.70000000E+01   0.48180538E-07   0.96361076E-07
 0.70200000E+01   0.45993421E-07   0.91986843E-07
 0.70400000E+01   0.43906285E-07   0.87812571E-07
 0.70600000E+01   0.41914524E-07   0.83829049E-07
 0.70800000E+01   0.40013747E-07   0.80027495E-07
 0.71000000E+01   0.38199767E-07   0.76399533E-07
 0.71200000E+01   0.36468589E-07   0.72937177E-07
 0.71400000E+01   0.34816406E-07   0.69632812E-07
 0.71600000E+01   0.33239586E-07   0.66479172E-07
 0.71800000E+01   0.31734667E-07   0.63469334E-07
 0.72000000E+01   0.30298345E-07   0.60596690E-07
 0.72200000E+01   0.28927471E-07   0.57854941E-07
 0.72400000E+01   0.27619040E-07   0.55238080E-07
 0.72600000E+01   0.26370187E-07   0.52740375E-07
 0.72800000E+01   0.25178181E-07   0.50356362E-07
 0.73000000E+01   0.24040414E-07   0.48080828E-07
 0.73200000E+01   0.22954401E-07   0.45908802E-07
 0.73400000E+01   0.21917770E-07   0.43835541E-07
 0.73600000E+01   0.20928261E-07   0.41856522E-07
 0.73800000E+01   0.19983716E-07   0.39967432E-07
 0.74000000E+01   0.19082077E-07   0.38164154E-07
 0.74200000E+01   0.18221382E-07   0.36442764E-07
 0.74400000E+01   0.17399758E-07   0.34799516E-07
 0.74600000E+01   0.16615419E-07   0.33230839E-07
 0.74800000E+01   0.15866662E-07   0.31733324E-07
 0.75000000E+01   0.15151861E-07   0.30303722E-07
 0.75200000E+01   0.14469466E-07   0.28938932E-07
 0.75400000E+01   0.13817997E-07   0.27635994E-07
 0.75600000E+01   0.13196043E-07   0.26392087E-07
 0.75800000E+01   0.12602259E-07   0.25204517E-07
 0.76000000E+01   0.12035359E-07   0.24070717E-07
 0.76200000E+01   0.11494118E-07   0.22988235E-07
 0.76400000E+01   0.10977366E-07   0.21954733E-07
 0.76600000E+01   0.10483990E-07   0.20967979E-07
 0.76800000E+01   0.10012923E-07   0.20025846E-07
 0.77000000E+01   0.95631510E-08   0.19126302E-07
 0.77200000E+01   0.91337044E-08   0.18267409E-07
 0.77400000E+01   0.87236589E-08   0.17447318E-07
 0.77600000E+01   0.83321321E-08   0.16664264E-07
 0.77800000E+01   0.79582824E-08   0.15916565E-07
 0.78000000E+01   0.76013065E-08   0.15202613E-07
 0.78200000E+01   0.72604377E-08   0.14520875E-07
 0.78400000E+01   0.69349448E-08   0.13869890E-07
 0.78600000E+01   0.66241296E-08   0.13248259E-07
 0.78800000E+01   0.63273261E-08   0.12654652E-07
 0.79000000E+01   0.60438987E-08   0.12087797E-07
 0.79200000E+01   0.57732407E-08   0.11546481E-07
 0.79400000E+01   0.55147731E-08   0.11029546E-07
 0.79600000E+01   0.52679436E-08   0.10535887E-07
 0.79800000E+01   0.50322248E-08   0.10064450E-07
 0.80000000E+01   0.48071135E-08   0.96142269E-08
 0.80200000E+01   0.45921293E-08   0.91842586E-08
 0.80400000E+01   0.43868140E-08   0.87736279E-08
 0.80600000E+01   0.41907299E-08   0.83814598E-08
 0.80800000E+01   0.40034595E-08   0.80069191E-08
 0.81000000E+01   0.38246043E-08   0.76492086E-08
 0.81200000E+01   0.36537838E-08   0.73075676E-08
 0.81400000E+01   0.34906349E-08   0.69812697E-08
 0.81600000E+01   0.33348110E-08   0.66696219E-08
 0.81800000E+01   0.31859812E-08   0.63719624E-08
 0.82000000E+01   0.30438298E-08   0.60876596E-08
 0.82200000E+01   0.29080554E-08   0.58161107E-08
 0.82400000E+01   0.27783701E-08   0.55567401E-08
 0.82600000E+01   0.26544993E-08   0.53089985E-08
 0.82800000E+01   0.25361807E-08   0.50723615E-08
 0.83000000E+01   0.24231641E-08   0.48463283E-08
 0.83200000E+01   0.23152106E-08   0.46304211E-08
 0.83400000E+01   0.22120918E-08   0.44241837E-08
 0.83600000E+01   0.21135902E-08   0.42271804E-08
 0.83800000E+01   0.20194978E-08   0.40389955E-08
 0.84000000E+01   0.19296160E-08   0.38592321E-08
 0.84200000E+01   0.18437555E-08   0.36875110E-08
 0.84400000E+01   0.17617352E-08   0.35234704E-08
 0.84600000E+01   0.16833825E-08   0.33667650E-08
 0.84800000E+01   0.16085324E-08   0.32170648E-08
 0.85000000E+01   0.15370275E-08   0.30740551E-08
 0.85200000E+01   0.14687175E-08   0.29374350E-08
 0.85400000E+01   0.14034588E-08   0.28069176E-08
 0.85600000E+01   0.13411143E-08   0.26822287E-08
 0.85800000E+01   0.12815533E-08   0.25631066E-08
 0.86000000E+01   0.12246508E-08   0.24493015E-08
 0.86200000E+01   0.11702874E-08   0.23405748E-08
 0.86400000E+01   0.11183493E-08   0.22366985E-08
 0.86600000E+01   0.10687276E-08   0.21374552E-08
 0.86800000E+01   0.10213185E-08   0.20426371E-08
 0.87000000E+01   0.97602291E-09   0.19520458E-08
 0.87200000E+01   0.93274598E-09   0.18654920E-08
 0.87400000E+01   0.89139731E-09   0.17827946E-08
 0.87600000E+01   0.85189052E-09   0.17037810E-08
 0.87800000E+01   0.81414315E-09   0.16282863E-08
 0.88000000E+01   0.77807643E-09   0.15561529E-08
 0.88200000E+01   0.74361514E-09   0.14872303E-08
 0.88400000E+01   0.71068745E-09   0.14213749E-08
 0.88600000E+01   0.67922475E-09   0.13584495E-08
 0.88800000E+01   0.64916154E-09   0.12983231E-08
 0.89000000E+01   0.62043523E-09   0.12408705E-08
 0.89200000E+01   0.59298609E-09   0.11859722E-08
 0.89400000E+01   0.56675703E-09   0.11335141E-08
 0.89600000E+01   0.54169355E-09   0.10833871E-08
 0.89800000E+01   0.51774360E-09   0.10354872E-08
 0.90000000E+01   0.49485745E-09   0.98971490E-09
 0.90200000E+01   0.47298761E-09   0.94597523E-09
 0.90400000E+01   0.45208874E-09   0.90417748E-09
 0.90600000E+01   0.43211750E-09   0.86423500E-09
 0.90800000E+01   0.41303252E-09   0.82606504E-09
 0.91000000E+01   0.39479427E-09   0.78958855E-09
 0.91200000E+01   0.37736501E-09   0.75473003E-09
 0.91400000E+01   0.36070868E-09   0.72141737E-09
 0.91600000E+01   0.34479083E-09   0.68958167E-09
 0.91800000E+01   0.32957857E-09   0.65915714E-09
 0.92000000E+01   0.31504046E-09   0.63008092E-09
 0.92200000E+01   0.30114649E-09   0.60229297E-09
 0.92400000E+01   0.28786797E-09   0.57573595E-09
 0.92600000E+01   0.27517753E-09   0.55035506E-09
 0.92800000E+01   0.26304898E-09   0.52609797E-09
 0.93000000E+01   0.25145734E-09   0.50291468E-09
 0.93200000E+01   0.24037872E-09   0.48075745E-09
 0.93400000E+01   0.22979032E-09   0.45958064E-09
 0.93600000E+01   0.21967033E-09   0.43934067E-09
 0.93800000E+01   0.20999795E-09   0.41999590E-09
 0.94000000E+01   0.20075327E-09   0.40150655E-09
 0.94200000E+01   0.19191731E-09   0.38383463E-09
 0.94400000E+01   0.18347191E-09   0.36694382E-09
 0.94600000E+01   0.17539972E-09   0.35079945E-09
 0.94800000E+01   0.16768419E-09   0.33536837E-09
 0.95000000E+01   0.16030947E-09   0.32061894E-09
 0.95200000E+01   0.15326045E-09   0.30652089E-09
 0.95400000E+01   0.14652267E-09   0.29304534E-09
 0.95600000E+01   0.14008234E-09   0.28016468E-09
 0.95800000E+01   0.13392626E-09   0.26785252E-09
 0.96000000E+01   0.12804183E-09   0.25608366E-09
 0.96200000E+01   0.12241702E-09   0.24483403E-09
 0.96400000E+01   0.11704030E-09   0.23408061E-09
 0.96600000E+01   0.11190071E-09   0.22380142E-09
 0.96800000E+01   0.10698772E-09   0.21397545E-09
 0.97000000E+01   0.10229132E-09   0.20458264E-09
 0.97200000E+01   0.97801898E-10   0.19560380E-09
 0.97400000E+01   0.93510304E-10   0.18702061E-09
 0.97600000E+01   0.89407781E-10   0.17881556E-09
 0.97800000E+01   0.85485963E-10   0.17097193E-09
 0.98000000E+01   0.81736856E-10   0.16347371E-09
 0.98200000E+01   0.78152822E-10   0.15630564E-09
 0.98400000E+01   0.74726563E-10   0.14945313E-09
 0.98600000E+01   0.71451102E-10   0.14290220E-09
 0.98800000E+01   0.68319775E-10   0.13663955E-09
 0.99000000E+01   0.65326213E-10   0.13065243E-09
 0.99200000E+01   0.62464329E-10   0.12492866E-09
 0.99400000E+01   0.59728307E-10   0.11945661E-09
 0.99600000E+01   0.57112589E-10   0.11422518E-09
 0.99800000E+01   0.54611863E-10   0.10922373E-09
 0.10000000E+02   0.52221053E-10   0.10444211E-09
 0.10020000E+02   0.49935307E-10   0.99870614E-10
 0.10040000E+02   0.47749990E-10   0.95499980E-10
 0.10060000E+02   0.45660671E-10   0.91321343E-10
 0.10080000E+02   0.43663117E-10   0.87326233E-10
 0.10100000E+02   0.41753279E-10   0.83506558E-10
 0.10120000E+02   0.39927291E-10   0.79854583E-10
 0.10140000E+02   0.38181458E-10   0.76362915E-10
 0.10160000E+02   0.36512245E-10   0.73024489E-10
 0.10180000E+02   0.34916277E-10   0.69832554E-10
 0.10200000E+02   0.33390327E-10   0.66780655E-10
 0.10220000E+02   0.31931312E-10   0.63862624E-10
 0.10240000E+02   0.30536283E-10   0.61072566E-10
 0.10260000E+02   0.29202424E-10   0.58404847E-10
 0.10280000E+02   0.27927041E-10   0.55854082E-10
 0.10300000E+02   0.26707561E-10   0.53415122E-10
 0.10320000E+02   0.25541524E-10   0.51083049E-10
 0.10340000E+02   0.24426580E-10   0.48853159E-10
 0.10360000E+02   0.23360479E-10   0.46720959E-10
 0.10380000E+02   0.22341076E-10   0.44682152E-10
 0.10400000E+02   0.21366315E-10   0.42732631E-10
 0.10420000E+02   0.20434236E-10   0.40868472E-10
 0.10440000E+02   0.19542961E-10   0.39085922E-10
 0.10460000E+02   0.18690698E-10   0.37381396E-10
 0.10480000E+02   0.17875732E-10   0.35751465E-10
 0.10500000E+02   0.17096426E-10   0.34192852E-10
 0.10520000E+02   0.16351213E-10   0.32702426E-10
 0.10540000E+02   0.15638596E-10   0.31277191E-10
 0.10560000E+02   0.14957143E-10   0.29914287E-10
 0.10580000E+02   0.14305488E-10   0.28610976E-10
 0.10600000E+02   0.13682322E-10   0.27364644E-10
 0.10620000E+02   0.13086395E-10   0.26172790E-10
 0.10640000E+02   0.12516512E-10   0.25033024E-10
 0.10660000E+02   0.11971530E-10   0.23943061E-10
 0.10680000E+02   0.11450359E-10   0.22900718E-10
 0.10700000E+02   0.10951953E-10   0.21903906E-10
 0.10720000E+02   0.10475314E-10   0.20950629E-10
 0.10740000E+02   0.10019489E-10   0.20038979E-10
 0.10760000E+02   0.95835656E-11   0.19167131E-10
 0.10780000E+02   0.91666713E-11   0.18333343E-10
 0.10800000E+02   0.87679726E-11   0.17535945E-10
 0.10820000E+02   0.83866725E-11   0.16773345E-10
 0.10840000E+02   0.80220092E-11   0.16044018E-10
 0.10860000E+02   0.76732541E-11   0.15346508E-10
 0.10880000E+02   0.73397109E-11   0.14679422E-10
 0.10900000E+02   0.70207137E-11   0.14041427E-10
 0.10920000E+02   0.67156259E-11   0.13431252E-10
 0.10940000E+02   0.64238388E-11   0.12847678E-10
 0.10960000E+02   0.61447707E-11   0.12289541E-10
 0.10980000E+02   0.58778652E-11   0.11755730E-10
 0.11000000E+02   0.56225904E-11   0.11245181E-10
 0.11020000E+02   0.53784376E-11   0.10756875E-10
 0.11040000E+02   0.51449207E-11   0.10289841E-10
 0.11060000E+02   0.49215748E-11   0.98431496E-11
 0.11080000E+02   0.47079553E-11   0.94159106E-11
 0.11100000E+02   0.45036373E-11   0.90072745E-11
 0.11120000E+02   0.43082143E-11   0.86164286E-11
 0.11140000E+02   0.41212978E-11   0.82425956E-11
 0.11160000E+02   0.39425163E-11   0.78850326E-11
 0.11180000E+02   0.37715146E-11   0.75430291E-11
 0.11200000E+02   0.36079529E-11   0.72159058E-11
 0.11220000E+02   0.34515065E-11   0.69030130E-11
 0.11240000E+02   0.33018649E-11   0.66037298E-11
 0.11260000E+02   0.31587310E-11   0.63174620E-11
 0.11280000E+02   0.30218210E-11   0.60436420E-11
 0.11300000E+02   0.28908633E-11   0.57817266E-11
 0.11320000E+02   0.27655983E-11   0.55311965E-11
 0.11340000E+02   0.26457777E-11   0.52915553E-11
 0.11360000E+02   0.25311641E-11   0.50623281E-11
 0.11380000E+02   0.24215305E-11   0.48430610E-11
 0.11400000E+02   0.23166598E-11   0.46333197E-11
 0.11420000E+02   0.22163445E-11   0.44326890E-11
 0.11440000E+02   0.21203860E-11   0.42407721E-11
 0.11460000E+02   0.20285946E-11   0.40571891E-11
 0.11480000E+02   0.19407885E-11   0.38815771E-11
 0.11500000E+02   0.18567944E-11   0.37135888E-11
 0.11520000E+02   0.17764462E-11   0.35528923E-11
 0.11540000E+02   0.16995850E-11   0.33991700E-11
 0.11560000E+02   0.16260592E-11   0.32521184E-11
 0.11580000E+02   0.15557235E-11   0.31114469E-11
 0.11600000E+02   0.14884390E-11   0.29768780E-11
 0.11620000E+02   0.14240731E-11   0.28481461E-11
 0.11640000E+02   0.13624986E-11   0.27249973E-11
 0.11660000E+02   0.13035943E-11   0.26071885E-11
 0.11680000E+02   0.12472438E-11   0.24944876E-11
 0.11700000E+02   0.11933362E-11   0.23866724E-11
 0.11720000E+02   0.11417653E-11   0.22835305E-11
 0.11740000E+02   0.10924294E-11   0.21848587E-11
 0.11760000E+02   0.10452313E-11   0.20904626E-11
 0.11780000E+02   0.10000782E-11   0.20001565E-11
 0.11800000E+02   0.95688126E-12   0.19137625E-11
 0.11820000E+02   0.91555537E-12   0.18311107E-11
 0.11840000E+02   0.87601929E-12   0.17520386E-11
 0.11860000E+02   0.83819525E-12   0.16763905E-11
 0.11880000E+02   0.80200892E-12   0.16040178E-11
 0.11900000E+02   0.76738916E-12   0.15347783E-11
 0.11920000E+02   0.73426795E-12   0.14685359E-11
 0.11940000E+02   0.70258025E-12   0.14051605E-11
 0.11960000E+02   0.67226381E-12   0.13445276E-11
 0.11980000E+02   0.64325913E-12   0.12865183E-11
 0.12000000E+02   0.61550928E-12   0.12310186E-11
 0.12020000E+02   0.58895982E-12   0.11779196E-11
 0.12040000E+02   0.56355866E-12   0.11271173E-11
 0.12060000E+02   0.53925600E-12   0.10785120E-11
 0.12080000E+02   0.51600420E-12   0.10320084E-11
 0.12100000E+02   0.49375769E-12   0.98751537E-12
 0.12120000E+02   0.47247287E-12   0.94494573E-12
 0.12140000E+02   0.45210805E-12   0.90421610E-12
 0.12160000E+02   0.43262336E-12   0.86524672E-12
 0.12180000E+02   0.41398065E-12   0.82796130E-12
 0.12200000E+02   0.39614343E-12   0.79228687E-12
 0.12220000E+02   0.37907681E-12   0.75815361E-12
 0.12240000E+02   0.36274739E-12   0.72549477E-12
 0.12260000E+02   0.34712324E-12   0.69424648E-12
 0.12280000E+02   0.33217382E-12   0.66434763E-12
 0.12300000E+02   0.31786990E-12   0.63573981E-12
 0.12320000E+02   0.30418355E-12   0.60836709E-12
 0.12340000E+02   0.29108801E-12   0.58217602E-12
 0.12360000E+02   0.27855772E-12   0.55711544E-12
 0.12380000E+02   0.26656821E-12   0.53313641E-12
 0.12400000E+02   0.25509607E-12   0.51019214E-12
 0.12420000E+02   0.24411893E-12   0.48823785E-12
 0.12440000E+02   0.23361536E-12   0.46723071E-12
 0.12460000E+02   0.22356487E-12   0.44712974E-12
 0.12480000E+02   0.21394788E-12   0.42789575E-12
 0.12500000E+02   0.20474562E-12   0.40949124E-12
 0.12520000E+02   0.19594018E-12   0.39188035E-12
 0.12540000E+02   0.18751438E-12   0.37502876E-12
 0.12560000E+02   0.17945182E-12   0.35890365E-12
 0.12580000E+02   0.17173680E-12   0.34347361E-12
 0.12600000E+02   0.16435430E-12   0.32870860E-12
 0.12620000E+02   0.15728994E-12   0.31457988E-12
 0.12640000E+02   0.15052998E-12   0.30105997E-12
 0.12660000E+02   0.14406127E-12   0.28812255E-12
 0.12680000E+02   0.13787123E-12   0.27574247E-12
 0.12700000E+02   0.13194782E-12   0.26389564E-12
 0.12720000E+02   0.12627953E-12   0.25255905E-12
 0.12740000E+02   0.12085533E-12   0.24171066E-12
 0.12760000E+02   0.11566470E-12   0.23132939E-12
 0.12780000E+02   0.11069754E-12   0.22139508E-12
 0.12800000E+02   0.10594421E-12   0.21188842E-12
 0.12820000E+02   0.10139549E-12   0.20279097E-12
 0.12840000E+02   0.97042534E-13   0.19408507E-12
 0.12860000E+02   0.92876906E-13   0.18575381E-12
 0.12880000E+02   0.88890521E-13   0.17778104E-12
 0.12900000E+02   0.85075647E-13   0.17015129E-12
 0.12920000E+02   0.81424885E-13   0.16284977E-12
 0.12940000E+02   0.77931158E-13   0.15586232E-12
 0.12960000E+02   0.74587694E-13   0.14917539E-12
 0.12980000E+02   0.71388014E-13   0.14277603E-12
 0.13000000E+02   0.68325919E-13   0.13665184E-12
 0.13020000E+02   0.65395478E-13   0.13079096E-12
 0.13040000E+02   0.62591017E-13   0.12518203E-12
 0.13060000E+02   0.59907105E-13   0.11981421E-12
 0.13080000E+02   0.57338550E-13   0.11467710E-12
 0.13100000E+02   0.54880379E-13   0.10976076E-12
 0.13120000E+02   0.52527838E-13   0.10505568E-12
 0.13140000E+02   0.50276376E-13   0.10055275E-12
 0.13160000E+02   0.48121640E-13   0.96243279E-13
 0.13180000E+02   0.46059464E-13   0.92118927E-13
 0.13200000E+02   0.44085862E-13   0.88171724E-13
 0.13220000E+02   0.42197021E-13   0.84394041E-13
 0.13240000E+02   0.40389291E-13   0.80778582E-13
 0.13260000E+02   0.38659181E-13   0.77318363E-13
 0.13280000E+02   0.37003351E-13   0.74006701E-13
 0.13300000E+02   0.35418602E-13   0.70837205E-13
 0.13320000E+02   0.33901878E-13   0.67803756E-13
 0.13340000E+02   0.32450250E-13   0.64900500E-13
 0.13360000E+02   0.31060918E-13   0.62121836E-13
 0.13380000E+02   0.29731203E-13   0.59462406E-13
 0.13400000E+02   0.28458540E-13   0.56917079E-13
 0.13420000E+02   0.27240475E-13   0.54480950E-13
 0.13440000E+02   0.26074661E-13   0.52149322E-13
 0.13460000E+02   0.24958851E-13   0.49917702E-13
 0.13480000E+02   0.23890895E-13   0.47781791E-13
 0.13500000E+02   0.22868737E-13   0.45737474E-13
 0.13520000E+02   0.21890407E-13   0.43780813E-13
 0.13540000E+02   0.20954022E-13   0.41908043E-13
 0.13560000E+02   0.20057779E-13   0.40115558E-13
 0.13580000E+02   0.19199954E-13   0.38399907E-13
 0.13600000E+02   0.18378895E-13   0.36757790E-13
 0.13620000E+02   0.17593024E-13   0.35186049E-13
 0.13640000E+02   0.16840830E-13   0.33681659E-13
 0.13660000E+02   0.16120864E-13   0.32241729E-13
 0.13680000E+02   0.15431745E-13   0.30863489E-13
 0.13700000E+02   0.14772146E-13   0.29544292E-13
 0.13720000E+02   0.14140801E-13   0.28281601E-13
 0.13740000E+02   0.13536496E-13   0.27072992E-13
 0.13760000E+02   0.12958071E-13   0.25916142E-13
 0.13780000E+02   0.12404415E-13   0.24808830E-13
 0.13800000E+02   0.11874465E-13   0.23748930E-13
 0.13820000E+02   0.11367204E-13   0.22734407E-13
 0.13840000E+02   0.10881657E-13   0.21763315E-13
 0.13860000E+02   0.10416895E-13   0.20833789E-13
 0.13880000E+02   0.99720236E-14   0.19944047E-13
 0.13900000E+02   0.95461913E-14   0.19092383E-13
 0.13920000E+02   0.91385809E-14   0.18277162E-13
 0.13940000E+02   0.87484112E-14   0.17496822E-13
 0.13960000E+02   0.83749341E-14   0.16749868E-13
 0.13980000E+02   0.80174340E-14   0.16034868E-13
 0.14000000E+02   0.76752259E-14   0.15350452E-13
 0.14020000E+02   0.73476542E-14   0.14695308E-13
 0.14040000E+02   0.70340916E-14   0.14068183E-13
 0.14060000E+02   0.67339377E-14   0.13467875E-13
 0.14080000E+02   0.64466179E-14   0.12893236E-13
 0.14100000E+02   0.61715822E-14   0.12343164E-13
 0.14120000E+02   0.59083042E-14   0.11816608E-13
 0.14140000E+02   0.56562803E-14   0.11312561E-13
 0.14160000E+02   0.54150284E-14   0.10830057E-13
 0.14180000E+02   0.51840870E-14   0.10368174E-13
 0.14200000E+02   0.49630146E-14   0.99260293E-14
 0.14220000E+02   0.47513886E-14   0.95027772E-14
 0.14240000E+02   0.45488045E-14   0.90976089E-14
 0.14260000E+02   0.43548750E-14   0.87097500E-14
 0.14280000E+02   0.41692298E-14   0.83384596E-14
 0.14300000E+02   0.39915142E-14   0.79830283E-14
 0.14320000E+02   0.38213887E-14   0.76427774E-14
 0.14340000E+02   0.36585285E-14   0.73170571E-14
 0.14360000E+02   0.35026228E-14   0.70052456E-14
 0.14380000E+02   0.33533739E-14   0.67067478E-14
 0.14400000E+02   0.32104970E-14   0.64209940E-14
 0.14420000E+02   0.30737195E-14   0.61474390E-14
 0.14440000E+02   0.29427805E-14   0.58855610E-14
 0.14460000E+02   0.28174302E-14   0.56348604E-14
 0.14480000E+02   0.26974297E-14   0.53948594E-14
 0.14500000E+02   0.25825501E-14   0.51651002E-14
 0.14520000E+02   0.24725724E-14   0.49451449E-14
 0.14540000E+02   0.23672872E-14   0.47345743E-14
 0.14560000E+02   0.22664937E-14   0.45329873E-14
 0.14580000E+02   0.21699999E-14   0.43399998E-14
 0.14600000E+02   0.20776221E-14   0.41552441E-14
 0.14620000E+02   0.19891843E-14   0.39783685E-14
 0.14640000E+02   0.19045181E-14   0.38090362E-14
 0.14660000E+02   0.18234624E-14   0.36469249E-14
 0.14680000E+02   0.17458630E-14   0.34917259E-14
 0.14700000E+02   0.16715720E-14   0.33431441E-14
 0.14720000E+02   0.16004483E-14   0.32008966E-14
 0.14740000E+02   0.15323564E-14   0.30647129E-14
 0.14760000E+02   0.14671670E-14   0.29343340E-14
 0.14780000E+02   0.14047560E-14   0.28095120E-14
 0.14800000E+02   0.13450048E-14   0.26900096E-14
 0.14820000E+02   0.12877998E-14   0.25755997E-14
 0.14840000E+02   0.12330323E-14   0.24660647E-14
 0.14860000E+02   0.11805983E-14   0.23611966E-14
 0.14880000E+02   0.11303981E-14   0.22607961E-14
 0.14900000E+02   0.10823363E-14   0.21646727E-14
 0.14920000E+02   0.10363218E-14   0.20726436E-14
 0.14940000E+02   0.99226707E-15   0.19845341E-14
 0.14960000E+02   0.95008856E-15   0.19001771E-14
 0.14980000E+02   0.90970619E-15   0.18194124E-14
 0.15000000E+02   0.87104333E-15   0.17420867E-14
 0.15020000E+02   0.83402662E-15   0.16680532E-14
 0.15040000E+02   0.79858584E-15   0.15971717E-14
 0.15060000E+02   0.76465377E-15   0.15293075E-14
 0.15080000E+02   0.73216607E-15   0.14643321E-14
 0.15100000E+02   0.70106113E-15   0.14021223E-14
 0.15120000E+02   0.67127999E-15   0.13425600E-14
 0.15140000E+02   0.64276620E-15   0.12855324E-14
 0.15160000E+02   0.61546574E-15   0.12309315E-14
 0.15180000E+02   0.58932687E-15   0.11786537E-14
 0.15200000E+02   0.56430008E-15   0.11286002E-14
 0.15220000E+02   0.54033796E-15   0.10806759E-14
 0.15240000E+02   0.51739515E-15   0.10347903E-14
 0.15260000E+02   0.49542820E-15   0.99085639E-15
 0.15280000E+02   0.47439552E-15   0.94879104E-15
 0.15300000E+02   0.45425731E-15   0.90851462E-15
 0.15320000E+02   0.43497546E-15   0.86995092E-15
 0.15340000E+02   0.41651349E-15   0.83302698E-15
 0.15360000E+02   0.39883647E-15   0.79767293E-15
 0.15380000E+02   0.38191096E-15   0.76382192E-15
 0.15400000E+02   0.36570496E-15   0.73140992E-15
 0.15420000E+02   0.35018783E-15   0.70037565E-15
 0.15440000E+02   0.33533023E-15   0.67066045E-15
 0.15460000E+02   0.32110407E-15   0.64220815E-15
 0.15480000E+02   0.30748248E-15   0.61496497E-15
 0.15500000E+02   0.29443972E-15   0.58887944E-15
 0.15520000E+02   0.28195115E-15   0.56390229E-15
 0.15540000E+02   0.26999316E-15   0.53998633E-15
 0.15560000E+02   0.25854320E-15   0.51708639E-15
 0.15580000E+02   0.24757962E-15   0.49515924E-15
 0.15600000E+02   0.23708174E-15   0.47416348E-15
 0.15620000E+02   0.22702973E-15   0.45405947E-15
 0.15640000E+02   0.21740464E-15   0.43480927E-15
 0.15660000E+02   0.20818828E-15   0.41637657E-15
 0.15680000E+02   0.19936329E-15   0.39872657E-15
 0.15700000E+02   0.19091300E-15   0.38182600E-15
 0.15720000E+02   0.18282148E-15   0.36564296E-15
 0.15740000E+02   0.17507347E-15   0.35014695E-15
 0.15760000E+02   0.16765437E-15   0.33530874E-15
 0.15780000E+02   0.16055018E-15   0.32110037E-15
 0.15800000E+02   0.15374753E-15   0.30749505E-15
 0.15820000E+02   0.14723357E-15   0.29446714E-15
 0.15840000E+02   0.14099605E-15   0.28199211E-15
 0.15860000E+02   0.13502321E-15   0.27004643E-15
 0.15880000E+02   0.12930381E-15   0.25860762E-15
 0.15900000E+02   0.12382706E-15   0.24765412E-15
 0.15920000E+02   0.11858266E-15   0.23716532E-15
 0.15940000E+02   0.11356073E-15   0.22712146E-15
 0.15960000E+02   0.10875182E-15   0.21750364E-15
 0.15980000E+02   0.10414688E-15   0.20829376E-15
 0.16000000E+02   0.99737241E-16   0.19947448E-15
 0.16020000E+02   0.95514607E-16   0.19102921E-15
 0.16040000E+02   0.91471034E-16   0.18294207E-15
 0.16060000E+02   0.87598917E-16   0.17519783E-15
 0.16080000E+02   0.83890973E-16   0.16778195E-15
 0.16100000E+02   0.80340229E-16   0.16068046E-15
 0.16120000E+02   0.76940011E-16   0.15388002E-15
 0.16140000E+02   0.73683926E-16   0.14736785E-15
 0.16160000E+02   0.70565855E-16   0.14113171E-15
 0.16180000E+02   0.67579938E-16   0.13515988E-15
 0.16200000E+02   0.64720564E-16   0.12944113E-15
 0.16220000E+02   0.61982362E-16   0.12396472E-15
 0.16240000E+02   0.59360189E-16   0.11872038E-15
 0.16260000E+02   0.56849119E-16   0.11369824E-15
 0.16280000E+02   0.54444439E-16   0.10888888E-15
 0.16300000E+02   0.52141632E-16   0.10428326E-15
 0.16320000E+02   0.49936376E-16   0.99872751E-16
 0.16340000E+02   0.47824531E-16   0.95649063E-16
 0.16360000E+02   0.45802136E-16   0.91604272E-16
 0.16380000E+02   0.43865394E-16   0.87730788E-16
 0.16400000E+02   0.42010673E-16   0.84021345E-16
 0.16420000E+02   0.40234492E-16   0.80468985E-16
 0.16440000E+02   0.38533522E-16   0.77067044E-16
 0.16460000E+02   0.36904572E-16   0.73809144E-16
 0.16480000E+02   0.35344588E-16   0.70689175E-16
 0.16500000E+02   0.33850645E-16   0.67701290E-16
 0.16520000E+02   0.32419943E-16   0.64839886E-16
 0.16540000E+02   0.31049801E-16   0.62099603E-16
 0.16560000E+02   0.29737652E-16   0.59475304E-16
 0.16580000E+02   0.28481036E-16   0.56962072E-16
 0.16600000E+02   0.27277600E-16   0.54555201E-16
 0.16620000E+02   0.26125090E-16   0.52250181E-16
 0.16640000E+02   0.25021348E-16   0.50042695E-16
 0.16660000E+02   0.23964305E-16   0.47928611E-16
 0.16680000E+02   0.22951985E-16   0.45903970E-16
 0.16700000E+02   0.21982491E-16   0.43964982E-16
 0.16720000E+02   0.21054009E-16   0.42108017E-16
 0.16740000E+02   0.20164801E-16   0.40329602E-16
 0.16760000E+02   0.19313203E-16   0.38626407E-16
 0.16780000E+02   0.18497623E-16   0.36995247E-16
 0.16800000E+02   0.17716535E-16   0.35433070E-16
 0.16820000E+02   0.16968477E-16   0.33936954E-16
 0.16840000E+02   0.16252051E-16   0.32504102E-16
 0.16860000E+02   0.15565917E-16   0.31131834E-16
 0.16880000E+02   0.14908792E-16   0.29817585E-16
 0.16900000E+02   0.14279449E-16   0.28558897E-16
 0.16920000E+02   0.13676710E-16   0.27353420E-16
 0.16940000E+02   0.13099449E-16   0.26198899E-16
 0.16960000E+02   0.12546589E-16   0.25093177E-16
 0.16980000E+02   0.12017095E-16   0.24034189E-16
 0.17000000E+02   0.11509978E-16   0.23019957E-16
 0.17020000E+02   0.11024293E-16   0.22048586E-16
 0.17040000E+02   0.10559131E-16   0.21118262E-16
 0.17060000E+02   0.10113624E-16   0.20227248E-16
 0.17080000E+02   0.96869403E-17   0.19373881E-16
 0.17100000E+02   0.92782835E-17   0.18556567E-16
 0.17120000E+02   0.88868907E-17   0.17773781E-16
 0.17140000E+02   0.85120315E-17   0.17024063E-16
 0.17160000E+02   0.81530066E-17   0.16306013E-16
 0.17180000E+02   0.78091460E-17   0.15618292E-16
 0.17200000E+02   0.74798083E-17   0.14959617E-16
 0.17220000E+02   0.71643793E-17   0.14328759E-16
 0.17240000E+02   0.68622706E-17   0.13724541E-16
 0.17260000E+02   0.65729190E-17   0.13145838E-16
 0.17280000E+02   0.62957850E-17   0.12591570E-16
 0.17300000E+02   0.60303519E-17   0.12060704E-16
 0.17320000E+02   0.57761251E-17   0.11552250E-16
 0.17340000E+02   0.55326307E-17   0.11065261E-16
 0.17360000E+02   0.52994149E-17   0.10598830E-16
 0.17380000E+02   0.50760434E-17   0.10152087E-16
 0.17400000E+02   0.48620998E-17   0.97241997E-17
 0.17420000E+02   0.46571858E-17   0.93143717E-17
 0.17440000E+02   0.44609197E-17   0.89218395E-17
 0.17460000E+02   0.42729360E-17   0.85458721E-17
 0.17480000E+02   0.40928847E-17   0.81857695E-17
 0.17500000E+02   0.39204306E-17   0.78408613E-17
 0.17520000E+02   0.37552527E-17   0.75105054E-17
 0.17540000E+02   0.35970435E-17   0.71940871E-17
 0.17560000E+02   0.34455087E-17   0.68910174E-17
 0.17580000E+02   0.33003662E-17   0.66007324E-17
 0.17600000E+02   0.31613461E-17   0.63226921E-17
 0.17620000E+02   0.30281896E-17   0.60563793E-17
 0.17640000E+02   0.29006492E-17   0.58012985E-17
 0.17660000E+02   0.27784877E-17   0.55569754E-17
 0.17680000E+02   0.26614779E-17   0.53229557E-17
 0.17700000E+02   0.25494021E-17   0.50988043E-17
 0.17720000E+02   0.24420522E-17   0.48841044E-17
 0.17740000E+02   0.23392285E-17   0.46784570E-17
 0.17760000E+02   0.22407400E-17   0.44814799E-17
 0.17780000E+02   0.21464035E-17   0.42928070E-17
 0.17800000E+02   0.20560439E-17   0.41120878E-17
 0.17820000E+02   0.19694932E-17   0.39389864E-17
 0.17840000E+02   0.18865907E-17   0.37731814E-17
 0.17860000E+02   0.18071824E-17   0.36143647E-17
 0.17880000E+02   0.17311207E-17   0.34622415E-17
 0.17900000E+02   0.16582646E-17   0.33165292E-17
 0.17920000E+02   0.15884786E-17   0.31769573E-17
 0.17940000E+02   0.15216333E-17   0.30432667E-17
 0.17960000E+02   0.14576046E-17   0.29152092E-17
 0.17980000E+02   0.13962736E-17   0.27925471E-17
 0.18000000E+02   0.13375265E-17   0.26750529E-17
 0.18020000E+02   0.12812542E-17   0.25625085E-17
 0.18040000E+02   0.12273525E-17   0.24547051E-17
 0.18060000E+02   0.11757213E-17   0.23514427E-17
 0.18080000E+02   0.11262649E-17   0.22525298E-17
 0.18100000E+02   0.10788914E-17   0.21577829E-17
 0.18120000E+02   0.10335132E-17   0.20670263E-17
 0.18140000E+02   0.99004590E-18   0.19800918E-17
 0.18160000E+02   0.94840909E-18   0.18968182E-17
 0.18180000E+02   0.90852554E-18   0.18170511E-17
 0.18200000E+02   0.87032132E-18   0.17406426E-17
 0.18220000E+02   0.83372563E-18   0.16674513E-17
 0.18240000E+02   0.79867066E-18   0.15973413E-17
 0.18260000E+02   0.76509146E-18   0.15301829E-17
 0.18280000E+02   0.73292582E-18   0.14658516E-17
 0.18300000E+02   0.70211415E-18   0.14042283E-17
 0.18320000E+02   0.67259938E-18   0.13451988E-17
 0.18340000E+02   0.64432687E-18   0.12886537E-17
 0.18360000E+02   0.61724425E-18   0.12344885E-17
 0.18380000E+02   0.59130138E-18   0.11826028E-17
 0.18400000E+02   0.56645023E-18   0.11329005E-17
 0.18420000E+02   0.54264481E-18   0.10852896E-17
 0.18440000E+02   0.51984105E-18   0.10396821E-17
 0.18460000E+02   0.49799676E-18   0.99599352E-18
 0.18480000E+02   0.47707150E-18   0.95414301E-18
 0.18500000E+02   0.45702657E-18   0.91405315E-18
 0.18520000E+02   0.43782489E-18   0.87564978E-18
 0.18540000E+02   0.41943093E-18   0.83886186E-18
 0.18560000E+02   0.40181067E-18   0.80362135E-18
 0.18580000E+02   0.38493154E-18   0.76986307E-18
 0.18600000E+02   0.36876231E-18   0.73752462E-18
 0.18620000E+02   0.35327309E-18   0.70654619E-18
 0.18640000E+02   0.33843526E-18   0.67687051E-18
 0.18660000E+02   0.32422137E-18   0.64844274E-18
 0.18680000E+02   0.31060517E-18   0.62121033E-18
 0.18700000E+02   0.29756148E-18   0.59512295E-18
 0.18720000E+02   0.28506620E-18   0.57013240E-18
 0.18740000E+02   0.27309626E-18   0.54619251E-18
 0.18760000E+02   0.26162952E-18   0.52325905E-18
 0.18780000E+02   0.25064483E-18   0.50128965E-18
 0.18800000E+02   0.24012187E-18   0.48024375E-18
 0.18820000E+02   0.23004123E-18   0.46008246E-18
 0.18840000E+02   0.22038429E-18   0.44076857E-18
 0.18860000E+02   0.21113321E-18   0.42226642E-18
 0.18880000E+02   0.20227092E-18   0.40454184E-18
 0.18900000E+02   0.19378106E-18   0.38756211E-18
 0.18920000E+02   0.18564795E-18   0.37129590E-18
 0.18940000E+02   0.17785660E-18   0.35571319E-18
 0.18960000E+02   0.17039261E-18   0.34078523E-18
 0.18980000E+02   0.16324223E-18   0.32648446E-18
 0.19000000E+02   0.15639225E-18   0.31278450E-18
 0.19020000E+02   0.14983004E-18   0.29966009E-18
 0.19040000E+02   0.14354350E-18   0.28708701E-18
 0.19060000E+02   0.13752104E-18   0.27504207E-18
 0.19080000E+02   0.13175154E-18   0.26350308E-18
 0.19100000E+02   0.12622437E-18   0.25244873E-18
 0.19120000E+02   0.12092933E-18   0.24185867E-18
 0.19140000E+02   0.11585668E-18   0.23171335E-18
 0.19160000E+02   0.11099705E-18   0.22199409E-18
 0.19180000E+02   0.10634149E-18   0.21268297E-18
 0.19200000E+02   0.10188142E-18   0.20376284E-18
 0.19220000E+02   0.97608620E-19   0.19521724E-18
 0.19240000E+02   0.93515221E-19   0.18703044E-18
 0.19260000E+02   0.89593680E-19   0.17918736E-18
 0.19280000E+02   0.85836773E-19   0.17167355E-18
 0.19300000E+02   0.82237580E-19   0.16447516E-18
 0.19320000E+02   0.78789473E-19   0.15757895E-18
 0.19340000E+02   0.75486103E-19   0.15097221E-18
 0.19360000E+02   0.72321385E-19   0.14464277E-18
 0.19380000E+02   0.69289495E-19   0.13857899E-18
 0.19400000E+02   0.66384851E-19   0.13276970E-18
 0.19420000E+02   0.63602106E-19   0.12720421E-18
 0.19440000E+02   0.60936138E-19   0.12187228E-18
 0.19460000E+02   0.58382041E-19   0.11676408E-18
 0.19480000E+02   0.55935116E-19   0.11187023E-18
 0.19500000E+02   0.53590860E-19   0.10718172E-18
 0.19520000E+02   0.51344960E-19   0.10268992E-18
 0.19540000E+02   0.49193286E-19   0.98386572E-19
 0.19560000E+02   0.47131879E-19   0.94263757E-19
 0.19580000E+02   0.45156947E-19   0.90313895E-19
 0.19600000E+02   0.43264861E-19   0.86529721E-19
 0.19620000E+02   0.41452139E-19   0.82904278E-19
 0.19640000E+02   0.39715450E-19   0.79430900E-19
 0.19660000E+02   0.38051600E-19   0.76103201E-19
 0.19680000E+02   0.36457532E-19   0.72915064E-19
 0.19700000E+02   0.34930315E-19   0.69860630E-19
 0.19720000E+02   0.33467143E-19   0.66934285E-19
 0.19740000E+02   0.32065326E-19   0.64130652E-19
 0.19760000E+02   0.30722290E-19   0.61444579E-19
 0.19780000E+02   0.29435566E-19   0.58871131E-19
 0.19800000E+02   0.28202790E-19   0.56405581E-19
 0.19820000E+02   0.27021700E-19   0.54043399E-19
 0.19840000E+02   0.25890124E-19   0.51780247E-19
 0.19860000E+02   0.24805985E-19   0.49611970E-19
 0.19880000E+02   0.23767292E-19   0.47534584E-19
 0.19900000E+02   0.22772138E-19   0.45544276E-19
 0.19920000E+02   0.21818696E-19   0.43637393E-19
 0.19940000E+02   0.20905216E-19   0.41810432E-19
 0.19960000E+02   0.20030020E-19   0.40060041E-19
 0.19980000E+02   0.19191503E-19   0.38383007E-19
 0.20000000E+02   0.18388126E-19   0.36776252E-19
 0.20020000E+02   0.17618414E-19   0.35236829E-19
 0.20040000E+02   0.16880956E-19   0.33761912E-19
 0.20060000E+02   0.16174398E-19   0.32348795E-19
 0.20080000E+02   0.15497443E-19   0.30994886E-19
 0.20100000E+02   0.14848851E-19   0.29697703E-19
 0.20120000E+02   0.14227432E-19   0.28454864E-19
 0.20140000E+02   0.13632046E-19   0.27264092E-19
 0.20160000E+02   0.13061601E-19   0.26123202E-19
 0.20180000E+02   0.12515052E-19   0.25030104E-19
 0.20200000E+02   0.11991396E-19   0.23982792E-19
 0.20220000E+02   0.11489673E-19   0.22979346E-19
 0.20240000E+02   0.11008964E-19   0.22017928E-19
 0.20260000E+02   0.10548388E-19   0.21096776E-19
 0.20280000E+02   0.10107100E-19   0.20214201E-19
 0.20300000E+02   0.96842926E-20   0.19368585E-19
 0.20320000E+02   0.92791901E-20   0.18558380E-19
 0.20340000E+02   0.88910506E-20   0.17782101E-19
 0.20360000E+02   0.85191631E-20   0.17038326E-19
 0.20380000E+02   0.81628464E-20   0.16325693E-19
 0.20400000E+02   0.78214477E-20   0.15642895E-19
 0.20420000E+02   0.74943420E-20   0.14988684E-19
 0.20440000E+02   0.71809301E-20   0.14361860E-19
 0.20460000E+02   0.68806383E-20   0.13761277E-19
 0.20480000E+02   0.65929166E-20   0.13185833E-19
 0.20500000E+02   0.63172384E-20   0.12634477E-19
 0.20520000E+02   0.60530990E-20   0.12106198E-19
 0.20540000E+02   0.58000149E-20   0.11600030E-19
 0.20560000E+02   0.55575230E-20   0.11115046E-19
 0.20580000E+02   0.53251795E-20   0.10650359E-19
 0.20600000E+02   0.51025592E-20   0.10205118E-19
 0.20620000E+02   0.48892548E-20   0.97785096E-20
 0.20640000E+02   0.46848761E-20   0.93697521E-20
 0.20660000E+02   0.44890491E-20   0.89780983E-20
 0.20680000E+02   0.43014158E-20   0.86028316E-20
 0.20700000E+02   0.41216329E-20   0.82432657E-20
 0.20720000E+02   0.39493715E-20   0.78987431E-20
 0.20740000E+02   0.37843169E-20   0.75686337E-20
 0.20760000E+02   0.36261670E-20   0.72523340E-20
 0.20780000E+02   0.34746328E-20   0.69492655E-20
 0.20800000E+02   0.33294372E-20   0.66588744E-20
 0.20820000E+02   0.31903149E-20   0.63806298E-20
 0.20840000E+02   0.30570115E-20   0.61140230E-20
 0.20860000E+02   0.29292834E-20   0.58585668E-20
 0.20880000E+02   0.28068972E-20   0.56137945E-20
 0.20900000E+02   0.26896293E-20   0.53792586E-20
 0.20920000E+02   0.25772654E-20   0.51545308E-20
 0.20940000E+02   0.24696002E-20   0.49392004E-20
 0.20960000E+02   0.23664370E-20   0.47328740E-20
 0.20980000E+02   0.22675874E-20   0.45351748E-20
 0.21000000E+02   0.21728709E-20   0.43457417E-20
 0.21020000E+02   0.20821144E-20   0.41642288E-20
 0.21040000E+02   0.19951522E-20   0.39903044E-20
 0.21060000E+02   0.19118256E-20   0.38236512E-20
 0.21080000E+02   0.18319824E-20   0.36639648E-20
 0.21100000E+02   0.17554768E-20   0.35109536E-20
 0.21120000E+02   0.16821692E-20   0.33643384E-20
 0.21140000E+02   0.16119258E-20   0.32238516E-20
 0.21160000E+02   0.15446183E-20   0.30892367E-20
 0.21180000E+02   0.14801240E-20   0.29602480E-20
 0.21200000E+02   0.14183251E-20   0.28366502E-20
 0.21220000E+02   0.13591089E-20   0.27182178E-20
 0.21240000E+02   0.13023673E-20   0.26047346E-20
 0.21260000E+02   0.12479969E-20   0.24959937E-20
 0.21280000E+02   0.11958984E-20   0.23917967E-20
 0.21300000E+02   0.11459768E-20   0.22919535E-20
 0.21320000E+02   0.10981410E-20   0.21962821E-20
 0.21340000E+02   0.10523039E-20   0.21046078E-20
 0.21360000E+02   0.10083819E-20   0.20167637E-20
 0.21380000E+02   0.96629475E-21   0.19325895E-20
 0.21400000E+02   0.92596586E-21   0.18519317E-20
 0.21420000E+02   0.88732167E-21   0.17746433E-20
 0.21440000E+02   0.85029174E-21   0.17005835E-20
 0.21460000E+02   0.81480857E-21   0.16296171E-20
 0.21480000E+02   0.78080749E-21   0.15616150E-20
 0.21500000E+02   0.74822653E-21   0.14964531E-20
 0.21520000E+02   0.71700633E-21   0.14340127E-20
 0.21540000E+02   0.68709000E-21   0.13741800E-20
 0.21560000E+02   0.65842303E-21   0.13168461E-20
 0.21580000E+02   0.63095320E-21   0.12619064E-20
 0.21600000E+02   0.60463047E-21   0.12092609E-20
 0.21620000E+02   0.57940688E-21   0.11588138E-20
 0.21640000E+02   0.55523651E-21   0.11104730E-20
 0.21660000E+02   0.53207533E-21   0.10641507E-20
 0.21680000E+02   0.50988117E-21   0.10197623E-20
 0.21700000E+02   0.48861362E-21   0.97722723E-21
 0.21720000E+02   0.46823394E-21   0.93646788E-21
 0.21740000E+02   0.44870505E-21   0.89741009E-21
 0.21760000E+02   0.42999138E-21   0.85998277E-21
 0.21780000E+02   0.41205889E-21   0.82411777E-21
 0.21800000E+02   0.39487492E-21   0.78974984E-21
 0.21820000E+02   0.37840821E-21   0.75681641E-21
 0.21840000E+02   0.36262878E-21   0.72525756E-21
 0.21860000E+02   0.34750793E-21   0.69501587E-21
 0.21880000E+02   0.33301815E-21   0.66603630E-21
 0.21900000E+02   0.31913307E-21   0.63826614E-21
 0.21920000E+02   0.30582743E-21   0.61165487E-21
 0.21940000E+02   0.29307704E-21   0.58615408E-21
 0.21960000E+02   0.28085869E-21   0.56171739E-21
 0.21980000E+02   0.26915018E-21   0.53830035E-21
 0.22000000E+02   0.25793019E-21   0.51586039E-21
 0.22020000E+02   0.24717834E-21   0.49435669E-21
 0.22040000E+02   0.23687508E-21   0.47375015E-21
 0.22060000E+02   0.22700166E-21   0.45400332E-21
 0.22080000E+02   0.21754014E-21   0.43508029E-21
 0.22100000E+02   0.20847333E-21   0.41694666E-21
 0.22120000E+02   0.19978474E-21   0.39956947E-21
 0.22140000E+02   0.19145857E-21   0.38291715E-21
 0.22160000E+02   0.18347971E-21   0.36695941E-21
 0.22180000E+02   0.17583364E-21   0.35166728E-21
 0.22200000E+02   0.16850648E-21   0.33701296E-21
 0.22220000E+02   0.16148491E-21   0.32296982E-21
 0.22240000E+02   0.15475618E-21   0.30951235E-21
 0.22260000E+02   0.14830805E-21   0.29661611E-21
 0.22280000E+02   0.14212883E-21   0.28425766E-21
 0.22300000E+02   0.13620728E-21   0.27241457E-21
 0.22320000E+02   0.13053266E-21   0.26106531E-21
 0.22340000E+02   0.12509465E-21   0.25018929E-21
 0.22360000E+02   0.11988337E-21   0.23976675E-21
 0.22380000E+02   0.11488938E-21   0.22977876E-21
 0.22400000E+02   0.11010360E-21   0.22020720E-21
 0.22420000E+02   0.10551734E-21   0.21103468E-21
 0.22440000E+02   0.10112228E-21   0.20224456E-21
 0.22460000E+02   0.96910438E-22   0.19382088E-21
 0.22480000E+02   0.92874171E-22   0.18574834E-21
 0.22500000E+02   0.89006152E-22   0.17801230E-21
 0.22520000E+02   0.85299364E-22   0.17059873E-21
 0.22540000E+02   0.81747079E-22   0.16349416E-21
 0.22560000E+02   0.78342852E-22   0.15668570E-21
 0.22580000E+02   0.75080506E-22   0.15016101E-21
 0.22600000E+02   0.71954124E-22   0.14390825E-21
 0.22620000E+02   0.68958033E-22   0.13791607E-21
 0.22640000E+02   0.66086800E-22   0.13217360E-21
 0.22660000E+02   0.63335216E-22   0.12667043E-21
 0.22680000E+02   0.60698292E-22   0.12139658E-21
 0.22700000E+02   0.58171245E-22   0.11634249E-21
 0.22720000E+02   0.55749492E-22   0.11149898E-21
 0.22740000E+02   0.53428644E-22   0.10685729E-21
 0.22760000E+02   0.51204492E-22   0.10240898E-21
 0.22780000E+02   0.49073003E-22   0.98146006E-22
 0.22800000E+02   0.47030314E-22   0.94060629E-22
 0.22820000E+02   0.45072723E-22   0.90145446E-22
 0.22840000E+02   0.43196681E-22   0.86393362E-22
 0.22860000E+02   0.41398788E-22   0.82797576E-22
 0.22880000E+02   0.39675786E-22   0.79351572E-22
 0.22900000E+02   0.38024553E-22   0.76049105E-22
 0.22920000E+02   0.36442096E-22   0.72884193E-22
 0.22940000E+02   0.34925550E-22   0.69851100E-22
 0.22960000E+02   0.33472166E-22   0.66944332E-22
 0.22980000E+02   0.32079311E-22   0.64158622E-22
 0.23000000E+02   0.30744463E-22   0.61488926E-22
 0.23020000E+02   0.29465203E-22   0.58930407E-22
 0.23040000E+02   0.28239216E-22   0.56478432E-22
 0.23060000E+02   0.27064280E-22   0.54128560E-22
 0.23080000E+02   0.25938268E-22   0.51876536E-22
 0.23100000E+02   0.24859142E-22   0.49718283E-22
 0.23120000E+02   0.23824946E-22   0.47649892E-22
 0.23140000E+02   0.22833810E-22   0.45667620E-22
 0.23160000E+02   0.21883938E-22   0.43767876E-22
 0.23180000E+02   0.20973612E-22   0.41947224E-22
 0.23200000E+02   0.20101183E-22   0.40202366E-22
 0.23220000E+02   0.19265073E-22   0.38530146E-22
 0.23240000E+02   0.18463768E-22   0.36927537E-22
 0.23260000E+02   0.17695819E-22   0.35391638E-22
 0.23280000E+02   0.16959836E-22   0.33919671E-22
 0.23300000E+02   0.16254486E-22   0.32508973E-22
 0.23320000E+02   0.15578495E-22   0.31156990E-22
 0.23340000E+02   0.14930639E-22   0.29861278E-22
 0.23360000E+02   0.14309746E-22   0.28619492E-22
 0.23380000E+02   0.13714693E-22   0.27429386E-22
 0.23400000E+02   0.13144404E-22   0.26288807E-22
 0.23420000E+02   0.12597847E-22   0.25195693E-22
 0.23440000E+02   0.12074034E-22   0.24148067E-22
 0.23460000E+02   0.11572018E-22   0.23144035E-22
 0.23480000E+02   0.11090890E-22   0.22181781E-22
 0.23500000E+02   0.10629782E-22   0.21259565E-22
 0.23520000E+02   0.10187860E-22   0.20375720E-22
 0.23540000E+02   0.97643241E-23   0.19528648E-22
 0.23560000E+02   0.93584092E-23   0.18716818E-22
 0.23580000E+02   0.89693816E-23   0.17938763E-22
 0.23600000E+02   0.85965382E-23   0.17193076E-22
 0.23620000E+02   0.82392052E-23   0.16478410E-22
 0.23640000E+02   0.78967368E-23   0.15793474E-22
 0.23660000E+02   0.75685141E-23   0.15137028E-22
 0.23680000E+02   0.72539442E-23   0.14507888E-22
 0.23700000E+02   0.69524587E-23   0.13904917E-22
 0.23720000E+02   0.66635129E-23   0.13327026E-22
 0.23740000E+02   0.63865848E-23   0.12773170E-22
 0.23760000E+02   0.61211742E-23   0.12242348E-22
 0.23780000E+02   0.58668017E-23   0.11733603E-22
 0.23800000E+02   0.56230080E-23   0.11246016E-22
 0.23820000E+02   0.53893526E-23   0.10778705E-22
 0.23840000E+02   0.51654137E-23   0.10330827E-22
 0.23860000E+02   0.49507869E-23   0.99015739E-23
 0.23880000E+02   0.47450847E-23   0.94901694E-23
 0.23900000E+02   0.45479357E-23   0.90958714E-23
 0.23920000E+02   0.43589839E-23   0.87179678E-23
 0.23940000E+02   0.41778883E-23   0.83557766E-23
 0.23960000E+02   0.40043220E-23   0.80086440E-23
 0.23980000E+02   0.38379717E-23   0.76759433E-23
 0.24000000E+02   0.36785371E-23   0.73570741E-23
 0.24020000E+02   0.35257305E-23   0.70514610E-23
 0.24040000E+02   0.33792762E-23   0.67585525E-23
 0.24060000E+02   0.32389100E-23   0.64778199E-23
 0.24080000E+02   0.31043784E-23   0.62087569E-23
 0.24100000E+02   0.29754389E-23   0.59508778E-23
 0.24120000E+02   0.28518588E-23   0.57037176E-23
 0.24140000E+02   0.27334151E-23   0.54668303E-23
 0.24160000E+02   0.26198943E-23   0.52397886E-23
 0.24180000E+02   0.25110915E-23   0.50221830E-23
 0.24200000E+02   0.24068105E-23   0.48136210E-23
 0.24220000E+02   0.23068633E-23   0.46137265E-23
 0.24240000E+02   0.22110695E-23   0.44221391E-23
 0.24260000E+02   0.21192566E-23   0.42385131E-23
 0.24280000E+02   0.20312588E-23   0.40625177E-23
 0.24300000E+02   0.19469177E-23   0.38938353E-23
 0.24320000E+02   0.18660810E-23   0.37321620E-23
 0.24340000E+02   0.17886031E-23   0.35772063E-23
 0.24360000E+02   0.17143444E-23   0.34286887E-23
 0.24380000E+02   0.16431709E-23   0.32863418E-23
 0.24400000E+02   0.15749544E-23   0.31499088E-23
 0.24420000E+02   0.15095720E-23   0.30191439E-23
 0.24440000E+02   0.14469057E-23   0.28938114E-23
 0.24460000E+02   0.13868428E-23   0.27736856E-23
 0.24480000E+02   0.13292749E-23   0.26585498E-23
 0.24500000E+02   0.12740984E-23   0.25481968E-23
 0.24520000E+02   0.12212138E-23   0.24424276E-23
 0.24540000E+02   0.11705259E-23   0.23410518E-23
 0.24560000E+02   0.11219433E-23   0.22438866E-23
 0.24580000E+02   0.10753786E-23   0.21507572E-23
 0.24600000E+02   0.10307478E-23   0.20614957E-23
 0.24620000E+02   0.98797066E-24   0.19759413E-23
 0.24640000E+02   0.94697004E-24   0.18939401E-23
 0.24660000E+02   0.90767213E-24   0.18153443E-23
 0.24680000E+02   0.87000618E-24   0.17400124E-23
 0.24700000E+02   0.83390435E-24   0.16678087E-23
 0.24720000E+02   0.79930166E-24   0.15986033E-23
 0.24740000E+02   0.76613580E-24   0.15322716E-23
 0.24760000E+02   0.73434707E-24   0.14686941E-23
 0.24780000E+02   0.70387825E-24   0.14077565E-23
 0.24800000E+02   0.67467449E-24   0.13493490E-23
 0.24820000E+02   0.64668323E-24   0.12933665E-23
 0.24840000E+02   0.61985409E-24   0.12397082E-23
 0.24860000E+02   0.59413879E-24   0.11882776E-23
 0.24880000E+02   0.56949105E-24   0.11389821E-23
 0.24900000E+02   0.54586652E-24   0.10917330E-23
 0.24920000E+02   0.52322270E-24   0.10464454E-23
 0.24940000E+02   0.50151885E-24   0.10030377E-23
 0.24960000E+02   0.48071591E-24   0.96143182E-24
 0.24980000E+02   0.46077647E-24   0.92155293E-24
 0.25000000E+02   0.44166465E-24   0.88332930E-24
 0.25020000E+02   0.42334609E-24   0.84669217E-24
 0.25040000E+02   0.40578782E-24   0.81157565E-24
 0.25060000E+02   0.38895829E-24   0.77791657E-24
 0.25080000E+02   0.37282721E-24   0.74565441E-24
 0.25100000E+02   0.35736558E-24   0.71473116E-24
 0.25120000E+02   0.34254560E-24   0.68509120E-24
 0.25140000E+02   0.32834062E-24   0.65668125E-24
 0.25160000E+02   0.31472511E-24   0.62945022E-24
 0.25180000E+02   0.30167458E-24   0.60334916E-24
 0.25200000E+02   0.28916557E-24   0.57833114E-24
 0.25220000E+02   0.27717560E-24   0.55435121E-24
 0.25240000E+02   0.26568312E-24   0.53136625E-24
 0.25260000E+02   0.25466747E-24   0.50933494E-24
 0.25280000E+02   0.24410885E-24   0.48821771E-24
 0.25300000E+02   0.23398829E-24   0.46797658E-24
 0.25320000E+02   0.22428760E-24   0.44857520E-24
 0.25340000E+02   0.21498935E-24   0.42997870E-24
 0.25360000E+02   0.20607683E-24   0.41215367E-24
 0.25380000E+02   0.19753404E-24   0.39506807E-24
 0.25400000E+02   0.18934561E-24   0.37869122E-24
 0.25420000E+02   0.18149685E-24   0.36299369E-24
 0.25440000E+02   0.17397364E-24   0.34794729E-24
 0.25460000E+02   0.16676249E-24   0.33352499E-24
 0.25480000E+02   0.15985044E-24   0.31970088E-24
 0.25500000E+02   0.15322507E-24   0.30645013E-24
 0.25520000E+02   0.14687448E-24   0.29374896E-24
 0.25540000E+02   0.14078727E-24   0.28157454E-24
 0.25560000E+02   0.13495251E-24   0.26990503E-24
 0.25580000E+02   0.12935973E-24   0.25871946E-24
 0.25600000E+02   0.12399888E-24   0.24799775E-24
 0.25620000E+02   0.11886033E-24   0.23772066E-24
 0.25640000E+02   0.11393486E-24   0.22786973E-24
 0.25660000E+02   0.10921364E-24   0.21842728E-24
 0.25680000E+02   0.10468818E-24   0.20937636E-24
 0.25700000E+02   0.10035036E-24   0.20070072E-24
 0.25720000E+02   0.96192399E-25   0.19238480E-24
 0.25740000E+02   0.92206832E-25   0.18441366E-24
 0.25760000E+02   0.88386507E-25   0.17677301E-24
 0.25780000E+02   0.84724568E-25   0.16944914E-24
 0.25800000E+02   0.81214444E-25   0.16242889E-24
 0.25820000E+02   0.77849838E-25   0.15569968E-24
 0.25840000E+02   0.74624713E-25   0.14924943E-24
 0.25860000E+02   0.71533282E-25   0.14306656E-24
 0.25880000E+02   0.68570000E-25   0.13714000E-24
 0.25900000E+02   0.65729551E-25   0.13145910E-24
 0.25920000E+02   0.63006840E-25   0.12601368E-24
 0.25940000E+02   0.60396984E-25   0.12079397E-24
 0.25960000E+02   0.57895301E-25   0.11579060E-24
 0.25980000E+02   0.55497306E-25   0.11099461E-24
 0.26000000E+02   0.53198698E-25   0.10639740E-24
 0.26020000E+02   0.50995354E-25   0.10199071E-24
 0.26040000E+02   0.48883325E-25   0.97766650E-25
 0.26060000E+02   0.46858823E-25   0.93717646E-25
 0.26080000E+02   0.44918219E-25   0.89836438E-25
 0.26100000E+02   0.43058033E-25   0.86116066E-25
 0.26120000E+02   0.41274931E-25   0.82549862E-25
 0.26140000E+02   0.39565717E-25   0.79131433E-25
 0.26160000E+02   0.37927326E-25   0.75854652E-25
 0.26180000E+02   0.36356822E-25   0.72713645E-25
 0.26200000E+02   0.34851391E-25   0.69702783E-25
 0.26220000E+02   0.33408335E-25   0.66816670E-25
 0.26240000E+02   0.32025067E-25   0.64050134E-25
 0.26260000E+02   0.30699108E-25   0.61398217E-25
 0.26280000E+02   0.29428084E-25   0.58856168E-25
 0.26300000E+02   0.28209716E-25   0.56419432E-25
 0.26320000E+02   0.27041821E-25   0.54083643E-25
 0.26340000E+02   0.25922308E-25   0.51844616E-25
 0.26360000E+02   0.24849171E-25   0.49698341E-25
 0.26380000E+02   0.23820487E-25   0.47640973E-25
 0.26400000E+02   0.22834413E-25   0.45668827E-25
 0.26420000E+02   0.21889185E-25   0.43778369E-25
 0.26440000E+02   0.20983108E-25   0.41966216E-25
 0.26460000E+02   0.20114560E-25   0.40229120E-25
 0.26480000E+02   0.19281986E-25   0.38563971E-25
 0.26500000E+02   0.18483894E-25   0.36967788E-25
 0.26520000E+02   0.17718856E-25   0.35437712E-25
 0.26540000E+02   0.16985502E-25   0.33971004E-25
 0.26560000E+02   0.16282518E-25   0.32565037E-25
 0.26580000E+02   0.15608647E-25   0.31217295E-25
 0.26600000E+02   0.14962682E-25   0.29925364E-25
 0.26620000E+02   0.14343466E-25   0.28686933E-25
 0.26640000E+02   0.13749892E-25   0.27499784E-25
 0.26660000E+02   0.13180896E-25   0.26361792E-25
 0.26680000E+02   0.12635460E-25   0.25270921E-25
 0.26700000E+02   0.12112609E-25   0.24225218E-25
 0.26720000E+02   0.11611406E-25   0.23222812E-25
 0.26740000E+02   0.11130955E-25   0.22261910E-25
 0.26760000E+02   0.10670395E-25   0.21340791E-25
 0.26780000E+02   0.10228904E-25   0.20457807E-25
 0.26800000E+02   0.98056896E-26   0.19611379E-25
 0.26820000E+02   0.93999963E-26   0.18799993E-25
 0.26840000E+02   0.90110979E-26   0.18022196E-25
 0.26860000E+02   0.86382986E-26   0.17276597E-25
 0.26880000E+02   0.82809317E-26   0.16561863E-25
 0.26900000E+02   0.79383578E-26   0.15876716E-25
 0.26920000E+02   0.76099643E-26   0.15219929E-25
 0.26940000E+02   0.72951638E-26   0.14590328E-25
 0.26960000E+02   0.69933934E-26   0.13986787E-25
 0.26980000E+02   0.67041133E-26   0.13408227E-25
 0.27000000E+02   0.64268062E-26   0.12853612E-25
 0.27020000E+02   0.61609764E-26   0.12321953E-25
 0.27040000E+02   0.59061485E-26   0.11812297E-25
 0.27060000E+02   0.56618669E-26   0.11323734E-25
 0.27080000E+02   0.54276948E-26   0.10855390E-25
 0.27100000E+02   0.52032136E-26   0.10406427E-25
 0.27120000E+02   0.49880221E-26   0.99760442E-26
 0.27140000E+02   0.47817355E-26   0.95634711E-26
 0.27160000E+02   0.45839852E-26   0.91679705E-26
 0.27180000E+02   0.43944177E-26   0.87888354E-26
 0.27200000E+02   0.42126942E-26   0.84253884E-26
 0.27220000E+02   0.40384899E-26   0.80769798E-26
 0.27240000E+02   0.38714935E-26   0.77429871E-26
 0.27260000E+02   0.37114067E-26   0.74228133E-26
 0.27280000E+02   0.35579432E-26   0.71158865E-26
 0.27300000E+02   0.34108290E-26   0.68216581E-26
 0.27320000E+02   0.32698013E-26   0.65396025E-26
 0.27340000E+02   0.31346079E-26   0.62692159E-26
 0.27360000E+02   0.30050075E-26   0.60100150E-26
 0.27380000E+02   0.28807685E-26   0.57615370E-26
 0.27400000E+02   0.27616690E-26   0.55233380E-26
 0.27420000E+02   0.26474962E-26   0.52949925E-26
 0.27440000E+02   0.25380463E-26   0.50760926E-26
 0.27460000E+02   0.24331237E-26   0.48662474E-26
 0.27480000E+02   0.23325411E-26   0.46650821E-26
 0.27500000E+02   0.22361188E-26   0.44722375E-26
 0.27520000E+02   0.21436846E-26   0.42873693E-26
 0.27540000E+02   0.20550736E-26   0.41101472E-26
 0.27560000E+02   0.19701275E-26   0.39402550E-26
 0.27580000E+02   0.18886946E-26   0.37773892E-26
 0.27600000E+02   0.18106295E-26   0.36212590E-26
 0.27620000E+02   0.17357929E-26   0.34715858E-26
 0.27640000E+02   0.16640512E-26   0.33281024E-26
 0.27660000E+02   0.15952763E-26   0.31905526E-26
 0.27680000E+02   0.15293454E-26   0.30586909E-26
 0.27700000E+02   0.14661409E-26   0.29322819E-26
 0.27720000E+02   0.14055500E-26   0.28111001E-26
 0.27740000E+02   0.13474646E-26   0.26949291E-26
 0.27760000E+02   0.12917808E-26   0.25835617E-26
 0.27780000E+02   0.12383995E-26   0.24767991E-26
 0.27800000E+02   0.11872254E-26   0.23744508E-26
 0.27820000E+02   0.11381671E-26   0.22763341E-26
 0.27840000E+02   0.10911371E-26   0.21822741E-26
 0.27860000E+02   0.10460514E-26   0.20921029E-26
 0.27880000E+02   0.10028298E-26   0.20056596E-26
 0.27900000E+02   0.96139501E-27   0.19227900E-26
 0.27920000E+02   0.92167316E-27   0.18433463E-26
 0.27940000E+02   0.88359341E-27   0.17671868E-26
 0.27960000E+02   0.84708782E-27   0.16941756E-26
 0.27980000E+02   0.81209129E-27   0.16241826E-26
 0.28000000E+02   0.77854140E-27   0.15570828E-26
 0.28020000E+02   0.74637831E-27   0.14927566E-26
 0.28040000E+02   0.71554468E-27   0.14310894E-26
 0.28060000E+02   0.68598551E-27   0.13719710E-26
 0.28080000E+02   0.65764810E-27   0.13152962E-26
 0.28100000E+02   0.63048192E-27   0.12609638E-26
 0.28120000E+02   0.60443854E-27   0.12088771E-26
 0.28140000E+02   0.57947152E-27   0.11589430E-26
 0.28160000E+02   0.55553635E-27   0.11110727E-26
 0.28180000E+02   0.53259036E-27   0.10651807E-26
 0.28200000E+02   0.51059266E-27   0.10211853E-26
 0.28220000E+02   0.48950402E-27   0.97900804E-27
 0.28240000E+02   0.46928686E-27   0.93857373E-27
 0.28260000E+02   0.44990515E-27   0.89981031E-27
 0.28280000E+02   0.43132435E-27   0.86264869E-27
 0.28300000E+02   0.41351133E-27   0.82702266E-27
 0.28320000E+02   0.39643436E-27   0.79286872E-27
 0.28340000E+02   0.38006300E-27   0.76012600E-27
 0.28360000E+02   0.36436809E-27   0.72873618E-27
 0.28380000E+02   0.34932165E-27   0.69864330E-27
 0.28400000E+02   0.33489689E-27   0.66979377E-27
 0.28420000E+02   0.32106809E-27   0.64213618E-27
 0.28440000E+02   0.30781062E-27   0.61562125E-27
 0.28460000E+02   0.29510088E-27   0.59020175E-27
 0.28480000E+02   0.28291620E-27   0.56583241E-27
 0.28500000E+02   0.27123490E-27   0.54246980E-27
 0.28520000E+02   0.26003616E-27   0.52007233E-27
 0.28540000E+02   0.24930004E-27   0.49860009E-27
 0.28560000E+02   0.23900742E-27   0.47801485E-27
 0.28580000E+02   0.22913997E-27   0.45827993E-27
 0.28600000E+02   0.21968011E-27   0.43936021E-27
 0.28620000E+02   0.21061099E-27   0.42122199E-27
 0.28640000E+02   0.20191648E-27   0.40383296E-27
 0.28660000E+02   0.19358109E-27   0.38716218E-27
 0.28680000E+02   0.18558997E-27   0.37117994E-27
 0.28700000E+02   0.17792891E-27   0.35585781E-27
 0.28720000E+02   0.17058425E-27   0.34116850E-27
 0.28740000E+02   0.16354293E-27   0.32708586E-27
 0.28760000E+02   0.15679241E-27   0.31358482E-27
 0.28780000E+02   0.15032068E-27   0.30064135E-27
 0.28800000E+02   0.14411621E-27   0.28823242E-27
 0.28820000E+02   0.13816796E-27   0.27633592E-27
 0.28840000E+02   0.13246535E-27   0.26493070E-27
 0.28860000E+02   0.12699823E-27   0.25399645E-27
 0.28880000E+02   0.12175686E-27   0.24351371E-27
 0.28900000E+02   0.11673192E-27   0.23346384E-27
 0.28920000E+02   0.11191447E-27   0.22382893E-27
 0.28940000E+02   0.10729593E-27   0.21459186E-27
 0.28960000E+02   0.10286809E-27   0.20573619E-27
 0.28980000E+02   0.98623077E-28   0.19724615E-27
 0.29000000E+02   0.94553327E-28   0.18910665E-27
 0.29020000E+02   0.90651605E-28   0.18130321E-27
 0.29040000E+02   0.86910968E-28   0.17382194E-27
 0.29060000E+02   0.83324764E-28   0.16664953E-27
 0.29080000E+02   0.79886613E-28   0.15977323E-27
 0.29100000E+02   0.76590400E-28   0.15318080E-27
 0.29120000E+02   0.73430262E-28   0.14686052E-27
 0.29140000E+02   0.70400578E-28   0.14080116E-27
 0.29160000E+02   0.67495960E-28   0.13499192E-27
 0.29180000E+02   0.64711243E-28   0.12942249E-27
 0.29200000E+02   0.62041475E-28   0.12408295E-27
 0.29220000E+02   0.59481909E-28   0.11896382E-27
 0.29240000E+02   0.57027993E-28   0.11405599E-27
 0.29260000E+02   0.54675363E-28   0.10935073E-27
 0.29280000E+02   0.52419838E-28   0.10483968E-27
 0.29300000E+02   0.50257408E-28   0.10051482E-27
 0.29320000E+02   0.48184227E-28   0.96368453E-28
 0.29340000E+02   0.46196610E-28   0.92393220E-28
 0.29360000E+02   0.44291024E-28   0.88582048E-28
 0.29380000E+02   0.42464082E-28   0.84928165E-28
 0.29400000E+02   0.40712537E-28   0.81425074E-28
 0.29420000E+02   0.39033275E-28   0.78066550E-28
 0.29440000E+02   0.37423312E-28   0.74846623E-28
 0.29460000E+02   0.35879786E-28   0.71759572E-28
 0.29480000E+02   0.34399955E-28   0.68799910E-28
 0.29500000E+02   0.32981188E-28   0.65962377E-28
 0.29520000E+02   0.31620965E-28   0.63241931E-28
 0.29540000E+02   0.30316869E-28   0.60633738E-28
 0.29560000E+02   0.29066583E-28   0.58133165E-28
 0.29580000E+02   0.27867884E-28   0.55735768E-28
 0.29600000E+02   0.26718644E-28   0.53437288E-28
 0.29620000E+02   0.25616821E-28   0.51233641E-28
 0.29640000E+02   0.24560457E-28   0.49120913E-28
 0.29660000E+02   0.23547676E-28   0.47095351E-28
 0.29680000E+02   0.22576678E-28   0.45153357E-28
 0.29700000E+02   0.21645740E-28   0.43291480E-28
 0.29720000E+02   0.20753208E-28   0.41506415E-28
 0.29740000E+02   0.19897495E-28   0.39794991E-28
 0.29760000E+02   0.19077084E-28   0.38154168E-28
 0.29780000E+02   0.18290516E-28   0.36581032E-28
 0.29800000E+02   0.17536395E-28   0.35072790E-28
 0.29820000E+02   0.16813381E-28   0.33626763E-28
 0.29840000E+02   0.16120192E-28   0.32240384E-28
 0.29860000E+02   0.15455595E-28   0.30911191E-28
 0.29880000E+02   0.14818412E-28   0.29636824E-28
 0.29900000E+02   0.14207510E-28   0.28415020E-28
 0.29920000E+02   0.13621805E-28   0.27243611E-28
 0.29940000E+02   0.13060258E-28   0.26120516E-28
 0.29960000E+02   0.12521871E-28   0.25043742E-28
 0.29980000E+02   0.12005689E-28   0.24011378E-28
 0.30000000E+02   0.11510796E-28   0.23021591E-28
 0.30020000E+02   0.11036312E-28   0.22072624E-28
 0.30040000E+02   0.10581397E-28   0.21162793E-28
 0.30060000E+02   0.10145242E-28   0.20290483E-28
 0.30080000E+02   0.97270733E-29   0.19454147E-28
 0.30100000E+02   0.93261493E-29   0.18652299E-28
 0.30120000E+02   0.89417582E-29   0.17883516E-28
 0.30140000E+02   0.85732178E-29   0.17146436E-28
 0.30160000E+02   0.82198744E-29   0.16439749E-28
 0.30180000E+02   0.78811009E-29   0.15762202E-28
 0.30200000E+02   0.75562962E-29   0.15112592E-28
 0.30220000E+02   0.72448840E-29   0.14489768E-28
 0.30240000E+02   0.69463120E-29   0.13892624E-28
 0.30260000E+02   0.66600504E-29   0.13320101E-28
 0.30280000E+02   0.63855913E-29   0.12771183E-28
 0.30300000E+02   0.61224480E-29   0.12244896E-28
 0.30320000E+02   0.58701536E-29   0.11740307E-28
 0.30340000E+02   0.56282608E-29   0.11256522E-28
 0.30360000E+02   0.53963403E-29   0.10792681E-28
 0.30380000E+02   0.51739810E-29   0.10347962E-28
 0.30400000E+02   0.49607883E-29   0.99215767E-29
 0.30420000E+02   0.47563844E-29   0.95127688E-29
 0.30440000E+02   0.45604067E-29   0.91208133E-29
 0.30460000E+02   0.43725076E-29   0.87450151E-29
 0.30480000E+02   0.41923540E-29   0.83847079E-29
 0.30500000E+02   0.40196264E-29   0.80392528E-29
 0.30520000E+02   0.38540186E-29   0.77080373E-29
 0.30540000E+02   0.36952371E-29   0.73904741E-29
 0.30560000E+02   0.35430002E-29   0.70860003E-29
 0.30580000E+02   0.33970380E-29   0.67940761E-29
 0.30600000E+02   0.32570920E-29   0.65141839E-29
 0.30620000E+02   0.31229138E-29   0.62458277E-29
 0.30640000E+02   0.29942658E-29   0.59885316E-29
 0.30660000E+02   0.28709199E-29   0.57418398E-29
 0.30680000E+02   0.27526574E-29   0.55053148E-29
 0.30700000E+02   0.26392688E-29   0.52785376E-29
 0.30720000E+02   0.25305531E-29   0.50611062E-29
 0.30740000E+02   0.24263176E-29   0.48526352E-29
 0.30760000E+02   0.23263776E-29   0.46527553E-29
 0.30780000E+02   0.22305561E-29   0.44611122E-29
 0.30800000E+02   0.21386831E-29   0.42773663E-29
 0.30820000E+02   0.20505960E-29   0.41011921E-29
 0.30840000E+02   0.19661387E-29   0.39322773E-29
 0.30860000E+02   0.18851614E-29   0.37703228E-29
 0.30880000E+02   0.18075208E-29   0.36150416E-29
 0.30900000E+02   0.17330793E-29   0.34661585E-29
 0.30920000E+02   0.16617050E-29   0.33234099E-29
 0.30940000E+02   0.15932714E-29   0.31865428E-29
 0.30960000E+02   0.15276575E-29   0.30553149E-29
 0.30980000E+02   0.14647468E-29   0.29294936E-29
 0.31000000E+02   0.14044281E-29   0.28088561E-29
 0.31020000E+02   0.13465944E-29   0.26931888E-29
 0.31040000E+02   0.12911434E-29   0.25822867E-29
 0.31060000E+02   0.12379767E-29   0.24759535E-29
 0.31080000E+02   0.11870004E-29   0.23740008E-29
 0.31100000E+02   0.11381241E-29   0.22762482E-29
 0.31120000E+02   0.10912612E-29   0.21825224E-29
 0.31140000E+02   0.10463288E-29   0.20926576E-29
 0.31160000E+02   0.10032473E-29   0.20064946E-29
 0.31180000E+02   0.96194042E-30   0.19238808E-29
 0.31200000E+02   0.92233504E-30   0.18446701E-29
 0.31220000E+02   0.88436103E-30   0.17687221E-29
 0.31240000E+02   0.84795118E-30   0.16959024E-29
 0.31260000E+02   0.81304101E-30   0.16260820E-29
 0.31280000E+02   0.77956873E-30   0.15591375E-29
 0.31300000E+02   0.74747509E-30   0.14949502E-29
 0.31320000E+02   0.71670328E-30   0.14334066E-29
 0.31340000E+02   0.68719884E-30   0.13743977E-29
 0.31360000E+02   0.65890954E-30   0.13178191E-29
 0.31380000E+02   0.63178531E-30   0.12635706E-29
 0.31400000E+02   0.60577815E-30   0.12115563E-29
 0.31420000E+02   0.58084204E-30   0.11616841E-29
 0.31440000E+02   0.55693284E-30   0.11138657E-29
 0.31460000E+02   0.53400825E-30   0.10680165E-29
 0.31480000E+02   0.51202770E-30   0.10240554E-29
 0.31500000E+02   0.49095230E-30   0.98190460E-30
 0.31520000E+02   0.47074476E-30   0.94148951E-30
 0.31540000E+02   0.45136931E-30   0.90273863E-30
 0.31560000E+02   0.43279170E-30   0.86558339E-30
 0.31580000E+02   0.41497904E-30   0.82995807E-30
 0.31600000E+02   0.39789982E-30   0.79579965E-30
 0.31620000E+02   0.38152384E-30   0.76304768E-30
 0.31640000E+02   0.36582212E-30   0.73164424E-30
 0.31660000E+02   0.35076689E-30   0.70153378E-30
 0.31680000E+02   0.33633152E-30   0.67266304E-30
 0.31700000E+02   0.32249047E-30   0.64498095E-30
 0.31720000E+02   0.30921928E-30   0.61843855E-30
 0.31740000E+02   0.29649445E-30   0.59298890E-30
 0.31760000E+02   0.28429350E-30   0.56858700E-30
 0.31780000E+02   0.27259484E-30   0.54518968E-30
 0.31800000E+02   0.26137779E-30   0.52275558E-30
 0.31820000E+02   0.25062251E-30   0.50124501E-30
 0.31840000E+02   0.24030998E-30   0.48061995E-30
 0.31860000E+02   0.23042197E-30   0.46084393E-30
 0.31880000E+02   0.22094099E-30   0.44188198E-30
 0.31900000E+02   0.21185029E-30   0.42370057E-30
 0.31920000E+02   0.20313378E-30   0.40626757E-30
 0.31940000E+02   0.19477607E-30   0.38955214E-30
 0.31960000E+02   0.18676237E-30   0.37352475E-30
 0.31980000E+02   0.17907852E-30   0.35815705E-30
 0.32000000E+02   0.17171094E-30   0.34342188E-30
 0.32020000E+02   0.16464660E-30   0.32929320E-30
 0.32040000E+02   0.15787302E-30   0.31574604E-30
 0.32060000E+02   0.15137822E-30   0.30275644E-30
 0.32080000E+02   0.14515073E-30   0.29030145E-30
 0.32100000E+02   0.13917953E-30   0.27835906E-30
 0.32120000E+02   0.13345408E-30   0.26690816E-30
 0.32140000E+02   0.12796426E-30   0.25592852E-30
 0.32160000E+02   0.12270036E-30   0.24540073E-30
 0.32180000E+02   0.11765309E-30   0.23530619E-30
 0.32200000E+02   0.11281353E-30   0.22562706E-30
 0.32220000E+02   0.10817312E-30   0.21634624E-30
 0.32240000E+02   0.10372367E-30   0.20744734E-30
 0.32260000E+02   0.99457310E-31   0.19891462E-30
 0.32280000E+02   0.95366509E-31   0.19073302E-30
 0.32300000E+02   0.91444038E-31   0.18288808E-30
 0.32320000E+02   0.87682966E-31   0.17536593E-30
 0.32340000E+02   0.84076652E-31   0.16815330E-30
 0.32360000E+02   0.80618723E-31   0.16123745E-30
 0.32380000E+02   0.77303072E-31   0.15460614E-30
 0.32400000E+02   0.74123842E-31   0.14824768E-30
 0.32420000E+02   0.71075418E-31   0.14215084E-30
 0.32440000E+02   0.68152415E-31   0.13630483E-30
 0.32460000E+02   0.65349672E-31   0.13069934E-30
 0.32480000E+02   0.62662238E-31   0.12532448E-30
 0.32500000E+02   0.60085368E-31   0.12017074E-30
 0.32520000E+02   0.57614510E-31   0.11522902E-30
 0.32540000E+02   0.55245302E-31   0.11049060E-30
 0.32560000E+02   0.52973559E-31   0.10594712E-30
 0.32580000E+02   0.50795272E-31   0.10159054E-30
 0.32600000E+02   0.48706593E-31   0.97413185E-31
 0.32620000E+02   0.46703834E-31   0.93407669E-31
 0.32640000E+02   0.44783461E-31   0.89566921E-31
 0.32660000E+02   0.42942081E-31   0.85884163E-31
 0.32680000E+02   0.41176446E-31   0.82352891E-31
 0.32700000E+02   0.39483437E-31   0.78966873E-31
 0.32720000E+02   0.37860066E-31   0.75720131E-31
 0.32740000E+02   0.36303467E-31   0.72606934E-31
 0.32760000E+02   0.34810893E-31   0.69621787E-31
 0.32780000E+02   0.33379710E-31   0.66759420E-31
 0.32800000E+02   0.32007391E-31   0.64014781E-31
 0.32820000E+02   0.30691513E-31   0.61383027E-31
 0.32840000E+02   0.29429756E-31   0.58859512E-31
 0.32860000E+02   0.28219892E-31   0.56439783E-31
 0.32880000E+02   0.27059785E-31   0.54119570E-31
 0.32900000E+02   0.25947389E-31   0.51894778E-31
 0.32920000E+02   0.24880741E-31   0.49761482E-31
 0.32940000E+02   0.23857958E-31   0.47715916E-31
 0.32960000E+02   0.22877236E-31   0.45754472E-31
 0.32980000E+02   0.21936845E-31   0.43873689E-31
 0.33000000E+02   0.21035124E-31   0.42070249E-31
 0.33020000E+02   0.20170484E-31   0.40340969E-31
 0.33040000E+02   0.19341399E-31   0.38682798E-31
 0.33060000E+02   0.18546406E-31   0.37092812E-31
 0.33080000E+02   0.17784103E-31   0.35568206E-31
 0.33100000E+02   0.17053145E-31   0.34106290E-31
 0.33120000E+02   0.16352242E-31   0.32704485E-31
 0.33140000E+02   0.15680159E-31   0.31360318E-31
 0.33160000E+02   0.15035710E-31   0.30071419E-31
 0.33180000E+02   0.14417757E-31   0.28835514E-31
 0.33200000E+02   0.13825212E-31   0.27650424E-31
 0.33220000E+02   0.13257029E-31   0.26514059E-31
 0.33240000E+02   0.12712207E-31   0.25424413E-31
 0.33260000E+02   0.12189783E-31   0.24379567E-31
 0.33280000E+02   0.11688838E-31   0.23377676E-31
 0.33300000E+02   0.11208487E-31   0.22416975E-31
 0.33320000E+02   0.10747885E-31   0.21495769E-31
 0.33340000E+02   0.10306217E-31   0.20612434E-31
 0.33360000E+02   0.98827064E-32   0.19765413E-31
 0.33380000E+02   0.94766058E-32   0.18953212E-31
 0.33400000E+02   0.90871992E-32   0.18174398E-31
 0.33420000E+02   0.87138000E-32   0.17427600E-31
 0.33440000E+02   0.83557501E-32   0.16711500E-31
 0.33460000E+02   0.80124182E-32   0.16024836E-31
 0.33480000E+02   0.76831990E-32   0.15366398E-31
 0.33500000E+02   0.73675123E-32   0.14735025E-31
 0.33520000E+02   0.70648015E-32   0.14129603E-31
 0.33540000E+02   0.67745331E-32   0.13549066E-31
 0.33560000E+02   0.64961954E-32   0.12992391E-31
 0.33580000E+02   0.62292979E-32   0.12458596E-31
 0.33600000E+02   0.59733702E-32   0.11946740E-31
 0.33620000E+02   0.57279612E-32   0.11455922E-31
 0.33640000E+02   0.54926385E-32   0.10985277E-31
 0.33660000E+02   0.52669872E-32   0.10533974E-31
 0.33680000E+02   0.50506099E-32   0.10101220E-31
 0.33700000E+02   0.48431251E-32   0.96862503E-32
 0.33720000E+02   0.46441673E-32   0.92883347E-32
 0.33740000E+02   0.44533860E-32   0.89067719E-32
 0.33760000E+02   0.42704449E-32   0.85408897E-32
 0.33780000E+02   0.40950217E-32   0.81900433E-32
 0.33800000E+02   0.39268073E-32   0.78536147E-32
 0.33820000E+02   0.37655055E-32   0.75310111E-32
 0.33840000E+02   0.36108320E-32   0.72216641E-32
 0.33860000E+02   0.34625144E-32   0.69250288E-32
 0.33880000E+02   0.33202914E-32   0.66405827E-32
 0.33900000E+02   0.31839123E-32   0.63678247E-32
 0.33920000E+02   0.30531371E-32   0.61062743E-32
 0.33940000E+02   0.29277354E-32   0.58554708E-32
 0.33960000E+02   0.28074863E-32   0.56149725E-32
 0.33980000E+02   0.26921779E-32   0.53843558E-32
 0.34000000E+02   0.25816072E-32   0.51632145E-32
 0.34020000E+02   0.24755795E-32   0.49511591E-32
 0.34040000E+02   0.23739081E-32   0.47478162E-32
 0.34060000E+02   0.22764138E-32   0.45528277E-32
 0.34080000E+02   0.21829251E-32   0.43658502E-32
 0.34100000E+02   0.20932772E-32   0.41865545E-32
 0.34120000E+02   0.20073124E-32   0.40146248E-32
 0.34140000E+02   0.19248792E-32   0.38497584E-32
 0.34160000E+02   0.18458325E-32   0.36916650E-32
 0.34180000E+02   0.17700331E-32   0.35400662E-32
 0.34200000E+02   0.16973476E-32   0.33946953E-32
 0.34220000E+02   0.16276480E-32   0.32552961E-32
 0.34240000E+02   0.15608117E-32   0.31216233E-32
 0.34260000E+02   0.14967208E-32   0.29934416E-32
 0.34280000E+02   0.14352627E-32   0.28705253E-32
 0.34300000E+02   0.13763290E-32   0.27526581E-32
 0.34320000E+02   0.13198162E-32   0.26396324E-32
 0.34340000E+02   0.12656247E-32   0.25312494E-32
 0.34360000E+02   0.12136591E-32   0.24273181E-32
 0.34380000E+02   0.11638279E-32   0.23276558E-32
 0.34400000E+02   0.11160435E-32   0.22320871E-32
 0.34420000E+02   0.10702218E-32   0.21404436E-32
 0.34440000E+02   0.10262821E-32   0.20525641E-32
 0.34460000E+02   0.98414700E-33   0.19682940E-32
 0.34480000E+02   0.94374249E-33   0.18874850E-32
 0.34500000E+02   0.90499740E-33   0.18099948E-32
 0.34520000E+02   0.86784357E-33   0.17356871E-32
 0.34540000E+02   0.83221561E-33   0.16644312E-32
 0.34560000E+02   0.79805084E-33   0.15961017E-32
 0.34580000E+02   0.76528913E-33   0.15305783E-32
 0.34600000E+02   0.73387286E-33   0.14677457E-32
 0.34620000E+02   0.70374675E-33   0.14074935E-32
 0.34640000E+02   0.67485778E-33   0.13497156E-32
 0.34660000E+02   0.64715515E-33   0.12943103E-32
 0.34680000E+02   0.62059011E-33   0.12411802E-32
 0.34700000E+02   0.59511594E-33   0.11902319E-32
 0.34720000E+02   0.57068781E-33   0.11413756E-32
 0.34740000E+02   0.54726277E-33   0.10945255E-32
 0.34760000E+02   0.52479960E-33   0.10495992E-32
 0.34780000E+02   0.50325880E-33   0.10065176E-32
 0.34800000E+02   0.48260248E-33   0.96520495E-33
 0.34820000E+02   0.46279430E-33   0.92558860E-33
 0.34840000E+02   0.44379943E-33   0.88759886E-33
 0.34860000E+02   0.42558447E-33   0.85116894E-33
 0.34880000E+02   0.40811737E-33   0.81623475E-33
 0.34900000E+02   0.39136743E-33   0.78273487E-33
 0.34920000E+02   0.37530519E-33   0.75061038E-33
 0.34940000E+02   0.35990240E-33   0.71980479E-33
 0.34960000E+02   0.34513197E-33   0.69026394E-33
 0.34980000E+02   0.33096794E-33   0.66193588E-33
 0.35000000E+02   0.31738541E-33   0.63477081E-33
 0.35020000E+02   0.30436048E-33   0.60872096E-33
 0.35040000E+02   0.29187026E-33   0.58374052E-33
 0.35060000E+02   0.27989280E-33   0.55978559E-33
 0.35080000E+02   0.26840702E-33   0.53681405E-33
 0.35100000E+02   0.25739275E-33   0.51478550E-33
 0.35120000E+02   0.24683062E-33   0.49366124E-33
 0.35140000E+02   0.23670206E-33   0.47340411E-33
 0.35160000E+02   0.22698926E-33   0.45397853E-33
 0.35180000E+02   0.21767516E-33   0.43535033E-33
 0.35200000E+02   0.20874338E-33   0.41748677E-33
 0.35220000E+02   0.20017823E-33   0.40035646E-33
 0.35240000E+02   0.19196465E-33   0.38392929E-33
 0.35260000E+02   0.18408819E-33   0.36817639E-33
 0.35280000E+02   0.17653503E-33   0.35307006E-33
 0.35300000E+02   0.16929189E-33   0.33858377E-33
 0.35320000E+02   0.16234603E-33   0.32469205E-33
 0.35340000E+02   0.15568525E-33   0.31137050E-33
 0.35360000E+02   0.14929785E-33   0.29859569E-33
 0.35380000E+02   0.14317260E-33   0.28634519E-33
 0.35400000E+02   0.13729873E-33   0.27459747E-33
 0.35420000E+02   0.13166594E-33   0.26333188E-33
 0.35440000E+02   0.12626432E-33   0.25252863E-33
 0.35460000E+02   0.12108437E-33   0.24216875E-33
 0.35480000E+02   0.11611701E-33   0.23223402E-33
 0.35500000E+02   0.11135350E-33   0.22270699E-33
 0.35520000E+02   0.10678547E-33   0.21357093E-33
 0.35540000E+02   0.10240489E-33   0.20480979E-33
 0.35560000E+02   0.98204086E-34   0.19640817E-33
 0.35580000E+02   0.94175661E-34   0.18835132E-33
 0.35600000E+02   0.90312542E-34   0.18062508E-33
 0.35620000E+02   0.86607945E-34   0.17321589E-33
 0.35640000E+02   0.83055362E-34   0.16611072E-33
 0.35660000E+02   0.79648553E-34   0.15929711E-33
 0.35680000E+02   0.76381534E-34   0.15276307E-33
 0.35700000E+02   0.73248567E-34   0.14649713E-33
 0.35720000E+02   0.70244151E-34   0.14048830E-33
 0.35740000E+02   0.67363008E-34   0.13472602E-33
 0.35760000E+02   0.64600079E-34   0.12920016E-33
 0.35780000E+02   0.61950512E-34   0.12390102E-33
 0.35800000E+02   0.59409653E-34   0.11881931E-33
 0.35820000E+02   0.56973042E-34   0.11394608E-33
 0.35840000E+02   0.54636399E-34   0.10927280E-33
 0.35860000E+02   0.52395622E-34   0.10479124E-33
 0.35880000E+02   0.50246777E-34   0.10049355E-33
 0.35900000E+02   0.48186089E-34   0.96372178E-34
 0.35920000E+02   0.46209942E-34   0.92419883E-34
 0.35940000E+02   0.44314865E-34   0.88629730E-34
 0.35960000E+02   0.42497532E-34   0.84995064E-34
 0.35980000E+02   0.40754753E-34   0.81509505E-34
 0.36000000E+02   0.39083467E-34   0.78166933E-34
 0.36020000E+02   0.37480741E-34   0.74961481E-34
 0.36040000E+02   0.35943761E-34   0.71887522E-34
 0.36060000E+02   0.34469830E-34   0.68939659E-34
 0.36080000E+02   0.33056360E-34   0.66112719E-34
 0.36100000E+02   0.31700870E-34   0.63401740E-34
 0.36120000E+02   0.30400981E-34   0.60801962E-34
 0.36140000E+02   0.29154412E-34   0.58308824E-34
 0.36160000E+02   0.27958975E-34   0.55917949E-34
 0.36180000E+02   0.26812571E-34   0.53625142E-34
 0.36200000E+02   0.25713189E-34   0.51426378E-34
 0.36220000E+02   0.24658900E-34   0.49317800E-34
 0.36240000E+02   0.23647853E-34   0.47295705E-34
 0.36260000E+02   0.22678274E-34   0.45356547E-34
 0.36280000E+02   0.21748461E-34   0.43496922E-34
 0.36300000E+02   0.20856784E-34   0.41713568E-34
 0.36320000E+02   0.20001677E-34   0.40003354E-34
 0.36340000E+02   0.19181640E-34   0.38363281E-34
 0.36360000E+02   0.18395235E-34   0.36790470E-34
 0.36380000E+02   0.17641081E-34   0.35282163E-34
 0.36400000E+02   0.16917856E-34   0.33835712E-34
 0.36420000E+02   0.16224290E-34   0.32448581E-34
 0.36440000E+02   0.15559168E-34   0.31118335E-34
 0.36460000E+02   0.14921321E-34   0.29842642E-34
 0.36480000E+02   0.14309631E-34   0.28619262E-34
 0.36500000E+02   0.13723025E-34   0.27446051E-34
 0.36520000E+02   0.13160475E-34   0.26320950E-34
 0.36540000E+02   0.12620993E-34   0.25241985E-34
 0.36560000E+02   0.12103632E-34   0.24207265E-34
 0.36580000E+02   0.11607487E-34   0.23214974E-34
 0.36600000E+02   0.11131686E-34   0.22263371E-34
 0.36620000E+02   0.10675394E-34   0.21350789E-34
 0.36640000E+02   0.10237813E-34   0.20475625E-34
 0.36660000E+02   0.98181731E-35   0.19636346E-34
 0.36680000E+02   0.94157399E-35   0.18831480E-34
 0.36700000E+02   0.90298072E-35   0.18059614E-34
 0.36720000E+02   0.86596983E-35   0.17319397E-34
 0.36740000E+02   0.83047642E-35   0.16609528E-34
 0.36760000E+02   0.79643824E-35   0.15928765E-34
 0.36780000E+02   0.76379561E-35   0.15275912E-34
 0.36800000E+02   0.73249130E-35   0.14649826E-34
 0.36820000E+02   0.70247042E-35   0.14049408E-34
 0.36840000E+02   0.67368033E-35   0.13473607E-34
 0.36860000E+02   0.64607056E-35   0.12921411E-34
 0.36880000E+02   0.61959269E-35   0.12391854E-34
 0.36900000E+02   0.59420032E-35   0.11884006E-34
 0.36920000E+02   0.56984892E-35   0.11396978E-34
 0.36940000E+02   0.54649581E-35   0.10929916E-34
 0.36960000E+02   0.52410004E-35   0.10482001E-34
 0.36980000E+02   0.50262236E-35   0.10052447E-34
 0.37000000E+02   0.48202512E-35   0.96405024E-35
 0.37020000E+02   0.46227221E-35   0.92454443E-35
 0.37040000E+02   0.44332902E-35   0.88665804E-35
 0.37060000E+02   0.42516234E-35   0.85032468E-35
 0.37080000E+02   0.40774033E-35   0.81548066E-35
 0.37100000E+02   0.39103245E-35   0.78206491E-35
 0.37120000E+02   0.37500943E-35   0.75001886E-35
 0.37140000E+02   0.35964318E-35   0.71928635E-35
 0.37160000E+02   0.34490677E-35   0.68981353E-35
 0.37180000E+02   0.33077437E-35   0.66154874E-35
 0.37200000E+02   0.31722123E-35   0.63444246E-35
 0.37220000E+02   0.30422359E-35   0.60844718E-35
 0.37240000E+02   0.29175868E-35   0.58351736E-35
 0.37260000E+02   0.27980465E-35   0.55960930E-35
 0.37280000E+02   0.26834056E-35   0.53668112E-35
 0.37300000E+02   0.25734632E-35   0.51469264E-35
 0.37320000E+02   0.24680267E-35   0.49360535E-35
 0.37340000E+02   0.23669114E-35   0.47338228E-35
 0.37360000E+02   0.22699401E-35   0.45398802E-35
 0.37380000E+02   0.21769429E-35   0.43538858E-35
 0.37400000E+02   0.20877569E-35   0.41755138E-35
 0.37420000E+02   0.20022259E-35   0.40044517E-35
 0.37440000E+02   0.19201999E-35   0.38403999E-35
 0.37460000E+02   0.18415355E-35   0.36830709E-35
 0.37480000E+02   0.17660946E-35   0.35321893E-35
 0.37500000E+02   0.16937453E-35   0.33874906E-35
 0.37520000E+02   0.16243607E-35   0.32487214E-35
 0.37540000E+02   0.15578194E-35   0.31156388E-35
 0.37560000E+02   0.14940047E-35   0.29880095E-35
 0.37580000E+02   0.14328050E-35   0.28656100E-35
 0.37600000E+02   0.13741130E-35   0.27482260E-35
 0.37620000E+02   0.13178260E-35   0.26356519E-35
 0.37640000E+02   0.12638453E-35   0.25276906E-35
 0.37660000E+02   0.12120764E-35   0.24241529E-35
 0.37680000E+02   0.11624288E-35   0.23248576E-35
 0.37700000E+02   0.11148154E-35   0.22296307E-35
 0.37720000E+02   0.10691528E-35   0.21383056E-35
 0.37740000E+02   0.10253611E-35   0.20507223E-35
 0.37760000E+02   0.98336371E-36   0.19667274E-35
 0.37780000E+02   0.94308696E-36   0.18861739E-35
 0.37800000E+02   0.90446038E-36   0.18089208E-35
 0.37820000E+02   0.86741634E-36   0.17348327E-35
 0.37840000E+02   0.83188998E-36   0.16637800E-35
 0.37860000E+02   0.79781910E-36   0.15956382E-35
 0.37880000E+02   0.76514406E-36   0.15302881E-35
 0.37900000E+02   0.73380764E-36   0.14676153E-35
 0.37920000E+02   0.70375500E-36   0.14075100E-35
 0.37940000E+02   0.67493352E-36   0.13498670E-35
 0.37960000E+02   0.64729276E-36   0.12945855E-35
 0.37980000E+02   0.62078431E-36   0.12415686E-35
 0.38000000E+02   0.59536180E-36   0.11907236E-35
 0.38020000E+02   0.57098070E-36   0.11419614E-35
 0.38040000E+02   0.54759836E-36   0.10951967E-35
 0.38060000E+02   0.52517385E-36   0.10503477E-35
 0.38080000E+02   0.50366791E-36   0.10073358E-35
 0.38100000E+02   0.48304291E-36   0.96608581E-36
 0.38120000E+02   0.46326274E-36   0.92652549E-36
 0.38140000E+02   0.44429281E-36   0.88858562E-36
 0.38160000E+02   0.42609990E-36   0.85219979E-36
 0.38180000E+02   0.40865217E-36   0.81730435E-36
 0.38200000E+02   0.39191911E-36   0.78383821E-36
 0.38220000E+02   0.37587141E-36   0.75174283E-36
 0.38240000E+02   0.36048102E-36   0.72096203E-36
 0.38260000E+02   0.34572098E-36   0.69144196E-36
 0.38280000E+02   0.33156548E-36   0.66313096E-36
 0.38300000E+02   0.31798975E-36   0.63597950E-36
 0.38320000E+02   0.30497003E-36   0.60994007E-36
 0.38340000E+02   0.29248355E-36   0.58496711E-36
 0.38360000E+02   0.28050847E-36   0.56101693E-36
 0.38380000E+02   0.26902382E-36   0.53804763E-36
 0.38400000E+02   0.25800951E-36   0.51601903E-36
 0.38420000E+02   0.24744629E-36   0.49489258E-36
 0.38440000E+02   0.23731567E-36   0.47463134E-36
 0.38460000E+02   0.22759992E-36   0.45519985E-36
 0.38480000E+02   0.21828206E-36   0.43656412E-36
 0.38500000E+02   0.20934578E-36   0.41869156E-36
 0.38520000E+02   0.20077545E-36   0.40155091E-36
 0.38540000E+02   0.19255609E-36   0.38511218E-36
 0.38560000E+02   0.18467331E-36   0.36934661E-36
 0.38580000E+02   0.17711332E-36   0.35422665E-36
 0.38600000E+02   0.16986291E-36   0.33972583E-36
 0.38620000E+02   0.16290940E-36   0.32581880E-36
 0.38640000E+02   0.15624062E-36   0.31248123E-36
 0.38660000E+02   0.14984491E-36   0.29968981E-36
 0.38680000E+02   0.14371108E-36   0.28742216E-36
 0.38700000E+02   0.13782841E-36   0.27565682E-36
 0.38720000E+02   0.13218662E-36   0.26437323E-36
 0.38740000E+02   0.12677583E-36   0.25355165E-36
 0.38760000E+02   0.12158658E-36   0.24317316E-36
 0.38780000E+02   0.11660981E-36   0.23321961E-36
 0.38800000E+02   0.11183680E-36   0.22367360E-36
 0.38820000E+02   0.10725922E-36   0.21451844E-36
 0.38840000E+02   0.10286905E-36   0.20573811E-36
 0.38860000E+02   0.98658634E-37   0.19731727E-36
 0.38880000E+02   0.94620595E-37   0.18924119E-36
 0.38900000E+02   0.90747880E-37   0.18149576E-36
 0.38920000E+02   0.87033716E-37   0.17406743E-36
 0.38940000E+02   0.83471611E-37   0.16694322E-36
 0.38960000E+02   0.80055338E-37   0.16011068E-36
 0.38980000E+02   0.76778924E-37   0.15355785E-36
 0.39000000E+02   0.73636643E-37   0.14727329E-36
 0.39020000E+02   0.70623000E-37   0.14124600E-36
 0.39040000E+02   0.67732730E-37   0.13546546E-36
 0.39060000E+02   0.64960778E-37   0.12992156E-36
 0.39080000E+02   0.62302301E-37   0.12460460E-36
 0.39100000E+02   0.59752652E-37   0.11950530E-36
 0.39120000E+02   0.57307374E-37   0.11461475E-36
 0.39140000E+02   0.54962193E-37   0.10992439E-36
 0.39160000E+02   0.52713012E-37   0.10542602E-36
 0.39180000E+02   0.50555899E-37   0.10111180E-36
 0.39200000E+02   0.48487084E-37   0.96974168E-37
 0.39220000E+02   0.46502952E-37   0.93005904E-37
 0.39240000E+02   0.44600036E-37   0.89200071E-37
 0.39260000E+02   0.42775009E-37   0.85550019E-37
 0.39280000E+02   0.41024684E-37   0.82049368E-37
 0.39300000E+02   0.39346002E-37   0.78692003E-37
 0.39320000E+02   0.37736028E-37   0.75472056E-37
 0.39340000E+02   0.36191951E-37   0.72383902E-37
 0.39360000E+02   0.34711072E-37   0.69422144E-37
 0.39380000E+02   0.33290804E-37   0.66581608E-37
 0.39400000E+02   0.31928665E-37   0.63857331E-37
 0.39420000E+02   0.30622276E-37   0.61244552E-37
 0.39440000E+02   0.29369354E-37   0.58738709E-37
 0.39460000E+02   0.28167711E-37   0.56335421E-37
 0.39480000E+02   0.27015246E-37   0.54030492E-37
 0.39500000E+02   0.25909947E-37   0.51819894E-37
 0.39520000E+02   0.24849883E-37   0.49699765E-37
 0.39540000E+02   0.23833201E-37   0.47666403E-37
 0.39560000E+02   0.22858127E-37   0.45716255E-37
 0.39580000E+02   0.21922957E-37   0.43845914E-37
 0.39600000E+02   0.21026057E-37   0.42052115E-37
 0.39620000E+02   0.20165861E-37   0.40331723E-37
 0.39640000E+02   0.19340866E-37   0.38681733E-37
 0.39660000E+02   0.18549632E-37   0.37099264E-37
 0.39680000E+02   0.17790776E-37   0.35581552E-37
 0.39700000E+02   0.17062973E-37   0.34125946E-37
 0.39720000E+02   0.16364952E-37   0.32729904E-37
 0.39740000E+02   0.15695494E-37   0.31390989E-37
 0.39760000E+02   0.15053430E-37   0.30106860E-37
 0.39780000E+02   0.14437639E-37   0.28875277E-37
 0.39800000E+02   0.13847044E-37   0.27694089E-37
 0.39820000E+02   0.13280616E-37   0.26561232E-37
 0.39840000E+02   0.12737364E-37   0.25474728E-37
 0.39860000E+02   0.12216341E-37   0.24432681E-37
 0.39880000E+02   0.11716636E-37   0.23433271E-37
 0.39900000E+02   0.11237377E-37   0.22474753E-37
 0.39920000E+02   0.10777727E-37   0.21555453E-37
 0.39940000E+02   0.10336883E-37   0.20673766E-37
 0.39960000E+02   0.99140766E-38   0.19828153E-37
 0.39980000E+02   0.95085688E-38   0.19017138E-37
 0.40000000E+02   0.91196516E-38   0.18239303E-37

