Wood-Saxon orbitals: densities
        r              rho_p            rho_n
 0.20000000E-01   0.35591079E-01   0.71182159E-01
 0.40000000E-01   0.35573165E-01   0.71146330E-01
 0.60000000E-01   0.35543262E-01   0.71086524E-01
 0.80000000E-01   0.35501479E-01   0.71002957E-01
 0.10000000E+00   0.35447900E-01   0.70895801E-01
 0.12000000E+00   0.35382618E-01   0.70765235E-01
 0.14000000E+00   0.35305730E-01   0.70611460E-01
 0.16000000E+00   0.35217346E-01   0.70434692E-01
 0.18000000E+00   0.35117586E-01   0.70235171E-01
 0.20000000E+00   0.35006577E-01   0.70013154E-01
 0.22000000E+00   0.34884460E-01   0.69768920E-01
 0.24000000E+00   0.34751381E-01   0.69502763E-01
 0.26000000E+00   0.34607500E-01   0.69215000E-01
 0.28000000E+00   0.34452982E-01   0.68905964E-01
 0.30000000E+00   0.34288003E-01   0.68576007E-01
 0.32000000E+00   0.34112748E-01   0.68225497E-01
 0.34000000E+00   0.33927409E-01   0.67854819E-01
 0.36000000E+00   0.33732188E-01   0.67464375E-01
 0.38000000E+00   0.33527291E-01   0.67054583E-01
 0.40000000E+00   0.33312937E-01   0.66625874E-01
 0.42000000E+00   0.33089347E-01   0.66178695E-01
 0.44000000E+00   0.32856753E-01   0.65713506E-01
 0.46000000E+00   0.32615391E-01   0.65230781E-01
 0.48000000E+00   0.32365503E-01   0.64731006E-01
 0.50000000E+00   0.32107339E-01   0.64214678E-01
 0.52000000E+00   0.31841153E-01   0.63682305E-01
 0.54000000E+00   0.31567203E-01   0.63134407E-01
 0.56000000E+00   0.31285756E-01   0.62571512E-01
 0.58000000E+00   0.30997078E-01   0.61994157E-01
 0.60000000E+00   0.30701444E-01   0.61402887E-01
 0.62000000E+00   0.30399128E-01   0.60798256E-01
 0.64000000E+00   0.30090411E-01   0.60180822E-01
 0.66000000E+00   0.29775575E-01   0.59551151E-01
 0.68000000E+00   0.29454906E-01   0.58909811E-01
 0.70000000E+00   0.29128689E-01   0.58257379E-01
 0.72000000E+00   0.28797215E-01   0.57594430E-01
 0.74000000E+00   0.28460773E-01   0.56921546E-01
 0.76000000E+00   0.28119654E-01   0.56239309E-01
 0.78000000E+00   0.27774151E-01   0.55548302E-01
 0.80000000E+00   0.27424555E-01   0.54849109E-01
 0.82000000E+00   0.27071157E-01   0.54142314E-01
 0.84000000E+00   0.26714249E-01   0.53428498E-01
 0.86000000E+00   0.26354121E-01   0.52708242E-01
 0.88000000E+00   0.25991062E-01   0.51982124E-01
 0.90000000E+00   0.25625359E-01   0.51250718E-01
 0.92000000E+00   0.25257297E-01   0.50514595E-01
 0.94000000E+00   0.24887160E-01   0.49774319E-01
 0.96000000E+00   0.24515226E-01   0.49030452E-01
 0.98000000E+00   0.24141774E-01   0.48283547E-01
 0.10000000E+01   0.23767076E-01   0.47534152E-01
 0.10200000E+01   0.23391403E-01   0.46782806E-01
 0.10400000E+01   0.23015021E-01   0.46030042E-01
 0.10600000E+01   0.22638191E-01   0.45276382E-01
 0.10800000E+01   0.22261171E-01   0.44522343E-01
 0.11000000E+01   0.21884213E-01   0.43768427E-01
 0.11200000E+01   0.21507565E-01   0.43015129E-01
 0.11400000E+01   0.21131467E-01   0.42262935E-01
 0.11600000E+01   0.20756158E-01   0.41512315E-01
 0.11800000E+01   0.20381866E-01   0.40763732E-01
 0.12000000E+01   0.20008817E-01   0.40017635E-01
 0.12200000E+01   0.19637230E-01   0.39274460E-01
 0.12400000E+01   0.19267316E-01   0.38534632E-01
 0.12600000E+01   0.18899282E-01   0.37798563E-01
 0.12800000E+01   0.18533325E-01   0.37066650E-01
 0.13000000E+01   0.18169638E-01   0.36339277E-01
 0.13200000E+01   0.17808408E-01   0.35616815E-01
 0.13400000E+01   0.17449810E-01   0.34899621E-01
 0.13600000E+01   0.17094018E-01   0.34188037E-01
 0.13800000E+01   0.16741195E-01   0.33482390E-01
 0.14000000E+01   0.16391498E-01   0.32782996E-01
 0.14200000E+01   0.16045076E-01   0.32090151E-01
 0.14400000E+01   0.15702071E-01   0.31404142E-01
 0.14600000E+01   0.15362619E-01   0.30725237E-01
 0.14800000E+01   0.15026846E-01   0.30053693E-01
 0.15000000E+01   0.14694874E-01   0.29389749E-01
 0.15200000E+01   0.14366815E-01   0.28733631E-01
 0.15400000E+01   0.14042775E-01   0.28085551E-01
 0.15600000E+01   0.13722853E-01   0.27445706E-01
 0.15800000E+01   0.13407139E-01   0.26814279E-01
 0.16000000E+01   0.13095719E-01   0.26191438E-01
 0.16200000E+01   0.12788670E-01   0.25577339E-01
 0.16400000E+01   0.12486061E-01   0.24972123E-01
 0.16600000E+01   0.12187958E-01   0.24375916E-01
 0.16800000E+01   0.11894417E-01   0.23788834E-01
 0.17000000E+01   0.11605489E-01   0.23210977E-01
 0.17200000E+01   0.11321217E-01   0.22642435E-01
 0.17400000E+01   0.11041641E-01   0.22083282E-01
 0.17600000E+01   0.10766792E-01   0.21533583E-01
 0.17800000E+01   0.10496695E-01   0.20993390E-01
 0.18000000E+01   0.10231372E-01   0.20462744E-01
 0.18200000E+01   0.99708364E-02   0.19941673E-01
 0.18400000E+01   0.97150979E-02   0.19430196E-01
 0.18600000E+01   0.94641604E-02   0.18928321E-01
 0.18800000E+01   0.92180228E-02   0.18436046E-01
 0.19000000E+01   0.89766791E-02   0.17953358E-01
 0.19200000E+01   0.87401187E-02   0.17480237E-01
 0.19400000E+01   0.85083266E-02   0.17016653E-01
 0.19600000E+01   0.82812834E-02   0.16562567E-01
 0.19800000E+01   0.80589654E-02   0.16117931E-01
 0.20000000E+01   0.78413455E-02   0.15682691E-01
 0.20200000E+01   0.76283923E-02   0.15256785E-01
 0.20400000E+01   0.74200713E-02   0.14840143E-01
 0.20600000E+01   0.72163446E-02   0.14432689E-01
 0.20800000E+01   0.70171710E-02   0.14034342E-01
 0.21000000E+01   0.68225067E-02   0.13645013E-01
 0.21200000E+01   0.66323046E-02   0.13264609E-01
 0.21400000E+01   0.64465157E-02   0.12893031E-01
 0.21600000E+01   0.62650880E-02   0.12530176E-01
 0.21800000E+01   0.60879677E-02   0.12175935E-01
 0.22000000E+01   0.59150987E-02   0.11830197E-01
 0.22200000E+01   0.57464233E-02   0.11492847E-01
 0.22400000E+01   0.55818819E-02   0.11163764E-01
 0.22600000E+01   0.54214134E-02   0.10842827E-01
 0.22800000E+01   0.52649554E-02   0.10529911E-01
 0.23000000E+01   0.51124441E-02   0.10224888E-01
 0.23200000E+01   0.49638148E-02   0.99276296E-02
 0.23400000E+01   0.48190018E-02   0.96380035E-02
 0.23600000E+01   0.46779385E-02   0.93558770E-02
 0.23800000E+01   0.45405578E-02   0.90811157E-02
 0.24000000E+01   0.44067920E-02   0.88135840E-02
 0.24200000E+01   0.42765729E-02   0.85531457E-02
 0.24400000E+01   0.41498320E-02   0.82996639E-02
 0.24600000E+01   0.40265006E-02   0.80530012E-02
 0.24800000E+01   0.39065101E-02   0.78130202E-02
 0.25000000E+01   0.37897916E-02   0.75795833E-02
 0.25200000E+01   0.36762766E-02   0.73525532E-02
 0.25400000E+01   0.35658965E-02   0.71317930E-02
 0.25600000E+01   0.34585832E-02   0.69171663E-02
 0.25800000E+01   0.33542688E-02   0.67085375E-02
 0.26000000E+01   0.32528859E-02   0.65057717E-02
 0.26200000E+01   0.31543675E-02   0.63087351E-02
 0.26400000E+01   0.30586474E-02   0.61172949E-02
 0.26600000E+01   0.29656598E-02   0.59313196E-02
 0.26800000E+01   0.28753396E-02   0.57506792E-02
 0.27000000E+01   0.27876224E-02   0.55752447E-02
 0.27200000E+01   0.27024446E-02   0.54048892E-02
 0.27400000E+01   0.26197435E-02   0.52394869E-02
 0.27600000E+01   0.25394571E-02   0.50789142E-02
 0.27800000E+01   0.24615244E-02   0.49230487E-02
 0.28000000E+01   0.23858852E-02   0.47717704E-02
 0.28200000E+01   0.23124804E-02   0.46249608E-02
 0.28400000E+01   0.22412517E-02   0.44825034E-02
 0.28600000E+01   0.21721419E-02   0.43442838E-02
 0.28800000E+01   0.21050948E-02   0.42101895E-02
 0.29000000E+01   0.20400550E-02   0.40801101E-02
 0.29200000E+01   0.19769686E-02   0.39539372E-02
 0.29400000E+01   0.19157823E-02   0.38315646E-02
 0.29600000E+01   0.18564440E-02   0.37128880E-02
 0.29800000E+01   0.17989027E-02   0.35978055E-02
 0.30000000E+01   0.17431085E-02   0.34862171E-02
 0.30200000E+01   0.16890125E-02   0.33780249E-02
 0.30400000E+01   0.16365667E-02   0.32731334E-02
 0.30600000E+01   0.15857245E-02   0.31714489E-02
 0.30800000E+01   0.15364400E-02   0.30728800E-02
 0.31000000E+01   0.14886686E-02   0.29773373E-02
 0.31200000E+01   0.14423667E-02   0.28847335E-02
 0.31400000E+01   0.13974917E-02   0.27949835E-02
 0.31600000E+01   0.13540020E-02   0.27080040E-02
 0.31800000E+01   0.13118570E-02   0.26237140E-02
 0.32000000E+01   0.12710172E-02   0.25420344E-02
 0.32200000E+01   0.12314440E-02   0.24628881E-02
 0.32400000E+01   0.11930999E-02   0.23861998E-02
 0.32600000E+01   0.11559482E-02   0.23118963E-02
 0.32800000E+01   0.11199532E-02   0.22399064E-02
 0.33000000E+01   0.10850803E-02   0.21701605E-02
 0.33200000E+01   0.10512956E-02   0.21025911E-02
 0.33400000E+01   0.10185662E-02   0.20371324E-02
 0.33600000E+01   0.98686015E-03   0.19737203E-02
 0.33800000E+01   0.95614631E-03   0.19122926E-02
 0.34000000E+01   0.92639438E-03   0.18527888E-02
 0.34200000E+01   0.89757494E-03   0.17951499E-02
 0.34400000E+01   0.86965936E-03   0.17393187E-02
 0.34600000E+01   0.84261984E-03   0.16852397E-02
 0.34800000E+01   0.81642938E-03   0.16328588E-02
 0.35000000E+01   0.79106171E-03   0.15821234E-02
 0.35200000E+01   0.76649136E-03   0.15329827E-02
 0.35400000E+01   0.74269357E-03   0.14853871E-02
 0.35600000E+01   0.71964432E-03   0.14392886E-02
 0.35800000E+01   0.69732026E-03   0.13946405E-02
 0.36000000E+01   0.67569877E-03   0.13513975E-02
 0.36200000E+01   0.65475787E-03   0.13095157E-02
 0.36400000E+01   0.63447624E-03   0.12689525E-02
 0.36600000E+01   0.61483321E-03   0.12296664E-02
 0.36800000E+01   0.59580870E-03   0.11916174E-02
 0.37000000E+01   0.57738326E-03   0.11547665E-02
 0.37200000E+01   0.55953803E-03   0.11190761E-02
 0.37400000E+01   0.54225470E-03   0.10845094E-02
 0.37600000E+01   0.52551555E-03   0.10510311E-02
 0.37800000E+01   0.50930337E-03   0.10186067E-02
 0.38000000E+01   0.49360150E-03   0.98720300E-03
 0.38200000E+01   0.47839378E-03   0.95678756E-03
 0.38400000E+01   0.46366456E-03   0.92732912E-03
 0.38600000E+01   0.44939867E-03   0.89879734E-03
 0.38800000E+01   0.43558140E-03   0.87116281E-03
 0.39000000E+01   0.42219852E-03   0.84439705E-03
 0.39200000E+01   0.40923623E-03   0.81847246E-03
 0.39400000E+01   0.39668116E-03   0.79336232E-03
 0.39600000E+01   0.38452036E-03   0.76904073E-03
 0.39800000E+01   0.37274130E-03   0.74548261E-03
 0.40000000E+01   0.36133183E-03   0.72266367E-03
 0.40200000E+01   0.35028019E-03   0.70056039E-03
 0.40400000E+01   0.33957499E-03   0.67914998E-03
 0.40600000E+01   0.32920520E-03   0.65841039E-03
 0.40800000E+01   0.31916013E-03   0.63832026E-03
 0.41000000E+01   0.30942945E-03   0.61885891E-03
 0.41200000E+01   0.30000315E-03   0.60000631E-03
 0.41400000E+01   0.29087153E-03   0.58174307E-03
 0.41600000E+01   0.28202521E-03   0.56405042E-03
 0.41800000E+01   0.27345510E-03   0.54691021E-03
 0.42000000E+01   0.26515241E-03   0.53030483E-03
 0.42200000E+01   0.25710863E-03   0.51421726E-03
 0.42400000E+01   0.24931551E-03   0.49863102E-03
 0.42600000E+01   0.24176508E-03   0.48353015E-03
 0.42800000E+01   0.23444961E-03   0.46889922E-03
 0.43000000E+01   0.22736163E-03   0.45472327E-03
 0.43200000E+01   0.22049392E-03   0.44098784E-03
 0.43400000E+01   0.21383946E-03   0.42767892E-03
 0.43600000E+01   0.20739148E-03   0.41478296E-03
 0.43800000E+01   0.20114343E-03   0.40228685E-03
 0.44000000E+01   0.19508895E-03   0.39017789E-03
 0.44200000E+01   0.18922190E-03   0.37844379E-03
 0.44400000E+01   0.18353633E-03   0.36707267E-03
 0.44600000E+01   0.17802650E-03   0.35605301E-03
 0.44800000E+01   0.17268684E-03   0.34537367E-03
 0.45000000E+01   0.16751194E-03   0.33502388E-03
 0.45200000E+01   0.16249661E-03   0.32499321E-03
 0.45400000E+01   0.15763578E-03   0.31527156E-03
 0.45600000E+01   0.15292457E-03   0.30584915E-03
 0.45800000E+01   0.14835827E-03   0.29671653E-03
 0.46000000E+01   0.14393228E-03   0.28786456E-03
 0.46200000E+01   0.13964218E-03   0.27928437E-03
 0.46400000E+01   0.13548369E-03   0.27096739E-03
 0.46600000E+01   0.13145266E-03   0.26290532E-03
 0.46800000E+01   0.12754507E-03   0.25509014E-03
 0.47000000E+01   0.12375704E-03   0.24751408E-03
 0.47200000E+01   0.12008481E-03   0.24016961E-03
 0.47400000E+01   0.11652473E-03   0.23304946E-03
 0.47600000E+01   0.11307329E-03   0.22614658E-03
 0.47800000E+01   0.10972708E-03   0.21945416E-03
 0.48000000E+01   0.10648279E-03   0.21296559E-03
 0.48200000E+01   0.10333724E-03   0.20667449E-03
 0.48400000E+01   0.10028733E-03   0.20057467E-03
 0.48600000E+01   0.97330076E-04   0.19466015E-03
 0.48800000E+01   0.94462571E-04   0.18892514E-03
 0.49000000E+01   0.91682018E-04   0.18336404E-03
 0.49200000E+01   0.88985703E-04   0.17797141E-03
 0.49400000E+01   0.86370999E-04   0.17274200E-03
 0.49600000E+01   0.83835363E-04   0.16767073E-03
 0.49800000E+01   0.81376335E-04   0.16275267E-03
 0.50000000E+01   0.78991531E-04   0.15798306E-03
 0.50200000E+01   0.76678646E-04   0.15335729E-03
 0.50400000E+01   0.74435446E-04   0.14887089E-03
 0.50600000E+01   0.72259770E-04   0.14451954E-03
 0.50800000E+01   0.70149525E-04   0.14029905E-03
 0.51000000E+01   0.68102685E-04   0.13620537E-03
 0.51200000E+01   0.66117288E-04   0.13223458E-03
 0.51400000E+01   0.64191435E-04   0.12838287E-03
 0.51600000E+01   0.62323288E-04   0.12464658E-03
 0.51800000E+01   0.60511065E-04   0.12102213E-03
 0.52000000E+01   0.58753044E-04   0.11750609E-03
 0.52200000E+01   0.57047554E-04   0.11409511E-03
 0.52400000E+01   0.55392979E-04   0.11078596E-03
 0.52600000E+01   0.53787754E-04   0.10757551E-03
 0.52800000E+01   0.52230364E-04   0.10446073E-03
 0.53000000E+01   0.50719341E-04   0.10143868E-03
 0.53200000E+01   0.49253262E-04   0.98506524E-04
 0.53400000E+01   0.47830752E-04   0.95661504E-04
 0.53600000E+01   0.46450478E-04   0.92900955E-04
 0.53800000E+01   0.45111147E-04   0.90222295E-04
 0.54000000E+01   0.43811511E-04   0.87623022E-04
 0.54200000E+01   0.42550357E-04   0.85100714E-04
 0.54400000E+01   0.41326513E-04   0.82653025E-04
 0.54600000E+01   0.40138841E-04   0.80277682E-04
 0.54800000E+01   0.38986242E-04   0.77972484E-04
 0.55000000E+01   0.37867649E-04   0.75735298E-04
 0.55200000E+01   0.36782030E-04   0.73564060E-04
 0.55400000E+01   0.35728383E-04   0.71456767E-04
 0.55600000E+01   0.34705741E-04   0.69411481E-04
 0.55800000E+01   0.33713163E-04   0.67426325E-04
 0.56000000E+01   0.32749740E-04   0.65499479E-04
 0.56200000E+01   0.31814590E-04   0.63629181E-04
 0.56400000E+01   0.30906861E-04   0.61813722E-04
 0.56600000E+01   0.30025724E-04   0.60051449E-04
 0.56800000E+01   0.29170379E-04   0.58340757E-04
 0.57000000E+01   0.28340047E-04   0.56680094E-04
 0.57200000E+01   0.27533977E-04   0.55067955E-04
 0.57400000E+01   0.26751440E-04   0.53502880E-04
 0.57600000E+01   0.25991728E-04   0.51983456E-04
 0.57800000E+01   0.25254157E-04   0.50508314E-04
 0.58000000E+01   0.24538063E-04   0.49076126E-04
 0.58200000E+01   0.23842803E-04   0.47685606E-04
 0.58400000E+01   0.23167754E-04   0.46335507E-04
 0.58600000E+01   0.22512311E-04   0.45024621E-04
 0.58800000E+01   0.21875888E-04   0.43751777E-04
 0.59000000E+01   0.21257920E-04   0.42515839E-04
 0.59200000E+01   0.20657854E-04   0.41315708E-04
 0.59400000E+01   0.20075159E-04   0.40150317E-04
 0.59600000E+01   0.19509316E-04   0.39018633E-04
 0.59800000E+01   0.18959826E-04   0.37919652E-04
 0.60000000E+01   0.18426203E-04   0.36852405E-04
 0.60200000E+01   0.17907975E-04   0.35815950E-04
 0.60400000E+01   0.17404686E-04   0.34809372E-04
 0.60600000E+01   0.16915894E-04   0.33831788E-04
 0.60800000E+01   0.16441170E-04   0.32882340E-04
 0.61000000E+01   0.15980097E-04   0.31960195E-04
 0.61200000E+01   0.15532274E-04   0.31064547E-04
 0.61400000E+01   0.15097307E-04   0.30194614E-04
 0.61600000E+01   0.14674819E-04   0.29349638E-04
 0.61800000E+01   0.14264441E-04   0.28528883E-04
 0.62000000E+01   0.13865818E-04   0.27731636E-04
 0.62200000E+01   0.13478603E-04   0.26957206E-04
 0.62400000E+01   0.13102462E-04   0.26204923E-04
 0.62600000E+01   0.12737068E-04   0.25474136E-04
 0.62800000E+01   0.12382108E-04   0.24764215E-04
 0.63000000E+01   0.12037274E-04   0.24074549E-04
 0.63200000E+01   0.11702272E-04   0.23404543E-04
 0.63400000E+01   0.11376812E-04   0.22753624E-04
 0.63600000E+01   0.11060616E-04   0.22121232E-04
 0.63800000E+01   0.10753414E-04   0.21506828E-04
 0.64000000E+01   0.10454943E-04   0.20909885E-04
 0.64200000E+01   0.10164948E-04   0.20329895E-04
 0.64400000E+01   0.98831824E-05   0.19766365E-04
 0.64600000E+01   0.96094071E-05   0.19218814E-04
 0.64800000E+01   0.93433894E-05   0.18686779E-04
 0.65000000E+01   0.90849039E-05   0.18169808E-04
 0.65200000E+01   0.88337318E-05   0.17667464E-04
 0.65400000E+01   0.85896611E-05   0.17179322E-04
 0.65600000E+01   0.83524859E-05   0.16704972E-04
 0.65800000E+01   0.81220065E-05   0.16244013E-04
 0.66000000E+01   0.78980291E-05   0.15796058E-04
 0.66200000E+01   0.76803657E-05   0.15360731E-04
 0.66400000E+01   0.74688340E-05   0.14937668E-04
 0.66600000E+01   0.72632568E-05   0.14526514E-04
 0.66800000E+01   0.70634625E-05   0.14126925E-04
 0.67000000E+01   0.68692843E-05   0.13738569E-04
 0.67200000E+01   0.66805607E-05   0.13361121E-04
 0.67400000E+01   0.64971345E-05   0.12994269E-04
 0.67600000E+01   0.63188535E-05   0.12637707E-04
 0.67800000E+01   0.61455699E-05   0.12291140E-04
 0.68000000E+01   0.59771403E-05   0.11954281E-04
 0.68200000E+01   0.58134253E-05   0.11626851E-04
 0.68400000E+01   0.56542899E-05   0.11308580E-04
 0.68600000E+01   0.54996029E-05   0.10999206E-04
 0.68800000E+01   0.53492370E-05   0.10698474E-04
 0.69000000E+01   0.52030687E-05   0.10406137E-04
 0.69200000E+01   0.50609780E-05   0.10121956E-04
 0.69400000E+01   0.49228485E-05   0.98456971E-05
 0.69600000E+01   0.47885673E-05   0.95771345E-05
 0.69800000E+01   0.46580245E-05   0.93160490E-05
 0.70000000E+01   0.45311137E-05   0.90622274E-05
 0.70200000E+01   0.44077316E-05   0.88154631E-05
 0.70400000E+01   0.42877777E-05   0.85755553E-05
 0.70600000E+01   0.41711546E-05   0.83423092E-05
 0.70800000E+01   0.40577678E-05   0.81155356E-05
 0.71000000E+01   0.39475253E-05   0.78950507E-05
 0.71200000E+01   0.38403381E-05   0.76806762E-05
 0.71400000E+01   0.37361195E-05   0.74722391E-05
 0.71600000E+01   0.36347855E-05   0.72695710E-05
 0.71800000E+01   0.35362545E-05   0.70725089E-05
 0.72000000E+01   0.34404471E-05   0.68808942E-05
 0.72200000E+01   0.33472865E-05   0.66945730E-05
 0.72400000E+01   0.32566979E-05   0.65133958E-05
 0.72600000E+01   0.31686088E-05   0.63372175E-05
 0.72800000E+01   0.30829486E-05   0.61658971E-05
 0.73000000E+01   0.29996489E-05   0.59992978E-05
 0.73200000E+01   0.29186433E-05   0.58372866E-05
 0.73400000E+01   0.28398673E-05   0.56797345E-05
 0.73600000E+01   0.27632580E-05   0.55265161E-05
 0.73800000E+01   0.26887548E-05   0.53775096E-05
 0.74000000E+01   0.26162984E-05   0.52325967E-05
 0.74200000E+01   0.25458313E-05   0.50916627E-05
 0.74400000E+01   0.24772979E-05   0.49545959E-05
 0.74600000E+01   0.24106440E-05   0.48212880E-05
 0.74800000E+01   0.23458168E-05   0.46916337E-05
 0.75000000E+01   0.22827654E-05   0.45655308E-05
 0.75200000E+01   0.22214400E-05   0.44428801E-05
 0.75400000E+01   0.21617925E-05   0.43235849E-05
 0.75600000E+01   0.21037759E-05   0.42075517E-05
 0.75800000E+01   0.20473447E-05   0.40946894E-05
 0.76000000E+01   0.19924548E-05   0.39849096E-05
 0.76200000E+01   0.19390632E-05   0.38781263E-05
 0.76400000E+01   0.18871281E-05   0.37742562E-05
 0.76600000E+01   0.18366090E-05   0.36732180E-05
 0.76800000E+01   0.17874666E-05   0.35749331E-05
 0.77000000E+01   0.17396625E-05   0.34793249E-05
 0.77200000E+01   0.16931596E-05   0.33863191E-05
 0.77400000E+01   0.16479217E-05   0.32958434E-05
 0.77600000E+01   0.16039138E-05   0.32078276E-05
 0.77800000E+01   0.15611017E-05   0.31222035E-05
 0.78000000E+01   0.15194524E-05   0.30389048E-05
 0.78200000E+01   0.14789336E-05   0.29578672E-05
 0.78400000E+01   0.14395140E-05   0.28790281E-05
 0.78600000E+01   0.14011633E-05   0.28023266E-05
 0.78800000E+01   0.13638518E-05   0.27277037E-05
 0.79000000E+01   0.13275510E-05   0.26551020E-05
 0.79200000E+01   0.12922328E-05   0.25844656E-05
 0.79400000E+01   0.12578702E-05   0.25157404E-05
 0.79600000E+01   0.12244368E-05   0.24488736E-05
 0.79800000E+01   0.11919070E-05   0.23838141E-05
 0.80000000E+01   0.11602560E-05   0.23205120E-05
 0.80200000E+01   0.11294595E-05   0.22589190E-05
 0.80400000E+01   0.10994941E-05   0.21989882E-05
 0.80600000E+01   0.10703369E-05   0.21406737E-05
 0.80800000E+01   0.10419656E-05   0.20839312E-05
 0.81000000E+01   0.10143588E-05   0.20287176E-05
 0.81200000E+01   0.98749540E-06   0.19749908E-05
 0.81400000E+01   0.96135506E-06   0.19227101E-05
 0.81600000E+01   0.93591795E-06   0.18718359E-05
 0.81800000E+01   0.91116480E-06   0.18223296E-05
 0.82000000E+01   0.88707690E-06   0.17741538E-05
 0.82200000E+01   0.86363603E-06   0.17272721E-05
 0.82400000E+01   0.84082452E-06   0.16816490E-05
 0.82600000E+01   0.81862514E-06   0.16372503E-05
 0.82800000E+01   0.79702119E-06   0.15940424E-05
 0.83000000E+01   0.77599641E-06   0.15519928E-05
 0.83200000E+01   0.75553499E-06   0.15110700E-05
 0.83400000E+01   0.73562157E-06   0.14712431E-05
 0.83600000E+01   0.71624123E-06   0.14324825E-05
 0.83800000E+01   0.69737943E-06   0.13947589E-05
 0.84000000E+01   0.67902206E-06   0.13580441E-05
 0.84200000E+01   0.66115539E-06   0.13223108E-05
 0.84400000E+01   0.64376609E-06   0.12875322E-05
 0.84600000E+01   0.62684117E-06   0.12536823E-05
 0.84800000E+01   0.61036802E-06   0.12207360E-05
 0.85000000E+01   0.59433438E-06   0.11886688E-05
 0.85200000E+01   0.57872831E-06   0.11574566E-05
 0.85400000E+01   0.56353823E-06   0.11270765E-05
 0.85600000E+01   0.54875286E-06   0.10975057E-05
 0.85800000E+01   0.53436122E-06   0.10687224E-05
 0.86000000E+01   0.52035267E-06   0.10407053E-05
 0.86200000E+01   0.50671682E-06   0.10134336E-05
 0.86400000E+01   0.49344361E-06   0.98688722E-06
 0.86600000E+01   0.48052323E-06   0.96104645E-06
 0.86800000E+01   0.46794613E-06   0.93589226E-06
 0.87000000E+01   0.45570306E-06   0.91140611E-06
 0.87200000E+01   0.44378498E-06   0.88756997E-06
 0.87400000E+01   0.43218315E-06   0.86436630E-06
 0.87600000E+01   0.42088902E-06   0.84177804E-06
 0.87800000E+01   0.40989430E-06   0.81978860E-06
 0.88000000E+01   0.39919093E-06   0.79838186E-06
 0.88200000E+01   0.38877106E-06   0.77754213E-06
 0.88400000E+01   0.37862707E-06   0.75725414E-06
 0.88600000E+01   0.36875152E-06   0.73750305E-06
 0.88800000E+01   0.35913721E-06   0.71827443E-06
 0.89000000E+01   0.34977712E-06   0.69955424E-06
 0.89200000E+01   0.34066441E-06   0.68132882E-06
 0.89400000E+01   0.33179244E-06   0.66358488E-06
 0.89600000E+01   0.32315476E-06   0.64630952E-06
 0.89800000E+01   0.31474508E-06   0.62949016E-06
 0.90000000E+01   0.30655729E-06   0.61311458E-06
 0.90200000E+01   0.29858544E-06   0.59717088E-06
 0.90400000E+01   0.29082375E-06   0.58164750E-06
 0.90600000E+01   0.28326660E-06   0.56653319E-06
 0.90800000E+01   0.27590850E-06   0.55181700E-06
 0.91000000E+01   0.26874415E-06   0.53748829E-06
 0.91200000E+01   0.26176835E-06   0.52353670E-06
 0.91400000E+01   0.25497607E-06   0.50995215E-06
 0.91600000E+01   0.24836242E-06   0.49672484E-06
 0.91800000E+01   0.24192261E-06   0.48384523E-06
 0.92000000E+01   0.23565202E-06   0.47130405E-06
 0.92200000E+01   0.22954613E-06   0.45909227E-06
 0.92400000E+01   0.22360055E-06   0.44720111E-06
 0.92600000E+01   0.21781101E-06   0.43562202E-06
 0.92800000E+01   0.21217335E-06   0.42434670E-06
 0.93000000E+01   0.20668353E-06   0.41336706E-06
 0.93200000E+01   0.20133762E-06   0.40267523E-06
 0.93400000E+01   0.19613178E-06   0.39226356E-06
 0.93600000E+01   0.19106230E-06   0.38212460E-06
 0.93800000E+01   0.18612555E-06   0.37225110E-06
 0.94000000E+01   0.18131800E-06   0.36263601E-06
 0.94200000E+01   0.17663623E-06   0.35327246E-06
 0.94400000E+01   0.17207690E-06   0.34415380E-06
 0.94600000E+01   0.16763676E-06   0.33527351E-06
 0.94800000E+01   0.16331264E-06   0.32662528E-06
 0.95000000E+01   0.15910148E-06   0.31820296E-06
 0.95200000E+01   0.15500028E-06   0.31000056E-06
 0.95400000E+01   0.15100613E-06   0.30201227E-06
 0.95600000E+01   0.14711620E-06   0.29423240E-06
 0.95800000E+01   0.14332773E-06   0.28665545E-06
 0.96000000E+01   0.13963803E-06   0.27927606E-06
 0.96200000E+01   0.13604450E-06   0.27208899E-06
 0.96400000E+01   0.13254459E-06   0.26508917E-06
 0.96600000E+01   0.12913583E-06   0.25827165E-06
 0.96800000E+01   0.12581581E-06   0.25163162E-06
 0.97000000E+01   0.12258220E-06   0.24516439E-06
 0.97200000E+01   0.11943271E-06   0.23886541E-06
 0.97400000E+01   0.11636512E-06   0.23273024E-06
 0.97600000E+01   0.11337728E-06   0.22675456E-06
 0.97800000E+01   0.11046708E-06   0.22093417E-06
 0.98000000E+01   0.10763249E-06   0.21526497E-06
 0.98200000E+01   0.10487150E-06   0.20974300E-06
 0.98400000E+01   0.10218218E-06   0.20436437E-06
 0.98600000E+01   0.99562655E-07   0.19912531E-06
 0.98800000E+01   0.97011078E-07   0.19402216E-06
 0.99000000E+01   0.94525667E-07   0.18905133E-06
 0.99200000E+01   0.92104684E-07   0.18420937E-06
 0.99400000E+01   0.89746436E-07   0.17949287E-06
 0.99600000E+01   0.87449277E-07   0.17489855E-06
 0.99800000E+01   0.85211602E-07   0.17042320E-06
 0.10000000E+02   0.83031853E-07   0.16606371E-06
 0.10020000E+02   0.80908510E-07   0.16181702E-06
 0.10040000E+02   0.78840094E-07   0.15768019E-06
 0.10060000E+02   0.76825166E-07   0.15365033E-06
 0.10080000E+02   0.74862326E-07   0.14972465E-06
 0.10100000E+02   0.72950210E-07   0.14590042E-06
 0.10120000E+02   0.71087490E-07   0.14217498E-06
 0.10140000E+02   0.69272873E-07   0.13854575E-06
 0.10160000E+02   0.67505103E-07   0.13501021E-06
 0.10180000E+02   0.65782954E-07   0.13156591E-06
 0.10200000E+02   0.64105234E-07   0.12821047E-06
 0.10220000E+02   0.62470783E-07   0.12494157E-06
 0.10240000E+02   0.60878470E-07   0.12175694E-06
 0.10260000E+02   0.59327197E-07   0.11865439E-06
 0.10280000E+02   0.57815891E-07   0.11563178E-06
 0.10300000E+02   0.56343511E-07   0.11268702E-06
 0.10320000E+02   0.54909041E-07   0.10981808E-06
 0.10340000E+02   0.53511495E-07   0.10702299E-06
 0.10360000E+02   0.52149908E-07   0.10429982E-06
 0.10380000E+02   0.50823346E-07   0.10164669E-06
 0.10400000E+02   0.49530896E-07   0.99061791E-07
 0.10420000E+02   0.48271670E-07   0.96543339E-07
 0.10440000E+02   0.47044804E-07   0.94089607E-07
 0.10460000E+02   0.45849456E-07   0.91698912E-07
 0.10480000E+02   0.44684807E-07   0.89369614E-07
 0.10500000E+02   0.43550060E-07   0.87100119E-07
 0.10520000E+02   0.42444436E-07   0.84888872E-07
 0.10540000E+02   0.41367181E-07   0.82734361E-07
 0.10560000E+02   0.40317557E-07   0.80635113E-07
 0.10580000E+02   0.39294847E-07   0.78589694E-07
 0.10600000E+02   0.38298353E-07   0.76596706E-07
 0.10620000E+02   0.37327396E-07   0.74654792E-07
 0.10640000E+02   0.36381313E-07   0.72762625E-07
 0.10660000E+02   0.35459459E-07   0.70918918E-07
 0.10680000E+02   0.34561207E-07   0.69122414E-07
 0.10700000E+02   0.33685946E-07   0.67371892E-07
 0.10720000E+02   0.32833080E-07   0.65666160E-07
 0.10740000E+02   0.32002030E-07   0.64004059E-07
 0.10760000E+02   0.31192231E-07   0.62384462E-07
 0.10780000E+02   0.30403134E-07   0.60806267E-07
 0.10800000E+02   0.29634203E-07   0.59268406E-07
 0.10820000E+02   0.28884917E-07   0.57769835E-07
 0.10840000E+02   0.28154770E-07   0.56309539E-07
 0.10860000E+02   0.27443265E-07   0.54886531E-07
 0.10880000E+02   0.26749923E-07   0.53499846E-07
 0.10900000E+02   0.26074274E-07   0.52148547E-07
 0.10920000E+02   0.25415861E-07   0.50831722E-07
 0.10940000E+02   0.24774241E-07   0.49548481E-07
 0.10960000E+02   0.24148979E-07   0.48297958E-07
 0.10980000E+02   0.23539655E-07   0.47079310E-07
 0.11000000E+02   0.22945857E-07   0.45891715E-07
 0.11020000E+02   0.22367187E-07   0.44734373E-07
 0.11040000E+02   0.21803253E-07   0.43606506E-07
 0.11060000E+02   0.21253677E-07   0.42507354E-07
 0.11080000E+02   0.20718089E-07   0.41436178E-07
 0.11100000E+02   0.20196129E-07   0.40392259E-07
 0.11120000E+02   0.19687448E-07   0.39374895E-07
 0.11140000E+02   0.19191702E-07   0.38383404E-07
 0.11160000E+02   0.18708561E-07   0.37417121E-07
 0.11180000E+02   0.18237699E-07   0.36475398E-07
 0.11200000E+02   0.17778802E-07   0.35557604E-07
 0.11220000E+02   0.17331562E-07   0.34663125E-07
 0.11240000E+02   0.16895681E-07   0.33791361E-07
 0.11260000E+02   0.16470865E-07   0.32941731E-07
 0.11280000E+02   0.16056833E-07   0.32113666E-07
 0.11300000E+02   0.15653306E-07   0.31306613E-07
 0.11320000E+02   0.15260017E-07   0.30520033E-07
 0.11340000E+02   0.14876701E-07   0.29753402E-07
 0.11360000E+02   0.14503104E-07   0.29006208E-07
 0.11380000E+02   0.14138977E-07   0.28277954E-07
 0.11400000E+02   0.13784077E-07   0.27568155E-07
 0.11420000E+02   0.13438168E-07   0.26876337E-07
 0.11440000E+02   0.13101020E-07   0.26202041E-07
 0.11460000E+02   0.12772409E-07   0.25544818E-07
 0.11480000E+02   0.12452116E-07   0.24904233E-07
 0.11500000E+02   0.12139929E-07   0.24279858E-07
 0.11520000E+02   0.11835640E-07   0.23671280E-07
 0.11540000E+02   0.11539048E-07   0.23078096E-07
 0.11560000E+02   0.11249956E-07   0.22499912E-07
 0.11580000E+02   0.10968172E-07   0.21936344E-07
 0.11600000E+02   0.10693510E-07   0.21387020E-07
 0.11620000E+02   0.10425788E-07   0.20851576E-07
 0.11640000E+02   0.10164829E-07   0.20329657E-07
 0.11660000E+02   0.99104598E-08   0.19820920E-07
 0.11680000E+02   0.96625133E-08   0.19325027E-07
 0.11700000E+02   0.94208253E-08   0.18841651E-07
 0.11720000E+02   0.91852363E-08   0.18370473E-07
 0.11740000E+02   0.89555909E-08   0.17911182E-07
 0.11760000E+02   0.87317377E-08   0.17463475E-07
 0.11780000E+02   0.85135292E-08   0.17027058E-07
 0.11800000E+02   0.83008216E-08   0.16601643E-07
 0.11820000E+02   0.80934749E-08   0.16186950E-07
 0.11840000E+02   0.78913527E-08   0.15782705E-07
 0.11860000E+02   0.76943222E-08   0.15388644E-07
 0.11880000E+02   0.75022537E-08   0.15004507E-07
 0.11900000E+02   0.73150212E-08   0.14630042E-07
 0.11920000E+02   0.71325017E-08   0.14265003E-07
 0.11940000E+02   0.69545755E-08   0.13909151E-07
 0.11960000E+02   0.67811258E-08   0.13562252E-07
 0.11980000E+02   0.66120390E-08   0.13224078E-07
 0.12000000E+02   0.64472044E-08   0.12894409E-07
 0.12020000E+02   0.62865139E-08   0.12573028E-07
 0.12040000E+02   0.61298623E-08   0.12259725E-07
 0.12060000E+02   0.59771474E-08   0.11954295E-07
 0.12080000E+02   0.58282691E-08   0.11656538E-07
 0.12100000E+02   0.56831302E-08   0.11366260E-07
 0.12120000E+02   0.55416359E-08   0.11083272E-07
 0.12140000E+02   0.54036939E-08   0.10807388E-07
 0.12160000E+02   0.52692141E-08   0.10538428E-07
 0.12180000E+02   0.51381088E-08   0.10276218E-07
 0.12200000E+02   0.50102927E-08   0.10020585E-07
 0.12220000E+02   0.48856824E-08   0.97713648E-08
 0.12240000E+02   0.47641968E-08   0.95283935E-08
 0.12260000E+02   0.46457568E-08   0.92915135E-08
 0.12280000E+02   0.45302853E-08   0.90605707E-08
 0.12300000E+02   0.44177074E-08   0.88354149E-08
 0.12320000E+02   0.43079499E-08   0.86158997E-08
 0.12340000E+02   0.42009414E-08   0.84018827E-08
 0.12360000E+02   0.40966124E-08   0.81932249E-08
 0.12380000E+02   0.39948954E-08   0.79897908E-08
 0.12400000E+02   0.38957243E-08   0.77914486E-08
 0.12420000E+02   0.37990349E-08   0.75980697E-08
 0.12440000E+02   0.37047644E-08   0.74095287E-08
 0.12460000E+02   0.36128518E-08   0.72257036E-08
 0.12480000E+02   0.35232377E-08   0.70464754E-08
 0.12500000E+02   0.34358641E-08   0.68717281E-08
 0.12520000E+02   0.33506744E-08   0.67013488E-08
 0.12540000E+02   0.32676136E-08   0.65352271E-08
 0.12560000E+02   0.31866280E-08   0.63732560E-08
 0.12580000E+02   0.31076654E-08   0.62153307E-08
 0.12600000E+02   0.30306747E-08   0.60613494E-08
 0.12620000E+02   0.29556063E-08   0.59112126E-08
 0.12640000E+02   0.28824118E-08   0.57648236E-08
 0.12660000E+02   0.28110440E-08   0.56220881E-08
 0.12680000E+02   0.27414570E-08   0.54829139E-08
 0.12700000E+02   0.26736058E-08   0.53472117E-08
 0.12720000E+02   0.26074470E-08   0.52148939E-08
 0.12740000E+02   0.25429378E-08   0.50858755E-08
 0.12760000E+02   0.24800368E-08   0.49600736E-08
 0.12780000E+02   0.24187036E-08   0.48374071E-08
 0.12800000E+02   0.23588987E-08   0.47177974E-08
 0.12820000E+02   0.23005838E-08   0.46011677E-08
 0.12840000E+02   0.22437215E-08   0.44874430E-08
 0.12860000E+02   0.21882752E-08   0.43765505E-08
 0.12880000E+02   0.21342094E-08   0.42684189E-08
 0.12900000E+02   0.20814895E-08   0.41629790E-08
 0.12920000E+02   0.20300816E-08   0.40601633E-08
 0.12940000E+02   0.19799529E-08   0.39599058E-08
 0.12960000E+02   0.19310712E-08   0.38621424E-08
 0.12980000E+02   0.18834053E-08   0.37668106E-08
 0.13000000E+02   0.18369247E-08   0.36738494E-08
 0.13020000E+02   0.17915997E-08   0.35831993E-08
 0.13040000E+02   0.17474012E-08   0.34948025E-08
 0.13060000E+02   0.17043012E-08   0.34086024E-08
 0.13080000E+02   0.16622720E-08   0.33245441E-08
 0.13100000E+02   0.16212869E-08   0.32425738E-08
 0.13120000E+02   0.15813197E-08   0.31626394E-08
 0.13140000E+02   0.15423449E-08   0.30846898E-08
 0.13160000E+02   0.15043377E-08   0.30086754E-08
 0.13180000E+02   0.14672738E-08   0.29345477E-08
 0.13200000E+02   0.14311298E-08   0.28622595E-08
 0.13220000E+02   0.13958825E-08   0.27917649E-08
 0.13240000E+02   0.13615095E-08   0.27230190E-08
 0.13260000E+02   0.13279890E-08   0.26559780E-08
 0.13280000E+02   0.12952997E-08   0.25905993E-08
 0.13300000E+02   0.12634207E-08   0.25268415E-08
 0.13320000E+02   0.12323320E-08   0.24646640E-08
 0.13340000E+02   0.12020136E-08   0.24040273E-08
 0.13360000E+02   0.11724465E-08   0.23448929E-08
 0.13380000E+02   0.11436117E-08   0.22872234E-08
 0.13400000E+02   0.11154911E-08   0.22309822E-08
 0.13420000E+02   0.10880668E-08   0.21761335E-08
 0.13440000E+02   0.10613214E-08   0.21226428E-08
 0.13460000E+02   0.10352380E-08   0.20704761E-08
 0.13480000E+02   0.10098002E-08   0.20196003E-08
 0.13500000E+02   0.98499170E-09   0.19699834E-08
 0.13520000E+02   0.96079693E-09   0.19215939E-08
 0.13540000E+02   0.93720056E-09   0.18744011E-08
 0.13560000E+02   0.91418770E-09   0.18283754E-08
 0.13580000E+02   0.89174379E-09   0.17834876E-08
 0.13600000E+02   0.86985467E-09   0.17397093E-08
 0.13620000E+02   0.84850652E-09   0.16970130E-08
 0.13640000E+02   0.82768587E-09   0.16553717E-08
 0.13660000E+02   0.80737958E-09   0.16147592E-08
 0.13680000E+02   0.78757487E-09   0.15751497E-08
 0.13700000E+02   0.76825924E-09   0.15365185E-08
 0.13720000E+02   0.74942053E-09   0.14988411E-08
 0.13740000E+02   0.73104687E-09   0.14620937E-08
 0.13760000E+02   0.71312671E-09   0.14262534E-08
 0.13780000E+02   0.69564876E-09   0.13912975E-08
 0.13800000E+02   0.67860204E-09   0.13572041E-08
 0.13820000E+02   0.66197583E-09   0.13239517E-08
 0.13840000E+02   0.64575967E-09   0.12915193E-08
 0.13860000E+02   0.62994339E-09   0.12598868E-08
 0.13880000E+02   0.61451704E-09   0.12290341E-08
 0.13900000E+02   0.59947095E-09   0.11989419E-08
 0.13920000E+02   0.58479568E-09   0.11695914E-08
 0.13940000E+02   0.57048202E-09   0.11409640E-08
 0.13960000E+02   0.55652100E-09   0.11130420E-08
 0.13980000E+02   0.54290386E-09   0.10858077E-08
 0.14000000E+02   0.52962208E-09   0.10592442E-08
 0.14020000E+02   0.51666734E-09   0.10333347E-08
 0.14040000E+02   0.50403153E-09   0.10080631E-08
 0.14060000E+02   0.49170674E-09   0.98341347E-09
 0.14080000E+02   0.47968526E-09   0.95937052E-09
 0.14100000E+02   0.46795957E-09   0.93591915E-09
 0.14120000E+02   0.45652236E-09   0.91304472E-09
 0.14140000E+02   0.44536646E-09   0.89073292E-09
 0.14160000E+02   0.43448491E-09   0.86896983E-09
 0.14180000E+02   0.42387093E-09   0.84774185E-09
 0.14200000E+02   0.41351787E-09   0.82703574E-09
 0.14220000E+02   0.40341929E-09   0.80683858E-09
 0.14240000E+02   0.39356889E-09   0.78713777E-09
 0.14260000E+02   0.38396052E-09   0.76792103E-09
 0.14280000E+02   0.37458819E-09   0.74917639E-09
 0.14300000E+02   0.36544608E-09   0.73089216E-09
 0.14320000E+02   0.35652848E-09   0.71305696E-09
 0.14340000E+02   0.34782984E-09   0.69565969E-09
 0.14360000E+02   0.33934476E-09   0.67868952E-09
 0.14380000E+02   0.33106795E-09   0.66213590E-09
 0.14400000E+02   0.32299426E-09   0.64598852E-09
 0.14420000E+02   0.31511868E-09   0.63023736E-09
 0.14440000E+02   0.30743632E-09   0.61487263E-09
 0.14460000E+02   0.29994239E-09   0.59988478E-09
 0.14480000E+02   0.29263226E-09   0.58526451E-09
 0.14500000E+02   0.28550137E-09   0.57100274E-09
 0.14520000E+02   0.27854531E-09   0.55709062E-09
 0.14540000E+02   0.27175976E-09   0.54351952E-09
 0.14560000E+02   0.26514051E-09   0.53028103E-09
 0.14580000E+02   0.25868347E-09   0.51736694E-09
 0.14600000E+02   0.25238463E-09   0.50476925E-09
 0.14620000E+02   0.24624008E-09   0.49248016E-09
 0.14640000E+02   0.24024603E-09   0.48049206E-09
 0.14660000E+02   0.23439876E-09   0.46879752E-09
 0.14680000E+02   0.22869466E-09   0.45738932E-09
 0.14700000E+02   0.22313020E-09   0.44626039E-09
 0.14720000E+02   0.21770193E-09   0.43540386E-09
 0.14740000E+02   0.21240651E-09   0.42481301E-09
 0.14760000E+02   0.20724065E-09   0.41448130E-09
 0.14780000E+02   0.20220118E-09   0.40440235E-09
 0.14800000E+02   0.19728497E-09   0.39456994E-09
 0.14820000E+02   0.19248899E-09   0.38497799E-09
 0.14840000E+02   0.18781029E-09   0.37562058E-09
 0.14860000E+02   0.18324598E-09   0.36649196E-09
 0.14880000E+02   0.17879324E-09   0.35758648E-09
 0.14900000E+02   0.17444933E-09   0.34889865E-09
 0.14920000E+02   0.17021157E-09   0.34042314E-09
 0.14940000E+02   0.16607735E-09   0.33215470E-09
 0.14960000E+02   0.16204413E-09   0.32408825E-09
 0.14980000E+02   0.15810942E-09   0.31621883E-09
 0.15000000E+02   0.15427080E-09   0.30854160E-09
 0.15020000E+02   0.15052591E-09   0.30105182E-09
 0.15040000E+02   0.14687245E-09   0.29374490E-09
 0.15060000E+02   0.14330817E-09   0.28661634E-09
 0.15080000E+02   0.13983088E-09   0.27966176E-09
 0.15100000E+02   0.13643844E-09   0.27287689E-09
 0.15120000E+02   0.13312878E-09   0.26625756E-09
 0.15140000E+02   0.12989986E-09   0.25979971E-09
 0.15160000E+02   0.12674969E-09   0.25349937E-09
 0.15180000E+02   0.12367634E-09   0.24735269E-09
 0.15200000E+02   0.12067794E-09   0.24135588E-09
 0.15220000E+02   0.11775264E-09   0.23550527E-09
 0.15240000E+02   0.11489864E-09   0.22979728E-09
 0.15260000E+02   0.11211420E-09   0.22422841E-09
 0.15280000E+02   0.10939762E-09   0.21879524E-09
 0.15300000E+02   0.10674723E-09   0.21349446E-09
 0.15320000E+02   0.10416140E-09   0.20832281E-09
 0.15340000E+02   0.10163856E-09   0.20327713E-09
 0.15360000E+02   0.99177164E-10   0.19835433E-09
 0.15380000E+02   0.96775701E-10   0.19355140E-09
 0.15400000E+02   0.94432707E-10   0.18886541E-09
 0.15420000E+02   0.92146748E-10   0.18429350E-09
 0.15440000E+02   0.89916429E-10   0.17983286E-09
 0.15460000E+02   0.87740387E-10   0.17548077E-09
 0.15480000E+02   0.85617294E-10   0.17123459E-09
 0.15500000E+02   0.83545852E-10   0.16709170E-09
 0.15520000E+02   0.81524799E-10   0.16304960E-09
 0.15540000E+02   0.79552902E-10   0.15910580E-09
 0.15560000E+02   0.77628957E-10   0.15525791E-09
 0.15580000E+02   0.75751792E-10   0.15150358E-09
 0.15600000E+02   0.73920263E-10   0.14784053E-09
 0.15620000E+02   0.72133254E-10   0.14426651E-09
 0.15640000E+02   0.70389676E-10   0.14077935E-09
 0.15660000E+02   0.68688468E-10   0.13737694E-09
 0.15680000E+02   0.67028594E-10   0.13405719E-09
 0.15700000E+02   0.65409044E-10   0.13081809E-09
 0.15720000E+02   0.63828833E-10   0.12765767E-09
 0.15740000E+02   0.62287000E-10   0.12457400E-09
 0.15760000E+02   0.60782607E-10   0.12156521E-09
 0.15780000E+02   0.59314741E-10   0.11862948E-09
 0.15800000E+02   0.57882508E-10   0.11576502E-09
 0.15820000E+02   0.56485040E-10   0.11297008E-09
 0.15840000E+02   0.55121487E-10   0.11024297E-09
 0.15860000E+02   0.53791022E-10   0.10758204E-09
 0.15880000E+02   0.52492837E-10   0.10498567E-09
 0.15900000E+02   0.51226145E-10   0.10245229E-09
 0.15920000E+02   0.49990178E-10   0.99980355E-10
 0.15940000E+02   0.48784185E-10   0.97568370E-10
 0.15960000E+02   0.47607437E-10   0.95214873E-10
 0.15980000E+02   0.46459219E-10   0.92918438E-10
 0.16000000E+02   0.45338836E-10   0.90677673E-10
 0.16020000E+02   0.44245611E-10   0.88491221E-10
 0.16040000E+02   0.43178880E-10   0.86357759E-10
 0.16060000E+02   0.42137998E-10   0.84275996E-10
 0.16080000E+02   0.41122336E-10   0.82244671E-10
 0.16100000E+02   0.40131278E-10   0.80262556E-10
 0.16120000E+02   0.39164226E-10   0.78328452E-10
 0.16140000E+02   0.38220595E-10   0.76441190E-10
 0.16160000E+02   0.37299815E-10   0.74599630E-10
 0.16180000E+02   0.36401329E-10   0.72802657E-10
 0.16200000E+02   0.35524594E-10   0.71049188E-10
 0.16220000E+02   0.34669081E-10   0.69338163E-10
 0.16240000E+02   0.33834274E-10   0.67668549E-10
 0.16260000E+02   0.33019669E-10   0.66039338E-10
 0.16280000E+02   0.32224774E-10   0.64449548E-10
 0.16300000E+02   0.31449110E-10   0.62898219E-10
 0.16320000E+02   0.30692208E-10   0.61384416E-10
 0.16340000E+02   0.29953613E-10   0.59907227E-10
 0.16360000E+02   0.29232880E-10   0.58465761E-10
 0.16380000E+02   0.28529574E-10   0.57059149E-10
 0.16400000E+02   0.27843272E-10   0.55686545E-10
 0.16420000E+02   0.27173560E-10   0.54347121E-10
 0.16440000E+02   0.26520036E-10   0.53040072E-10
 0.16460000E+02   0.25882305E-10   0.51764610E-10
 0.16480000E+02   0.25259985E-10   0.50519969E-10
 0.16500000E+02   0.24652700E-10   0.49305400E-10
 0.16520000E+02   0.24060086E-10   0.48120172E-10
 0.16540000E+02   0.23481786E-10   0.46963573E-10
 0.16560000E+02   0.22917454E-10   0.45834907E-10
 0.16580000E+02   0.22366748E-10   0.44733497E-10
 0.16600000E+02   0.21829340E-10   0.43658681E-10
 0.16620000E+02   0.21304906E-10   0.42609813E-10
 0.16640000E+02   0.20793132E-10   0.41586264E-10
 0.16660000E+02   0.20293710E-10   0.40587419E-10
 0.16680000E+02   0.19806340E-10   0.39612679E-10
 0.16700000E+02   0.19330730E-10   0.38661460E-10
 0.16720000E+02   0.18866595E-10   0.37733191E-10
 0.16740000E+02   0.18413657E-10   0.36827314E-10
 0.16760000E+02   0.17971644E-10   0.35943289E-10
 0.16780000E+02   0.17540292E-10   0.35080583E-10
 0.16800000E+02   0.17119341E-10   0.34238682E-10
 0.16820000E+02   0.16708540E-10   0.33417080E-10
 0.16840000E+02   0.16307643E-10   0.32615286E-10
 0.16860000E+02   0.15916410E-10   0.31832819E-10
 0.16880000E+02   0.15534606E-10   0.31069212E-10
 0.16900000E+02   0.15162004E-10   0.30324008E-10
 0.16920000E+02   0.14798380E-10   0.29596760E-10
 0.16940000E+02   0.14443517E-10   0.28887035E-10
 0.16960000E+02   0.14097203E-10   0.28194407E-10
 0.16980000E+02   0.13759231E-10   0.27518463E-10
 0.17000000E+02   0.13429399E-10   0.26858798E-10
 0.17020000E+02   0.13107510E-10   0.26215020E-10
 0.17040000E+02   0.12793371E-10   0.25586743E-10
 0.17060000E+02   0.12486796E-10   0.24973592E-10
 0.17080000E+02   0.12187601E-10   0.24375201E-10
 0.17100000E+02   0.11895607E-10   0.23791214E-10
 0.17120000E+02   0.11610641E-10   0.23221282E-10
 0.17140000E+02   0.11332532E-10   0.22665064E-10
 0.17160000E+02   0.11061115E-10   0.22122230E-10
 0.17180000E+02   0.10796228E-10   0.21592456E-10
 0.17200000E+02   0.10537713E-10   0.21075425E-10
 0.17220000E+02   0.10285415E-10   0.20570830E-10
 0.17240000E+02   0.10039186E-10   0.20078371E-10
 0.17260000E+02   0.97988770E-11   0.19597754E-10
 0.17280000E+02   0.95643463E-11   0.19128693E-10
 0.17300000E+02   0.93354540E-11   0.18670908E-10
 0.17320000E+02   0.91120639E-11   0.18224128E-10
 0.17340000E+02   0.88940431E-11   0.17788086E-10
 0.17360000E+02   0.86812618E-11   0.17362524E-10
 0.17380000E+02   0.84735937E-11   0.16947187E-10
 0.17400000E+02   0.82709151E-11   0.16541830E-10
 0.17420000E+02   0.80731057E-11   0.16146211E-10
 0.17440000E+02   0.78800480E-11   0.15760096E-10
 0.17460000E+02   0.76916272E-11   0.15383254E-10
 0.17480000E+02   0.75077315E-11   0.15015463E-10
 0.17500000E+02   0.73282516E-11   0.14656503E-10
 0.17520000E+02   0.71530811E-11   0.14306162E-10
 0.17540000E+02   0.69821159E-11   0.13964232E-10
 0.17560000E+02   0.68152547E-11   0.13630509E-10
 0.17580000E+02   0.66523985E-11   0.13304797E-10
 0.17600000E+02   0.64934506E-11   0.12986901E-10
 0.17620000E+02   0.63383169E-11   0.12676634E-10
 0.17640000E+02   0.61869055E-11   0.12373811E-10
 0.17660000E+02   0.60391265E-11   0.12078253E-10
 0.17680000E+02   0.58948924E-11   0.11789785E-10
 0.17700000E+02   0.57541179E-11   0.11508236E-10
 0.17720000E+02   0.56167195E-11   0.11233439E-10
 0.17740000E+02   0.54826159E-11   0.10965232E-10
 0.17760000E+02   0.53517277E-11   0.10703455E-10
 0.17780000E+02   0.52239775E-11   0.10447955E-10
 0.17800000E+02   0.50992898E-11   0.10198580E-10
 0.17820000E+02   0.49775907E-11   0.99551813E-11
 0.17840000E+02   0.48588082E-11   0.97176165E-11
 0.17860000E+02   0.47428723E-11   0.94857446E-11
 0.17880000E+02   0.46297143E-11   0.92594287E-11
 0.17900000E+02   0.45192674E-11   0.90385349E-11
 0.17920000E+02   0.44114664E-11   0.88229328E-11
 0.17940000E+02   0.43062475E-11   0.86124951E-11
 0.17960000E+02   0.42035487E-11   0.84070974E-11
 0.17980000E+02   0.41033093E-11   0.82066186E-11
 0.18000000E+02   0.40054702E-11   0.80109404E-11
 0.18020000E+02   0.39099736E-11   0.78199471E-11
 0.18040000E+02   0.38167632E-11   0.76335263E-11
 0.18060000E+02   0.37257839E-11   0.74515679E-11
 0.18080000E+02   0.36369823E-11   0.72739646E-11
 0.18100000E+02   0.35503059E-11   0.71006118E-11
 0.18120000E+02   0.34657036E-11   0.69314072E-11
 0.18140000E+02   0.33831256E-11   0.67662512E-11
 0.18160000E+02   0.33025232E-11   0.66050464E-11
 0.18180000E+02   0.32238490E-11   0.64476980E-11
 0.18200000E+02   0.31470566E-11   0.62941132E-11
 0.18220000E+02   0.30721008E-11   0.61442017E-11
 0.18240000E+02   0.29989376E-11   0.59978752E-11
 0.18260000E+02   0.29275238E-11   0.58550475E-11
 0.18280000E+02   0.28578174E-11   0.57156348E-11
 0.18300000E+02   0.27897775E-11   0.55795549E-11
 0.18320000E+02   0.27233639E-11   0.54467279E-11
 0.18340000E+02   0.26585378E-11   0.53170756E-11
 0.18360000E+02   0.25952609E-11   0.51905219E-11
 0.18380000E+02   0.25334962E-11   0.50669924E-11
 0.18400000E+02   0.24732072E-11   0.49464144E-11
 0.18420000E+02   0.24143586E-11   0.48287172E-11
 0.18440000E+02   0.23569159E-11   0.47138317E-11
 0.18460000E+02   0.23008452E-11   0.46016904E-11
 0.18480000E+02   0.22461137E-11   0.44922275E-11
 0.18500000E+02   0.21926893E-11   0.43853786E-11
 0.18520000E+02   0.21405406E-11   0.42810813E-11
 0.18540000E+02   0.20896371E-11   0.41792741E-11
 0.18560000E+02   0.20399488E-11   0.40798975E-11
 0.18580000E+02   0.19914466E-11   0.39828932E-11
 0.18600000E+02   0.19441021E-11   0.38882043E-11
 0.18620000E+02   0.18978876E-11   0.37957753E-11
 0.18640000E+02   0.18527760E-11   0.37055520E-11
 0.18660000E+02   0.18087408E-11   0.36174816E-11
 0.18680000E+02   0.17657562E-11   0.35315125E-11
 0.18700000E+02   0.17237972E-11   0.34475943E-11
 0.18720000E+02   0.16828390E-11   0.33656780E-11
 0.18740000E+02   0.16428578E-11   0.32857155E-11
 0.18760000E+02   0.16038301E-11   0.32076602E-11
 0.18780000E+02   0.15657331E-11   0.31314662E-11
 0.18800000E+02   0.15285445E-11   0.30570890E-11
 0.18820000E+02   0.14922426E-11   0.29844852E-11
 0.18840000E+02   0.14568061E-11   0.29136122E-11
 0.18860000E+02   0.14222143E-11   0.28444287E-11
 0.18880000E+02   0.13884471E-11   0.27768942E-11
 0.18900000E+02   0.13554846E-11   0.27109692E-11
 0.18920000E+02   0.13233076E-11   0.26466152E-11
 0.18940000E+02   0.12918974E-11   0.25837947E-11
 0.18960000E+02   0.12612355E-11   0.25224709E-11
 0.18980000E+02   0.12313040E-11   0.24626081E-11
 0.19000000E+02   0.12020856E-11   0.24041712E-11
 0.19020000E+02   0.11735631E-11   0.23471263E-11
 0.19040000E+02   0.11457200E-11   0.22914399E-11
 0.19060000E+02   0.11185398E-11   0.22370797E-11
 0.19080000E+02   0.10920069E-11   0.21840138E-11
 0.19100000E+02   0.10661057E-11   0.21322115E-11
 0.19120000E+02   0.10408212E-11   0.20816423E-11
 0.19140000E+02   0.10161385E-11   0.20322770E-11
 0.19160000E+02   0.99204334E-12   0.19840867E-11
 0.19180000E+02   0.96852165E-12   0.19370433E-11
 0.19200000E+02   0.94555972E-12   0.18911194E-11
 0.19220000E+02   0.92314418E-12   0.18462884E-11
 0.19240000E+02   0.90126198E-12   0.18025240E-11
 0.19260000E+02   0.87990037E-12   0.17598007E-11
 0.19280000E+02   0.85904693E-12   0.17180939E-11
 0.19300000E+02   0.83868951E-12   0.16773790E-11
 0.19320000E+02   0.81881628E-12   0.16376326E-11
 0.19340000E+02   0.79941566E-12   0.15988313E-11
 0.19360000E+02   0.78047639E-12   0.15609528E-11
 0.19380000E+02   0.76198744E-12   0.15239749E-11
 0.19400000E+02   0.74393806E-12   0.14878761E-11
 0.19420000E+02   0.72631777E-12   0.14526355E-11
 0.19440000E+02   0.70911632E-12   0.14182326E-11
 0.19460000E+02   0.69232372E-12   0.13846474E-11
 0.19480000E+02   0.67593022E-12   0.13518604E-11
 0.19500000E+02   0.65992628E-12   0.13198526E-11
 0.19520000E+02   0.64430263E-12   0.12886053E-11
 0.19540000E+02   0.62905018E-12   0.12581004E-11
 0.19560000E+02   0.61416009E-12   0.12283202E-11
 0.19580000E+02   0.59962371E-12   0.11992474E-11
 0.19600000E+02   0.58543262E-12   0.11708652E-11
 0.19620000E+02   0.57157856E-12   0.11431571E-11
 0.19640000E+02   0.55805352E-12   0.11161070E-11
 0.19660000E+02   0.54484965E-12   0.10896993E-11
 0.19680000E+02   0.53195929E-12   0.10639186E-11
 0.19700000E+02   0.51937497E-12   0.10387499E-11
 0.19720000E+02   0.50708939E-12   0.10141788E-11
 0.19740000E+02   0.49509545E-12   0.99019089E-12
 0.19760000E+02   0.48338618E-12   0.96677236E-12
 0.19780000E+02   0.47195481E-12   0.94390962E-12
 0.19800000E+02   0.46079472E-12   0.92158944E-12
 0.19820000E+02   0.44989944E-12   0.89979889E-12
 0.19840000E+02   0.43926268E-12   0.87852535E-12
 0.19860000E+02   0.42887826E-12   0.85775652E-12
 0.19880000E+02   0.41874019E-12   0.83748037E-12
 0.19900000E+02   0.40884259E-12   0.81768518E-12
 0.19920000E+02   0.39917975E-12   0.79835949E-12
 0.19940000E+02   0.38974607E-12   0.77949213E-12
 0.19960000E+02   0.38053609E-12   0.76107219E-12
 0.19980000E+02   0.37154451E-12   0.74308901E-12
 0.20000000E+02   0.36276610E-12   0.72553221E-12
 0.20020000E+02   0.35419582E-12   0.70839163E-12
 0.20040000E+02   0.34582869E-12   0.69165738E-12
 0.20060000E+02   0.33765989E-12   0.67531979E-12
 0.20080000E+02   0.32968471E-12   0.65936941E-12
 0.20100000E+02   0.32189852E-12   0.64379705E-12
 0.20120000E+02   0.31429685E-12   0.62859370E-12
 0.20140000E+02   0.30687530E-12   0.61375060E-12
 0.20160000E+02   0.29962958E-12   0.59925917E-12
 0.20180000E+02   0.29255553E-12   0.58511105E-12
 0.20200000E+02   0.28564904E-12   0.57129808E-12
 0.20220000E+02   0.27890615E-12   0.55781230E-12
 0.20240000E+02   0.27232296E-12   0.54464592E-12
 0.20260000E+02   0.26589568E-12   0.53179135E-12
 0.20280000E+02   0.25962059E-12   0.51924118E-12
 0.20300000E+02   0.25349409E-12   0.50698819E-12
 0.20320000E+02   0.24751265E-12   0.49502529E-12
 0.20340000E+02   0.24167281E-12   0.48334561E-12
 0.20360000E+02   0.23597121E-12   0.47194242E-12
 0.20380000E+02   0.23040457E-12   0.46080914E-12
 0.20400000E+02   0.22496968E-12   0.44993936E-12
 0.20420000E+02   0.21966342E-12   0.43932683E-12
 0.20440000E+02   0.21448272E-12   0.42896544E-12
 0.20460000E+02   0.20942461E-12   0.41884922E-12
 0.20480000E+02   0.20448617E-12   0.40897235E-12
 0.20500000E+02   0.19966457E-12   0.39932915E-12
 0.20520000E+02   0.19495703E-12   0.38991407E-12
 0.20540000E+02   0.19036084E-12   0.38072169E-12
 0.20560000E+02   0.18587337E-12   0.37174673E-12
 0.20580000E+02   0.18149202E-12   0.36298403E-12
 0.20600000E+02   0.17721428E-12   0.35442855E-12
 0.20620000E+02   0.17303769E-12   0.34607538E-12
 0.20640000E+02   0.16895985E-12   0.33791971E-12
 0.20660000E+02   0.16497843E-12   0.32995685E-12
 0.20680000E+02   0.16109112E-12   0.32218224E-12
 0.20700000E+02   0.15729570E-12   0.31459141E-12
 0.20720000E+02   0.15359000E-12   0.30718000E-12
 0.20740000E+02   0.14997187E-12   0.29994375E-12
 0.20760000E+02   0.14643925E-12   0.29287850E-12
 0.20780000E+02   0.14299011E-12   0.28598022E-12
 0.20800000E+02   0.13962246E-12   0.27924493E-12
 0.20820000E+02   0.13633438E-12   0.27266877E-12
 0.20840000E+02   0.13312398E-12   0.26624796E-12
 0.20860000E+02   0.12998942E-12   0.25997884E-12
 0.20880000E+02   0.12692890E-12   0.25385779E-12
 0.20900000E+02   0.12394066E-12   0.24788132E-12
 0.20920000E+02   0.12102299E-12   0.24204599E-12
 0.20940000E+02   0.11817423E-12   0.23634846E-12
 0.20960000E+02   0.11539273E-12   0.23078547E-12
 0.20980000E+02   0.11267691E-12   0.22535382E-12
 0.21000000E+02   0.11002521E-12   0.22005041E-12
 0.21020000E+02   0.10743610E-12   0.21487220E-12
 0.21040000E+02   0.10490811E-12   0.20981623E-12
 0.21060000E+02   0.10243979E-12   0.20487959E-12
 0.21080000E+02   0.10002973E-12   0.20005946E-12
 0.21100000E+02   0.97676543E-13   0.19535309E-12
 0.21120000E+02   0.95378886E-13   0.19075777E-12
 0.21140000E+02   0.93135444E-13   0.18627089E-12
 0.21160000E+02   0.90944933E-13   0.18188987E-12
 0.21180000E+02   0.88806102E-13   0.17761220E-12
 0.21200000E+02   0.86717725E-13   0.17343545E-12
 0.21220000E+02   0.84678610E-13   0.16935722E-12
 0.21240000E+02   0.82687591E-13   0.16537518E-12
 0.21260000E+02   0.80743529E-13   0.16148706E-12
 0.21280000E+02   0.78845313E-13   0.15769063E-12
 0.21300000E+02   0.76991858E-13   0.15398372E-12
 0.21320000E+02   0.75182106E-13   0.15036421E-12
 0.21340000E+02   0.73415023E-13   0.14683005E-12
 0.21360000E+02   0.71689600E-13   0.14337920E-12
 0.21380000E+02   0.70004851E-13   0.14000970E-12
 0.21400000E+02   0.68359814E-13   0.13671963E-12
 0.21420000E+02   0.66753550E-13   0.13350710E-12
 0.21440000E+02   0.65185142E-13   0.13037028E-12
 0.21460000E+02   0.63653696E-13   0.12730739E-12
 0.21480000E+02   0.62158338E-13   0.12431668E-12
 0.21500000E+02   0.60698213E-13   0.12139643E-12
 0.21520000E+02   0.59272490E-13   0.11854498E-12
 0.21540000E+02   0.57880356E-13   0.11576071E-12
 0.21560000E+02   0.56521016E-13   0.11304203E-12
 0.21580000E+02   0.55193695E-13   0.11038739E-12
 0.21600000E+02   0.53897638E-13   0.10779528E-12
 0.21620000E+02   0.52632105E-13   0.10526421E-12
 0.21640000E+02   0.51396375E-13   0.10279275E-12
 0.21660000E+02   0.50189744E-13   0.10037949E-12
 0.21680000E+02   0.49011524E-13   0.98023048E-13
 0.21700000E+02   0.47861045E-13   0.95722090E-13
 0.21720000E+02   0.46737651E-13   0.93475303E-13
 0.21740000E+02   0.45640703E-13   0.91281407E-13
 0.21760000E+02   0.44569577E-13   0.89139153E-13
 0.21780000E+02   0.43523661E-13   0.87047322E-13
 0.21800000E+02   0.42502362E-13   0.85004724E-13
 0.21820000E+02   0.41505098E-13   0.83010196E-13
 0.21840000E+02   0.40531301E-13   0.81062603E-13
 0.21860000E+02   0.39580419E-13   0.79160837E-13
 0.21880000E+02   0.38651909E-13   0.77303817E-13
 0.21900000E+02   0.37745244E-13   0.75490487E-13
 0.21920000E+02   0.36859908E-13   0.73719816E-13
 0.21940000E+02   0.35995398E-13   0.71990796E-13
 0.21960000E+02   0.35151223E-13   0.70302445E-13
 0.21980000E+02   0.34326902E-13   0.68653805E-13
 0.22000000E+02   0.33521968E-13   0.67043936E-13
 0.22020000E+02   0.32735963E-13   0.65471926E-13
 0.22040000E+02   0.31968441E-13   0.63936882E-13
 0.22060000E+02   0.31218965E-13   0.62437930E-13
 0.22080000E+02   0.30487110E-13   0.60974220E-13
 0.22100000E+02   0.29772461E-13   0.59544922E-13
 0.22120000E+02   0.29074611E-13   0.58149223E-13
 0.22140000E+02   0.28393165E-13   0.56786331E-13
 0.22160000E+02   0.27727736E-13   0.55455472E-13
 0.22180000E+02   0.27077946E-13   0.54155893E-13
 0.22200000E+02   0.26443427E-13   0.52886854E-13
 0.22220000E+02   0.25823819E-13   0.51647637E-13
 0.22240000E+02   0.25218769E-13   0.50437538E-13
 0.22260000E+02   0.24627936E-13   0.49255872E-13
 0.22280000E+02   0.24050984E-13   0.48101967E-13
 0.22300000E+02   0.23487585E-13   0.46975171E-13
 0.22320000E+02   0.22937422E-13   0.45874843E-13
 0.22340000E+02   0.22400181E-13   0.44800362E-13
 0.22360000E+02   0.21875558E-13   0.43751117E-13
 0.22380000E+02   0.21363257E-13   0.42726514E-13
 0.22400000E+02   0.20862986E-13   0.41725972E-13
 0.22420000E+02   0.20374463E-13   0.40748926E-13
 0.22440000E+02   0.19897411E-13   0.39794822E-13
 0.22460000E+02   0.19431559E-13   0.38863118E-13
 0.22480000E+02   0.18976644E-13   0.37953289E-13
 0.22500000E+02   0.18532409E-13   0.37064818E-13
 0.22520000E+02   0.18098602E-13   0.36197204E-13
 0.22540000E+02   0.17674977E-13   0.35349954E-13
 0.22560000E+02   0.17261295E-13   0.34522590E-13
 0.22580000E+02   0.16857321E-13   0.33714643E-13
 0.22600000E+02   0.16462828E-13   0.32925656E-13
 0.22620000E+02   0.16077592E-13   0.32155184E-13
 0.22640000E+02   0.15701395E-13   0.31402790E-13
 0.22660000E+02   0.15334025E-13   0.30668049E-13
 0.22680000E+02   0.14975273E-13   0.29950546E-13
 0.22700000E+02   0.14624938E-13   0.29249875E-13
 0.22720000E+02   0.14282820E-13   0.28565640E-13
 0.22740000E+02   0.13948727E-13   0.27897454E-13
 0.22760000E+02   0.13622470E-13   0.27244940E-13
 0.22780000E+02   0.13303865E-13   0.26607730E-13
 0.22800000E+02   0.12992731E-13   0.25985462E-13
 0.22820000E+02   0.12688893E-13   0.25377787E-13
 0.22840000E+02   0.12392180E-13   0.24784360E-13
 0.22860000E+02   0.12102423E-13   0.24204846E-13
 0.22880000E+02   0.11819460E-13   0.23638920E-13
 0.22900000E+02   0.11543130E-13   0.23086260E-13
 0.22920000E+02   0.11273278E-13   0.22546555E-13
 0.22940000E+02   0.11009751E-13   0.22019502E-13
 0.22960000E+02   0.10752400E-13   0.21504801E-13
 0.22980000E+02   0.10501082E-13   0.21002163E-13
 0.23000000E+02   0.10255652E-13   0.20511305E-13
 0.23020000E+02   0.10015974E-13   0.20031949E-13
 0.23040000E+02   0.97819125E-14   0.19563825E-13
 0.23060000E+02   0.95533348E-14   0.19106670E-13
 0.23080000E+02   0.93301125E-14   0.18660225E-13
 0.23100000E+02   0.91121196E-14   0.18224239E-13
 0.23120000E+02   0.88992333E-14   0.17798467E-13
 0.23140000E+02   0.86913337E-14   0.17382667E-13
 0.23160000E+02   0.84883036E-14   0.16976607E-13
 0.23180000E+02   0.82900287E-14   0.16580057E-13
 0.23200000E+02   0.80963973E-14   0.16192795E-13
 0.23220000E+02   0.79073002E-14   0.15814600E-13
 0.23240000E+02   0.77226312E-14   0.15445262E-13
 0.23260000E+02   0.75422861E-14   0.15084572E-13
 0.23280000E+02   0.73661635E-14   0.14732327E-13
 0.23300000E+02   0.71941642E-14   0.14388328E-13
 0.23320000E+02   0.70261914E-14   0.14052383E-13
 0.23340000E+02   0.68621506E-14   0.13724301E-13
 0.23360000E+02   0.67019496E-14   0.13403899E-13
 0.23380000E+02   0.65454981E-14   0.13090996E-13
 0.23400000E+02   0.63927082E-14   0.12785416E-13
 0.23420000E+02   0.62434940E-14   0.12486988E-13
 0.23440000E+02   0.60977715E-14   0.12195543E-13
 0.23460000E+02   0.59554588E-14   0.11910918E-13
 0.23480000E+02   0.58164760E-14   0.11632952E-13
 0.23500000E+02   0.56807448E-14   0.11361490E-13
 0.23520000E+02   0.55481891E-14   0.11096378E-13
 0.23540000E+02   0.54187342E-14   0.10837468E-13
 0.23560000E+02   0.52923076E-14   0.10584615E-13
 0.23580000E+02   0.51688381E-14   0.10337676E-13
 0.23600000E+02   0.50482564E-14   0.10096513E-13
 0.23620000E+02   0.49304949E-14   0.98609897E-14
 0.23640000E+02   0.48154872E-14   0.96309744E-14
 0.23660000E+02   0.47031689E-14   0.94063379E-14
 0.23680000E+02   0.45934770E-14   0.91869540E-14
 0.23700000E+02   0.44863498E-14   0.89726996E-14
 0.23720000E+02   0.43817272E-14   0.87634544E-14
 0.23740000E+02   0.42795505E-14   0.85591010E-14
 0.23760000E+02   0.41797624E-14   0.83595248E-14
 0.23780000E+02   0.40823069E-14   0.81646138E-14
 0.23800000E+02   0.39871293E-14   0.79742586E-14
 0.23820000E+02   0.38941762E-14   0.77883524E-14
 0.23840000E+02   0.38033955E-14   0.76067911E-14
 0.23860000E+02   0.37147364E-14   0.74294728E-14
 0.23880000E+02   0.36281490E-14   0.72562980E-14
 0.23900000E+02   0.35435849E-14   0.70871698E-14
 0.23920000E+02   0.34609966E-14   0.69219932E-14
 0.23940000E+02   0.33803379E-14   0.67606758E-14
 0.23960000E+02   0.33015635E-14   0.66031271E-14
 0.23980000E+02   0.32246294E-14   0.64492588E-14
 0.24000000E+02   0.31494924E-14   0.62989848E-14
 0.24020000E+02   0.30761105E-14   0.61522209E-14
 0.24040000E+02   0.30044424E-14   0.60088849E-14
 0.24060000E+02   0.29344482E-14   0.58688964E-14
 0.24080000E+02   0.28660886E-14   0.57321772E-14
 0.24100000E+02   0.27993253E-14   0.55986507E-14
 0.24120000E+02   0.27341210E-14   0.54682420E-14
 0.24140000E+02   0.26704392E-14   0.53408784E-14
 0.24160000E+02   0.26082442E-14   0.52164883E-14
 0.24180000E+02   0.25475012E-14   0.50950024E-14
 0.24200000E+02   0.24881762E-14   0.49763525E-14
 0.24220000E+02   0.24302361E-14   0.48604722E-14
 0.24240000E+02   0.23736485E-14   0.47472969E-14
 0.24260000E+02   0.23183816E-14   0.46367632E-14
 0.24280000E+02   0.22644046E-14   0.45288092E-14
 0.24300000E+02   0.22116873E-14   0.44233747E-14
 0.24320000E+02   0.21602003E-14   0.43204006E-14
 0.24340000E+02   0.21099147E-14   0.42198294E-14
 0.24360000E+02   0.20608024E-14   0.41216048E-14
 0.24380000E+02   0.20128360E-14   0.40256721E-14
 0.24400000E+02   0.19659888E-14   0.39319775E-14
 0.24420000E+02   0.19202344E-14   0.38404688E-14
 0.24440000E+02   0.18755474E-14   0.37510948E-14
 0.24460000E+02   0.18319028E-14   0.36638056E-14
 0.24480000E+02   0.17892762E-14   0.35785524E-14
 0.24500000E+02   0.17476438E-14   0.34952876E-14
 0.24520000E+02   0.17069824E-14   0.34139648E-14
 0.24540000E+02   0.16672693E-14   0.33345385E-14
 0.24560000E+02   0.16284822E-14   0.32569644E-14
 0.24580000E+02   0.15905996E-14   0.31811992E-14
 0.24600000E+02   0.15536003E-14   0.31072006E-14
 0.24620000E+02   0.15174636E-14   0.30349272E-14
 0.24640000E+02   0.14821695E-14   0.29643389E-14
 0.24660000E+02   0.14476981E-14   0.28953962E-14
 0.24680000E+02   0.14140303E-14   0.28280606E-14
 0.24700000E+02   0.13811473E-14   0.27622946E-14
 0.24720000E+02   0.13490308E-14   0.26980616E-14
 0.24740000E+02   0.13176628E-14   0.26353256E-14
 0.24760000E+02   0.12870259E-14   0.25740517E-14
 0.24780000E+02   0.12571029E-14   0.25142058E-14
 0.24800000E+02   0.12278773E-14   0.24557545E-14
 0.24820000E+02   0.11993326E-14   0.23986653E-14
 0.24840000E+02   0.11714531E-14   0.23429062E-14
 0.24860000E+02   0.11442231E-14   0.22884462E-14
 0.24880000E+02   0.11176275E-14   0.22352551E-14
 0.24900000E+02   0.10916516E-14   0.21833031E-14
 0.24920000E+02   0.10662807E-14   0.21325613E-14
 0.24940000E+02   0.10415008E-14   0.20830015E-14
 0.24960000E+02   0.10172981E-14   0.20345961E-14
 0.24980000E+02   0.99365904E-15   0.19873181E-14
 0.25000000E+02   0.97057058E-15   0.19411412E-14
 0.25020000E+02   0.94801981E-15   0.18960396E-14
 0.25040000E+02   0.92599417E-15   0.18519883E-14
 0.25060000E+02   0.90448142E-15   0.18089628E-14
 0.25080000E+02   0.88346958E-15   0.17669392E-14
 0.25100000E+02   0.86294696E-15   0.17258939E-14
 0.25120000E+02   0.84290215E-15   0.16858043E-14
 0.25140000E+02   0.82332398E-15   0.16466480E-14
 0.25160000E+02   0.80420158E-15   0.16084032E-14
 0.25180000E+02   0.78552430E-15   0.15710486E-14
 0.25200000E+02   0.76728176E-15   0.15345635E-14
 0.25220000E+02   0.74946382E-15   0.14989276E-14
 0.25240000E+02   0.73206058E-15   0.14641212E-14
 0.25260000E+02   0.71506235E-15   0.14301247E-14
 0.25280000E+02   0.69845969E-15   0.13969194E-14
 0.25300000E+02   0.68224337E-15   0.13644867E-14
 0.25320000E+02   0.66640438E-15   0.13328088E-14
 0.25340000E+02   0.65093393E-15   0.13018679E-14
 0.25360000E+02   0.63582341E-15   0.12716468E-14
 0.25380000E+02   0.62106443E-15   0.12421289E-14
 0.25400000E+02   0.60664880E-15   0.12132976E-14
 0.25420000E+02   0.59256850E-15   0.11851370E-14
 0.25440000E+02   0.57881573E-15   0.11576315E-14
 0.25460000E+02   0.56538284E-15   0.11307657E-14
 0.25480000E+02   0.55226237E-15   0.11045247E-14
 0.25500000E+02   0.53944705E-15   0.10788941E-14
 0.25520000E+02   0.52692976E-15   0.10538595E-14
 0.25540000E+02   0.51470355E-15   0.10294071E-14
 0.25560000E+02   0.50276164E-15   0.10055233E-14
 0.25580000E+02   0.49109740E-15   0.98219479E-15
 0.25600000E+02   0.47970436E-15   0.95940871E-15
 0.25620000E+02   0.46857620E-15   0.93715240E-15
 0.25640000E+02   0.45770675E-15   0.91541350E-15
 0.25660000E+02   0.44708998E-15   0.89417996E-15
 0.25680000E+02   0.43672000E-15   0.87344000E-15
 0.25700000E+02   0.42659107E-15   0.85318213E-15
 0.25720000E+02   0.41669756E-15   0.83339512E-15
 0.25740000E+02   0.40703399E-15   0.81406799E-15
 0.25760000E+02   0.39759501E-15   0.79519003E-15
 0.25780000E+02   0.38837539E-15   0.77675078E-15
 0.25800000E+02   0.37937001E-15   0.75874003E-15
 0.25820000E+02   0.37057389E-15   0.74114778E-15
 0.25840000E+02   0.36198215E-15   0.72396430E-15
 0.25860000E+02   0.35359003E-15   0.70718007E-15
 0.25880000E+02   0.34539289E-15   0.69078578E-15
 0.25900000E+02   0.33738618E-15   0.67477236E-15
 0.25920000E+02   0.32956547E-15   0.65913095E-15
 0.25940000E+02   0.32192643E-15   0.64385287E-15
 0.25960000E+02   0.31446484E-15   0.62892967E-15
 0.25980000E+02   0.30717655E-15   0.61435309E-15
 0.26000000E+02   0.30005753E-15   0.60011506E-15
 0.26020000E+02   0.29310385E-15   0.58620770E-15
 0.26040000E+02   0.28631166E-15   0.57262332E-15
 0.26060000E+02   0.27967719E-15   0.55935439E-15
 0.26080000E+02   0.27319678E-15   0.54639357E-15
 0.26100000E+02   0.26686685E-15   0.53373369E-15
 0.26120000E+02   0.26068388E-15   0.52136776E-15
 0.26140000E+02   0.25464446E-15   0.50928892E-15
 0.26160000E+02   0.24874525E-15   0.49749051E-15
 0.26180000E+02   0.24298299E-15   0.48596599E-15
 0.26200000E+02   0.23735450E-15   0.47470899E-15
 0.26220000E+02   0.23185665E-15   0.46371330E-15
 0.26240000E+02   0.22648641E-15   0.45297282E-15
 0.26260000E+02   0.22124081E-15   0.44248163E-15
 0.26280000E+02   0.21611696E-15   0.43223392E-15
 0.26300000E+02   0.21111202E-15   0.42222404E-15
 0.26320000E+02   0.20622322E-15   0.41244644E-15
 0.26340000E+02   0.20144787E-15   0.40289574E-15
 0.26360000E+02   0.19678332E-15   0.39356665E-15
 0.26380000E+02   0.19222701E-15   0.38445401E-15
 0.26400000E+02   0.18777640E-15   0.37555280E-15
 0.26420000E+02   0.18342905E-15   0.36685810E-15
 0.26440000E+02   0.17918256E-15   0.35836511E-15
 0.26460000E+02   0.17503457E-15   0.35006914E-15
 0.26480000E+02   0.17098280E-15   0.34196560E-15
 0.26500000E+02   0.16702502E-15   0.33405003E-15
 0.26520000E+02   0.16315903E-15   0.32631806E-15
 0.26540000E+02   0.15938271E-15   0.31876542E-15
 0.26560000E+02   0.15569396E-15   0.31138793E-15
 0.26580000E+02   0.15209077E-15   0.30418153E-15
 0.26600000E+02   0.14857112E-15   0.29714225E-15
 0.26620000E+02   0.14513310E-15   0.29026619E-15
 0.26640000E+02   0.14177479E-15   0.28354958E-15
 0.26660000E+02   0.13849434E-15   0.27698869E-15
 0.26680000E+02   0.13528996E-15   0.27057991E-15
 0.26700000E+02   0.13215986E-15   0.26431972E-15
 0.26720000E+02   0.12910233E-15   0.25820465E-15
 0.26740000E+02   0.12611567E-15   0.25223134E-15
 0.26760000E+02   0.12319824E-15   0.24639649E-15
 0.26780000E+02   0.12034844E-15   0.24069688E-15
 0.26800000E+02   0.11756469E-15   0.23512939E-15
 0.26820000E+02   0.11484546E-15   0.22969092E-15
 0.26840000E+02   0.11218925E-15   0.22437850E-15
 0.26860000E+02   0.10959459E-15   0.21918919E-15
 0.26880000E+02   0.10706006E-15   0.21412013E-15
 0.26900000E+02   0.10458427E-15   0.20916853E-15
 0.26920000E+02   0.10216583E-15   0.20433167E-15
 0.26940000E+02   0.99803435E-16   0.19960687E-15
 0.26960000E+02   0.97495771E-16   0.19499154E-15
 0.26980000E+02   0.95241570E-16   0.19048314E-15
 0.27000000E+02   0.93039590E-16   0.18607918E-15
 0.27020000E+02   0.90888620E-16   0.18177724E-15
 0.27040000E+02   0.88787475E-16   0.17757495E-15
 0.27060000E+02   0.86734999E-16   0.17347000E-15
 0.27080000E+02   0.84730062E-16   0.16946012E-15
 0.27100000E+02   0.82771561E-16   0.16554312E-15
 0.27120000E+02   0.80858418E-16   0.16171684E-15
 0.27140000E+02   0.78989580E-16   0.15797916E-15
 0.27160000E+02   0.77164019E-16   0.15432804E-15
 0.27180000E+02   0.75380732E-16   0.15076146E-15
 0.27200000E+02   0.73638737E-16   0.14727747E-15
 0.27220000E+02   0.71937075E-16   0.14387415E-15
 0.27240000E+02   0.70274812E-16   0.14054962E-15
 0.27260000E+02   0.68651033E-16   0.13730207E-15
 0.27280000E+02   0.67064846E-16   0.13412969E-15
 0.27300000E+02   0.65515378E-16   0.13103076E-15
 0.27320000E+02   0.64001778E-16   0.12800356E-15
 0.27340000E+02   0.62523213E-16   0.12504643E-15
 0.27360000E+02   0.61078872E-16   0.12215774E-15
 0.27380000E+02   0.59667959E-16   0.11933592E-15
 0.27400000E+02   0.58289701E-16   0.11657940E-15
 0.27420000E+02   0.56943340E-16   0.11388668E-15
 0.27440000E+02   0.55628135E-16   0.11125627E-15
 0.27460000E+02   0.54343366E-16   0.10868673E-15
 0.27480000E+02   0.53088325E-16   0.10617665E-15
 0.27500000E+02   0.51862324E-16   0.10372465E-15
 0.27520000E+02   0.50664690E-16   0.10132938E-15
 0.27540000E+02   0.49494764E-16   0.98989527E-16
 0.27560000E+02   0.48351904E-16   0.96703808E-16
 0.27580000E+02   0.47235484E-16   0.94470967E-16
 0.27600000E+02   0.46144889E-16   0.92289778E-16
 0.27620000E+02   0.45079522E-16   0.90159045E-16
 0.27640000E+02   0.44038798E-16   0.88077596E-16
 0.27660000E+02   0.43022146E-16   0.86044291E-16
 0.27680000E+02   0.42029007E-16   0.84058014E-16
 0.27700000E+02   0.41058837E-16   0.82117674E-16
 0.27720000E+02   0.40111104E-16   0.80222207E-16
 0.27740000E+02   0.39185287E-16   0.78370574E-16
 0.27760000E+02   0.38280879E-16   0.76561758E-16
 0.27780000E+02   0.37397384E-16   0.74794768E-16
 0.27800000E+02   0.36534317E-16   0.73068635E-16
 0.27820000E+02   0.35691206E-16   0.71382412E-16
 0.27840000E+02   0.34867587E-16   0.69735174E-16
 0.27860000E+02   0.34063009E-16   0.68126018E-16
 0.27880000E+02   0.33277032E-16   0.66554063E-16
 0.27900000E+02   0.32509223E-16   0.65018446E-16
 0.27920000E+02   0.31759163E-16   0.63518327E-16
 0.27940000E+02   0.31026441E-16   0.62052882E-16
 0.27960000E+02   0.30310654E-16   0.60621308E-16
 0.27980000E+02   0.29611411E-16   0.59222822E-16
 0.28000000E+02   0.28928329E-16   0.57856658E-16
 0.28020000E+02   0.28261033E-16   0.56522065E-16
 0.28040000E+02   0.27609157E-16   0.55218315E-16
 0.28060000E+02   0.26972346E-16   0.53944692E-16
 0.28080000E+02   0.26350249E-16   0.52700499E-16
 0.28100000E+02   0.25742527E-16   0.51485054E-16
 0.28120000E+02   0.25148846E-16   0.50297693E-16
 0.28140000E+02   0.24568882E-16   0.49137764E-16
 0.28160000E+02   0.24002317E-16   0.48004633E-16
 0.28180000E+02   0.23448840E-16   0.46897680E-16
 0.28200000E+02   0.22908150E-16   0.45816299E-16
 0.28220000E+02   0.22379949E-16   0.44759898E-16
 0.28240000E+02   0.21863949E-16   0.43727898E-16
 0.28260000E+02   0.21359868E-16   0.42719735E-16
 0.28280000E+02   0.20867429E-16   0.41734858E-16
 0.28300000E+02   0.20386364E-16   0.40772727E-16
 0.28320000E+02   0.19916408E-16   0.39832816E-16
 0.28340000E+02   0.19457306E-16   0.38914612E-16
 0.28360000E+02   0.19008806E-16   0.38017611E-16
 0.28380000E+02   0.18570662E-16   0.37141323E-16
 0.28400000E+02   0.18142635E-16   0.36285270E-16
 0.28420000E+02   0.17724491E-16   0.35448982E-16
 0.28440000E+02   0.17316002E-16   0.34632004E-16
 0.28460000E+02   0.16916943E-16   0.33833887E-16
 0.28480000E+02   0.16527098E-16   0.33054196E-16
 0.28500000E+02   0.16146252E-16   0.32292504E-16
 0.28520000E+02   0.15774198E-16   0.31548396E-16
 0.28540000E+02   0.15410732E-16   0.30821465E-16
 0.28560000E+02   0.15055656E-16   0.30111313E-16
 0.28580000E+02   0.14708776E-16   0.29417552E-16
 0.28600000E+02   0.14369902E-16   0.28739803E-16
 0.28620000E+02   0.14038848E-16   0.28077697E-16
 0.28640000E+02   0.13715435E-16   0.27430871E-16
 0.28660000E+02   0.13399486E-16   0.26798972E-16
 0.28680000E+02   0.13090827E-16   0.26181655E-16
 0.28700000E+02   0.12789291E-16   0.25578582E-16
 0.28720000E+02   0.12494713E-16   0.24989426E-16
 0.28740000E+02   0.12206931E-16   0.24413863E-16
 0.28760000E+02   0.11925790E-16   0.23851580E-16
 0.28780000E+02   0.11651135E-16   0.23302269E-16
 0.28800000E+02   0.11382816E-16   0.22765631E-16
 0.28820000E+02   0.11120687E-16   0.22241374E-16
 0.28840000E+02   0.10864605E-16   0.21729209E-16
 0.28860000E+02   0.10614430E-16   0.21228860E-16
 0.28880000E+02   0.10370026E-16   0.20740051E-16
 0.28900000E+02   0.10131259E-16   0.20262517E-16
 0.28920000E+02   0.98979987E-17   0.19795997E-16
 0.28940000E+02   0.96701186E-17   0.19340237E-16
 0.28960000E+02   0.94474939E-17   0.18894988E-16
 0.28980000E+02   0.92300032E-17   0.18460006E-16
 0.29000000E+02   0.90175280E-17   0.18035056E-16
 0.29020000E+02   0.88099524E-17   0.17619905E-16
 0.29040000E+02   0.86071632E-17   0.17214326E-16
 0.29060000E+02   0.84090498E-17   0.16818100E-16
 0.29080000E+02   0.82155042E-17   0.16431008E-16
 0.29100000E+02   0.80264209E-17   0.16052842E-16
 0.29120000E+02   0.78416968E-17   0.15683394E-16
 0.29140000E+02   0.76612313E-17   0.15322463E-16
 0.29160000E+02   0.74849260E-17   0.14969852E-16
 0.29180000E+02   0.73126849E-17   0.14625370E-16
 0.29200000E+02   0.71444140E-17   0.14288828E-16
 0.29220000E+02   0.69800217E-17   0.13960043E-16
 0.29240000E+02   0.68194185E-17   0.13638837E-16
 0.29260000E+02   0.66625168E-17   0.13325034E-16
 0.29280000E+02   0.65092312E-17   0.13018462E-16
 0.29300000E+02   0.63594782E-17   0.12718956E-16
 0.29320000E+02   0.62131763E-17   0.12426353E-16
 0.29340000E+02   0.60702457E-17   0.12140491E-16
 0.29360000E+02   0.59306087E-17   0.11861217E-16
 0.29380000E+02   0.57941891E-17   0.11588378E-16
 0.29400000E+02   0.56609129E-17   0.11321826E-16
 0.29420000E+02   0.55307073E-17   0.11061415E-16
 0.29440000E+02   0.54035016E-17   0.10807003E-16
 0.29460000E+02   0.52792265E-17   0.10558453E-16
 0.29480000E+02   0.51578143E-17   0.10315629E-16
 0.29500000E+02   0.50391990E-17   0.10078398E-16
 0.29520000E+02   0.49233161E-17   0.98466321E-17
 0.29540000E+02   0.48101024E-17   0.96202048E-17
 0.29560000E+02   0.46994965E-17   0.93989929E-17
 0.29580000E+02   0.45914381E-17   0.91828761E-17
 0.29600000E+02   0.44858684E-17   0.89717368E-17
 0.29620000E+02   0.43827301E-17   0.87654602E-17
 0.29640000E+02   0.42819670E-17   0.85639340E-17
 0.29660000E+02   0.41835244E-17   0.83670487E-17
 0.29680000E+02   0.40873487E-17   0.81746973E-17
 0.29700000E+02   0.39933876E-17   0.79867751E-17
 0.29720000E+02   0.39015900E-17   0.78031800E-17
 0.29740000E+02   0.38119061E-17   0.76238122E-17
 0.29760000E+02   0.37242871E-17   0.74485742E-17
 0.29780000E+02   0.36386853E-17   0.72773707E-17
 0.29800000E+02   0.35550543E-17   0.71101086E-17
 0.29820000E+02   0.34733486E-17   0.69466972E-17
 0.29840000E+02   0.33935238E-17   0.67870475E-17
 0.29860000E+02   0.33155365E-17   0.66310729E-17
 0.29880000E+02   0.32393443E-17   0.64786886E-17
 0.29900000E+02   0.31649059E-17   0.63298118E-17
 0.29920000E+02   0.30921808E-17   0.61843616E-17
 0.29940000E+02   0.30211296E-17   0.60422591E-17
 0.29960000E+02   0.29517135E-17   0.59034270E-17
 0.29980000E+02   0.28838950E-17   0.57677901E-17
 0.30000000E+02   0.28176372E-17   0.56352745E-17
 0.30020000E+02   0.27529042E-17   0.55058083E-17
 0.30040000E+02   0.26896607E-17   0.53793214E-17
 0.30060000E+02   0.26278724E-17   0.52557449E-17
 0.30080000E+02   0.25675059E-17   0.51350118E-17
 0.30100000E+02   0.25085283E-17   0.50170566E-17
 0.30120000E+02   0.24509076E-17   0.49018152E-17
 0.30140000E+02   0.23946126E-17   0.47892252E-17
 0.30160000E+02   0.23396127E-17   0.46792254E-17
 0.30180000E+02   0.22858780E-17   0.45717560E-17
 0.30200000E+02   0.22333795E-17   0.44667589E-17
 0.30220000E+02   0.21820885E-17   0.43641771E-17
 0.30240000E+02   0.21319774E-17   0.42639548E-17
 0.30260000E+02   0.20830189E-17   0.41660377E-17
 0.30280000E+02   0.20351864E-17   0.40703728E-17
 0.30300000E+02   0.19884540E-17   0.39769081E-17
 0.30320000E+02   0.19427965E-17   0.38855929E-17
 0.30340000E+02   0.18981889E-17   0.37963778E-17
 0.30360000E+02   0.18546071E-17   0.37092143E-17
 0.30380000E+02   0.18120276E-17   0.36240551E-17
 0.30400000E+02   0.17704271E-17   0.35408543E-17
 0.30420000E+02   0.17297832E-17   0.34595665E-17
 0.30440000E+02   0.16900739E-17   0.33801478E-17
 0.30460000E+02   0.16512775E-17   0.33025550E-17
 0.30480000E+02   0.16133731E-17   0.32267463E-17
 0.30500000E+02   0.15763402E-17   0.31526804E-17
 0.30520000E+02   0.15401586E-17   0.30803173E-17
 0.30540000E+02   0.15048088E-17   0.30096177E-17
 0.30560000E+02   0.14702716E-17   0.29405433E-17
 0.30580000E+02   0.14365283E-17   0.28730567E-17
 0.30600000E+02   0.14035607E-17   0.28071213E-17
 0.30620000E+02   0.13713508E-17   0.27427015E-17
 0.30640000E+02   0.13398812E-17   0.26797623E-17
 0.30660000E+02   0.13091349E-17   0.26182697E-17
 0.30680000E+02   0.12790952E-17   0.25581903E-17
 0.30700000E+02   0.12497458E-17   0.24994917E-17
 0.30720000E+02   0.12210710E-17   0.24421420E-17
 0.30740000E+02   0.11930551E-17   0.23861101E-17
 0.30760000E+02   0.11656829E-17   0.23313658E-17
 0.30780000E+02   0.11389397E-17   0.22778795E-17
 0.30800000E+02   0.11128110E-17   0.22256221E-17
 0.30820000E+02   0.10872827E-17   0.21745654E-17
 0.30840000E+02   0.10623409E-17   0.21246817E-17
 0.30860000E+02   0.10379721E-17   0.20759441E-17
 0.30880000E+02   0.10141631E-17   0.20283262E-17
 0.30900000E+02   0.99090110E-18   0.19818022E-17
 0.30920000E+02   0.96817347E-18   0.19363469E-17
 0.30940000E+02   0.94596793E-18   0.18919359E-17
 0.30960000E+02   0.92427245E-18   0.18485449E-17
 0.30980000E+02   0.90307531E-18   0.18061506E-17
 0.31000000E+02   0.88236503E-18   0.17647301E-17
 0.31020000E+02   0.86213042E-18   0.17242608E-17
 0.31040000E+02   0.84236054E-18   0.16847211E-17
 0.31060000E+02   0.82304469E-18   0.16460894E-17
 0.31080000E+02   0.80417244E-18   0.16083449E-17
 0.31100000E+02   0.78573357E-18   0.15714671E-17
 0.31120000E+02   0.76771812E-18   0.15354362E-17
 0.31140000E+02   0.75011635E-18   0.15002327E-17
 0.31160000E+02   0.73291875E-18   0.14658375E-17
 0.31180000E+02   0.71611602E-18   0.14322320E-17
 0.31200000E+02   0.69969909E-18   0.13993982E-17
 0.31220000E+02   0.68365907E-18   0.13673181E-17
 0.31240000E+02   0.66798730E-18   0.13359746E-17
 0.31260000E+02   0.65267532E-18   0.13053506E-17
 0.31280000E+02   0.63771485E-18   0.12754297E-17
 0.31300000E+02   0.62309781E-18   0.12461956E-17
 0.31320000E+02   0.60881631E-18   0.12176326E-17
 0.31340000E+02   0.59486262E-18   0.11897252E-17
 0.31360000E+02   0.58122922E-18   0.11624584E-17
 0.31380000E+02   0.56790874E-18   0.11358175E-17
 0.31400000E+02   0.55489398E-18   0.11097880E-17
 0.31420000E+02   0.54217793E-18   0.10843559E-17
 0.31440000E+02   0.52975370E-18   0.10595074E-17
 0.31460000E+02   0.51761460E-18   0.10352292E-17
 0.31480000E+02   0.50575408E-18   0.10115082E-17
 0.31500000E+02   0.49416572E-18   0.98833144E-18
 0.31520000E+02   0.48284327E-18   0.96568655E-18
 0.31540000E+02   0.47178063E-18   0.94356126E-18
 0.31560000E+02   0.46097182E-18   0.92194364E-18
 0.31580000E+02   0.45041101E-18   0.90082202E-18
 0.31600000E+02   0.44009250E-18   0.88018499E-18
 0.31620000E+02   0.43001072E-18   0.86002144E-18
 0.31640000E+02   0.42016023E-18   0.84032046E-18
 0.31660000E+02   0.41053572E-18   0.82107145E-18
 0.31680000E+02   0.40113200E-18   0.80226400E-18
 0.31700000E+02   0.39194399E-18   0.78388799E-18
 0.31720000E+02   0.38296674E-18   0.76593349E-18
 0.31740000E+02   0.37419541E-18   0.74839082E-18
 0.31760000E+02   0.36562526E-18   0.73125053E-18
 0.31780000E+02   0.35725168E-18   0.71450336E-18
 0.31800000E+02   0.34907015E-18   0.69814029E-18
 0.31820000E+02   0.34107625E-18   0.68215250E-18
 0.31840000E+02   0.33326568E-18   0.66653136E-18
 0.31860000E+02   0.32563423E-18   0.65126846E-18
 0.31880000E+02   0.31817778E-18   0.63635556E-18
 0.31900000E+02   0.31089232E-18   0.62178464E-18
 0.31920000E+02   0.30377391E-18   0.60754782E-18
 0.31940000E+02   0.29681873E-18   0.59363745E-18
 0.31960000E+02   0.29002301E-18   0.58004603E-18
 0.31980000E+02   0.28338311E-18   0.56676622E-18
 0.32000000E+02   0.27689544E-18   0.55379089E-18
 0.32020000E+02   0.27055651E-18   0.54111303E-18
 0.32040000E+02   0.26436290E-18   0.52872581E-18
 0.32060000E+02   0.25831128E-18   0.51662256E-18
 0.32080000E+02   0.25239839E-18   0.50479677E-18
 0.32100000E+02   0.24662103E-18   0.49324206E-18
 0.32120000E+02   0.24097611E-18   0.48195221E-18
 0.32140000E+02   0.23546057E-18   0.47092114E-18
 0.32160000E+02   0.23007146E-18   0.46014291E-18
 0.32180000E+02   0.22480586E-18   0.44961171E-18
 0.32200000E+02   0.21966094E-18   0.43932188E-18
 0.32220000E+02   0.21463394E-18   0.42926788E-18
 0.32240000E+02   0.20972214E-18   0.41944428E-18
 0.32260000E+02   0.20492290E-18   0.40984581E-18
 0.32280000E+02   0.20023365E-18   0.40046729E-18
 0.32300000E+02   0.19565185E-18   0.39130369E-18
 0.32320000E+02   0.19117503E-18   0.38235006E-18
 0.32340000E+02   0.18680080E-18   0.37360159E-18
 0.32360000E+02   0.18252679E-18   0.36505358E-18
 0.32380000E+02   0.17835071E-18   0.35670141E-18
 0.32400000E+02   0.17427030E-18   0.34854060E-18
 0.32420000E+02   0.17028338E-18   0.34056676E-18
 0.32440000E+02   0.16638780E-18   0.33277560E-18
 0.32460000E+02   0.16258146E-18   0.32516292E-18
 0.32480000E+02   0.15886232E-18   0.31772463E-18
 0.32500000E+02   0.15522837E-18   0.31045673E-18
 0.32520000E+02   0.15167766E-18   0.30335532E-18
 0.32540000E+02   0.14820828E-18   0.29641657E-18
 0.32560000E+02   0.14481837E-18   0.28963675E-18
 0.32580000E+02   0.14150611E-18   0.28301221E-18
 0.32600000E+02   0.13826970E-18   0.27653940E-18
 0.32620000E+02   0.13510742E-18   0.27021483E-18
 0.32640000E+02   0.13201755E-18   0.26403511E-18
 0.32660000E+02   0.12899845E-18   0.25799691E-18
 0.32680000E+02   0.12604849E-18   0.25209698E-18
 0.32700000E+02   0.12316608E-18   0.24633216E-18
 0.32720000E+02   0.12034967E-18   0.24069935E-18
 0.32740000E+02   0.11759776E-18   0.23519552E-18
 0.32760000E+02   0.11490885E-18   0.22981770E-18
 0.32780000E+02   0.11228151E-18   0.22456303E-18
 0.32800000E+02   0.10971433E-18   0.21942866E-18
 0.32820000E+02   0.10720592E-18   0.21441184E-18
 0.32840000E+02   0.10475494E-18   0.20950988E-18
 0.32860000E+02   0.10236007E-18   0.20472014E-18
 0.32880000E+02   0.10002002E-18   0.20004004E-18
 0.32900000E+02   0.97733545E-19   0.19546709E-18
 0.32920000E+02   0.95499407E-19   0.19099881E-18
 0.32940000E+02   0.93316409E-19   0.18663282E-18
 0.32960000E+02   0.91183380E-19   0.18236676E-18
 0.32980000E+02   0.89099173E-19   0.17819835E-18
 0.33000000E+02   0.87062669E-19   0.17412534E-18
 0.33020000E+02   0.85072775E-19   0.17014555E-18
 0.33040000E+02   0.83128423E-19   0.16625685E-18
 0.33060000E+02   0.81228569E-19   0.16245714E-18
 0.33080000E+02   0.79372193E-19   0.15874439E-18
 0.33100000E+02   0.77558299E-19   0.15511660E-18
 0.33120000E+02   0.75785913E-19   0.15157183E-18
 0.33140000E+02   0.74054085E-19   0.14810817E-18
 0.33160000E+02   0.72361884E-19   0.14472377E-18
 0.33180000E+02   0.70708403E-19   0.14141681E-18
 0.33200000E+02   0.69092754E-19   0.13818551E-18
 0.33220000E+02   0.67514071E-19   0.13502814E-18
 0.33240000E+02   0.65971507E-19   0.13194301E-18
 0.33260000E+02   0.64464234E-19   0.12892847E-18
 0.33280000E+02   0.62991444E-19   0.12598289E-18
 0.33300000E+02   0.61552347E-19   0.12310469E-18
 0.33320000E+02   0.60146170E-19   0.12029234E-18
 0.33340000E+02   0.58772160E-19   0.11754432E-18
 0.33360000E+02   0.57429580E-19   0.11485916E-18
 0.33380000E+02   0.56117711E-19   0.11223542E-18
 0.33400000E+02   0.54835847E-19   0.10967169E-18
 0.33420000E+02   0.53583303E-19   0.10716661E-18
 0.33440000E+02   0.52359407E-19   0.10471881E-18
 0.33460000E+02   0.51163502E-19   0.10232700E-18
 0.33480000E+02   0.49994948E-19   0.99989896E-19
 0.33500000E+02   0.48853118E-19   0.97706236E-19
 0.33520000E+02   0.47737400E-19   0.95474800E-19
 0.33540000E+02   0.46647196E-19   0.93294393E-19
 0.33560000E+02   0.45581923E-19   0.91163846E-19
 0.33580000E+02   0.44541008E-19   0.89082016E-19
 0.33600000E+02   0.43523895E-19   0.87047790E-19
 0.33620000E+02   0.42530038E-19   0.85060076E-19
 0.33640000E+02   0.41558905E-19   0.83117810E-19
 0.33660000E+02   0.40609976E-19   0.81219952E-19
 0.33680000E+02   0.39682742E-19   0.79365483E-19
 0.33700000E+02   0.38776706E-19   0.77553412E-19
 0.33720000E+02   0.37891384E-19   0.75782768E-19
 0.33740000E+02   0.37026301E-19   0.74052602E-19
 0.33760000E+02   0.36180993E-19   0.72361987E-19
 0.33780000E+02   0.35355009E-19   0.70710018E-19
 0.33800000E+02   0.34547906E-19   0.69095811E-19
 0.33820000E+02   0.33759251E-19   0.67518502E-19
 0.33840000E+02   0.32988623E-19   0.65977245E-19
 0.33860000E+02   0.32235608E-19   0.64471216E-19
 0.33880000E+02   0.31499804E-19   0.62999608E-19
 0.33900000E+02   0.30780817E-19   0.61561633E-19
 0.33920000E+02   0.30078261E-19   0.60156523E-19
 0.33940000E+02   0.29391762E-19   0.58783524E-19
 0.33960000E+02   0.28720951E-19   0.57441902E-19
 0.33980000E+02   0.28065470E-19   0.56130939E-19
 0.34000000E+02   0.27424967E-19   0.54849934E-19
 0.34020000E+02   0.26799100E-19   0.53598200E-19
 0.34040000E+02   0.26187534E-19   0.52375068E-19
 0.34060000E+02   0.25589942E-19   0.51179884E-19
 0.34080000E+02   0.25006004E-19   0.50012008E-19
 0.34100000E+02   0.24435408E-19   0.48870816E-19
 0.34120000E+02   0.23877848E-19   0.47755697E-19
 0.34140000E+02   0.23333027E-19   0.46666054E-19
 0.34160000E+02   0.22800652E-19   0.45601305E-19
 0.34180000E+02   0.22280440E-19   0.44560880E-19
 0.34200000E+02   0.21772112E-19   0.43544223E-19
 0.34220000E+02   0.21275395E-19   0.42550790E-19
 0.34240000E+02   0.20790025E-19   0.41580050E-19
 0.34260000E+02   0.20315742E-19   0.40631484E-19
 0.34280000E+02   0.19852292E-19   0.39704585E-19
 0.34300000E+02   0.19399428E-19   0.38798857E-19
 0.34320000E+02   0.18956908E-19   0.37913815E-19
 0.34340000E+02   0.18524494E-19   0.37048988E-19
 0.34360000E+02   0.18101956E-19   0.36203912E-19
 0.34380000E+02   0.17689068E-19   0.35378136E-19
 0.34400000E+02   0.17285609E-19   0.34571219E-19
 0.34420000E+02   0.16891364E-19   0.33782729E-19
 0.34440000E+02   0.16506122E-19   0.33012245E-19
 0.34460000E+02   0.16129677E-19   0.32259355E-19
 0.34480000E+02   0.15761828E-19   0.31523657E-19
 0.34500000E+02   0.15402379E-19   0.30804758E-19
 0.34520000E+02   0.15051137E-19   0.30102273E-19
 0.34540000E+02   0.14707914E-19   0.29415828E-19
 0.34560000E+02   0.14372528E-19   0.28745056E-19
 0.34580000E+02   0.14044799E-19   0.28089599E-19
 0.34600000E+02   0.13724553E-19   0.27449105E-19
 0.34620000E+02   0.13411617E-19   0.26823235E-19
 0.34640000E+02   0.13105826E-19   0.26211652E-19
 0.34660000E+02   0.12807015E-19   0.25614031E-19
 0.34680000E+02   0.12515026E-19   0.25030052E-19
 0.34700000E+02   0.12229702E-19   0.24459403E-19
 0.34720000E+02   0.11950890E-19   0.23901780E-19
 0.34740000E+02   0.11678443E-19   0.23356886E-19
 0.34760000E+02   0.11412214E-19   0.22824429E-19
 0.34780000E+02   0.11152062E-19   0.22304124E-19
 0.34800000E+02   0.10897848E-19   0.21795695E-19
 0.34820000E+02   0.10649435E-19   0.21298870E-19
 0.34840000E+02   0.10406692E-19   0.20813383E-19
 0.34860000E+02   0.10169488E-19   0.20338976E-19
 0.34880000E+02   0.99376979E-20   0.19875396E-19
 0.34900000E+02   0.97111972E-20   0.19422394E-19
 0.34920000E+02   0.94898651E-20   0.18979730E-19
 0.34940000E+02   0.92735835E-20   0.18547167E-19
 0.34960000E+02   0.90622371E-20   0.18124474E-19
 0.34980000E+02   0.88557132E-20   0.17711426E-19
 0.35000000E+02   0.86539015E-20   0.17307803E-19
 0.35020000E+02   0.84566943E-20   0.16913389E-19
 0.35040000E+02   0.82639866E-20   0.16527973E-19
 0.35060000E+02   0.80756754E-20   0.16151351E-19
 0.35080000E+02   0.78916605E-20   0.15783321E-19
 0.35100000E+02   0.77118435E-20   0.15423687E-19
 0.35120000E+02   0.75361288E-20   0.15072258E-19
 0.35140000E+02   0.73644224E-20   0.14728845E-19
 0.35160000E+02   0.71966330E-20   0.14393266E-19
 0.35180000E+02   0.70326710E-20   0.14065342E-19
 0.35200000E+02   0.68724490E-20   0.13744898E-19
 0.35220000E+02   0.67158816E-20   0.13431763E-19
 0.35240000E+02   0.65628853E-20   0.13125771E-19
 0.35260000E+02   0.64133786E-20   0.12826757E-19
 0.35280000E+02   0.62672818E-20   0.12534564E-19
 0.35300000E+02   0.61245171E-20   0.12249034E-19
 0.35320000E+02   0.59850082E-20   0.11970016E-19
 0.35340000E+02   0.58486810E-20   0.11697362E-19
 0.35360000E+02   0.57154627E-20   0.11430925E-19
 0.35380000E+02   0.55852823E-20   0.11170565E-19
 0.35400000E+02   0.54580706E-20   0.10916141E-19
 0.35420000E+02   0.53337596E-20   0.10667519E-19
 0.35440000E+02   0.52122832E-20   0.10424566E-19
 0.35460000E+02   0.50935767E-20   0.10187153E-19
 0.35480000E+02   0.49775769E-20   0.99551537E-20
 0.35500000E+02   0.48642218E-20   0.97284437E-20
 0.35520000E+02   0.47534513E-20   0.95069025E-20
 0.35540000E+02   0.46452062E-20   0.92904124E-20
 0.35560000E+02   0.45394289E-20   0.90788578E-20
 0.35580000E+02   0.44360631E-20   0.88721263E-20
 0.35600000E+02   0.43350538E-20   0.86701076E-20
 0.35620000E+02   0.42363471E-20   0.84726943E-20
 0.35640000E+02   0.41398906E-20   0.82797811E-20
 0.35660000E+02   0.40456327E-20   0.80912655E-20
 0.35680000E+02   0.39535235E-20   0.79070470E-20
 0.35700000E+02   0.38635138E-20   0.77270275E-20
 0.35720000E+02   0.37755557E-20   0.75511113E-20
 0.35740000E+02   0.36896024E-20   0.73792047E-20
 0.35760000E+02   0.36056081E-20   0.72112162E-20
 0.35780000E+02   0.35235282E-20   0.70470564E-20
 0.35800000E+02   0.34433189E-20   0.68866379E-20
 0.35820000E+02   0.33649377E-20   0.67298753E-20
 0.35840000E+02   0.32883427E-20   0.65766853E-20
 0.35860000E+02   0.32134932E-20   0.64269863E-20
 0.35880000E+02   0.31403493E-20   0.62806987E-20
 0.35900000E+02   0.30688723E-20   0.61377446E-20
 0.35920000E+02   0.29990240E-20   0.59980480E-20
 0.35940000E+02   0.29307673E-20   0.58615345E-20
 0.35960000E+02   0.28640658E-20   0.57281316E-20
 0.35980000E+02   0.27988842E-20   0.55977683E-20
 0.36000000E+02   0.27351876E-20   0.54703752E-20
 0.36020000E+02   0.26729423E-20   0.53458847E-20
 0.36040000E+02   0.26121152E-20   0.52242304E-20
 0.36060000E+02   0.25526738E-20   0.51053476E-20
 0.36080000E+02   0.24945866E-20   0.49891733E-20
 0.36100000E+02   0.24378228E-20   0.48756455E-20
 0.36120000E+02   0.23823520E-20   0.47647040E-20
 0.36140000E+02   0.23281449E-20   0.46562897E-20
 0.36160000E+02   0.22751725E-20   0.45503450E-20
 0.36180000E+02   0.22234068E-20   0.44468136E-20
 0.36200000E+02   0.21728203E-20   0.43456405E-20
 0.36220000E+02   0.21233859E-20   0.42467718E-20
 0.36240000E+02   0.20750775E-20   0.41501551E-20
 0.36260000E+02   0.20278694E-20   0.40557388E-20
 0.36280000E+02   0.19817365E-20   0.39634730E-20
 0.36300000E+02   0.19366543E-20   0.38733086E-20
 0.36320000E+02   0.18925988E-20   0.37851975E-20
 0.36340000E+02   0.18495466E-20   0.36990931E-20
 0.36360000E+02   0.18074748E-20   0.36149496E-20
 0.36380000E+02   0.17663611E-20   0.35327222E-20
 0.36400000E+02   0.17261836E-20   0.34523672E-20
 0.36420000E+02   0.16869211E-20   0.33738421E-20
 0.36440000E+02   0.16485525E-20   0.32971050E-20
 0.36460000E+02   0.16110576E-20   0.32221153E-20
 0.36480000E+02   0.15744165E-20   0.31488330E-20
 0.36500000E+02   0.15386096E-20   0.30772192E-20
 0.36520000E+02   0.15036180E-20   0.30072360E-20
 0.36540000E+02   0.14694230E-20   0.29388461E-20
 0.36560000E+02   0.14360066E-20   0.28720132E-20
 0.36580000E+02   0.14033509E-20   0.28067019E-20
 0.36600000E+02   0.13714387E-20   0.27428774E-20
 0.36620000E+02   0.13402530E-20   0.26805059E-20
 0.36640000E+02   0.13097772E-20   0.26195543E-20
 0.36660000E+02   0.12799951E-20   0.25599902E-20
 0.36680000E+02   0.12508909E-20   0.25017819E-20
 0.36700000E+02   0.12224493E-20   0.24448986E-20
 0.36720000E+02   0.11946550E-20   0.23893101E-20
 0.36740000E+02   0.11674934E-20   0.23349869E-20
 0.36760000E+02   0.11409500E-20   0.22819001E-20
 0.36780000E+02   0.11150108E-20   0.22300215E-20
 0.36800000E+02   0.10896619E-20   0.21793238E-20
 0.36820000E+02   0.10648899E-20   0.21297798E-20
 0.36840000E+02   0.10406817E-20   0.20813634E-20
 0.36860000E+02   0.10170244E-20   0.20340488E-20
 0.36880000E+02   0.99390551E-21   0.19878110E-20
 0.36900000E+02   0.97131271E-21   0.19426254E-20
 0.36920000E+02   0.94923403E-21   0.18984681E-20
 0.36940000E+02   0.92765777E-21   0.18553155E-20
 0.36960000E+02   0.90657246E-21   0.18131449E-20
 0.36980000E+02   0.88596694E-21   0.17719339E-20
 0.37000000E+02   0.86583027E-21   0.17316605E-20
 0.37020000E+02   0.84615177E-21   0.16923035E-20
 0.37040000E+02   0.82692100E-21   0.16538420E-20
 0.37060000E+02   0.80812776E-21   0.16162555E-20
 0.37080000E+02   0.78976210E-21   0.15795242E-20
 0.37100000E+02   0.77181427E-21   0.15436285E-20
 0.37120000E+02   0.75427475E-21   0.15085495E-20
 0.37140000E+02   0.73713424E-21   0.14742685E-20
 0.37160000E+02   0.72038366E-21   0.14407673E-20
 0.37180000E+02   0.70401413E-21   0.14080283E-20
 0.37200000E+02   0.68801697E-21   0.13760339E-20
 0.37220000E+02   0.67238370E-21   0.13447674E-20
 0.37240000E+02   0.65710603E-21   0.13142121E-20
 0.37260000E+02   0.64217586E-21   0.12843517E-20
 0.37280000E+02   0.62758528E-21   0.12551706E-20
 0.37300000E+02   0.61332657E-21   0.12266531E-20
 0.37320000E+02   0.59939215E-21   0.11987843E-20
 0.37340000E+02   0.58577465E-21   0.11715493E-20
 0.37360000E+02   0.57246686E-21   0.11449337E-20
 0.37380000E+02   0.55946172E-21   0.11189234E-20
 0.37400000E+02   0.54675233E-21   0.10935047E-20
 0.37420000E+02   0.53433198E-21   0.10686640E-20
 0.37440000E+02   0.52219407E-21   0.10443881E-20
 0.37460000E+02   0.51033217E-21   0.10206643E-20
 0.37480000E+02   0.49874001E-21   0.99748002E-21
 0.37500000E+02   0.48741144E-21   0.97482289E-21
 0.37520000E+02   0.47634047E-21   0.95268094E-21
 0.37540000E+02   0.46552122E-21   0.93104244E-21
 0.37560000E+02   0.45494797E-21   0.90989595E-21
 0.37580000E+02   0.44461513E-21   0.88923025E-21
 0.37600000E+02   0.43451720E-21   0.86903441E-21
 0.37620000E+02   0.42464886E-21   0.84929773E-21
 0.37640000E+02   0.41500488E-21   0.83000975E-21
 0.37660000E+02   0.40558014E-21   0.81116028E-21
 0.37680000E+02   0.39636966E-21   0.79273932E-21
 0.37700000E+02   0.38736857E-21   0.77473713E-21
 0.37720000E+02   0.37857209E-21   0.75714417E-21
 0.37740000E+02   0.36997557E-21   0.73995114E-21
 0.37760000E+02   0.36157446E-21   0.72314893E-21
 0.37780000E+02   0.35336432E-21   0.70672864E-21
 0.37800000E+02   0.34534080E-21   0.69068159E-21
 0.37820000E+02   0.33749964E-21   0.67499928E-21
 0.37840000E+02   0.32983671E-21   0.65967342E-21
 0.37860000E+02   0.32234795E-21   0.64469590E-21
 0.37880000E+02   0.31502939E-21   0.63005878E-21
 0.37900000E+02   0.30787716E-21   0.61575432E-21
 0.37920000E+02   0.30088748E-21   0.60177496E-21
 0.37940000E+02   0.29405665E-21   0.58811330E-21
 0.37960000E+02   0.28738105E-21   0.57476211E-21
 0.37980000E+02   0.28085716E-21   0.56171432E-21
 0.38000000E+02   0.27448152E-21   0.54896304E-21
 0.38020000E+02   0.26825076E-21   0.53650152E-21
 0.38040000E+02   0.26216158E-21   0.52432316E-21
 0.38060000E+02   0.25621077E-21   0.51242154E-21
 0.38080000E+02   0.25039517E-21   0.50079034E-21
 0.38100000E+02   0.24471171E-21   0.48942343E-21
 0.38120000E+02   0.23915739E-21   0.47831478E-21
 0.38140000E+02   0.23372927E-21   0.46745853E-21
 0.38160000E+02   0.22842447E-21   0.45684894E-21
 0.38180000E+02   0.22324019E-21   0.44648039E-21
 0.38200000E+02   0.21817370E-21   0.43634740E-21
 0.38220000E+02   0.21322231E-21   0.42644461E-21
 0.38240000E+02   0.20838340E-21   0.41676680E-21
 0.38260000E+02   0.20365442E-21   0.40730883E-21
 0.38280000E+02   0.19903286E-21   0.39806572E-21
 0.38300000E+02   0.19451629E-21   0.38903258E-21
 0.38320000E+02   0.19010232E-21   0.38020463E-21
 0.38340000E+02   0.18578861E-21   0.37157721E-21
 0.38360000E+02   0.18157288E-21   0.36314576E-21
 0.38380000E+02   0.17745291E-21   0.35490581E-21
 0.38400000E+02   0.17342651E-21   0.34685302E-21
 0.38420000E+02   0.16949157E-21   0.33898314E-21
 0.38440000E+02   0.16564600E-21   0.33129199E-21
 0.38460000E+02   0.16188776E-21   0.32377553E-21
 0.38480000E+02   0.15821488E-21   0.31642977E-21
 0.38500000E+02   0.15462542E-21   0.30925084E-21
 0.38520000E+02   0.15111747E-21   0.30223494E-21
 0.38540000E+02   0.14768918E-21   0.29537837E-21
 0.38560000E+02   0.14433875E-21   0.28867750E-21
 0.38580000E+02   0.14106440E-21   0.28212880E-21
 0.38600000E+02   0.13786440E-21   0.27572881E-21
 0.38620000E+02   0.13473707E-21   0.26947414E-21
 0.38640000E+02   0.13168075E-21   0.26336150E-21
 0.38660000E+02   0.12869382E-21   0.25738765E-21
 0.38680000E+02   0.12577472E-21   0.25154944E-21
 0.38700000E+02   0.12292189E-21   0.24584378E-21
 0.38720000E+02   0.12013384E-21   0.24026767E-21
 0.38740000E+02   0.11740908E-21   0.23481817E-21
 0.38760000E+02   0.11474619E-21   0.22949238E-21
 0.38780000E+02   0.11214375E-21   0.22428750E-21
 0.38800000E+02   0.10960040E-21   0.21920079E-21
 0.38820000E+02   0.10711478E-21   0.21422956E-21
 0.38840000E+02   0.10468559E-21   0.20937118E-21
 0.38860000E+02   0.10231154E-21   0.20462308E-21
 0.38880000E+02   0.99991386E-22   0.19998277E-21
 0.38900000E+02   0.97723898E-22   0.19544780E-21
 0.38920000E+02   0.95507879E-22   0.19101576E-21
 0.38940000E+02   0.93342161E-22   0.18668432E-21
 0.38960000E+02   0.91225601E-22   0.18245120E-21
 0.38980000E+02   0.89157081E-22   0.17831416E-21
 0.39000000E+02   0.87135510E-22   0.17427102E-21
 0.39020000E+02   0.85159822E-22   0.17031964E-21
 0.39040000E+02   0.83228973E-22   0.16645795E-21
 0.39060000E+02   0.81341946E-22   0.16268389E-21
 0.39080000E+02   0.79497745E-22   0.15899549E-21
 0.39100000E+02   0.77695396E-22   0.15539079E-21
 0.39120000E+02   0.75933950E-22   0.15186790E-21
 0.39140000E+02   0.74212476E-22   0.14842495E-21
 0.39160000E+02   0.72530067E-22   0.14506013E-21
 0.39180000E+02   0.70885836E-22   0.14177167E-21
 0.39200000E+02   0.69278915E-22   0.13855783E-21
 0.39220000E+02   0.67708456E-22   0.13541691E-21
 0.39240000E+02   0.66173633E-22   0.13234727E-21
 0.39260000E+02   0.64673634E-22   0.12934727E-21
 0.39280000E+02   0.63207670E-22   0.12641534E-21
 0.39300000E+02   0.61774966E-22   0.12354993E-21
 0.39320000E+02   0.60374769E-22   0.12074954E-21
 0.39340000E+02   0.59006339E-22   0.11801268E-21
 0.39360000E+02   0.57668955E-22   0.11533791E-21
 0.39380000E+02   0.56361913E-22   0.11272383E-21
 0.39400000E+02   0.55084522E-22   0.11016904E-21
 0.39420000E+02   0.53836110E-22   0.10767222E-21
 0.39440000E+02   0.52616018E-22   0.10523204E-21
 0.39460000E+02   0.51423604E-22   0.10284721E-21
 0.39480000E+02   0.50258239E-22   0.10051648E-21
 0.39500000E+02   0.49119309E-22   0.98238617E-22
 0.39520000E+02   0.48006213E-22   0.96012426E-22
 0.39540000E+02   0.46918365E-22   0.93836730E-22
 0.39560000E+02   0.45855192E-22   0.91710384E-22
 0.39580000E+02   0.44816133E-22   0.89632267E-22
 0.39600000E+02   0.43800642E-22   0.87601283E-22
 0.39620000E+02   0.42808182E-22   0.85616364E-22
 0.39640000E+02   0.41838231E-22   0.83676463E-22
 0.39660000E+02   0.40890279E-22   0.81780557E-22
 0.39680000E+02   0.39963825E-22   0.79927649E-22
 0.39700000E+02   0.39058381E-22   0.78116763E-22
 0.39720000E+02   0.38173471E-22   0.76346943E-22
 0.39740000E+02   0.37308629E-22   0.74617258E-22
 0.39760000E+02   0.36463399E-22   0.72926798E-22
 0.39780000E+02   0.35637335E-22   0.71274671E-22
 0.39800000E+02   0.34830004E-22   0.69660007E-22
 0.39820000E+02   0.34040978E-22   0.68081957E-22
 0.39840000E+02   0.33269844E-22   0.66539688E-22
 0.39860000E+02   0.32516195E-22   0.65032390E-22
 0.39880000E+02   0.31779634E-22   0.63559268E-22
 0.39900000E+02   0.31059773E-22   0.62119546E-22
 0.39920000E+02   0.30356234E-22   0.60712468E-22
 0.39940000E+02   0.29668645E-22   0.59337290E-22
 0.39960000E+02   0.28996645E-22   0.57993291E-22
 0.39980000E+02   0.28339881E-22   0.56679762E-22
 0.40000000E+02   0.27698006E-22   0.55396011E-22

