Wood-Saxon orbitals: densities
        r              rho_p            rho_n
 0.20000000E-01   0.15796919E-01   0.31593838E-01
 0.40000000E-01   0.15793830E-01   0.31587660E-01
 0.60000000E-01   0.15788684E-01   0.31577369E-01
 0.80000000E-01   0.15781506E-01   0.31563013E-01
 0.10000000E+00   0.15772312E-01   0.31544624E-01
 0.12000000E+00   0.15761114E-01   0.31522229E-01
 0.14000000E+00   0.15747925E-01   0.31495850E-01
 0.16000000E+00   0.15732753E-01   0.31465507E-01
 0.18000000E+00   0.15715607E-01   0.31431214E-01
 0.20000000E+00   0.15696492E-01   0.31392984E-01
 0.22000000E+00   0.15675413E-01   0.31350825E-01
 0.24000000E+00   0.15652372E-01   0.31304744E-01
 0.26000000E+00   0.15627372E-01   0.31254744E-01
 0.28000000E+00   0.15600412E-01   0.31200824E-01
 0.30000000E+00   0.15571491E-01   0.31142983E-01
 0.32000000E+00   0.15540607E-01   0.31081215E-01
 0.34000000E+00   0.15507757E-01   0.31015514E-01
 0.36000000E+00   0.15472935E-01   0.30945870E-01
 0.38000000E+00   0.15436137E-01   0.30872274E-01
 0.40000000E+00   0.15397356E-01   0.30794712E-01
 0.42000000E+00   0.15356585E-01   0.30713171E-01
 0.44000000E+00   0.15313818E-01   0.30627636E-01
 0.46000000E+00   0.15269046E-01   0.30538092E-01
 0.48000000E+00   0.15222261E-01   0.30444521E-01
 0.50000000E+00   0.15173454E-01   0.30346908E-01
 0.52000000E+00   0.15122618E-01   0.30245236E-01
 0.54000000E+00   0.15069744E-01   0.30139487E-01
 0.56000000E+00   0.15014823E-01   0.30029646E-01
 0.58000000E+00   0.14957848E-01   0.29915696E-01
 0.60000000E+00   0.14898811E-01   0.29797623E-01
 0.62000000E+00   0.14837706E-01   0.29675412E-01
 0.64000000E+00   0.14774526E-01   0.29549052E-01
 0.66000000E+00   0.14709266E-01   0.29418532E-01
 0.68000000E+00   0.14641921E-01   0.29283842E-01
 0.70000000E+00   0.14572488E-01   0.29144977E-01
 0.72000000E+00   0.14500965E-01   0.29001930E-01
 0.74000000E+00   0.14427351E-01   0.28854702E-01
 0.76000000E+00   0.14351646E-01   0.28703292E-01
 0.78000000E+00   0.14273853E-01   0.28547705E-01
 0.80000000E+00   0.14193974E-01   0.28387949E-01
 0.82000000E+00   0.14112016E-01   0.28224032E-01
 0.84000000E+00   0.14027986E-01   0.28055971E-01
 0.86000000E+00   0.13941892E-01   0.27883783E-01
 0.88000000E+00   0.13853745E-01   0.27707490E-01
 0.90000000E+00   0.13763559E-01   0.27527119E-01
 0.92000000E+00   0.13671349E-01   0.27342698E-01
 0.94000000E+00   0.13577132E-01   0.27154265E-01
 0.96000000E+00   0.13480928E-01   0.26961856E-01
 0.98000000E+00   0.13382758E-01   0.26765517E-01
 0.10000000E+01   0.13282647E-01   0.26565295E-01
 0.10200000E+01   0.13180622E-01   0.26361243E-01
 0.10400000E+01   0.13076710E-01   0.26153420E-01
 0.10600000E+01   0.12970943E-01   0.25941886E-01
 0.10800000E+01   0.12863355E-01   0.25726711E-01
 0.11000000E+01   0.12753982E-01   0.25507964E-01
 0.11200000E+01   0.12642862E-01   0.25285724E-01
 0.11400000E+01   0.12530035E-01   0.25060070E-01
 0.11600000E+01   0.12415545E-01   0.24831090E-01
 0.11800000E+01   0.12299436E-01   0.24598873E-01
 0.12000000E+01   0.12181757E-01   0.24363513E-01
 0.12200000E+01   0.12062555E-01   0.24125111E-01
 0.12400000E+01   0.11941884E-01   0.23883769E-01
 0.12600000E+01   0.11819797E-01   0.23639594E-01
 0.12800000E+01   0.11696349E-01   0.23392698E-01
 0.13000000E+01   0.11571598E-01   0.23143195E-01
 0.13200000E+01   0.11445602E-01   0.22891205E-01
 0.13400000E+01   0.11318424E-01   0.22636848E-01
 0.13600000E+01   0.11190125E-01   0.22380250E-01
 0.13800000E+01   0.11060769E-01   0.22121538E-01
 0.14000000E+01   0.10930422E-01   0.21860843E-01
 0.14200000E+01   0.10799149E-01   0.21598299E-01
 0.14400000E+01   0.10667020E-01   0.21334040E-01
 0.14600000E+01   0.10534102E-01   0.21068203E-01
 0.14800000E+01   0.10400464E-01   0.20800929E-01
 0.15000000E+01   0.10266178E-01   0.20532356E-01
 0.15200000E+01   0.10131313E-01   0.20262627E-01
 0.15400000E+01   0.99959422E-02   0.19991884E-01
 0.15600000E+01   0.98601356E-02   0.19720271E-01
 0.15800000E+01   0.97239658E-02   0.19447932E-01
 0.16000000E+01   0.95875045E-02   0.19175009E-01
 0.16200000E+01   0.94508236E-02   0.18901647E-01
 0.16400000E+01   0.93139948E-02   0.18627990E-01
 0.16600000E+01   0.91770895E-02   0.18354179E-01
 0.16800000E+01   0.90401785E-02   0.18080357E-01
 0.17000000E+01   0.89033321E-02   0.17806664E-01
 0.17200000E+01   0.87666201E-02   0.17533240E-01
 0.17400000E+01   0.86301112E-02   0.17260222E-01
 0.17600000E+01   0.84938733E-02   0.16987747E-01
 0.17800000E+01   0.83579733E-02   0.16715947E-01
 0.18000000E+01   0.82224769E-02   0.16444954E-01
 0.18200000E+01   0.80874487E-02   0.16174897E-01
 0.18400000E+01   0.79529517E-02   0.15905903E-01
 0.18600000E+01   0.78190477E-02   0.15638095E-01
 0.18800000E+01   0.76857970E-02   0.15371594E-01
 0.19000000E+01   0.75532580E-02   0.15106516E-01
 0.19200000E+01   0.74214879E-02   0.14842976E-01
 0.19400000E+01   0.72905417E-02   0.14581083E-01
 0.19600000E+01   0.71604731E-02   0.14320946E-01
 0.19800000E+01   0.70313335E-02   0.14062667E-01
 0.20000000E+01   0.69031727E-02   0.13806345E-01
 0.20200000E+01   0.67760384E-02   0.13552077E-01
 0.20400000E+01   0.66499764E-02   0.13299953E-01
 0.20600000E+01   0.65250305E-02   0.13050061E-01
 0.20800000E+01   0.64012425E-02   0.12802485E-01
 0.21000000E+01   0.62786519E-02   0.12557304E-01
 0.21200000E+01   0.61572965E-02   0.12314593E-01
 0.21400000E+01   0.60372118E-02   0.12074424E-01
 0.21600000E+01   0.59184312E-02   0.11836862E-01
 0.21800000E+01   0.58009862E-02   0.11601972E-01
 0.22000000E+01   0.56849060E-02   0.11369812E-01
 0.22200000E+01   0.55702179E-02   0.11140436E-01
 0.22400000E+01   0.54569471E-02   0.10913894E-01
 0.22600000E+01   0.53451169E-02   0.10690234E-01
 0.22800000E+01   0.52347484E-02   0.10469497E-01
 0.23000000E+01   0.51258608E-02   0.10251722E-01
 0.23200000E+01   0.50184715E-02   0.10036943E-01
 0.23400000E+01   0.49125957E-02   0.98251915E-02
 0.23600000E+01   0.48082471E-02   0.96164943E-02
 0.23800000E+01   0.47054374E-02   0.94108747E-02
 0.24000000E+01   0.46041763E-02   0.92083527E-02
 0.24200000E+01   0.45044722E-02   0.90089444E-02
 0.24400000E+01   0.44063315E-02   0.88126630E-02
 0.24600000E+01   0.43097591E-02   0.86195182E-02
 0.24800000E+01   0.42147582E-02   0.84295164E-02
 0.25000000E+01   0.41213306E-02   0.82426611E-02
 0.25200000E+01   0.40294765E-02   0.80589530E-02
 0.25400000E+01   0.39391948E-02   0.78783895E-02
 0.25600000E+01   0.38504829E-02   0.77009658E-02
 0.25800000E+01   0.37633370E-02   0.75266740E-02
 0.26000000E+01   0.36777520E-02   0.73555040E-02
 0.26200000E+01   0.35937215E-02   0.71874431E-02
 0.26400000E+01   0.35112382E-02   0.70224765E-02
 0.26600000E+01   0.34302935E-02   0.68605870E-02
 0.26800000E+01   0.33508778E-02   0.67017556E-02
 0.27000000E+01   0.32729806E-02   0.65459611E-02
 0.27200000E+01   0.31965903E-02   0.63931807E-02
 0.27400000E+01   0.31216948E-02   0.62433896E-02
 0.27600000E+01   0.30482807E-02   0.60965615E-02
 0.27800000E+01   0.29763343E-02   0.59526686E-02
 0.28000000E+01   0.29058409E-02   0.58116817E-02
 0.28200000E+01   0.28367851E-02   0.56735702E-02
 0.28400000E+01   0.27691512E-02   0.55383023E-02
 0.28600000E+01   0.27029226E-02   0.54058451E-02
 0.28800000E+01   0.26380823E-02   0.52761646E-02
 0.29000000E+01   0.25746130E-02   0.51492260E-02
 0.29200000E+01   0.25124967E-02   0.50249934E-02
 0.29400000E+01   0.24517152E-02   0.49034303E-02
 0.29600000E+01   0.23922498E-02   0.47844996E-02
 0.29800000E+01   0.23340816E-02   0.46681633E-02
 0.30000000E+01   0.22771915E-02   0.45543830E-02
 0.30200000E+01   0.22215600E-02   0.44431201E-02
 0.30400000E+01   0.21671675E-02   0.43343350E-02
 0.30600000E+01   0.21139942E-02   0.42279885E-02
 0.30800000E+01   0.20620202E-02   0.41240404E-02
 0.31000000E+01   0.20112255E-02   0.40224510E-02
 0.31200000E+01   0.19615899E-02   0.39231798E-02
 0.31400000E+01   0.19130934E-02   0.38261867E-02
 0.31600000E+01   0.18657157E-02   0.37314314E-02
 0.31800000E+01   0.18194367E-02   0.36388735E-02
 0.32000000E+01   0.17742363E-02   0.35484727E-02
 0.32200000E+01   0.17300945E-02   0.34601889E-02
 0.32400000E+01   0.16869911E-02   0.33739821E-02
 0.32600000E+01   0.16449063E-02   0.32898125E-02
 0.32800000E+01   0.16038202E-02   0.32076404E-02
 0.33000000E+01   0.15637132E-02   0.31274264E-02
 0.33200000E+01   0.15245658E-02   0.30491315E-02
 0.33400000E+01   0.14863585E-02   0.29727169E-02
 0.33600000E+01   0.14490721E-02   0.28981442E-02
 0.33800000E+01   0.14126876E-02   0.28253752E-02
 0.34000000E+01   0.13771862E-02   0.27543724E-02
 0.34200000E+01   0.13425491E-02   0.26850983E-02
 0.34400000E+01   0.13087581E-02   0.26175162E-02
 0.34600000E+01   0.12757948E-02   0.25515896E-02
 0.34800000E+01   0.12436413E-02   0.24872826E-02
 0.35000000E+01   0.12122799E-02   0.24245598E-02
 0.35200000E+01   0.11816930E-02   0.23633861E-02
 0.35400000E+01   0.11518635E-02   0.23037271E-02
 0.35600000E+01   0.11227744E-02   0.22455488E-02
 0.35800000E+01   0.10944089E-02   0.21888178E-02
 0.36000000E+01   0.10667506E-02   0.21335011E-02
 0.36200000E+01   0.10397832E-02   0.20795664E-02
 0.36400000E+01   0.10134909E-02   0.20269818E-02
 0.36600000E+01   0.98785797E-03   0.19757159E-02
 0.36800000E+01   0.96286907E-03   0.19257381E-02
 0.37000000E+01   0.93850908E-03   0.18770182E-02
 0.37200000E+01   0.91476315E-03   0.18295263E-02
 0.37400000E+01   0.89161674E-03   0.17832335E-02
 0.37600000E+01   0.86905554E-03   0.17381111E-02
 0.37800000E+01   0.84706556E-03   0.16941311E-02
 0.38000000E+01   0.82563304E-03   0.16512661E-02
 0.38200000E+01   0.80474453E-03   0.16094891E-02
 0.38400000E+01   0.78438681E-03   0.15687736E-02
 0.38600000E+01   0.76454697E-03   0.15290939E-02
 0.38800000E+01   0.74521233E-03   0.14904247E-02
 0.39000000E+01   0.72637049E-03   0.14527410E-02
 0.39200000E+01   0.70800932E-03   0.14160186E-02
 0.39400000E+01   0.69011693E-03   0.13802339E-02
 0.39600000E+01   0.67268170E-03   0.13453634E-02
 0.39800000E+01   0.65569227E-03   0.13113845E-02
 0.40000000E+01   0.63913750E-03   0.12782750E-02
 0.40200000E+01   0.62300652E-03   0.12460130E-02
 0.40400000E+01   0.60728871E-03   0.12145774E-02
 0.40600000E+01   0.59197367E-03   0.11839473E-02
 0.40800000E+01   0.57705125E-03   0.11541025E-02
 0.41000000E+01   0.56251153E-03   0.11250231E-02
 0.41200000E+01   0.54834481E-03   0.10966896E-02
 0.41400000E+01   0.53454163E-03   0.10690833E-02
 0.41600000E+01   0.52109275E-03   0.10421855E-02
 0.41800000E+01   0.50798913E-03   0.10159783E-02
 0.42000000E+01   0.49522197E-03   0.99044394E-03
 0.42200000E+01   0.48278266E-03   0.96556532E-03
 0.42400000E+01   0.47066281E-03   0.94132561E-03
 0.42600000E+01   0.45885422E-03   0.91770843E-03
 0.42800000E+01   0.44734890E-03   0.89469779E-03
 0.43000000E+01   0.43613904E-03   0.87227809E-03
 0.43200000E+01   0.42521705E-03   0.85043410E-03
 0.43400000E+01   0.41457550E-03   0.82915099E-03
 0.43600000E+01   0.40420714E-03   0.80841428E-03
 0.43800000E+01   0.39410492E-03   0.78820985E-03
 0.44000000E+01   0.38426196E-03   0.76852392E-03
 0.44200000E+01   0.37467155E-03   0.74934309E-03
 0.44400000E+01   0.36532713E-03   0.73065426E-03
 0.44600000E+01   0.35622234E-03   0.71244467E-03
 0.44800000E+01   0.34735095E-03   0.69470190E-03
 0.45000000E+01   0.33870690E-03   0.67741380E-03
 0.45200000E+01   0.33028429E-03   0.66056859E-03
 0.45400000E+01   0.32207736E-03   0.64415473E-03
 0.45600000E+01   0.31408051E-03   0.62816101E-03
 0.45800000E+01   0.30628825E-03   0.61257651E-03
 0.46000000E+01   0.29869528E-03   0.59739056E-03
 0.46200000E+01   0.29129640E-03   0.58259279E-03
 0.46400000E+01   0.28408655E-03   0.56817310E-03
 0.46600000E+01   0.27706081E-03   0.55412162E-03
 0.46800000E+01   0.27021438E-03   0.54042877E-03
 0.47000000E+01   0.26354260E-03   0.52708520E-03
 0.47200000E+01   0.25704090E-03   0.51408180E-03
 0.47400000E+01   0.25070485E-03   0.50140971E-03
 0.47600000E+01   0.24453015E-03   0.48906029E-03
 0.47800000E+01   0.23851257E-03   0.47702514E-03
 0.48000000E+01   0.23264802E-03   0.46529605E-03
 0.48200000E+01   0.22693253E-03   0.45386505E-03
 0.48400000E+01   0.22136219E-03   0.44272438E-03
 0.48600000E+01   0.21593323E-03   0.43186647E-03
 0.48800000E+01   0.21064197E-03   0.42128395E-03
 0.49000000E+01   0.20548482E-03   0.41096964E-03
 0.49200000E+01   0.20045829E-03   0.40091658E-03
 0.49400000E+01   0.19555897E-03   0.39111794E-03
 0.49600000E+01   0.19078356E-03   0.38156711E-03
 0.49800000E+01   0.18612883E-03   0.37225765E-03
 0.50000000E+01   0.18159164E-03   0.36318328E-03
 0.50200000E+01   0.17716894E-03   0.35433787E-03
 0.50400000E+01   0.17285775E-03   0.34571549E-03
 0.50600000E+01   0.16865517E-03   0.33731034E-03
 0.50800000E+01   0.16455839E-03   0.32911678E-03
 0.51000000E+01   0.16056466E-03   0.32112932E-03
 0.51200000E+01   0.15667130E-03   0.31334260E-03
 0.51400000E+01   0.15287572E-03   0.30575143E-03
 0.51600000E+01   0.14917537E-03   0.29835074E-03
 0.51800000E+01   0.14556779E-03   0.29113559E-03
 0.52000000E+01   0.14205059E-03   0.28410118E-03
 0.52200000E+01   0.13862142E-03   0.27724284E-03
 0.52400000E+01   0.13527801E-03   0.27055601E-03
 0.52600000E+01   0.13201813E-03   0.26403626E-03
 0.52800000E+01   0.12883964E-03   0.25767928E-03
 0.53000000E+01   0.12574043E-03   0.25148086E-03
 0.53200000E+01   0.12271846E-03   0.24543692E-03
 0.53400000E+01   0.11977174E-03   0.23954348E-03
 0.53600000E+01   0.11689833E-03   0.23379665E-03
 0.53800000E+01   0.11409634E-03   0.22819267E-03
 0.54000000E+01   0.11136393E-03   0.22272787E-03
 0.54200000E+01   0.10869933E-03   0.21739866E-03
 0.54400000E+01   0.10610078E-03   0.21220156E-03
 0.54600000E+01   0.10356659E-03   0.20713318E-03
 0.54800000E+01   0.10109512E-03   0.20219023E-03
 0.55000000E+01   0.98684744E-04   0.19736949E-03
 0.55200000E+01   0.96333913E-04   0.19266783E-03
 0.55400000E+01   0.94041098E-04   0.18808220E-03
 0.55600000E+01   0.91804818E-04   0.18360964E-03
 0.55800000E+01   0.89623628E-04   0.17924726E-03
 0.56000000E+01   0.87496123E-04   0.17499225E-03
 0.56200000E+01   0.85420932E-04   0.17084186E-03
 0.56400000E+01   0.83396725E-04   0.16679345E-03
 0.56600000E+01   0.81422202E-04   0.16284440E-03
 0.56800000E+01   0.79496100E-04   0.15899220E-03
 0.57000000E+01   0.77617188E-04   0.15523438E-03
 0.57200000E+01   0.75784269E-04   0.15156854E-03
 0.57400000E+01   0.73996175E-04   0.14799235E-03
 0.57600000E+01   0.72251771E-04   0.14450354E-03
 0.57800000E+01   0.70549949E-04   0.14109990E-03
 0.58000000E+01   0.68889633E-04   0.13777927E-03
 0.58200000E+01   0.67269773E-04   0.13453955E-03
 0.58400000E+01   0.65689348E-04   0.13137870E-03
 0.58600000E+01   0.64147361E-04   0.12829472E-03
 0.58800000E+01   0.62642845E-04   0.12528569E-03
 0.59000000E+01   0.61174854E-04   0.12234971E-03
 0.59200000E+01   0.59742471E-04   0.11948494E-03
 0.59400000E+01   0.58344799E-04   0.11668960E-03
 0.59600000E+01   0.56980967E-04   0.11396193E-03
 0.59800000E+01   0.55650125E-04   0.11130025E-03
 0.60000000E+01   0.54351446E-04   0.10870289E-03
 0.60200000E+01   0.53084125E-04   0.10616825E-03
 0.60400000E+01   0.51847376E-04   0.10369475E-03
 0.60600000E+01   0.50640435E-04   0.10128087E-03
 0.60800000E+01   0.49462557E-04   0.98925114E-04
 0.61000000E+01   0.48313017E-04   0.96626033E-04
 0.61200000E+01   0.47191108E-04   0.94382216E-04
 0.61400000E+01   0.46096142E-04   0.92192283E-04
 0.61600000E+01   0.45027448E-04   0.90054896E-04
 0.61800000E+01   0.43984373E-04   0.87968746E-04
 0.62000000E+01   0.42966280E-04   0.85932560E-04
 0.62200000E+01   0.41972550E-04   0.83945100E-04
 0.62400000E+01   0.41002578E-04   0.82005155E-04
 0.62600000E+01   0.40055775E-04   0.80111550E-04
 0.62800000E+01   0.39131569E-04   0.78263138E-04
 0.63000000E+01   0.38229400E-04   0.76458800E-04
 0.63200000E+01   0.37348724E-04   0.74697447E-04
 0.63400000E+01   0.36489010E-04   0.72978020E-04
 0.63600000E+01   0.35649742E-04   0.71299484E-04
 0.63800000E+01   0.34830416E-04   0.69660832E-04
 0.64000000E+01   0.34030541E-04   0.68061081E-04
 0.64200000E+01   0.33249638E-04   0.66499277E-04
 0.64400000E+01   0.32487243E-04   0.64974485E-04
 0.64600000E+01   0.31742899E-04   0.63485799E-04
 0.64800000E+01   0.31016166E-04   0.62032332E-04
 0.65000000E+01   0.30306611E-04   0.60613221E-04
 0.65200000E+01   0.29613813E-04   0.59227627E-04
 0.65400000E+01   0.28937364E-04   0.57874729E-04
 0.65600000E+01   0.28276864E-04   0.56553728E-04
 0.65800000E+01   0.27631923E-04   0.55263847E-04
 0.66000000E+01   0.27002163E-04   0.54004325E-04
 0.66200000E+01   0.26387212E-04   0.52774425E-04
 0.66400000E+01   0.25786712E-04   0.51573423E-04
 0.66600000E+01   0.25200310E-04   0.50400619E-04
 0.66800000E+01   0.24627663E-04   0.49255327E-04
 0.67000000E+01   0.24068439E-04   0.48136878E-04
 0.67200000E+01   0.23522311E-04   0.47044623E-04
 0.67400000E+01   0.22988963E-04   0.45977926E-04
 0.67600000E+01   0.22468085E-04   0.44936169E-04
 0.67800000E+01   0.21959374E-04   0.43918749E-04
 0.68000000E+01   0.21462538E-04   0.42925077E-04
 0.68200000E+01   0.20977290E-04   0.41954580E-04
 0.68400000E+01   0.20503350E-04   0.41006700E-04
 0.68600000E+01   0.20040446E-04   0.40080892E-04
 0.68800000E+01   0.19588312E-04   0.39176623E-04
 0.69000000E+01   0.19146688E-04   0.38293377E-04
 0.69200000E+01   0.18715324E-04   0.37430647E-04
 0.69400000E+01   0.18293971E-04   0.36587942E-04
 0.69600000E+01   0.17882390E-04   0.35764780E-04
 0.69800000E+01   0.17480347E-04   0.34960694E-04
 0.70000000E+01   0.17087613E-04   0.34175226E-04
 0.70200000E+01   0.16703966E-04   0.33407931E-04
 0.70400000E+01   0.16329188E-04   0.32658376E-04
 0.70600000E+01   0.15963068E-04   0.31926135E-04
 0.70800000E+01   0.15605398E-04   0.31210796E-04
 0.71000000E+01   0.15255978E-04   0.30511957E-04
 0.71200000E+01   0.14914612E-04   0.29829223E-04
 0.71400000E+01   0.14581106E-04   0.29162212E-04
 0.71600000E+01   0.14255275E-04   0.28510550E-04
 0.71800000E+01   0.13936936E-04   0.27873872E-04
 0.72000000E+01   0.13625911E-04   0.27251823E-04
 0.72200000E+01   0.13322027E-04   0.26644055E-04
 0.72400000E+01   0.13025115E-04   0.26050230E-04
 0.72600000E+01   0.12735009E-04   0.25470018E-04
 0.72800000E+01   0.12451548E-04   0.24903097E-04
 0.73000000E+01   0.12174576E-04   0.24349152E-04
 0.73200000E+01   0.11903939E-04   0.23807878E-04
 0.73400000E+01   0.11639488E-04   0.23278976E-04
 0.73600000E+01   0.11381076E-04   0.22762152E-04
 0.73800000E+01   0.11128562E-04   0.22257124E-04
 0.74000000E+01   0.10881807E-04   0.21763614E-04
 0.74200000E+01   0.10640675E-04   0.21281350E-04
 0.74400000E+01   0.10405034E-04   0.20810068E-04
 0.74600000E+01   0.10174756E-04   0.20349511E-04
 0.74800000E+01   0.99497133E-05   0.19899427E-04
 0.75000000E+01   0.97297848E-05   0.19459570E-04
 0.75200000E+01   0.95148502E-05   0.19029700E-04
 0.75400000E+01   0.93047926E-05   0.18609585E-04
 0.75600000E+01   0.90994981E-05   0.18198996E-04
 0.75800000E+01   0.88988552E-05   0.17797710E-04
 0.76000000E+01   0.87027554E-05   0.17405511E-04
 0.76200000E+01   0.85110928E-05   0.17022186E-04
 0.76400000E+01   0.83237639E-05   0.16647528E-04
 0.76600000E+01   0.81406677E-05   0.16281335E-04
 0.76800000E+01   0.79617058E-05   0.15923412E-04
 0.77000000E+01   0.77867821E-05   0.15573564E-04
 0.77200000E+01   0.76158026E-05   0.15231605E-04
 0.77400000E+01   0.74486759E-05   0.14897352E-04
 0.77600000E+01   0.72853126E-05   0.14570625E-04
 0.77800000E+01   0.71256254E-05   0.14251251E-04
 0.78000000E+01   0.69695292E-05   0.13939058E-04
 0.78200000E+01   0.68169408E-05   0.13633882E-04
 0.78400000E+01   0.66677792E-05   0.13335558E-04
 0.78600000E+01   0.65219651E-05   0.13043930E-04
 0.78800000E+01   0.63794212E-05   0.12758842E-04
 0.79000000E+01   0.62400722E-05   0.12480144E-04
 0.79200000E+01   0.61038443E-05   0.12207689E-04
 0.79400000E+01   0.59706656E-05   0.11941331E-04
 0.79600000E+01   0.58404659E-05   0.11680932E-04
 0.79800000E+01   0.57131768E-05   0.11426354E-04
 0.80000000E+01   0.55887312E-05   0.11177462E-04
 0.80200000E+01   0.54670639E-05   0.10934128E-04
 0.80400000E+01   0.53481111E-05   0.10696222E-04
 0.80600000E+01   0.52318105E-05   0.10463621E-04
 0.80800000E+01   0.51181014E-05   0.10236203E-04
 0.81000000E+01   0.50069244E-05   0.10013849E-04
 0.81200000E+01   0.48982215E-05   0.97964431E-05
 0.81400000E+01   0.47919363E-05   0.95838725E-05
 0.81600000E+01   0.46880133E-05   0.93760266E-05
 0.81800000E+01   0.45863987E-05   0.91727974E-05
 0.82000000E+01   0.44870398E-05   0.89740797E-05
 0.82200000E+01   0.43898852E-05   0.87797704E-05
 0.82400000E+01   0.42948846E-05   0.85897692E-05
 0.82600000E+01   0.42019890E-05   0.84039780E-05
 0.82800000E+01   0.41111505E-05   0.82223010E-05
 0.83000000E+01   0.40223223E-05   0.80446445E-05
 0.83200000E+01   0.39354586E-05   0.78709173E-05
 0.83400000E+01   0.38505151E-05   0.77010301E-05
 0.83600000E+01   0.37674479E-05   0.75348958E-05
 0.83800000E+01   0.36862147E-05   0.73724293E-05
 0.84000000E+01   0.36067737E-05   0.72135475E-05
 0.84200000E+01   0.35290846E-05   0.70581692E-05
 0.84400000E+01   0.34531075E-05   0.69062150E-05
 0.84600000E+01   0.33788039E-05   0.67576077E-05
 0.84800000E+01   0.33061358E-05   0.66122715E-05
 0.85000000E+01   0.32350663E-05   0.64701326E-05
 0.85200000E+01   0.31655594E-05   0.63311188E-05
 0.85400000E+01   0.30975798E-05   0.61951597E-05
 0.85600000E+01   0.30310932E-05   0.60621863E-05
 0.85800000E+01   0.29660658E-05   0.59321315E-05
 0.86000000E+01   0.29024648E-05   0.58049296E-05
 0.86200000E+01   0.28402581E-05   0.56805163E-05
 0.86400000E+01   0.27794145E-05   0.55588290E-05
 0.86600000E+01   0.27199033E-05   0.54398065E-05
 0.86800000E+01   0.26616945E-05   0.53233889E-05
 0.87000000E+01   0.26047589E-05   0.52095178E-05
 0.87200000E+01   0.25490681E-05   0.50981362E-05
 0.87400000E+01   0.24945941E-05   0.49891881E-05
 0.87600000E+01   0.24413096E-05   0.48826192E-05
 0.87800000E+01   0.23891881E-05   0.47783762E-05
 0.88000000E+01   0.23382035E-05   0.46764071E-05
 0.88200000E+01   0.22883305E-05   0.45766610E-05
 0.88400000E+01   0.22395442E-05   0.44790884E-05
 0.88600000E+01   0.21918203E-05   0.43836406E-05
 0.88800000E+01   0.21451352E-05   0.42902704E-05
 0.89000000E+01   0.20994657E-05   0.41989313E-05
 0.89200000E+01   0.20547891E-05   0.41095782E-05
 0.89400000E+01   0.20110834E-05   0.40221668E-05
 0.89600000E+01   0.19683270E-05   0.39366540E-05
 0.89800000E+01   0.19264987E-05   0.38529974E-05
 0.90000000E+01   0.18855779E-05   0.37711559E-05
 0.90200000E+01   0.18455445E-05   0.36910890E-05
 0.90400000E+01   0.18063788E-05   0.36127576E-05
 0.90600000E+01   0.17680615E-05   0.35361229E-05
 0.90800000E+01   0.17305738E-05   0.34611475E-05
 0.91000000E+01   0.16938973E-05   0.33877945E-05
 0.91200000E+01   0.16580140E-05   0.33160281E-05
 0.91400000E+01   0.16229065E-05   0.32458131E-05
 0.91600000E+01   0.15885576E-05   0.31771152E-05
 0.91800000E+01   0.15549504E-05   0.31099008E-05
 0.92000000E+01   0.15220686E-05   0.30441372E-05
 0.92200000E+01   0.14898962E-05   0.29797924E-05
 0.92400000E+01   0.14584175E-05   0.29168351E-05
 0.92600000E+01   0.14276173E-05   0.28552346E-05
 0.92800000E+01   0.13974805E-05   0.27949610E-05
 0.93000000E+01   0.13679926E-05   0.27359852E-05
 0.93200000E+01   0.13391393E-05   0.26782785E-05
 0.93400000E+01   0.13109065E-05   0.26218131E-05
 0.93600000E+01   0.12832808E-05   0.25665615E-05
 0.93800000E+01   0.12562486E-05   0.25124973E-05
 0.94000000E+01   0.12297971E-05   0.24595942E-05
 0.94200000E+01   0.12039134E-05   0.24078267E-05
 0.94400000E+01   0.11785850E-05   0.23571701E-05
 0.94600000E+01   0.11537999E-05   0.23075998E-05
 0.94800000E+01   0.11295461E-05   0.22590922E-05
 0.95000000E+01   0.11058119E-05   0.22116239E-05
 0.95200000E+01   0.10825860E-05   0.21651721E-05
 0.95400000E+01   0.10598573E-05   0.21197147E-05
 0.95600000E+01   0.10376149E-05   0.20752298E-05
 0.95800000E+01   0.10158481E-05   0.20316963E-05
 0.96000000E+01   0.99454663E-06   0.19890933E-05
 0.96200000E+01   0.97370025E-06   0.19474005E-05
 0.96400000E+01   0.95329905E-06   0.19065981E-05
 0.96600000E+01   0.93333332E-06   0.18666666E-05
 0.96800000E+01   0.91379358E-06   0.18275872E-05
 0.97000000E+01   0.89467053E-06   0.17893411E-05
 0.97200000E+01   0.87595511E-06   0.17519102E-05
 0.97400000E+01   0.85763845E-06   0.17152769E-05
 0.97600000E+01   0.83971186E-06   0.16794237E-05
 0.97800000E+01   0.82216688E-06   0.16443338E-05
 0.98000000E+01   0.80499521E-06   0.16099904E-05
 0.98200000E+01   0.78818875E-06   0.15763775E-05
 0.98400000E+01   0.77173955E-06   0.15434791E-05
 0.98600000E+01   0.75563988E-06   0.15112798E-05
 0.98800000E+01   0.73988216E-06   0.14797643E-05
 0.99000000E+01   0.72445897E-06   0.14489179E-05
 0.99200000E+01   0.70936306E-06   0.14187261E-05
 0.99400000E+01   0.69458736E-06   0.13891747E-05
 0.99600000E+01   0.68012493E-06   0.13602499E-05
 0.99800000E+01   0.66596900E-06   0.13319380E-05
 0.10000000E+02   0.65211293E-06   0.13042259E-05
 0.10020000E+02   0.63855026E-06   0.12771005E-05
 0.10040000E+02   0.62527464E-06   0.12505493E-05
 0.10060000E+02   0.61227988E-06   0.12245598E-05
 0.10080000E+02   0.59955992E-06   0.11991198E-05
 0.10100000E+02   0.58710883E-06   0.11742177E-05
 0.10120000E+02   0.57492081E-06   0.11498416E-05
 0.10140000E+02   0.56299021E-06   0.11259804E-05
 0.10160000E+02   0.55131147E-06   0.11026229E-05
 0.10180000E+02   0.53987918E-06   0.10797584E-05
 0.10200000E+02   0.52868804E-06   0.10573761E-05
 0.10220000E+02   0.51773285E-06   0.10354657E-05
 0.10240000E+02   0.50700855E-06   0.10140171E-05
 0.10260000E+02   0.49651018E-06   0.99302035E-06
 0.10280000E+02   0.48623288E-06   0.97246576E-06
 0.10300000E+02   0.47617192E-06   0.95234384E-06
 0.10320000E+02   0.46632265E-06   0.93264530E-06
 0.10340000E+02   0.45668053E-06   0.91336106E-06
 0.10360000E+02   0.44724113E-06   0.89448225E-06
 0.10380000E+02   0.43800009E-06   0.87600019E-06
 0.10400000E+02   0.42895318E-06   0.85790637E-06
 0.10420000E+02   0.42009625E-06   0.84019249E-06
 0.10440000E+02   0.41142521E-06   0.82285042E-06
 0.10460000E+02   0.40293611E-06   0.80587222E-06
 0.10480000E+02   0.39462505E-06   0.78925010E-06
 0.10500000E+02   0.38648823E-06   0.77297646E-06
 0.10520000E+02   0.37852193E-06   0.75704386E-06
 0.10540000E+02   0.37072251E-06   0.74144502E-06
 0.10560000E+02   0.36308641E-06   0.72617282E-06
 0.10580000E+02   0.35561015E-06   0.71122029E-06
 0.10600000E+02   0.34829031E-06   0.69658063E-06
 0.10620000E+02   0.34112358E-06   0.68224716E-06
 0.10640000E+02   0.33410668E-06   0.66821336E-06
 0.10660000E+02   0.32723643E-06   0.65447287E-06
 0.10680000E+02   0.32050971E-06   0.64101943E-06
 0.10700000E+02   0.31392347E-06   0.62784694E-06
 0.10720000E+02   0.30747472E-06   0.61494944E-06
 0.10740000E+02   0.30116053E-06   0.60232107E-06
 0.10760000E+02   0.29497806E-06   0.58995612E-06
 0.10780000E+02   0.28892450E-06   0.57784900E-06
 0.10800000E+02   0.28299712E-06   0.56599424E-06
 0.10820000E+02   0.27719324E-06   0.55438649E-06
 0.10840000E+02   0.27151025E-06   0.54302050E-06
 0.10860000E+02   0.26594558E-06   0.53189116E-06
 0.10880000E+02   0.26049672E-06   0.52099345E-06
 0.10900000E+02   0.25516123E-06   0.51032246E-06
 0.10920000E+02   0.24993670E-06   0.49987341E-06
 0.10940000E+02   0.24482079E-06   0.48964158E-06
 0.10960000E+02   0.23981120E-06   0.47962240E-06
 0.10980000E+02   0.23490568E-06   0.46981135E-06
 0.11000000E+02   0.23010203E-06   0.46020406E-06
 0.11020000E+02   0.22539810E-06   0.45079620E-06
 0.11040000E+02   0.22079179E-06   0.44158358E-06
 0.11060000E+02   0.21628103E-06   0.43256206E-06
 0.11080000E+02   0.21186381E-06   0.42372763E-06
 0.11100000E+02   0.20753816E-06   0.41507633E-06
 0.11120000E+02   0.20330215E-06   0.40660430E-06
 0.11140000E+02   0.19915389E-06   0.39830777E-06
 0.11160000E+02   0.19509152E-06   0.39018305E-06
 0.11180000E+02   0.19111325E-06   0.38222650E-06
 0.11200000E+02   0.18721730E-06   0.37443460E-06
 0.11220000E+02   0.18340194E-06   0.36680388E-06
 0.11240000E+02   0.17966548E-06   0.35933095E-06
 0.11260000E+02   0.17600625E-06   0.35201250E-06
 0.11280000E+02   0.17242264E-06   0.34484528E-06
 0.11300000E+02   0.16891305E-06   0.33782611E-06
 0.11320000E+02   0.16547594E-06   0.33095188E-06
 0.11340000E+02   0.16210978E-06   0.32421956E-06
 0.11360000E+02   0.15881308E-06   0.31762617E-06
 0.11380000E+02   0.15558439E-06   0.31116879E-06
 0.11400000E+02   0.15242228E-06   0.30484457E-06
 0.11420000E+02   0.14932536E-06   0.29865072E-06
 0.11440000E+02   0.14629226E-06   0.29258451E-06
 0.11460000E+02   0.14332164E-06   0.28664328E-06
 0.11480000E+02   0.14041220E-06   0.28082439E-06
 0.11500000E+02   0.13756265E-06   0.27512530E-06
 0.11520000E+02   0.13477175E-06   0.26954350E-06
 0.11540000E+02   0.13203827E-06   0.26407654E-06
 0.11560000E+02   0.12936100E-06   0.25872201E-06
 0.11580000E+02   0.12673878E-06   0.25347757E-06
 0.11600000E+02   0.12417046E-06   0.24834092E-06
 0.11620000E+02   0.12165490E-06   0.24330980E-06
 0.11640000E+02   0.11919101E-06   0.23838203E-06
 0.11660000E+02   0.11677772E-06   0.23355543E-06
 0.11680000E+02   0.11441396E-06   0.22882791E-06
 0.11700000E+02   0.11209870E-06   0.22419740E-06
 0.11720000E+02   0.10983093E-06   0.21966187E-06
 0.11740000E+02   0.10760967E-06   0.21521935E-06
 0.11760000E+02   0.10543395E-06   0.21086789E-06
 0.11780000E+02   0.10330281E-06   0.20660562E-06
 0.11800000E+02   0.10121533E-06   0.20243066E-06
 0.11820000E+02   0.99170607E-07   0.19834121E-06
 0.11840000E+02   0.97167745E-07   0.19433549E-06
 0.11860000E+02   0.95205876E-07   0.19041175E-06
 0.11880000E+02   0.93284149E-07   0.18656830E-06
 0.11900000E+02   0.91401730E-07   0.18280346E-06
 0.11920000E+02   0.89557803E-07   0.17911561E-06
 0.11940000E+02   0.87751569E-07   0.17550314E-06
 0.11960000E+02   0.85982246E-07   0.17196449E-06
 0.11980000E+02   0.84249069E-07   0.16849814E-06
 0.12000000E+02   0.82551289E-07   0.16510258E-06
 0.12020000E+02   0.80888171E-07   0.16177634E-06
 0.12040000E+02   0.79258999E-07   0.15851800E-06
 0.12060000E+02   0.77663068E-07   0.15532614E-06
 0.12080000E+02   0.76099690E-07   0.15219938E-06
 0.12100000E+02   0.74568193E-07   0.14913639E-06
 0.12120000E+02   0.73067916E-07   0.14613583E-06
 0.12140000E+02   0.71598214E-07   0.14319643E-06
 0.12160000E+02   0.70158454E-07   0.14031691E-06
 0.12180000E+02   0.68748019E-07   0.13749604E-06
 0.12200000E+02   0.67366301E-07   0.13473260E-06
 0.12220000E+02   0.66012708E-07   0.13202542E-06
 0.12240000E+02   0.64686660E-07   0.12937332E-06
 0.12260000E+02   0.63387588E-07   0.12677518E-06
 0.12280000E+02   0.62114934E-07   0.12422987E-06
 0.12300000E+02   0.60868155E-07   0.12173631E-06
 0.12320000E+02   0.59646717E-07   0.11929343E-06
 0.12340000E+02   0.58450098E-07   0.11690020E-06
 0.12360000E+02   0.57277786E-07   0.11455557E-06
 0.12380000E+02   0.56129280E-07   0.11225856E-06
 0.12400000E+02   0.55004091E-07   0.11000818E-06
 0.12420000E+02   0.53901738E-07   0.10780348E-06
 0.12440000E+02   0.52821751E-07   0.10564350E-06
 0.12460000E+02   0.51763671E-07   0.10352734E-06
 0.12480000E+02   0.50727047E-07   0.10145409E-06
 0.12500000E+02   0.49711438E-07   0.99422876E-07
 0.12520000E+02   0.48716412E-07   0.97432824E-07
 0.12540000E+02   0.47741546E-07   0.95483092E-07
 0.12560000E+02   0.46786426E-07   0.93572852E-07
 0.12580000E+02   0.45850647E-07   0.91701293E-07
 0.12600000E+02   0.44933811E-07   0.89867622E-07
 0.12620000E+02   0.44035531E-07   0.88071061E-07
 0.12640000E+02   0.43155425E-07   0.86310849E-07
 0.12660000E+02   0.42293120E-07   0.84586241E-07
 0.12680000E+02   0.41448253E-07   0.82896506E-07
 0.12700000E+02   0.40620465E-07   0.81240930E-07
 0.12720000E+02   0.39809407E-07   0.79618814E-07
 0.12740000E+02   0.39014736E-07   0.78029472E-07
 0.12760000E+02   0.38236117E-07   0.76472234E-07
 0.12780000E+02   0.37473220E-07   0.74946441E-07
 0.12800000E+02   0.36725725E-07   0.73451451E-07
 0.12820000E+02   0.35993317E-07   0.71986634E-07
 0.12840000E+02   0.35275686E-07   0.70551372E-07
 0.12860000E+02   0.34572531E-07   0.69145062E-07
 0.12880000E+02   0.33883556E-07   0.67767113E-07
 0.12900000E+02   0.33208472E-07   0.66416943E-07
 0.12920000E+02   0.32546994E-07   0.65093987E-07
 0.12940000E+02   0.31898844E-07   0.63797689E-07
 0.12960000E+02   0.31263752E-07   0.62527504E-07
 0.12980000E+02   0.30641450E-07   0.61282900E-07
 0.13000000E+02   0.30031677E-07   0.60063355E-07
 0.13020000E+02   0.29434179E-07   0.58868357E-07
 0.13040000E+02   0.28848704E-07   0.57697408E-07
 0.13060000E+02   0.28275008E-07   0.56550015E-07
 0.13080000E+02   0.27712850E-07   0.55425700E-07
 0.13100000E+02   0.27161996E-07   0.54323993E-07
 0.13120000E+02   0.26622216E-07   0.53244432E-07
 0.13140000E+02   0.26093284E-07   0.52186568E-07
 0.13160000E+02   0.25574979E-07   0.51149958E-07
 0.13180000E+02   0.25067085E-07   0.50134171E-07
 0.13200000E+02   0.24569391E-07   0.49138783E-07
 0.13220000E+02   0.24081689E-07   0.48163378E-07
 0.13240000E+02   0.23603776E-07   0.47207552E-07
 0.13260000E+02   0.23135453E-07   0.46270905E-07
 0.13280000E+02   0.22676525E-07   0.45353049E-07
 0.13300000E+02   0.22226801E-07   0.44453602E-07
 0.13320000E+02   0.21786095E-07   0.43572189E-07
 0.13340000E+02   0.21354223E-07   0.42708446E-07
 0.13360000E+02   0.20931007E-07   0.41862013E-07
 0.13380000E+02   0.20516270E-07   0.41032539E-07
 0.13400000E+02   0.20109840E-07   0.40219681E-07
 0.13420000E+02   0.19711550E-07   0.39423101E-07
 0.13440000E+02   0.19321235E-07   0.38642469E-07
 0.13460000E+02   0.18938732E-07   0.37877463E-07
 0.13480000E+02   0.18563883E-07   0.37127766E-07
 0.13500000E+02   0.18196534E-07   0.36393067E-07
 0.13520000E+02   0.17836532E-07   0.35673064E-07
 0.13540000E+02   0.17483729E-07   0.34967458E-07
 0.13560000E+02   0.17137979E-07   0.34275958E-07
 0.13580000E+02   0.16799140E-07   0.33598280E-07
 0.13600000E+02   0.16467071E-07   0.32934142E-07
 0.13620000E+02   0.16141636E-07   0.32283273E-07
 0.13640000E+02   0.15822701E-07   0.31645403E-07
 0.13660000E+02   0.15510135E-07   0.31020269E-07
 0.13680000E+02   0.15203808E-07   0.30407615E-07
 0.13700000E+02   0.14903594E-07   0.29807189E-07
 0.13720000E+02   0.14609371E-07   0.29218743E-07
 0.13740000E+02   0.14321018E-07   0.28642036E-07
 0.13760000E+02   0.14038415E-07   0.28076830E-07
 0.13780000E+02   0.13761447E-07   0.27522894E-07
 0.13800000E+02   0.13490000E-07   0.26980001E-07
 0.13820000E+02   0.13223964E-07   0.26447927E-07
 0.13840000E+02   0.12963228E-07   0.25926455E-07
 0.13860000E+02   0.12707686E-07   0.25415371E-07
 0.13880000E+02   0.12457233E-07   0.24914466E-07
 0.13900000E+02   0.12211767E-07   0.24423534E-07
 0.13920000E+02   0.11971188E-07   0.23942375E-07
 0.13940000E+02   0.11735396E-07   0.23470793E-07
 0.13960000E+02   0.11504296E-07   0.23008593E-07
 0.13980000E+02   0.11277794E-07   0.22555588E-07
 0.14000000E+02   0.11055796E-07   0.22111592E-07
 0.14020000E+02   0.10838213E-07   0.21676425E-07
 0.14040000E+02   0.10624954E-07   0.21249909E-07
 0.14060000E+02   0.10415934E-07   0.20831869E-07
 0.14080000E+02   0.10211068E-07   0.20422136E-07
 0.14100000E+02   0.10010271E-07   0.20020542E-07
 0.14120000E+02   0.98134626E-08   0.19626925E-07
 0.14140000E+02   0.96205620E-08   0.19241124E-07
 0.14160000E+02   0.94314909E-08   0.18862982E-07
 0.14180000E+02   0.92461725E-08   0.18492345E-07
 0.14200000E+02   0.90645314E-08   0.18129063E-07
 0.14220000E+02   0.88864940E-08   0.17772988E-07
 0.14240000E+02   0.87119878E-08   0.17423976E-07
 0.14260000E+02   0.85409422E-08   0.17081884E-07
 0.14280000E+02   0.83732877E-08   0.16746575E-07
 0.14300000E+02   0.82089564E-08   0.16417913E-07
 0.14320000E+02   0.80478817E-08   0.16095763E-07
 0.14340000E+02   0.78899984E-08   0.15779997E-07
 0.14360000E+02   0.77352425E-08   0.15470485E-07
 0.14380000E+02   0.75835514E-08   0.15167103E-07
 0.14400000E+02   0.74348638E-08   0.14869728E-07
 0.14420000E+02   0.72891196E-08   0.14578239E-07
 0.14440000E+02   0.71462599E-08   0.14292520E-07
 0.14460000E+02   0.70062270E-08   0.14012454E-07
 0.14480000E+02   0.68689643E-08   0.13737929E-07
 0.14500000E+02   0.67344165E-08   0.13468833E-07
 0.14520000E+02   0.66025294E-08   0.13205059E-07
 0.14540000E+02   0.64732496E-08   0.12946499E-07
 0.14560000E+02   0.63465253E-08   0.12693051E-07
 0.14580000E+02   0.62223052E-08   0.12444610E-07
 0.14600000E+02   0.61005395E-08   0.12201079E-07
 0.14620000E+02   0.59811791E-08   0.11962358E-07
 0.14640000E+02   0.58641759E-08   0.11728352E-07
 0.14660000E+02   0.57494831E-08   0.11498966E-07
 0.14680000E+02   0.56370544E-08   0.11274109E-07
 0.14700000E+02   0.55268447E-08   0.11053689E-07
 0.14720000E+02   0.54188098E-08   0.10837620E-07
 0.14740000E+02   0.53129063E-08   0.10625813E-07
 0.14760000E+02   0.52090917E-08   0.10418183E-07
 0.14780000E+02   0.51073244E-08   0.10214649E-07
 0.14800000E+02   0.50075636E-08   0.10015127E-07
 0.14820000E+02   0.49097694E-08   0.98195388E-08
 0.14840000E+02   0.48139026E-08   0.96278051E-08
 0.14860000E+02   0.47199247E-08   0.94398495E-08
 0.14880000E+02   0.46277983E-08   0.92555967E-08
 0.14900000E+02   0.45374865E-08   0.90749730E-08
 0.14920000E+02   0.44489532E-08   0.88979063E-08
 0.14940000E+02   0.43621629E-08   0.87243258E-08
 0.14960000E+02   0.42770811E-08   0.85541621E-08
 0.14980000E+02   0.41936737E-08   0.83873474E-08
 0.15000000E+02   0.41119076E-08   0.82238151E-08
 0.15020000E+02   0.40317500E-08   0.80634999E-08
 0.15040000E+02   0.39531690E-08   0.79063379E-08
 0.15060000E+02   0.38761333E-08   0.77522666E-08
 0.15080000E+02   0.38006122E-08   0.76012244E-08
 0.15100000E+02   0.37265756E-08   0.74531513E-08
 0.15120000E+02   0.36539942E-08   0.73079883E-08
 0.15140000E+02   0.35828389E-08   0.71656777E-08
 0.15160000E+02   0.35130815E-08   0.70261629E-08
 0.15180000E+02   0.34446942E-08   0.68893884E-08
 0.15200000E+02   0.33776499E-08   0.67552999E-08
 0.15220000E+02   0.33119220E-08   0.66238440E-08
 0.15240000E+02   0.32474844E-08   0.64949687E-08
 0.15260000E+02   0.31843114E-08   0.63686228E-08
 0.15280000E+02   0.31223780E-08   0.62447561E-08
 0.15300000E+02   0.30616598E-08   0.61233195E-08
 0.15320000E+02   0.30021325E-08   0.60042649E-08
 0.15340000E+02   0.29437726E-08   0.58875452E-08
 0.15360000E+02   0.28865570E-08   0.57731141E-08
 0.15380000E+02   0.28304631E-08   0.56609262E-08
 0.15400000E+02   0.27754686E-08   0.55509372E-08
 0.15420000E+02   0.27215518E-08   0.54431037E-08
 0.15440000E+02   0.26686914E-08   0.53373829E-08
 0.15460000E+02   0.26168665E-08   0.52337330E-08
 0.15480000E+02   0.25660566E-08   0.51321132E-08
 0.15500000E+02   0.25162416E-08   0.50324833E-08
 0.15520000E+02   0.24674019E-08   0.49348039E-08
 0.15540000E+02   0.24195182E-08   0.48390365E-08
 0.15560000E+02   0.23725717E-08   0.47451433E-08
 0.15580000E+02   0.23265437E-08   0.46530874E-08
 0.15600000E+02   0.22814162E-08   0.45628324E-08
 0.15620000E+02   0.22371714E-08   0.44743427E-08
 0.15640000E+02   0.21937918E-08   0.43875836E-08
 0.15660000E+02   0.21512604E-08   0.43025208E-08
 0.15680000E+02   0.21095605E-08   0.42191209E-08
 0.15700000E+02   0.20686756E-08   0.41373511E-08
 0.15720000E+02   0.20285896E-08   0.40571793E-08
 0.15740000E+02   0.19892869E-08   0.39785738E-08
 0.15760000E+02   0.19507520E-08   0.39015039E-08
 0.15780000E+02   0.19129696E-08   0.38259392E-08
 0.15800000E+02   0.18759251E-08   0.37518502E-08
 0.15820000E+02   0.18396038E-08   0.36792076E-08
 0.15840000E+02   0.18039916E-08   0.36079831E-08
 0.15860000E+02   0.17690744E-08   0.35381487E-08
 0.15880000E+02   0.17348385E-08   0.34696770E-08
 0.15900000E+02   0.17012706E-08   0.34025412E-08
 0.15920000E+02   0.16683575E-08   0.33367149E-08
 0.15940000E+02   0.16360863E-08   0.32721725E-08
 0.15960000E+02   0.16044443E-08   0.32088887E-08
 0.15980000E+02   0.15734193E-08   0.31468386E-08
 0.16000000E+02   0.15429990E-08   0.30859981E-08
 0.16020000E+02   0.15131716E-08   0.30263433E-08
 0.16040000E+02   0.14839254E-08   0.29678509E-08
 0.16060000E+02   0.14552490E-08   0.29104981E-08
 0.16080000E+02   0.14271312E-08   0.28542625E-08
 0.16100000E+02   0.13995610E-08   0.27991221E-08
 0.16120000E+02   0.13725277E-08   0.27450554E-08
 0.16140000E+02   0.13460207E-08   0.26920413E-08
 0.16160000E+02   0.13200296E-08   0.26400592E-08
 0.16180000E+02   0.12945444E-08   0.25890887E-08
 0.16200000E+02   0.12695551E-08   0.25391101E-08
 0.16220000E+02   0.12450519E-08   0.24901039E-08
 0.16240000E+02   0.12210254E-08   0.24420509E-08
 0.16260000E+02   0.11974662E-08   0.23949324E-08
 0.16280000E+02   0.11743651E-08   0.23487303E-08
 0.16300000E+02   0.11517132E-08   0.23034264E-08
 0.16320000E+02   0.11295016E-08   0.22590031E-08
 0.16340000E+02   0.11077216E-08   0.22154432E-08
 0.16360000E+02   0.10863649E-08   0.21727298E-08
 0.16380000E+02   0.10654232E-08   0.21308463E-08
 0.16400000E+02   0.10448882E-08   0.20897764E-08
 0.16420000E+02   0.10247521E-08   0.20495042E-08
 0.16440000E+02   0.10050070E-08   0.20100140E-08
 0.16460000E+02   0.98564527E-09   0.19712905E-08
 0.16480000E+02   0.96665942E-09   0.19333188E-08
 0.16500000E+02   0.94804207E-09   0.18960841E-08
 0.16520000E+02   0.92978601E-09   0.18595720E-08
 0.16540000E+02   0.91188417E-09   0.18237683E-08
 0.16560000E+02   0.89432962E-09   0.17886592E-08
 0.16580000E+02   0.87711558E-09   0.17542312E-08
 0.16600000E+02   0.86023537E-09   0.17204707E-08
 0.16620000E+02   0.84368248E-09   0.16873650E-08
 0.16640000E+02   0.82745049E-09   0.16549010E-08
 0.16660000E+02   0.81153315E-09   0.16230663E-08
 0.16680000E+02   0.79592429E-09   0.15918486E-08
 0.16700000E+02   0.78061790E-09   0.15612358E-08
 0.16720000E+02   0.76560806E-09   0.15312161E-08
 0.16740000E+02   0.75088898E-09   0.15017780E-08
 0.16760000E+02   0.73645498E-09   0.14729100E-08
 0.16780000E+02   0.72230050E-09   0.14446010E-08
 0.16800000E+02   0.70842008E-09   0.14168402E-08
 0.16820000E+02   0.69480836E-09   0.13896167E-08
 0.16840000E+02   0.68146011E-09   0.13629202E-08
 0.16860000E+02   0.66837018E-09   0.13367404E-08
 0.16880000E+02   0.65553354E-09   0.13110671E-08
 0.16900000E+02   0.64294525E-09   0.12858905E-08
 0.16920000E+02   0.63060045E-09   0.12612009E-08
 0.16940000E+02   0.61849441E-09   0.12369888E-08
 0.16960000E+02   0.60662246E-09   0.12132449E-08
 0.16980000E+02   0.59498005E-09   0.11899601E-08
 0.17000000E+02   0.58356271E-09   0.11671254E-08
 0.17020000E+02   0.57236604E-09   0.11447321E-08
 0.17040000E+02   0.56138575E-09   0.11227715E-08
 0.17060000E+02   0.55061762E-09   0.11012352E-08
 0.17080000E+02   0.54005753E-09   0.10801151E-08
 0.17100000E+02   0.52970141E-09   0.10594028E-08
 0.17120000E+02   0.51954530E-09   0.10390906E-08
 0.17140000E+02   0.50958532E-09   0.10191706E-08
 0.17160000E+02   0.49981763E-09   0.99963525E-09
 0.17180000E+02   0.49023850E-09   0.98047699E-09
 0.17200000E+02   0.48084426E-09   0.96168851E-09
 0.17220000E+02   0.47163131E-09   0.94326261E-09
 0.17240000E+02   0.46259613E-09   0.92519225E-09
 0.17260000E+02   0.45373526E-09   0.90747052E-09
 0.17280000E+02   0.44504531E-09   0.89009062E-09
 0.17300000E+02   0.43652296E-09   0.87304593E-09
 0.17320000E+02   0.42816496E-09   0.85632992E-09
 0.17340000E+02   0.41996810E-09   0.83993620E-09
 0.17360000E+02   0.41192926E-09   0.82385853E-09
 0.17380000E+02   0.40404537E-09   0.80809075E-09
 0.17400000E+02   0.39631342E-09   0.79262684E-09
 0.17420000E+02   0.38873046E-09   0.77746092E-09
 0.17440000E+02   0.38129359E-09   0.76258718E-09
 0.17460000E+02   0.37399998E-09   0.74799997E-09
 0.17480000E+02   0.36684686E-09   0.73369371E-09
 0.17500000E+02   0.35983148E-09   0.71966296E-09
 0.17520000E+02   0.35295118E-09   0.70590237E-09
 0.17540000E+02   0.34620335E-09   0.69240670E-09
 0.17560000E+02   0.33958540E-09   0.67917081E-09
 0.17580000E+02   0.33309483E-09   0.66618966E-09
 0.17600000E+02   0.32672916E-09   0.65345831E-09
 0.17620000E+02   0.32048596E-09   0.64097193E-09
 0.17640000E+02   0.31436288E-09   0.62872576E-09
 0.17660000E+02   0.30835757E-09   0.61671514E-09
 0.17680000E+02   0.30246776E-09   0.60493552E-09
 0.17700000E+02   0.29669120E-09   0.59338241E-09
 0.17720000E+02   0.29102571E-09   0.58205143E-09
 0.17740000E+02   0.28546914E-09   0.57093827E-09
 0.17760000E+02   0.28001936E-09   0.56003873E-09
 0.17780000E+02   0.27467433E-09   0.54934866E-09
 0.17800000E+02   0.26943200E-09   0.53886400E-09
 0.17820000E+02   0.26429039E-09   0.52858078E-09
 0.17840000E+02   0.25924755E-09   0.51849511E-09
 0.17860000E+02   0.25430158E-09   0.50860316E-09
 0.17880000E+02   0.24945059E-09   0.49890117E-09
 0.17900000E+02   0.24469274E-09   0.48938549E-09
 0.17920000E+02   0.24002625E-09   0.48005250E-09
 0.17940000E+02   0.23544933E-09   0.47089867E-09
 0.17960000E+02   0.23096027E-09   0.46192054E-09
 0.17980000E+02   0.22655735E-09   0.45311470E-09
 0.18000000E+02   0.22223892E-09   0.44447784E-09
 0.18020000E+02   0.21800334E-09   0.43600668E-09
 0.18040000E+02   0.21384901E-09   0.42769803E-09
 0.18060000E+02   0.20977437E-09   0.41954874E-09
 0.18080000E+02   0.20577787E-09   0.41155573E-09
 0.18100000E+02   0.20185800E-09   0.40371599E-09
 0.18120000E+02   0.19801328E-09   0.39602656E-09
 0.18140000E+02   0.19424226E-09   0.38848453E-09
 0.18160000E+02   0.19054353E-09   0.38108706E-09
 0.18180000E+02   0.18691568E-09   0.37383135E-09
 0.18200000E+02   0.18335734E-09   0.36671468E-09
 0.18220000E+02   0.17986718E-09   0.35973436E-09
 0.18240000E+02   0.17644388E-09   0.35288776E-09
 0.18260000E+02   0.17308615E-09   0.34617230E-09
 0.18280000E+02   0.16979273E-09   0.33958545E-09
 0.18300000E+02   0.16656236E-09   0.33312473E-09
 0.18320000E+02   0.16339385E-09   0.32678771E-09
 0.18340000E+02   0.16028600E-09   0.32057200E-09
 0.18360000E+02   0.15723763E-09   0.31447526E-09
 0.18380000E+02   0.15424760E-09   0.30849521E-09
 0.18400000E+02   0.15131479E-09   0.30262958E-09
 0.18420000E+02   0.14843810E-09   0.29687619E-09
 0.18440000E+02   0.14561643E-09   0.29123287E-09
 0.18460000E+02   0.14284874E-09   0.28569749E-09
 0.18480000E+02   0.14013399E-09   0.28026797E-09
 0.18500000E+02   0.13747115E-09   0.27494229E-09
 0.18520000E+02   0.13485922E-09   0.26971844E-09
 0.18540000E+02   0.13229723E-09   0.26459445E-09
 0.18560000E+02   0.12978421E-09   0.25956841E-09
 0.18580000E+02   0.12731922E-09   0.25463844E-09
 0.18600000E+02   0.12490134E-09   0.24980268E-09
 0.18620000E+02   0.12252966E-09   0.24505932E-09
 0.18640000E+02   0.12020329E-09   0.24040658E-09
 0.18660000E+02   0.11792136E-09   0.23584273E-09
 0.18680000E+02   0.11568302E-09   0.23136604E-09
 0.18700000E+02   0.11348743E-09   0.22697485E-09
 0.18720000E+02   0.11133376E-09   0.22266751E-09
 0.18740000E+02   0.10922121E-09   0.21844242E-09
 0.18760000E+02   0.10714899E-09   0.21429798E-09
 0.18780000E+02   0.10511632E-09   0.21023265E-09
 0.18800000E+02   0.10312245E-09   0.20624491E-09
 0.18820000E+02   0.10116663E-09   0.20233326E-09
 0.18840000E+02   0.99248129E-10   0.19849626E-09
 0.18860000E+02   0.97366227E-10   0.19473245E-09
 0.18880000E+02   0.95520225E-10   0.19104045E-09
 0.18900000E+02   0.93709431E-10   0.18741886E-09
 0.18920000E+02   0.91933171E-10   0.18386634E-09
 0.18940000E+02   0.90190782E-10   0.18038156E-09
 0.18960000E+02   0.88481613E-10   0.17696323E-09
 0.18980000E+02   0.86805027E-10   0.17361005E-09
 0.19000000E+02   0.85160398E-10   0.17032080E-09
 0.19020000E+02   0.83547115E-10   0.16709423E-09
 0.19040000E+02   0.81964574E-10   0.16392915E-09
 0.19060000E+02   0.80412188E-10   0.16082438E-09
 0.19080000E+02   0.78889377E-10   0.15777875E-09
 0.19100000E+02   0.77395574E-10   0.15479115E-09
 0.19120000E+02   0.75930224E-10   0.15186045E-09
 0.19140000E+02   0.74492780E-10   0.14898556E-09
 0.19160000E+02   0.73082709E-10   0.14616542E-09
 0.19180000E+02   0.71699485E-10   0.14339897E-09
 0.19200000E+02   0.70342594E-10   0.14068519E-09
 0.19220000E+02   0.69011531E-10   0.13802306E-09
 0.19240000E+02   0.67705803E-10   0.13541161E-09
 0.19260000E+02   0.66424923E-10   0.13284985E-09
 0.19280000E+02   0.65168415E-10   0.13033683E-09
 0.19300000E+02   0.63935813E-10   0.12787163E-09
 0.19320000E+02   0.62726660E-10   0.12545332E-09
 0.19340000E+02   0.61540506E-10   0.12308101E-09
 0.19360000E+02   0.60376911E-10   0.12075382E-09
 0.19380000E+02   0.59235444E-10   0.11847089E-09
 0.19400000E+02   0.58115681E-10   0.11623136E-09
 0.19420000E+02   0.57017206E-10   0.11403441E-09
 0.19440000E+02   0.55939613E-10   0.11187923E-09
 0.19460000E+02   0.54882502E-10   0.10976500E-09
 0.19480000E+02   0.53845481E-10   0.10769096E-09
 0.19500000E+02   0.52828167E-10   0.10565633E-09
 0.19520000E+02   0.51830182E-10   0.10366036E-09
 0.19540000E+02   0.50851157E-10   0.10170231E-09
 0.19560000E+02   0.49890729E-10   0.99781458E-10
 0.19580000E+02   0.48948543E-10   0.97897086E-10
 0.19600000E+02   0.48024251E-10   0.96048501E-10
 0.19620000E+02   0.47117510E-10   0.94235019E-10
 0.19640000E+02   0.46227985E-10   0.92455970E-10
 0.19660000E+02   0.45355347E-10   0.90710695E-10
 0.19680000E+02   0.44499275E-10   0.88998549E-10
 0.19700000E+02   0.43659450E-10   0.87318900E-10
 0.19720000E+02   0.42835564E-10   0.85671128E-10
 0.19740000E+02   0.42027311E-10   0.84054623E-10
 0.19760000E+02   0.41234394E-10   0.82468789E-10
 0.19780000E+02   0.40456520E-10   0.80913040E-10
 0.19800000E+02   0.39693401E-10   0.79386802E-10
 0.19820000E+02   0.38944756E-10   0.77889512E-10
 0.19840000E+02   0.38210309E-10   0.76420617E-10
 0.19860000E+02   0.37489788E-10   0.74979576E-10
 0.19880000E+02   0.36782929E-10   0.73565858E-10
 0.19900000E+02   0.36089471E-10   0.72178941E-10
 0.19920000E+02   0.35409157E-10   0.70818315E-10
 0.19940000E+02   0.34741739E-10   0.69483477E-10
 0.19960000E+02   0.34086968E-10   0.68173937E-10
 0.19980000E+02   0.33444606E-10   0.66889211E-10
 0.20000000E+02   0.32814414E-10   0.65628828E-10
 0.20020000E+02   0.32196161E-10   0.64392322E-10
 0.20040000E+02   0.31589620E-10   0.63179239E-10
 0.20060000E+02   0.30994567E-10   0.61989133E-10
 0.20080000E+02   0.30410783E-10   0.60821566E-10
 0.20100000E+02   0.29838054E-10   0.59676109E-10
 0.20120000E+02   0.29276170E-10   0.58552340E-10
 0.20140000E+02   0.28724923E-10   0.57449846E-10
 0.20160000E+02   0.28184111E-10   0.56368223E-10
 0.20180000E+02   0.27653536E-10   0.55307072E-10
 0.20200000E+02   0.27133002E-10   0.54266005E-10
 0.20220000E+02   0.26622319E-10   0.53244638E-10
 0.20240000E+02   0.26121299E-10   0.52242598E-10
 0.20260000E+02   0.25629757E-10   0.51259515E-10
 0.20280000E+02   0.25147515E-10   0.50295029E-10
 0.20300000E+02   0.24674394E-10   0.49348788E-10
 0.20320000E+02   0.24210221E-10   0.48420442E-10
 0.20340000E+02   0.23754826E-10   0.47509653E-10
 0.20360000E+02   0.23308043E-10   0.46616085E-10
 0.20380000E+02   0.22869706E-10   0.45739413E-10
 0.20400000E+02   0.22439657E-10   0.44879313E-10
 0.20420000E+02   0.22017736E-10   0.44035472E-10
 0.20440000E+02   0.21603790E-10   0.43207580E-10
 0.20460000E+02   0.21197667E-10   0.42395334E-10
 0.20480000E+02   0.20799219E-10   0.41598437E-10
 0.20500000E+02   0.20408298E-10   0.40816597E-10
 0.20520000E+02   0.20024764E-10   0.40049528E-10
 0.20540000E+02   0.19648474E-10   0.39296948E-10
 0.20560000E+02   0.19279292E-10   0.38558584E-10
 0.20580000E+02   0.18917083E-10   0.37834165E-10
 0.20600000E+02   0.18561713E-10   0.37123426E-10
 0.20620000E+02   0.18213054E-10   0.36426107E-10
 0.20640000E+02   0.17870977E-10   0.35741954E-10
 0.20660000E+02   0.17535358E-10   0.35070717E-10
 0.20680000E+02   0.17206075E-10   0.34412150E-10
 0.20700000E+02   0.16883006E-10   0.33766012E-10
 0.20720000E+02   0.16566035E-10   0.33132069E-10
 0.20740000E+02   0.16255044E-10   0.32510089E-10
 0.20760000E+02   0.15949922E-10   0.31899844E-10
 0.20780000E+02   0.15650556E-10   0.31301112E-10
 0.20800000E+02   0.15356837E-10   0.30713674E-10
 0.20820000E+02   0.15068658E-10   0.30137317E-10
 0.20840000E+02   0.14785915E-10   0.29571830E-10
 0.20860000E+02   0.14508504E-10   0.29017007E-10
 0.20880000E+02   0.14236323E-10   0.28472646E-10
 0.20900000E+02   0.13969274E-10   0.27938549E-10
 0.20920000E+02   0.13707260E-10   0.27414520E-10
 0.20940000E+02   0.13450185E-10   0.26900370E-10
 0.20960000E+02   0.13197955E-10   0.26395910E-10
 0.20980000E+02   0.12950479E-10   0.25900958E-10
 0.21000000E+02   0.12707666E-10   0.25415333E-10
 0.21020000E+02   0.12469429E-10   0.24938858E-10
 0.21040000E+02   0.12235680E-10   0.24471360E-10
 0.21060000E+02   0.12006335E-10   0.24012670E-10
 0.21080000E+02   0.11781309E-10   0.23562619E-10
 0.21100000E+02   0.11560522E-10   0.23121045E-10
 0.21120000E+02   0.11343893E-10   0.22687787E-10
 0.21140000E+02   0.11131344E-10   0.22262688E-10
 0.21160000E+02   0.10922796E-10   0.21845592E-10
 0.21180000E+02   0.10718175E-10   0.21436350E-10
 0.21200000E+02   0.10517406E-10   0.21034811E-10
 0.21220000E+02   0.10320416E-10   0.20640831E-10
 0.21240000E+02   0.10127133E-10   0.20254266E-10
 0.21260000E+02   0.99374879E-11   0.19874976E-10
 0.21280000E+02   0.97514114E-11   0.19502823E-10
 0.21300000E+02   0.95688361E-11   0.19137672E-10
 0.21320000E+02   0.93896957E-11   0.18779391E-10
 0.21340000E+02   0.92139252E-11   0.18427850E-10
 0.21360000E+02   0.90414610E-11   0.18082922E-10
 0.21380000E+02   0.88722404E-11   0.17744481E-10
 0.21400000E+02   0.87062023E-11   0.17412405E-10
 0.21420000E+02   0.85432863E-11   0.17086573E-10
 0.21440000E+02   0.83834336E-11   0.16766867E-10
 0.21460000E+02   0.82265861E-11   0.16453172E-10
 0.21480000E+02   0.80726872E-11   0.16145374E-10
 0.21500000E+02   0.79216811E-11   0.15843362E-10
 0.21520000E+02   0.77735131E-11   0.15547026E-10
 0.21540000E+02   0.76281297E-11   0.15256259E-10
 0.21560000E+02   0.74854781E-11   0.14970956E-10
 0.21580000E+02   0.73455070E-11   0.14691014E-10
 0.21600000E+02   0.72081655E-11   0.14416331E-10
 0.21620000E+02   0.70734040E-11   0.14146808E-10
 0.21640000E+02   0.69411739E-11   0.13882348E-10
 0.21660000E+02   0.68114274E-11   0.13622855E-10
 0.21680000E+02   0.66841175E-11   0.13368235E-10
 0.21700000E+02   0.65591983E-11   0.13118397E-10
 0.21720000E+02   0.64366246E-11   0.12873249E-10
 0.21740000E+02   0.63163522E-11   0.12632704E-10
 0.21760000E+02   0.61983376E-11   0.12396675E-10
 0.21780000E+02   0.60825383E-11   0.12165077E-10
 0.21800000E+02   0.59689125E-11   0.11937825E-10
 0.21820000E+02   0.58574192E-11   0.11714838E-10
 0.21840000E+02   0.57480181E-11   0.11496036E-10
 0.21860000E+02   0.56406697E-11   0.11281339E-10
 0.21880000E+02   0.55353355E-11   0.11070671E-10
 0.21900000E+02   0.54319773E-11   0.10863955E-10
 0.21920000E+02   0.53305580E-11   0.10661116E-10
 0.21940000E+02   0.52310410E-11   0.10462082E-10
 0.21960000E+02   0.51333904E-11   0.10266781E-10
 0.21980000E+02   0.50375710E-11   0.10075142E-10
 0.22000000E+02   0.49435484E-11   0.98870968E-11
 0.22020000E+02   0.48512887E-11   0.97025774E-11
 0.22040000E+02   0.47607586E-11   0.95215172E-11
 0.22060000E+02   0.46719256E-11   0.93438513E-11
 0.22080000E+02   0.45847578E-11   0.91695155E-11
 0.22100000E+02   0.44992236E-11   0.89984473E-11
 0.22120000E+02   0.44152925E-11   0.88305850E-11
 0.22140000E+02   0.43329341E-11   0.86658682E-11
 0.22160000E+02   0.42521189E-11   0.85042378E-11
 0.22180000E+02   0.41728178E-11   0.83456356E-11
 0.22200000E+02   0.40950023E-11   0.81900047E-11
 0.22220000E+02   0.40186445E-11   0.80372890E-11
 0.22240000E+02   0.39437169E-11   0.78874337E-11
 0.22260000E+02   0.38701925E-11   0.77403850E-11
 0.22280000E+02   0.37980450E-11   0.75960901E-11
 0.22300000E+02   0.37272485E-11   0.74544971E-11
 0.22320000E+02   0.36577776E-11   0.73155552E-11
 0.22340000E+02   0.35896072E-11   0.71792145E-11
 0.22360000E+02   0.35227130E-11   0.70454261E-11
 0.22380000E+02   0.34570710E-11   0.69141419E-11
 0.22400000E+02   0.33926575E-11   0.67853150E-11
 0.22420000E+02   0.33294495E-11   0.66588990E-11
 0.22440000E+02   0.32674243E-11   0.65348487E-11
 0.22460000E+02   0.32065597E-11   0.64131195E-11
 0.22480000E+02   0.31468339E-11   0.62936678E-11
 0.22500000E+02   0.30882254E-11   0.61764508E-11
 0.22520000E+02   0.30307133E-11   0.60614266E-11
 0.22540000E+02   0.29742769E-11   0.59485538E-11
 0.22560000E+02   0.29188960E-11   0.58377920E-11
 0.22580000E+02   0.28645508E-11   0.57291017E-11
 0.22600000E+02   0.28112219E-11   0.56224438E-11
 0.22620000E+02   0.27588901E-11   0.55177802E-11
 0.22640000E+02   0.27075367E-11   0.54150734E-11
 0.22660000E+02   0.26571433E-11   0.53142866E-11
 0.22680000E+02   0.26076919E-11   0.52153839E-11
 0.22700000E+02   0.25591649E-11   0.51183298E-11
 0.22720000E+02   0.25115448E-11   0.50230895E-11
 0.22740000E+02   0.24648146E-11   0.49296291E-11
 0.22760000E+02   0.24189576E-11   0.48379151E-11
 0.22780000E+02   0.23739574E-11   0.47479148E-11
 0.22800000E+02   0.23297980E-11   0.46595959E-11
 0.22820000E+02   0.22864635E-11   0.45729270E-11
 0.22840000E+02   0.22439385E-11   0.44878770E-11
 0.22860000E+02   0.22022078E-11   0.44044155E-11
 0.22880000E+02   0.21612564E-11   0.43225128E-11
 0.22900000E+02   0.21210698E-11   0.42421397E-11
 0.22920000E+02   0.20816337E-11   0.41632673E-11
 0.22940000E+02   0.20429338E-11   0.40858676E-11
 0.22960000E+02   0.20049565E-11   0.40099130E-11
 0.22980000E+02   0.19676881E-11   0.39353762E-11
 0.23000000E+02   0.19311154E-11   0.38622309E-11
 0.23020000E+02   0.18952254E-11   0.37904508E-11
 0.23040000E+02   0.18600052E-11   0.37200103E-11
 0.23060000E+02   0.18254422E-11   0.36508844E-11
 0.23080000E+02   0.17915242E-11   0.35830484E-11
 0.23100000E+02   0.17582391E-11   0.35164781E-11
 0.23120000E+02   0.17255749E-11   0.34511498E-11
 0.23140000E+02   0.16935201E-11   0.33870403E-11
 0.23160000E+02   0.16620633E-11   0.33241266E-11
 0.23180000E+02   0.16311932E-11   0.32623864E-11
 0.23200000E+02   0.16008988E-11   0.32017977E-11
 0.23220000E+02   0.15711694E-11   0.31423389E-11
 0.23240000E+02   0.15419944E-11   0.30839888E-11
 0.23260000E+02   0.15133634E-11   0.30267268E-11
 0.23280000E+02   0.14852662E-11   0.29705323E-11
 0.23300000E+02   0.14576927E-11   0.29153855E-11
 0.23320000E+02   0.14306333E-11   0.28612667E-11
 0.23340000E+02   0.14040783E-11   0.28081566E-11
 0.23360000E+02   0.13780182E-11   0.27560363E-11
 0.23380000E+02   0.13524437E-11   0.27048874E-11
 0.23400000E+02   0.13273458E-11   0.26546917E-11
 0.23420000E+02   0.13027156E-11   0.26054313E-11
 0.23440000E+02   0.12785443E-11   0.25570886E-11
 0.23460000E+02   0.12548233E-11   0.25096466E-11
 0.23480000E+02   0.12315442E-11   0.24630884E-11
 0.23500000E+02   0.12086987E-11   0.24173974E-11
 0.23520000E+02   0.11862787E-11   0.23725575E-11
 0.23540000E+02   0.11642763E-11   0.23285526E-11
 0.23560000E+02   0.11426836E-11   0.22853672E-11
 0.23580000E+02   0.11214930E-11   0.22429860E-11
 0.23600000E+02   0.11006969E-11   0.22013939E-11
 0.23620000E+02   0.10802880E-11   0.21605761E-11
 0.23640000E+02   0.10602591E-11   0.21205182E-11
 0.23660000E+02   0.10406030E-11   0.20812060E-11
 0.23680000E+02   0.10213127E-11   0.20426255E-11
 0.23700000E+02   0.10023815E-11   0.20047630E-11
 0.23720000E+02   0.98380259E-12   0.19676052E-11
 0.23740000E+02   0.96556941E-12   0.19311388E-11
 0.23760000E+02   0.94767549E-12   0.18953510E-11
 0.23780000E+02   0.93011450E-12   0.18602290E-11
 0.23800000E+02   0.91288022E-12   0.18257604E-11
 0.23820000E+02   0.89596654E-12   0.17919331E-11
 0.23840000E+02   0.87936748E-12   0.17587350E-11
 0.23860000E+02   0.86307715E-12   0.17261543E-11
 0.23880000E+02   0.84708979E-12   0.16941796E-11
 0.23900000E+02   0.83139974E-12   0.16627995E-11
 0.23920000E+02   0.81600145E-12   0.16320029E-11
 0.23940000E+02   0.80088947E-12   0.16017789E-11
 0.23960000E+02   0.78605846E-12   0.15721169E-11
 0.23980000E+02   0.77150316E-12   0.15430063E-11
 0.24000000E+02   0.75721844E-12   0.15144369E-11
 0.24020000E+02   0.74319923E-12   0.14863985E-11
 0.24040000E+02   0.72944059E-12   0.14588812E-11
 0.24060000E+02   0.71593765E-12   0.14318753E-11
 0.24080000E+02   0.70268564E-12   0.14053713E-11
 0.24100000E+02   0.68967988E-12   0.13793598E-11
 0.24120000E+02   0.67691576E-12   0.13538315E-11
 0.24140000E+02   0.66438879E-12   0.13287776E-11
 0.24160000E+02   0.65209454E-12   0.13041891E-11
 0.24180000E+02   0.64002867E-12   0.12800573E-11
 0.24200000E+02   0.62818691E-12   0.12563738E-11
 0.24220000E+02   0.61656509E-12   0.12331302E-11
 0.24240000E+02   0.60515911E-12   0.12103182E-11
 0.24260000E+02   0.59396494E-12   0.11879299E-11
 0.24280000E+02   0.58297862E-12   0.11659572E-11
 0.24300000E+02   0.57219630E-12   0.11443926E-11
 0.24320000E+02   0.56161415E-12   0.11232283E-11
 0.24340000E+02   0.55122846E-12   0.11024569E-11
 0.24360000E+02   0.54103556E-12   0.10820711E-11
 0.24380000E+02   0.53103185E-12   0.10620637E-11
 0.24400000E+02   0.52121381E-12   0.10424276E-11
 0.24420000E+02   0.51157798E-12   0.10231560E-11
 0.24440000E+02   0.50212096E-12   0.10042419E-11
 0.24460000E+02   0.49283943E-12   0.98567886E-12
 0.24480000E+02   0.48373011E-12   0.96746022E-12
 0.24500000E+02   0.47478979E-12   0.94957958E-12
 0.24520000E+02   0.46601533E-12   0.93203066E-12
 0.24540000E+02   0.45740364E-12   0.91480728E-12
 0.24560000E+02   0.44895168E-12   0.89790336E-12
 0.24580000E+02   0.44065648E-12   0.88131297E-12
 0.24600000E+02   0.43251513E-12   0.86503026E-12
 0.24620000E+02   0.42452475E-12   0.84904950E-12
 0.24640000E+02   0.41668254E-12   0.83336507E-12
 0.24660000E+02   0.40898573E-12   0.81797146E-12
 0.24680000E+02   0.40143163E-12   0.80286326E-12
 0.24700000E+02   0.39401757E-12   0.78803514E-12
 0.24720000E+02   0.38674095E-12   0.77348189E-12
 0.24740000E+02   0.37959920E-12   0.75919841E-12
 0.24760000E+02   0.37258983E-12   0.74517966E-12
 0.24780000E+02   0.36571036E-12   0.73142073E-12
 0.24800000E+02   0.35895839E-12   0.71791678E-12
 0.24820000E+02   0.35233153E-12   0.70466306E-12
 0.24840000E+02   0.34582746E-12   0.69165492E-12
 0.24860000E+02   0.33944390E-12   0.67888779E-12
 0.24880000E+02   0.33317860E-12   0.66635720E-12
 0.24900000E+02   0.32702936E-12   0.65405873E-12
 0.24920000E+02   0.32099404E-12   0.64198807E-12
 0.24940000E+02   0.31507050E-12   0.63014099E-12
 0.24960000E+02   0.30925666E-12   0.61851333E-12
 0.24980000E+02   0.30355050E-12   0.60710100E-12
 0.25000000E+02   0.29795001E-12   0.59590002E-12
 0.25020000E+02   0.29245322E-12   0.58490643E-12
 0.25040000E+02   0.28705820E-12   0.57411640E-12
 0.25060000E+02   0.28176307E-12   0.56352614E-12
 0.25080000E+02   0.27656597E-12   0.55313193E-12
 0.25100000E+02   0.27146507E-12   0.54293013E-12
 0.25120000E+02   0.26645859E-12   0.53291717E-12
 0.25140000E+02   0.26154477E-12   0.52308954E-12
 0.25160000E+02   0.25672189E-12   0.51344379E-12
 0.25180000E+02   0.25198827E-12   0.50397654E-12
 0.25200000E+02   0.24734224E-12   0.49468448E-12
 0.25220000E+02   0.24278218E-12   0.48556435E-12
 0.25240000E+02   0.23830648E-12   0.47661297E-12
 0.25260000E+02   0.23391359E-12   0.46782719E-12
 0.25280000E+02   0.22960197E-12   0.45920394E-12
 0.25300000E+02   0.22537010E-12   0.45074021E-12
 0.25320000E+02   0.22121651E-12   0.44243302E-12
 0.25340000E+02   0.21713974E-12   0.43427948E-12
 0.25360000E+02   0.21313837E-12   0.42627673E-12
 0.25380000E+02   0.20921099E-12   0.41842198E-12
 0.25400000E+02   0.20535623E-12   0.41071247E-12
 0.25420000E+02   0.20157275E-12   0.40314550E-12
 0.25440000E+02   0.19785922E-12   0.39571844E-12
 0.25460000E+02   0.19421435E-12   0.38842869E-12
 0.25480000E+02   0.19063685E-12   0.38127370E-12
 0.25500000E+02   0.18712548E-12   0.37425097E-12
 0.25520000E+02   0.18367902E-12   0.36735804E-12
 0.25540000E+02   0.18029625E-12   0.36059251E-12
 0.25560000E+02   0.17697600E-12   0.35395201E-12
 0.25580000E+02   0.17371711E-12   0.34743422E-12
 0.25600000E+02   0.17051844E-12   0.34103687E-12
 0.25620000E+02   0.16737886E-12   0.33475773E-12
 0.25640000E+02   0.16429730E-12   0.32859460E-12
 0.25660000E+02   0.16127266E-12   0.32254532E-12
 0.25680000E+02   0.15830390E-12   0.31660780E-12
 0.25700000E+02   0.15538998E-12   0.31077995E-12
 0.25720000E+02   0.15252988E-12   0.30505975E-12
 0.25740000E+02   0.14972260E-12   0.29944520E-12
 0.25760000E+02   0.14696716E-12   0.29393433E-12
 0.25780000E+02   0.14426262E-12   0.28852523E-12
 0.25800000E+02   0.14160801E-12   0.28321601E-12
 0.25820000E+02   0.13900241E-12   0.27800483E-12
 0.25840000E+02   0.13644493E-12   0.27288986E-12
 0.25860000E+02   0.13393466E-12   0.26786931E-12
 0.25880000E+02   0.13147073E-12   0.26294145E-12
 0.25900000E+02   0.12905228E-12   0.25810455E-12
 0.25920000E+02   0.12667847E-12   0.25335693E-12
 0.25940000E+02   0.12434847E-12   0.24869694E-12
 0.25960000E+02   0.12206147E-12   0.24412295E-12
 0.25980000E+02   0.11981668E-12   0.23963336E-12
 0.26000000E+02   0.11761331E-12   0.23522662E-12
 0.26020000E+02   0.11545060E-12   0.23090120E-12
 0.26040000E+02   0.11332779E-12   0.22665557E-12
 0.26060000E+02   0.11124414E-12   0.22248828E-12
 0.26080000E+02   0.10919893E-12   0.21839786E-12
 0.26100000E+02   0.10719145E-12   0.21438290E-12
 0.26120000E+02   0.10522099E-12   0.21044199E-12
 0.26140000E+02   0.10328688E-12   0.20657377E-12
 0.26160000E+02   0.10138844E-12   0.20277689E-12
 0.26180000E+02   0.99525014E-13   0.19905003E-12
 0.26200000E+02   0.97695946E-13   0.19539189E-12
 0.26220000E+02   0.95900605E-13   0.19180121E-12
 0.26240000E+02   0.94138366E-13   0.18827673E-12
 0.26260000E+02   0.92408616E-13   0.18481723E-12
 0.26280000E+02   0.90710756E-13   0.18142151E-12
 0.26300000E+02   0.89044193E-13   0.17808839E-12
 0.26320000E+02   0.87408351E-13   0.17481670E-12
 0.26340000E+02   0.85802660E-13   0.17160532E-12
 0.26360000E+02   0.84226562E-13   0.16845312E-12
 0.26380000E+02   0.82679511E-13   0.16535902E-12
 0.26400000E+02   0.81160969E-13   0.16232194E-12
 0.26420000E+02   0.79670409E-13   0.15934082E-12
 0.26440000E+02   0.78207313E-13   0.15641463E-12
 0.26460000E+02   0.76771174E-13   0.15354235E-12
 0.26480000E+02   0.75361493E-13   0.15072299E-12
 0.26500000E+02   0.73977782E-13   0.14795556E-12
 0.26520000E+02   0.72619559E-13   0.14523912E-12
 0.26540000E+02   0.71286354E-13   0.14257271E-12
 0.26560000E+02   0.69977705E-13   0.13995541E-12
 0.26580000E+02   0.68693158E-13   0.13738632E-12
 0.26600000E+02   0.67432266E-13   0.13486453E-12
 0.26620000E+02   0.66194594E-13   0.13238919E-12
 0.26640000E+02   0.64979711E-13   0.12995942E-12
 0.26660000E+02   0.63787198E-13   0.12757440E-12
 0.26680000E+02   0.62616640E-13   0.12523328E-12
 0.26700000E+02   0.61467632E-13   0.12293526E-12
 0.26720000E+02   0.60339776E-13   0.12067955E-12
 0.26740000E+02   0.59232681E-13   0.11846536E-12
 0.26760000E+02   0.58145963E-13   0.11629193E-12
 0.26780000E+02   0.57079247E-13   0.11415849E-12
 0.26800000E+02   0.56032163E-13   0.11206433E-12
 0.26820000E+02   0.55004349E-13   0.11000870E-12
 0.26840000E+02   0.53995448E-13   0.10799090E-12
 0.26860000E+02   0.53005111E-13   0.10601022E-12
 0.26880000E+02   0.52032996E-13   0.10406599E-12
 0.26900000E+02   0.51078766E-13   0.10215753E-12
 0.26920000E+02   0.50142091E-13   0.10028418E-12
 0.26940000E+02   0.49222647E-13   0.98445293E-13
 0.26960000E+02   0.48320116E-13   0.96640231E-13
 0.26980000E+02   0.47434185E-13   0.94868370E-13
 0.27000000E+02   0.46564549E-13   0.93129098E-13
 0.27020000E+02   0.45710907E-13   0.91421813E-13
 0.27040000E+02   0.44872963E-13   0.89745926E-13
 0.27060000E+02   0.44050428E-13   0.88100856E-13
 0.27080000E+02   0.43243017E-13   0.86486035E-13
 0.27100000E+02   0.42450453E-13   0.84900905E-13
 0.27120000E+02   0.41672459E-13   0.83344919E-13
 0.27140000E+02   0.40908769E-13   0.81817538E-13
 0.27160000E+02   0.40159117E-13   0.80318235E-13
 0.27180000E+02   0.39423246E-13   0.78846492E-13
 0.27200000E+02   0.38700901E-13   0.77401802E-13
 0.27220000E+02   0.37991832E-13   0.75983664E-13
 0.27240000E+02   0.37295795E-13   0.74591589E-13
 0.27260000E+02   0.36612549E-13   0.73225098E-13
 0.27280000E+02   0.35941858E-13   0.71883717E-13
 0.27300000E+02   0.35283492E-13   0.70566984E-13
 0.27320000E+02   0.34637223E-13   0.69274445E-13
 0.27340000E+02   0.34002827E-13   0.68005654E-13
 0.27360000E+02   0.33380086E-13   0.66760173E-13
 0.27380000E+02   0.32768786E-13   0.65537572E-13
 0.27400000E+02   0.32168715E-13   0.64337429E-13
 0.27420000E+02   0.31579666E-13   0.63159331E-13
 0.27440000E+02   0.31001436E-13   0.62002872E-13
 0.27460000E+02   0.30433826E-13   0.60867652E-13
 0.27480000E+02   0.29876640E-13   0.59753280E-13
 0.27500000E+02   0.29329686E-13   0.58659373E-13
 0.27520000E+02   0.28792776E-13   0.57585553E-13
 0.27540000E+02   0.28265725E-13   0.56531450E-13
 0.27560000E+02   0.27748350E-13   0.55496700E-13
 0.27580000E+02   0.27240474E-13   0.54480949E-13
 0.27600000E+02   0.26741922E-13   0.53483844E-13
 0.27620000E+02   0.26252522E-13   0.52505044E-13
 0.27640000E+02   0.25772105E-13   0.51544211E-13
 0.27660000E+02   0.25300507E-13   0.50601013E-13
 0.27680000E+02   0.24837564E-13   0.49675127E-13
 0.27700000E+02   0.24383117E-13   0.48766234E-13
 0.27720000E+02   0.23937010E-13   0.47874020E-13
 0.27740000E+02   0.23499090E-13   0.46998179E-13
 0.27760000E+02   0.23069205E-13   0.46138409E-13
 0.27780000E+02   0.22647207E-13   0.45294415E-13
 0.27800000E+02   0.22232953E-13   0.44465905E-13
 0.27820000E+02   0.21826298E-13   0.43652596E-13
 0.27840000E+02   0.21427103E-13   0.42854207E-13
 0.27860000E+02   0.21035232E-13   0.42070463E-13
 0.27880000E+02   0.20650548E-13   0.41301096E-13
 0.27900000E+02   0.20272920E-13   0.40545840E-13
 0.27920000E+02   0.19902218E-13   0.39804436E-13
 0.27940000E+02   0.19538315E-13   0.39076629E-13
 0.27960000E+02   0.19181085E-13   0.38362169E-13
 0.27980000E+02   0.18830405E-13   0.37660811E-13
 0.28000000E+02   0.18486156E-13   0.36972313E-13
 0.28020000E+02   0.18148219E-13   0.36296439E-13
 0.28040000E+02   0.17816478E-13   0.35632956E-13
 0.28060000E+02   0.17490819E-13   0.34981637E-13
 0.28080000E+02   0.17171129E-13   0.34342259E-13
 0.28100000E+02   0.16857300E-13   0.33714600E-13
 0.28120000E+02   0.16549224E-13   0.33098447E-13
 0.28140000E+02   0.16246794E-13   0.32493587E-13
 0.28160000E+02   0.15949907E-13   0.31899813E-13
 0.28180000E+02   0.15658461E-13   0.31316921E-13
 0.28200000E+02   0.15372356E-13   0.30744711E-13
 0.28220000E+02   0.15091493E-13   0.30182986E-13
 0.28240000E+02   0.14815777E-13   0.29631555E-13
 0.28260000E+02   0.14545113E-13   0.29090227E-13
 0.28280000E+02   0.14279408E-13   0.28558816E-13
 0.28300000E+02   0.14018571E-13   0.28037142E-13
 0.28320000E+02   0.13762512E-13   0.27525024E-13
 0.28340000E+02   0.13511144E-13   0.27022287E-13
 0.28360000E+02   0.13264380E-13   0.26528759E-13
 0.28380000E+02   0.13022136E-13   0.26044271E-13
 0.28400000E+02   0.12784328E-13   0.25568656E-13
 0.28420000E+02   0.12550876E-13   0.25101752E-13
 0.28440000E+02   0.12321699E-13   0.24643398E-13
 0.28460000E+02   0.12096719E-13   0.24193437E-13
 0.28480000E+02   0.11875858E-13   0.23751716E-13
 0.28500000E+02   0.11659041E-13   0.23318083E-13
 0.28520000E+02   0.11446194E-13   0.22892389E-13
 0.28540000E+02   0.11237244E-13   0.22474488E-13
 0.28560000E+02   0.11032119E-13   0.22064238E-13
 0.28580000E+02   0.10830749E-13   0.21661498E-13
 0.28600000E+02   0.10633065E-13   0.21266130E-13
 0.28620000E+02   0.10438999E-13   0.20877999E-13
 0.28640000E+02   0.10248486E-13   0.20496972E-13
 0.28660000E+02   0.10061459E-13   0.20122918E-13
 0.28680000E+02   0.98778545E-14   0.19755709E-13
 0.28700000E+02   0.96976102E-14   0.19395220E-13
 0.28720000E+02   0.95206640E-14   0.19041328E-13
 0.28740000E+02   0.93469556E-14   0.18693911E-13
 0.28760000E+02   0.91764254E-14   0.18352851E-13
 0.28780000E+02   0.90090151E-14   0.18018030E-13
 0.28800000E+02   0.88446676E-14   0.17689335E-13
 0.28820000E+02   0.86833265E-14   0.17366653E-13
 0.28840000E+02   0.85249368E-14   0.17049874E-13
 0.28860000E+02   0.83694443E-14   0.16738889E-13
 0.28880000E+02   0.82167958E-14   0.16433592E-13
 0.28900000E+02   0.80669391E-14   0.16133878E-13
 0.28920000E+02   0.79198231E-14   0.15839646E-13
 0.28940000E+02   0.77753975E-14   0.15550795E-13
 0.28960000E+02   0.76336130E-14   0.15267226E-13
 0.28980000E+02   0.74944210E-14   0.14988842E-13
 0.29000000E+02   0.73577740E-14   0.14715548E-13
 0.29020000E+02   0.72236255E-14   0.14447251E-13
 0.29040000E+02   0.70919295E-14   0.14183859E-13
 0.29060000E+02   0.69626411E-14   0.13925282E-13
 0.29080000E+02   0.68357161E-14   0.13671432E-13
 0.29100000E+02   0.67111113E-14   0.13422223E-13
 0.29120000E+02   0.65887840E-14   0.13177568E-13
 0.29140000E+02   0.64686926E-14   0.12937385E-13
 0.29160000E+02   0.63507960E-14   0.12701592E-13
 0.29180000E+02   0.62350540E-14   0.12470108E-13
 0.29200000E+02   0.61214272E-14   0.12242854E-13
 0.29220000E+02   0.60098767E-14   0.12019753E-13
 0.29240000E+02   0.59003646E-14   0.11800729E-13
 0.29260000E+02   0.57928534E-14   0.11585707E-13
 0.29280000E+02   0.56873064E-14   0.11374613E-13
 0.29300000E+02   0.55836878E-14   0.11167376E-13
 0.29320000E+02   0.54819621E-14   0.10963924E-13
 0.29340000E+02   0.53820948E-14   0.10764190E-13
 0.29360000E+02   0.52840516E-14   0.10568103E-13
 0.29380000E+02   0.51877993E-14   0.10375599E-13
 0.29400000E+02   0.50933050E-14   0.10186610E-13
 0.29420000E+02   0.50005365E-14   0.10001073E-13
 0.29440000E+02   0.49094622E-14   0.98189244E-14
 0.29460000E+02   0.48200511E-14   0.96401022E-14
 0.29480000E+02   0.47322727E-14   0.94645455E-14
 0.29500000E+02   0.46460972E-14   0.92921943E-14
 0.29520000E+02   0.45614951E-14   0.91229901E-14
 0.29540000E+02   0.44784376E-14   0.89568752E-14
 0.29560000E+02   0.43968965E-14   0.87937931E-14
 0.29580000E+02   0.43168441E-14   0.86336881E-14
 0.29600000E+02   0.42382529E-14   0.84765059E-14
 0.29620000E+02   0.41610964E-14   0.83221929E-14
 0.29640000E+02   0.40853483E-14   0.81706966E-14
 0.29660000E+02   0.40109827E-14   0.80219654E-14
 0.29680000E+02   0.39379743E-14   0.78759487E-14
 0.29700000E+02   0.38662984E-14   0.77325968E-14
 0.29720000E+02   0.37959305E-14   0.75918611E-14
 0.29740000E+02   0.37268467E-14   0.74536935E-14
 0.29760000E+02   0.36590235E-14   0.73180471E-14
 0.29780000E+02   0.35924379E-14   0.71848757E-14
 0.29800000E+02   0.35270671E-14   0.70541341E-14
 0.29820000E+02   0.34628889E-14   0.69257779E-14
 0.29840000E+02   0.33998816E-14   0.67997633E-14
 0.29860000E+02   0.33380238E-14   0.66760475E-14
 0.29880000E+02   0.32772943E-14   0.65545886E-14
 0.29900000E+02   0.32176725E-14   0.64353451E-14
 0.29920000E+02   0.31591383E-14   0.63182766E-14
 0.29940000E+02   0.31016716E-14   0.62033433E-14
 0.29960000E+02   0.30452531E-14   0.60905061E-14
 0.29980000E+02   0.29898634E-14   0.59797268E-14
 0.30000000E+02   0.29354838E-14   0.58709676E-14
 0.30020000E+02   0.28820958E-14   0.57641917E-14
 0.30040000E+02   0.28296813E-14   0.56593627E-14
 0.30060000E+02   0.27782225E-14   0.55564451E-14
 0.30080000E+02   0.27277019E-14   0.54554039E-14
 0.30100000E+02   0.26781024E-14   0.53562048E-14
 0.30120000E+02   0.26294071E-14   0.52588142E-14
 0.30140000E+02   0.25815995E-14   0.51631990E-14
 0.30160000E+02   0.25346633E-14   0.50693267E-14
 0.30180000E+02   0.24885827E-14   0.49771655E-14
 0.30200000E+02   0.24433420E-14   0.48866840E-14
 0.30220000E+02   0.23989258E-14   0.47978517E-14
 0.30240000E+02   0.23553192E-14   0.47106383E-14
 0.30260000E+02   0.23125072E-14   0.46250143E-14
 0.30280000E+02   0.22704753E-14   0.45409507E-14
 0.30300000E+02   0.22292094E-14   0.44584188E-14
 0.30320000E+02   0.21886954E-14   0.43773908E-14
 0.30340000E+02   0.21489196E-14   0.42978391E-14
 0.30360000E+02   0.21098684E-14   0.42197369E-14
 0.30380000E+02   0.20715288E-14   0.41430575E-14
 0.30400000E+02   0.20338875E-14   0.40677750E-14
 0.30420000E+02   0.19969320E-14   0.39938640E-14
 0.30440000E+02   0.19606496E-14   0.39212993E-14
 0.30460000E+02   0.19250282E-14   0.38500563E-14
 0.30480000E+02   0.18900555E-14   0.37801110E-14
 0.30500000E+02   0.18557198E-14   0.37114396E-14
 0.30520000E+02   0.18220094E-14   0.36440188E-14
 0.30540000E+02   0.17889129E-14   0.35778258E-14
 0.30560000E+02   0.17564191E-14   0.35128383E-14
 0.30580000E+02   0.17245171E-14   0.34490341E-14
 0.30600000E+02   0.16931959E-14   0.33863917E-14
 0.30620000E+02   0.16624449E-14   0.33248899E-14
 0.30640000E+02   0.16322539E-14   0.32645078E-14
 0.30660000E+02   0.16026125E-14   0.32052251E-14
 0.30680000E+02   0.15735108E-14   0.31470215E-14
 0.30700000E+02   0.15449388E-14   0.30898776E-14
 0.30720000E+02   0.15168869E-14   0.30337738E-14
 0.30740000E+02   0.14893456E-14   0.29786912E-14
 0.30760000E+02   0.14623056E-14   0.29246112E-14
 0.30780000E+02   0.14357578E-14   0.28715155E-14
 0.30800000E+02   0.14096931E-14   0.28193862E-14
 0.30820000E+02   0.13841027E-14   0.27682055E-14
 0.30840000E+02   0.13589781E-14   0.27179562E-14
 0.30860000E+02   0.13343106E-14   0.26686212E-14
 0.30880000E+02   0.13100920E-14   0.26201840E-14
 0.30900000E+02   0.12863141E-14   0.25726281E-14
 0.30920000E+02   0.12629687E-14   0.25259375E-14
 0.30940000E+02   0.12400481E-14   0.24800963E-14
 0.30960000E+02   0.12175445E-14   0.24350891E-14
 0.30980000E+02   0.11954503E-14   0.23909006E-14
 0.31000000E+02   0.11737580E-14   0.23475160E-14
 0.31020000E+02   0.11524603E-14   0.23049205E-14
 0.31040000E+02   0.11315499E-14   0.22630998E-14
 0.31060000E+02   0.11110199E-14   0.22220398E-14
 0.31080000E+02   0.10908633E-14   0.21817265E-14
 0.31100000E+02   0.10710732E-14   0.21421464E-14
 0.31120000E+02   0.10516430E-14   0.21032861E-14
 0.31140000E+02   0.10325662E-14   0.20651324E-14
 0.31160000E+02   0.10138363E-14   0.20276725E-14
 0.31180000E+02   0.99544687E-15   0.19908937E-14
 0.31200000E+02   0.97739186E-15   0.19547837E-14
 0.31220000E+02   0.95966510E-15   0.19193302E-14
 0.31240000E+02   0.94226063E-15   0.18845213E-14
 0.31260000E+02   0.92517256E-15   0.18503451E-14
 0.31280000E+02   0.90839513E-15   0.18167903E-14
 0.31300000E+02   0.89192267E-15   0.17838453E-14
 0.31320000E+02   0.87574964E-15   0.17514993E-14
 0.31340000E+02   0.85987057E-15   0.17197411E-14
 0.31360000E+02   0.84428011E-15   0.16885602E-14
 0.31380000E+02   0.82897299E-15   0.16579460E-14
 0.31400000E+02   0.81394406E-15   0.16278881E-14
 0.31420000E+02   0.79918825E-15   0.15983765E-14
 0.31440000E+02   0.78470057E-15   0.15694011E-14
 0.31460000E+02   0.77047616E-15   0.15409523E-14
 0.31480000E+02   0.75651020E-15   0.15130204E-14
 0.31500000E+02   0.74279800E-15   0.14855960E-14
 0.31520000E+02   0.72933492E-15   0.14586698E-14
 0.31540000E+02   0.71611644E-15   0.14322329E-14
 0.31560000E+02   0.70313809E-15   0.14062762E-14
 0.31580000E+02   0.69039551E-15   0.13807910E-14
 0.31600000E+02   0.67788440E-15   0.13557688E-14
 0.31620000E+02   0.66560055E-15   0.13312011E-14
 0.31640000E+02   0.65353981E-15   0.13070796E-14
 0.31660000E+02   0.64169813E-15   0.12833963E-14
 0.31680000E+02   0.63007151E-15   0.12601430E-14
 0.31700000E+02   0.61865604E-15   0.12373121E-14
 0.31720000E+02   0.60744788E-15   0.12148958E-14
 0.31740000E+02   0.59644325E-15   0.11928865E-14
 0.31760000E+02   0.58563845E-15   0.11712769E-14
 0.31780000E+02   0.57502983E-15   0.11500597E-14
 0.31800000E+02   0.56461384E-15   0.11292277E-14
 0.31820000E+02   0.55438695E-15   0.11087739E-14
 0.31840000E+02   0.54434574E-15   0.10886915E-14
 0.31860000E+02   0.53448682E-15   0.10689736E-14
 0.31880000E+02   0.52480687E-15   0.10496137E-14
 0.31900000E+02   0.51530264E-15   0.10306053E-14
 0.31920000E+02   0.50597093E-15   0.10119419E-14
 0.31940000E+02   0.49680859E-15   0.99361719E-15
 0.31960000E+02   0.48781256E-15   0.97562512E-15
 0.31980000E+02   0.47897980E-15   0.95795959E-15
 0.32000000E+02   0.47030733E-15   0.94061467E-15
 0.32020000E+02   0.46179226E-15   0.92358452E-15
 0.32040000E+02   0.45343170E-15   0.90686341E-15
 0.32060000E+02   0.44522286E-15   0.89044573E-15
 0.32080000E+02   0.43716297E-15   0.87432594E-15
 0.32100000E+02   0.42924932E-15   0.85849865E-15
 0.32120000E+02   0.42147926E-15   0.84295851E-15
 0.32140000E+02   0.41385016E-15   0.82770032E-15
 0.32160000E+02   0.40635947E-15   0.81271895E-15
 0.32180000E+02   0.39900468E-15   0.79800935E-15
 0.32200000E+02   0.39178330E-15   0.78356659E-15
 0.32220000E+02   0.38469291E-15   0.76938582E-15
 0.32240000E+02   0.37773113E-15   0.75546227E-15
 0.32260000E+02   0.37089563E-15   0.74179126E-15
 0.32280000E+02   0.36418411E-15   0.72836821E-15
 0.32300000E+02   0.35759430E-15   0.71518860E-15
 0.32320000E+02   0.35112401E-15   0.70224802E-15
 0.32340000E+02   0.34477105E-15   0.68954210E-15
 0.32360000E+02   0.33853330E-15   0.67706660E-15
 0.32380000E+02   0.33240866E-15   0.66481732E-15
 0.32400000E+02   0.32639507E-15   0.65279014E-15
 0.32420000E+02   0.32049052E-15   0.64098104E-15
 0.32440000E+02   0.31469302E-15   0.62938604E-15
 0.32460000E+02   0.30900063E-15   0.61800126E-15
 0.32480000E+02   0.30341144E-15   0.60682288E-15
 0.32500000E+02   0.29792357E-15   0.59584714E-15
 0.32520000E+02   0.29253518E-15   0.58507037E-15
 0.32540000E+02   0.28724447E-15   0.57448894E-15
 0.32560000E+02   0.28204966E-15   0.56409932E-15
 0.32580000E+02   0.27694900E-15   0.55389801E-15
 0.32600000E+02   0.27194079E-15   0.54388159E-15
 0.32620000E+02   0.26702335E-15   0.53404670E-15
 0.32640000E+02   0.26219503E-15   0.52439006E-15
 0.32660000E+02   0.25745420E-15   0.51490841E-15
 0.32680000E+02   0.25279929E-15   0.50559858E-15
 0.32700000E+02   0.24822872E-15   0.49645744E-15
 0.32720000E+02   0.24374097E-15   0.48748195E-15
 0.32740000E+02   0.23933454E-15   0.47866908E-15
 0.32760000E+02   0.23500794E-15   0.47001588E-15
 0.32780000E+02   0.23075973E-15   0.46151946E-15
 0.32800000E+02   0.22658848E-15   0.45317696E-15
 0.32820000E+02   0.22249280E-15   0.44498559E-15
 0.32840000E+02   0.21847131E-15   0.43694261E-15
 0.32860000E+02   0.21452266E-15   0.42904533E-15
 0.32880000E+02   0.21064554E-15   0.42129109E-15
 0.32900000E+02   0.20683865E-15   0.41367730E-15
 0.32920000E+02   0.20310070E-15   0.40620141E-15
 0.32940000E+02   0.19943046E-15   0.39886092E-15
 0.32960000E+02   0.19582668E-15   0.39165337E-15
 0.32980000E+02   0.19228817E-15   0.38457634E-15
 0.33000000E+02   0.18881374E-15   0.37762747E-15
 0.33020000E+02   0.18540222E-15   0.37080443E-15
 0.33040000E+02   0.18205247E-15   0.36410494E-15
 0.33060000E+02   0.17876338E-15   0.35752675E-15
 0.33080000E+02   0.17553384E-15   0.35106767E-15
 0.33100000E+02   0.17236276E-15   0.34472553E-15
 0.33120000E+02   0.16924910E-15   0.33849821E-15
 0.33140000E+02   0.16619181E-15   0.33238362E-15
 0.33160000E+02   0.16318986E-15   0.32637973E-15
 0.33180000E+02   0.16024226E-15   0.32048452E-15
 0.33200000E+02   0.15734801E-15   0.31469601E-15
 0.33220000E+02   0.15450614E-15   0.30901229E-15
 0.33240000E+02   0.15171572E-15   0.30343143E-15
 0.33260000E+02   0.14897579E-15   0.29795159E-15
 0.33280000E+02   0.14628546E-15   0.29257092E-15
 0.33300000E+02   0.14364381E-15   0.28728763E-15
 0.33320000E+02   0.14104997E-15   0.28209994E-15
 0.33340000E+02   0.13850307E-15   0.27700613E-15
 0.33360000E+02   0.13600225E-15   0.27200450E-15
 0.33380000E+02   0.13354668E-15   0.26709337E-15
 0.33400000E+02   0.13113555E-15   0.26227109E-15
 0.33420000E+02   0.12876804E-15   0.25753607E-15
 0.33440000E+02   0.12644336E-15   0.25288671E-15
 0.33460000E+02   0.12416074E-15   0.24832147E-15
 0.33480000E+02   0.12191941E-15   0.24383882E-15
 0.33500000E+02   0.11971863E-15   0.23943725E-15
 0.33520000E+02   0.11755766E-15   0.23511531E-15
 0.33540000E+02   0.11543577E-15   0.23087155E-15
 0.33560000E+02   0.11335227E-15   0.22670454E-15
 0.33580000E+02   0.11130645E-15   0.22261290E-15
 0.33600000E+02   0.10929763E-15   0.21859527E-15
 0.33620000E+02   0.10732515E-15   0.21465030E-15
 0.33640000E+02   0.10538833E-15   0.21077667E-15
 0.33660000E+02   0.10348654E-15   0.20697309E-15
 0.33680000E+02   0.10161914E-15   0.20323829E-15
 0.33700000E+02   0.99785512E-16   0.19957102E-15
 0.33720000E+02   0.97985036E-16   0.19597007E-15
 0.33740000E+02   0.96217114E-16   0.19243423E-15
 0.33760000E+02   0.94481157E-16   0.18896231E-15
 0.33780000E+02   0.92776585E-16   0.18555317E-15
 0.33800000E+02   0.91102830E-16   0.18220566E-15
 0.33820000E+02   0.89459333E-16   0.17891867E-15
 0.33840000E+02   0.87845547E-16   0.17569109E-15
 0.33860000E+02   0.86260932E-16   0.17252186E-15
 0.33880000E+02   0.84704961E-16   0.16940992E-15
 0.33900000E+02   0.83177114E-16   0.16635423E-15
 0.33920000E+02   0.81676882E-16   0.16335376E-15
 0.33940000E+02   0.80203765E-16   0.16040753E-15
 0.33960000E+02   0.78757272E-16   0.15751454E-15
 0.33980000E+02   0.77336921E-16   0.15467384E-15
 0.34000000E+02   0.75942237E-16   0.15188447E-15
 0.34020000E+02   0.74572756E-16   0.14914551E-15
 0.34040000E+02   0.73228023E-16   0.14645605E-15
 0.34060000E+02   0.71907587E-16   0.14381517E-15
 0.34080000E+02   0.70611011E-16   0.14122202E-15
 0.34100000E+02   0.69337861E-16   0.13867572E-15
 0.34120000E+02   0.68087713E-16   0.13617543E-15
 0.34140000E+02   0.66860151E-16   0.13372030E-15
 0.34160000E+02   0.65654766E-16   0.13130953E-15
 0.34180000E+02   0.64471156E-16   0.12894231E-15
 0.34200000E+02   0.63308928E-16   0.12661786E-15
 0.34220000E+02   0.62167694E-16   0.12433539E-15
 0.34240000E+02   0.61047073E-16   0.12209415E-15
 0.34260000E+02   0.59946694E-16   0.11989339E-15
 0.34280000E+02   0.58866190E-16   0.11773238E-15
 0.34300000E+02   0.57805200E-16   0.11561040E-15
 0.34320000E+02   0.56763372E-16   0.11352674E-15
 0.34340000E+02   0.55740358E-16   0.11148072E-15
 0.34360000E+02   0.54735819E-16   0.10947164E-15
 0.34380000E+02   0.53749420E-16   0.10749884E-15
 0.34400000E+02   0.52780833E-16   0.10556167E-15
 0.34420000E+02   0.51829735E-16   0.10365947E-15
 0.34440000E+02   0.50895810E-16   0.10179162E-15
 0.34460000E+02   0.49978747E-16   0.99957493E-16
 0.34480000E+02   0.49078241E-16   0.98156482E-16
 0.34500000E+02   0.48193993E-16   0.96387985E-16
 0.34520000E+02   0.47325708E-16   0.94651416E-16
 0.34540000E+02   0.46473098E-16   0.92946195E-16
 0.34560000E+02   0.45635878E-16   0.91271757E-16
 0.34580000E+02   0.44813772E-16   0.89627544E-16
 0.34600000E+02   0.44006505E-16   0.88013009E-16
 0.34620000E+02   0.43213808E-16   0.86427617E-16
 0.34640000E+02   0.42435419E-16   0.84870838E-16
 0.34660000E+02   0.41671079E-16   0.83342157E-16
 0.34680000E+02   0.40920532E-16   0.81841065E-16
 0.34700000E+02   0.40183531E-16   0.80367062E-16
 0.34720000E+02   0.39459830E-16   0.78919660E-16
 0.34740000E+02   0.38749188E-16   0.77498377E-16
 0.34760000E+02   0.38051370E-16   0.76102740E-16
 0.34780000E+02   0.37366143E-16   0.74732286E-16
 0.34800000E+02   0.36693280E-16   0.73386560E-16
 0.34820000E+02   0.36032557E-16   0.72065115E-16
 0.34840000E+02   0.35383755E-16   0.70767510E-16
 0.34860000E+02   0.34746658E-16   0.69493317E-16
 0.34880000E+02   0.34121055E-16   0.68242110E-16
 0.34900000E+02   0.33506738E-16   0.67013475E-16
 0.34920000E+02   0.32903502E-16   0.65807004E-16
 0.34940000E+02   0.32311148E-16   0.64622296E-16
 0.34960000E+02   0.31729479E-16   0.63458957E-16
 0.34980000E+02   0.31158301E-16   0.62316602E-16
 0.35000000E+02   0.30597426E-16   0.61194851E-16
 0.35020000E+02   0.30046666E-16   0.60093332E-16
 0.35040000E+02   0.29505839E-16   0.59011678E-16
 0.35060000E+02   0.28974766E-16   0.57949532E-16
 0.35080000E+02   0.28453270E-16   0.56906540E-16
 0.35100000E+02   0.27941178E-16   0.55882357E-16
 0.35120000E+02   0.27438321E-16   0.54876642E-16
 0.35140000E+02   0.26944531E-16   0.53889062E-16
 0.35160000E+02   0.26459644E-16   0.52919289E-16
 0.35180000E+02   0.25983501E-16   0.51967001E-16
 0.35200000E+02   0.25515942E-16   0.51031883E-16
 0.35220000E+02   0.25056812E-16   0.50113624E-16
 0.35240000E+02   0.24605960E-16   0.49211920E-16
 0.35260000E+02   0.24163236E-16   0.48326472E-16
 0.35280000E+02   0.23728493E-16   0.47456986E-16
 0.35300000E+02   0.23301586E-16   0.46603173E-16
 0.35320000E+02   0.22882375E-16   0.45764751E-16
 0.35340000E+02   0.22470721E-16   0.44941441E-16
 0.35360000E+02   0.22066486E-16   0.44132972E-16
 0.35380000E+02   0.21669537E-16   0.43339073E-16
 0.35400000E+02   0.21279742E-16   0.42559484E-16
 0.35420000E+02   0.20896972E-16   0.41793944E-16
 0.35440000E+02   0.20521100E-16   0.41042200E-16
 0.35460000E+02   0.20152002E-16   0.40304004E-16
 0.35480000E+02   0.19789555E-16   0.39579111E-16
 0.35500000E+02   0.19433640E-16   0.38867279E-16
 0.35520000E+02   0.19084137E-16   0.38168275E-16
 0.35540000E+02   0.18740932E-16   0.37481865E-16
 0.35560000E+02   0.18403911E-16   0.36807823E-16
 0.35580000E+02   0.18072962E-16   0.36145925E-16
 0.35600000E+02   0.17747976E-16   0.35495952E-16
 0.35620000E+02   0.17428844E-16   0.34857689E-16
 0.35640000E+02   0.17115462E-16   0.34230924E-16
 0.35660000E+02   0.16807725E-16   0.33615450E-16
 0.35680000E+02   0.16505532E-16   0.33011063E-16
 0.35700000E+02   0.16208782E-16   0.32417563E-16
 0.35720000E+02   0.15917377E-16   0.31834754E-16
 0.35740000E+02   0.15631221E-16   0.31262442E-16
 0.35760000E+02   0.15350219E-16   0.30700438E-16
 0.35780000E+02   0.15074278E-16   0.30148555E-16
 0.35800000E+02   0.14803306E-16   0.29606613E-16
 0.35820000E+02   0.14537215E-16   0.29074430E-16
 0.35840000E+02   0.14275915E-16   0.28551831E-16
 0.35860000E+02   0.14019321E-16   0.28038643E-16
 0.35880000E+02   0.13767348E-16   0.27534696E-16
 0.35900000E+02   0.13519912E-16   0.27039824E-16
 0.35920000E+02   0.13276931E-16   0.26553862E-16
 0.35940000E+02   0.13038325E-16   0.26076650E-16
 0.35960000E+02   0.12804015E-16   0.25608030E-16
 0.35980000E+02   0.12573924E-16   0.25147847E-16
 0.36000000E+02   0.12347975E-16   0.24695949E-16
 0.36020000E+02   0.12126093E-16   0.24252187E-16
 0.36040000E+02   0.11908206E-16   0.23816413E-16
 0.36060000E+02   0.11694242E-16   0.23388484E-16
 0.36080000E+02   0.11484129E-16   0.22968258E-16
 0.36100000E+02   0.11277798E-16   0.22555596E-16
 0.36120000E+02   0.11075181E-16   0.22150361E-16
 0.36140000E+02   0.10876210E-16   0.21752421E-16
 0.36160000E+02   0.10680821E-16   0.21361643E-16
 0.36180000E+02   0.10488949E-16   0.20977897E-16
 0.36200000E+02   0.10300529E-16   0.20601059E-16
 0.36220000E+02   0.10115501E-16   0.20231001E-16
 0.36240000E+02   0.99338019E-17   0.19867604E-16
 0.36260000E+02   0.97553727E-17   0.19510745E-16
 0.36280000E+02   0.95801543E-17   0.19160309E-16
 0.36300000E+02   0.94080888E-17   0.18816178E-16
 0.36320000E+02   0.92391193E-17   0.18478239E-16
 0.36340000E+02   0.90731899E-17   0.18146380E-16
 0.36360000E+02   0.89102460E-17   0.17820492E-16
 0.36380000E+02   0.87502336E-17   0.17500467E-16
 0.36400000E+02   0.85931000E-17   0.17186200E-16
 0.36420000E+02   0.84387932E-17   0.16877586E-16
 0.36440000E+02   0.82872623E-17   0.16574525E-16
 0.36460000E+02   0.81384573E-17   0.16276915E-16
 0.36480000E+02   0.79923290E-17   0.15984658E-16
 0.36500000E+02   0.78488292E-17   0.15697658E-16
 0.36520000E+02   0.77079105E-17   0.15415821E-16
 0.36540000E+02   0.75695265E-17   0.15139053E-16
 0.36560000E+02   0.74336313E-17   0.14867263E-16
 0.36580000E+02   0.73001803E-17   0.14600361E-16
 0.36600000E+02   0.71691293E-17   0.14338259E-16
 0.36620000E+02   0.70404351E-17   0.14080870E-16
 0.36640000E+02   0.69140552E-17   0.13828110E-16
 0.36660000E+02   0.67899480E-17   0.13579896E-16
 0.36680000E+02   0.66680725E-17   0.13336145E-16
 0.36700000E+02   0.65483884E-17   0.13096777E-16
 0.36720000E+02   0.64308564E-17   0.12861713E-16
 0.36740000E+02   0.63154376E-17   0.12630875E-16
 0.36760000E+02   0.62020939E-17   0.12404188E-16
 0.36780000E+02   0.60907881E-17   0.12181576E-16
 0.36800000E+02   0.59814833E-17   0.11962967E-16
 0.36820000E+02   0.58741436E-17   0.11748287E-16
 0.36840000E+02   0.57687336E-17   0.11537467E-16
 0.36860000E+02   0.56652184E-17   0.11330437E-16
 0.36880000E+02   0.55635640E-17   0.11127128E-16
 0.36900000E+02   0.54637369E-17   0.10927474E-16
 0.36920000E+02   0.53657041E-17   0.10731408E-16
 0.36940000E+02   0.52694334E-17   0.10538867E-16
 0.36960000E+02   0.51748930E-17   0.10349786E-16
 0.36980000E+02   0.50820517E-17   0.10164103E-16
 0.37000000E+02   0.49908790E-17   0.99817579E-17
 0.37020000E+02   0.49013448E-17   0.98026895E-17
 0.37040000E+02   0.48134196E-17   0.96268392E-17
 0.37060000E+02   0.47270744E-17   0.94541489E-17
 0.37080000E+02   0.46422809E-17   0.92845618E-17
 0.37100000E+02   0.45590110E-17   0.91180221E-17
 0.37120000E+02   0.44772374E-17   0.89544748E-17
 0.37140000E+02   0.43969331E-17   0.87938661E-17
 0.37160000E+02   0.43180716E-17   0.86361431E-17
 0.37180000E+02   0.42406270E-17   0.84812539E-17
 0.37200000E+02   0.41645738E-17   0.83291475E-17
 0.37220000E+02   0.40898869E-17   0.81797737E-17
 0.37240000E+02   0.40165417E-17   0.80330835E-17
 0.37260000E+02   0.39445142E-17   0.78890284E-17
 0.37280000E+02   0.38737805E-17   0.77475610E-17
 0.37300000E+02   0.38043174E-17   0.76086349E-17
 0.37320000E+02   0.37361021E-17   0.74722042E-17
 0.37340000E+02   0.36691121E-17   0.73382241E-17
 0.37360000E+02   0.36033252E-17   0.72066505E-17
 0.37380000E+02   0.35387200E-17   0.70774400E-17
 0.37400000E+02   0.34752751E-17   0.69505501E-17
 0.37420000E+02   0.34129696E-17   0.68259392E-17
 0.37440000E+02   0.33517830E-17   0.67035661E-17
 0.37460000E+02   0.32916953E-17   0.65833906E-17
 0.37480000E+02   0.32326866E-17   0.64653732E-17
 0.37500000E+02   0.31747375E-17   0.63494751E-17
 0.37520000E+02   0.31178291E-17   0.62356581E-17
 0.37540000E+02   0.30619424E-17   0.61238848E-17
 0.37560000E+02   0.30070592E-17   0.60141185E-17
 0.37580000E+02   0.29531615E-17   0.59063229E-17
 0.37600000E+02   0.29002314E-17   0.58004628E-17
 0.37620000E+02   0.28482516E-17   0.56965032E-17
 0.37640000E+02   0.27972050E-17   0.55944101E-17
 0.37660000E+02   0.27470749E-17   0.54941497E-17
 0.37680000E+02   0.26978446E-17   0.53956892E-17
 0.37700000E+02   0.26494981E-17   0.52989962E-17
 0.37720000E+02   0.26020195E-17   0.52040389E-17
 0.37740000E+02   0.25553931E-17   0.51107862E-17
 0.37760000E+02   0.25096036E-17   0.50192072E-17
 0.37780000E+02   0.24646360E-17   0.49292720E-17
 0.37800000E+02   0.24204755E-17   0.48409510E-17
 0.37820000E+02   0.23771076E-17   0.47542152E-17
 0.37840000E+02   0.23345180E-17   0.46690360E-17
 0.37860000E+02   0.22926927E-17   0.45853855E-17
 0.37880000E+02   0.22516181E-17   0.45032362E-17
 0.37900000E+02   0.22112806E-17   0.44225611E-17
 0.37920000E+02   0.21716669E-17   0.43433337E-17
 0.37940000E+02   0.21327640E-17   0.42655280E-17
 0.37960000E+02   0.20945592E-17   0.41891184E-17
 0.37980000E+02   0.20570399E-17   0.41140799E-17
 0.38000000E+02   0.20201939E-17   0.40403877E-17
 0.38020000E+02   0.19840089E-17   0.39680178E-17
 0.38040000E+02   0.19484731E-17   0.38969462E-17
 0.38060000E+02   0.19135749E-17   0.38271497E-17
 0.38080000E+02   0.18793027E-17   0.37586054E-17
 0.38100000E+02   0.18456454E-17   0.36912908E-17
 0.38120000E+02   0.18125919E-17   0.36251837E-17
 0.38140000E+02   0.17801313E-17   0.35602625E-17
 0.38160000E+02   0.17482530E-17   0.34965059E-17
 0.38180000E+02   0.17169464E-17   0.34338929E-17
 0.38200000E+02   0.16862015E-17   0.33724030E-17
 0.38220000E+02   0.16560080E-17   0.33120159E-17
 0.38240000E+02   0.16263560E-17   0.32527120E-17
 0.38260000E+02   0.15972358E-17   0.31944717E-17
 0.38280000E+02   0.15686379E-17   0.31372759E-17
 0.38300000E+02   0.15405529E-17   0.30811058E-17
 0.38320000E+02   0.15129716E-17   0.30259431E-17
 0.38340000E+02   0.14858848E-17   0.29717696E-17
 0.38360000E+02   0.14592838E-17   0.29185676E-17
 0.38380000E+02   0.14331598E-17   0.28663195E-17
 0.38400000E+02   0.14075042E-17   0.28150084E-17
 0.38420000E+02   0.13823086E-17   0.27646173E-17
 0.38440000E+02   0.13575648E-17   0.27151296E-17
 0.38460000E+02   0.13332647E-17   0.26665293E-17
 0.38480000E+02   0.13094002E-17   0.26188004E-17
 0.38500000E+02   0.12859636E-17   0.25719271E-17
 0.38520000E+02   0.12629471E-17   0.25258942E-17
 0.38540000E+02   0.12403433E-17   0.24806865E-17
 0.38560000E+02   0.12181446E-17   0.24362893E-17
 0.38580000E+02   0.11963439E-17   0.23926879E-17
 0.38600000E+02   0.11749340E-17   0.23498681E-17
 0.38620000E+02   0.11539079E-17   0.23078158E-17
 0.38640000E+02   0.11332587E-17   0.22665173E-17
 0.38660000E+02   0.11129795E-17   0.22259591E-17
 0.38680000E+02   0.10930639E-17   0.21861278E-17
 0.38700000E+02   0.10735052E-17   0.21470103E-17
 0.38720000E+02   0.10542970E-17   0.21085940E-17
 0.38740000E+02   0.10354331E-17   0.20708661E-17
 0.38760000E+02   0.10169072E-17   0.20338144E-17
 0.38780000E+02   0.99871332E-18   0.19974266E-17
 0.38800000E+02   0.98084548E-18   0.19616910E-17
 0.38820000E+02   0.96329782E-18   0.19265956E-17
 0.38840000E+02   0.94606460E-18   0.18921292E-17
 0.38860000E+02   0.92914018E-18   0.18582804E-17
 0.38880000E+02   0.91251900E-18   0.18250380E-17
 0.38900000E+02   0.89619562E-18   0.17923912E-17
 0.38920000E+02   0.88016471E-18   0.17603294E-17
 0.38940000E+02   0.86442102E-18   0.17288420E-17
 0.38960000E+02   0.84895938E-18   0.16979188E-17
 0.38980000E+02   0.83377474E-18   0.16675495E-17
 0.39000000E+02   0.81886212E-18   0.16377242E-17
 0.39020000E+02   0.80421665E-18   0.16084333E-17
 0.39040000E+02   0.78983354E-18   0.15796671E-17
 0.39060000E+02   0.77570806E-18   0.15514161E-17
 0.39080000E+02   0.76183561E-18   0.15236712E-17
 0.39100000E+02   0.74821164E-18   0.14964233E-17
 0.39120000E+02   0.73483169E-18   0.14696634E-17
 0.39140000E+02   0.72169138E-18   0.14433828E-17
 0.39160000E+02   0.70878643E-18   0.14175729E-17
 0.39180000E+02   0.69611259E-18   0.13922252E-17
 0.39200000E+02   0.68366574E-18   0.13673315E-17
 0.39220000E+02   0.67144179E-18   0.13428836E-17
 0.39240000E+02   0.65943674E-18   0.13188735E-17
 0.39260000E+02   0.64764668E-18   0.12952934E-17
 0.39280000E+02   0.63606774E-18   0.12721355E-17
 0.39300000E+02   0.62469614E-18   0.12493923E-17
 0.39320000E+02   0.61352816E-18   0.12270563E-17
 0.39340000E+02   0.60256015E-18   0.12051203E-17
 0.39360000E+02   0.59178851E-18   0.11835770E-17
 0.39380000E+02   0.58120974E-18   0.11624195E-17
 0.39400000E+02   0.57082036E-18   0.11416407E-17
 0.39420000E+02   0.56061699E-18   0.11212340E-17
 0.39440000E+02   0.55059629E-18   0.11011926E-17
 0.39460000E+02   0.54075497E-18   0.10815099E-17
 0.39480000E+02   0.53108984E-18   0.10621797E-17
 0.39500000E+02   0.52159772E-18   0.10431954E-17
 0.39520000E+02   0.51227551E-18   0.10245510E-17
 0.39540000E+02   0.50312018E-18   0.10062404E-17
 0.39560000E+02   0.49412872E-18   0.98825743E-18
 0.39580000E+02   0.48529819E-18   0.97059639E-18
 0.39600000E+02   0.47662573E-18   0.95325145E-18
 0.39620000E+02   0.46810847E-18   0.93621695E-18
 0.39640000E+02   0.45974366E-18   0.91948732E-18
 0.39660000E+02   0.45152855E-18   0.90305710E-18
 0.39680000E+02   0.44346046E-18   0.88692092E-18
 0.39700000E+02   0.43553676E-18   0.87107351E-18
 0.39720000E+02   0.42775485E-18   0.85550970E-18
 0.39740000E+02   0.42011220E-18   0.84022440E-18
 0.39760000E+02   0.41260631E-18   0.82521261E-18
 0.39780000E+02   0.40523472E-18   0.81046944E-18
 0.39800000E+02   0.39799504E-18   0.79599008E-18
 0.39820000E+02   0.39088489E-18   0.78176979E-18
 0.39840000E+02   0.38390196E-18   0.76780393E-18
 0.39860000E+02   0.37704397E-18   0.75408794E-18
 0.39880000E+02   0.37030867E-18   0.74061734E-18
 0.39900000E+02   0.36369387E-18   0.72738775E-18
 0.39920000E+02   0.35719742E-18   0.71439483E-18
 0.39940000E+02   0.35081717E-18   0.70163435E-18
 0.39960000E+02   0.34455107E-18   0.68910214E-18
 0.39980000E+02   0.33839706E-18   0.67679412E-18
 0.40000000E+02   0.33235313E-18   0.66470626E-18

